Connecting to port 23011
connected to simulation
simulation is explicitly stepped
Joint handles retrieved
[LOG] TransitionLogger initialized with ID: f3fb32f7-6c7b-4976-8005-709c6e29f096
[LOG] MongoDB connection established
[LOG] TransitionLogger initialized with ID: 06a1c38f-5eea-4fc9-bd66-f347434f30dc
[LOG] MongoDB connection established
Warmup not selected, attempting to build policy for informed exploration
USING STORM: False
Reading data from MongoDB...
Total option moiton param combinations 36
Collected combinations 36
Building state to idx mapping...
Building option ensembles...
pick_column0_top_0: Identifying enabled states...
pick_column0_top_0: Splitting up datasets...
pick_column0_top_0: Learning DBNS...
pick_column0_top_0: Building transition dicts for each DBN
pick_column0_top_0: Starting process for DBN 0
pick_column0_top_0: Starting process for DBN 1
pick_column0_top_0: Starting process for DBN 2
pick_column0_top_0: Starting process for DBN 3
pick_column0_top_0: Received dict for DBN 0
pick_column0_top_0: Received dict for DBN 2
pick_column0_top_0: Received dict for DBN 1
pick_column0_top_0: Received dict for DBN 3
pick_column0_top_0: Sampling transitions and computing reward
pick_column0_top_0: Building transition/reward matrices
pick_column0_left_0: Identifying enabled states...
pick_column0_left_0: Splitting up datasets...
pick_column0_left_0: Learning DBNS...
pick_column0_left_0: Building transition dicts for each DBN
pick_column0_left_0: Starting process for DBN 0
pick_column0_left_0: Starting process for DBN 1
pick_column0_left_0: Starting process for DBN 2
pick_column0_left_0: Starting process for DBN 3
pick_column0_left_0: Received dict for DBN 0
pick_column0_left_0: Received dict for DBN 1
pick_column0_left_0: Received dict for DBN 2
pick_column0_left_0: Received dict for DBN 3
pick_column0_left_0: Sampling transitions and computing reward
pick_column0_left_0: Building transition/reward matrices
pick_column0_right_0: Identifying enabled states...
pick_column0_right_0: Splitting up datasets...
pick_column0_right_0: Learning DBNS...
pick_column0_right_0: Building transition dicts for each DBN
pick_column0_right_0: Starting process for DBN 0
pick_column0_right_0: Starting process for DBN 1
pick_column0_right_0: Starting process for DBN 2
pick_column0_right_0: Starting process for DBN 3
pick_column0_right_0: Received dict for DBN 0
pick_column0_right_0: Received dict for DBN 1
pick_column0_right_0: Received dict for DBN 2
pick_column0_right_0: Received dict for DBN 3
pick_column0_right_0: Sampling transitions and computing reward
pick_column0_right_0: Building transition/reward matrices
pick_column0_front_270: Identifying enabled states...
pick_column0_front_270: Splitting up datasets...
pick_column0_front_270: Learning DBNS...
pick_column0_front_270: Building transition dicts for each DBN
pick_column0_front_270: Starting process for DBN 0
pick_column0_front_270: Starting process for DBN 1
pick_column0_front_270: Starting process for DBN 2
pick_column0_front_270: Starting process for DBN 3
pick_column0_front_270: Received dict for DBN 0
pick_column0_front_270: Received dict for DBN 1
pick_column0_front_270: Received dict for DBN 2
pick_column0_front_270: Received dict for DBN 3
pick_column0_front_270: Sampling transitions and computing reward
pick_column0_front_270: Building transition/reward matrices
pick_column1_top_0: Identifying enabled states...
pick_column1_top_0: Splitting up datasets...
pick_column1_top_0: Learning DBNS...
pick_column1_top_0: Building transition dicts for each DBN
pick_column1_top_0: Starting process for DBN 0
pick_column1_top_0: Starting process for DBN 1
pick_column1_top_0: Starting process for DBN 2
pick_column1_top_0: Starting process for DBN 3
pick_column1_top_0: Received dict for DBN 0
pick_column1_top_0: Received dict for DBN 1
pick_column1_top_0: Received dict for DBN 2
pick_column1_top_0: Received dict for DBN 3
pick_column1_top_0: Sampling transitions and computing reward
pick_column1_top_0: Building transition/reward matrices
pick_column1_left_0: Identifying enabled states...
pick_column1_left_0: Splitting up datasets...
pick_column1_left_0: Learning DBNS...
pick_column1_left_0: Building transition dicts for each DBN
pick_column1_left_0: Starting process for DBN 0
pick_column1_left_0: Starting process for DBN 1
pick_column1_left_0: Starting process for DBN 2
pick_column1_left_0: Starting process for DBN 3
pick_column1_left_0: Received dict for DBN 0
pick_column1_left_0: Received dict for DBN 2
pick_column1_left_0: Received dict for DBN 1
pick_column1_left_0: Received dict for DBN 3
pick_column1_left_0: Sampling transitions and computing reward
pick_column1_left_0: Building transition/reward matrices
pick_column1_right_0: Identifying enabled states...
pick_column1_right_0: Splitting up datasets...
pick_column1_right_0: Learning DBNS...
pick_column1_right_0: Building transition dicts for each DBN
pick_column1_right_0: Starting process for DBN 0
pick_column1_right_0: Starting process for DBN 1
pick_column1_right_0: Starting process for DBN 2
pick_column1_right_0: Starting process for DBN 3
pick_column1_right_0: Received dict for DBN 0
pick_column1_right_0: Received dict for DBN 2
pick_column1_right_0: Received dict for DBN 1
pick_column1_right_0: Received dict for DBN 3
pick_column1_right_0: Sampling transitions and computing reward
pick_column1_right_0: Building transition/reward matrices
pick_column1_front_270: Identifying enabled states...
pick_column1_front_270: Splitting up datasets...
pick_column1_front_270: Learning DBNS...
pick_column1_front_270: Building transition dicts for each DBN
pick_column1_front_270: Starting process for DBN 0
pick_column1_front_270: Starting process for DBN 1
pick_column1_front_270: Starting process for DBN 2
pick_column1_front_270: Starting process for DBN 3
pick_column1_front_270: Received dict for DBN 0
pick_column1_front_270: Received dict for DBN 1
pick_column1_front_270: Received dict for DBN 2
pick_column1_front_270: Received dict for DBN 3
pick_column1_front_270: Sampling transitions and computing reward
pick_column1_front_270: Building transition/reward matrices
pick_column2_top_0: Identifying enabled states...
pick_column2_top_0: Splitting up datasets...
pick_column2_top_0: Learning DBNS...
pick_column2_top_0: Building transition dicts for each DBN
pick_column2_top_0: Starting process for DBN 0
pick_column2_top_0: Starting process for DBN 1
pick_column2_top_0: Starting process for DBN 2
pick_column2_top_0: Starting process for DBN 3
pick_column2_top_0: Received dict for DBN 0
pick_column2_top_0: Received dict for DBN 1
pick_column2_top_0: Received dict for DBN 3
pick_column2_top_0: Received dict for DBN 2
pick_column2_top_0: Sampling transitions and computing reward
pick_column2_top_0: Building transition/reward matrices
pick_column2_left_0: Identifying enabled states...
pick_column2_left_0: Splitting up datasets...
pick_column2_left_0: Learning DBNS...
pick_column2_left_0: Building transition dicts for each DBN
pick_column2_left_0: Starting process for DBN 0
pick_column2_left_0: Starting process for DBN 1
pick_column2_left_0: Starting process for DBN 2
pick_column2_left_0: Starting process for DBN 3
pick_column2_left_0: Received dict for DBN 0
pick_column2_left_0: Received dict for DBN 1
pick_column2_left_0: Received dict for DBN 2
pick_column2_left_0: Received dict for DBN 3
pick_column2_left_0: Sampling transitions and computing reward
pick_column2_left_0: Building transition/reward matrices
pick_column2_right_0: Identifying enabled states...
pick_column2_right_0: Splitting up datasets...
pick_column2_right_0: Learning DBNS...
pick_column2_right_0: Building transition dicts for each DBN
pick_column2_right_0: Starting process for DBN 0
pick_column2_right_0: Starting process for DBN 1
pick_column2_right_0: Starting process for DBN 2
pick_column2_right_0: Starting process for DBN 3
pick_column2_right_0: Received dict for DBN 0
pick_column2_right_0: Received dict for DBN 1
pick_column2_right_0: Received dict for DBN 2
pick_column2_right_0: Received dict for DBN 3
pick_column2_right_0: Sampling transitions and computing reward
pick_column2_right_0: Building transition/reward matrices
pick_column2_front_270: Identifying enabled states...
pick_column2_front_270: Splitting up datasets...
pick_column2_front_270: Learning DBNS...
pick_column2_front_270: Building transition dicts for each DBN
pick_column2_front_270: Starting process for DBN 0
pick_column2_front_270: Starting process for DBN 1
pick_column2_front_270: Starting process for DBN 2
pick_column2_front_270: Starting process for DBN 3
pick_column2_front_270: Received dict for DBN 0
pick_column2_front_270: Received dict for DBN 1
pick_column2_front_270: Received dict for DBN 2
pick_column2_front_270: Received dict for DBN 3
pick_column2_front_270: Sampling transitions and computing reward
pick_column2_front_270: Building transition/reward matrices
place_goal_0_top_0: Identifying enabled states...
place_goal_0_top_0: Splitting up datasets...
place_goal_0_top_0: Learning DBNS...
place_goal_0_top_0: Building transition dicts for each DBN
place_goal_0_top_0: Starting process for DBN 0
place_goal_0_top_0: Starting process for DBN 1
place_goal_0_top_0: Starting process for DBN 2
place_goal_0_top_0: Starting process for DBN 3
place_goal_0_top_0: Received dict for DBN 3
place_goal_0_top_0: Received dict for DBN 0
place_goal_0_top_0: Received dict for DBN 1
place_goal_0_top_0: Received dict for DBN 2
place_goal_0_top_0: Sampling transitions and computing reward
place_goal_0_top_0: Building transition/reward matrices
place_goal_0_left_0: Identifying enabled states...
place_goal_0_left_0: Splitting up datasets...
place_goal_0_left_0: Learning DBNS...
place_goal_0_left_0: Building transition dicts for each DBN
place_goal_0_left_0: Starting process for DBN 0
place_goal_0_left_0: Starting process for DBN 1
place_goal_0_left_0: Starting process for DBN 2
place_goal_0_left_0: Starting process for DBN 3
place_goal_0_left_0: Received dict for DBN 0
place_goal_0_left_0: Received dict for DBN 1
place_goal_0_left_0: Received dict for DBN 2
place_goal_0_left_0: Received dict for DBN 3
place_goal_0_left_0: Sampling transitions and computing reward
place_goal_0_left_0: Building transition/reward matrices
place_goal_0_right_0: Identifying enabled states...
place_goal_0_right_0: Splitting up datasets...
place_goal_0_right_0: Learning DBNS...
place_goal_0_right_0: Building transition dicts for each DBN
place_goal_0_right_0: Starting process for DBN 0
place_goal_0_right_0: Starting process for DBN 1
place_goal_0_right_0: Starting process for DBN 2
place_goal_0_right_0: Starting process for DBN 3
place_goal_0_right_0: Received dict for DBN 0
place_goal_0_right_0: Received dict for DBN 1
place_goal_0_right_0: Received dict for DBN 2
place_goal_0_right_0: Received dict for DBN 3
place_goal_0_right_0: Sampling transitions and computing reward
place_goal_0_right_0: Building transition/reward matrices
place_goal_0_front_270: Identifying enabled states...
place_goal_0_front_270: Splitting up datasets...
place_goal_0_front_270: Learning DBNS...
place_goal_0_front_270: Building transition dicts for each DBN
place_goal_0_front_270: Starting process for DBN 0
place_goal_0_front_270: Starting process for DBN 1
place_goal_0_front_270: Starting process for DBN 2
place_goal_0_front_270: Starting process for DBN 3
place_goal_0_front_270: Received dict for DBN 0
place_goal_0_front_270: Received dict for DBN 1
place_goal_0_front_270: Received dict for DBN 2
place_goal_0_front_270: Received dict for DBN 3
place_goal_0_front_270: Sampling transitions and computing reward
place_goal_0_front_270: Building transition/reward matrices
place_goal_1_top_0: Identifying enabled states...
place_goal_1_top_0: Splitting up datasets...
place_goal_1_top_0: Learning DBNS...
place_goal_1_top_0: Building transition dicts for each DBN
place_goal_1_top_0: Starting process for DBN 0
place_goal_1_top_0: Starting process for DBN 1
place_goal_1_top_0: Starting process for DBN 2
place_goal_1_top_0: Starting process for DBN 3
place_goal_1_top_0: Received dict for DBN 0
place_goal_1_top_0: Received dict for DBN 1
place_goal_1_top_0: Received dict for DBN 2
place_goal_1_top_0: Received dict for DBN 3
place_goal_1_top_0: Sampling transitions and computing reward
place_goal_1_top_0: Building transition/reward matrices
place_goal_1_left_0: Identifying enabled states...
place_goal_1_left_0: Splitting up datasets...
place_goal_1_left_0: Learning DBNS...
place_goal_1_left_0: Building transition dicts for each DBN
place_goal_1_left_0: Starting process for DBN 0
place_goal_1_left_0: Starting process for DBN 1
place_goal_1_left_0: Starting process for DBN 2
place_goal_1_left_0: Starting process for DBN 3
place_goal_1_left_0: Received dict for DBN 0
place_goal_1_left_0: Received dict for DBN 1
place_goal_1_left_0: Received dict for DBN 2
place_goal_1_left_0: Received dict for DBN 3
place_goal_1_left_0: Sampling transitions and computing reward
place_goal_1_left_0: Building transition/reward matrices
place_goal_1_right_0: Identifying enabled states...
place_goal_1_right_0: Splitting up datasets...
place_goal_1_right_0: Learning DBNS...
place_goal_1_right_0: Building transition dicts for each DBN
place_goal_1_right_0: Starting process for DBN 0
place_goal_1_right_0: Starting process for DBN 1
place_goal_1_right_0: Starting process for DBN 2
place_goal_1_right_0: Starting process for DBN 3
place_goal_1_right_0: Received dict for DBN 1
place_goal_1_right_0: Received dict for DBN 3
place_goal_1_right_0: Received dict for DBN 0
place_goal_1_right_0: Received dict for DBN 2
place_goal_1_right_0: Sampling transitions and computing reward
place_goal_1_right_0: Building transition/reward matrices
place_goal_1_front_270: Identifying enabled states...
place_goal_1_front_270: Splitting up datasets...
place_goal_1_front_270: Learning DBNS...
place_goal_1_front_270: Building transition dicts for each DBN
place_goal_1_front_270: Starting process for DBN 0
place_goal_1_front_270: Starting process for DBN 1
place_goal_1_front_270: Starting process for DBN 2
place_goal_1_front_270: Starting process for DBN 3
place_goal_1_front_270: Received dict for DBN 3
place_goal_1_front_270: Received dict for DBN 0
place_goal_1_front_270: Received dict for DBN 1
place_goal_1_front_270: Received dict for DBN 2
place_goal_1_front_270: Sampling transitions and computing reward
place_goal_1_front_270: Building transition/reward matrices
place_goal_2_top_0: Identifying enabled states...
place_goal_2_top_0: Splitting up datasets...
place_goal_2_top_0: Learning DBNS...
place_goal_2_top_0: Building transition dicts for each DBN
place_goal_2_top_0: Starting process for DBN 0
place_goal_2_top_0: Starting process for DBN 1
place_goal_2_top_0: Starting process for DBN 2
place_goal_2_top_0: Starting process for DBN 3
place_goal_2_top_0: Received dict for DBN 0
place_goal_2_top_0: Received dict for DBN 1
place_goal_2_top_0: Received dict for DBN 2
place_goal_2_top_0: Received dict for DBN 3
place_goal_2_top_0: Sampling transitions and computing reward
place_goal_2_top_0: Building transition/reward matrices
place_goal_2_left_0: Identifying enabled states...
place_goal_2_left_0: Splitting up datasets...
place_goal_2_left_0: Learning DBNS...
place_goal_2_left_0: Building transition dicts for each DBN
place_goal_2_left_0: Starting process for DBN 0
place_goal_2_left_0: Starting process for DBN 1
place_goal_2_left_0: Starting process for DBN 2
place_goal_2_left_0: Starting process for DBN 3
place_goal_2_left_0: Received dict for DBN 0
place_goal_2_left_0: Received dict for DBN 1
place_goal_2_left_0: Received dict for DBN 2
place_goal_2_left_0: Received dict for DBN 3
place_goal_2_left_0: Sampling transitions and computing reward
place_goal_2_left_0: Building transition/reward matrices
place_goal_2_right_0: Identifying enabled states...
place_goal_2_right_0: Splitting up datasets...
place_goal_2_right_0: Learning DBNS...
place_goal_2_right_0: Building transition dicts for each DBN
place_goal_2_right_0: Starting process for DBN 0
place_goal_2_right_0: Starting process for DBN 1
place_goal_2_right_0: Starting process for DBN 2
place_goal_2_right_0: Starting process for DBN 3
place_goal_2_right_0: Received dict for DBN 1
place_goal_2_right_0: Received dict for DBN 0
place_goal_2_right_0: Received dict for DBN 2
place_goal_2_right_0: Received dict for DBN 3
place_goal_2_right_0: Sampling transitions and computing reward
place_goal_2_right_0: Building transition/reward matrices
place_goal_2_front_270: Identifying enabled states...
place_goal_2_front_270: Splitting up datasets...
place_goal_2_front_270: Learning DBNS...
place_goal_2_front_270: Building transition dicts for each DBN
place_goal_2_front_270: Starting process for DBN 0
place_goal_2_front_270: Starting process for DBN 1
place_goal_2_front_270: Starting process for DBN 2
place_goal_2_front_270: Starting process for DBN 3
place_goal_2_front_270: Received dict for DBN 0
place_goal_2_front_270: Received dict for DBN 1
place_goal_2_front_270: Received dict for DBN 2
place_goal_2_front_270: Received dict for DBN 3
place_goal_2_front_270: Sampling transitions and computing reward
place_goal_2_front_270: Building transition/reward matrices
place_region_0_top_0: Identifying enabled states...
place_region_0_top_0: Splitting up datasets...
place_region_0_top_0: Learning DBNS...
place_region_0_top_0: Building transition dicts for each DBN
place_region_0_top_0: Starting process for DBN 0
place_region_0_top_0: Starting process for DBN 1
place_region_0_top_0: Starting process for DBN 2
place_region_0_top_0: Starting process for DBN 3
place_region_0_top_0: Received dict for DBN 1
place_region_0_top_0: Received dict for DBN 0
place_region_0_top_0: Received dict for DBN 2
place_region_0_top_0: Received dict for DBN 3
place_region_0_top_0: Sampling transitions and computing reward
place_region_0_top_0: Building transition/reward matrices
place_region_0_left_0: Identifying enabled states...
place_region_0_left_0: Splitting up datasets...
place_region_0_left_0: Learning DBNS...
place_region_0_left_0: Building transition dicts for each DBN
place_region_0_left_0: Starting process for DBN 0
place_region_0_left_0: Starting process for DBN 1
place_region_0_left_0: Starting process for DBN 2
place_region_0_left_0: Starting process for DBN 3
place_region_0_left_0: Received dict for DBN 3
place_region_0_left_0: Received dict for DBN 1
place_region_0_left_0: Received dict for DBN 0
place_region_0_left_0: Received dict for DBN 2
place_region_0_left_0: Sampling transitions and computing reward
place_region_0_left_0: Building transition/reward matrices
place_region_0_right_0: Identifying enabled states...
place_region_0_right_0: Splitting up datasets...
place_region_0_right_0: Learning DBNS...
place_region_0_right_0: Building transition dicts for each DBN
place_region_0_right_0: Starting process for DBN 0
place_region_0_right_0: Starting process for DBN 1
place_region_0_right_0: Starting process for DBN 2
place_region_0_right_0: Starting process for DBN 3
place_region_0_right_0: Received dict for DBN 2
place_region_0_right_0: Received dict for DBN 0
place_region_0_right_0: Received dict for DBN 1
place_region_0_right_0: Received dict for DBN 3
place_region_0_right_0: Sampling transitions and computing reward
place_region_0_right_0: Building transition/reward matrices
place_region_0_front_270: Identifying enabled states...
place_region_0_front_270: Splitting up datasets...
place_region_0_front_270: Learning DBNS...
place_region_0_front_270: Building transition dicts for each DBN
place_region_0_front_270: Starting process for DBN 0
place_region_0_front_270: Starting process for DBN 1
place_region_0_front_270: Starting process for DBN 2
place_region_0_front_270: Starting process for DBN 3
place_region_0_front_270: Received dict for DBN 0
place_region_0_front_270: Received dict for DBN 1
place_region_0_front_270: Received dict for DBN 2
place_region_0_front_270: Received dict for DBN 3
place_region_0_front_270: Sampling transitions and computing reward
place_region_0_front_270: Building transition/reward matrices
place_region_1_top_0: Identifying enabled states...
place_region_1_top_0: Splitting up datasets...
place_region_1_top_0: Learning DBNS...
place_region_1_top_0: Building transition dicts for each DBN
place_region_1_top_0: Starting process for DBN 0
place_region_1_top_0: Starting process for DBN 1
place_region_1_top_0: Starting process for DBN 2
place_region_1_top_0: Starting process for DBN 3
place_region_1_top_0: Received dict for DBN 0
place_region_1_top_0: Received dict for DBN 1
place_region_1_top_0: Received dict for DBN 2
place_region_1_top_0: Received dict for DBN 3
place_region_1_top_0: Sampling transitions and computing reward
place_region_1_top_0: Building transition/reward matrices
place_region_1_left_0: Identifying enabled states...
place_region_1_left_0: Splitting up datasets...
place_region_1_left_0: Learning DBNS...
place_region_1_left_0: Building transition dicts for each DBN
place_region_1_left_0: Starting process for DBN 0
place_region_1_left_0: Starting process for DBN 1
place_region_1_left_0: Starting process for DBN 2
place_region_1_left_0: Starting process for DBN 3
place_region_1_left_0: Received dict for DBN 0
place_region_1_left_0: Received dict for DBN 1
place_region_1_left_0: Received dict for DBN 2
place_region_1_left_0: Received dict for DBN 3
place_region_1_left_0: Sampling transitions and computing reward
place_region_1_left_0: Building transition/reward matrices
place_region_1_right_0: Identifying enabled states...
place_region_1_right_0: Splitting up datasets...
place_region_1_right_0: Learning DBNS...
place_region_1_right_0: Building transition dicts for each DBN
place_region_1_right_0: Starting process for DBN 0
place_region_1_right_0: Starting process for DBN 1
place_region_1_right_0: Starting process for DBN 2
place_region_1_right_0: Starting process for DBN 3
place_region_1_right_0: Received dict for DBN 0
place_region_1_right_0: Received dict for DBN 1
place_region_1_right_0: Received dict for DBN 2
place_region_1_right_0: Received dict for DBN 3
place_region_1_right_0: Sampling transitions and computing reward
place_region_1_right_0: Building transition/reward matrices
place_region_1_front_270: Identifying enabled states...
place_region_1_front_270: Splitting up datasets...
place_region_1_front_270: Learning DBNS...
place_region_1_front_270: Building transition dicts for each DBN
place_region_1_front_270: Starting process for DBN 0
place_region_1_front_270: Starting process for DBN 1
place_region_1_front_270: Starting process for DBN 2
place_region_1_front_270: Starting process for DBN 3
place_region_1_front_270: Received dict for DBN 0
place_region_1_front_270: Received dict for DBN 1
place_region_1_front_270: Received dict for DBN 3
place_region_1_front_270: Received dict for DBN 2
place_region_1_front_270: Sampling transitions and computing reward
place_region_1_front_270: Building transition/reward matrices
place_region_2_top_0: Identifying enabled states...
place_region_2_top_0: Splitting up datasets...
place_region_2_top_0: Learning DBNS...
place_region_2_top_0: Building transition dicts for each DBN
place_region_2_top_0: Starting process for DBN 0
place_region_2_top_0: Starting process for DBN 1
place_region_2_top_0: Starting process for DBN 2
place_region_2_top_0: Starting process for DBN 3
place_region_2_top_0: Received dict for DBN 0
place_region_2_top_0: Received dict for DBN 2
place_region_2_top_0: Received dict for DBN 1
place_region_2_top_0: Received dict for DBN 3
place_region_2_top_0: Sampling transitions and computing reward
place_region_2_top_0: Building transition/reward matrices
place_region_2_left_0: Identifying enabled states...
place_region_2_left_0: Splitting up datasets...
place_region_2_left_0: Learning DBNS...
place_region_2_left_0: Building transition dicts for each DBN
place_region_2_left_0: Starting process for DBN 0
place_region_2_left_0: Starting process for DBN 1
place_region_2_left_0: Starting process for DBN 2
place_region_2_left_0: Starting process for DBN 3
place_region_2_left_0: Received dict for DBN 1
place_region_2_left_0: Received dict for DBN 0
place_region_2_left_0: Received dict for DBN 2
place_region_2_left_0: Received dict for DBN 3
place_region_2_left_0: Sampling transitions and computing reward
place_region_2_left_0: Building transition/reward matrices
place_region_2_right_0: Identifying enabled states...
place_region_2_right_0: Splitting up datasets...
place_region_2_right_0: Learning DBNS...
place_region_2_right_0: Building transition dicts for each DBN
place_region_2_right_0: Starting process for DBN 0
place_region_2_right_0: Starting process for DBN 1
place_region_2_right_0: Starting process for DBN 2
place_region_2_right_0: Starting process for DBN 3
place_region_2_right_0: Received dict for DBN 0
place_region_2_right_0: Received dict for DBN 1
place_region_2_right_0: Received dict for DBN 3
place_region_2_right_0: Received dict for DBN 2
place_region_2_right_0: Sampling transitions and computing reward
place_region_2_right_0: Building transition/reward matrices
place_region_2_front_270: Identifying enabled states...
place_region_2_front_270: Splitting up datasets...
place_region_2_front_270: Learning DBNS...
place_region_2_front_270: Building transition dicts for each DBN
place_region_2_front_270: Starting process for DBN 0
place_region_2_front_270: Starting process for DBN 1
place_region_2_front_270: Starting process for DBN 2
place_region_2_front_270: Starting process for DBN 3
place_region_2_front_270: Received dict for DBN 2
place_region_2_front_270: Received dict for DBN 0
place_region_2_front_270: Received dict for DBN 1
place_region_2_front_270: Received dict for DBN 3
place_region_2_front_270: Sampling transitions and computing reward
place_region_2_front_270: Building transition/reward matrices
Building MDP...
Synthesising Policy...
Solving MDP for timestep: 29
Solving MDP for timestep: 28
Solving MDP for timestep: 27
Solving MDP for timestep: 26
Solving MDP for timestep: 25
Solving MDP for timestep: 24
Solving MDP for timestep: 23
Solving MDP for timestep: 22
Solving MDP for timestep: 21
Solving MDP for timestep: 20
Solving MDP for timestep: 19
Solving MDP for timestep: 18
Solving MDP for timestep: 17
Solving MDP for timestep: 16
Solving MDP for timestep: 15
Solving MDP for timestep: 14
Solving MDP for timestep: 13
Solving MDP for timestep: 12
Solving MDP for timestep: 11
Solving MDP for timestep: 10
Solving MDP for timestep: 9
Solving MDP for timestep: 8
Solving MDP for timestep: 7
Solving MDP for timestep: 6
Solving MDP for timestep: 5
Solving MDP for timestep: 4
Solving MDP for timestep: 3
Solving MDP for timestep: 2
Solving MDP for timestep: 1
Solving MDP for timestep: 0
Informed collection will begin if selected
Resetting the scene for new episode
Step 0
policy value 1.2719205617904663
State(column0: region_0, column1: region_2, column2: region_1)
pick_column2_front_270
Action: Action(ActionType.PICK, obj=/column2, slot=None,grasp=GraspType.FRONT_270)
[EXEC] Picking /column2 with front_270

[INFO] Found 2176 potential configurations.
[WARN] No valid configuration found (all tested configs invalid).
[EXEC] Action ActionType.PICK executed in 2.86 seconds
[ERROR] Action ActionType.PICK failed for object /column2
Action duration: 0.001
[LOG] Transition logged to MongoDB: f3fb32f7-6c7b-4976-8005-709c6e29f096 - Episode 0
Action failed, stopping. Time elapsed: 0.001
Step 1
policy value 1.2184882164001465
State(column0: region_0, column1: region_2, column2: region_1)
pick_column2_front_270
Action: Action(ActionType.PICK, obj=/column2, slot=None,grasp=GraspType.FRONT_270)
[EXEC] Picking /column2 with front_270

[INFO] Found 2048 potential configurations.
[WARN] No valid configuration found (all tested configs invalid).
[EXEC] Action ActionType.PICK executed in 2.38 seconds
[ERROR] Action ActionType.PICK failed for object /column2
Action duration: 0.001
[LOG] Transition logged to MongoDB: f3fb32f7-6c7b-4976-8005-709c6e29f096 - Episode 0
Action failed, stopping. Time elapsed: 0.001
Step 2
policy value 1.165952444076538
State(column0: region_0, column1: region_2, column2: region_1)
pick_column2_front_270
Action: Action(ActionType.PICK, obj=/column2, slot=None,grasp=GraspType.FRONT_270)
[EXEC] Picking /column2 with front_270

[INFO] Found 2368 potential configurations.
[WARN] No valid configuration found (all tested configs invalid).
[EXEC] Action ActionType.PICK executed in 2.98 seconds
[ERROR] Action ActionType.PICK failed for object /column2
Action duration: 0.001
[LOG] Transition logged to MongoDB: f3fb32f7-6c7b-4976-8005-709c6e29f096 - Episode 0
Action failed, stopping. Time elapsed: 0.001
Step 3
policy value 1.1136537790298462
State(column0: region_0, column1: region_2, column2: region_1)
pick_column2_front_270
Action: Action(ActionType.PICK, obj=/column2, slot=None,grasp=GraspType.FRONT_270)
[EXEC] Picking /column2 with front_270

[INFO] Found 2304 potential configurations.
[WARN] No valid configuration found (all tested configs invalid).
[EXEC] Action ActionType.PICK executed in 2.84 seconds
[ERROR] Action ActionType.PICK failed for object /column2
Action duration: 0.001
[LOG] Transition logged to MongoDB: f3fb32f7-6c7b-4976-8005-709c6e29f096 - Episode 0
Action failed, stopping. Time elapsed: 0.001
Step 4
policy value 1.062340497970581
State(column0: region_0, column1: region_2, column2: region_1)
pick_column2_front_270
Action: Action(ActionType.PICK, obj=/column2, slot=None,grasp=GraspType.FRONT_270)
[EXEC] Picking /column2 with front_270

[INFO] Found 1280 potential configurations.
[WARN] No valid configuration found (all tested configs invalid).
[EXEC] Action ActionType.PICK executed in 1.87 seconds
[ERROR] Action ActionType.PICK failed for object /column2
Action duration: 0.001
[LOG] Transition logged to MongoDB: f3fb32f7-6c7b-4976-8005-709c6e29f096 - Episode 0
Action failed, stopping. Time elapsed: 0.001
Step 5
policy value 1.0113600492477417
State(column0: region_0, column1: region_2, column2: region_1)
pick_column2_front_270
Action: Action(ActionType.PICK, obj=/column2, slot=None,grasp=GraspType.FRONT_270)
[EXEC] Picking /column2 with front_270

[INFO] Found 2048 potential configurations.
[WARN] No valid configuration found (all tested configs invalid).
[EXEC] Action ActionType.PICK executed in 2.32 seconds
[ERROR] Action ActionType.PICK failed for object /column2
Action duration: 0.001
[LOG] Transition logged to MongoDB: f3fb32f7-6c7b-4976-8005-709c6e29f096 - Episode 0
Action failed, stopping. Time elapsed: 0.001
Too many failures, resetting episode
Episode 0 ended
Revising policy
USING STORM: False
Reading data from MongoDB...
Total option moiton param combinations 36
Collected combinations 36
Building state to idx mapping...
Building option ensembles...
pick_column0_top_0: Identifying enabled states...
pick_column0_top_0: Splitting up datasets...
pick_column0_top_0: Learning DBNS...
pick_column0_top_0: Building transition dicts for each DBN
pick_column0_top_0: Starting process for DBN 0
pick_column0_top_0: Starting process for DBN 1
pick_column0_top_0: Starting process for DBN 2
pick_column0_top_0: Starting process for DBN 3
pick_column0_top_0: Received dict for DBN 0
pick_column0_top_0: Received dict for DBN 1
pick_column0_top_0: Received dict for DBN 2
pick_column0_top_0: Received dict for DBN 3
pick_column0_top_0: Sampling transitions and computing reward
pick_column0_top_0: Building transition/reward matrices
pick_column0_left_0: Identifying enabled states...
pick_column0_left_0: Splitting up datasets...
pick_column0_left_0: Learning DBNS...
pick_column0_left_0: Building transition dicts for each DBN
pick_column0_left_0: Starting process for DBN 0
pick_column0_left_0: Starting process for DBN 1
pick_column0_left_0: Starting process for DBN 2
pick_column0_left_0: Starting process for DBN 3
pick_column0_left_0: Received dict for DBN 1
pick_column0_left_0: Received dict for DBN 0
pick_column0_left_0: Received dict for DBN 2
pick_column0_left_0: Received dict for DBN 3
pick_column0_left_0: Sampling transitions and computing reward
pick_column0_left_0: Building transition/reward matrices
pick_column0_right_0: Identifying enabled states...
pick_column0_right_0: Splitting up datasets...
pick_column0_right_0: Learning DBNS...
pick_column0_right_0: Building transition dicts for each DBN
pick_column0_right_0: Starting process for DBN 0
pick_column0_right_0: Starting process for DBN 1
pick_column0_right_0: Starting process for DBN 2
pick_column0_right_0: Starting process for DBN 3
pick_column0_right_0: Received dict for DBN 0
pick_column0_right_0: Received dict for DBN 1
pick_column0_right_0: Received dict for DBN 2
pick_column0_right_0: Received dict for DBN 3
pick_column0_right_0: Sampling transitions and computing reward
pick_column0_right_0: Building transition/reward matrices
pick_column0_front_270: Identifying enabled states...
pick_column0_front_270: Splitting up datasets...
pick_column0_front_270: Learning DBNS...
pick_column0_front_270: Building transition dicts for each DBN
pick_column0_front_270: Starting process for DBN 0
pick_column0_front_270: Starting process for DBN 1
pick_column0_front_270: Starting process for DBN 2
pick_column0_front_270: Starting process for DBN 3
pick_column0_front_270: Received dict for DBN 0
pick_column0_front_270: Received dict for DBN 1
pick_column0_front_270: Received dict for DBN 2
pick_column0_front_270: Received dict for DBN 3
pick_column0_front_270: Sampling transitions and computing reward
pick_column0_front_270: Building transition/reward matrices
pick_column1_top_0: Identifying enabled states...
pick_column1_top_0: Splitting up datasets...
pick_column1_top_0: Learning DBNS...
pick_column1_top_0: Building transition dicts for each DBN
pick_column1_top_0: Starting process for DBN 0
pick_column1_top_0: Starting process for DBN 1
pick_column1_top_0: Starting process for DBN 2
pick_column1_top_0: Starting process for DBN 3
pick_column1_top_0: Received dict for DBN 0
pick_column1_top_0: Received dict for DBN 1
pick_column1_top_0: Received dict for DBN 2
pick_column1_top_0: Received dict for DBN 3
pick_column1_top_0: Sampling transitions and computing reward
pick_column1_top_0: Building transition/reward matrices
pick_column1_left_0: Identifying enabled states...
pick_column1_left_0: Splitting up datasets...
pick_column1_left_0: Learning DBNS...
pick_column1_left_0: Building transition dicts for each DBN
pick_column1_left_0: Starting process for DBN 0
pick_column1_left_0: Starting process for DBN 1
pick_column1_left_0: Starting process for DBN 2
pick_column1_left_0: Starting process for DBN 3
pick_column1_left_0: Received dict for DBN 0
pick_column1_left_0: Received dict for DBN 1
pick_column1_left_0: Received dict for DBN 2
pick_column1_left_0: Received dict for DBN 3
pick_column1_left_0: Sampling transitions and computing reward
pick_column1_left_0: Building transition/reward matrices
pick_column1_right_0: Identifying enabled states...
pick_column1_right_0: Splitting up datasets...
pick_column1_right_0: Learning DBNS...
pick_column1_right_0: Building transition dicts for each DBN
pick_column1_right_0: Starting process for DBN 0
pick_column1_right_0: Starting process for DBN 1
pick_column1_right_0: Starting process for DBN 2
pick_column1_right_0: Starting process for DBN 3
pick_column1_right_0: Received dict for DBN 0
pick_column1_right_0: Received dict for DBN 1
pick_column1_right_0: Received dict for DBN 2
pick_column1_right_0: Received dict for DBN 3
pick_column1_right_0: Sampling transitions and computing reward
pick_column1_right_0: Building transition/reward matrices
pick_column1_front_270: Identifying enabled states...
pick_column1_front_270: Splitting up datasets...
pick_column1_front_270: Learning DBNS...
pick_column1_front_270: Building transition dicts for each DBN
pick_column1_front_270: Starting process for DBN 0
pick_column1_front_270: Starting process for DBN 1
pick_column1_front_270: Starting process for DBN 2
pick_column1_front_270: Starting process for DBN 3
pick_column1_front_270: Received dict for DBN 0
pick_column1_front_270: Received dict for DBN 1
pick_column1_front_270: Received dict for DBN 2
pick_column1_front_270: Received dict for DBN 3
pick_column1_front_270: Sampling transitions and computing reward
pick_column1_front_270: Building transition/reward matrices
pick_column2_top_0: Identifying enabled states...
pick_column2_top_0: Splitting up datasets...
pick_column2_top_0: Learning DBNS...
pick_column2_top_0: Building transition dicts for each DBN
pick_column2_top_0: Starting process for DBN 0
pick_column2_top_0: Starting process for DBN 1
pick_column2_top_0: Starting process for DBN 2
pick_column2_top_0: Starting process for DBN 3
pick_column2_top_0: Received dict for DBN 0
pick_column2_top_0: Received dict for DBN 1
pick_column2_top_0: Received dict for DBN 2
pick_column2_top_0: Received dict for DBN 3
pick_column2_top_0: Sampling transitions and computing reward
pick_column2_top_0: Building transition/reward matrices
pick_column2_left_0: Identifying enabled states...
pick_column2_left_0: Splitting up datasets...
pick_column2_left_0: Learning DBNS...
pick_column2_left_0: Building transition dicts for each DBN
pick_column2_left_0: Starting process for DBN 0
pick_column2_left_0: Starting process for DBN 1
pick_column2_left_0: Starting process for DBN 2
pick_column2_left_0: Starting process for DBN 3
pick_column2_left_0: Received dict for DBN 0
pick_column2_left_0: Received dict for DBN 1
pick_column2_left_0: Received dict for DBN 2
pick_column2_left_0: Received dict for DBN 3
pick_column2_left_0: Sampling transitions and computing reward
pick_column2_left_0: Building transition/reward matrices
pick_column2_right_0: Identifying enabled states...
pick_column2_right_0: Splitting up datasets...
pick_column2_right_0: Learning DBNS...
pick_column2_right_0: Building transition dicts for each DBN
pick_column2_right_0: Starting process for DBN 0
pick_column2_right_0: Starting process for DBN 1
pick_column2_right_0: Starting process for DBN 2
pick_column2_right_0: Starting process for DBN 3
pick_column2_right_0: Received dict for DBN 0
pick_column2_right_0: Received dict for DBN 1
pick_column2_right_0: Received dict for DBN 2
pick_column2_right_0: Received dict for DBN 3
pick_column2_right_0: Sampling transitions and computing reward
pick_column2_right_0: Building transition/reward matrices
pick_column2_front_270: Identifying enabled states...
pick_column2_front_270: Splitting up datasets...
pick_column2_front_270: Learning DBNS...
pick_column2_front_270: Building transition dicts for each DBN
pick_column2_front_270: Starting process for DBN 0
pick_column2_front_270: Starting process for DBN 1
pick_column2_front_270: Starting process for DBN 2
pick_column2_front_270: Starting process for DBN 3
pick_column2_front_270: Received dict for DBN 0
pick_column2_front_270: Received dict for DBN 1
pick_column2_front_270: Received dict for DBN 2
pick_column2_front_270: Received dict for DBN 3
pick_column2_front_270: Sampling transitions and computing reward
pick_column2_front_270: Building transition/reward matrices
place_goal_0_top_0: Identifying enabled states...
place_goal_0_top_0: Splitting up datasets...
place_goal_0_top_0: Learning DBNS...
place_goal_0_top_0: Building transition dicts for each DBN
place_goal_0_top_0: Starting process for DBN 0
place_goal_0_top_0: Starting process for DBN 1
place_goal_0_top_0: Starting process for DBN 2
place_goal_0_top_0: Starting process for DBN 3
place_goal_0_top_0: Received dict for DBN 0
place_goal_0_top_0: Received dict for DBN 1
place_goal_0_top_0: Received dict for DBN 2
place_goal_0_top_0: Received dict for DBN 3
place_goal_0_top_0: Sampling transitions and computing reward
place_goal_0_top_0: Building transition/reward matrices
place_goal_0_left_0: Identifying enabled states...
place_goal_0_left_0: Splitting up datasets...
place_goal_0_left_0: Learning DBNS...
place_goal_0_left_0: Building transition dicts for each DBN
place_goal_0_left_0: Starting process for DBN 0
place_goal_0_left_0: Starting process for DBN 1
place_goal_0_left_0: Starting process for DBN 2
place_goal_0_left_0: Starting process for DBN 3
place_goal_0_left_0: Received dict for DBN 0
place_goal_0_left_0: Received dict for DBN 1
place_goal_0_left_0: Received dict for DBN 2
place_goal_0_left_0: Received dict for DBN 3
place_goal_0_left_0: Sampling transitions and computing reward
place_goal_0_left_0: Building transition/reward matrices
place_goal_0_right_0: Identifying enabled states...
place_goal_0_right_0: Splitting up datasets...
place_goal_0_right_0: Learning DBNS...
place_goal_0_right_0: Building transition dicts for each DBN
place_goal_0_right_0: Starting process for DBN 0
place_goal_0_right_0: Starting process for DBN 1
place_goal_0_right_0: Starting process for DBN 2
place_goal_0_right_0: Starting process for DBN 3
place_goal_0_right_0: Received dict for DBN 0
place_goal_0_right_0: Received dict for DBN 1
place_goal_0_right_0: Received dict for DBN 2
place_goal_0_right_0: Received dict for DBN 3
place_goal_0_right_0: Sampling transitions and computing reward
place_goal_0_right_0: Building transition/reward matrices
place_goal_0_front_270: Identifying enabled states...
place_goal_0_front_270: Splitting up datasets...
place_goal_0_front_270: Learning DBNS...
place_goal_0_front_270: Building transition dicts for each DBN
place_goal_0_front_270: Starting process for DBN 0
place_goal_0_front_270: Starting process for DBN 1
place_goal_0_front_270: Starting process for DBN 2
place_goal_0_front_270: Starting process for DBN 3
place_goal_0_front_270: Received dict for DBN 0
place_goal_0_front_270: Received dict for DBN 1
place_goal_0_front_270: Received dict for DBN 2
place_goal_0_front_270: Received dict for DBN 3
place_goal_0_front_270: Sampling transitions and computing reward
place_goal_0_front_270: Building transition/reward matrices
place_goal_1_top_0: Identifying enabled states...
place_goal_1_top_0: Splitting up datasets...
place_goal_1_top_0: Learning DBNS...
place_goal_1_top_0: Building transition dicts for each DBN
place_goal_1_top_0: Starting process for DBN 0
place_goal_1_top_0: Starting process for DBN 1
place_goal_1_top_0: Starting process for DBN 2
place_goal_1_top_0: Starting process for DBN 3
place_goal_1_top_0: Received dict for DBN 1
place_goal_1_top_0: Received dict for DBN 0
place_goal_1_top_0: Received dict for DBN 2
place_goal_1_top_0: Received dict for DBN 3
place_goal_1_top_0: Sampling transitions and computing reward
place_goal_1_top_0: Building transition/reward matrices
place_goal_1_left_0: Identifying enabled states...
place_goal_1_left_0: Splitting up datasets...
place_goal_1_left_0: Learning DBNS...
place_goal_1_left_0: Building transition dicts for each DBN
place_goal_1_left_0: Starting process for DBN 0
place_goal_1_left_0: Starting process for DBN 1
place_goal_1_left_0: Starting process for DBN 2
place_goal_1_left_0: Starting process for DBN 3
place_goal_1_left_0: Received dict for DBN 0
place_goal_1_left_0: Received dict for DBN 1
place_goal_1_left_0: Received dict for DBN 2
place_goal_1_left_0: Received dict for DBN 3
place_goal_1_left_0: Sampling transitions and computing reward
place_goal_1_left_0: Building transition/reward matrices
place_goal_1_right_0: Identifying enabled states...
place_goal_1_right_0: Splitting up datasets...
place_goal_1_right_0: Learning DBNS...
place_goal_1_right_0: Building transition dicts for each DBN
place_goal_1_right_0: Starting process for DBN 0
place_goal_1_right_0: Starting process for DBN 1
place_goal_1_right_0: Starting process for DBN 2
place_goal_1_right_0: Starting process for DBN 3
place_goal_1_right_0: Received dict for DBN 0
place_goal_1_right_0: Received dict for DBN 2
place_goal_1_right_0: Received dict for DBN 1
place_goal_1_right_0: Received dict for DBN 3
place_goal_1_right_0: Sampling transitions and computing reward
place_goal_1_right_0: Building transition/reward matrices
place_goal_1_front_270: Identifying enabled states...
place_goal_1_front_270: Splitting up datasets...
place_goal_1_front_270: Learning DBNS...
place_goal_1_front_270: Building transition dicts for each DBN
place_goal_1_front_270: Starting process for DBN 0
place_goal_1_front_270: Starting process for DBN 1
place_goal_1_front_270: Starting process for DBN 2
place_goal_1_front_270: Starting process for DBN 3
place_goal_1_front_270: Received dict for DBN 0
place_goal_1_front_270: Received dict for DBN 1
place_goal_1_front_270: Received dict for DBN 2
place_goal_1_front_270: Received dict for DBN 3
place_goal_1_front_270: Sampling transitions and computing reward
place_goal_1_front_270: Building transition/reward matrices
place_goal_2_top_0: Identifying enabled states...
place_goal_2_top_0: Splitting up datasets...
place_goal_2_top_0: Learning DBNS...
place_goal_2_top_0: Building transition dicts for each DBN
place_goal_2_top_0: Starting process for DBN 0
place_goal_2_top_0: Starting process for DBN 1
place_goal_2_top_0: Starting process for DBN 2
place_goal_2_top_0: Starting process for DBN 3
place_goal_2_top_0: Received dict for DBN 0
place_goal_2_top_0: Received dict for DBN 1
place_goal_2_top_0: Received dict for DBN 2
place_goal_2_top_0: Received dict for DBN 3
place_goal_2_top_0: Sampling transitions and computing reward
place_goal_2_top_0: Building transition/reward matrices
place_goal_2_left_0: Identifying enabled states...
place_goal_2_left_0: Splitting up datasets...
place_goal_2_left_0: Learning DBNS...
place_goal_2_left_0: Building transition dicts for each DBN
place_goal_2_left_0: Starting process for DBN 0
place_goal_2_left_0: Starting process for DBN 1
place_goal_2_left_0: Starting process for DBN 2
place_goal_2_left_0: Starting process for DBN 3
place_goal_2_left_0: Received dict for DBN 0
place_goal_2_left_0: Received dict for DBN 1
place_goal_2_left_0: Received dict for DBN 2
place_goal_2_left_0: Received dict for DBN 3
place_goal_2_left_0: Sampling transitions and computing reward
place_goal_2_left_0: Building transition/reward matrices
place_goal_2_right_0: Identifying enabled states...
place_goal_2_right_0: Splitting up datasets...
place_goal_2_right_0: Learning DBNS...
place_goal_2_right_0: Building transition dicts for each DBN
place_goal_2_right_0: Starting process for DBN 0
place_goal_2_right_0: Starting process for DBN 1
place_goal_2_right_0: Starting process for DBN 2
place_goal_2_right_0: Starting process for DBN 3
place_goal_2_right_0: Received dict for DBN 0
place_goal_2_right_0: Received dict for DBN 1
place_goal_2_right_0: Received dict for DBN 2
place_goal_2_right_0: Received dict for DBN 3
place_goal_2_right_0: Sampling transitions and computing reward
place_goal_2_right_0: Building transition/reward matrices
place_goal_2_front_270: Identifying enabled states...
place_goal_2_front_270: Splitting up datasets...
place_goal_2_front_270: Learning DBNS...
place_goal_2_front_270: Building transition dicts for each DBN
place_goal_2_front_270: Starting process for DBN 0
place_goal_2_front_270: Starting process for DBN 1
place_goal_2_front_270: Starting process for DBN 2
place_goal_2_front_270: Starting process for DBN 3
place_goal_2_front_270: Received dict for DBN 0
place_goal_2_front_270: Received dict for DBN 1
place_goal_2_front_270: Received dict for DBN 2
place_goal_2_front_270: Received dict for DBN 3
place_goal_2_front_270: Sampling transitions and computing reward
place_goal_2_front_270: Building transition/reward matrices
place_region_0_top_0: Identifying enabled states...
place_region_0_top_0: Splitting up datasets...
place_region_0_top_0: Learning DBNS...
place_region_0_top_0: Building transition dicts for each DBN
place_region_0_top_0: Starting process for DBN 0
place_region_0_top_0: Starting process for DBN 1
place_region_0_top_0: Starting process for DBN 2
place_region_0_top_0: Starting process for DBN 3
place_region_0_top_0: Received dict for DBN 0
place_region_0_top_0: Received dict for DBN 1
place_region_0_top_0: Received dict for DBN 2
place_region_0_top_0: Received dict for DBN 3
place_region_0_top_0: Sampling transitions and computing reward
place_region_0_top_0: Building transition/reward matrices
place_region_0_left_0: Identifying enabled states...
place_region_0_left_0: Splitting up datasets...
place_region_0_left_0: Learning DBNS...
place_region_0_left_0: Building transition dicts for each DBN
place_region_0_left_0: Starting process for DBN 0
place_region_0_left_0: Starting process for DBN 1
place_region_0_left_0: Starting process for DBN 2
place_region_0_left_0: Starting process for DBN 3
place_region_0_left_0: Received dict for DBN 1
place_region_0_left_0: Received dict for DBN 0
place_region_0_left_0: Received dict for DBN 2
place_region_0_left_0: Received dict for DBN 3
place_region_0_left_0: Sampling transitions and computing reward
place_region_0_left_0: Building transition/reward matrices
place_region_0_right_0: Identifying enabled states...
place_region_0_right_0: Splitting up datasets...
place_region_0_right_0: Learning DBNS...
place_region_0_right_0: Building transition dicts for each DBN
place_region_0_right_0: Starting process for DBN 0
place_region_0_right_0: Starting process for DBN 1
place_region_0_right_0: Starting process for DBN 2
place_region_0_right_0: Starting process for DBN 3
place_region_0_right_0: Received dict for DBN 0
place_region_0_right_0: Received dict for DBN 2
place_region_0_right_0: Received dict for DBN 1
place_region_0_right_0: Received dict for DBN 3
place_region_0_right_0: Sampling transitions and computing reward
place_region_0_right_0: Building transition/reward matrices
place_region_0_front_270: Identifying enabled states...
place_region_0_front_270: Splitting up datasets...
place_region_0_front_270: Learning DBNS...
place_region_0_front_270: Building transition dicts for each DBN
place_region_0_front_270: Starting process for DBN 0
place_region_0_front_270: Starting process for DBN 1
place_region_0_front_270: Starting process for DBN 2
place_region_0_front_270: Starting process for DBN 3
place_region_0_front_270: Received dict for DBN 1
place_region_0_front_270: Received dict for DBN 0
place_region_0_front_270: Received dict for DBN 2
place_region_0_front_270: Received dict for DBN 3
place_region_0_front_270: Sampling transitions and computing reward
place_region_0_front_270: Building transition/reward matrices
place_region_1_top_0: Identifying enabled states...
place_region_1_top_0: Splitting up datasets...
place_region_1_top_0: Learning DBNS...
place_region_1_top_0: Building transition dicts for each DBN
place_region_1_top_0: Starting process for DBN 0
place_region_1_top_0: Starting process for DBN 1
place_region_1_top_0: Starting process for DBN 2
place_region_1_top_0: Starting process for DBN 3
place_region_1_top_0: Received dict for DBN 0
place_region_1_top_0: Received dict for DBN 1
place_region_1_top_0: Received dict for DBN 2
place_region_1_top_0: Received dict for DBN 3
place_region_1_top_0: Sampling transitions and computing reward
place_region_1_top_0: Building transition/reward matrices
place_region_1_left_0: Identifying enabled states...
place_region_1_left_0: Splitting up datasets...
place_region_1_left_0: Learning DBNS...
place_region_1_left_0: Building transition dicts for each DBN
place_region_1_left_0: Starting process for DBN 0
place_region_1_left_0: Starting process for DBN 1
place_region_1_left_0: Starting process for DBN 2
place_region_1_left_0: Starting process for DBN 3
place_region_1_left_0: Received dict for DBN 0
place_region_1_left_0: Received dict for DBN 1
place_region_1_left_0: Received dict for DBN 2
place_region_1_left_0: Received dict for DBN 3
place_region_1_left_0: Sampling transitions and computing reward
place_region_1_left_0: Building transition/reward matrices
place_region_1_right_0: Identifying enabled states...
place_region_1_right_0: Splitting up datasets...
place_region_1_right_0: Learning DBNS...
place_region_1_right_0: Building transition dicts for each DBN
place_region_1_right_0: Starting process for DBN 0
place_region_1_right_0: Starting process for DBN 1
place_region_1_right_0: Starting process for DBN 2
place_region_1_right_0: Starting process for DBN 3
place_region_1_right_0: Received dict for DBN 0
place_region_1_right_0: Received dict for DBN 1
place_region_1_right_0: Received dict for DBN 2
place_region_1_right_0: Received dict for DBN 3
place_region_1_right_0: Sampling transitions and computing reward
place_region_1_right_0: Building transition/reward matrices
place_region_1_front_270: Identifying enabled states...
place_region_1_front_270: Splitting up datasets...
place_region_1_front_270: Learning DBNS...
place_region_1_front_270: Building transition dicts for each DBN
place_region_1_front_270: Starting process for DBN 0
place_region_1_front_270: Starting process for DBN 1
place_region_1_front_270: Starting process for DBN 2
place_region_1_front_270: Starting process for DBN 3
place_region_1_front_270: Received dict for DBN 0
place_region_1_front_270: Received dict for DBN 1
place_region_1_front_270: Received dict for DBN 2
place_region_1_front_270: Received dict for DBN 3
place_region_1_front_270: Sampling transitions and computing reward
place_region_1_front_270: Building transition/reward matrices
place_region_2_top_0: Identifying enabled states...
place_region_2_top_0: Splitting up datasets...
place_region_2_top_0: Learning DBNS...
place_region_2_top_0: Building transition dicts for each DBN
place_region_2_top_0: Starting process for DBN 0
place_region_2_top_0: Starting process for DBN 1
place_region_2_top_0: Starting process for DBN 2
place_region_2_top_0: Starting process for DBN 3
place_region_2_top_0: Received dict for DBN 0
place_region_2_top_0: Received dict for DBN 1
place_region_2_top_0: Received dict for DBN 2
place_region_2_top_0: Received dict for DBN 3
place_region_2_top_0: Sampling transitions and computing reward
place_region_2_top_0: Building transition/reward matrices
place_region_2_left_0: Identifying enabled states...
place_region_2_left_0: Splitting up datasets...
place_region_2_left_0: Learning DBNS...
place_region_2_left_0: Building transition dicts for each DBN
place_region_2_left_0: Starting process for DBN 0
place_region_2_left_0: Starting process for DBN 1
place_region_2_left_0: Starting process for DBN 2
place_region_2_left_0: Starting process for DBN 3
place_region_2_left_0: Received dict for DBN 0
place_region_2_left_0: Received dict for DBN 1
place_region_2_left_0: Received dict for DBN 2
place_region_2_left_0: Received dict for DBN 3
place_region_2_left_0: Sampling transitions and computing reward
place_region_2_left_0: Building transition/reward matrices
place_region_2_right_0: Identifying enabled states...
place_region_2_right_0: Splitting up datasets...
place_region_2_right_0: Learning DBNS...
place_region_2_right_0: Building transition dicts for each DBN
place_region_2_right_0: Starting process for DBN 0
place_region_2_right_0: Starting process for DBN 1
place_region_2_right_0: Starting process for DBN 2
place_region_2_right_0: Starting process for DBN 3
place_region_2_right_0: Received dict for DBN 0
place_region_2_right_0: Received dict for DBN 1
place_region_2_right_0: Received dict for DBN 2
place_region_2_right_0: Received dict for DBN 3
place_region_2_right_0: Sampling transitions and computing reward
place_region_2_right_0: Building transition/reward matrices
place_region_2_front_270: Identifying enabled states...
place_region_2_front_270: Splitting up datasets...
place_region_2_front_270: Learning DBNS...
place_region_2_front_270: Building transition dicts for each DBN
place_region_2_front_270: Starting process for DBN 0
place_region_2_front_270: Starting process for DBN 1
place_region_2_front_270: Starting process for DBN 2
place_region_2_front_270: Starting process for DBN 3
place_region_2_front_270: Received dict for DBN 0
place_region_2_front_270: Received dict for DBN 1
place_region_2_front_270: Received dict for DBN 2
place_region_2_front_270: Received dict for DBN 3
place_region_2_front_270: Sampling transitions and computing reward
place_region_2_front_270: Building transition/reward matrices
Building MDP...
Synthesising Policy...
Solving MDP for timestep: 29
Solving MDP for timestep: 28
Solving MDP for timestep: 27
Solving MDP for timestep: 26
Solving MDP for timestep: 25
Solving MDP for timestep: 24
Solving MDP for timestep: 23
Solving MDP for timestep: 22
Solving MDP for timestep: 21
Solving MDP for timestep: 20
Solving MDP for timestep: 19
Solving MDP for timestep: 18
Solving MDP for timestep: 17
Solving MDP for timestep: 16
Solving MDP for timestep: 15
Solving MDP for timestep: 14
Solving MDP for timestep: 13
Solving MDP for timestep: 12
Solving MDP for timestep: 11
Solving MDP for timestep: 10
Solving MDP for timestep: 9
Solving MDP for timestep: 8
Solving MDP for timestep: 7
Solving MDP for timestep: 6
Solving MDP for timestep: 5
Solving MDP for timestep: 4
Solving MDP for timestep: 3
Solving MDP for timestep: 2
Solving MDP for timestep: 1
Solving MDP for timestep: 0
Resetting the scene for new episode
Step 0
policy value 1.2224987745285034
State(column0: region_0, column1: region_2, column2: region_1)
pick_column1_top_0
Action: Action(ActionType.PICK, obj=/column1, slot=None,grasp=GraspType.TOP_0)
[EXEC] Picking /column1 with top_0

[INFO] Found 1728 potential configurations.
[INFO] Motion completed successfully with result: success,in execution time: 3.84 seconds
[INFO] Found a reachable configuration for pick action after 1 attempts.
Tip distance after pick: 0.025648805640260862
[INFO] Pick action completed successfully.in execution time: 3.84 seconds
[EXEC] Action ActionType.PICK executed in 25.07 seconds
[SUCCESS] Action ActionType.PICK succeeded for object /column1
Action duration: 3.84
[LOG] Transition logged to MongoDB: f3fb32f7-6c7b-4976-8005-709c6e29f096 - Episode 0
Step 1
policy value 1.2224987745285034
State(column0: region_0, column1: held, column2: region_1)
place_goal_1_top_0
Action: Action(ActionType.PLACE, obj=/column1, slot=/goal_1,grasp=GraspType.TOP_0)
[EXEC] Placing at [-0.2749999999999999, 1.0750000000000006, 0.5] with grasp top_0

[INFO] Found 1408 potential configurations.
[INFO] Motion completed successfully with result: success,in execution time: 7.80 seconds
[INFO] Found a reachable configuration for place action after 1 attempts.
[INFO] Place action completed successfully.
realigning placed object /column1 to target position
[EXEC] Action ActionType.PLACE executed in 27.88 seconds
[SUCCESS] Action ActionType.PLACE succeeded for object /column1
Action duration: 7.7999999999998
[LOG] Transition logged to MongoDB: f3fb32f7-6c7b-4976-8005-709c6e29f096 - Episode 0
Step 2
policy value 1.2063109874725342
State(column0: region_0, column1: goal_1, column2: region_1)
pick_column0_top_0
Action: Action(ActionType.PICK, obj=/column0, slot=None,grasp=GraspType.TOP_0)
[EXEC] Picking /column0 with top_0

[INFO] Found 3136 potential configurations.
[INFO] Motion completed successfully with result: success,in execution time: 5.44 seconds
[INFO] Found a reachable configuration for pick action after 1 attempts.
Tip distance after pick: 0.02851306342135923
[INFO] Pick action completed successfully.in execution time: 5.44 seconds
[EXEC] Action ActionType.PICK executed in 26.76 seconds
[SUCCESS] Action ActionType.PICK succeeded for object /column0
Action duration: 5.4399999999999
[LOG] Transition logged to MongoDB: f3fb32f7-6c7b-4976-8005-709c6e29f096 - Episode 0
Step 3
policy value 1.2063109874725342
State(column0: held, column1: goal_1, column2: region_1)
place_region_2_front_270
Action: Action(ActionType.PLACE, obj=/column0, slot=/region_2,grasp=GraspType.FRONT_270)
[EXEC] Placing at [0.6, 0.80001, 0.5] with grasp front_270

[INFO] Found 3328 potential configurations.
[INFO] Motion completed successfully with result: success,in execution time: 4.24 seconds
[INFO] Found a reachable configuration for place action after 1 attempts.
[INFO] Place action completed successfully.
realigning placed object /column0 to target position
[EXEC] Action ActionType.PLACE executed in 20.88 seconds
[SUCCESS] Action ActionType.PLACE succeeded for object /column0
Action duration: 4.2399999999999
[LOG] Transition logged to MongoDB: f3fb32f7-6c7b-4976-8005-709c6e29f096 - Episode 0
Step 4
policy value 1.1033785343170166
State(column0: region_2, column1: goal_1, column2: region_1)
pick_column0_top_0
Action: Action(ActionType.PICK, obj=/column0, slot=None,grasp=GraspType.TOP_0)
[EXEC] Picking /column0 with top_0

[INFO] Found 1472 potential configurations.
[INFO] Motion completed successfully with result: success,in execution time: 4.24 seconds
[INFO] Found a reachable configuration for pick action after 1 attempts.
Tip distance after pick: 0.0268112920551935
[INFO] Pick action completed successfully.in execution time: 4.24 seconds
[EXEC] Action ActionType.PICK executed in 26.68 seconds
[SUCCESS] Action ActionType.PICK succeeded for object /column0
Action duration: 4.2399999999999
[LOG] Transition logged to MongoDB: f3fb32f7-6c7b-4976-8005-709c6e29f096 - Episode 0
Step 5
policy value 1.1033785343170166
State(column0: held, column1: goal_1, column2: region_1)
place_region_2_front_270
Action: Action(ActionType.PLACE, obj=/column0, slot=/region_2,grasp=GraspType.FRONT_270)
[EXEC] Placing at [0.6, 0.80001, 0.5] with grasp front_270

[INFO] Found 3136 potential configurations.
[INFO] Motion completed successfully with result: success,in execution time: 4.20 seconds
[INFO] Found a reachable configuration for place action after 1 attempts.
[INFO] Place action completed successfully.
realigning placed object /column0 to target position
[EXEC] Action ActionType.PLACE executed in 16.60 seconds
[SUCCESS] Action ActionType.PLACE succeeded for object /column0
Action duration: 4.2000000000007
[LOG] Transition logged to MongoDB: f3fb32f7-6c7b-4976-8005-709c6e29f096 - Episode 0
Step 6
policy value 1.0008307695388794
State(column0: region_2, column1: goal_1, column2: region_1)
pick_column0_top_0
Action: Action(ActionType.PICK, obj=/column0, slot=None,grasp=GraspType.TOP_0)
[EXEC] Picking /column0 with top_0

[INFO] Found 1472 potential configurations.
[INFO] Motion completed successfully with result: success,in execution time: 4.20 seconds
[INFO] Found a reachable configuration for pick action after 1 attempts.
Tip distance after pick: 0.02674709689042167
[INFO] Pick action completed successfully.in execution time: 4.20 seconds
[EXEC] Action ActionType.PICK executed in 17.43 seconds
[SUCCESS] Action ActionType.PICK succeeded for object /column0
Action duration: 4.2000000000007
[LOG] Transition logged to MongoDB: f3fb32f7-6c7b-4976-8005-709c6e29f096 - Episode 0
Step 7
policy value 1.0008307695388794
State(column0: held, column1: goal_1, column2: region_1)
place_region_2_front_270
Action: Action(ActionType.PLACE, obj=/column0, slot=/region_2,grasp=GraspType.FRONT_270)
[EXEC] Placing at [0.6, 0.80001, 0.5] with grasp front_270

[INFO] Found 2176 potential configurations.
[INFO] Motion completed successfully with result: success,in execution time: 4.20 seconds
[INFO] Found a reachable configuration for place action after 1 attempts.
[INFO] Place action completed successfully.
realigning placed object /column0 to target position
[EXEC] Action ActionType.PLACE executed in 31.74 seconds
[SUCCESS] Action ActionType.PLACE succeeded for object /column0
Action duration: 4.2000000000007
[LOG] Transition logged to MongoDB: f3fb32f7-6c7b-4976-8005-709c6e29f096 - Episode 0
Step 8
policy value 0.8988549709320068
State(column0: region_2, column1: goal_1, column2: region_1)
pick_column0_top_0
Action: Action(ActionType.PICK, obj=/column0, slot=None,grasp=GraspType.TOP_0)
[EXEC] Picking /column0 with top_0

[INFO] Found 768 potential configurations.
[INFO] Motion completed successfully with result: success,in execution time: 4.20 seconds
[INFO] Found a reachable configuration for pick action after 1 attempts.
Tip distance after pick: 0.026529939241297946
[INFO] Pick action completed successfully.in execution time: 4.20 seconds
[EXEC] Action ActionType.PICK executed in 18.79 seconds
[SUCCESS] Action ActionType.PICK succeeded for object /column0
Action duration: 4.2000000000007
[LOG] Transition logged to MongoDB: f3fb32f7-6c7b-4976-8005-709c6e29f096 - Episode 0
Step 9
policy value 0.8988549709320068
State(column0: held, column1: goal_1, column2: region_1)
place_region_2_front_270
Action: Action(ActionType.PLACE, obj=/column0, slot=/region_2,grasp=GraspType.FRONT_270)
[EXEC] Placing at [0.6, 0.80001, 0.5] with grasp front_270

[INFO] Found 3136 potential configurations.
[INFO] Motion completed successfully with result: success,in execution time: 4.24 seconds
[INFO] Found a reachable configuration for place action after 1 attempts.
[INFO] Place action completed successfully.
realigning placed object /column0 to target position
[EXEC] Action ActionType.PLACE executed in 19.37 seconds
[SUCCESS] Action ActionType.PLACE succeeded for object /column0
Action duration: 4.2400000000007
[LOG] Transition logged to MongoDB: f3fb32f7-6c7b-4976-8005-709c6e29f096 - Episode 0
Step 10
policy value 0.7977350354194641
State(column0: region_2, column1: goal_1, column2: region_1)
pick_column0_top_0
Action: Action(ActionType.PICK, obj=/column0, slot=None,grasp=GraspType.TOP_0)
[EXEC] Picking /column0 with top_0

[INFO] Found 1408 potential configurations.
[INFO] Motion completed successfully with result: success,in execution time: 4.24 seconds
[INFO] Found a reachable configuration for pick action after 1 attempts.
Tip distance after pick: 0.026945777091554782
[INFO] Pick action completed successfully.in execution time: 4.24 seconds
[EXEC] Action ActionType.PICK executed in 18.82 seconds
[SUCCESS] Action ActionType.PICK succeeded for object /column0
Action duration: 4.2399999999992
[LOG] Transition logged to MongoDB: f3fb32f7-6c7b-4976-8005-709c6e29f096 - Episode 0
Step 11
policy value 0.7977350354194641
State(column0: held, column1: goal_1, column2: region_1)
place_region_2_front_270
Action: Action(ActionType.PLACE, obj=/column0, slot=/region_2,grasp=GraspType.FRONT_270)
[EXEC] Placing at [0.6, 0.80001, 0.5] with grasp front_270

[INFO] Found 2880 potential configurations.
[INFO] Motion completed successfully with result: success,in execution time: 4.24 seconds
[INFO] Found a reachable configuration for place action after 1 attempts.
[INFO] Place action completed successfully.
realigning placed object /column0 to target position
[EXEC] Action ActionType.PLACE executed in 16.45 seconds
[SUCCESS] Action ActionType.PLACE succeeded for object /column0
Action duration: 4.2399999999992
[LOG] Transition logged to MongoDB: f3fb32f7-6c7b-4976-8005-709c6e29f096 - Episode 0
Step 12
policy value 0.697567880153656
State(column0: region_2, column1: goal_1, column2: region_1)
pick_column0_top_0
Action: Action(ActionType.PICK, obj=/column0, slot=None,grasp=GraspType.TOP_0)
[EXEC] Picking /column0 with top_0

[INFO] Found 1152 potential configurations.
[INFO] Motion completed successfully with result: success,in execution time: 4.24 seconds
[INFO] Found a reachable configuration for pick action after 1 attempts.
Tip distance after pick: 0.026540995686977202
[INFO] Pick action completed successfully.in execution time: 4.24 seconds
[EXEC] Action ActionType.PICK executed in 19.13 seconds
[SUCCESS] Action ActionType.PICK succeeded for object /column0
Action duration: 4.2399999999992
[LOG] Transition logged to MongoDB: f3fb32f7-6c7b-4976-8005-709c6e29f096 - Episode 0
Step 13
policy value 0.697567880153656
State(column0: held, column1: goal_1, column2: region_1)
place_region_2_front_270
Action: Action(ActionType.PLACE, obj=/column0, slot=/region_2,grasp=GraspType.FRONT_270)
[EXEC] Placing at [0.6, 0.80001, 0.5] with grasp front_270

[INFO] Found 3072 potential configurations.
[INFO] Motion completed successfully with result: success,in execution time: 4.24 seconds
[INFO] Found a reachable configuration for place action after 1 attempts.
[INFO] Place action completed successfully.
realigning placed object /column0 to target position
[EXEC] Action ActionType.PLACE executed in 20.93 seconds
[SUCCESS] Action ActionType.PLACE succeeded for object /column0
Action duration: 4.2399999999992
[LOG] Transition logged to MongoDB: f3fb32f7-6c7b-4976-8005-709c6e29f096 - Episode 0
Step 14
policy value 0.5990214943885803
State(column0: region_2, column1: goal_1, column2: region_1)
pick_column0_top_0
Action: Action(ActionType.PICK, obj=/column0, slot=None,grasp=GraspType.TOP_0)
[EXEC] Picking /column0 with top_0

[INFO] Found 1664 potential configurations.
[INFO] Motion completed successfully with result: success,in execution time: 4.24 seconds
[INFO] Found a reachable configuration for pick action after 1 attempts.
Tip distance after pick: 0.026721456657057392
[INFO] Pick action completed successfully.in execution time: 4.24 seconds
[EXEC] Action ActionType.PICK executed in 21.11 seconds
[SUCCESS] Action ActionType.PICK succeeded for object /column0
Action duration: 4.2399999999992
[LOG] Transition logged to MongoDB: f3fb32f7-6c7b-4976-8005-709c6e29f096 - Episode 0
Step 15
policy value 0.5990214943885803
State(column0: held, column1: goal_1, column2: region_1)
place_region_2_front_270
Action: Action(ActionType.PLACE, obj=/column0, slot=/region_2,grasp=GraspType.FRONT_270)
[EXEC] Placing at [0.6, 0.80001, 0.5] with grasp front_270

[INFO] Found 4032 potential configurations.
[INFO] Motion completed successfully with result: success,in execution time: 4.24 seconds
[INFO] Found a reachable configuration for place action after 1 attempts.
[INFO] Place action completed successfully.
realigning placed object /column0 to target position
[EXEC] Action ActionType.PLACE executed in 16.56 seconds
[SUCCESS] Action ActionType.PLACE succeeded for object /column0
Action duration: 4.2399999999992
[LOG] Transition logged to MongoDB: f3fb32f7-6c7b-4976-8005-709c6e29f096 - Episode 0
Step 16
policy value 0.5026288628578186
State(column0: region_2, column1: goal_1, column2: region_1)
pick_column0_top_0
Action: Action(ActionType.PICK, obj=/column0, slot=None,grasp=GraspType.TOP_0)
[EXEC] Picking /column0 with top_0

[INFO] Found 704 potential configurations.
[INFO] Motion completed successfully with result: success,in execution time: 4.24 seconds
[INFO] Found a reachable configuration for pick action after 1 attempts.
Tip distance after pick: 0.02640162731731183
[INFO] Pick action completed successfully.in execution time: 4.24 seconds
[EXEC] Action ActionType.PICK executed in 14.92 seconds
[SUCCESS] Action ActionType.PICK succeeded for object /column0
Action duration: 4.2399999999992
[LOG] Transition logged to MongoDB: f3fb32f7-6c7b-4976-8005-709c6e29f096 - Episode 0
Step 17
policy value 0.5026288628578186
State(column0: held, column1: goal_1, column2: region_1)
place_region_2_front_270
Action: Action(ActionType.PLACE, obj=/column0, slot=/region_2,grasp=GraspType.FRONT_270)
[EXEC] Placing at [0.6, 0.80001, 0.5] with grasp front_270

[INFO] Found 2688 potential configurations.
[INFO] Motion completed successfully with result: success,in execution time: 4.20 seconds
[INFO] Found a reachable configuration for place action after 1 attempts.
[INFO] Place action completed successfully.
realigning placed object /column0 to target position
[EXEC] Action ActionType.PLACE executed in 17.82 seconds
[SUCCESS] Action ActionType.PLACE succeeded for object /column0
Action duration: 4.1999999999992
[LOG] Transition logged to MongoDB: f3fb32f7-6c7b-4976-8005-709c6e29f096 - Episode 0
Step 18
policy value 0.4085695743560791
State(column0: region_2, column1: goal_1, column2: region_1)
pick_column0_top_0
Action: Action(ActionType.PICK, obj=/column0, slot=None,grasp=GraspType.TOP_0)
[EXEC] Picking /column0 with top_0

[INFO] Found 1728 potential configurations.
[INFO] Motion completed successfully with result: success,in execution time: 4.24 seconds
[INFO] Found a reachable configuration for pick action after 1 attempts.
Tip distance after pick: 0.026258663225712634
[INFO] Pick action completed successfully.in execution time: 4.24 seconds
[EXEC] Action ActionType.PICK executed in 21.49 seconds
[SUCCESS] Action ActionType.PICK succeeded for object /column0
Action duration: 4.2399999999992
[LOG] Transition logged to MongoDB: f3fb32f7-6c7b-4976-8005-709c6e29f096 - Episode 0
Step 19
policy value 0.4085695743560791
State(column0: held, column1: goal_1, column2: region_1)
place_region_2_front_270
Action: Action(ActionType.PLACE, obj=/column0, slot=/region_2,grasp=GraspType.FRONT_270)
[EXEC] Placing at [0.6, 0.80001, 0.5] with grasp front_270

[INFO] Found 2688 potential configurations.
[INFO] Motion completed successfully with result: success,in execution time: 4.24 seconds
[INFO] Found a reachable configuration for place action after 1 attempts.
[INFO] Place action completed successfully.
realigning placed object /column0 to target position
[EXEC] Action ActionType.PLACE executed in 23.82 seconds
[SUCCESS] Action ActionType.PLACE succeeded for object /column0
Action duration: 4.2399999999992
[LOG] Transition logged to MongoDB: f3fb32f7-6c7b-4976-8005-709c6e29f096 - Episode 0
Step 20
policy value 0.3183874785900116
State(column0: region_2, column1: goal_1, column2: region_1)
pick_column0_left_0
Action: Action(ActionType.PICK, obj=/column0, slot=None,grasp=GraspType.LEFT_0)
[EXEC] Picking /column0 with left_0

[INFO] Found 3584 potential configurations.
[INFO] Motion completed successfully with result: success,in execution time: 5.24 seconds
[INFO] Found a reachable configuration for pick action after 1 attempts.
Tip distance after pick: 0.020370840565604197
[INFO] Pick action completed successfully.in execution time: 5.24 seconds
[EXEC] Action ActionType.PICK executed in 33.17 seconds
[SUCCESS] Action ActionType.PICK succeeded for object /column0
Action duration: 5.2400000000005
[LOG] Transition logged to MongoDB: f3fb32f7-6c7b-4976-8005-709c6e29f096 - Episode 0
Step 21
policy value 0.3174169063568115
State(column0: held, column1: goal_1, column2: region_1)
place_region_2_front_270
Action: Action(ActionType.PLACE, obj=/column0, slot=/region_2,grasp=GraspType.FRONT_270)
[EXEC] Placing at [0.6, 0.80001, 0.5] with grasp front_270

[INFO] Found 2368 potential configurations.
[INFO] Motion completed successfully with result: success,in execution time: 5.24 seconds
[INFO] Found a reachable configuration for place action after 1 attempts.
[INFO] Place action completed successfully.
realigning placed object /column0 to target position
[EXEC] Action ActionType.PLACE executed in 33.71 seconds
[SUCCESS] Action ActionType.PLACE succeeded for object /column0
Action duration: 5.2400000000027
[LOG] Transition logged to MongoDB: f3fb32f7-6c7b-4976-8005-709c6e29f096 - Episode 0
Step 22
policy value 0.23732854425907135
State(column0: region_2, column1: goal_1, column2: region_1)
pick_column0_left_0
Action: Action(ActionType.PICK, obj=/column0, slot=None,grasp=GraspType.LEFT_0)
[EXEC] Picking /column0 with left_0

[INFO] Found 2432 potential configurations.
[INFO] Motion completed successfully with result: success,in execution time: 5.24 seconds
[INFO] Found a reachable configuration for pick action after 1 attempts.
Tip distance after pick: 0.020564515916646132
[INFO] Pick action completed successfully.in execution time: 5.24 seconds
[EXEC] Action ActionType.PICK executed in 18.61 seconds
[SUCCESS] Action ActionType.PICK succeeded for object /column0
Action duration: 5.2400000000027
[LOG] Transition logged to MongoDB: f3fb32f7-6c7b-4976-8005-709c6e29f096 - Episode 0
Step 23
policy value 0.23029997944831848
State(column0: held, column1: goal_1, column2: region_1)
place_region_2_front_270
Action: Action(ActionType.PLACE, obj=/column0, slot=/region_2,grasp=GraspType.FRONT_270)
[EXEC] Placing at [0.6, 0.80001, 0.5] with grasp front_270

[INFO] Found 3392 potential configurations.
[INFO] Motion completed successfully with result: success,in execution time: 5.24 seconds
[INFO] Found a reachable configuration for place action after 1 attempts.
[INFO] Place action completed successfully.
realigning placed object /column0 to target position
[EXEC] Action ActionType.PLACE executed in 28.09 seconds
[SUCCESS] Action ActionType.PLACE succeeded for object /column0
Action duration: 5.2400000000027
[LOG] Transition logged to MongoDB: f3fb32f7-6c7b-4976-8005-709c6e29f096 - Episode 0
Step 24
policy value 0.1691843718290329
State(column0: region_2, column1: goal_1, column2: region_1)
pick_column0_left_0
Action: Action(ActionType.PICK, obj=/column0, slot=None,grasp=GraspType.LEFT_0)
[EXEC] Picking /column0 with left_0

[INFO] Found 2048 potential configurations.
[INFO] Motion completed successfully with result: success,in execution time: 5.24 seconds
[INFO] Found a reachable configuration for pick action after 1 attempts.
Tip distance after pick: 0.02018664931968547
[INFO] Pick action completed successfully.in execution time: 5.24 seconds
[EXEC] Action ActionType.PICK executed in 17.14 seconds
[SUCCESS] Action ActionType.PICK succeeded for object /column0
Action duration: 5.2400000000027
[LOG] Transition logged to MongoDB: f3fb32f7-6c7b-4976-8005-709c6e29f096 - Episode 0
Step 25
policy value 0.15583504736423492
State(column0: held, column1: goal_1, column2: region_1)
place_goal_2_right_0
Action: Action(ActionType.PLACE, obj=/column0, slot=/goal_2,grasp=GraspType.RIGHT_0)
[EXEC] Placing at [-0.6000000000000001, 0.8250000000000003, 0.5] with grasp right_0

[INFO] Found 1472 potential configurations.
[INFO] Motion completed successfully with result: success,in execution time: 13.24 seconds
[INFO] Found a reachable configuration for place action after 1 attempts.
[INFO] Place action completed successfully.
realigning placed object /column0 to target position
[EXEC] Action ActionType.PLACE executed in 42.53 seconds
[SUCCESS] Action ActionType.PLACE succeeded for object /column0
Action duration: 13.240000000007
[LOG] Transition logged to MongoDB: f3fb32f7-6c7b-4976-8005-709c6e29f096 - Episode 0
Step 26
policy value 0.13048967719078064
State(column0: goal_2, column1: goal_1, column2: region_1)
pick_column0_left_0
Action: Action(ActionType.PICK, obj=/column0, slot=None,grasp=GraspType.LEFT_0)
[EXEC] Picking /column0 with left_0
[ERROR] No IK configurations found for desired pick pose.
[EXEC] Action ActionType.PICK executed in 1.03 seconds
[ERROR] Action ActionType.PICK failed for object /column0
Action duration: 0.001
[LOG] Transition logged to MongoDB: f3fb32f7-6c7b-4976-8005-709c6e29f096 - Episode 0
Action failed, stopping. Time elapsed: 0.001
Step 27
policy value 0.09786725789308548
State(column0: goal_2, column1: goal_1, column2: region_1)
pick_column0_left_0
Action: Action(ActionType.PICK, obj=/column0, slot=None,grasp=GraspType.LEFT_0)
[EXEC] Picking /column0 with left_0
[ERROR] No IK configurations found for desired pick pose.
[EXEC] Action ActionType.PICK executed in 1.03 seconds
[ERROR] Action ActionType.PICK failed for object /column0
Action duration: 0.001
[LOG] Transition logged to MongoDB: f3fb32f7-6c7b-4976-8005-709c6e29f096 - Episode 0
Action failed, stopping. Time elapsed: 0.001
Step 28
policy value 0.06524483859539032
State(column0: goal_2, column1: goal_1, column2: region_1)
pick_column0_left_0
Action: Action(ActionType.PICK, obj=/column0, slot=None,grasp=GraspType.LEFT_0)
[EXEC] Picking /column0 with left_0
[ERROR] No IK configurations found for desired pick pose.
[EXEC] Action ActionType.PICK executed in 1.03 seconds
[ERROR] Action ActionType.PICK failed for object /column0
Action duration: 0.001
[LOG] Transition logged to MongoDB: f3fb32f7-6c7b-4976-8005-709c6e29f096 - Episode 0
Action failed, stopping. Time elapsed: 0.001
Step 29
policy value 0.03262241929769516
State(column0: goal_2, column1: goal_1, column2: region_1)
pick_column0_left_0
Action: Action(ActionType.PICK, obj=/column0, slot=None,grasp=GraspType.LEFT_0)
[EXEC] Picking /column0 with left_0
[ERROR] No IK configurations found for desired pick pose.
[EXEC] Action ActionType.PICK executed in 1.03 seconds
[ERROR] Action ActionType.PICK failed for object /column0
Action duration: 0.001
[LOG] Transition logged to MongoDB: f3fb32f7-6c7b-4976-8005-709c6e29f096 - Episode 0
Action failed, stopping. Time elapsed: 0.001
Step 30
policy value None
No more valid actions in policy
Episode 1 ended
Revising policy
USING STORM: False
Reading data from MongoDB...
Total option moiton param combinations 36
Collected combinations 36
Building state to idx mapping...
Building option ensembles...
pick_column0_top_0: Identifying enabled states...
pick_column0_top_0: Splitting up datasets...
pick_column0_top_0: Learning DBNS...
pick_column0_top_0: Building transition dicts for each DBN
pick_column0_top_0: Starting process for DBN 0
pick_column0_top_0: Starting process for DBN 1
pick_column0_top_0: Starting process for DBN 2
pick_column0_top_0: Starting process for DBN 3
pick_column0_top_0: Received dict for DBN 0
pick_column0_top_0: Received dict for DBN 1
pick_column0_top_0: Received dict for DBN 2
pick_column0_top_0: Received dict for DBN 3
pick_column0_top_0: Sampling transitions and computing reward
pick_column0_top_0: Building transition/reward matrices
pick_column0_left_0: Identifying enabled states...
pick_column0_left_0: Splitting up datasets...
pick_column0_left_0: Learning DBNS...
pick_column0_left_0: Building transition dicts for each DBN
pick_column0_left_0: Starting process for DBN 0
pick_column0_left_0: Starting process for DBN 1
pick_column0_left_0: Starting process for DBN 2
pick_column0_left_0: Starting process for DBN 3
pick_column0_left_0: Received dict for DBN 0
pick_column0_left_0: Received dict for DBN 1
pick_column0_left_0: Received dict for DBN 2
pick_column0_left_0: Received dict for DBN 3
pick_column0_left_0: Sampling transitions and computing reward
pick_column0_left_0: Building transition/reward matrices
pick_column0_right_0: Identifying enabled states...
pick_column0_right_0: Splitting up datasets...
pick_column0_right_0: Learning DBNS...
pick_column0_right_0: Building transition dicts for each DBN
pick_column0_right_0: Starting process for DBN 0
pick_column0_right_0: Starting process for DBN 1
pick_column0_right_0: Starting process for DBN 2
pick_column0_right_0: Starting process for DBN 3
pick_column0_right_0: Received dict for DBN 0
pick_column0_right_0: Received dict for DBN 1
pick_column0_right_0: Received dict for DBN 3
pick_column0_right_0: Received dict for DBN 2
pick_column0_right_0: Sampling transitions and computing reward
pick_column0_right_0: Building transition/reward matrices
pick_column0_front_270: Identifying enabled states...
pick_column0_front_270: Splitting up datasets...
pick_column0_front_270: Learning DBNS...
pick_column0_front_270: Building transition dicts for each DBN
pick_column0_front_270: Starting process for DBN 0
pick_column0_front_270: Starting process for DBN 1
pick_column0_front_270: Starting process for DBN 2
pick_column0_front_270: Starting process for DBN 3
pick_column0_front_270: Received dict for DBN 0
pick_column0_front_270: Received dict for DBN 1
pick_column0_front_270: Received dict for DBN 2
pick_column0_front_270: Received dict for DBN 3
pick_column0_front_270: Sampling transitions and computing reward
pick_column0_front_270: Building transition/reward matrices
pick_column1_top_0: Identifying enabled states...
pick_column1_top_0: Splitting up datasets...
pick_column1_top_0: Learning DBNS...
pick_column1_top_0: Building transition dicts for each DBN
pick_column1_top_0: Starting process for DBN 0
pick_column1_top_0: Starting process for DBN 1
pick_column1_top_0: Starting process for DBN 2
pick_column1_top_0: Starting process for DBN 3
pick_column1_top_0: Received dict for DBN 0
pick_column1_top_0: Received dict for DBN 1
pick_column1_top_0: Received dict for DBN 2
pick_column1_top_0: Received dict for DBN 3
pick_column1_top_0: Sampling transitions and computing reward
pick_column1_top_0: Building transition/reward matrices
pick_column1_left_0: Identifying enabled states...
pick_column1_left_0: Splitting up datasets...
pick_column1_left_0: Learning DBNS...
pick_column1_left_0: Building transition dicts for each DBN
pick_column1_left_0: Starting process for DBN 0
pick_column1_left_0: Starting process for DBN 1
pick_column1_left_0: Starting process for DBN 2
pick_column1_left_0: Starting process for DBN 3
pick_column1_left_0: Received dict for DBN 0
pick_column1_left_0: Received dict for DBN 1
pick_column1_left_0: Received dict for DBN 2
pick_column1_left_0: Received dict for DBN 3
pick_column1_left_0: Sampling transitions and computing reward
pick_column1_left_0: Building transition/reward matrices
pick_column1_right_0: Identifying enabled states...
pick_column1_right_0: Splitting up datasets...
pick_column1_right_0: Learning DBNS...
pick_column1_right_0: Building transition dicts for each DBN
pick_column1_right_0: Starting process for DBN 0
pick_column1_right_0: Starting process for DBN 1
pick_column1_right_0: Starting process for DBN 2
pick_column1_right_0: Starting process for DBN 3
pick_column1_right_0: Received dict for DBN 0
pick_column1_right_0: Received dict for DBN 1
pick_column1_right_0: Received dict for DBN 2
pick_column1_right_0: Received dict for DBN 3
pick_column1_right_0: Sampling transitions and computing reward
pick_column1_right_0: Building transition/reward matrices
pick_column1_front_270: Identifying enabled states...
pick_column1_front_270: Splitting up datasets...
pick_column1_front_270: Learning DBNS...
pick_column1_front_270: Building transition dicts for each DBN
pick_column1_front_270: Starting process for DBN 0
pick_column1_front_270: Starting process for DBN 1
pick_column1_front_270: Starting process for DBN 2
pick_column1_front_270: Starting process for DBN 3
pick_column1_front_270: Received dict for DBN 0
pick_column1_front_270: Received dict for DBN 1
pick_column1_front_270: Received dict for DBN 2
pick_column1_front_270: Received dict for DBN 3
pick_column1_front_270: Sampling transitions and computing reward
pick_column1_front_270: Building transition/reward matrices
pick_column2_top_0: Identifying enabled states...
pick_column2_top_0: Splitting up datasets...
pick_column2_top_0: Learning DBNS...
pick_column2_top_0: Building transition dicts for each DBN
pick_column2_top_0: Starting process for DBN 0
pick_column2_top_0: Starting process for DBN 1
pick_column2_top_0: Starting process for DBN 2
pick_column2_top_0: Starting process for DBN 3
pick_column2_top_0: Received dict for DBN 0
pick_column2_top_0: Received dict for DBN 1
pick_column2_top_0: Received dict for DBN 2
pick_column2_top_0: Received dict for DBN 3
pick_column2_top_0: Sampling transitions and computing reward
pick_column2_top_0: Building transition/reward matrices
pick_column2_left_0: Identifying enabled states...
pick_column2_left_0: Splitting up datasets...
pick_column2_left_0: Learning DBNS...
pick_column2_left_0: Building transition dicts for each DBN
pick_column2_left_0: Starting process for DBN 0
pick_column2_left_0: Starting process for DBN 1
pick_column2_left_0: Starting process for DBN 2
pick_column2_left_0: Starting process for DBN 3
pick_column2_left_0: Received dict for DBN 0
pick_column2_left_0: Received dict for DBN 1
pick_column2_left_0: Received dict for DBN 2
pick_column2_left_0: Received dict for DBN 3
pick_column2_left_0: Sampling transitions and computing reward
pick_column2_left_0: Building transition/reward matrices
pick_column2_right_0: Identifying enabled states...
pick_column2_right_0: Splitting up datasets...
pick_column2_right_0: Learning DBNS...
pick_column2_right_0: Building transition dicts for each DBN
pick_column2_right_0: Starting process for DBN 0
pick_column2_right_0: Starting process for DBN 1
pick_column2_right_0: Starting process for DBN 2
pick_column2_right_0: Starting process for DBN 3
pick_column2_right_0: Received dict for DBN 0
pick_column2_right_0: Received dict for DBN 1
pick_column2_right_0: Received dict for DBN 3
pick_column2_right_0: Received dict for DBN 2
pick_column2_right_0: Sampling transitions and computing reward
pick_column2_right_0: Building transition/reward matrices
pick_column2_front_270: Identifying enabled states...
pick_column2_front_270: Splitting up datasets...
pick_column2_front_270: Learning DBNS...
pick_column2_front_270: Building transition dicts for each DBN
pick_column2_front_270: Starting process for DBN 0
pick_column2_front_270: Starting process for DBN 1
pick_column2_front_270: Starting process for DBN 2
pick_column2_front_270: Starting process for DBN 3
pick_column2_front_270: Received dict for DBN 0
pick_column2_front_270: Received dict for DBN 1
pick_column2_front_270: Received dict for DBN 3
pick_column2_front_270: Received dict for DBN 2
pick_column2_front_270: Sampling transitions and computing reward
pick_column2_front_270: Building transition/reward matrices
place_goal_0_top_0: Identifying enabled states...
place_goal_0_top_0: Splitting up datasets...
place_goal_0_top_0: Learning DBNS...
place_goal_0_top_0: Building transition dicts for each DBN
place_goal_0_top_0: Starting process for DBN 0
place_goal_0_top_0: Starting process for DBN 1
place_goal_0_top_0: Starting process for DBN 2
place_goal_0_top_0: Starting process for DBN 3
place_goal_0_top_0: Received dict for DBN 3
place_goal_0_top_0: Received dict for DBN 1
place_goal_0_top_0: Received dict for DBN 0
place_goal_0_top_0: Received dict for DBN 2
place_goal_0_top_0: Sampling transitions and computing reward
place_goal_0_top_0: Building transition/reward matrices
place_goal_0_left_0: Identifying enabled states...
place_goal_0_left_0: Splitting up datasets...
place_goal_0_left_0: Learning DBNS...
place_goal_0_left_0: Building transition dicts for each DBN
place_goal_0_left_0: Starting process for DBN 0
place_goal_0_left_0: Starting process for DBN 1
place_goal_0_left_0: Starting process for DBN 2
place_goal_0_left_0: Starting process for DBN 3
place_goal_0_left_0: Received dict for DBN 0
place_goal_0_left_0: Received dict for DBN 1
place_goal_0_left_0: Received dict for DBN 2
place_goal_0_left_0: Received dict for DBN 3
place_goal_0_left_0: Sampling transitions and computing reward
place_goal_0_left_0: Building transition/reward matrices
place_goal_0_right_0: Identifying enabled states...
place_goal_0_right_0: Splitting up datasets...
place_goal_0_right_0: Learning DBNS...
place_goal_0_right_0: Building transition dicts for each DBN
place_goal_0_right_0: Starting process for DBN 0
place_goal_0_right_0: Starting process for DBN 1
place_goal_0_right_0: Starting process for DBN 2
place_goal_0_right_0: Starting process for DBN 3
place_goal_0_right_0: Received dict for DBN 0
place_goal_0_right_0: Received dict for DBN 1
place_goal_0_right_0: Received dict for DBN 3
place_goal_0_right_0: Received dict for DBN 2
place_goal_0_right_0: Sampling transitions and computing reward
place_goal_0_right_0: Building transition/reward matrices
place_goal_0_front_270: Identifying enabled states...
place_goal_0_front_270: Splitting up datasets...
place_goal_0_front_270: Learning DBNS...
place_goal_0_front_270: Building transition dicts for each DBN
place_goal_0_front_270: Starting process for DBN 0
place_goal_0_front_270: Starting process for DBN 1
place_goal_0_front_270: Starting process for DBN 2
place_goal_0_front_270: Starting process for DBN 3
place_goal_0_front_270: Received dict for DBN 3
place_goal_0_front_270: Received dict for DBN 0
place_goal_0_front_270: Received dict for DBN 1
place_goal_0_front_270: Received dict for DBN 2
place_goal_0_front_270: Sampling transitions and computing reward
place_goal_0_front_270: Building transition/reward matrices
place_goal_1_top_0: Identifying enabled states...
place_goal_1_top_0: Splitting up datasets...
place_goal_1_top_0: Learning DBNS...
place_goal_1_top_0: Building transition dicts for each DBN
place_goal_1_top_0: Starting process for DBN 0
place_goal_1_top_0: Starting process for DBN 1
place_goal_1_top_0: Starting process for DBN 2
place_goal_1_top_0: Starting process for DBN 3
place_goal_1_top_0: Received dict for DBN 2
place_goal_1_top_0: Received dict for DBN 1
place_goal_1_top_0: Received dict for DBN 0
place_goal_1_top_0: Received dict for DBN 3
place_goal_1_top_0: Sampling transitions and computing reward
place_goal_1_top_0: Building transition/reward matrices
place_goal_1_left_0: Identifying enabled states...
place_goal_1_left_0: Splitting up datasets...
place_goal_1_left_0: Learning DBNS...
place_goal_1_left_0: Building transition dicts for each DBN
place_goal_1_left_0: Starting process for DBN 0
place_goal_1_left_0: Starting process for DBN 1
place_goal_1_left_0: Starting process for DBN 2
place_goal_1_left_0: Starting process for DBN 3
place_goal_1_left_0: Received dict for DBN 0
place_goal_1_left_0: Received dict for DBN 1
place_goal_1_left_0: Received dict for DBN 2
place_goal_1_left_0: Received dict for DBN 3
place_goal_1_left_0: Sampling transitions and computing reward
place_goal_1_left_0: Building transition/reward matrices
place_goal_1_right_0: Identifying enabled states...
place_goal_1_right_0: Splitting up datasets...
place_goal_1_right_0: Learning DBNS...
place_goal_1_right_0: Building transition dicts for each DBN
place_goal_1_right_0: Starting process for DBN 0
place_goal_1_right_0: Starting process for DBN 1
place_goal_1_right_0: Starting process for DBN 2
place_goal_1_right_0: Starting process for DBN 3
place_goal_1_right_0: Received dict for DBN 3
place_goal_1_right_0: Received dict for DBN 2
place_goal_1_right_0: Received dict for DBN 0
place_goal_1_right_0: Received dict for DBN 1
place_goal_1_right_0: Sampling transitions and computing reward
place_goal_1_right_0: Building transition/reward matrices
place_goal_1_front_270: Identifying enabled states...
place_goal_1_front_270: Splitting up datasets...
place_goal_1_front_270: Learning DBNS...
place_goal_1_front_270: Building transition dicts for each DBN
place_goal_1_front_270: Starting process for DBN 0
place_goal_1_front_270: Starting process for DBN 1
place_goal_1_front_270: Starting process for DBN 2
place_goal_1_front_270: Starting process for DBN 3
place_goal_1_front_270: Received dict for DBN 0
place_goal_1_front_270: Received dict for DBN 1
place_goal_1_front_270: Received dict for DBN 2
place_goal_1_front_270: Received dict for DBN 3
place_goal_1_front_270: Sampling transitions and computing reward
place_goal_1_front_270: Building transition/reward matrices
place_goal_2_top_0: Identifying enabled states...
place_goal_2_top_0: Splitting up datasets...
place_goal_2_top_0: Learning DBNS...
place_goal_2_top_0: Building transition dicts for each DBN
place_goal_2_top_0: Starting process for DBN 0
place_goal_2_top_0: Starting process for DBN 1
place_goal_2_top_0: Starting process for DBN 2
place_goal_2_top_0: Starting process for DBN 3
place_goal_2_top_0: Received dict for DBN 0
place_goal_2_top_0: Received dict for DBN 1
place_goal_2_top_0: Received dict for DBN 2
place_goal_2_top_0: Received dict for DBN 3
place_goal_2_top_0: Sampling transitions and computing reward
place_goal_2_top_0: Building transition/reward matrices
place_goal_2_left_0: Identifying enabled states...
place_goal_2_left_0: Splitting up datasets...
place_goal_2_left_0: Learning DBNS...
place_goal_2_left_0: Building transition dicts for each DBN
place_goal_2_left_0: Starting process for DBN 0
place_goal_2_left_0: Starting process for DBN 1
place_goal_2_left_0: Starting process for DBN 2
place_goal_2_left_0: Starting process for DBN 3
place_goal_2_left_0: Received dict for DBN 0
place_goal_2_left_0: Received dict for DBN 1
place_goal_2_left_0: Received dict for DBN 2
place_goal_2_left_0: Received dict for DBN 3
place_goal_2_left_0: Sampling transitions and computing reward
place_goal_2_left_0: Building transition/reward matrices
place_goal_2_right_0: Identifying enabled states...
place_goal_2_right_0: Splitting up datasets...
place_goal_2_right_0: Learning DBNS...
place_goal_2_right_0: Building transition dicts for each DBN
place_goal_2_right_0: Starting process for DBN 0
place_goal_2_right_0: Starting process for DBN 1
place_goal_2_right_0: Starting process for DBN 2
place_goal_2_right_0: Starting process for DBN 3
place_goal_2_right_0: Received dict for DBN 0
place_goal_2_right_0: Received dict for DBN 1
place_goal_2_right_0: Received dict for DBN 2
place_goal_2_right_0: Received dict for DBN 3
place_goal_2_right_0: Sampling transitions and computing reward
place_goal_2_right_0: Building transition/reward matrices
place_goal_2_front_270: Identifying enabled states...
place_goal_2_front_270: Splitting up datasets...
place_goal_2_front_270: Learning DBNS...
place_goal_2_front_270: Building transition dicts for each DBN
place_goal_2_front_270: Starting process for DBN 0
place_goal_2_front_270: Starting process for DBN 1
place_goal_2_front_270: Starting process for DBN 2
place_goal_2_front_270: Starting process for DBN 3
place_goal_2_front_270: Received dict for DBN 0
place_goal_2_front_270: Received dict for DBN 1
place_goal_2_front_270: Received dict for DBN 2
place_goal_2_front_270: Received dict for DBN 3
place_goal_2_front_270: Sampling transitions and computing reward
place_goal_2_front_270: Building transition/reward matrices
place_region_0_top_0: Identifying enabled states...
place_region_0_top_0: Splitting up datasets...
place_region_0_top_0: Learning DBNS...
place_region_0_top_0: Building transition dicts for each DBN
place_region_0_top_0: Starting process for DBN 0
place_region_0_top_0: Starting process for DBN 1
place_region_0_top_0: Starting process for DBN 2
place_region_0_top_0: Starting process for DBN 3
place_region_0_top_0: Received dict for DBN 0
place_region_0_top_0: Received dict for DBN 1
place_region_0_top_0: Received dict for DBN 3
place_region_0_top_0: Received dict for DBN 2
place_region_0_top_0: Sampling transitions and computing reward
place_region_0_top_0: Building transition/reward matrices
place_region_0_left_0: Identifying enabled states...
place_region_0_left_0: Splitting up datasets...
place_region_0_left_0: Learning DBNS...
place_region_0_left_0: Building transition dicts for each DBN
place_region_0_left_0: Starting process for DBN 0
place_region_0_left_0: Starting process for DBN 1
place_region_0_left_0: Starting process for DBN 2
place_region_0_left_0: Starting process for DBN 3
place_region_0_left_0: Received dict for DBN 3
place_region_0_left_0: Received dict for DBN 1
place_region_0_left_0: Received dict for DBN 0
place_region_0_left_0: Received dict for DBN 2
place_region_0_left_0: Sampling transitions and computing reward
place_region_0_left_0: Building transition/reward matrices
place_region_0_right_0: Identifying enabled states...
place_region_0_right_0: Splitting up datasets...
place_region_0_right_0: Learning DBNS...
place_region_0_right_0: Building transition dicts for each DBN
place_region_0_right_0: Starting process for DBN 0
place_region_0_right_0: Starting process for DBN 1
place_region_0_right_0: Starting process for DBN 2
place_region_0_right_0: Starting process for DBN 3
place_region_0_right_0: Received dict for DBN 3
place_region_0_right_0: Received dict for DBN 0
place_region_0_right_0: Received dict for DBN 1
place_region_0_right_0: Received dict for DBN 2
place_region_0_right_0: Sampling transitions and computing reward
place_region_0_right_0: Building transition/reward matrices
place_region_0_front_270: Identifying enabled states...
place_region_0_front_270: Splitting up datasets...
place_region_0_front_270: Learning DBNS...
place_region_0_front_270: Building transition dicts for each DBN
place_region_0_front_270: Starting process for DBN 0
place_region_0_front_270: Starting process for DBN 1
place_region_0_front_270: Starting process for DBN 2
place_region_0_front_270: Starting process for DBN 3
place_region_0_front_270: Received dict for DBN 2
place_region_0_front_270: Received dict for DBN 0
place_region_0_front_270: Received dict for DBN 1
place_region_0_front_270: Received dict for DBN 3
place_region_0_front_270: Sampling transitions and computing reward
place_region_0_front_270: Building transition/reward matrices
place_region_1_top_0: Identifying enabled states...
place_region_1_top_0: Splitting up datasets...
place_region_1_top_0: Learning DBNS...
place_region_1_top_0: Building transition dicts for each DBN
place_region_1_top_0: Starting process for DBN 0
place_region_1_top_0: Starting process for DBN 1
place_region_1_top_0: Starting process for DBN 2
place_region_1_top_0: Starting process for DBN 3
place_region_1_top_0: Received dict for DBN 0
place_region_1_top_0: Received dict for DBN 1
place_region_1_top_0: Received dict for DBN 2
place_region_1_top_0: Received dict for DBN 3
place_region_1_top_0: Sampling transitions and computing reward
place_region_1_top_0: Building transition/reward matrices
place_region_1_left_0: Identifying enabled states...
place_region_1_left_0: Splitting up datasets...
place_region_1_left_0: Learning DBNS...
place_region_1_left_0: Building transition dicts for each DBN
place_region_1_left_0: Starting process for DBN 0
place_region_1_left_0: Starting process for DBN 1
place_region_1_left_0: Starting process for DBN 2
place_region_1_left_0: Starting process for DBN 3
place_region_1_left_0: Received dict for DBN 0
place_region_1_left_0: Received dict for DBN 1
place_region_1_left_0: Received dict for DBN 2
place_region_1_left_0: Received dict for DBN 3
place_region_1_left_0: Sampling transitions and computing reward
place_region_1_left_0: Building transition/reward matrices
place_region_1_right_0: Identifying enabled states...
place_region_1_right_0: Splitting up datasets...
place_region_1_right_0: Learning DBNS...
place_region_1_right_0: Building transition dicts for each DBN
place_region_1_right_0: Starting process for DBN 0
place_region_1_right_0: Starting process for DBN 1
place_region_1_right_0: Starting process for DBN 2
place_region_1_right_0: Starting process for DBN 3
place_region_1_right_0: Received dict for DBN 0
place_region_1_right_0: Received dict for DBN 1
place_region_1_right_0: Received dict for DBN 2
place_region_1_right_0: Received dict for DBN 3
place_region_1_right_0: Sampling transitions and computing reward
place_region_1_right_0: Building transition/reward matrices
place_region_1_front_270: Identifying enabled states...
place_region_1_front_270: Splitting up datasets...
place_region_1_front_270: Learning DBNS...
place_region_1_front_270: Building transition dicts for each DBN
place_region_1_front_270: Starting process for DBN 0
place_region_1_front_270: Starting process for DBN 1
place_region_1_front_270: Starting process for DBN 2
place_region_1_front_270: Starting process for DBN 3
place_region_1_front_270: Received dict for DBN 0
place_region_1_front_270: Received dict for DBN 1
place_region_1_front_270: Received dict for DBN 2
place_region_1_front_270: Received dict for DBN 3
place_region_1_front_270: Sampling transitions and computing reward
place_region_1_front_270: Building transition/reward matrices
place_region_2_top_0: Identifying enabled states...
place_region_2_top_0: Splitting up datasets...
place_region_2_top_0: Learning DBNS...
place_region_2_top_0: Building transition dicts for each DBN
place_region_2_top_0: Starting process for DBN 0
place_region_2_top_0: Starting process for DBN 1
place_region_2_top_0: Starting process for DBN 2
place_region_2_top_0: Starting process for DBN 3
place_region_2_top_0: Received dict for DBN 0
place_region_2_top_0: Received dict for DBN 2
place_region_2_top_0: Received dict for DBN 1
place_region_2_top_0: Received dict for DBN 3
place_region_2_top_0: Sampling transitions and computing reward
place_region_2_top_0: Building transition/reward matrices
place_region_2_left_0: Identifying enabled states...
place_region_2_left_0: Splitting up datasets...
place_region_2_left_0: Learning DBNS...
place_region_2_left_0: Building transition dicts for each DBN
place_region_2_left_0: Starting process for DBN 0
place_region_2_left_0: Starting process for DBN 1
place_region_2_left_0: Starting process for DBN 2
place_region_2_left_0: Starting process for DBN 3
place_region_2_left_0: Received dict for DBN 2
place_region_2_left_0: Received dict for DBN 0
place_region_2_left_0: Received dict for DBN 1
place_region_2_left_0: Received dict for DBN 3
place_region_2_left_0: Sampling transitions and computing reward
place_region_2_left_0: Building transition/reward matrices
place_region_2_right_0: Identifying enabled states...
place_region_2_right_0: Splitting up datasets...
place_region_2_right_0: Learning DBNS...
place_region_2_right_0: Building transition dicts for each DBN
place_region_2_right_0: Starting process for DBN 0
place_region_2_right_0: Starting process for DBN 1
place_region_2_right_0: Starting process for DBN 2
place_region_2_right_0: Starting process for DBN 3
place_region_2_right_0: Received dict for DBN 0
place_region_2_right_0: Received dict for DBN 1
place_region_2_right_0: Received dict for DBN 2
place_region_2_right_0: Received dict for DBN 3
place_region_2_right_0: Sampling transitions and computing reward
place_region_2_right_0: Building transition/reward matrices
place_region_2_front_270: Identifying enabled states...
place_region_2_front_270: Splitting up datasets...
place_region_2_front_270: Learning DBNS...
place_region_2_front_270: Building transition dicts for each DBN
place_region_2_front_270: Starting process for DBN 0
place_region_2_front_270: Starting process for DBN 1
place_region_2_front_270: Starting process for DBN 2
place_region_2_front_270: Starting process for DBN 3
place_region_2_front_270: Received dict for DBN 1
place_region_2_front_270: Received dict for DBN 0
place_region_2_front_270: Received dict for DBN 2
place_region_2_front_270: Received dict for DBN 3
place_region_2_front_270: Sampling transitions and computing reward
place_region_2_front_270: Building transition/reward matrices
Building MDP...
Synthesising Policy...
Solving MDP for timestep: 29
Solving MDP for timestep: 28
Solving MDP for timestep: 27
Solving MDP for timestep: 26
Solving MDP for timestep: 25
Solving MDP for timestep: 24
Solving MDP for timestep: 23
Solving MDP for timestep: 22
Solving MDP for timestep: 21
Solving MDP for timestep: 20
Solving MDP for timestep: 19
Solving MDP for timestep: 18
Solving MDP for timestep: 17
Solving MDP for timestep: 16
Solving MDP for timestep: 15
Solving MDP for timestep: 14
Solving MDP for timestep: 13
Solving MDP for timestep: 12
Solving MDP for timestep: 11
Solving MDP for timestep: 10
Solving MDP for timestep: 9
Solving MDP for timestep: 8
Solving MDP for timestep: 7
Solving MDP for timestep: 6
Solving MDP for timestep: 5
Solving MDP for timestep: 4
Solving MDP for timestep: 3
Solving MDP for timestep: 2
Solving MDP for timestep: 1
Solving MDP for timestep: 0
Resetting the scene for new episode
Step 0
policy value 1.1371426582336426
State(column0: region_2, column1: region_0, column2: region_1)
pick_column0_top_0
Action: Action(ActionType.PICK, obj=/column0, slot=None,grasp=GraspType.TOP_0)
[EXEC] Picking /column0 with top_0

[INFO] Found 2560 potential configurations.
[INFO] Motion completed successfully with result: success,in execution time: 3.84 seconds
[INFO] Found a reachable configuration for pick action after 1 attempts.
Tip distance after pick: 0.026616855663968826
[INFO] Pick action completed successfully.in execution time: 3.84 seconds
[EXEC] Action ActionType.PICK executed in 20.38 seconds
[SUCCESS] Action ActionType.PICK succeeded for object /column0
Action duration: 3.84
[LOG] Transition logged to MongoDB: f3fb32f7-6c7b-4976-8005-709c6e29f096 - Episode 0
Step 1
policy value 1.1371426582336426
State(column0: held, column1: region_0, column2: region_1)
place_goal_1_right_0
Action: Action(ActionType.PLACE, obj=/column0, slot=/goal_1,grasp=GraspType.RIGHT_0)
[EXEC] Placing at [-0.2749999999999999, 1.0750000000000006, 0.5] with grasp right_0

[INFO] Found 1664 potential configurations.
[ERROR] Motion failed (collision or invalid path)
[ERROR] Motion result: no_path
[WARN] Failed to find a path to the selected place config on attempt 1.
[WARN] No path found to selected place config, discarding and trying next valid config...
[ERROR] Motion failed (collision or invalid path)
[ERROR] Motion result: no_path
[WARN] Failed to find a path to the selected place config on attempt 2.
[WARN] No path found to selected place config, discarding and trying next valid config...
[INFO] Motion completed successfully with result: success,in execution time: 7.40 seconds
[INFO] Found a reachable configuration for place action after 3 attempts.
[INFO] Place action completed successfully.
realigning placed object /column0 to target position
[EXEC] Action ActionType.PLACE executed in 33.32 seconds
[SUCCESS] Action ActionType.PLACE succeeded for object /column0
Action duration: 7.3999999999998
[LOG] Transition logged to MongoDB: f3fb32f7-6c7b-4976-8005-709c6e29f096 - Episode 0
Step 2
policy value 1.101982831954956
State(column0: goal_1, column1: region_0, column2: region_1)
pick_column0_top_0
Action: Action(ActionType.PICK, obj=/column0, slot=None,grasp=GraspType.TOP_0)
[EXEC] Picking /column0 with top_0

[INFO] Found 1472 potential configurations.
[INFO] Motion completed successfully with result: success,in execution time: 3.60 seconds
[INFO] Found a reachable configuration for pick action after 1 attempts.
Tip distance after pick: 0.025891602212230184
[INFO] Pick action completed successfully.in execution time: 3.60 seconds
[EXEC] Action ActionType.PICK executed in 22.01 seconds
[SUCCESS] Action ActionType.PICK succeeded for object /column0
Action duration: 3.5999999999999
[LOG] Transition logged to MongoDB: f3fb32f7-6c7b-4976-8005-709c6e29f096 - Episode 0
Step 3
policy value 1.0585873126983643
State(column0: held, column1: region_0, column2: region_1)
place_goal_1_right_0
Action: Action(ActionType.PLACE, obj=/column0, slot=/goal_1,grasp=GraspType.RIGHT_0)
[EXEC] Placing at [-0.2749999999999999, 1.0750000000000006, 0.5] with grasp right_0

[INFO] Found 2496 potential configurations.
[INFO] Motion completed successfully with result: success,in execution time: 3.60 seconds
[INFO] Found a reachable configuration for place action after 1 attempts.
[INFO] Place action completed successfully.
realigning placed object /column0 to target position
[EXEC] Action ActionType.PLACE executed in 30.72 seconds
[SUCCESS] Action ActionType.PLACE succeeded for object /column0
Action duration: 3.5999999999999
[LOG] Transition logged to MongoDB: f3fb32f7-6c7b-4976-8005-709c6e29f096 - Episode 0
Step 4
policy value 1.023425817489624
State(column0: goal_1, column1: region_0, column2: region_1)
pick_column0_top_0
Action: Action(ActionType.PICK, obj=/column0, slot=None,grasp=GraspType.TOP_0)
[EXEC] Picking /column0 with top_0

[INFO] Found 640 potential configurations.
[INFO] Motion completed successfully with result: success,in execution time: 3.40 seconds
[INFO] Found a reachable configuration for pick action after 1 attempts.
Tip distance after pick: 0.02687498389454828
[INFO] Pick action completed successfully.in execution time: 3.40 seconds
[EXEC] Action ActionType.PICK executed in 26.75 seconds
[SUCCESS] Action ActionType.PICK succeeded for object /column0
Action duration: 3.3999999999999
[LOG] Transition logged to MongoDB: f3fb32f7-6c7b-4976-8005-709c6e29f096 - Episode 0
Step 5
policy value 0.9800302982330322
State(column0: held, column1: region_0, column2: region_1)
place_goal_1_right_0
Action: Action(ActionType.PLACE, obj=/column0, slot=/goal_1,grasp=GraspType.RIGHT_0)
[EXEC] Placing at [-0.2749999999999999, 1.0750000000000006, 0.5] with grasp right_0

[INFO] Found 1408 potential configurations.
[INFO] Motion completed successfully with result: success,in execution time: 3.36 seconds
[INFO] Found a reachable configuration for place action after 1 attempts.
[INFO] Place action completed successfully.
realigning placed object /column0 to target position
[EXEC] Action ActionType.PLACE executed in 14.32 seconds
[SUCCESS] Action ActionType.PLACE succeeded for object /column0
Action duration: 3.3600000000005
[LOG] Transition logged to MongoDB: f3fb32f7-6c7b-4976-8005-709c6e29f096 - Episode 0
Step 6
policy value 0.9448667168617249
State(column0: goal_1, column1: region_0, column2: region_1)
pick_column0_top_0
Action: Action(ActionType.PICK, obj=/column0, slot=None,grasp=GraspType.TOP_0)
[EXEC] Picking /column0 with top_0

[INFO] Found 2176 potential configurations.
[INFO] Motion completed successfully with result: success,in execution time: 3.60 seconds
[INFO] Found a reachable configuration for pick action after 1 attempts.
Tip distance after pick: 0.026709113540443686
[INFO] Pick action completed successfully.in execution time: 3.60 seconds
[EXEC] Action ActionType.PICK executed in 25.85 seconds
[SUCCESS] Action ActionType.PICK succeeded for object /column0
Action duration: 3.6000000000006
[LOG] Transition logged to MongoDB: f3fb32f7-6c7b-4976-8005-709c6e29f096 - Episode 0
Step 7
policy value 0.9014711976051331
State(column0: held, column1: region_0, column2: region_1)
place_goal_1_right_0
Action: Action(ActionType.PLACE, obj=/column0, slot=/goal_1,grasp=GraspType.RIGHT_0)
[EXEC] Placing at [-0.2749999999999999, 1.0750000000000006, 0.5] with grasp right_0

[INFO] Found 2176 potential configurations.
[INFO] Motion completed successfully with result: success,in execution time: 3.36 seconds
[INFO] Found a reachable configuration for place action after 1 attempts.
[INFO] Place action completed successfully.
realigning placed object /column0 to target position
[EXEC] Action ActionType.PLACE executed in 20.32 seconds
[SUCCESS] Action ActionType.PLACE succeeded for object /column0
Action duration: 3.3600000000005
[LOG] Transition logged to MongoDB: f3fb32f7-6c7b-4976-8005-709c6e29f096 - Episode 0
Step 8
policy value 0.866304337978363
State(column0: goal_1, column1: region_0, column2: region_1)
pick_column0_top_0
Action: Action(ActionType.PICK, obj=/column0, slot=None,grasp=GraspType.TOP_0)
[EXEC] Picking /column0 with top_0

[INFO] Found 1600 potential configurations.
[INFO] Motion completed successfully with result: success,in execution time: 3.36 seconds
[INFO] Found a reachable configuration for pick action after 1 attempts.
Tip distance after pick: 0.02550221585561624
[INFO] Pick action completed successfully.in execution time: 3.36 seconds
[EXEC] Action ActionType.PICK executed in 24.22 seconds
[SUCCESS] Action ActionType.PICK succeeded for object /column0
Action duration: 3.3600000000005
[LOG] Transition logged to MongoDB: f3fb32f7-6c7b-4976-8005-709c6e29f096 - Episode 0
Step 9
policy value 0.8229088187217712
State(column0: held, column1: region_0, column2: region_1)
place_goal_1_right_0
Action: Action(ActionType.PLACE, obj=/column0, slot=/goal_1,grasp=GraspType.RIGHT_0)
[EXEC] Placing at [-0.2749999999999999, 1.0750000000000006, 0.5] with grasp right_0

[INFO] Found 1600 potential configurations.
[ERROR] Motion failed (collision or invalid path)
[ERROR] Motion result: no_path
[WARN] Failed to find a path to the selected place config on attempt 1.
[WARN] No path found to selected place config, discarding and trying next valid config...
[INFO] Motion completed successfully with result: success,in execution time: 6.96 seconds
[INFO] Found a reachable configuration for place action after 2 attempts.
[INFO] Place action completed successfully.
realigning placed object /column0 to target position
[EXEC] Action ActionType.PLACE executed in 38.74 seconds
[SUCCESS] Action ActionType.PLACE succeeded for object /column0
Action duration: 6.9600000000011
[LOG] Transition logged to MongoDB: f3fb32f7-6c7b-4976-8005-709c6e29f096 - Episode 0
Step 10
policy value 0.7877371907234192
State(column0: goal_1, column1: region_0, column2: region_1)
pick_column0_top_0
Action: Action(ActionType.PICK, obj=/column0, slot=None,grasp=GraspType.TOP_0)
[EXEC] Picking /column0 with top_0

[INFO] Found 1280 potential configurations.
[INFO] Motion completed successfully with result: success,in execution time: 7.00 seconds
[INFO] Found a reachable configuration for pick action after 1 attempts.
Tip distance after pick: 0.026415637478864922
[INFO] Pick action completed successfully.in execution time: 7.00 seconds
[EXEC] Action ActionType.PICK executed in 27.82 seconds
[SUCCESS] Action ActionType.PICK succeeded for object /column0
Action duration: 6.9999999999996
[LOG] Transition logged to MongoDB: f3fb32f7-6c7b-4976-8005-709c6e29f096 - Episode 0
Step 11
policy value 0.7443416714668274
State(column0: held, column1: region_0, column2: region_1)
place_goal_1_right_0
Action: Action(ActionType.PLACE, obj=/column0, slot=/goal_1,grasp=GraspType.RIGHT_0)
[EXEC] Placing at [-0.2749999999999999, 1.0750000000000006, 0.5] with grasp right_0

[INFO] Found 1472 potential configurations.
[ERROR] Motion failed (collision or invalid path)
[ERROR] Motion result: no_path
[WARN] Failed to find a path to the selected place config on attempt 1.
[WARN] No path found to selected place config, discarding and trying next valid config...
[INFO] Motion completed successfully with result: success,in execution time: 3.40 seconds
[INFO] Found a reachable configuration for place action after 2 attempts.
[INFO] Place action completed successfully.
realigning placed object /column0 to target position
[EXEC] Action ActionType.PLACE executed in 23.31 seconds
[SUCCESS] Action ActionType.PLACE succeeded for object /column0
Action duration: 3.3999999999993
[LOG] Transition logged to MongoDB: f3fb32f7-6c7b-4976-8005-709c6e29f096 - Episode 0
Step 12
policy value 0.7091630101203918
State(column0: goal_1, column1: region_0, column2: region_1)
pick_column0_top_0
Action: Action(ActionType.PICK, obj=/column0, slot=None,grasp=GraspType.TOP_0)
[EXEC] Picking /column0 with top_0

[INFO] Found 1408 potential configurations.
[INFO] Motion completed successfully with result: success,in execution time: 3.40 seconds
[INFO] Found a reachable configuration for pick action after 1 attempts.
Tip distance after pick: 0.027110798830961264
[INFO] Pick action completed successfully.in execution time: 3.40 seconds
[EXEC] Action ActionType.PICK executed in 16.14 seconds
[SUCCESS] Action ActionType.PICK succeeded for object /column0
Action duration: 3.3999999999993
[LOG] Transition logged to MongoDB: f3fb32f7-6c7b-4976-8005-709c6e29f096 - Episode 0
Step 13
policy value 0.6657674908638
State(column0: held, column1: region_0, column2: region_1)
place_goal_1_right_0
Action: Action(ActionType.PLACE, obj=/column0, slot=/goal_1,grasp=GraspType.RIGHT_0)
[EXEC] Placing at [-0.2749999999999999, 1.0750000000000006, 0.5] with grasp right_0

[INFO] Found 1408 potential configurations.
[WARN] No valid configuration found (all tested configs invalid).
[EXEC] Action ActionType.PLACE executed in 3.25 seconds
[ERROR] Action ActionType.PLACE failed for object /column0
Action duration: 0.001
[LOG] Transition logged to MongoDB: f3fb32f7-6c7b-4976-8005-709c6e29f096 - Episode 0
Action failed, stopping. Time elapsed: 0.001
Step 14
policy value 0.6266412138938904
State(column0: held, column1: region_0, column2: region_1)
place_goal_1_right_0
Action: Action(ActionType.PLACE, obj=/column0, slot=/goal_1,grasp=GraspType.RIGHT_0)
[EXEC] Placing at [-0.2749999999999999, 1.0750000000000006, 0.5] with grasp right_0

[INFO] Found 1664 potential configurations.
[INFO] Motion completed successfully with result: success,in execution time: 3.40 seconds
[INFO] Found a reachable configuration for place action after 1 attempts.
[INFO] Place action completed successfully.
realigning placed object /column0 to target position
[EXEC] Action ActionType.PLACE executed in 35.16 seconds
[SUCCESS] Action ActionType.PLACE succeeded for object /column0
Action duration: 3.3999999999993
[LOG] Transition logged to MongoDB: f3fb32f7-6c7b-4976-8005-709c6e29f096 - Episode 0
Step 15
policy value 0.5915235877037048
State(column0: goal_1, column1: region_0, column2: region_1)
pick_column0_top_0
Action: Action(ActionType.PICK, obj=/column0, slot=None,grasp=GraspType.TOP_0)
[EXEC] Picking /column0 with top_0

[INFO] Found 1408 potential configurations.
[INFO] Motion completed successfully with result: success,in execution time: 3.40 seconds
[INFO] Found a reachable configuration for pick action after 1 attempts.
Tip distance after pick: 0.02644703304696441
[INFO] Pick action completed successfully.in execution time: 3.40 seconds
[EXEC] Action ActionType.PICK executed in 34.75 seconds
[SUCCESS] Action ActionType.PICK succeeded for object /column0
Action duration: 3.3999999999993
[LOG] Transition logged to MongoDB: f3fb32f7-6c7b-4976-8005-709c6e29f096 - Episode 0
Step 16
policy value 0.548128068447113
State(column0: held, column1: region_0, column2: region_1)
place_goal_1_right_0
Action: Action(ActionType.PLACE, obj=/column0, slot=/goal_1,grasp=GraspType.RIGHT_0)
[EXEC] Placing at [-0.2749999999999999, 1.0750000000000006, 0.5] with grasp right_0

[INFO] Found 1280 potential configurations.
[WARN] No valid configuration found (all tested configs invalid).
[EXEC] Action ActionType.PLACE executed in 2.63 seconds
[ERROR] Action ActionType.PLACE failed for object /column0
Action duration: 0.001
[LOG] Transition logged to MongoDB: f3fb32f7-6c7b-4976-8005-709c6e29f096 - Episode 0
Action failed, stopping. Time elapsed: 0.001
Step 17
policy value 0.5085829496383667
State(column0: held, column1: region_0, column2: region_1)
place_goal_1_right_0
Action: Action(ActionType.PLACE, obj=/column0, slot=/goal_1,grasp=GraspType.RIGHT_0)
[EXEC] Placing at [-0.2749999999999999, 1.0750000000000006, 0.5] with grasp right_0

[INFO] Found 1216 potential configurations.
[WARN] No valid configuration found (all tested configs invalid).
[EXEC] Action ActionType.PLACE executed in 5.12 seconds
[ERROR] Action ActionType.PLACE failed for object /column0
Action duration: 0.001
[LOG] Transition logged to MongoDB: f3fb32f7-6c7b-4976-8005-709c6e29f096 - Episode 0
Action failed, stopping. Time elapsed: 0.001
Step 18
policy value 0.46963363885879517
State(column0: held, column1: region_0, column2: region_1)
place_goal_1_right_0
Action: Action(ActionType.PLACE, obj=/column0, slot=/goal_1,grasp=GraspType.RIGHT_0)
[EXEC] Placing at [-0.2749999999999999, 1.0750000000000006, 0.5] with grasp right_0

[INFO] Found 1792 potential configurations.
[WARN] No valid configuration found (all tested configs invalid).
[EXEC] Action ActionType.PLACE executed in 3.12 seconds
[ERROR] Action ActionType.PLACE failed for object /column0
Action duration: 0.001
[LOG] Transition logged to MongoDB: f3fb32f7-6c7b-4976-8005-709c6e29f096 - Episode 0
Action failed, stopping. Time elapsed: 0.001
Step 19
policy value 0.42996031045913696
State(column0: held, column1: region_0, column2: region_1)
place_goal_1_right_0
Action: Action(ActionType.PLACE, obj=/column0, slot=/goal_1,grasp=GraspType.RIGHT_0)
[EXEC] Placing at [-0.2749999999999999, 1.0750000000000006, 0.5] with grasp right_0

[INFO] Found 1536 potential configurations.
[INFO] Motion completed successfully with result: success,in execution time: 3.60 seconds
[INFO] Found a reachable configuration for place action after 1 attempts.
[INFO] Place action completed successfully.
realigning placed object /column0 to target position
[EXEC] Action ActionType.PLACE executed in 30.68 seconds
[SUCCESS] Action ActionType.PLACE succeeded for object /column0
Action duration: 3.5999999999993
[LOG] Transition logged to MongoDB: f3fb32f7-6c7b-4976-8005-709c6e29f096 - Episode 0
Step 20
policy value 0.3946996331214905
State(column0: goal_1, column1: region_0, column2: region_1)
pick_column0_top_0
Action: Action(ActionType.PICK, obj=/column0, slot=None,grasp=GraspType.TOP_0)
[EXEC] Picking /column0 with top_0

[INFO] Found 1536 potential configurations.
[INFO] Motion completed successfully with result: success,in execution time: 3.60 seconds
[INFO] Found a reachable configuration for pick action after 1 attempts.
Tip distance after pick: 0.02688177819270839
[INFO] Pick action completed successfully.in execution time: 3.60 seconds
[EXEC] Action ActionType.PICK executed in 19.00 seconds
[SUCCESS] Action ActionType.PICK succeeded for object /column0
Action duration: 3.5999999999993
[LOG] Transition logged to MongoDB: f3fb32f7-6c7b-4976-8005-709c6e29f096 - Episode 0
Step 21
policy value 0.3513041138648987
State(column0: held, column1: region_0, column2: region_1)
place_goal_1_right_0
Action: Action(ActionType.PLACE, obj=/column0, slot=/goal_1,grasp=GraspType.RIGHT_0)
[EXEC] Placing at [-0.2749999999999999, 1.0750000000000006, 0.5] with grasp right_0

[INFO] Found 2304 potential configurations.
[INFO] Motion completed successfully with result: success,in execution time: 3.40 seconds
[INFO] Found a reachable configuration for place action after 1 attempts.
[INFO] Place action completed successfully.
realigning placed object /column0 to target position
[EXEC] Action ActionType.PLACE executed in 31.44 seconds
[SUCCESS] Action ActionType.PLACE succeeded for object /column0
Action duration: 3.3999999999993
[LOG] Transition logged to MongoDB: f3fb32f7-6c7b-4976-8005-709c6e29f096 - Episode 0
Step 22
policy value 0.31599390506744385
State(column0: goal_1, column1: region_0, column2: region_1)
pick_column0_top_0
Action: Action(ActionType.PICK, obj=/column0, slot=None,grasp=GraspType.TOP_0)
[EXEC] Picking /column0 with top_0

[INFO] Found 2048 potential configurations.
[INFO] Motion completed successfully with result: success,in execution time: 3.60 seconds
[INFO] Found a reachable configuration for pick action after 1 attempts.
Tip distance after pick: 0.0273476020071443
[INFO] Pick action completed successfully.in execution time: 3.60 seconds
[EXEC] Action ActionType.PICK executed in 17.09 seconds
[SUCCESS] Action ActionType.PICK succeeded for object /column0
Action duration: 3.5999999999993
[LOG] Transition logged to MongoDB: f3fb32f7-6c7b-4976-8005-709c6e29f096 - Episode 0
Step 23
policy value 0.27259838581085205
State(column0: held, column1: region_0, column2: region_1)
place_goal_1_right_0
Action: Action(ActionType.PLACE, obj=/column0, slot=/goal_1,grasp=GraspType.RIGHT_0)
[EXEC] Placing at [-0.2749999999999999, 1.0750000000000006, 0.5] with grasp right_0

[INFO] Found 1856 potential configurations.
[WARN] No valid configuration found (all tested configs invalid).
[EXEC] Action ActionType.PLACE executed in 4.41 seconds
[ERROR] Action ActionType.PLACE failed for object /column0
Action duration: 0.001
[LOG] Transition logged to MongoDB: f3fb32f7-6c7b-4976-8005-709c6e29f096 - Episode 0
Action failed, stopping. Time elapsed: 0.001
Step 24
policy value 0.23437480628490448
State(column0: held, column1: region_0, column2: region_1)
place_goal_1_right_0
Action: Action(ActionType.PLACE, obj=/column0, slot=/goal_1,grasp=GraspType.RIGHT_0)
[EXEC] Placing at [-0.2749999999999999, 1.0750000000000006, 0.5] with grasp right_0

[INFO] Found 1792 potential configurations.
[INFO] Motion completed successfully with result: success,in execution time: 3.60 seconds
[INFO] Found a reachable configuration for place action after 1 attempts.
[INFO] Place action completed successfully.
realigning placed object /column0 to target position
[EXEC] Action ActionType.PLACE executed in 18.89 seconds
[SUCCESS] Action ActionType.PLACE succeeded for object /column0
Action duration: 3.5999999999993
[LOG] Transition logged to MongoDB: f3fb32f7-6c7b-4976-8005-709c6e29f096 - Episode 0
Step 25
policy value 0.19949328899383545
State(column0: goal_1, column1: region_0, column2: region_1)
pick_column0_top_0
Action: Action(ActionType.PICK, obj=/column0, slot=None,grasp=GraspType.TOP_0)
[EXEC] Picking /column0 with top_0

[INFO] Found 1920 potential configurations.
[INFO] Motion completed successfully with result: success,in execution time: 3.60 seconds
[INFO] Found a reachable configuration for pick action after 1 attempts.
Tip distance after pick: 0.026853412282960697
[INFO] Pick action completed successfully.in execution time: 3.60 seconds
[EXEC] Action ActionType.PICK executed in 23.80 seconds
[SUCCESS] Action ActionType.PICK succeeded for object /column0
Action duration: 3.5999999999993
[LOG] Transition logged to MongoDB: f3fb32f7-6c7b-4976-8005-709c6e29f096 - Episode 0
Step 26
policy value 0.15609776973724365
State(column0: held, column1: region_0, column2: region_1)
place_goal_1_right_0
Action: Action(ActionType.PLACE, obj=/column0, slot=/goal_1,grasp=GraspType.RIGHT_0)
[EXEC] Placing at [-0.2749999999999999, 1.0750000000000006, 0.5] with grasp right_0

[INFO] Found 1344 potential configurations.
[ERROR] Motion failed (collision or invalid path)
[ERROR] Motion result: no_path
[WARN] Failed to find a path to the selected place config on attempt 1.
[WARN] No path found to selected place config, discarding and trying next valid config...
[INFO] Motion completed successfully with result: success,in execution time: 3.60 seconds
[INFO] Found a reachable configuration for place action after 2 attempts.
[INFO] Place action completed successfully.
realigning placed object /column0 to target position
[EXEC] Action ActionType.PLACE executed in 23.89 seconds
[SUCCESS] Action ActionType.PLACE succeeded for object /column0
Action duration: 3.600000000001
[LOG] Transition logged to MongoDB: f3fb32f7-6c7b-4976-8005-709c6e29f096 - Episode 0
Step 27
policy value 0.12134749442338943
State(column0: goal_1, column1: region_0, column2: region_1)
pick_column0_top_0
Action: Action(ActionType.PICK, obj=/column0, slot=None,grasp=GraspType.TOP_0)
[EXEC] Picking /column0 with top_0

[INFO] Found 1856 potential configurations.
[INFO] Motion completed successfully with result: success,in execution time: 3.36 seconds
[INFO] Found a reachable configuration for pick action after 1 attempts.
Tip distance after pick: 0.02656548352435838
[INFO] Pick action completed successfully.in execution time: 3.36 seconds
[EXEC] Action ActionType.PICK executed in 23.88 seconds
[SUCCESS] Action ActionType.PICK succeeded for object /column0
Action duration: 3.3600000000017
[LOG] Transition logged to MongoDB: f3fb32f7-6c7b-4976-8005-709c6e29f096 - Episode 0
Step 28
policy value 0.07795196771621704
State(column0: held, column1: region_0, column2: region_1)
place_goal_1_right_0
Action: Action(ActionType.PLACE, obj=/column0, slot=/goal_1,grasp=GraspType.RIGHT_0)
[EXEC] Placing at [-0.2749999999999999, 1.0750000000000006, 0.5] with grasp right_0

[INFO] Found 1408 potential configurations.
[INFO] Motion completed successfully with result: success,in execution time: 3.36 seconds
[INFO] Found a reachable configuration for place action after 1 attempts.
[INFO] Place action completed successfully.
realigning placed object /column0 to target position
[EXEC] Action ActionType.PLACE executed in 21.76 seconds
[SUCCESS] Action ActionType.PLACE succeeded for object /column0
Action duration: 3.3600000000017
[LOG] Transition logged to MongoDB: f3fb32f7-6c7b-4976-8005-709c6e29f096 - Episode 0
Step 29
policy value 0.043395526707172394
State(column0: goal_1, column1: region_0, column2: region_1)
pick_column0_top_0
Action: Action(ActionType.PICK, obj=/column0, slot=None,grasp=GraspType.TOP_0)
[EXEC] Picking /column0 with top_0

[INFO] Found 1664 potential configurations.
[INFO] Motion completed successfully with result: success,in execution time: 3.36 seconds
[INFO] Found a reachable configuration for pick action after 1 attempts.
Tip distance after pick: 0.025813500091796743
[INFO] Pick action completed successfully.in execution time: 3.36 seconds
[EXEC] Action ActionType.PICK executed in 17.63 seconds
[SUCCESS] Action ActionType.PICK succeeded for object /column0
Action duration: 3.3600000000017
[LOG] Transition logged to MongoDB: f3fb32f7-6c7b-4976-8005-709c6e29f096 - Episode 0
Step 30
policy value None
No more valid actions in policy
Episode 2 ended
Revising policy
USING STORM: False
Reading data from MongoDB...
Total option moiton param combinations 36
Collected combinations 36
Building state to idx mapping...
Building option ensembles...
pick_column0_top_0: Identifying enabled states...
pick_column0_top_0: Splitting up datasets...
pick_column0_top_0: Learning DBNS...
pick_column0_top_0: Building transition dicts for each DBN
pick_column0_top_0: Starting process for DBN 0
pick_column0_top_0: Starting process for DBN 1
pick_column0_top_0: Starting process for DBN 2
pick_column0_top_0: Starting process for DBN 3
pick_column0_top_0: Received dict for DBN 0
pick_column0_top_0: Received dict for DBN 1
pick_column0_top_0: Received dict for DBN 2
pick_column0_top_0: Received dict for DBN 3
pick_column0_top_0: Sampling transitions and computing reward
pick_column0_top_0: Building transition/reward matrices
pick_column0_left_0: Identifying enabled states...
pick_column0_left_0: Splitting up datasets...
pick_column0_left_0: Learning DBNS...
pick_column0_left_0: Building transition dicts for each DBN
pick_column0_left_0: Starting process for DBN 0
pick_column0_left_0: Starting process for DBN 1
pick_column0_left_0: Starting process for DBN 2
pick_column0_left_0: Starting process for DBN 3
pick_column0_left_0: Received dict for DBN 1
pick_column0_left_0: Received dict for DBN 0
pick_column0_left_0: Received dict for DBN 2
pick_column0_left_0: Received dict for DBN 3
pick_column0_left_0: Sampling transitions and computing reward
pick_column0_left_0: Building transition/reward matrices
pick_column0_right_0: Identifying enabled states...
pick_column0_right_0: Splitting up datasets...
pick_column0_right_0: Learning DBNS...
pick_column0_right_0: Building transition dicts for each DBN
pick_column0_right_0: Starting process for DBN 0
pick_column0_right_0: Starting process for DBN 1
pick_column0_right_0: Starting process for DBN 2
pick_column0_right_0: Starting process for DBN 3
pick_column0_right_0: Received dict for DBN 0
pick_column0_right_0: Received dict for DBN 1
pick_column0_right_0: Received dict for DBN 2
pick_column0_right_0: Received dict for DBN 3
pick_column0_right_0: Sampling transitions and computing reward
pick_column0_right_0: Building transition/reward matrices
pick_column0_front_270: Identifying enabled states...
pick_column0_front_270: Splitting up datasets...
pick_column0_front_270: Learning DBNS...
pick_column0_front_270: Building transition dicts for each DBN
pick_column0_front_270: Starting process for DBN 0
pick_column0_front_270: Starting process for DBN 1
pick_column0_front_270: Starting process for DBN 2
pick_column0_front_270: Starting process for DBN 3
pick_column0_front_270: Received dict for DBN 0
pick_column0_front_270: Received dict for DBN 1
pick_column0_front_270: Received dict for DBN 2
pick_column0_front_270: Received dict for DBN 3
pick_column0_front_270: Sampling transitions and computing reward
pick_column0_front_270: Building transition/reward matrices
pick_column1_top_0: Identifying enabled states...
pick_column1_top_0: Splitting up datasets...
pick_column1_top_0: Learning DBNS...
pick_column1_top_0: Building transition dicts for each DBN
pick_column1_top_0: Starting process for DBN 0
pick_column1_top_0: Starting process for DBN 1
pick_column1_top_0: Starting process for DBN 2
pick_column1_top_0: Starting process for DBN 3
pick_column1_top_0: Received dict for DBN 0
pick_column1_top_0: Received dict for DBN 1
pick_column1_top_0: Received dict for DBN 2
pick_column1_top_0: Received dict for DBN 3
pick_column1_top_0: Sampling transitions and computing reward
pick_column1_top_0: Building transition/reward matrices
pick_column1_left_0: Identifying enabled states...
pick_column1_left_0: Splitting up datasets...
pick_column1_left_0: Learning DBNS...
pick_column1_left_0: Building transition dicts for each DBN
pick_column1_left_0: Starting process for DBN 0
pick_column1_left_0: Starting process for DBN 1
pick_column1_left_0: Starting process for DBN 2
pick_column1_left_0: Starting process for DBN 3
pick_column1_left_0: Received dict for DBN 0
pick_column1_left_0: Received dict for DBN 1
pick_column1_left_0: Received dict for DBN 2
pick_column1_left_0: Received dict for DBN 3
pick_column1_left_0: Sampling transitions and computing reward
pick_column1_left_0: Building transition/reward matrices
pick_column1_right_0: Identifying enabled states...
pick_column1_right_0: Splitting up datasets...
pick_column1_right_0: Learning DBNS...
pick_column1_right_0: Building transition dicts for each DBN
pick_column1_right_0: Starting process for DBN 0
pick_column1_right_0: Starting process for DBN 1
pick_column1_right_0: Starting process for DBN 2
pick_column1_right_0: Starting process for DBN 3
pick_column1_right_0: Received dict for DBN 0
pick_column1_right_0: Received dict for DBN 2
pick_column1_right_0: Received dict for DBN 1
pick_column1_right_0: Received dict for DBN 3
pick_column1_right_0: Sampling transitions and computing reward
pick_column1_right_0: Building transition/reward matrices
pick_column1_front_270: Identifying enabled states...
pick_column1_front_270: Splitting up datasets...
pick_column1_front_270: Learning DBNS...
pick_column1_front_270: Building transition dicts for each DBN
pick_column1_front_270: Starting process for DBN 0
pick_column1_front_270: Starting process for DBN 1
pick_column1_front_270: Starting process for DBN 2
pick_column1_front_270: Starting process for DBN 3
pick_column1_front_270: Received dict for DBN 0
pick_column1_front_270: Received dict for DBN 2
pick_column1_front_270: Received dict for DBN 1
pick_column1_front_270: Received dict for DBN 3
pick_column1_front_270: Sampling transitions and computing reward
pick_column1_front_270: Building transition/reward matrices
pick_column2_top_0: Identifying enabled states...
pick_column2_top_0: Splitting up datasets...
pick_column2_top_0: Learning DBNS...
pick_column2_top_0: Building transition dicts for each DBN
pick_column2_top_0: Starting process for DBN 0
pick_column2_top_0: Starting process for DBN 1
pick_column2_top_0: Starting process for DBN 2
pick_column2_top_0: Starting process for DBN 3
pick_column2_top_0: Received dict for DBN 0
pick_column2_top_0: Received dict for DBN 1
pick_column2_top_0: Received dict for DBN 2
pick_column2_top_0: Received dict for DBN 3
pick_column2_top_0: Sampling transitions and computing reward
pick_column2_top_0: Building transition/reward matrices
pick_column2_left_0: Identifying enabled states...
pick_column2_left_0: Splitting up datasets...
pick_column2_left_0: Learning DBNS...
pick_column2_left_0: Building transition dicts for each DBN
pick_column2_left_0: Starting process for DBN 0
pick_column2_left_0: Starting process for DBN 1
pick_column2_left_0: Starting process for DBN 2
pick_column2_left_0: Starting process for DBN 3
pick_column2_left_0: Received dict for DBN 0
pick_column2_left_0: Received dict for DBN 1
pick_column2_left_0: Received dict for DBN 2
pick_column2_left_0: Received dict for DBN 3
pick_column2_left_0: Sampling transitions and computing reward
pick_column2_left_0: Building transition/reward matrices
pick_column2_right_0: Identifying enabled states...
pick_column2_right_0: Splitting up datasets...
pick_column2_right_0: Learning DBNS...
pick_column2_right_0: Building transition dicts for each DBN
pick_column2_right_0: Starting process for DBN 0
pick_column2_right_0: Starting process for DBN 1
pick_column2_right_0: Starting process for DBN 2
pick_column2_right_0: Starting process for DBN 3
pick_column2_right_0: Received dict for DBN 0
pick_column2_right_0: Received dict for DBN 1
pick_column2_right_0: Received dict for DBN 2
pick_column2_right_0: Received dict for DBN 3
pick_column2_right_0: Sampling transitions and computing reward
pick_column2_right_0: Building transition/reward matrices
pick_column2_front_270: Identifying enabled states...
pick_column2_front_270: Splitting up datasets...
pick_column2_front_270: Learning DBNS...
pick_column2_front_270: Building transition dicts for each DBN
pick_column2_front_270: Starting process for DBN 0
pick_column2_front_270: Starting process for DBN 1
pick_column2_front_270: Starting process for DBN 2
pick_column2_front_270: Starting process for DBN 3
pick_column2_front_270: Received dict for DBN 0
pick_column2_front_270: Received dict for DBN 1
pick_column2_front_270: Received dict for DBN 3
pick_column2_front_270: Received dict for DBN 2
pick_column2_front_270: Sampling transitions and computing reward
pick_column2_front_270: Building transition/reward matrices
place_goal_0_top_0: Identifying enabled states...
place_goal_0_top_0: Splitting up datasets...
place_goal_0_top_0: Learning DBNS...
place_goal_0_top_0: Building transition dicts for each DBN
place_goal_0_top_0: Starting process for DBN 0
place_goal_0_top_0: Starting process for DBN 1
place_goal_0_top_0: Starting process for DBN 2
place_goal_0_top_0: Starting process for DBN 3
place_goal_0_top_0: Received dict for DBN 3
place_goal_0_top_0: Received dict for DBN 0
place_goal_0_top_0: Received dict for DBN 1
place_goal_0_top_0: Received dict for DBN 2
place_goal_0_top_0: Sampling transitions and computing reward
place_goal_0_top_0: Building transition/reward matrices
place_goal_0_left_0: Identifying enabled states...
place_goal_0_left_0: Splitting up datasets...
place_goal_0_left_0: Learning DBNS...
place_goal_0_left_0: Building transition dicts for each DBN
place_goal_0_left_0: Starting process for DBN 0
place_goal_0_left_0: Starting process for DBN 1
place_goal_0_left_0: Starting process for DBN 2
place_goal_0_left_0: Starting process for DBN 3
place_goal_0_left_0: Received dict for DBN 0
place_goal_0_left_0: Received dict for DBN 1
place_goal_0_left_0: Received dict for DBN 2
place_goal_0_left_0: Received dict for DBN 3
place_goal_0_left_0: Sampling transitions and computing reward
place_goal_0_left_0: Building transition/reward matrices
place_goal_0_right_0: Identifying enabled states...
place_goal_0_right_0: Splitting up datasets...
place_goal_0_right_0: Learning DBNS...
place_goal_0_right_0: Building transition dicts for each DBN
place_goal_0_right_0: Starting process for DBN 0
place_goal_0_right_0: Starting process for DBN 1
place_goal_0_right_0: Starting process for DBN 2
place_goal_0_right_0: Starting process for DBN 3
place_goal_0_right_0: Received dict for DBN 1
place_goal_0_right_0: Received dict for DBN 0
place_goal_0_right_0: Received dict for DBN 2
place_goal_0_right_0: Received dict for DBN 3
place_goal_0_right_0: Sampling transitions and computing reward
place_goal_0_right_0: Building transition/reward matrices
place_goal_0_front_270: Identifying enabled states...
place_goal_0_front_270: Splitting up datasets...
place_goal_0_front_270: Learning DBNS...
place_goal_0_front_270: Building transition dicts for each DBN
place_goal_0_front_270: Starting process for DBN 0
place_goal_0_front_270: Starting process for DBN 1
place_goal_0_front_270: Starting process for DBN 2
place_goal_0_front_270: Starting process for DBN 3
place_goal_0_front_270: Received dict for DBN 2
place_goal_0_front_270: Received dict for DBN 3
place_goal_0_front_270: Received dict for DBN 1
place_goal_0_front_270: Received dict for DBN 0
place_goal_0_front_270: Sampling transitions and computing reward
place_goal_0_front_270: Building transition/reward matrices
place_goal_1_top_0: Identifying enabled states...
place_goal_1_top_0: Splitting up datasets...
place_goal_1_top_0: Learning DBNS...
place_goal_1_top_0: Building transition dicts for each DBN
place_goal_1_top_0: Starting process for DBN 0
place_goal_1_top_0: Starting process for DBN 1
place_goal_1_top_0: Starting process for DBN 2
place_goal_1_top_0: Starting process for DBN 3
place_goal_1_top_0: Received dict for DBN 2
place_goal_1_top_0: Received dict for DBN 1
place_goal_1_top_0: Received dict for DBN 0
place_goal_1_top_0: Received dict for DBN 3
place_goal_1_top_0: Sampling transitions and computing reward
place_goal_1_top_0: Building transition/reward matrices
place_goal_1_left_0: Identifying enabled states...
place_goal_1_left_0: Splitting up datasets...
place_goal_1_left_0: Learning DBNS...
place_goal_1_left_0: Building transition dicts for each DBN
place_goal_1_left_0: Starting process for DBN 0
place_goal_1_left_0: Starting process for DBN 1
place_goal_1_left_0: Starting process for DBN 2
place_goal_1_left_0: Starting process for DBN 3
place_goal_1_left_0: Received dict for DBN 0
place_goal_1_left_0: Received dict for DBN 1
place_goal_1_left_0: Received dict for DBN 2
place_goal_1_left_0: Received dict for DBN 3
place_goal_1_left_0: Sampling transitions and computing reward
place_goal_1_left_0: Building transition/reward matrices
place_goal_1_right_0: Identifying enabled states...
place_goal_1_right_0: Splitting up datasets...
place_goal_1_right_0: Learning DBNS...
place_goal_1_right_0: Building transition dicts for each DBN
place_goal_1_right_0: Starting process for DBN 0
place_goal_1_right_0: Starting process for DBN 1
place_goal_1_right_0: Starting process for DBN 2
place_goal_1_right_0: Starting process for DBN 3
place_goal_1_right_0: Received dict for DBN 2
place_goal_1_right_0: Received dict for DBN 3
place_goal_1_right_0: Received dict for DBN 0
place_goal_1_right_0: Received dict for DBN 1
place_goal_1_right_0: Sampling transitions and computing reward
place_goal_1_right_0: Building transition/reward matrices
place_goal_1_front_270: Identifying enabled states...
place_goal_1_front_270: Splitting up datasets...
place_goal_1_front_270: Learning DBNS...
place_goal_1_front_270: Building transition dicts for each DBN
place_goal_1_front_270: Starting process for DBN 0
place_goal_1_front_270: Starting process for DBN 1
place_goal_1_front_270: Starting process for DBN 2
place_goal_1_front_270: Starting process for DBN 3
place_goal_1_front_270: Received dict for DBN 3
place_goal_1_front_270: Received dict for DBN 1
place_goal_1_front_270: Received dict for DBN 0
place_goal_1_front_270: Received dict for DBN 2
place_goal_1_front_270: Sampling transitions and computing reward
place_goal_1_front_270: Building transition/reward matrices
place_goal_2_top_0: Identifying enabled states...
place_goal_2_top_0: Splitting up datasets...
place_goal_2_top_0: Learning DBNS...
place_goal_2_top_0: Building transition dicts for each DBN
place_goal_2_top_0: Starting process for DBN 0
place_goal_2_top_0: Starting process for DBN 1
place_goal_2_top_0: Starting process for DBN 2
place_goal_2_top_0: Starting process for DBN 3
place_goal_2_top_0: Received dict for DBN 0
place_goal_2_top_0: Received dict for DBN 1
place_goal_2_top_0: Received dict for DBN 2
place_goal_2_top_0: Received dict for DBN 3
place_goal_2_top_0: Sampling transitions and computing reward
place_goal_2_top_0: Building transition/reward matrices
place_goal_2_left_0: Identifying enabled states...
place_goal_2_left_0: Splitting up datasets...
place_goal_2_left_0: Learning DBNS...
place_goal_2_left_0: Building transition dicts for each DBN
place_goal_2_left_0: Starting process for DBN 0
place_goal_2_left_0: Starting process for DBN 1
place_goal_2_left_0: Starting process for DBN 2
place_goal_2_left_0: Starting process for DBN 3
place_goal_2_left_0: Received dict for DBN 0
place_goal_2_left_0: Received dict for DBN 1
place_goal_2_left_0: Received dict for DBN 2
place_goal_2_left_0: Received dict for DBN 3
place_goal_2_left_0: Sampling transitions and computing reward
place_goal_2_left_0: Building transition/reward matrices
place_goal_2_right_0: Identifying enabled states...
place_goal_2_right_0: Splitting up datasets...
place_goal_2_right_0: Learning DBNS...
place_goal_2_right_0: Building transition dicts for each DBN
place_goal_2_right_0: Starting process for DBN 0
place_goal_2_right_0: Starting process for DBN 1
place_goal_2_right_0: Starting process for DBN 2
place_goal_2_right_0: Starting process for DBN 3
place_goal_2_right_0: Received dict for DBN 0
place_goal_2_right_0: Received dict for DBN 1
place_goal_2_right_0: Received dict for DBN 3
place_goal_2_right_0: Received dict for DBN 2
place_goal_2_right_0: Sampling transitions and computing reward
place_goal_2_right_0: Building transition/reward matrices
place_goal_2_front_270: Identifying enabled states...
place_goal_2_front_270: Splitting up datasets...
place_goal_2_front_270: Learning DBNS...
place_goal_2_front_270: Building transition dicts for each DBN
place_goal_2_front_270: Starting process for DBN 0
place_goal_2_front_270: Starting process for DBN 1
place_goal_2_front_270: Starting process for DBN 2
place_goal_2_front_270: Starting process for DBN 3
place_goal_2_front_270: Received dict for DBN 0
place_goal_2_front_270: Received dict for DBN 1
place_goal_2_front_270: Received dict for DBN 2
place_goal_2_front_270: Received dict for DBN 3
place_goal_2_front_270: Sampling transitions and computing reward
place_goal_2_front_270: Building transition/reward matrices
place_region_0_top_0: Identifying enabled states...
place_region_0_top_0: Splitting up datasets...
place_region_0_top_0: Learning DBNS...
place_region_0_top_0: Building transition dicts for each DBN
place_region_0_top_0: Starting process for DBN 0
place_region_0_top_0: Starting process for DBN 1
place_region_0_top_0: Starting process for DBN 2
place_region_0_top_0: Starting process for DBN 3
place_region_0_top_0: Received dict for DBN 0
place_region_0_top_0: Received dict for DBN 1
place_region_0_top_0: Received dict for DBN 2
place_region_0_top_0: Received dict for DBN 3
place_region_0_top_0: Sampling transitions and computing reward
place_region_0_top_0: Building transition/reward matrices
place_region_0_left_0: Identifying enabled states...
place_region_0_left_0: Splitting up datasets...
place_region_0_left_0: Learning DBNS...
place_region_0_left_0: Building transition dicts for each DBN
place_region_0_left_0: Starting process for DBN 0
place_region_0_left_0: Starting process for DBN 1
place_region_0_left_0: Starting process for DBN 2
place_region_0_left_0: Starting process for DBN 3
place_region_0_left_0: Received dict for DBN 1
place_region_0_left_0: Received dict for DBN 0
place_region_0_left_0: Received dict for DBN 2
place_region_0_left_0: Received dict for DBN 3
place_region_0_left_0: Sampling transitions and computing reward
place_region_0_left_0: Building transition/reward matrices
place_region_0_right_0: Identifying enabled states...
place_region_0_right_0: Splitting up datasets...
place_region_0_right_0: Learning DBNS...
place_region_0_right_0: Building transition dicts for each DBN
place_region_0_right_0: Starting process for DBN 0
place_region_0_right_0: Starting process for DBN 1
place_region_0_right_0: Starting process for DBN 2
place_region_0_right_0: Starting process for DBN 3
place_region_0_right_0: Received dict for DBN 1
place_region_0_right_0: Received dict for DBN 0
place_region_0_right_0: Received dict for DBN 2
place_region_0_right_0: Received dict for DBN 3
place_region_0_right_0: Sampling transitions and computing reward
place_region_0_right_0: Building transition/reward matrices
place_region_0_front_270: Identifying enabled states...
place_region_0_front_270: Splitting up datasets...
place_region_0_front_270: Learning DBNS...
place_region_0_front_270: Building transition dicts for each DBN
place_region_0_front_270: Starting process for DBN 0
place_region_0_front_270: Starting process for DBN 1
place_region_0_front_270: Starting process for DBN 2
place_region_0_front_270: Starting process for DBN 3
place_region_0_front_270: Received dict for DBN 1
place_region_0_front_270: Received dict for DBN 0
place_region_0_front_270: Received dict for DBN 2
place_region_0_front_270: Received dict for DBN 3
place_region_0_front_270: Sampling transitions and computing reward
place_region_0_front_270: Building transition/reward matrices
place_region_1_top_0: Identifying enabled states...
place_region_1_top_0: Splitting up datasets...
place_region_1_top_0: Learning DBNS...
place_region_1_top_0: Building transition dicts for each DBN
place_region_1_top_0: Starting process for DBN 0
place_region_1_top_0: Starting process for DBN 1
place_region_1_top_0: Starting process for DBN 2
place_region_1_top_0: Starting process for DBN 3
place_region_1_top_0: Received dict for DBN 0
place_region_1_top_0: Received dict for DBN 1
place_region_1_top_0: Received dict for DBN 2
place_region_1_top_0: Received dict for DBN 3
place_region_1_top_0: Sampling transitions and computing reward
place_region_1_top_0: Building transition/reward matrices
place_region_1_left_0: Identifying enabled states...
place_region_1_left_0: Splitting up datasets...
place_region_1_left_0: Learning DBNS...
place_region_1_left_0: Building transition dicts for each DBN
place_region_1_left_0: Starting process for DBN 0
place_region_1_left_0: Starting process for DBN 1
place_region_1_left_0: Starting process for DBN 2
place_region_1_left_0: Starting process for DBN 3
place_region_1_left_0: Received dict for DBN 0
place_region_1_left_0: Received dict for DBN 1
place_region_1_left_0: Received dict for DBN 2
place_region_1_left_0: Received dict for DBN 3
place_region_1_left_0: Sampling transitions and computing reward
place_region_1_left_0: Building transition/reward matrices
place_region_1_right_0: Identifying enabled states...
place_region_1_right_0: Splitting up datasets...
place_region_1_right_0: Learning DBNS...
place_region_1_right_0: Building transition dicts for each DBN
place_region_1_right_0: Starting process for DBN 0
place_region_1_right_0: Starting process for DBN 1
place_region_1_right_0: Starting process for DBN 2
place_region_1_right_0: Starting process for DBN 3
place_region_1_right_0: Received dict for DBN 0
place_region_1_right_0: Received dict for DBN 1
place_region_1_right_0: Received dict for DBN 2
place_region_1_right_0: Received dict for DBN 3
place_region_1_right_0: Sampling transitions and computing reward
place_region_1_right_0: Building transition/reward matrices
place_region_1_front_270: Identifying enabled states...
place_region_1_front_270: Splitting up datasets...
place_region_1_front_270: Learning DBNS...
place_region_1_front_270: Building transition dicts for each DBN
place_region_1_front_270: Starting process for DBN 0
place_region_1_front_270: Starting process for DBN 1
place_region_1_front_270: Starting process for DBN 2
place_region_1_front_270: Starting process for DBN 3
place_region_1_front_270: Received dict for DBN 0
place_region_1_front_270: Received dict for DBN 1
place_region_1_front_270: Received dict for DBN 2
place_region_1_front_270: Received dict for DBN 3
place_region_1_front_270: Sampling transitions and computing reward
place_region_1_front_270: Building transition/reward matrices
place_region_2_top_0: Identifying enabled states...
place_region_2_top_0: Splitting up datasets...
place_region_2_top_0: Learning DBNS...
place_region_2_top_0: Building transition dicts for each DBN
place_region_2_top_0: Starting process for DBN 0
place_region_2_top_0: Starting process for DBN 1
place_region_2_top_0: Starting process for DBN 2
place_region_2_top_0: Starting process for DBN 3
place_region_2_top_0: Received dict for DBN 1
place_region_2_top_0: Received dict for DBN 0
place_region_2_top_0: Received dict for DBN 2
place_region_2_top_0: Received dict for DBN 3
place_region_2_top_0: Sampling transitions and computing reward
place_region_2_top_0: Building transition/reward matrices
place_region_2_left_0: Identifying enabled states...
place_region_2_left_0: Splitting up datasets...
place_region_2_left_0: Learning DBNS...
place_region_2_left_0: Building transition dicts for each DBN
place_region_2_left_0: Starting process for DBN 0
place_region_2_left_0: Starting process for DBN 1
place_region_2_left_0: Starting process for DBN 2
place_region_2_left_0: Starting process for DBN 3
place_region_2_left_0: Received dict for DBN 0
place_region_2_left_0: Received dict for DBN 1
place_region_2_left_0: Received dict for DBN 2
place_region_2_left_0: Received dict for DBN 3
place_region_2_left_0: Sampling transitions and computing reward
place_region_2_left_0: Building transition/reward matrices
place_region_2_right_0: Identifying enabled states...
place_region_2_right_0: Splitting up datasets...
place_region_2_right_0: Learning DBNS...
place_region_2_right_0: Building transition dicts for each DBN
place_region_2_right_0: Starting process for DBN 0
place_region_2_right_0: Starting process for DBN 1
place_region_2_right_0: Starting process for DBN 2
place_region_2_right_0: Starting process for DBN 3
place_region_2_right_0: Received dict for DBN 0
place_region_2_right_0: Received dict for DBN 1
place_region_2_right_0: Received dict for DBN 2
place_region_2_right_0: Received dict for DBN 3
place_region_2_right_0: Sampling transitions and computing reward
place_region_2_right_0: Building transition/reward matrices
place_region_2_front_270: Identifying enabled states...
place_region_2_front_270: Splitting up datasets...
place_region_2_front_270: Learning DBNS...
place_region_2_front_270: Building transition dicts for each DBN
place_region_2_front_270: Starting process for DBN 0
place_region_2_front_270: Starting process for DBN 1
place_region_2_front_270: Starting process for DBN 2
place_region_2_front_270: Starting process for DBN 3
place_region_2_front_270: Received dict for DBN 0
place_region_2_front_270: Received dict for DBN 3
place_region_2_front_270: Received dict for DBN 1
place_region_2_front_270: Received dict for DBN 2
place_region_2_front_270: Sampling transitions and computing reward
place_region_2_front_270: Building transition/reward matrices
Building MDP...
Synthesising Policy...
Solving MDP for timestep: 29
Solving MDP for timestep: 28
Solving MDP for timestep: 27
Solving MDP for timestep: 26
Solving MDP for timestep: 25
Solving MDP for timestep: 24
Solving MDP for timestep: 23
Solving MDP for timestep: 22
Solving MDP for timestep: 21
Solving MDP for timestep: 20
Solving MDP for timestep: 19
Solving MDP for timestep: 18
Solving MDP for timestep: 17
Solving MDP for timestep: 16
Solving MDP for timestep: 15
Solving MDP for timestep: 14
Solving MDP for timestep: 13
Solving MDP for timestep: 12
Solving MDP for timestep: 11
Solving MDP for timestep: 10
Solving MDP for timestep: 9
Solving MDP for timestep: 8
Solving MDP for timestep: 7
Solving MDP for timestep: 6
Solving MDP for timestep: 5
Solving MDP for timestep: 4
Solving MDP for timestep: 3
Solving MDP for timestep: 2
Solving MDP for timestep: 1
Solving MDP for timestep: 0
Resetting the scene for new episode
Step 0
policy value 7.43177604675293
State(column0: region_2, column1: region_0, column2: region_1)
pick_column1_top_0
Action: Action(ActionType.PICK, obj=/column1, slot=None,grasp=GraspType.TOP_0)
[EXEC] Picking /column1 with top_0

[INFO] Found 5312 potential configurations.
[INFO] Motion completed successfully with result: success,in execution time: 3.44 seconds
[INFO] Found a reachable configuration for pick action after 1 attempts.
Tip distance after pick: 0.028574004996843514
[INFO] Pick action completed successfully.in execution time: 3.44 seconds
[EXEC] Action ActionType.PICK executed in 18.87 seconds
[SUCCESS] Action ActionType.PICK succeeded for object /column1
Action duration: 3.44
[LOG] Transition logged to MongoDB: f3fb32f7-6c7b-4976-8005-709c6e29f096 - Episode 0
Step 1
policy value 7.43177604675293
State(column0: region_2, column1: held, column2: region_1)
place_goal_0_right_0
Action: Action(ActionType.PLACE, obj=/column1, slot=/goal_0,grasp=GraspType.RIGHT_0)
[EXEC] Placing at [-0.27499999999999986, 0.8250000000000005, 0.5] with grasp right_0

[INFO] Found 3840 potential configurations.
[INFO] Motion completed successfully with result: success,in execution time: 3.20 seconds
[INFO] Found a reachable configuration for place action after 1 attempts.
[INFO] Place action completed successfully.
realigning placed object /column1 to target position
[EXEC] Action ActionType.PLACE executed in 18.36 seconds
[SUCCESS] Action ActionType.PLACE succeeded for object /column1
Action duration: 3.1999999999999
[LOG] Transition logged to MongoDB: f3fb32f7-6c7b-4976-8005-709c6e29f096 - Episode 0
Step 2
policy value 7.404750823974609
State(column0: region_2, column1: goal_0, column2: region_1)
pick_column0_top_0
Action: Action(ActionType.PICK, obj=/column0, slot=None,grasp=GraspType.TOP_0)
[EXEC] Picking /column0 with top_0

[INFO] Found 2496 potential configurations.
[INFO] Motion completed successfully with result: success,in execution time: 3.12 seconds
[INFO] Found a reachable configuration for pick action after 1 attempts.
Tip distance after pick: 0.027189060143787552
[INFO] Pick action completed successfully.in execution time: 3.12 seconds
[EXEC] Action ActionType.PICK executed in 13.02 seconds
[SUCCESS] Action ActionType.PICK succeeded for object /column0
Action duration: 3.1199999999999
[LOG] Transition logged to MongoDB: f3fb32f7-6c7b-4976-8005-709c6e29f096 - Episode 0
Step 3
policy value 7.404750823974609
State(column0: held, column1: goal_0, column2: region_1)
place_goal_2_right_0
Action: Action(ActionType.PLACE, obj=/column0, slot=/goal_2,grasp=GraspType.RIGHT_0)
[EXEC] Placing at [-0.6000000000000001, 0.8250000000000003, 0.5] with grasp right_0

[INFO] Found 1856 potential configurations.
[INFO] Motion completed successfully with result: success,in execution time: 6.56 seconds
[INFO] Found a reachable configuration for place action after 1 attempts.
[INFO] Place action completed successfully.
realigning placed object /column0 to target position
[EXEC] Action ActionType.PLACE executed in 27.11 seconds
[SUCCESS] Action ActionType.PLACE succeeded for object /column0
Action duration: 6.5599999999999
[LOG] Transition logged to MongoDB: f3fb32f7-6c7b-4976-8005-709c6e29f096 - Episode 0
Step 4
policy value 6.732569217681885
State(column0: goal_2, column1: goal_0, column2: region_1)
pick_column1_right_0
Action: Action(ActionType.PICK, obj=/column1, slot=None,grasp=GraspType.RIGHT_0)
[EXEC] Picking /column1 with right_0

[INFO] Found 3840 potential configurations.
[INFO] Motion completed successfully with result: success,in execution time: 1.84 seconds
[INFO] Found a reachable configuration for pick action after 1 attempts.
Tip distance after pick: 0.02016851313033631
[INFO] Pick action completed successfully.in execution time: 1.84 seconds
[EXEC] Action ActionType.PICK executed in 14.25 seconds
[SUCCESS] Action ActionType.PICK succeeded for object /column1
Action duration: 1.84
[LOG] Transition logged to MongoDB: f3fb32f7-6c7b-4976-8005-709c6e29f096 - Episode 0
Step 5
policy value 6.730118274688721
State(column0: goal_2, column1: held, column2: region_1)
place_goal_1_top_0
Action: Action(ActionType.PLACE, obj=/column1, slot=/goal_1,grasp=GraspType.TOP_0)
[EXEC] Placing at [-0.2749999999999999, 1.0750000000000006, 0.5] with grasp top_0

[INFO] Found 1472 potential configurations.
[INFO] Motion completed successfully with result: success,in execution time: 3.36 seconds
[INFO] Found a reachable configuration for place action after 1 attempts.
[INFO] Place action completed successfully.
realigning placed object /column1 to target position
[EXEC] Action ActionType.PLACE executed in 14.58 seconds
[SUCCESS] Action ActionType.PLACE succeeded for object /column1
Action duration: 3.3599999999999
[LOG] Transition logged to MongoDB: f3fb32f7-6c7b-4976-8005-709c6e29f096 - Episode 0
Step 6
policy value 6.057505130767822
State(column0: goal_2, column1: goal_1, column2: region_1)
pick_column1_top_0
Action: Action(ActionType.PICK, obj=/column1, slot=None,grasp=GraspType.TOP_0)
[EXEC] Picking /column1 with top_0

[INFO] Found 1408 potential configurations.
[INFO] Motion completed successfully with result: success,in execution time: 1.76 seconds
[INFO] Found a reachable configuration for pick action after 1 attempts.
Tip distance after pick: 0.027278786025218
[INFO] Pick action completed successfully.in execution time: 1.76 seconds
[EXEC] Action ActionType.PICK executed in 14.19 seconds
[SUCCESS] Action ActionType.PICK succeeded for object /column1
Action duration: 1.7600000000003
[LOG] Transition logged to MongoDB: f3fb32f7-6c7b-4976-8005-709c6e29f096 - Episode 0
Step 7
policy value 6.057505130767822
State(column0: goal_2, column1: held, column2: region_1)
place_goal_1_top_0
Action: Action(ActionType.PLACE, obj=/column1, slot=/goal_1,grasp=GraspType.TOP_0)
[EXEC] Placing at [-0.2749999999999999, 1.0750000000000006, 0.5] with grasp top_0

[INFO] Found 1344 potential configurations.
[INFO] Motion completed successfully with result: success,in execution time: 0.36 seconds
[INFO] Found a reachable configuration for place action after 1 attempts.
[INFO] Place action completed successfully.
realigning placed object /column1 to target position
[EXEC] Action ActionType.PLACE executed in 10.87 seconds
[SUCCESS] Action ActionType.PLACE succeeded for object /column1
Action duration: 0.36000000000006
[LOG] Transition logged to MongoDB: f3fb32f7-6c7b-4976-8005-709c6e29f096 - Episode 0
Step 8
policy value 5.387694358825684
State(column0: goal_2, column1: goal_1, column2: region_1)
pick_column1_top_0
Action: Action(ActionType.PICK, obj=/column1, slot=None,grasp=GraspType.TOP_0)
[EXEC] Picking /column1 with top_0

[INFO] Found 1600 potential configurations.
[INFO] Motion completed successfully with result: success,in execution time: 1.76 seconds
[INFO] Found a reachable configuration for pick action after 1 attempts.
Tip distance after pick: 0.02626889432580297
[INFO] Pick action completed successfully.in execution time: 1.76 seconds
[EXEC] Action ActionType.PICK executed in 11.23 seconds
[SUCCESS] Action ActionType.PICK succeeded for object /column1
Action duration: 1.7600000000003
[LOG] Transition logged to MongoDB: f3fb32f7-6c7b-4976-8005-709c6e29f096 - Episode 0
Step 9
policy value 5.387694358825684
State(column0: goal_2, column1: held, column2: region_1)
place_goal_1_top_0
Action: Action(ActionType.PLACE, obj=/column1, slot=/goal_1,grasp=GraspType.TOP_0)
[EXEC] Placing at [-0.2749999999999999, 1.0750000000000006, 0.5] with grasp top_0

[INFO] Found 1664 potential configurations.
[INFO] Motion completed successfully with result: success,in execution time: 0.28 seconds
[INFO] Found a reachable configuration for place action after 1 attempts.
[INFO] Place action completed successfully.
realigning placed object /column1 to target position
[EXEC] Action ActionType.PLACE executed in 13.46 seconds
[SUCCESS] Action ActionType.PLACE succeeded for object /column1
Action duration: 0.28000000000004
[LOG] Transition logged to MongoDB: f3fb32f7-6c7b-4976-8005-709c6e29f096 - Episode 0
Step 10
policy value 4.721213340759277
State(column0: goal_2, column1: goal_1, column2: region_1)
pick_column1_top_0
Action: Action(ActionType.PICK, obj=/column1, slot=None,grasp=GraspType.TOP_0)
[EXEC] Picking /column1 with top_0

[INFO] Found 1408 potential configurations.
[INFO] Motion completed successfully with result: success,in execution time: 1.76 seconds
[INFO] Found a reachable configuration for pick action after 1 attempts.
Tip distance after pick: 0.027120363666322384
[INFO] Pick action completed successfully.in execution time: 1.76 seconds
[EXEC] Action ActionType.PICK executed in 13.56 seconds
[SUCCESS] Action ActionType.PICK succeeded for object /column1
Action duration: 1.7600000000003
[LOG] Transition logged to MongoDB: f3fb32f7-6c7b-4976-8005-709c6e29f096 - Episode 0
Step 11
policy value 4.721213340759277
State(column0: goal_2, column1: held, column2: region_1)
place_goal_1_top_0
Action: Action(ActionType.PLACE, obj=/column1, slot=/goal_1,grasp=GraspType.TOP_0)
[EXEC] Placing at [-0.2749999999999999, 1.0750000000000006, 0.5] with grasp top_0

[INFO] Found 832 potential configurations.
[INFO] Motion completed successfully with result: success,in execution time: 0.28 seconds
[INFO] Found a reachable configuration for place action after 1 attempts.
[INFO] Place action completed successfully.
realigning placed object /column1 to target position
[EXEC] Action ActionType.PLACE executed in 15.59 seconds
[SUCCESS] Action ActionType.PLACE succeeded for object /column1
Action duration: 0.28000000000004
[LOG] Transition logged to MongoDB: f3fb32f7-6c7b-4976-8005-709c6e29f096 - Episode 0
Step 12
policy value 4.059725761413574
State(column0: goal_2, column1: goal_1, column2: region_1)
pick_column1_top_0
Action: Action(ActionType.PICK, obj=/column1, slot=None,grasp=GraspType.TOP_0)
[EXEC] Picking /column1 with top_0

[INFO] Found 1088 potential configurations.
[INFO] Motion completed successfully with result: success,in execution time: 1.76 seconds
[INFO] Found a reachable configuration for pick action after 1 attempts.
Tip distance after pick: 0.026829349016745555
[INFO] Pick action completed successfully.in execution time: 1.76 seconds
[EXEC] Action ActionType.PICK executed in 18.33 seconds
[SUCCESS] Action ActionType.PICK succeeded for object /column1
Action duration: 1.7600000000003
[LOG] Transition logged to MongoDB: f3fb32f7-6c7b-4976-8005-709c6e29f096 - Episode 0
Step 13
policy value 4.059725761413574
State(column0: goal_2, column1: held, column2: region_1)
place_goal_1_top_0
Action: Action(ActionType.PLACE, obj=/column1, slot=/goal_1,grasp=GraspType.TOP_0)
[EXEC] Placing at [-0.2749999999999999, 1.0750000000000006, 0.5] with grasp top_0

[INFO] Found 1728 potential configurations.
[INFO] Motion completed successfully with result: success,in execution time: 0.32 seconds
[INFO] Found a reachable configuration for place action after 1 attempts.
[INFO] Place action completed successfully.
realigning placed object /column1 to target position
[EXEC] Action ActionType.PLACE executed in 17.28 seconds
[SUCCESS] Action ActionType.PLACE succeeded for object /column1
Action duration: 0.31999999999994
[LOG] Transition logged to MongoDB: f3fb32f7-6c7b-4976-8005-709c6e29f096 - Episode 0
Step 14
policy value 3.406909942626953
State(column0: goal_2, column1: goal_1, column2: region_1)
pick_column1_top_0
Action: Action(ActionType.PICK, obj=/column1, slot=None,grasp=GraspType.TOP_0)
[EXEC] Picking /column1 with top_0

[INFO] Found 1664 potential configurations.
[INFO] Motion completed successfully with result: success,in execution time: 1.72 seconds
[INFO] Found a reachable configuration for pick action after 1 attempts.
Tip distance after pick: 0.02742589673881056
[INFO] Pick action completed successfully.in execution time: 1.72 seconds
[EXEC] Action ActionType.PICK executed in 16.53 seconds
[SUCCESS] Action ActionType.PICK succeeded for object /column1
Action duration: 1.7199999999997
[LOG] Transition logged to MongoDB: f3fb32f7-6c7b-4976-8005-709c6e29f096 - Episode 0
Step 15
policy value 3.406909942626953
State(column0: goal_2, column1: held, column2: region_1)
place_goal_1_top_0
Action: Action(ActionType.PLACE, obj=/column1, slot=/goal_1,grasp=GraspType.TOP_0)
[EXEC] Placing at [-0.2749999999999999, 1.0750000000000006, 0.5] with grasp top_0

[INFO] Found 1344 potential configurations.
[INFO] Motion completed successfully with result: success,in execution time: 0.24 seconds
[INFO] Found a reachable configuration for place action after 1 attempts.
[INFO] Place action completed successfully.
realigning placed object /column1 to target position
[EXEC] Action ActionType.PLACE executed in 12.02 seconds
[SUCCESS] Action ActionType.PLACE succeeded for object /column1
Action duration: 0.23999999999995
[LOG] Transition logged to MongoDB: f3fb32f7-6c7b-4976-8005-709c6e29f096 - Episode 0
Step 16
policy value 2.7683017253875732
State(column0: goal_2, column1: goal_1, column2: region_1)
pick_column1_top_0
Action: Action(ActionType.PICK, obj=/column1, slot=None,grasp=GraspType.TOP_0)
[EXEC] Picking /column1 with top_0

[INFO] Found 1920 potential configurations.
[INFO] Motion completed successfully with result: success,in execution time: 1.76 seconds
[INFO] Found a reachable configuration for pick action after 1 attempts.
Tip distance after pick: 0.027274586225625983
[INFO] Pick action completed successfully.in execution time: 1.76 seconds
[EXEC] Action ActionType.PICK executed in 11.00 seconds
[SUCCESS] Action ActionType.PICK succeeded for object /column1
Action duration: 1.7599999999996
[LOG] Transition logged to MongoDB: f3fb32f7-6c7b-4976-8005-709c6e29f096 - Episode 0
Step 17
policy value 2.7683017253875732
State(column0: goal_2, column1: held, column2: region_1)
place_goal_1_top_0
Action: Action(ActionType.PLACE, obj=/column1, slot=/goal_1,grasp=GraspType.TOP_0)
[EXEC] Placing at [-0.2749999999999999, 1.0750000000000006, 0.5] with grasp top_0

[INFO] Found 1856 potential configurations.
[INFO] Motion completed successfully with result: success,in execution time: 0.32 seconds
[INFO] Found a reachable configuration for place action after 1 attempts.
[INFO] Place action completed successfully.
realigning placed object /column1 to target position
[EXEC] Action ActionType.PLACE executed in 12.60 seconds
[SUCCESS] Action ActionType.PLACE succeeded for object /column1
Action duration: 0.31999999999994
[LOG] Transition logged to MongoDB: f3fb32f7-6c7b-4976-8005-709c6e29f096 - Episode 0
Step 18
policy value 2.1504287719726562
State(column0: goal_2, column1: goal_1, column2: region_1)
pick_column1_top_0
Action: Action(ActionType.PICK, obj=/column1, slot=None,grasp=GraspType.TOP_0)
[EXEC] Picking /column1 with top_0

[INFO] Found 1280 potential configurations.
[INFO] Motion completed successfully with result: success,in execution time: 1.76 seconds
[INFO] Found a reachable configuration for pick action after 1 attempts.
Tip distance after pick: 0.027630326958462247
[INFO] Pick action completed successfully.in execution time: 1.76 seconds
[EXEC] Action ActionType.PICK executed in 23.25 seconds
[SUCCESS] Action ActionType.PICK succeeded for object /column1
Action duration: 1.7599999999996
[LOG] Transition logged to MongoDB: f3fb32f7-6c7b-4976-8005-709c6e29f096 - Episode 0
Step 19
policy value 2.1504287719726562
State(column0: goal_2, column1: held, column2: region_1)
place_goal_1_top_0
Action: Action(ActionType.PLACE, obj=/column1, slot=/goal_1,grasp=GraspType.TOP_0)
[EXEC] Placing at [-0.2749999999999999, 1.0750000000000006, 0.5] with grasp top_0

[INFO] Found 1728 potential configurations.
[INFO] Motion completed successfully with result: success,in execution time: 0.32 seconds
[INFO] Found a reachable configuration for place action after 1 attempts.
[INFO] Place action completed successfully.
realigning placed object /column1 to target position
[EXEC] Action ActionType.PLACE executed in 15.75 seconds
[SUCCESS] Action ActionType.PLACE succeeded for object /column1
Action duration: 0.31999999999994
[LOG] Transition logged to MongoDB: f3fb32f7-6c7b-4976-8005-709c6e29f096 - Episode 0
Step 20
policy value 1.558901071548462
State(column0: goal_2, column1: goal_1, column2: region_1)
pick_column1_top_0
Action: Action(ActionType.PICK, obj=/column1, slot=None,grasp=GraspType.TOP_0)
[EXEC] Picking /column1 with top_0

[INFO] Found 2176 potential configurations.
[INFO] Motion completed successfully with result: success,in execution time: 1.76 seconds
[INFO] Found a reachable configuration for pick action after 1 attempts.
Tip distance after pick: 0.027037512137144004
[INFO] Pick action completed successfully.in execution time: 1.76 seconds
[EXEC] Action ActionType.PICK executed in 19.62 seconds
[SUCCESS] Action ActionType.PICK succeeded for object /column1
Action duration: 1.7599999999996
[LOG] Transition logged to MongoDB: f3fb32f7-6c7b-4976-8005-709c6e29f096 - Episode 0
Step 21
policy value 1.558901071548462
State(column0: goal_2, column1: held, column2: region_1)
place_goal_1_top_0
Action: Action(ActionType.PLACE, obj=/column1, slot=/goal_1,grasp=GraspType.TOP_0)
[EXEC] Placing at [-0.2749999999999999, 1.0750000000000006, 0.5] with grasp top_0

[INFO] Found 2048 potential configurations.
[INFO] Motion completed successfully with result: success,in execution time: 0.32 seconds
[INFO] Found a reachable configuration for place action after 1 attempts.
[INFO] Place action completed successfully.
realigning placed object /column1 to target position
[EXEC] Action ActionType.PLACE executed in 14.44 seconds
[SUCCESS] Action ActionType.PLACE succeeded for object /column1
Action duration: 0.31999999999994
[LOG] Transition logged to MongoDB: f3fb32f7-6c7b-4976-8005-709c6e29f096 - Episode 0
Step 22
policy value 1.010054588317871
State(column0: goal_2, column1: goal_1, column2: region_1)
pick_column1_top_0
Action: Action(ActionType.PICK, obj=/column1, slot=None,grasp=GraspType.TOP_0)
[EXEC] Picking /column1 with top_0

[INFO] Found 1472 potential configurations.
[INFO] Motion completed successfully with result: success,in execution time: 1.76 seconds
[INFO] Found a reachable configuration for pick action after 1 attempts.
Tip distance after pick: 0.026651779937171313
[INFO] Pick action completed successfully.in execution time: 1.76 seconds
[EXEC] Action ActionType.PICK executed in 14.75 seconds
[SUCCESS] Action ActionType.PICK succeeded for object /column1
Action duration: 1.7599999999996
[LOG] Transition logged to MongoDB: f3fb32f7-6c7b-4976-8005-709c6e29f096 - Episode 0
Step 23
policy value 1.010054588317871
State(column0: goal_2, column1: held, column2: region_1)
place_goal_1_top_0
Action: Action(ActionType.PLACE, obj=/column1, slot=/goal_1,grasp=GraspType.TOP_0)
[EXEC] Placing at [-0.2749999999999999, 1.0750000000000006, 0.5] with grasp top_0

[INFO] Found 1344 potential configurations.
[INFO] Motion completed successfully with result: success,in execution time: 0.32 seconds
[INFO] Found a reachable configuration for place action after 1 attempts.
[INFO] Place action completed successfully.
realigning placed object /column1 to target position
[EXEC] Action ActionType.PLACE executed in 15.59 seconds
[SUCCESS] Action ActionType.PLACE succeeded for object /column1
Action duration: 0.31999999999994
[LOG] Transition logged to MongoDB: f3fb32f7-6c7b-4976-8005-709c6e29f096 - Episode 0
Step 24
policy value 0.5145460367202759
State(column0: goal_2, column1: goal_1, column2: region_1)
pick_column1_top_0
Action: Action(ActionType.PICK, obj=/column1, slot=None,grasp=GraspType.TOP_0)
[EXEC] Picking /column1 with top_0

[INFO] Found 1024 potential configurations.
[INFO] Motion completed successfully with result: success,in execution time: 1.76 seconds
[INFO] Found a reachable configuration for pick action after 1 attempts.
Tip distance after pick: 0.026684712001821025
[INFO] Pick action completed successfully.in execution time: 1.76 seconds
[EXEC] Action ActionType.PICK executed in 14.96 seconds
[SUCCESS] Action ActionType.PICK succeeded for object /column1
Action duration: 1.7599999999996
[LOG] Transition logged to MongoDB: f3fb32f7-6c7b-4976-8005-709c6e29f096 - Episode 0
Step 25
policy value 0.5145460367202759
State(column0: goal_2, column1: held, column2: region_1)
place_goal_1_top_0
Action: Action(ActionType.PLACE, obj=/column1, slot=/goal_1,grasp=GraspType.TOP_0)
[EXEC] Placing at [-0.2749999999999999, 1.0750000000000006, 0.5] with grasp top_0

[INFO] Found 1920 potential configurations.
[INFO] Motion completed successfully with result: success,in execution time: 0.32 seconds
[INFO] Found a reachable configuration for place action after 1 attempts.
[INFO] Place action completed successfully.
realigning placed object /column1 to target position
[EXEC] Action ActionType.PLACE executed in 14.55 seconds
[SUCCESS] Action ActionType.PLACE succeeded for object /column1
Action duration: 0.31999999999994
[LOG] Transition logged to MongoDB: f3fb32f7-6c7b-4976-8005-709c6e29f096 - Episode 0
Step 26
policy value 0.21534037590026855
State(column0: goal_2, column1: goal_1, column2: region_1)
pick_column2_front_270
Action: Action(ActionType.PICK, obj=/column2, slot=None,grasp=GraspType.FRONT_270)
[EXEC] Picking /column2 with front_270

[INFO] Found 2432 potential configurations.
[INFO] Motion completed successfully with result: success,in execution time: 11.20 seconds
[INFO] Found a reachable configuration for pick action after 1 attempts.
Tip distance after pick: 0.01853123397642809
[INFO] Pick action completed successfully.in execution time: 11.20 seconds
[EXEC] Action ActionType.PICK executed in 30.57 seconds
[SUCCESS] Action ActionType.PICK succeeded for object /column2
Action duration: 11.200000000002
[LOG] Transition logged to MongoDB: f3fb32f7-6c7b-4976-8005-709c6e29f096 - Episode 0
Step 27
policy value 0.6897016763687134
State(column0: goal_2, column1: goal_1, column2: held)
place_goal_0_front_270
Action: Action(ActionType.PLACE, obj=/column2, slot=/goal_0,grasp=GraspType.FRONT_270)
[EXEC] Placing at [-0.27499999999999986, 0.8250000000000005, 0.5] with grasp front_270

[INFO] Found 4032 potential configurations.
[INFO] Motion completed successfully with result: success,in execution time: 15.64 seconds
[INFO] Found a reachable configuration for place action after 1 attempts.
[INFO] Place action completed successfully.
realigning placed object /column2 to target position
[EXEC] Action ActionType.PLACE executed in 42.51 seconds
[SUCCESS] Action ActionType.PLACE succeeded for object /column2
Action duration: 15.640000000008
[LOG] Transition logged to MongoDB: f3fb32f7-6c7b-4976-8005-709c6e29f096 - Episode 0
[LOG] Saving episode 0 to episode_00000_f3fb32f7-6c7b-4976-8005-709c6e29f096.yaml
[LOG] Episode saved: rl/dataset/episode_00000_f3fb32f7-6c7b-4976-8005-709c6e29f096.yaml
[LOG] Episode reset
Step 28
policy value 0.645505964756012
State(column0: goal_2, column1: goal_1, column2: goal_0)
pick_column0_right_0
Action: Action(ActionType.PICK, obj=/column0, slot=None,grasp=GraspType.RIGHT_0)
[EXEC] Picking /column0 with right_0

[INFO] Found 1472 potential configurations.
[WARN] No valid configuration found (all tested configs invalid).
[EXEC] Action ActionType.PICK executed in 2.06 seconds
[ERROR] Action ActionType.PICK failed for object /column0
Action duration: 0.001
[LOG] Transition logged to MongoDB: f3fb32f7-6c7b-4976-8005-709c6e29f096 - Episode 1
[LOG] Saving episode 1 to episode_00001_f3fb32f7-6c7b-4976-8005-709c6e29f096.yaml
[LOG] Episode saved: rl/dataset/episode_00001_f3fb32f7-6c7b-4976-8005-709c6e29f096.yaml
[LOG] Episode reset
Action failed, stopping. Time elapsed: 0.001
Step 29
policy value 0.032364897429943085
State(column0: goal_2, column1: goal_1, column2: goal_0)
pick_column1_right_0
Action: Action(ActionType.PICK, obj=/column1, slot=None,grasp=GraspType.RIGHT_0)
[EXEC] Picking /column1 with right_0

[INFO] Found 1088 potential configurations.
[INFO] Motion completed successfully with result: success,in execution time: 3.96 seconds
[INFO] Found a reachable configuration for pick action after 1 attempts.
Tip distance after pick: 0.018503705600880917
[INFO] Pick action completed successfully.in execution time: 3.96 seconds
[EXEC] Action ActionType.PICK executed in 25.22 seconds
[SUCCESS] Action ActionType.PICK succeeded for object /column1
Action duration: 3.960000000002
[LOG] Transition logged to MongoDB: f3fb32f7-6c7b-4976-8005-709c6e29f096 - Episode 2
[LOG] Saving episode 2 to episode_00002_f3fb32f7-6c7b-4976-8005-709c6e29f096.yaml
[LOG] Episode saved: rl/dataset/episode_00002_f3fb32f7-6c7b-4976-8005-709c6e29f096.yaml
[LOG] Episode reset
Step 30
policy value None
No more valid actions in policy
Episode 3 ended
Revising policy
USING STORM: False
Reading data from MongoDB...
Total option moiton param combinations 36
Collected combinations 36
Building state to idx mapping...
Building option ensembles...
pick_column0_top_0: Identifying enabled states...
pick_column0_top_0: Splitting up datasets...
pick_column0_top_0: Learning DBNS...
pick_column0_top_0: Building transition dicts for each DBN
pick_column0_top_0: Starting process for DBN 0
pick_column0_top_0: Starting process for DBN 1
pick_column0_top_0: Starting process for DBN 2
pick_column0_top_0: Starting process for DBN 3
pick_column0_top_0: Received dict for DBN 0
pick_column0_top_0: Received dict for DBN 1
pick_column0_top_0: Received dict for DBN 2
pick_column0_top_0: Received dict for DBN 3
pick_column0_top_0: Sampling transitions and computing reward
pick_column0_top_0: Building transition/reward matrices
pick_column0_left_0: Identifying enabled states...
pick_column0_left_0: Splitting up datasets...
pick_column0_left_0: Learning DBNS...
pick_column0_left_0: Building transition dicts for each DBN
pick_column0_left_0: Starting process for DBN 0
pick_column0_left_0: Starting process for DBN 1
pick_column0_left_0: Starting process for DBN 2
pick_column0_left_0: Starting process for DBN 3
pick_column0_left_0: Received dict for DBN 0
pick_column0_left_0: Received dict for DBN 1
pick_column0_left_0: Received dict for DBN 2
pick_column0_left_0: Received dict for DBN 3
pick_column0_left_0: Sampling transitions and computing reward
pick_column0_left_0: Building transition/reward matrices
pick_column0_right_0: Identifying enabled states...
pick_column0_right_0: Splitting up datasets...
pick_column0_right_0: Learning DBNS...
pick_column0_right_0: Building transition dicts for each DBN
pick_column0_right_0: Starting process for DBN 0
pick_column0_right_0: Starting process for DBN 1
pick_column0_right_0: Starting process for DBN 2
pick_column0_right_0: Starting process for DBN 3
pick_column0_right_0: Received dict for DBN 0
pick_column0_right_0: Received dict for DBN 1
pick_column0_right_0: Received dict for DBN 2
pick_column0_right_0: Received dict for DBN 3
pick_column0_right_0: Sampling transitions and computing reward
pick_column0_right_0: Building transition/reward matrices
pick_column0_front_270: Identifying enabled states...
pick_column0_front_270: Splitting up datasets...
pick_column0_front_270: Learning DBNS...
pick_column0_front_270: Building transition dicts for each DBN
pick_column0_front_270: Starting process for DBN 0
pick_column0_front_270: Starting process for DBN 1
pick_column0_front_270: Starting process for DBN 2
pick_column0_front_270: Starting process for DBN 3
pick_column0_front_270: Received dict for DBN 0
pick_column0_front_270: Received dict for DBN 1
pick_column0_front_270: Received dict for DBN 2
pick_column0_front_270: Received dict for DBN 3
pick_column0_front_270: Sampling transitions and computing reward
pick_column0_front_270: Building transition/reward matrices
pick_column1_top_0: Identifying enabled states...
pick_column1_top_0: Splitting up datasets...
pick_column1_top_0: Learning DBNS...
pick_column1_top_0: Building transition dicts for each DBN
pick_column1_top_0: Starting process for DBN 0
pick_column1_top_0: Starting process for DBN 1
pick_column1_top_0: Starting process for DBN 2
pick_column1_top_0: Starting process for DBN 3
pick_column1_top_0: Received dict for DBN 0
pick_column1_top_0: Received dict for DBN 1
pick_column1_top_0: Received dict for DBN 2
pick_column1_top_0: Received dict for DBN 3
pick_column1_top_0: Sampling transitions and computing reward
pick_column1_top_0: Building transition/reward matrices
pick_column1_left_0: Identifying enabled states...
pick_column1_left_0: Splitting up datasets...
pick_column1_left_0: Learning DBNS...
pick_column1_left_0: Building transition dicts for each DBN
pick_column1_left_0: Starting process for DBN 0
pick_column1_left_0: Starting process for DBN 1
pick_column1_left_0: Starting process for DBN 2
pick_column1_left_0: Starting process for DBN 3
pick_column1_left_0: Received dict for DBN 0
pick_column1_left_0: Received dict for DBN 1
pick_column1_left_0: Received dict for DBN 2
pick_column1_left_0: Received dict for DBN 3
pick_column1_left_0: Sampling transitions and computing reward
pick_column1_left_0: Building transition/reward matrices
pick_column1_right_0: Identifying enabled states...
pick_column1_right_0: Splitting up datasets...
pick_column1_right_0: Learning DBNS...
pick_column1_right_0: Building transition dicts for each DBN
pick_column1_right_0: Starting process for DBN 0
pick_column1_right_0: Starting process for DBN 1
pick_column1_right_0: Starting process for DBN 2
pick_column1_right_0: Starting process for DBN 3
pick_column1_right_0: Received dict for DBN 0
pick_column1_right_0: Received dict for DBN 1
pick_column1_right_0: Received dict for DBN 2
pick_column1_right_0: Received dict for DBN 3
pick_column1_right_0: Sampling transitions and computing reward
pick_column1_right_0: Building transition/reward matrices
pick_column1_front_270: Identifying enabled states...
pick_column1_front_270: Splitting up datasets...
pick_column1_front_270: Learning DBNS...
pick_column1_front_270: Building transition dicts for each DBN
pick_column1_front_270: Starting process for DBN 0
pick_column1_front_270: Starting process for DBN 1
pick_column1_front_270: Starting process for DBN 2
pick_column1_front_270: Starting process for DBN 3
pick_column1_front_270: Received dict for DBN 0
pick_column1_front_270: Received dict for DBN 1
pick_column1_front_270: Received dict for DBN 2
pick_column1_front_270: Received dict for DBN 3
pick_column1_front_270: Sampling transitions and computing reward
pick_column1_front_270: Building transition/reward matrices
pick_column2_top_0: Identifying enabled states...
pick_column2_top_0: Splitting up datasets...
pick_column2_top_0: Learning DBNS...
pick_column2_top_0: Building transition dicts for each DBN
pick_column2_top_0: Starting process for DBN 0
pick_column2_top_0: Starting process for DBN 1
pick_column2_top_0: Starting process for DBN 2
pick_column2_top_0: Starting process for DBN 3
pick_column2_top_0: Received dict for DBN 0
pick_column2_top_0: Received dict for DBN 1
pick_column2_top_0: Received dict for DBN 2
pick_column2_top_0: Received dict for DBN 3
pick_column2_top_0: Sampling transitions and computing reward
pick_column2_top_0: Building transition/reward matrices
pick_column2_left_0: Identifying enabled states...
pick_column2_left_0: Splitting up datasets...
pick_column2_left_0: Learning DBNS...
pick_column2_left_0: Building transition dicts for each DBN
pick_column2_left_0: Starting process for DBN 0
pick_column2_left_0: Starting process for DBN 1
pick_column2_left_0: Starting process for DBN 2
pick_column2_left_0: Starting process for DBN 3
pick_column2_left_0: Received dict for DBN 0
pick_column2_left_0: Received dict for DBN 1
pick_column2_left_0: Received dict for DBN 2
pick_column2_left_0: Received dict for DBN 3
pick_column2_left_0: Sampling transitions and computing reward
pick_column2_left_0: Building transition/reward matrices
pick_column2_right_0: Identifying enabled states...
pick_column2_right_0: Splitting up datasets...
pick_column2_right_0: Learning DBNS...
pick_column2_right_0: Building transition dicts for each DBN
pick_column2_right_0: Starting process for DBN 0
pick_column2_right_0: Starting process for DBN 1
pick_column2_right_0: Starting process for DBN 2
pick_column2_right_0: Starting process for DBN 3
pick_column2_right_0: Received dict for DBN 0
pick_column2_right_0: Received dict for DBN 1
pick_column2_right_0: Received dict for DBN 2
pick_column2_right_0: Received dict for DBN 3
pick_column2_right_0: Sampling transitions and computing reward
pick_column2_right_0: Building transition/reward matrices
pick_column2_front_270: Identifying enabled states...
pick_column2_front_270: Splitting up datasets...
pick_column2_front_270: Learning DBNS...
pick_column2_front_270: Building transition dicts for each DBN
pick_column2_front_270: Starting process for DBN 0
pick_column2_front_270: Starting process for DBN 1
pick_column2_front_270: Starting process for DBN 2
pick_column2_front_270: Starting process for DBN 3
pick_column2_front_270: Received dict for DBN 1
pick_column2_front_270: Received dict for DBN 0
pick_column2_front_270: Received dict for DBN 2
pick_column2_front_270: Received dict for DBN 3
pick_column2_front_270: Sampling transitions and computing reward
pick_column2_front_270: Building transition/reward matrices
place_goal_0_top_0: Identifying enabled states...
place_goal_0_top_0: Splitting up datasets...
place_goal_0_top_0: Learning DBNS...
place_goal_0_top_0: Building transition dicts for each DBN
place_goal_0_top_0: Starting process for DBN 0
place_goal_0_top_0: Starting process for DBN 1
place_goal_0_top_0: Starting process for DBN 2
place_goal_0_top_0: Starting process for DBN 3
place_goal_0_top_0: Received dict for DBN 0
place_goal_0_top_0: Received dict for DBN 1
place_goal_0_top_0: Received dict for DBN 2
place_goal_0_top_0: Received dict for DBN 3
place_goal_0_top_0: Sampling transitions and computing reward
place_goal_0_top_0: Building transition/reward matrices
place_goal_0_left_0: Identifying enabled states...
place_goal_0_left_0: Splitting up datasets...
place_goal_0_left_0: Learning DBNS...
place_goal_0_left_0: Building transition dicts for each DBN
place_goal_0_left_0: Starting process for DBN 0
place_goal_0_left_0: Starting process for DBN 1
place_goal_0_left_0: Starting process for DBN 2
place_goal_0_left_0: Starting process for DBN 3
place_goal_0_left_0: Received dict for DBN 0
place_goal_0_left_0: Received dict for DBN 1
place_goal_0_left_0: Received dict for DBN 2
place_goal_0_left_0: Received dict for DBN 3
place_goal_0_left_0: Sampling transitions and computing reward
place_goal_0_left_0: Building transition/reward matrices
place_goal_0_right_0: Identifying enabled states...
place_goal_0_right_0: Splitting up datasets...
place_goal_0_right_0: Learning DBNS...
place_goal_0_right_0: Building transition dicts for each DBN
place_goal_0_right_0: Starting process for DBN 0
place_goal_0_right_0: Starting process for DBN 1
place_goal_0_right_0: Starting process for DBN 2
place_goal_0_right_0: Starting process for DBN 3
place_goal_0_right_0: Received dict for DBN 0
place_goal_0_right_0: Received dict for DBN 1
place_goal_0_right_0: Received dict for DBN 2
place_goal_0_right_0: Received dict for DBN 3
place_goal_0_right_0: Sampling transitions and computing reward
place_goal_0_right_0: Building transition/reward matrices
place_goal_0_front_270: Identifying enabled states...
place_goal_0_front_270: Splitting up datasets...
place_goal_0_front_270: Learning DBNS...
place_goal_0_front_270: Building transition dicts for each DBN
place_goal_0_front_270: Starting process for DBN 0
place_goal_0_front_270: Starting process for DBN 1
place_goal_0_front_270: Starting process for DBN 2
place_goal_0_front_270: Starting process for DBN 3
place_goal_0_front_270: Received dict for DBN 1
place_goal_0_front_270: Received dict for DBN 0
place_goal_0_front_270: Received dict for DBN 2
place_goal_0_front_270: Received dict for DBN 3
place_goal_0_front_270: Sampling transitions and computing reward
place_goal_0_front_270: Building transition/reward matrices
place_goal_1_top_0: Identifying enabled states...
place_goal_1_top_0: Splitting up datasets...
place_goal_1_top_0: Learning DBNS...
place_goal_1_top_0: Building transition dicts for each DBN
place_goal_1_top_0: Starting process for DBN 0
place_goal_1_top_0: Starting process for DBN 1
place_goal_1_top_0: Starting process for DBN 2
place_goal_1_top_0: Starting process for DBN 3
place_goal_1_top_0: Received dict for DBN 0
place_goal_1_top_0: Received dict for DBN 2
place_goal_1_top_0: Received dict for DBN 1
place_goal_1_top_0: Received dict for DBN 3
place_goal_1_top_0: Sampling transitions and computing reward
place_goal_1_top_0: Building transition/reward matrices
place_goal_1_left_0: Identifying enabled states...
place_goal_1_left_0: Splitting up datasets...
place_goal_1_left_0: Learning DBNS...
place_goal_1_left_0: Building transition dicts for each DBN
place_goal_1_left_0: Starting process for DBN 0
place_goal_1_left_0: Starting process for DBN 1
place_goal_1_left_0: Starting process for DBN 2
place_goal_1_left_0: Starting process for DBN 3
place_goal_1_left_0: Received dict for DBN 0
place_goal_1_left_0: Received dict for DBN 1
place_goal_1_left_0: Received dict for DBN 2
place_goal_1_left_0: Received dict for DBN 3
place_goal_1_left_0: Sampling transitions and computing reward
place_goal_1_left_0: Building transition/reward matrices
place_goal_1_right_0: Identifying enabled states...
place_goal_1_right_0: Splitting up datasets...
place_goal_1_right_0: Learning DBNS...
place_goal_1_right_0: Building transition dicts for each DBN
place_goal_1_right_0: Starting process for DBN 0
place_goal_1_right_0: Starting process for DBN 1
place_goal_1_right_0: Starting process for DBN 2
place_goal_1_right_0: Starting process for DBN 3
place_goal_1_right_0: Received dict for DBN 2
place_goal_1_right_0: Received dict for DBN 1
place_goal_1_right_0: Received dict for DBN 0
place_goal_1_right_0: Received dict for DBN 3
place_goal_1_right_0: Sampling transitions and computing reward
place_goal_1_right_0: Building transition/reward matrices
place_goal_1_front_270: Identifying enabled states...
place_goal_1_front_270: Splitting up datasets...
place_goal_1_front_270: Learning DBNS...
place_goal_1_front_270: Building transition dicts for each DBN
place_goal_1_front_270: Starting process for DBN 0
place_goal_1_front_270: Starting process for DBN 1
place_goal_1_front_270: Starting process for DBN 2
place_goal_1_front_270: Starting process for DBN 3
place_goal_1_front_270: Received dict for DBN 3
place_goal_1_front_270: Received dict for DBN 1
place_goal_1_front_270: Received dict for DBN 0
place_goal_1_front_270: Received dict for DBN 2
place_goal_1_front_270: Sampling transitions and computing reward
place_goal_1_front_270: Building transition/reward matrices
place_goal_2_top_0: Identifying enabled states...
place_goal_2_top_0: Splitting up datasets...
place_goal_2_top_0: Learning DBNS...
place_goal_2_top_0: Building transition dicts for each DBN
place_goal_2_top_0: Starting process for DBN 0
place_goal_2_top_0: Starting process for DBN 1
place_goal_2_top_0: Starting process for DBN 2
place_goal_2_top_0: Starting process for DBN 3
place_goal_2_top_0: Received dict for DBN 0
place_goal_2_top_0: Received dict for DBN 1
place_goal_2_top_0: Received dict for DBN 2
place_goal_2_top_0: Received dict for DBN 3
place_goal_2_top_0: Sampling transitions and computing reward
place_goal_2_top_0: Building transition/reward matrices
place_goal_2_left_0: Identifying enabled states...
place_goal_2_left_0: Splitting up datasets...
place_goal_2_left_0: Learning DBNS...
place_goal_2_left_0: Building transition dicts for each DBN
place_goal_2_left_0: Starting process for DBN 0
place_goal_2_left_0: Starting process for DBN 1
place_goal_2_left_0: Starting process for DBN 2
place_goal_2_left_0: Starting process for DBN 3
place_goal_2_left_0: Received dict for DBN 0
place_goal_2_left_0: Received dict for DBN 1
place_goal_2_left_0: Received dict for DBN 2
place_goal_2_left_0: Received dict for DBN 3
place_goal_2_left_0: Sampling transitions and computing reward
place_goal_2_left_0: Building transition/reward matrices
place_goal_2_right_0: Identifying enabled states...
place_goal_2_right_0: Splitting up datasets...
place_goal_2_right_0: Learning DBNS...
place_goal_2_right_0: Building transition dicts for each DBN
place_goal_2_right_0: Starting process for DBN 0
place_goal_2_right_0: Starting process for DBN 1
place_goal_2_right_0: Starting process for DBN 2
place_goal_2_right_0: Starting process for DBN 3
place_goal_2_right_0: Received dict for DBN 3
place_goal_2_right_0: Received dict for DBN 0
place_goal_2_right_0: Received dict for DBN 2
place_goal_2_right_0: Received dict for DBN 1
place_goal_2_right_0: Sampling transitions and computing reward
place_goal_2_right_0: Building transition/reward matrices
place_goal_2_front_270: Identifying enabled states...
place_goal_2_front_270: Splitting up datasets...
place_goal_2_front_270: Learning DBNS...
place_goal_2_front_270: Building transition dicts for each DBN
place_goal_2_front_270: Starting process for DBN 0
place_goal_2_front_270: Starting process for DBN 1
place_goal_2_front_270: Starting process for DBN 2
place_goal_2_front_270: Starting process for DBN 3
place_goal_2_front_270: Received dict for DBN 0
place_goal_2_front_270: Received dict for DBN 1
place_goal_2_front_270: Received dict for DBN 2
place_goal_2_front_270: Received dict for DBN 3
place_goal_2_front_270: Sampling transitions and computing reward
place_goal_2_front_270: Building transition/reward matrices
place_region_0_top_0: Identifying enabled states...
place_region_0_top_0: Splitting up datasets...
place_region_0_top_0: Learning DBNS...
place_region_0_top_0: Building transition dicts for each DBN
place_region_0_top_0: Starting process for DBN 0
place_region_0_top_0: Starting process for DBN 1
place_region_0_top_0: Starting process for DBN 2
place_region_0_top_0: Starting process for DBN 3
place_region_0_top_0: Received dict for DBN 2
place_region_0_top_0: Received dict for DBN 0
place_region_0_top_0: Received dict for DBN 1
place_region_0_top_0: Received dict for DBN 3
place_region_0_top_0: Sampling transitions and computing reward
place_region_0_top_0: Building transition/reward matrices
place_region_0_left_0: Identifying enabled states...
place_region_0_left_0: Splitting up datasets...
place_region_0_left_0: Learning DBNS...
place_region_0_left_0: Building transition dicts for each DBN
place_region_0_left_0: Starting process for DBN 0
place_region_0_left_0: Starting process for DBN 1
place_region_0_left_0: Starting process for DBN 2
place_region_0_left_0: Starting process for DBN 3
place_region_0_left_0: Received dict for DBN 0
place_region_0_left_0: Received dict for DBN 1
place_region_0_left_0: Received dict for DBN 2
place_region_0_left_0: Received dict for DBN 3
place_region_0_left_0: Sampling transitions and computing reward
place_region_0_left_0: Building transition/reward matrices
place_region_0_right_0: Identifying enabled states...
place_region_0_right_0: Splitting up datasets...
place_region_0_right_0: Learning DBNS...
place_region_0_right_0: Building transition dicts for each DBN
place_region_0_right_0: Starting process for DBN 0
place_region_0_right_0: Starting process for DBN 1
place_region_0_right_0: Starting process for DBN 2
place_region_0_right_0: Starting process for DBN 3
place_region_0_right_0: Received dict for DBN 0
place_region_0_right_0: Received dict for DBN 1
place_region_0_right_0: Received dict for DBN 2
place_region_0_right_0: Received dict for DBN 3
place_region_0_right_0: Sampling transitions and computing reward
place_region_0_right_0: Building transition/reward matrices
place_region_0_front_270: Identifying enabled states...
place_region_0_front_270: Splitting up datasets...
place_region_0_front_270: Learning DBNS...
place_region_0_front_270: Building transition dicts for each DBN
place_region_0_front_270: Starting process for DBN 0
place_region_0_front_270: Starting process for DBN 1
place_region_0_front_270: Starting process for DBN 2
place_region_0_front_270: Starting process for DBN 3
place_region_0_front_270: Received dict for DBN 1
place_region_0_front_270: Received dict for DBN 0
place_region_0_front_270: Received dict for DBN 2
place_region_0_front_270: Received dict for DBN 3
place_region_0_front_270: Sampling transitions and computing reward
place_region_0_front_270: Building transition/reward matrices
place_region_1_top_0: Identifying enabled states...
place_region_1_top_0: Splitting up datasets...
place_region_1_top_0: Learning DBNS...
place_region_1_top_0: Building transition dicts for each DBN
place_region_1_top_0: Starting process for DBN 0
place_region_1_top_0: Starting process for DBN 1
place_region_1_top_0: Starting process for DBN 2
place_region_1_top_0: Starting process for DBN 3
place_region_1_top_0: Received dict for DBN 0
place_region_1_top_0: Received dict for DBN 1
place_region_1_top_0: Received dict for DBN 2
place_region_1_top_0: Received dict for DBN 3
place_region_1_top_0: Sampling transitions and computing reward
place_region_1_top_0: Building transition/reward matrices
place_region_1_left_0: Identifying enabled states...
place_region_1_left_0: Splitting up datasets...
place_region_1_left_0: Learning DBNS...
place_region_1_left_0: Building transition dicts for each DBN
place_region_1_left_0: Starting process for DBN 0
place_region_1_left_0: Starting process for DBN 1
place_region_1_left_0: Starting process for DBN 2
place_region_1_left_0: Starting process for DBN 3
place_region_1_left_0: Received dict for DBN 0
place_region_1_left_0: Received dict for DBN 1
place_region_1_left_0: Received dict for DBN 2
place_region_1_left_0: Received dict for DBN 3
place_region_1_left_0: Sampling transitions and computing reward
place_region_1_left_0: Building transition/reward matrices
place_region_1_right_0: Identifying enabled states...
place_region_1_right_0: Splitting up datasets...
place_region_1_right_0: Learning DBNS...
place_region_1_right_0: Building transition dicts for each DBN
place_region_1_right_0: Starting process for DBN 0
place_region_1_right_0: Starting process for DBN 1
place_region_1_right_0: Starting process for DBN 2
place_region_1_right_0: Starting process for DBN 3
place_region_1_right_0: Received dict for DBN 0
place_region_1_right_0: Received dict for DBN 1
place_region_1_right_0: Received dict for DBN 2
place_region_1_right_0: Received dict for DBN 3
place_region_1_right_0: Sampling transitions and computing reward
place_region_1_right_0: Building transition/reward matrices
place_region_1_front_270: Identifying enabled states...
place_region_1_front_270: Splitting up datasets...
place_region_1_front_270: Learning DBNS...
place_region_1_front_270: Building transition dicts for each DBN
place_region_1_front_270: Starting process for DBN 0
place_region_1_front_270: Starting process for DBN 1
place_region_1_front_270: Starting process for DBN 2
place_region_1_front_270: Starting process for DBN 3
place_region_1_front_270: Received dict for DBN 0
place_region_1_front_270: Received dict for DBN 1
place_region_1_front_270: Received dict for DBN 3
place_region_1_front_270: Received dict for DBN 2
place_region_1_front_270: Sampling transitions and computing reward
place_region_1_front_270: Building transition/reward matrices
place_region_2_top_0: Identifying enabled states...
place_region_2_top_0: Splitting up datasets...
place_region_2_top_0: Learning DBNS...
place_region_2_top_0: Building transition dicts for each DBN
place_region_2_top_0: Starting process for DBN 0
place_region_2_top_0: Starting process for DBN 1
place_region_2_top_0: Starting process for DBN 2
place_region_2_top_0: Starting process for DBN 3
place_region_2_top_0: Received dict for DBN 0
place_region_2_top_0: Received dict for DBN 1
place_region_2_top_0: Received dict for DBN 3
place_region_2_top_0: Received dict for DBN 2
place_region_2_top_0: Sampling transitions and computing reward
place_region_2_top_0: Building transition/reward matrices
place_region_2_left_0: Identifying enabled states...
place_region_2_left_0: Splitting up datasets...
place_region_2_left_0: Learning DBNS...
place_region_2_left_0: Building transition dicts for each DBN
place_region_2_left_0: Starting process for DBN 0
place_region_2_left_0: Starting process for DBN 1
place_region_2_left_0: Starting process for DBN 2
place_region_2_left_0: Starting process for DBN 3
place_region_2_left_0: Received dict for DBN 2
place_region_2_left_0: Received dict for DBN 3
place_region_2_left_0: Received dict for DBN 0
place_region_2_left_0: Received dict for DBN 1
place_region_2_left_0: Sampling transitions and computing reward
place_region_2_left_0: Building transition/reward matrices
place_region_2_right_0: Identifying enabled states...
place_region_2_right_0: Splitting up datasets...
place_region_2_right_0: Learning DBNS...
place_region_2_right_0: Building transition dicts for each DBN
place_region_2_right_0: Starting process for DBN 0
place_region_2_right_0: Starting process for DBN 1
place_region_2_right_0: Starting process for DBN 2
place_region_2_right_0: Starting process for DBN 3
place_region_2_right_0: Received dict for DBN 0
place_region_2_right_0: Received dict for DBN 1
place_region_2_right_0: Received dict for DBN 2
place_region_2_right_0: Received dict for DBN 3
place_region_2_right_0: Sampling transitions and computing reward
place_region_2_right_0: Building transition/reward matrices
place_region_2_front_270: Identifying enabled states...
place_region_2_front_270: Splitting up datasets...
place_region_2_front_270: Learning DBNS...
place_region_2_front_270: Building transition dicts for each DBN
place_region_2_front_270: Starting process for DBN 0
place_region_2_front_270: Starting process for DBN 1
place_region_2_front_270: Starting process for DBN 2
place_region_2_front_270: Starting process for DBN 3
place_region_2_front_270: Received dict for DBN 0
place_region_2_front_270: Received dict for DBN 1
place_region_2_front_270: Received dict for DBN 2
place_region_2_front_270: Received dict for DBN 3
place_region_2_front_270: Sampling transitions and computing reward
place_region_2_front_270: Building transition/reward matrices
Building MDP...
Synthesising Policy...
Solving MDP for timestep: 29
Solving MDP for timestep: 28
Solving MDP for timestep: 27
Solving MDP for timestep: 26
Solving MDP for timestep: 25
Solving MDP for timestep: 24
Solving MDP for timestep: 23
Solving MDP for timestep: 22
Solving MDP for timestep: 21
Solving MDP for timestep: 20
Solving MDP for timestep: 19
Solving MDP for timestep: 18
Solving MDP for timestep: 17
Solving MDP for timestep: 16
Solving MDP for timestep: 15
Solving MDP for timestep: 14
Solving MDP for timestep: 13
Solving MDP for timestep: 12
Solving MDP for timestep: 11
Solving MDP for timestep: 10
Solving MDP for timestep: 9
Solving MDP for timestep: 8
Solving MDP for timestep: 7
Solving MDP for timestep: 6
Solving MDP for timestep: 5
Solving MDP for timestep: 4
Solving MDP for timestep: 3
Solving MDP for timestep: 2
Solving MDP for timestep: 1
Solving MDP for timestep: 0
Resetting the scene for new episode
Step 0
policy value 5.753598213195801
State(column0: region_1, column1: region_2, column2: region_0)
pick_column1_top_0
Action: Action(ActionType.PICK, obj=/column1, slot=None,grasp=GraspType.TOP_0)
[EXEC] Picking /column1 with top_0

[INFO] Found 2688 potential configurations.
[INFO] Motion completed successfully with result: success,in execution time: 3.84 seconds
[INFO] Found a reachable configuration for pick action after 1 attempts.
Tip distance after pick: 0.026230713107779583
[INFO] Pick action completed successfully.in execution time: 3.84 seconds
[EXEC] Action ActionType.PICK executed in 16.62 seconds
[SUCCESS] Action ActionType.PICK succeeded for object /column1
Action duration: 3.84
[LOG] Transition logged to MongoDB: f3fb32f7-6c7b-4976-8005-709c6e29f096 - Episode 3
Step 1
policy value 5.753598213195801
State(column0: region_1, column1: held, column2: region_0)
place_goal_0_right_0
Action: Action(ActionType.PLACE, obj=/column1, slot=/goal_0,grasp=GraspType.RIGHT_0)
[EXEC] Placing at [-0.27499999999999986, 0.8250000000000005, 0.5] with grasp right_0

[INFO] Found 3648 potential configurations.
[INFO] Motion completed successfully with result: success,in execution time: 4.08 seconds
[INFO] Found a reachable configuration for place action after 1 attempts.
[INFO] Place action completed successfully.
realigning placed object /column1 to target position
[EXEC] Action ActionType.PLACE executed in 24.72 seconds
[SUCCESS] Action ActionType.PLACE succeeded for object /column1
Action duration: 4.0799999999999
[LOG] Transition logged to MongoDB: f3fb32f7-6c7b-4976-8005-709c6e29f096 - Episode 3
Step 2
policy value 5.749606609344482
State(column0: region_1, column1: goal_0, column2: region_0)
pick_column2_top_0
Action: Action(ActionType.PICK, obj=/column2, slot=None,grasp=GraspType.TOP_0)
[EXEC] Picking /column2 with top_0

[INFO] Found 5056 potential configurations.
[INFO] Motion completed successfully with result: success,in execution time: 3.28 seconds
[INFO] Found a reachable configuration for pick action after 1 attempts.
Tip distance after pick: 0.027537063383542577
[INFO] Pick action completed successfully.in execution time: 3.28 seconds
[EXEC] Action ActionType.PICK executed in 18.72 seconds
[SUCCESS] Action ActionType.PICK succeeded for object /column2
Action duration: 3.2799999999999
[LOG] Transition logged to MongoDB: f3fb32f7-6c7b-4976-8005-709c6e29f096 - Episode 3
Step 3
policy value 5.749606609344482
State(column0: region_1, column1: goal_0, column2: held)
place_goal_2_right_0
Action: Action(ActionType.PLACE, obj=/column2, slot=/goal_2,grasp=GraspType.RIGHT_0)
[EXEC] Placing at [-0.6000000000000001, 0.8250000000000003, 0.5] with grasp right_0

[INFO] Found 1408 potential configurations.
[INFO] Motion completed successfully with result: success,in execution time: 3.68 seconds
[INFO] Found a reachable configuration for place action after 1 attempts.
[INFO] Place action completed successfully.
realigning placed object /column2 to target position
[EXEC] Action ActionType.PLACE executed in 26.88 seconds
[SUCCESS] Action ActionType.PLACE succeeded for object /column2
Action duration: 3.6799999999999
[LOG] Transition logged to MongoDB: f3fb32f7-6c7b-4976-8005-709c6e29f096 - Episode 3
Step 4
policy value 5.075057029724121
State(column0: region_1, column1: goal_0, column2: goal_2)
pick_column2_right_0
Action: Action(ActionType.PICK, obj=/column2, slot=None,grasp=GraspType.RIGHT_0)
[EXEC] Picking /column2 with right_0

[INFO] Found 2112 potential configurations.
[WARN] No valid configuration found (all tested configs invalid).
[EXEC] Action ActionType.PICK executed in 2.23 seconds
[ERROR] Action ActionType.PICK failed for object /column2
Action duration: 0.001
[LOG] Transition logged to MongoDB: f3fb32f7-6c7b-4976-8005-709c6e29f096 - Episode 3
Action failed, stopping. Time elapsed: 0.001
Step 5
policy value 4.855224609375
State(column0: region_1, column1: goal_0, column2: goal_2)
pick_column2_right_0
Action: Action(ActionType.PICK, obj=/column2, slot=None,grasp=GraspType.RIGHT_0)
[EXEC] Picking /column2 with right_0

[INFO] Found 2432 potential configurations.
[WARN] No valid configuration found (all tested configs invalid).
[EXEC] Action ActionType.PICK executed in 2.61 seconds
[ERROR] Action ActionType.PICK failed for object /column2
Action duration: 0.001
[LOG] Transition logged to MongoDB: f3fb32f7-6c7b-4976-8005-709c6e29f096 - Episode 3
Action failed, stopping. Time elapsed: 0.001
Step 6
policy value 4.636035919189453
State(column0: region_1, column1: goal_0, column2: goal_2)
pick_column2_right_0
Action: Action(ActionType.PICK, obj=/column2, slot=None,grasp=GraspType.RIGHT_0)
[EXEC] Picking /column2 with right_0

[INFO] Found 1920 potential configurations.
[WARN] No valid configuration found (all tested configs invalid).
[EXEC] Action ActionType.PICK executed in 2.23 seconds
[ERROR] Action ActionType.PICK failed for object /column2
Action duration: 0.001
[LOG] Transition logged to MongoDB: f3fb32f7-6c7b-4976-8005-709c6e29f096 - Episode 3
Action failed, stopping. Time elapsed: 0.001
Step 7
policy value 4.417631149291992
State(column0: region_1, column1: goal_0, column2: goal_2)
pick_column2_right_0
Action: Action(ActionType.PICK, obj=/column2, slot=None,grasp=GraspType.RIGHT_0)
[EXEC] Picking /column2 with right_0

[INFO] Found 1600 potential configurations.
[WARN] No valid configuration found (all tested configs invalid).
[EXEC] Action ActionType.PICK executed in 2.22 seconds
[ERROR] Action ActionType.PICK failed for object /column2
Action duration: 0.001
[LOG] Transition logged to MongoDB: f3fb32f7-6c7b-4976-8005-709c6e29f096 - Episode 3
Action failed, stopping. Time elapsed: 0.001
Step 8
policy value 4.200172424316406
State(column0: region_1, column1: goal_0, column2: goal_2)
pick_column2_right_0
Action: Action(ActionType.PICK, obj=/column2, slot=None,grasp=GraspType.RIGHT_0)
[EXEC] Picking /column2 with right_0

[INFO] Found 1600 potential configurations.
[WARN] No valid configuration found (all tested configs invalid).
[EXEC] Action ActionType.PICK executed in 2.25 seconds
[ERROR] Action ActionType.PICK failed for object /column2
Action duration: 0.001
[LOG] Transition logged to MongoDB: f3fb32f7-6c7b-4976-8005-709c6e29f096 - Episode 3
Action failed, stopping. Time elapsed: 0.001
Step 9
policy value 3.983854293823242
State(column0: region_1, column1: goal_0, column2: goal_2)
pick_column2_right_0
Action: Action(ActionType.PICK, obj=/column2, slot=None,grasp=GraspType.RIGHT_0)
[EXEC] Picking /column2 with right_0

[INFO] Found 960 potential configurations.
[WARN] No valid configuration found (all tested configs invalid).
[EXEC] Action ActionType.PICK executed in 1.99 seconds
[ERROR] Action ActionType.PICK failed for object /column2
Action duration: 0.001
[LOG] Transition logged to MongoDB: f3fb32f7-6c7b-4976-8005-709c6e29f096 - Episode 3
Action failed, stopping. Time elapsed: 0.001
Too many failures, resetting episode
Episode 4 ended
Revising policy
USING STORM: False
Reading data from MongoDB...
Total option moiton param combinations 36
Collected combinations 36
Building state to idx mapping...
Building option ensembles...
pick_column0_top_0: Identifying enabled states...
pick_column0_top_0: Splitting up datasets...
pick_column0_top_0: Learning DBNS...
pick_column0_top_0: Building transition dicts for each DBN
pick_column0_top_0: Starting process for DBN 0
pick_column0_top_0: Starting process for DBN 1
pick_column0_top_0: Starting process for DBN 2
pick_column0_top_0: Starting process for DBN 3
pick_column0_top_0: Received dict for DBN 0
pick_column0_top_0: Received dict for DBN 1
pick_column0_top_0: Received dict for DBN 2
pick_column0_top_0: Received dict for DBN 3
pick_column0_top_0: Sampling transitions and computing reward
pick_column0_top_0: Building transition/reward matrices
pick_column0_left_0: Identifying enabled states...
pick_column0_left_0: Splitting up datasets...
pick_column0_left_0: Learning DBNS...
pick_column0_left_0: Building transition dicts for each DBN
pick_column0_left_0: Starting process for DBN 0
pick_column0_left_0: Starting process for DBN 1
pick_column0_left_0: Starting process for DBN 2
pick_column0_left_0: Starting process for DBN 3
pick_column0_left_0: Received dict for DBN 0
pick_column0_left_0: Received dict for DBN 1
pick_column0_left_0: Received dict for DBN 3
pick_column0_left_0: Received dict for DBN 2
pick_column0_left_0: Sampling transitions and computing reward
pick_column0_left_0: Building transition/reward matrices
pick_column0_right_0: Identifying enabled states...
pick_column0_right_0: Splitting up datasets...
pick_column0_right_0: Learning DBNS...
pick_column0_right_0: Building transition dicts for each DBN
pick_column0_right_0: Starting process for DBN 0
pick_column0_right_0: Starting process for DBN 1
pick_column0_right_0: Starting process for DBN 2
pick_column0_right_0: Starting process for DBN 3
pick_column0_right_0: Received dict for DBN 0
pick_column0_right_0: Received dict for DBN 1
pick_column0_right_0: Received dict for DBN 2
pick_column0_right_0: Received dict for DBN 3
pick_column0_right_0: Sampling transitions and computing reward
pick_column0_right_0: Building transition/reward matrices
pick_column0_front_270: Identifying enabled states...
pick_column0_front_270: Splitting up datasets...
pick_column0_front_270: Learning DBNS...
pick_column0_front_270: Building transition dicts for each DBN
pick_column0_front_270: Starting process for DBN 0
pick_column0_front_270: Starting process for DBN 1
pick_column0_front_270: Starting process for DBN 2
pick_column0_front_270: Starting process for DBN 3
pick_column0_front_270: Received dict for DBN 0
pick_column0_front_270: Received dict for DBN 1
pick_column0_front_270: Received dict for DBN 2
pick_column0_front_270: Received dict for DBN 3
pick_column0_front_270: Sampling transitions and computing reward
pick_column0_front_270: Building transition/reward matrices
pick_column1_top_0: Identifying enabled states...
pick_column1_top_0: Splitting up datasets...
pick_column1_top_0: Learning DBNS...
pick_column1_top_0: Building transition dicts for each DBN
pick_column1_top_0: Starting process for DBN 0
pick_column1_top_0: Starting process for DBN 1
pick_column1_top_0: Starting process for DBN 2
pick_column1_top_0: Starting process for DBN 3
pick_column1_top_0: Received dict for DBN 0
pick_column1_top_0: Received dict for DBN 1
pick_column1_top_0: Received dict for DBN 2
pick_column1_top_0: Received dict for DBN 3
pick_column1_top_0: Sampling transitions and computing reward
pick_column1_top_0: Building transition/reward matrices
pick_column1_left_0: Identifying enabled states...
pick_column1_left_0: Splitting up datasets...
pick_column1_left_0: Learning DBNS...
pick_column1_left_0: Building transition dicts for each DBN
pick_column1_left_0: Starting process for DBN 0
pick_column1_left_0: Starting process for DBN 1
pick_column1_left_0: Starting process for DBN 2
pick_column1_left_0: Starting process for DBN 3
pick_column1_left_0: Received dict for DBN 0
pick_column1_left_0: Received dict for DBN 1
pick_column1_left_0: Received dict for DBN 2
pick_column1_left_0: Received dict for DBN 3
pick_column1_left_0: Sampling transitions and computing reward
pick_column1_left_0: Building transition/reward matrices
pick_column1_right_0: Identifying enabled states...
pick_column1_right_0: Splitting up datasets...
pick_column1_right_0: Learning DBNS...
pick_column1_right_0: Building transition dicts for each DBN
pick_column1_right_0: Starting process for DBN 0
pick_column1_right_0: Starting process for DBN 1
pick_column1_right_0: Starting process for DBN 2
pick_column1_right_0: Starting process for DBN 3
pick_column1_right_0: Received dict for DBN 0
pick_column1_right_0: Received dict for DBN 1
pick_column1_right_0: Received dict for DBN 2
pick_column1_right_0: Received dict for DBN 3
pick_column1_right_0: Sampling transitions and computing reward
pick_column1_right_0: Building transition/reward matrices
pick_column1_front_270: Identifying enabled states...
pick_column1_front_270: Splitting up datasets...
pick_column1_front_270: Learning DBNS...
pick_column1_front_270: Building transition dicts for each DBN
pick_column1_front_270: Starting process for DBN 0
pick_column1_front_270: Starting process for DBN 1
pick_column1_front_270: Starting process for DBN 2
pick_column1_front_270: Starting process for DBN 3
pick_column1_front_270: Received dict for DBN 0
pick_column1_front_270: Received dict for DBN 1
pick_column1_front_270: Received dict for DBN 2
pick_column1_front_270: Received dict for DBN 3
pick_column1_front_270: Sampling transitions and computing reward
pick_column1_front_270: Building transition/reward matrices
pick_column2_top_0: Identifying enabled states...
pick_column2_top_0: Splitting up datasets...
pick_column2_top_0: Learning DBNS...
pick_column2_top_0: Building transition dicts for each DBN
pick_column2_top_0: Starting process for DBN 0
pick_column2_top_0: Starting process for DBN 1
pick_column2_top_0: Starting process for DBN 2
pick_column2_top_0: Starting process for DBN 3
pick_column2_top_0: Received dict for DBN 0
pick_column2_top_0: Received dict for DBN 1
pick_column2_top_0: Received dict for DBN 2
pick_column2_top_0: Received dict for DBN 3
pick_column2_top_0: Sampling transitions and computing reward
pick_column2_top_0: Building transition/reward matrices
pick_column2_left_0: Identifying enabled states...
pick_column2_left_0: Splitting up datasets...
pick_column2_left_0: Learning DBNS...
pick_column2_left_0: Building transition dicts for each DBN
pick_column2_left_0: Starting process for DBN 0
pick_column2_left_0: Starting process for DBN 1
pick_column2_left_0: Starting process for DBN 2
pick_column2_left_0: Starting process for DBN 3
pick_column2_left_0: Received dict for DBN 0
pick_column2_left_0: Received dict for DBN 1
pick_column2_left_0: Received dict for DBN 2
pick_column2_left_0: Received dict for DBN 3
pick_column2_left_0: Sampling transitions and computing reward
pick_column2_left_0: Building transition/reward matrices
pick_column2_right_0: Identifying enabled states...
pick_column2_right_0: Splitting up datasets...
pick_column2_right_0: Learning DBNS...
pick_column2_right_0: Building transition dicts for each DBN
pick_column2_right_0: Starting process for DBN 0
pick_column2_right_0: Starting process for DBN 1
pick_column2_right_0: Starting process for DBN 2
pick_column2_right_0: Starting process for DBN 3
pick_column2_right_0: Received dict for DBN 0
pick_column2_right_0: Received dict for DBN 2
pick_column2_right_0: Received dict for DBN 1
pick_column2_right_0: Received dict for DBN 3
pick_column2_right_0: Sampling transitions and computing reward
pick_column2_right_0: Building transition/reward matrices
pick_column2_front_270: Identifying enabled states...
pick_column2_front_270: Splitting up datasets...
pick_column2_front_270: Learning DBNS...
pick_column2_front_270: Building transition dicts for each DBN
pick_column2_front_270: Starting process for DBN 0
pick_column2_front_270: Starting process for DBN 1
pick_column2_front_270: Starting process for DBN 2
pick_column2_front_270: Starting process for DBN 3
pick_column2_front_270: Received dict for DBN 0
pick_column2_front_270: Received dict for DBN 1
pick_column2_front_270: Received dict for DBN 2
pick_column2_front_270: Received dict for DBN 3
pick_column2_front_270: Sampling transitions and computing reward
pick_column2_front_270: Building transition/reward matrices
place_goal_0_top_0: Identifying enabled states...
place_goal_0_top_0: Splitting up datasets...
place_goal_0_top_0: Learning DBNS...
place_goal_0_top_0: Building transition dicts for each DBN
place_goal_0_top_0: Starting process for DBN 0
place_goal_0_top_0: Starting process for DBN 1
place_goal_0_top_0: Starting process for DBN 2
place_goal_0_top_0: Starting process for DBN 3
place_goal_0_top_0: Received dict for DBN 1
place_goal_0_top_0: Received dict for DBN 3
place_goal_0_top_0: Received dict for DBN 0
place_goal_0_top_0: Received dict for DBN 2
place_goal_0_top_0: Sampling transitions and computing reward
place_goal_0_top_0: Building transition/reward matrices
place_goal_0_left_0: Identifying enabled states...
place_goal_0_left_0: Splitting up datasets...
place_goal_0_left_0: Learning DBNS...
place_goal_0_left_0: Building transition dicts for each DBN
place_goal_0_left_0: Starting process for DBN 0
place_goal_0_left_0: Starting process for DBN 1
place_goal_0_left_0: Starting process for DBN 2
place_goal_0_left_0: Starting process for DBN 3
place_goal_0_left_0: Received dict for DBN 0
place_goal_0_left_0: Received dict for DBN 1
place_goal_0_left_0: Received dict for DBN 2
place_goal_0_left_0: Received dict for DBN 3
place_goal_0_left_0: Sampling transitions and computing reward
place_goal_0_left_0: Building transition/reward matrices
place_goal_0_right_0: Identifying enabled states...
place_goal_0_right_0: Splitting up datasets...
place_goal_0_right_0: Learning DBNS...
place_goal_0_right_0: Building transition dicts for each DBN
place_goal_0_right_0: Starting process for DBN 0
place_goal_0_right_0: Starting process for DBN 1
place_goal_0_right_0: Starting process for DBN 2
place_goal_0_right_0: Starting process for DBN 3
place_goal_0_right_0: Received dict for DBN 0
place_goal_0_right_0: Received dict for DBN 3
place_goal_0_right_0: Received dict for DBN 1
place_goal_0_right_0: Received dict for DBN 2
place_goal_0_right_0: Sampling transitions and computing reward
place_goal_0_right_0: Building transition/reward matrices
place_goal_0_front_270: Identifying enabled states...
place_goal_0_front_270: Splitting up datasets...
place_goal_0_front_270: Learning DBNS...
place_goal_0_front_270: Building transition dicts for each DBN
place_goal_0_front_270: Starting process for DBN 0
place_goal_0_front_270: Starting process for DBN 1
place_goal_0_front_270: Starting process for DBN 2
place_goal_0_front_270: Starting process for DBN 3
place_goal_0_front_270: Received dict for DBN 1
place_goal_0_front_270: Received dict for DBN 0
place_goal_0_front_270: Received dict for DBN 2
place_goal_0_front_270: Received dict for DBN 3
place_goal_0_front_270: Sampling transitions and computing reward
place_goal_0_front_270: Building transition/reward matrices
place_goal_1_top_0: Identifying enabled states...
place_goal_1_top_0: Splitting up datasets...
place_goal_1_top_0: Learning DBNS...
place_goal_1_top_0: Building transition dicts for each DBN
place_goal_1_top_0: Starting process for DBN 0
place_goal_1_top_0: Starting process for DBN 1
place_goal_1_top_0: Starting process for DBN 2
place_goal_1_top_0: Starting process for DBN 3
place_goal_1_top_0: Received dict for DBN 2
place_goal_1_top_0: Received dict for DBN 3
place_goal_1_top_0: Received dict for DBN 0
place_goal_1_top_0: Received dict for DBN 1
place_goal_1_top_0: Sampling transitions and computing reward
place_goal_1_top_0: Building transition/reward matrices
place_goal_1_left_0: Identifying enabled states...
place_goal_1_left_0: Splitting up datasets...
place_goal_1_left_0: Learning DBNS...
place_goal_1_left_0: Building transition dicts for each DBN
place_goal_1_left_0: Starting process for DBN 0
place_goal_1_left_0: Starting process for DBN 1
place_goal_1_left_0: Starting process for DBN 2
place_goal_1_left_0: Starting process for DBN 3
place_goal_1_left_0: Received dict for DBN 0
place_goal_1_left_0: Received dict for DBN 1
place_goal_1_left_0: Received dict for DBN 2
place_goal_1_left_0: Received dict for DBN 3
place_goal_1_left_0: Sampling transitions and computing reward
place_goal_1_left_0: Building transition/reward matrices
place_goal_1_right_0: Identifying enabled states...
place_goal_1_right_0: Splitting up datasets...
place_goal_1_right_0: Learning DBNS...
place_goal_1_right_0: Building transition dicts for each DBN
place_goal_1_right_0: Starting process for DBN 0
place_goal_1_right_0: Starting process for DBN 1
place_goal_1_right_0: Starting process for DBN 2
place_goal_1_right_0: Starting process for DBN 3
place_goal_1_right_0: Received dict for DBN 2
place_goal_1_right_0: Received dict for DBN 0
place_goal_1_right_0: Received dict for DBN 1
place_goal_1_right_0: Received dict for DBN 3
place_goal_1_right_0: Sampling transitions and computing reward
place_goal_1_right_0: Building transition/reward matrices
place_goal_1_front_270: Identifying enabled states...
place_goal_1_front_270: Splitting up datasets...
place_goal_1_front_270: Learning DBNS...
place_goal_1_front_270: Building transition dicts for each DBN
place_goal_1_front_270: Starting process for DBN 0
place_goal_1_front_270: Starting process for DBN 1
place_goal_1_front_270: Starting process for DBN 2
place_goal_1_front_270: Starting process for DBN 3
place_goal_1_front_270: Received dict for DBN 1
place_goal_1_front_270: Received dict for DBN 0
place_goal_1_front_270: Received dict for DBN 2
place_goal_1_front_270: Received dict for DBN 3
place_goal_1_front_270: Sampling transitions and computing reward
place_goal_1_front_270: Building transition/reward matrices
place_goal_2_top_0: Identifying enabled states...
place_goal_2_top_0: Splitting up datasets...
place_goal_2_top_0: Learning DBNS...
place_goal_2_top_0: Building transition dicts for each DBN
place_goal_2_top_0: Starting process for DBN 0
place_goal_2_top_0: Starting process for DBN 1
place_goal_2_top_0: Starting process for DBN 2
place_goal_2_top_0: Starting process for DBN 3
place_goal_2_top_0: Received dict for DBN 0
place_goal_2_top_0: Received dict for DBN 1
place_goal_2_top_0: Received dict for DBN 2
place_goal_2_top_0: Received dict for DBN 3
place_goal_2_top_0: Sampling transitions and computing reward
place_goal_2_top_0: Building transition/reward matrices
place_goal_2_left_0: Identifying enabled states...
place_goal_2_left_0: Splitting up datasets...
place_goal_2_left_0: Learning DBNS...
place_goal_2_left_0: Building transition dicts for each DBN
place_goal_2_left_0: Starting process for DBN 0
place_goal_2_left_0: Starting process for DBN 1
place_goal_2_left_0: Starting process for DBN 2
place_goal_2_left_0: Starting process for DBN 3
place_goal_2_left_0: Received dict for DBN 0
place_goal_2_left_0: Received dict for DBN 1
place_goal_2_left_0: Received dict for DBN 2
place_goal_2_left_0: Received dict for DBN 3
place_goal_2_left_0: Sampling transitions and computing reward
place_goal_2_left_0: Building transition/reward matrices
place_goal_2_right_0: Identifying enabled states...
place_goal_2_right_0: Splitting up datasets...
place_goal_2_right_0: Learning DBNS...
place_goal_2_right_0: Building transition dicts for each DBN
place_goal_2_right_0: Starting process for DBN 0
place_goal_2_right_0: Starting process for DBN 1
place_goal_2_right_0: Starting process for DBN 2
place_goal_2_right_0: Starting process for DBN 3
place_goal_2_right_0: Received dict for DBN 2
place_goal_2_right_0: Received dict for DBN 0
place_goal_2_right_0: Received dict for DBN 1
place_goal_2_right_0: Received dict for DBN 3
place_goal_2_right_0: Sampling transitions and computing reward
place_goal_2_right_0: Building transition/reward matrices
place_goal_2_front_270: Identifying enabled states...
place_goal_2_front_270: Splitting up datasets...
place_goal_2_front_270: Learning DBNS...
place_goal_2_front_270: Building transition dicts for each DBN
place_goal_2_front_270: Starting process for DBN 0
place_goal_2_front_270: Starting process for DBN 1
place_goal_2_front_270: Starting process for DBN 2
place_goal_2_front_270: Starting process for DBN 3
place_goal_2_front_270: Received dict for DBN 0
place_goal_2_front_270: Received dict for DBN 1
place_goal_2_front_270: Received dict for DBN 2
place_goal_2_front_270: Received dict for DBN 3
place_goal_2_front_270: Sampling transitions and computing reward
place_goal_2_front_270: Building transition/reward matrices
place_region_0_top_0: Identifying enabled states...
place_region_0_top_0: Splitting up datasets...
place_region_0_top_0: Learning DBNS...
place_region_0_top_0: Building transition dicts for each DBN
place_region_0_top_0: Starting process for DBN 0
place_region_0_top_0: Starting process for DBN 1
place_region_0_top_0: Starting process for DBN 2
place_region_0_top_0: Starting process for DBN 3
place_region_0_top_0: Received dict for DBN 0
place_region_0_top_0: Received dict for DBN 3
place_region_0_top_0: Received dict for DBN 1
place_region_0_top_0: Received dict for DBN 2
place_region_0_top_0: Sampling transitions and computing reward
place_region_0_top_0: Building transition/reward matrices
place_region_0_left_0: Identifying enabled states...
place_region_0_left_0: Splitting up datasets...
place_region_0_left_0: Learning DBNS...
place_region_0_left_0: Building transition dicts for each DBN
place_region_0_left_0: Starting process for DBN 0
place_region_0_left_0: Starting process for DBN 1
place_region_0_left_0: Starting process for DBN 2
place_region_0_left_0: Starting process for DBN 3
place_region_0_left_0: Received dict for DBN 0
place_region_0_left_0: Received dict for DBN 1
place_region_0_left_0: Received dict for DBN 2
place_region_0_left_0: Received dict for DBN 3
place_region_0_left_0: Sampling transitions and computing reward
place_region_0_left_0: Building transition/reward matrices
place_region_0_right_0: Identifying enabled states...
place_region_0_right_0: Splitting up datasets...
place_region_0_right_0: Learning DBNS...
place_region_0_right_0: Building transition dicts for each DBN
place_region_0_right_0: Starting process for DBN 0
place_region_0_right_0: Starting process for DBN 1
place_region_0_right_0: Starting process for DBN 2
place_region_0_right_0: Starting process for DBN 3
place_region_0_right_0: Received dict for DBN 1
place_region_0_right_0: Received dict for DBN 0
place_region_0_right_0: Received dict for DBN 3
place_region_0_right_0: Received dict for DBN 2
place_region_0_right_0: Sampling transitions and computing reward
place_region_0_right_0: Building transition/reward matrices
place_region_0_front_270: Identifying enabled states...
place_region_0_front_270: Splitting up datasets...
place_region_0_front_270: Learning DBNS...
place_region_0_front_270: Building transition dicts for each DBN
place_region_0_front_270: Starting process for DBN 0
place_region_0_front_270: Starting process for DBN 1
place_region_0_front_270: Starting process for DBN 2
place_region_0_front_270: Starting process for DBN 3
place_region_0_front_270: Received dict for DBN 0
place_region_0_front_270: Received dict for DBN 1
place_region_0_front_270: Received dict for DBN 3
place_region_0_front_270: Received dict for DBN 2
place_region_0_front_270: Sampling transitions and computing reward
place_region_0_front_270: Building transition/reward matrices
place_region_1_top_0: Identifying enabled states...
place_region_1_top_0: Splitting up datasets...
place_region_1_top_0: Learning DBNS...
place_region_1_top_0: Building transition dicts for each DBN
place_region_1_top_0: Starting process for DBN 0
place_region_1_top_0: Starting process for DBN 1
place_region_1_top_0: Starting process for DBN 2
place_region_1_top_0: Starting process for DBN 3
place_region_1_top_0: Received dict for DBN 0
place_region_1_top_0: Received dict for DBN 1
place_region_1_top_0: Received dict for DBN 2
place_region_1_top_0: Received dict for DBN 3
place_region_1_top_0: Sampling transitions and computing reward
place_region_1_top_0: Building transition/reward matrices
place_region_1_left_0: Identifying enabled states...
place_region_1_left_0: Splitting up datasets...
place_region_1_left_0: Learning DBNS...
place_region_1_left_0: Building transition dicts for each DBN
place_region_1_left_0: Starting process for DBN 0
place_region_1_left_0: Starting process for DBN 1
place_region_1_left_0: Starting process for DBN 2
place_region_1_left_0: Starting process for DBN 3
place_region_1_left_0: Received dict for DBN 0
place_region_1_left_0: Received dict for DBN 1
place_region_1_left_0: Received dict for DBN 2
place_region_1_left_0: Received dict for DBN 3
place_region_1_left_0: Sampling transitions and computing reward
place_region_1_left_0: Building transition/reward matrices
place_region_1_right_0: Identifying enabled states...
place_region_1_right_0: Splitting up datasets...
place_region_1_right_0: Learning DBNS...
place_region_1_right_0: Building transition dicts for each DBN
place_region_1_right_0: Starting process for DBN 0
place_region_1_right_0: Starting process for DBN 1
place_region_1_right_0: Starting process for DBN 2
place_region_1_right_0: Starting process for DBN 3
place_region_1_right_0: Received dict for DBN 0
place_region_1_right_0: Received dict for DBN 1
place_region_1_right_0: Received dict for DBN 2
place_region_1_right_0: Received dict for DBN 3
place_region_1_right_0: Sampling transitions and computing reward
place_region_1_right_0: Building transition/reward matrices
place_region_1_front_270: Identifying enabled states...
place_region_1_front_270: Splitting up datasets...
place_region_1_front_270: Learning DBNS...
place_region_1_front_270: Building transition dicts for each DBN
place_region_1_front_270: Starting process for DBN 0
place_region_1_front_270: Starting process for DBN 1
place_region_1_front_270: Starting process for DBN 2
place_region_1_front_270: Starting process for DBN 3
place_region_1_front_270: Received dict for DBN 0
place_region_1_front_270: Received dict for DBN 1
place_region_1_front_270: Received dict for DBN 3
place_region_1_front_270: Received dict for DBN 2
place_region_1_front_270: Sampling transitions and computing reward
place_region_1_front_270: Building transition/reward matrices
place_region_2_top_0: Identifying enabled states...
place_region_2_top_0: Splitting up datasets...
place_region_2_top_0: Learning DBNS...
place_region_2_top_0: Building transition dicts for each DBN
place_region_2_top_0: Starting process for DBN 0
place_region_2_top_0: Starting process for DBN 1
place_region_2_top_0: Starting process for DBN 2
place_region_2_top_0: Starting process for DBN 3
place_region_2_top_0: Received dict for DBN 0
place_region_2_top_0: Received dict for DBN 3
place_region_2_top_0: Received dict for DBN 1
place_region_2_top_0: Received dict for DBN 2
place_region_2_top_0: Sampling transitions and computing reward
place_region_2_top_0: Building transition/reward matrices
place_region_2_left_0: Identifying enabled states...
place_region_2_left_0: Splitting up datasets...
place_region_2_left_0: Learning DBNS...
place_region_2_left_0: Building transition dicts for each DBN
place_region_2_left_0: Starting process for DBN 0
place_region_2_left_0: Starting process for DBN 1
place_region_2_left_0: Starting process for DBN 2
place_region_2_left_0: Starting process for DBN 3
place_region_2_left_0: Received dict for DBN 0
place_region_2_left_0: Received dict for DBN 2
place_region_2_left_0: Received dict for DBN 1
place_region_2_left_0: Received dict for DBN 3
place_region_2_left_0: Sampling transitions and computing reward
place_region_2_left_0: Building transition/reward matrices
place_region_2_right_0: Identifying enabled states...
place_region_2_right_0: Splitting up datasets...
place_region_2_right_0: Learning DBNS...
place_region_2_right_0: Building transition dicts for each DBN
place_region_2_right_0: Starting process for DBN 0
place_region_2_right_0: Starting process for DBN 1
place_region_2_right_0: Starting process for DBN 2
place_region_2_right_0: Starting process for DBN 3
place_region_2_right_0: Received dict for DBN 0
place_region_2_right_0: Received dict for DBN 1
place_region_2_right_0: Received dict for DBN 2
place_region_2_right_0: Received dict for DBN 3
place_region_2_right_0: Sampling transitions and computing reward
place_region_2_right_0: Building transition/reward matrices
place_region_2_front_270: Identifying enabled states...
place_region_2_front_270: Splitting up datasets...
place_region_2_front_270: Learning DBNS...
place_region_2_front_270: Building transition dicts for each DBN
place_region_2_front_270: Starting process for DBN 0
place_region_2_front_270: Starting process for DBN 1
place_region_2_front_270: Starting process for DBN 2
place_region_2_front_270: Starting process for DBN 3
place_region_2_front_270: Received dict for DBN 3
place_region_2_front_270: Received dict for DBN 0
place_region_2_front_270: Received dict for DBN 1
place_region_2_front_270: Received dict for DBN 2
place_region_2_front_270: Sampling transitions and computing reward
place_region_2_front_270: Building transition/reward matrices
Building MDP...
Synthesising Policy...
Solving MDP for timestep: 29
Solving MDP for timestep: 28
Solving MDP for timestep: 27
Solving MDP for timestep: 26
Solving MDP for timestep: 25
Solving MDP for timestep: 24
Solving MDP for timestep: 23
Solving MDP for timestep: 22
Solving MDP for timestep: 21
Solving MDP for timestep: 20
Solving MDP for timestep: 19
Solving MDP for timestep: 18
Solving MDP for timestep: 17
Solving MDP for timestep: 16
Solving MDP for timestep: 15
Solving MDP for timestep: 14
Solving MDP for timestep: 13
Solving MDP for timestep: 12
Solving MDP for timestep: 11
Solving MDP for timestep: 10
Solving MDP for timestep: 9
Solving MDP for timestep: 8
Solving MDP for timestep: 7
Solving MDP for timestep: 6
Solving MDP for timestep: 5
Solving MDP for timestep: 4
Solving MDP for timestep: 3
Solving MDP for timestep: 2
Solving MDP for timestep: 1
Solving MDP for timestep: 0
Resetting the scene for new episode
Step 0
policy value 8.778329849243164
State(column0: region_0, column1: region_2, column2: region_1)
pick_column1_top_0
Action: Action(ActionType.PICK, obj=/column1, slot=None,grasp=GraspType.TOP_0)
[EXEC] Picking /column1 with top_0

[INFO] Found 2048 potential configurations.
[INFO] Motion completed successfully with result: success,in execution time: 3.84 seconds
[INFO] Found a reachable configuration for pick action after 1 attempts.
Tip distance after pick: 0.02662680690397561
[INFO] Pick action completed successfully.in execution time: 3.84 seconds
[EXEC] Action ActionType.PICK executed in 34.83 seconds
[SUCCESS] Action ActionType.PICK succeeded for object /column1
Action duration: 3.84
[LOG] Transition logged to MongoDB: f3fb32f7-6c7b-4976-8005-709c6e29f096 - Episode 3
Step 1
policy value 8.778329849243164
State(column0: region_0, column1: held, column2: region_1)
place_goal_0_right_0
Action: Action(ActionType.PLACE, obj=/column1, slot=/goal_0,grasp=GraspType.RIGHT_0)
[EXEC] Placing at [-0.27499999999999986, 0.8250000000000005, 0.5] with grasp right_0

[INFO] Found 2880 potential configurations.
[INFO] Motion completed successfully with result: success,in execution time: 4.40 seconds
[INFO] Found a reachable configuration for place action after 1 attempts.
[INFO] Place action completed successfully.
realigning placed object /column1 to target position
[EXEC] Action ActionType.PLACE executed in 28.09 seconds
[SUCCESS] Action ActionType.PLACE succeeded for object /column1
Action duration: 4.3999999999999
[LOG] Transition logged to MongoDB: f3fb32f7-6c7b-4976-8005-709c6e29f096 - Episode 3
Step 2
policy value 8.764429092407227
State(column0: region_0, column1: goal_0, column2: region_1)
pick_column0_top_0
Action: Action(ActionType.PICK, obj=/column0, slot=None,grasp=GraspType.TOP_0)
[EXEC] Picking /column0 with top_0

[INFO] Found 3904 potential configurations.
[INFO] Motion completed successfully with result: success,in execution time: 3.28 seconds
[INFO] Found a reachable configuration for pick action after 1 attempts.
Tip distance after pick: 0.027980320298747866
[INFO] Pick action completed successfully.in execution time: 3.28 seconds
[EXEC] Action ActionType.PICK executed in 22.96 seconds
[SUCCESS] Action ActionType.PICK succeeded for object /column0
Action duration: 3.2799999999999
[LOG] Transition logged to MongoDB: f3fb32f7-6c7b-4976-8005-709c6e29f096 - Episode 3
Step 3
policy value 8.764429092407227
State(column0: held, column1: goal_0, column2: region_1)
place_goal_2_right_0
Action: Action(ActionType.PLACE, obj=/column0, slot=/goal_2,grasp=GraspType.RIGHT_0)
[EXEC] Placing at [-0.6000000000000001, 0.8250000000000003, 0.5] with grasp right_0

[INFO] Found 2624 potential configurations.
[INFO] Motion completed successfully with result: success,in execution time: 3.68 seconds
[INFO] Found a reachable configuration for place action after 1 attempts.
[INFO] Place action completed successfully.
realigning placed object /column0 to target position
[EXEC] Action ActionType.PLACE executed in 26.06 seconds
[SUCCESS] Action ActionType.PLACE succeeded for object /column0
Action duration: 3.6799999999999
[LOG] Transition logged to MongoDB: f3fb32f7-6c7b-4976-8005-709c6e29f096 - Episode 3
Step 4
policy value 7.906829833984375
State(column0: goal_2, column1: goal_0, column2: region_1)
pick_column0_right_0
Action: Action(ActionType.PICK, obj=/column0, slot=None,grasp=GraspType.RIGHT_0)
[EXEC] Picking /column0 with right_0

[INFO] Found 1536 potential configurations.
[WARN] No valid configuration found (all tested configs invalid).
[EXEC] Action ActionType.PICK executed in 2.06 seconds
[ERROR] Action ActionType.PICK failed for object /column0
Action duration: 0.001
[LOG] Transition logged to MongoDB: f3fb32f7-6c7b-4976-8005-709c6e29f096 - Episode 3
Action failed, stopping. Time elapsed: 0.001
Step 5
policy value 7.539517879486084
State(column0: goal_2, column1: goal_0, column2: region_1)
pick_column0_right_0
Action: Action(ActionType.PICK, obj=/column0, slot=None,grasp=GraspType.RIGHT_0)
[EXEC] Picking /column0 with right_0

[INFO] Found 2368 potential configurations.
[WARN] No valid configuration found (all tested configs invalid).
[EXEC] Action ActionType.PICK executed in 2.71 seconds
[ERROR] Action ActionType.PICK failed for object /column0
Action duration: 0.001
[LOG] Transition logged to MongoDB: f3fb32f7-6c7b-4976-8005-709c6e29f096 - Episode 3
Action failed, stopping. Time elapsed: 0.001
Step 6
policy value 7.174222946166992
State(column0: goal_2, column1: goal_0, column2: region_1)
pick_column0_right_0
Action: Action(ActionType.PICK, obj=/column0, slot=None,grasp=GraspType.RIGHT_0)
[EXEC] Picking /column0 with right_0

[INFO] Found 3072 potential configurations.
[WARN] No valid configuration found (all tested configs invalid).
[EXEC] Action ActionType.PICK executed in 2.70 seconds
[ERROR] Action ActionType.PICK failed for object /column0
Action duration: 0.001
[LOG] Transition logged to MongoDB: f3fb32f7-6c7b-4976-8005-709c6e29f096 - Episode 3
Action failed, stopping. Time elapsed: 0.001
Step 7
policy value 6.809035778045654
State(column0: goal_2, column1: goal_0, column2: region_1)
pick_column0_right_0
Action: Action(ActionType.PICK, obj=/column0, slot=None,grasp=GraspType.RIGHT_0)
[EXEC] Picking /column0 with right_0

[INFO] Found 2368 potential configurations.
[WARN] No valid configuration found (all tested configs invalid).
[EXEC] Action ActionType.PICK executed in 2.19 seconds
[ERROR] Action ActionType.PICK failed for object /column0
Action duration: 0.001
[LOG] Transition logged to MongoDB: f3fb32f7-6c7b-4976-8005-709c6e29f096 - Episode 3
Action failed, stopping. Time elapsed: 0.001
Step 8
policy value 6.446864128112793
State(column0: goal_2, column1: goal_0, column2: region_1)
pick_column0_right_0
Action: Action(ActionType.PICK, obj=/column0, slot=None,grasp=GraspType.RIGHT_0)
[EXEC] Picking /column0 with right_0

[INFO] Found 2432 potential configurations.
[WARN] No valid configuration found (all tested configs invalid).
[EXEC] Action ActionType.PICK executed in 2.38 seconds
[ERROR] Action ActionType.PICK failed for object /column0
Action duration: 0.001
[LOG] Transition logged to MongoDB: f3fb32f7-6c7b-4976-8005-709c6e29f096 - Episode 3
Action failed, stopping. Time elapsed: 0.001
Step 9
policy value 6.084666728973389
State(column0: goal_2, column1: goal_0, column2: region_1)
pick_column0_right_0
Action: Action(ActionType.PICK, obj=/column0, slot=None,grasp=GraspType.RIGHT_0)
[EXEC] Picking /column0 with right_0

[INFO] Found 2624 potential configurations.
[WARN] No valid configuration found (all tested configs invalid).
[EXEC] Action ActionType.PICK executed in 2.30 seconds
[ERROR] Action ActionType.PICK failed for object /column0
Action duration: 0.001
[LOG] Transition logged to MongoDB: f3fb32f7-6c7b-4976-8005-709c6e29f096 - Episode 3
Action failed, stopping. Time elapsed: 0.001
Too many failures, resetting episode
Episode 5 ended
Revising policy
USING STORM: False
Reading data from MongoDB...
Total option moiton param combinations 36
Collected combinations 36
Building state to idx mapping...
Building option ensembles...
pick_column0_top_0: Identifying enabled states...
pick_column0_top_0: Splitting up datasets...
pick_column0_top_0: Learning DBNS...
pick_column0_top_0: Building transition dicts for each DBN
pick_column0_top_0: Starting process for DBN 0
pick_column0_top_0: Starting process for DBN 1
pick_column0_top_0: Starting process for DBN 2
pick_column0_top_0: Starting process for DBN 3
pick_column0_top_0: Received dict for DBN 0
pick_column0_top_0: Received dict for DBN 1
pick_column0_top_0: Received dict for DBN 2
pick_column0_top_0: Received dict for DBN 3
pick_column0_top_0: Sampling transitions and computing reward
pick_column0_top_0: Building transition/reward matrices
pick_column0_left_0: Identifying enabled states...
pick_column0_left_0: Splitting up datasets...
pick_column0_left_0: Learning DBNS...
pick_column0_left_0: Building transition dicts for each DBN
pick_column0_left_0: Starting process for DBN 0
pick_column0_left_0: Starting process for DBN 1
pick_column0_left_0: Starting process for DBN 2
pick_column0_left_0: Starting process for DBN 3
pick_column0_left_0: Received dict for DBN 0
pick_column0_left_0: Received dict for DBN 1
pick_column0_left_0: Received dict for DBN 2
pick_column0_left_0: Received dict for DBN 3
pick_column0_left_0: Sampling transitions and computing reward
pick_column0_left_0: Building transition/reward matrices
pick_column0_right_0: Identifying enabled states...
pick_column0_right_0: Splitting up datasets...
pick_column0_right_0: Learning DBNS...
pick_column0_right_0: Building transition dicts for each DBN
pick_column0_right_0: Starting process for DBN 0
pick_column0_right_0: Starting process for DBN 1
pick_column0_right_0: Starting process for DBN 2
pick_column0_right_0: Starting process for DBN 3
pick_column0_right_0: Received dict for DBN 0
pick_column0_right_0: Received dict for DBN 1
pick_column0_right_0: Received dict for DBN 2
pick_column0_right_0: Received dict for DBN 3
pick_column0_right_0: Sampling transitions and computing reward
pick_column0_right_0: Building transition/reward matrices
pick_column0_front_270: Identifying enabled states...
pick_column0_front_270: Splitting up datasets...
pick_column0_front_270: Learning DBNS...
pick_column0_front_270: Building transition dicts for each DBN
pick_column0_front_270: Starting process for DBN 0
pick_column0_front_270: Starting process for DBN 1
pick_column0_front_270: Starting process for DBN 2
pick_column0_front_270: Starting process for DBN 3
pick_column0_front_270: Received dict for DBN 0
pick_column0_front_270: Received dict for DBN 1
pick_column0_front_270: Received dict for DBN 2
pick_column0_front_270: Received dict for DBN 3
pick_column0_front_270: Sampling transitions and computing reward
pick_column0_front_270: Building transition/reward matrices
pick_column1_top_0: Identifying enabled states...
pick_column1_top_0: Splitting up datasets...
pick_column1_top_0: Learning DBNS...
pick_column1_top_0: Building transition dicts for each DBN
pick_column1_top_0: Starting process for DBN 0
pick_column1_top_0: Starting process for DBN 1
pick_column1_top_0: Starting process for DBN 2
pick_column1_top_0: Starting process for DBN 3
pick_column1_top_0: Received dict for DBN 0
pick_column1_top_0: Received dict for DBN 1
pick_column1_top_0: Received dict for DBN 2
pick_column1_top_0: Received dict for DBN 3
pick_column1_top_0: Sampling transitions and computing reward
pick_column1_top_0: Building transition/reward matrices
pick_column1_left_0: Identifying enabled states...
pick_column1_left_0: Splitting up datasets...
pick_column1_left_0: Learning DBNS...
pick_column1_left_0: Building transition dicts for each DBN
pick_column1_left_0: Starting process for DBN 0
pick_column1_left_0: Starting process for DBN 1
pick_column1_left_0: Starting process for DBN 2
pick_column1_left_0: Starting process for DBN 3
pick_column1_left_0: Received dict for DBN 0
pick_column1_left_0: Received dict for DBN 1
pick_column1_left_0: Received dict for DBN 2
pick_column1_left_0: Received dict for DBN 3
pick_column1_left_0: Sampling transitions and computing reward
pick_column1_left_0: Building transition/reward matrices
pick_column1_right_0: Identifying enabled states...
pick_column1_right_0: Splitting up datasets...
pick_column1_right_0: Learning DBNS...
pick_column1_right_0: Building transition dicts for each DBN
pick_column1_right_0: Starting process for DBN 0
pick_column1_right_0: Starting process for DBN 1
pick_column1_right_0: Starting process for DBN 2
pick_column1_right_0: Starting process for DBN 3
pick_column1_right_0: Received dict for DBN 0
pick_column1_right_0: Received dict for DBN 1
pick_column1_right_0: Received dict for DBN 2
pick_column1_right_0: Received dict for DBN 3
pick_column1_right_0: Sampling transitions and computing reward
pick_column1_right_0: Building transition/reward matrices
pick_column1_front_270: Identifying enabled states...
pick_column1_front_270: Splitting up datasets...
pick_column1_front_270: Learning DBNS...
pick_column1_front_270: Building transition dicts for each DBN
pick_column1_front_270: Starting process for DBN 0
pick_column1_front_270: Starting process for DBN 1
pick_column1_front_270: Starting process for DBN 2
pick_column1_front_270: Starting process for DBN 3
pick_column1_front_270: Received dict for DBN 0
pick_column1_front_270: Received dict for DBN 1
pick_column1_front_270: Received dict for DBN 2
pick_column1_front_270: Received dict for DBN 3
pick_column1_front_270: Sampling transitions and computing reward
pick_column1_front_270: Building transition/reward matrices
pick_column2_top_0: Identifying enabled states...
pick_column2_top_0: Splitting up datasets...
pick_column2_top_0: Learning DBNS...
pick_column2_top_0: Building transition dicts for each DBN
pick_column2_top_0: Starting process for DBN 0
pick_column2_top_0: Starting process for DBN 1
pick_column2_top_0: Starting process for DBN 2
pick_column2_top_0: Starting process for DBN 3
pick_column2_top_0: Received dict for DBN 0
pick_column2_top_0: Received dict for DBN 1
pick_column2_top_0: Received dict for DBN 2
pick_column2_top_0: Received dict for DBN 3
pick_column2_top_0: Sampling transitions and computing reward
pick_column2_top_0: Building transition/reward matrices
pick_column2_left_0: Identifying enabled states...
pick_column2_left_0: Splitting up datasets...
pick_column2_left_0: Learning DBNS...
pick_column2_left_0: Building transition dicts for each DBN
pick_column2_left_0: Starting process for DBN 0
pick_column2_left_0: Starting process for DBN 1
pick_column2_left_0: Starting process for DBN 2
pick_column2_left_0: Starting process for DBN 3
pick_column2_left_0: Received dict for DBN 0
pick_column2_left_0: Received dict for DBN 1
pick_column2_left_0: Received dict for DBN 2
pick_column2_left_0: Received dict for DBN 3
pick_column2_left_0: Sampling transitions and computing reward
pick_column2_left_0: Building transition/reward matrices
pick_column2_right_0: Identifying enabled states...
pick_column2_right_0: Splitting up datasets...
pick_column2_right_0: Learning DBNS...
pick_column2_right_0: Building transition dicts for each DBN
pick_column2_right_0: Starting process for DBN 0
pick_column2_right_0: Starting process for DBN 1
pick_column2_right_0: Starting process for DBN 2
pick_column2_right_0: Starting process for DBN 3
pick_column2_right_0: Received dict for DBN 0
pick_column2_right_0: Received dict for DBN 1
pick_column2_right_0: Received dict for DBN 2
pick_column2_right_0: Received dict for DBN 3
pick_column2_right_0: Sampling transitions and computing reward
pick_column2_right_0: Building transition/reward matrices
pick_column2_front_270: Identifying enabled states...
pick_column2_front_270: Splitting up datasets...
pick_column2_front_270: Learning DBNS...
pick_column2_front_270: Building transition dicts for each DBN
pick_column2_front_270: Starting process for DBN 0
pick_column2_front_270: Starting process for DBN 1
pick_column2_front_270: Starting process for DBN 2
pick_column2_front_270: Starting process for DBN 3
pick_column2_front_270: Received dict for DBN 0
pick_column2_front_270: Received dict for DBN 2
pick_column2_front_270: Received dict for DBN 1
pick_column2_front_270: Received dict for DBN 3
pick_column2_front_270: Sampling transitions and computing reward
pick_column2_front_270: Building transition/reward matrices
place_goal_0_top_0: Identifying enabled states...
place_goal_0_top_0: Splitting up datasets...
place_goal_0_top_0: Learning DBNS...
place_goal_0_top_0: Building transition dicts for each DBN
place_goal_0_top_0: Starting process for DBN 0
place_goal_0_top_0: Starting process for DBN 1
place_goal_0_top_0: Starting process for DBN 2
place_goal_0_top_0: Starting process for DBN 3
place_goal_0_top_0: Received dict for DBN 2
place_goal_0_top_0: Received dict for DBN 0
place_goal_0_top_0: Received dict for DBN 1
place_goal_0_top_0: Received dict for DBN 3
place_goal_0_top_0: Sampling transitions and computing reward
place_goal_0_top_0: Building transition/reward matrices
place_goal_0_left_0: Identifying enabled states...
place_goal_0_left_0: Splitting up datasets...
place_goal_0_left_0: Learning DBNS...
place_goal_0_left_0: Building transition dicts for each DBN
place_goal_0_left_0: Starting process for DBN 0
place_goal_0_left_0: Starting process for DBN 1
place_goal_0_left_0: Starting process for DBN 2
place_goal_0_left_0: Starting process for DBN 3
place_goal_0_left_0: Received dict for DBN 0
place_goal_0_left_0: Received dict for DBN 1
place_goal_0_left_0: Received dict for DBN 2
place_goal_0_left_0: Received dict for DBN 3
place_goal_0_left_0: Sampling transitions and computing reward
place_goal_0_left_0: Building transition/reward matrices
place_goal_0_right_0: Identifying enabled states...
place_goal_0_right_0: Splitting up datasets...
place_goal_0_right_0: Learning DBNS...
place_goal_0_right_0: Building transition dicts for each DBN
place_goal_0_right_0: Starting process for DBN 0
place_goal_0_right_0: Starting process for DBN 1
place_goal_0_right_0: Starting process for DBN 2
place_goal_0_right_0: Starting process for DBN 3
place_goal_0_right_0: Received dict for DBN 0
place_goal_0_right_0: Received dict for DBN 1
place_goal_0_right_0: Received dict for DBN 2
place_goal_0_right_0: Received dict for DBN 3
place_goal_0_right_0: Sampling transitions and computing reward
place_goal_0_right_0: Building transition/reward matrices
place_goal_0_front_270: Identifying enabled states...
place_goal_0_front_270: Splitting up datasets...
place_goal_0_front_270: Learning DBNS...
place_goal_0_front_270: Building transition dicts for each DBN
place_goal_0_front_270: Starting process for DBN 0
place_goal_0_front_270: Starting process for DBN 1
place_goal_0_front_270: Starting process for DBN 2
place_goal_0_front_270: Starting process for DBN 3
place_goal_0_front_270: Received dict for DBN 1
place_goal_0_front_270: Received dict for DBN 0
place_goal_0_front_270: Received dict for DBN 2
place_goal_0_front_270: Received dict for DBN 3
place_goal_0_front_270: Sampling transitions and computing reward
place_goal_0_front_270: Building transition/reward matrices
place_goal_1_top_0: Identifying enabled states...
place_goal_1_top_0: Splitting up datasets...
place_goal_1_top_0: Learning DBNS...
place_goal_1_top_0: Building transition dicts for each DBN
place_goal_1_top_0: Starting process for DBN 0
place_goal_1_top_0: Starting process for DBN 1
place_goal_1_top_0: Starting process for DBN 2
place_goal_1_top_0: Starting process for DBN 3
place_goal_1_top_0: Received dict for DBN 0
place_goal_1_top_0: Received dict for DBN 2
place_goal_1_top_0: Received dict for DBN 1
place_goal_1_top_0: Received dict for DBN 3
place_goal_1_top_0: Sampling transitions and computing reward
place_goal_1_top_0: Building transition/reward matrices
place_goal_1_left_0: Identifying enabled states...
place_goal_1_left_0: Splitting up datasets...
place_goal_1_left_0: Learning DBNS...
place_goal_1_left_0: Building transition dicts for each DBN
place_goal_1_left_0: Starting process for DBN 0
place_goal_1_left_0: Starting process for DBN 1
place_goal_1_left_0: Starting process for DBN 2
place_goal_1_left_0: Starting process for DBN 3
place_goal_1_left_0: Received dict for DBN 0
place_goal_1_left_0: Received dict for DBN 1
place_goal_1_left_0: Received dict for DBN 2
place_goal_1_left_0: Received dict for DBN 3
place_goal_1_left_0: Sampling transitions and computing reward
place_goal_1_left_0: Building transition/reward matrices
place_goal_1_right_0: Identifying enabled states...
place_goal_1_right_0: Splitting up datasets...
place_goal_1_right_0: Learning DBNS...
place_goal_1_right_0: Building transition dicts for each DBN
place_goal_1_right_0: Starting process for DBN 0
place_goal_1_right_0: Starting process for DBN 1
place_goal_1_right_0: Starting process for DBN 2
place_goal_1_right_0: Starting process for DBN 3
place_goal_1_right_0: Received dict for DBN 1
place_goal_1_right_0: Received dict for DBN 0
place_goal_1_right_0: Received dict for DBN 2
place_goal_1_right_0: Received dict for DBN 3
place_goal_1_right_0: Sampling transitions and computing reward
place_goal_1_right_0: Building transition/reward matrices
place_goal_1_front_270: Identifying enabled states...
place_goal_1_front_270: Splitting up datasets...
place_goal_1_front_270: Learning DBNS...
place_goal_1_front_270: Building transition dicts for each DBN
place_goal_1_front_270: Starting process for DBN 0
place_goal_1_front_270: Starting process for DBN 1
place_goal_1_front_270: Starting process for DBN 2
place_goal_1_front_270: Starting process for DBN 3
place_goal_1_front_270: Received dict for DBN 0
place_goal_1_front_270: Received dict for DBN 3
place_goal_1_front_270: Received dict for DBN 2
place_goal_1_front_270: Received dict for DBN 1
place_goal_1_front_270: Sampling transitions and computing reward
place_goal_1_front_270: Building transition/reward matrices
place_goal_2_top_0: Identifying enabled states...
place_goal_2_top_0: Splitting up datasets...
place_goal_2_top_0: Learning DBNS...
place_goal_2_top_0: Building transition dicts for each DBN
place_goal_2_top_0: Starting process for DBN 0
place_goal_2_top_0: Starting process for DBN 1
place_goal_2_top_0: Starting process for DBN 2
place_goal_2_top_0: Starting process for DBN 3
place_goal_2_top_0: Received dict for DBN 0
place_goal_2_top_0: Received dict for DBN 1
place_goal_2_top_0: Received dict for DBN 2
place_goal_2_top_0: Received dict for DBN 3
place_goal_2_top_0: Sampling transitions and computing reward
place_goal_2_top_0: Building transition/reward matrices
place_goal_2_left_0: Identifying enabled states...
place_goal_2_left_0: Splitting up datasets...
place_goal_2_left_0: Learning DBNS...
place_goal_2_left_0: Building transition dicts for each DBN
place_goal_2_left_0: Starting process for DBN 0
place_goal_2_left_0: Starting process for DBN 1
place_goal_2_left_0: Starting process for DBN 2
place_goal_2_left_0: Starting process for DBN 3
place_goal_2_left_0: Received dict for DBN 0
place_goal_2_left_0: Received dict for DBN 1
place_goal_2_left_0: Received dict for DBN 2
place_goal_2_left_0: Received dict for DBN 3
place_goal_2_left_0: Sampling transitions and computing reward
place_goal_2_left_0: Building transition/reward matrices
place_goal_2_right_0: Identifying enabled states...
place_goal_2_right_0: Splitting up datasets...
place_goal_2_right_0: Learning DBNS...
place_goal_2_right_0: Building transition dicts for each DBN
place_goal_2_right_0: Starting process for DBN 0
place_goal_2_right_0: Starting process for DBN 1
place_goal_2_right_0: Starting process for DBN 2
place_goal_2_right_0: Starting process for DBN 3
place_goal_2_right_0: Received dict for DBN 0
place_goal_2_right_0: Received dict for DBN 3
place_goal_2_right_0: Received dict for DBN 1
place_goal_2_right_0: Received dict for DBN 2
place_goal_2_right_0: Sampling transitions and computing reward
place_goal_2_right_0: Building transition/reward matrices
place_goal_2_front_270: Identifying enabled states...
place_goal_2_front_270: Splitting up datasets...
place_goal_2_front_270: Learning DBNS...
place_goal_2_front_270: Building transition dicts for each DBN
place_goal_2_front_270: Starting process for DBN 0
place_goal_2_front_270: Starting process for DBN 1
place_goal_2_front_270: Starting process for DBN 2
place_goal_2_front_270: Starting process for DBN 3
place_goal_2_front_270: Received dict for DBN 0
place_goal_2_front_270: Received dict for DBN 1
place_goal_2_front_270: Received dict for DBN 2
place_goal_2_front_270: Received dict for DBN 3
place_goal_2_front_270: Sampling transitions and computing reward
place_goal_2_front_270: Building transition/reward matrices
place_region_0_top_0: Identifying enabled states...
place_region_0_top_0: Splitting up datasets...
place_region_0_top_0: Learning DBNS...
place_region_0_top_0: Building transition dicts for each DBN
place_region_0_top_0: Starting process for DBN 0
place_region_0_top_0: Starting process for DBN 1
place_region_0_top_0: Starting process for DBN 2
place_region_0_top_0: Starting process for DBN 3
place_region_0_top_0: Received dict for DBN 0
place_region_0_top_0: Received dict for DBN 3
place_region_0_top_0: Received dict for DBN 1
place_region_0_top_0: Received dict for DBN 2
place_region_0_top_0: Sampling transitions and computing reward
place_region_0_top_0: Building transition/reward matrices
place_region_0_left_0: Identifying enabled states...
place_region_0_left_0: Splitting up datasets...
place_region_0_left_0: Learning DBNS...
place_region_0_left_0: Building transition dicts for each DBN
place_region_0_left_0: Starting process for DBN 0
place_region_0_left_0: Starting process for DBN 1
place_region_0_left_0: Starting process for DBN 2
place_region_0_left_0: Starting process for DBN 3
place_region_0_left_0: Received dict for DBN 0
place_region_0_left_0: Received dict for DBN 2
place_region_0_left_0: Received dict for DBN 1
place_region_0_left_0: Received dict for DBN 3
place_region_0_left_0: Sampling transitions and computing reward
place_region_0_left_0: Building transition/reward matrices
place_region_0_right_0: Identifying enabled states...
place_region_0_right_0: Splitting up datasets...
place_region_0_right_0: Learning DBNS...
place_region_0_right_0: Building transition dicts for each DBN
place_region_0_right_0: Starting process for DBN 0
place_region_0_right_0: Starting process for DBN 1
place_region_0_right_0: Starting process for DBN 2
place_region_0_right_0: Starting process for DBN 3
place_region_0_right_0: Received dict for DBN 0
place_region_0_right_0: Received dict for DBN 1
place_region_0_right_0: Received dict for DBN 2
place_region_0_right_0: Received dict for DBN 3
place_region_0_right_0: Sampling transitions and computing reward
place_region_0_right_0: Building transition/reward matrices
place_region_0_front_270: Identifying enabled states...
place_region_0_front_270: Splitting up datasets...
place_region_0_front_270: Learning DBNS...
place_region_0_front_270: Building transition dicts for each DBN
place_region_0_front_270: Starting process for DBN 0
place_region_0_front_270: Starting process for DBN 1
place_region_0_front_270: Starting process for DBN 2
place_region_0_front_270: Starting process for DBN 3
place_region_0_front_270: Received dict for DBN 0
place_region_0_front_270: Received dict for DBN 1
place_region_0_front_270: Received dict for DBN 2
place_region_0_front_270: Received dict for DBN 3
place_region_0_front_270: Sampling transitions and computing reward
place_region_0_front_270: Building transition/reward matrices
place_region_1_top_0: Identifying enabled states...
place_region_1_top_0: Splitting up datasets...
place_region_1_top_0: Learning DBNS...
place_region_1_top_0: Building transition dicts for each DBN
place_region_1_top_0: Starting process for DBN 0
place_region_1_top_0: Starting process for DBN 1
place_region_1_top_0: Starting process for DBN 2
place_region_1_top_0: Starting process for DBN 3
place_region_1_top_0: Received dict for DBN 0
place_region_1_top_0: Received dict for DBN 1
place_region_1_top_0: Received dict for DBN 2
place_region_1_top_0: Received dict for DBN 3
place_region_1_top_0: Sampling transitions and computing reward
place_region_1_top_0: Building transition/reward matrices
place_region_1_left_0: Identifying enabled states...
place_region_1_left_0: Splitting up datasets...
place_region_1_left_0: Learning DBNS...
place_region_1_left_0: Building transition dicts for each DBN
place_region_1_left_0: Starting process for DBN 0
place_region_1_left_0: Starting process for DBN 1
place_region_1_left_0: Starting process for DBN 2
place_region_1_left_0: Starting process for DBN 3
place_region_1_left_0: Received dict for DBN 0
place_region_1_left_0: Received dict for DBN 1
place_region_1_left_0: Received dict for DBN 2
place_region_1_left_0: Received dict for DBN 3
place_region_1_left_0: Sampling transitions and computing reward
place_region_1_left_0: Building transition/reward matrices
place_region_1_right_0: Identifying enabled states...
place_region_1_right_0: Splitting up datasets...
place_region_1_right_0: Learning DBNS...
place_region_1_right_0: Building transition dicts for each DBN
place_region_1_right_0: Starting process for DBN 0
place_region_1_right_0: Starting process for DBN 1
place_region_1_right_0: Starting process for DBN 2
place_region_1_right_0: Starting process for DBN 3
place_region_1_right_0: Received dict for DBN 0
place_region_1_right_0: Received dict for DBN 1
place_region_1_right_0: Received dict for DBN 2
place_region_1_right_0: Received dict for DBN 3
place_region_1_right_0: Sampling transitions and computing reward
place_region_1_right_0: Building transition/reward matrices
place_region_1_front_270: Identifying enabled states...
place_region_1_front_270: Splitting up datasets...
place_region_1_front_270: Learning DBNS...
place_region_1_front_270: Building transition dicts for each DBN
place_region_1_front_270: Starting process for DBN 0
place_region_1_front_270: Starting process for DBN 1
place_region_1_front_270: Starting process for DBN 2
place_region_1_front_270: Starting process for DBN 3
place_region_1_front_270: Received dict for DBN 0
place_region_1_front_270: Received dict for DBN 1
place_region_1_front_270: Received dict for DBN 2
place_region_1_front_270: Received dict for DBN 3
place_region_1_front_270: Sampling transitions and computing reward
place_region_1_front_270: Building transition/reward matrices
place_region_2_top_0: Identifying enabled states...
place_region_2_top_0: Splitting up datasets...
place_region_2_top_0: Learning DBNS...
place_region_2_top_0: Building transition dicts for each DBN
place_region_2_top_0: Starting process for DBN 0
place_region_2_top_0: Starting process for DBN 1
place_region_2_top_0: Starting process for DBN 2
place_region_2_top_0: Starting process for DBN 3
place_region_2_top_0: Received dict for DBN 0
place_region_2_top_0: Received dict for DBN 1
place_region_2_top_0: Received dict for DBN 2
place_region_2_top_0: Received dict for DBN 3
place_region_2_top_0: Sampling transitions and computing reward
place_region_2_top_0: Building transition/reward matrices
place_region_2_left_0: Identifying enabled states...
place_region_2_left_0: Splitting up datasets...
place_region_2_left_0: Learning DBNS...
place_region_2_left_0: Building transition dicts for each DBN
place_region_2_left_0: Starting process for DBN 0
place_region_2_left_0: Starting process for DBN 1
place_region_2_left_0: Starting process for DBN 2
place_region_2_left_0: Starting process for DBN 3
place_region_2_left_0: Received dict for DBN 1
place_region_2_left_0: Received dict for DBN 0
place_region_2_left_0: Received dict for DBN 2
place_region_2_left_0: Received dict for DBN 3
place_region_2_left_0: Sampling transitions and computing reward
place_region_2_left_0: Building transition/reward matrices
place_region_2_right_0: Identifying enabled states...
place_region_2_right_0: Splitting up datasets...
place_region_2_right_0: Learning DBNS...
place_region_2_right_0: Building transition dicts for each DBN
place_region_2_right_0: Starting process for DBN 0
place_region_2_right_0: Starting process for DBN 1
place_region_2_right_0: Starting process for DBN 2
place_region_2_right_0: Starting process for DBN 3
place_region_2_right_0: Received dict for DBN 0
place_region_2_right_0: Received dict for DBN 1
place_region_2_right_0: Received dict for DBN 2
place_region_2_right_0: Received dict for DBN 3
place_region_2_right_0: Sampling transitions and computing reward
place_region_2_right_0: Building transition/reward matrices
place_region_2_front_270: Identifying enabled states...
place_region_2_front_270: Splitting up datasets...
place_region_2_front_270: Learning DBNS...
place_region_2_front_270: Building transition dicts for each DBN
place_region_2_front_270: Starting process for DBN 0
place_region_2_front_270: Starting process for DBN 1
place_region_2_front_270: Starting process for DBN 2
place_region_2_front_270: Starting process for DBN 3
place_region_2_front_270: Received dict for DBN 3
place_region_2_front_270: Received dict for DBN 0
place_region_2_front_270: Received dict for DBN 1
place_region_2_front_270: Received dict for DBN 2
place_region_2_front_270: Sampling transitions and computing reward
place_region_2_front_270: Building transition/reward matrices
Building MDP...
Synthesising Policy...
Solving MDP for timestep: 29
Solving MDP for timestep: 28
Solving MDP for timestep: 27
Solving MDP for timestep: 26
Solving MDP for timestep: 25
Solving MDP for timestep: 24
Solving MDP for timestep: 23
Solving MDP for timestep: 22
Solving MDP for timestep: 21
Solving MDP for timestep: 20
Solving MDP for timestep: 19
Solving MDP for timestep: 18
Solving MDP for timestep: 17
Solving MDP for timestep: 16
Solving MDP for timestep: 15
Solving MDP for timestep: 14
Solving MDP for timestep: 13
Solving MDP for timestep: 12
Solving MDP for timestep: 11
Solving MDP for timestep: 10
Solving MDP for timestep: 9
Solving MDP for timestep: 8
Solving MDP for timestep: 7
Solving MDP for timestep: 6
Solving MDP for timestep: 5
Solving MDP for timestep: 4
Solving MDP for timestep: 3
Solving MDP for timestep: 2
Solving MDP for timestep: 1
Solving MDP for timestep: 0
Resetting the scene for new episode
Step 0
policy value 7.522303104400635
State(column0: region_0, column1: region_1, column2: region_2)
pick_column1_front_270
Action: Action(ActionType.PICK, obj=/column1, slot=None,grasp=GraspType.FRONT_270)
[EXEC] Picking /column1 with front_270

[INFO] Found 2240 potential configurations.
[WARN] No valid configuration found (all tested configs invalid).
[EXEC] Action ActionType.PICK executed in 2.70 seconds
[ERROR] Action ActionType.PICK failed for object /column1
Action duration: 0.001
[LOG] Transition logged to MongoDB: f3fb32f7-6c7b-4976-8005-709c6e29f096 - Episode 3
Action failed, stopping. Time elapsed: 0.001
Step 1
policy value 7.232769966125488
State(column0: region_0, column1: region_1, column2: region_2)
pick_column1_front_270
Action: Action(ActionType.PICK, obj=/column1, slot=None,grasp=GraspType.FRONT_270)
[EXEC] Picking /column1 with front_270

[INFO] Found 2432 potential configurations.
[WARN] No valid configuration found (all tested configs invalid).
[EXEC] Action ActionType.PICK executed in 3.04 seconds
[ERROR] Action ActionType.PICK failed for object /column1
Action duration: 0.001
[LOG] Transition logged to MongoDB: f3fb32f7-6c7b-4976-8005-709c6e29f096 - Episode 3
Action failed, stopping. Time elapsed: 0.001
Step 2
policy value 6.943292617797852
State(column0: region_0, column1: region_1, column2: region_2)
pick_column1_front_270
Action: Action(ActionType.PICK, obj=/column1, slot=None,grasp=GraspType.FRONT_270)
[EXEC] Picking /column1 with front_270

[INFO] Found 1600 potential configurations.
[WARN] No valid configuration found (all tested configs invalid).
[EXEC] Action ActionType.PICK executed in 2.11 seconds
[ERROR] Action ActionType.PICK failed for object /column1
Action duration: 0.001
[LOG] Transition logged to MongoDB: f3fb32f7-6c7b-4976-8005-709c6e29f096 - Episode 3
Action failed, stopping. Time elapsed: 0.001
Step 3
policy value 6.653747081756592
State(column0: region_0, column1: region_1, column2: region_2)
pick_column1_front_270
Action: Action(ActionType.PICK, obj=/column1, slot=None,grasp=GraspType.FRONT_270)
[EXEC] Picking /column1 with front_270

[INFO] Found 2560 potential configurations.
[WARN] No valid configuration found (all tested configs invalid).
[EXEC] Action ActionType.PICK executed in 2.84 seconds
[ERROR] Action ActionType.PICK failed for object /column1
Action duration: 0.001
[LOG] Transition logged to MongoDB: f3fb32f7-6c7b-4976-8005-709c6e29f096 - Episode 3
Action failed, stopping. Time elapsed: 0.001
Step 4
policy value 6.364304542541504
State(column0: region_0, column1: region_1, column2: region_2)
pick_column1_front_270
Action: Action(ActionType.PICK, obj=/column1, slot=None,grasp=GraspType.FRONT_270)
[EXEC] Picking /column1 with front_270

[INFO] Found 1600 potential configurations.
[WARN] No valid configuration found (all tested configs invalid).
[EXEC] Action ActionType.PICK executed in 2.17 seconds
[ERROR] Action ActionType.PICK failed for object /column1
Action duration: 0.001
[LOG] Transition logged to MongoDB: f3fb32f7-6c7b-4976-8005-709c6e29f096 - Episode 3
Action failed, stopping. Time elapsed: 0.001
Step 5
policy value 6.074741363525391
State(column0: region_0, column1: region_1, column2: region_2)
pick_column1_front_270
Action: Action(ActionType.PICK, obj=/column1, slot=None,grasp=GraspType.FRONT_270)
[EXEC] Picking /column1 with front_270

[INFO] Found 1792 potential configurations.
[WARN] No valid configuration found (all tested configs invalid).
[EXEC] Action ActionType.PICK executed in 2.56 seconds
[ERROR] Action ActionType.PICK failed for object /column1
Action duration: 0.001
[LOG] Transition logged to MongoDB: f3fb32f7-6c7b-4976-8005-709c6e29f096 - Episode 3
Action failed, stopping. Time elapsed: 0.001
Too many failures, resetting episode
Episode 6 ended
Revising policy
USING STORM: False
Reading data from MongoDB...
Total option moiton param combinations 36
Collected combinations 36
Building state to idx mapping...
Building option ensembles...
pick_column0_top_0: Identifying enabled states...
pick_column0_top_0: Splitting up datasets...
pick_column0_top_0: Learning DBNS...
pick_column0_top_0: Building transition dicts for each DBN
pick_column0_top_0: Starting process for DBN 0
pick_column0_top_0: Starting process for DBN 1
pick_column0_top_0: Starting process for DBN 2
pick_column0_top_0: Starting process for DBN 3
pick_column0_top_0: Received dict for DBN 0
pick_column0_top_0: Received dict for DBN 1
pick_column0_top_0: Received dict for DBN 2
pick_column0_top_0: Received dict for DBN 3
pick_column0_top_0: Sampling transitions and computing reward
pick_column0_top_0: Building transition/reward matrices
pick_column0_left_0: Identifying enabled states...
pick_column0_left_0: Splitting up datasets...
pick_column0_left_0: Learning DBNS...
pick_column0_left_0: Building transition dicts for each DBN
pick_column0_left_0: Starting process for DBN 0
pick_column0_left_0: Starting process for DBN 1
pick_column0_left_0: Starting process for DBN 2
pick_column0_left_0: Starting process for DBN 3
pick_column0_left_0: Received dict for DBN 0
pick_column0_left_0: Received dict for DBN 1
pick_column0_left_0: Received dict for DBN 2
pick_column0_left_0: Received dict for DBN 3
pick_column0_left_0: Sampling transitions and computing reward
pick_column0_left_0: Building transition/reward matrices
pick_column0_right_0: Identifying enabled states...
pick_column0_right_0: Splitting up datasets...
pick_column0_right_0: Learning DBNS...
pick_column0_right_0: Building transition dicts for each DBN
pick_column0_right_0: Starting process for DBN 0
pick_column0_right_0: Starting process for DBN 1
pick_column0_right_0: Starting process for DBN 2
pick_column0_right_0: Starting process for DBN 3
pick_column0_right_0: Received dict for DBN 0
pick_column0_right_0: Received dict for DBN 1
pick_column0_right_0: Received dict for DBN 2
pick_column0_right_0: Received dict for DBN 3
pick_column0_right_0: Sampling transitions and computing reward
pick_column0_right_0: Building transition/reward matrices
pick_column0_front_270: Identifying enabled states...
pick_column0_front_270: Splitting up datasets...
pick_column0_front_270: Learning DBNS...
pick_column0_front_270: Building transition dicts for each DBN
pick_column0_front_270: Starting process for DBN 0
pick_column0_front_270: Starting process for DBN 1
pick_column0_front_270: Starting process for DBN 2
pick_column0_front_270: Starting process for DBN 3
pick_column0_front_270: Received dict for DBN 0
pick_column0_front_270: Received dict for DBN 1
pick_column0_front_270: Received dict for DBN 2
pick_column0_front_270: Received dict for DBN 3
pick_column0_front_270: Sampling transitions and computing reward
pick_column0_front_270: Building transition/reward matrices
pick_column1_top_0: Identifying enabled states...
pick_column1_top_0: Splitting up datasets...
pick_column1_top_0: Learning DBNS...
pick_column1_top_0: Building transition dicts for each DBN
pick_column1_top_0: Starting process for DBN 0
pick_column1_top_0: Starting process for DBN 1
pick_column1_top_0: Starting process for DBN 2
pick_column1_top_0: Starting process for DBN 3
pick_column1_top_0: Received dict for DBN 0
pick_column1_top_0: Received dict for DBN 1
pick_column1_top_0: Received dict for DBN 2
pick_column1_top_0: Received dict for DBN 3
pick_column1_top_0: Sampling transitions and computing reward
pick_column1_top_0: Building transition/reward matrices
pick_column1_left_0: Identifying enabled states...
pick_column1_left_0: Splitting up datasets...
pick_column1_left_0: Learning DBNS...
pick_column1_left_0: Building transition dicts for each DBN
pick_column1_left_0: Starting process for DBN 0
pick_column1_left_0: Starting process for DBN 1
pick_column1_left_0: Starting process for DBN 2
pick_column1_left_0: Starting process for DBN 3
pick_column1_left_0: Received dict for DBN 0
pick_column1_left_0: Received dict for DBN 1
pick_column1_left_0: Received dict for DBN 2
pick_column1_left_0: Received dict for DBN 3
pick_column1_left_0: Sampling transitions and computing reward
pick_column1_left_0: Building transition/reward matrices
pick_column1_right_0: Identifying enabled states...
pick_column1_right_0: Splitting up datasets...
pick_column1_right_0: Learning DBNS...
pick_column1_right_0: Building transition dicts for each DBN
pick_column1_right_0: Starting process for DBN 0
pick_column1_right_0: Starting process for DBN 1
pick_column1_right_0: Starting process for DBN 2
pick_column1_right_0: Starting process for DBN 3
pick_column1_right_0: Received dict for DBN 0
pick_column1_right_0: Received dict for DBN 1
pick_column1_right_0: Received dict for DBN 2
pick_column1_right_0: Received dict for DBN 3
pick_column1_right_0: Sampling transitions and computing reward
pick_column1_right_0: Building transition/reward matrices
pick_column1_front_270: Identifying enabled states...
pick_column1_front_270: Splitting up datasets...
pick_column1_front_270: Learning DBNS...
pick_column1_front_270: Building transition dicts for each DBN
pick_column1_front_270: Starting process for DBN 0
pick_column1_front_270: Starting process for DBN 1
pick_column1_front_270: Starting process for DBN 2
pick_column1_front_270: Starting process for DBN 3
pick_column1_front_270: Received dict for DBN 0
pick_column1_front_270: Received dict for DBN 1
pick_column1_front_270: Received dict for DBN 2
pick_column1_front_270: Received dict for DBN 3
pick_column1_front_270: Sampling transitions and computing reward
pick_column1_front_270: Building transition/reward matrices
pick_column2_top_0: Identifying enabled states...
pick_column2_top_0: Splitting up datasets...
pick_column2_top_0: Learning DBNS...
pick_column2_top_0: Building transition dicts for each DBN
pick_column2_top_0: Starting process for DBN 0
pick_column2_top_0: Starting process for DBN 1
pick_column2_top_0: Starting process for DBN 2
pick_column2_top_0: Starting process for DBN 3
pick_column2_top_0: Received dict for DBN 0
pick_column2_top_0: Received dict for DBN 1
pick_column2_top_0: Received dict for DBN 2
pick_column2_top_0: Received dict for DBN 3
pick_column2_top_0: Sampling transitions and computing reward
pick_column2_top_0: Building transition/reward matrices
pick_column2_left_0: Identifying enabled states...
pick_column2_left_0: Splitting up datasets...
pick_column2_left_0: Learning DBNS...
pick_column2_left_0: Building transition dicts for each DBN
pick_column2_left_0: Starting process for DBN 0
pick_column2_left_0: Starting process for DBN 1
pick_column2_left_0: Starting process for DBN 2
pick_column2_left_0: Starting process for DBN 3
pick_column2_left_0: Received dict for DBN 0
pick_column2_left_0: Received dict for DBN 1
pick_column2_left_0: Received dict for DBN 2
pick_column2_left_0: Received dict for DBN 3
pick_column2_left_0: Sampling transitions and computing reward
pick_column2_left_0: Building transition/reward matrices
pick_column2_right_0: Identifying enabled states...
pick_column2_right_0: Splitting up datasets...
pick_column2_right_0: Learning DBNS...
pick_column2_right_0: Building transition dicts for each DBN
pick_column2_right_0: Starting process for DBN 0
pick_column2_right_0: Starting process for DBN 1
pick_column2_right_0: Starting process for DBN 2
pick_column2_right_0: Starting process for DBN 3
pick_column2_right_0: Received dict for DBN 0
pick_column2_right_0: Received dict for DBN 1
pick_column2_right_0: Received dict for DBN 2
pick_column2_right_0: Received dict for DBN 3
pick_column2_right_0: Sampling transitions and computing reward
pick_column2_right_0: Building transition/reward matrices
pick_column2_front_270: Identifying enabled states...
pick_column2_front_270: Splitting up datasets...
pick_column2_front_270: Learning DBNS...
pick_column2_front_270: Building transition dicts for each DBN
pick_column2_front_270: Starting process for DBN 0
pick_column2_front_270: Starting process for DBN 1
pick_column2_front_270: Starting process for DBN 2
pick_column2_front_270: Starting process for DBN 3
pick_column2_front_270: Received dict for DBN 0
pick_column2_front_270: Received dict for DBN 2
pick_column2_front_270: Received dict for DBN 1
pick_column2_front_270: Received dict for DBN 3
pick_column2_front_270: Sampling transitions and computing reward
pick_column2_front_270: Building transition/reward matrices
place_goal_0_top_0: Identifying enabled states...
place_goal_0_top_0: Splitting up datasets...
place_goal_0_top_0: Learning DBNS...
place_goal_0_top_0: Building transition dicts for each DBN
place_goal_0_top_0: Starting process for DBN 0
place_goal_0_top_0: Starting process for DBN 1
place_goal_0_top_0: Starting process for DBN 2
place_goal_0_top_0: Starting process for DBN 3
place_goal_0_top_0: Received dict for DBN 3
place_goal_0_top_0: Received dict for DBN 0
place_goal_0_top_0: Received dict for DBN 2
place_goal_0_top_0: Received dict for DBN 1
place_goal_0_top_0: Sampling transitions and computing reward
place_goal_0_top_0: Building transition/reward matrices
place_goal_0_left_0: Identifying enabled states...
place_goal_0_left_0: Splitting up datasets...
place_goal_0_left_0: Learning DBNS...
place_goal_0_left_0: Building transition dicts for each DBN
place_goal_0_left_0: Starting process for DBN 0
place_goal_0_left_0: Starting process for DBN 1
place_goal_0_left_0: Starting process for DBN 2
place_goal_0_left_0: Starting process for DBN 3
place_goal_0_left_0: Received dict for DBN 0
place_goal_0_left_0: Received dict for DBN 1
place_goal_0_left_0: Received dict for DBN 2
place_goal_0_left_0: Received dict for DBN 3
place_goal_0_left_0: Sampling transitions and computing reward
place_goal_0_left_0: Building transition/reward matrices
place_goal_0_right_0: Identifying enabled states...
place_goal_0_right_0: Splitting up datasets...
place_goal_0_right_0: Learning DBNS...
place_goal_0_right_0: Building transition dicts for each DBN
place_goal_0_right_0: Starting process for DBN 0
place_goal_0_right_0: Starting process for DBN 1
place_goal_0_right_0: Starting process for DBN 2
place_goal_0_right_0: Starting process for DBN 3
place_goal_0_right_0: Received dict for DBN 0
place_goal_0_right_0: Received dict for DBN 1
place_goal_0_right_0: Received dict for DBN 2
place_goal_0_right_0: Received dict for DBN 3
place_goal_0_right_0: Sampling transitions and computing reward
place_goal_0_right_0: Building transition/reward matrices
place_goal_0_front_270: Identifying enabled states...
place_goal_0_front_270: Splitting up datasets...
place_goal_0_front_270: Learning DBNS...
place_goal_0_front_270: Building transition dicts for each DBN
place_goal_0_front_270: Starting process for DBN 0
place_goal_0_front_270: Starting process for DBN 1
place_goal_0_front_270: Starting process for DBN 2
place_goal_0_front_270: Starting process for DBN 3
place_goal_0_front_270: Received dict for DBN 3
place_goal_0_front_270: Received dict for DBN 0
place_goal_0_front_270: Received dict for DBN 1
place_goal_0_front_270: Received dict for DBN 2
place_goal_0_front_270: Sampling transitions and computing reward
place_goal_0_front_270: Building transition/reward matrices
place_goal_1_top_0: Identifying enabled states...
place_goal_1_top_0: Splitting up datasets...
place_goal_1_top_0: Learning DBNS...
place_goal_1_top_0: Building transition dicts for each DBN
place_goal_1_top_0: Starting process for DBN 0
place_goal_1_top_0: Starting process for DBN 1
place_goal_1_top_0: Starting process for DBN 2
place_goal_1_top_0: Starting process for DBN 3
place_goal_1_top_0: Received dict for DBN 1
place_goal_1_top_0: Received dict for DBN 0
place_goal_1_top_0: Received dict for DBN 2
place_goal_1_top_0: Received dict for DBN 3
place_goal_1_top_0: Sampling transitions and computing reward
place_goal_1_top_0: Building transition/reward matrices
place_goal_1_left_0: Identifying enabled states...
place_goal_1_left_0: Splitting up datasets...
place_goal_1_left_0: Learning DBNS...
place_goal_1_left_0: Building transition dicts for each DBN
place_goal_1_left_0: Starting process for DBN 0
place_goal_1_left_0: Starting process for DBN 1
place_goal_1_left_0: Starting process for DBN 2
place_goal_1_left_0: Starting process for DBN 3
place_goal_1_left_0: Received dict for DBN 0
place_goal_1_left_0: Received dict for DBN 1
place_goal_1_left_0: Received dict for DBN 2
place_goal_1_left_0: Received dict for DBN 3
place_goal_1_left_0: Sampling transitions and computing reward
place_goal_1_left_0: Building transition/reward matrices
place_goal_1_right_0: Identifying enabled states...
place_goal_1_right_0: Splitting up datasets...
place_goal_1_right_0: Learning DBNS...
place_goal_1_right_0: Building transition dicts for each DBN
place_goal_1_right_0: Starting process for DBN 0
place_goal_1_right_0: Starting process for DBN 1
place_goal_1_right_0: Starting process for DBN 2
place_goal_1_right_0: Starting process for DBN 3
place_goal_1_right_0: Received dict for DBN 3
place_goal_1_right_0: Received dict for DBN 1
place_goal_1_right_0: Received dict for DBN 0
place_goal_1_right_0: Received dict for DBN 2
place_goal_1_right_0: Sampling transitions and computing reward
place_goal_1_right_0: Building transition/reward matrices
place_goal_1_front_270: Identifying enabled states...
place_goal_1_front_270: Splitting up datasets...
place_goal_1_front_270: Learning DBNS...
place_goal_1_front_270: Building transition dicts for each DBN
place_goal_1_front_270: Starting process for DBN 0
place_goal_1_front_270: Starting process for DBN 1
place_goal_1_front_270: Starting process for DBN 2
place_goal_1_front_270: Starting process for DBN 3
place_goal_1_front_270: Received dict for DBN 3
place_goal_1_front_270: Received dict for DBN 0
place_goal_1_front_270: Received dict for DBN 1
place_goal_1_front_270: Received dict for DBN 2
place_goal_1_front_270: Sampling transitions and computing reward
place_goal_1_front_270: Building transition/reward matrices
place_goal_2_top_0: Identifying enabled states...
place_goal_2_top_0: Splitting up datasets...
place_goal_2_top_0: Learning DBNS...
place_goal_2_top_0: Building transition dicts for each DBN
place_goal_2_top_0: Starting process for DBN 0
place_goal_2_top_0: Starting process for DBN 1
place_goal_2_top_0: Starting process for DBN 2
place_goal_2_top_0: Starting process for DBN 3
place_goal_2_top_0: Received dict for DBN 0
place_goal_2_top_0: Received dict for DBN 1
place_goal_2_top_0: Received dict for DBN 2
place_goal_2_top_0: Received dict for DBN 3
place_goal_2_top_0: Sampling transitions and computing reward
place_goal_2_top_0: Building transition/reward matrices
place_goal_2_left_0: Identifying enabled states...
place_goal_2_left_0: Splitting up datasets...
place_goal_2_left_0: Learning DBNS...
place_goal_2_left_0: Building transition dicts for each DBN
place_goal_2_left_0: Starting process for DBN 0
place_goal_2_left_0: Starting process for DBN 1
place_goal_2_left_0: Starting process for DBN 2
place_goal_2_left_0: Starting process for DBN 3
place_goal_2_left_0: Received dict for DBN 0
place_goal_2_left_0: Received dict for DBN 1
place_goal_2_left_0: Received dict for DBN 2
place_goal_2_left_0: Received dict for DBN 3
place_goal_2_left_0: Sampling transitions and computing reward
place_goal_2_left_0: Building transition/reward matrices
place_goal_2_right_0: Identifying enabled states...
place_goal_2_right_0: Splitting up datasets...
place_goal_2_right_0: Learning DBNS...
place_goal_2_right_0: Building transition dicts for each DBN
place_goal_2_right_0: Starting process for DBN 0
place_goal_2_right_0: Starting process for DBN 1
place_goal_2_right_0: Starting process for DBN 2
place_goal_2_right_0: Starting process for DBN 3
place_goal_2_right_0: Received dict for DBN 0
place_goal_2_right_0: Received dict for DBN 3
place_goal_2_right_0: Received dict for DBN 1
place_goal_2_right_0: Received dict for DBN 2
place_goal_2_right_0: Sampling transitions and computing reward
place_goal_2_right_0: Building transition/reward matrices
place_goal_2_front_270: Identifying enabled states...
place_goal_2_front_270: Splitting up datasets...
place_goal_2_front_270: Learning DBNS...
place_goal_2_front_270: Building transition dicts for each DBN
place_goal_2_front_270: Starting process for DBN 0
place_goal_2_front_270: Starting process for DBN 1
place_goal_2_front_270: Starting process for DBN 2
place_goal_2_front_270: Starting process for DBN 3
place_goal_2_front_270: Received dict for DBN 0
place_goal_2_front_270: Received dict for DBN 1
place_goal_2_front_270: Received dict for DBN 2
place_goal_2_front_270: Received dict for DBN 3
place_goal_2_front_270: Sampling transitions and computing reward
place_goal_2_front_270: Building transition/reward matrices
place_region_0_top_0: Identifying enabled states...
place_region_0_top_0: Splitting up datasets...
place_region_0_top_0: Learning DBNS...
place_region_0_top_0: Building transition dicts for each DBN
place_region_0_top_0: Starting process for DBN 0
place_region_0_top_0: Starting process for DBN 1
place_region_0_top_0: Starting process for DBN 2
place_region_0_top_0: Starting process for DBN 3
place_region_0_top_0: Received dict for DBN 0
place_region_0_top_0: Received dict for DBN 1
place_region_0_top_0: Received dict for DBN 2
place_region_0_top_0: Received dict for DBN 3
place_region_0_top_0: Sampling transitions and computing reward
place_region_0_top_0: Building transition/reward matrices
place_region_0_left_0: Identifying enabled states...
place_region_0_left_0: Splitting up datasets...
place_region_0_left_0: Learning DBNS...
place_region_0_left_0: Building transition dicts for each DBN
place_region_0_left_0: Starting process for DBN 0
place_region_0_left_0: Starting process for DBN 1
place_region_0_left_0: Starting process for DBN 2
place_region_0_left_0: Starting process for DBN 3
place_region_0_left_0: Received dict for DBN 0
place_region_0_left_0: Received dict for DBN 1
place_region_0_left_0: Received dict for DBN 2
place_region_0_left_0: Received dict for DBN 3
place_region_0_left_0: Sampling transitions and computing reward
place_region_0_left_0: Building transition/reward matrices
place_region_0_right_0: Identifying enabled states...
place_region_0_right_0: Splitting up datasets...
place_region_0_right_0: Learning DBNS...
place_region_0_right_0: Building transition dicts for each DBN
place_region_0_right_0: Starting process for DBN 0
place_region_0_right_0: Starting process for DBN 1
place_region_0_right_0: Starting process for DBN 2
place_region_0_right_0: Starting process for DBN 3
place_region_0_right_0: Received dict for DBN 0
place_region_0_right_0: Received dict for DBN 2
place_region_0_right_0: Received dict for DBN 1
place_region_0_right_0: Received dict for DBN 3
place_region_0_right_0: Sampling transitions and computing reward
place_region_0_right_0: Building transition/reward matrices
place_region_0_front_270: Identifying enabled states...
place_region_0_front_270: Splitting up datasets...
place_region_0_front_270: Learning DBNS...
place_region_0_front_270: Building transition dicts for each DBN
place_region_0_front_270: Starting process for DBN 0
place_region_0_front_270: Starting process for DBN 1
place_region_0_front_270: Starting process for DBN 2
place_region_0_front_270: Starting process for DBN 3
place_region_0_front_270: Received dict for DBN 2
place_region_0_front_270: Received dict for DBN 0
place_region_0_front_270: Received dict for DBN 1
place_region_0_front_270: Received dict for DBN 3
place_region_0_front_270: Sampling transitions and computing reward
place_region_0_front_270: Building transition/reward matrices
place_region_1_top_0: Identifying enabled states...
place_region_1_top_0: Splitting up datasets...
place_region_1_top_0: Learning DBNS...
place_region_1_top_0: Building transition dicts for each DBN
place_region_1_top_0: Starting process for DBN 0
place_region_1_top_0: Starting process for DBN 1
place_region_1_top_0: Starting process for DBN 2
place_region_1_top_0: Starting process for DBN 3
place_region_1_top_0: Received dict for DBN 0
place_region_1_top_0: Received dict for DBN 1
place_region_1_top_0: Received dict for DBN 2
place_region_1_top_0: Received dict for DBN 3
place_region_1_top_0: Sampling transitions and computing reward
place_region_1_top_0: Building transition/reward matrices
place_region_1_left_0: Identifying enabled states...
place_region_1_left_0: Splitting up datasets...
place_region_1_left_0: Learning DBNS...
place_region_1_left_0: Building transition dicts for each DBN
place_region_1_left_0: Starting process for DBN 0
place_region_1_left_0: Starting process for DBN 1
place_region_1_left_0: Starting process for DBN 2
place_region_1_left_0: Starting process for DBN 3
place_region_1_left_0: Received dict for DBN 0
place_region_1_left_0: Received dict for DBN 1
place_region_1_left_0: Received dict for DBN 2
place_region_1_left_0: Received dict for DBN 3
place_region_1_left_0: Sampling transitions and computing reward
place_region_1_left_0: Building transition/reward matrices
place_region_1_right_0: Identifying enabled states...
place_region_1_right_0: Splitting up datasets...
place_region_1_right_0: Learning DBNS...
place_region_1_right_0: Building transition dicts for each DBN
place_region_1_right_0: Starting process for DBN 0
place_region_1_right_0: Starting process for DBN 1
place_region_1_right_0: Starting process for DBN 2
place_region_1_right_0: Starting process for DBN 3
place_region_1_right_0: Received dict for DBN 1
place_region_1_right_0: Received dict for DBN 0
place_region_1_right_0: Received dict for DBN 2
place_region_1_right_0: Received dict for DBN 3
place_region_1_right_0: Sampling transitions and computing reward
place_region_1_right_0: Building transition/reward matrices
place_region_1_front_270: Identifying enabled states...
place_region_1_front_270: Splitting up datasets...
place_region_1_front_270: Learning DBNS...
place_region_1_front_270: Building transition dicts for each DBN
place_region_1_front_270: Starting process for DBN 0
place_region_1_front_270: Starting process for DBN 1
place_region_1_front_270: Starting process for DBN 2
place_region_1_front_270: Starting process for DBN 3
place_region_1_front_270: Received dict for DBN 0
place_region_1_front_270: Received dict for DBN 1
place_region_1_front_270: Received dict for DBN 2
place_region_1_front_270: Received dict for DBN 3
place_region_1_front_270: Sampling transitions and computing reward
place_region_1_front_270: Building transition/reward matrices
place_region_2_top_0: Identifying enabled states...
place_region_2_top_0: Splitting up datasets...
place_region_2_top_0: Learning DBNS...
place_region_2_top_0: Building transition dicts for each DBN
place_region_2_top_0: Starting process for DBN 0
place_region_2_top_0: Starting process for DBN 1
place_region_2_top_0: Starting process for DBN 2
place_region_2_top_0: Starting process for DBN 3
place_region_2_top_0: Received dict for DBN 1
place_region_2_top_0: Received dict for DBN 0
place_region_2_top_0: Received dict for DBN 2
place_region_2_top_0: Received dict for DBN 3
place_region_2_top_0: Sampling transitions and computing reward
place_region_2_top_0: Building transition/reward matrices
place_region_2_left_0: Identifying enabled states...
place_region_2_left_0: Splitting up datasets...
place_region_2_left_0: Learning DBNS...
place_region_2_left_0: Building transition dicts for each DBN
place_region_2_left_0: Starting process for DBN 0
place_region_2_left_0: Starting process for DBN 1
place_region_2_left_0: Starting process for DBN 2
place_region_2_left_0: Starting process for DBN 3
place_region_2_left_0: Received dict for DBN 3
place_region_2_left_0: Received dict for DBN 0
place_region_2_left_0: Received dict for DBN 1
place_region_2_left_0: Received dict for DBN 2
place_region_2_left_0: Sampling transitions and computing reward
place_region_2_left_0: Building transition/reward matrices
place_region_2_right_0: Identifying enabled states...
place_region_2_right_0: Splitting up datasets...
place_region_2_right_0: Learning DBNS...
place_region_2_right_0: Building transition dicts for each DBN
place_region_2_right_0: Starting process for DBN 0
place_region_2_right_0: Starting process for DBN 1
place_region_2_right_0: Starting process for DBN 2
place_region_2_right_0: Starting process for DBN 3
place_region_2_right_0: Received dict for DBN 0
place_region_2_right_0: Received dict for DBN 1
place_region_2_right_0: Received dict for DBN 2
place_region_2_right_0: Received dict for DBN 3
place_region_2_right_0: Sampling transitions and computing reward
place_region_2_right_0: Building transition/reward matrices
place_region_2_front_270: Identifying enabled states...
place_region_2_front_270: Splitting up datasets...
place_region_2_front_270: Learning DBNS...
place_region_2_front_270: Building transition dicts for each DBN
place_region_2_front_270: Starting process for DBN 0
place_region_2_front_270: Starting process for DBN 1
place_region_2_front_270: Starting process for DBN 2
place_region_2_front_270: Starting process for DBN 3
place_region_2_front_270: Received dict for DBN 1
place_region_2_front_270: Received dict for DBN 0
place_region_2_front_270: Received dict for DBN 2
place_region_2_front_270: Received dict for DBN 3
place_region_2_front_270: Sampling transitions and computing reward
place_region_2_front_270: Building transition/reward matrices
Building MDP...
Synthesising Policy...
Solving MDP for timestep: 29
Solving MDP for timestep: 28
Solving MDP for timestep: 27
Solving MDP for timestep: 26
Solving MDP for timestep: 25
Solving MDP for timestep: 24
Solving MDP for timestep: 23
Solving MDP for timestep: 22
Solving MDP for timestep: 21
Solving MDP for timestep: 20
Solving MDP for timestep: 19
Solving MDP for timestep: 18
Solving MDP for timestep: 17
Solving MDP for timestep: 16
Solving MDP for timestep: 15
Solving MDP for timestep: 14
Solving MDP for timestep: 13
Solving MDP for timestep: 12
Solving MDP for timestep: 11
Solving MDP for timestep: 10
Solving MDP for timestep: 9
Solving MDP for timestep: 8
Solving MDP for timestep: 7
Solving MDP for timestep: 6
Solving MDP for timestep: 5
Solving MDP for timestep: 4
Solving MDP for timestep: 3
Solving MDP for timestep: 2
Solving MDP for timestep: 1
Solving MDP for timestep: 0
Resetting the scene for new episode
Step 0
policy value 8.074128150939941
State(column0: region_0, column1: region_2, column2: region_1)
pick_column1_top_0
Action: Action(ActionType.PICK, obj=/column1, slot=None,grasp=GraspType.TOP_0)
[EXEC] Picking /column1 with top_0

[INFO] Found 2048 potential configurations.
[INFO] Motion completed successfully with result: success,in execution time: 3.88 seconds
[INFO] Found a reachable configuration for pick action after 1 attempts.
Tip distance after pick: 0.02617822680863244
[INFO] Pick action completed successfully.in execution time: 3.88 seconds
[EXEC] Action ActionType.PICK executed in 17.14 seconds
[SUCCESS] Action ActionType.PICK succeeded for object /column1
Action duration: 3.88
[LOG] Transition logged to MongoDB: f3fb32f7-6c7b-4976-8005-709c6e29f096 - Episode 3
Step 1
policy value 8.074128150939941
State(column0: region_0, column1: held, column2: region_1)
place_goal_0_right_0
Action: Action(ActionType.PLACE, obj=/column1, slot=/goal_0,grasp=GraspType.RIGHT_0)
[EXEC] Placing at [-0.27499999999999986, 0.8250000000000005, 0.5] with grasp right_0

[INFO] Found 2496 potential configurations.
[INFO] Motion completed successfully with result: success,in execution time: 11.48 seconds
[INFO] Found a reachable configuration for place action after 1 attempts.
[INFO] Place action completed successfully.
realigning placed object /column1 to target position
[EXEC] Action ActionType.PLACE executed in 42.88 seconds
[SUCCESS] Action ActionType.PLACE succeeded for object /column1
Action duration: 11.48
[LOG] Transition logged to MongoDB: f3fb32f7-6c7b-4976-8005-709c6e29f096 - Episode 3
Step 2
policy value 8.049442291259766
State(column0: region_0, column1: goal_0, column2: region_1)
pick_column0_top_0
Action: Action(ActionType.PICK, obj=/column0, slot=None,grasp=GraspType.TOP_0)
[EXEC] Picking /column0 with top_0

[INFO] Found 3456 potential configurations.
[INFO] Motion completed successfully with result: success,in execution time: 3.28 seconds
[INFO] Found a reachable configuration for pick action after 1 attempts.
Tip distance after pick: 0.0276772693111106
[INFO] Pick action completed successfully.in execution time: 3.28 seconds
[EXEC] Action ActionType.PICK executed in 18.71 seconds
[SUCCESS] Action ActionType.PICK succeeded for object /column0
Action duration: 3.2799999999999
[LOG] Transition logged to MongoDB: f3fb32f7-6c7b-4976-8005-709c6e29f096 - Episode 3
Step 3
policy value 8.049442291259766
State(column0: held, column1: goal_0, column2: region_1)
place_goal_2_right_0
Action: Action(ActionType.PLACE, obj=/column0, slot=/goal_2,grasp=GraspType.RIGHT_0)
[EXEC] Placing at [-0.6000000000000001, 0.8250000000000003, 0.5] with grasp right_0

[INFO] Found 2432 potential configurations.
[ERROR] Motion failed (collision or invalid path)
[ERROR] Motion result: no_path
[WARN] Failed to find a path to the selected place config on attempt 1.
[WARN] No path found to selected place config, discarding and trying next valid config...
[INFO] Motion completed successfully with result: success,in execution time: 3.72 seconds
[INFO] Found a reachable configuration for place action after 2 attempts.
[INFO] Place action completed successfully.
realigning placed object /column0 to target position
[EXEC] Action ActionType.PLACE executed in 30.15 seconds
[SUCCESS] Action ActionType.PLACE succeeded for object /column0
Action duration: 3.7199999999999
[LOG] Transition logged to MongoDB: f3fb32f7-6c7b-4976-8005-709c6e29f096 - Episode 3
Step 4
policy value 7.3640241622924805
State(column0: goal_2, column1: goal_0, column2: region_1)
pick_column0_right_0
Action: Action(ActionType.PICK, obj=/column0, slot=None,grasp=GraspType.RIGHT_0)
[EXEC] Picking /column0 with right_0

[INFO] Found 2240 potential configurations.
[WARN] No valid configuration found (all tested configs invalid).
[EXEC] Action ActionType.PICK executed in 2.37 seconds
[ERROR] Action ActionType.PICK failed for object /column0
Action duration: 0.001
[LOG] Transition logged to MongoDB: f3fb32f7-6c7b-4976-8005-709c6e29f096 - Episode 3
Action failed, stopping. Time elapsed: 0.001
Step 5
policy value 7.07948112487793
State(column0: goal_2, column1: goal_0, column2: region_1)
pick_column0_right_0
Action: Action(ActionType.PICK, obj=/column0, slot=None,grasp=GraspType.RIGHT_0)
[EXEC] Picking /column0 with right_0

[INFO] Found 2048 potential configurations.
[WARN] No valid configuration found (all tested configs invalid).
[EXEC] Action ActionType.PICK executed in 2.37 seconds
[ERROR] Action ActionType.PICK failed for object /column0
Action duration: 0.001
[LOG] Transition logged to MongoDB: f3fb32f7-6c7b-4976-8005-709c6e29f096 - Episode 3
Action failed, stopping. Time elapsed: 0.001
Step 6
policy value 6.795024871826172
State(column0: goal_2, column1: goal_0, column2: region_1)
pick_column0_right_0
Action: Action(ActionType.PICK, obj=/column0, slot=None,grasp=GraspType.RIGHT_0)
[EXEC] Picking /column0 with right_0

[INFO] Found 2496 potential configurations.
[WARN] No valid configuration found (all tested configs invalid).
[EXEC] Action ActionType.PICK executed in 2.69 seconds
[ERROR] Action ActionType.PICK failed for object /column0
Action duration: 0.001
[LOG] Transition logged to MongoDB: f3fb32f7-6c7b-4976-8005-709c6e29f096 - Episode 3
Action failed, stopping. Time elapsed: 0.001
Step 7
policy value 6.51044225692749
State(column0: goal_2, column1: goal_0, column2: region_1)
pick_column0_right_0
Action: Action(ActionType.PICK, obj=/column0, slot=None,grasp=GraspType.RIGHT_0)
[EXEC] Picking /column0 with right_0

[INFO] Found 1920 potential configurations.
[WARN] No valid configuration found (all tested configs invalid).
[EXEC] Action ActionType.PICK executed in 2.19 seconds
[ERROR] Action ActionType.PICK failed for object /column0
Action duration: 0.001
[LOG] Transition logged to MongoDB: f3fb32f7-6c7b-4976-8005-709c6e29f096 - Episode 3
Action failed, stopping. Time elapsed: 0.001
Step 8
policy value 6.226034641265869
State(column0: goal_2, column1: goal_0, column2: region_1)
pick_column0_right_0
Action: Action(ActionType.PICK, obj=/column0, slot=None,grasp=GraspType.RIGHT_0)
[EXEC] Picking /column0 with right_0

[INFO] Found 1856 potential configurations.
[WARN] No valid configuration found (all tested configs invalid).
[EXEC] Action ActionType.PICK executed in 2.23 seconds
[ERROR] Action ActionType.PICK failed for object /column0
Action duration: 0.001
[LOG] Transition logged to MongoDB: f3fb32f7-6c7b-4976-8005-709c6e29f096 - Episode 3
Action failed, stopping. Time elapsed: 0.001
Step 9
policy value 5.941372871398926
State(column0: goal_2, column1: goal_0, column2: region_1)
pick_column0_right_0
Action: Action(ActionType.PICK, obj=/column0, slot=None,grasp=GraspType.RIGHT_0)
[EXEC] Picking /column0 with right_0

[INFO] Found 2304 potential configurations.
[WARN] No valid configuration found (all tested configs invalid).
[EXEC] Action ActionType.PICK executed in 2.53 seconds
[ERROR] Action ActionType.PICK failed for object /column0
Action duration: 0.001
[LOG] Transition logged to MongoDB: f3fb32f7-6c7b-4976-8005-709c6e29f096 - Episode 3
Action failed, stopping. Time elapsed: 0.001
Too many failures, resetting episode
Episode 7 ended
Revising policy
USING STORM: False
Reading data from MongoDB...
Total option moiton param combinations 36
Collected combinations 36
Building state to idx mapping...
Building option ensembles...
pick_column0_top_0: Identifying enabled states...
pick_column0_top_0: Splitting up datasets...
pick_column0_top_0: Learning DBNS...
pick_column0_top_0: Building transition dicts for each DBN
pick_column0_top_0: Starting process for DBN 0
pick_column0_top_0: Starting process for DBN 1
pick_column0_top_0: Starting process for DBN 2
pick_column0_top_0: Starting process for DBN 3
pick_column0_top_0: Received dict for DBN 0
pick_column0_top_0: Received dict for DBN 1
pick_column0_top_0: Received dict for DBN 2
pick_column0_top_0: Received dict for DBN 3
pick_column0_top_0: Sampling transitions and computing reward
pick_column0_top_0: Building transition/reward matrices
pick_column0_left_0: Identifying enabled states...
pick_column0_left_0: Splitting up datasets...
pick_column0_left_0: Learning DBNS...
pick_column0_left_0: Building transition dicts for each DBN
pick_column0_left_0: Starting process for DBN 0
pick_column0_left_0: Starting process for DBN 1
pick_column0_left_0: Starting process for DBN 2
pick_column0_left_0: Starting process for DBN 3
pick_column0_left_0: Received dict for DBN 0
pick_column0_left_0: Received dict for DBN 2
pick_column0_left_0: Received dict for DBN 1
pick_column0_left_0: Received dict for DBN 3
pick_column0_left_0: Sampling transitions and computing reward
pick_column0_left_0: Building transition/reward matrices
pick_column0_right_0: Identifying enabled states...
pick_column0_right_0: Splitting up datasets...
pick_column0_right_0: Learning DBNS...
pick_column0_right_0: Building transition dicts for each DBN
pick_column0_right_0: Starting process for DBN 0
pick_column0_right_0: Starting process for DBN 1
pick_column0_right_0: Starting process for DBN 2
pick_column0_right_0: Starting process for DBN 3
pick_column0_right_0: Received dict for DBN 0
pick_column0_right_0: Received dict for DBN 1
pick_column0_right_0: Received dict for DBN 2
pick_column0_right_0: Received dict for DBN 3
pick_column0_right_0: Sampling transitions and computing reward
pick_column0_right_0: Building transition/reward matrices
pick_column0_front_270: Identifying enabled states...
pick_column0_front_270: Splitting up datasets...
pick_column0_front_270: Learning DBNS...
pick_column0_front_270: Building transition dicts for each DBN
pick_column0_front_270: Starting process for DBN 0
pick_column0_front_270: Starting process for DBN 1
pick_column0_front_270: Starting process for DBN 2
pick_column0_front_270: Starting process for DBN 3
pick_column0_front_270: Received dict for DBN 0
pick_column0_front_270: Received dict for DBN 1
pick_column0_front_270: Received dict for DBN 2
pick_column0_front_270: Received dict for DBN 3
pick_column0_front_270: Sampling transitions and computing reward
pick_column0_front_270: Building transition/reward matrices
pick_column1_top_0: Identifying enabled states...
pick_column1_top_0: Splitting up datasets...
pick_column1_top_0: Learning DBNS...
pick_column1_top_0: Building transition dicts for each DBN
pick_column1_top_0: Starting process for DBN 0
pick_column1_top_0: Starting process for DBN 1
pick_column1_top_0: Starting process for DBN 2
pick_column1_top_0: Starting process for DBN 3
pick_column1_top_0: Received dict for DBN 1
pick_column1_top_0: Received dict for DBN 0
pick_column1_top_0: Received dict for DBN 2
pick_column1_top_0: Received dict for DBN 3
pick_column1_top_0: Sampling transitions and computing reward
pick_column1_top_0: Building transition/reward matrices
pick_column1_left_0: Identifying enabled states...
pick_column1_left_0: Splitting up datasets...
pick_column1_left_0: Learning DBNS...
pick_column1_left_0: Building transition dicts for each DBN
pick_column1_left_0: Starting process for DBN 0
pick_column1_left_0: Starting process for DBN 1
pick_column1_left_0: Starting process for DBN 2
pick_column1_left_0: Starting process for DBN 3
pick_column1_left_0: Received dict for DBN 0
pick_column1_left_0: Received dict for DBN 1
pick_column1_left_0: Received dict for DBN 2
pick_column1_left_0: Received dict for DBN 3
pick_column1_left_0: Sampling transitions and computing reward
pick_column1_left_0: Building transition/reward matrices
pick_column1_right_0: Identifying enabled states...
pick_column1_right_0: Splitting up datasets...
pick_column1_right_0: Learning DBNS...
pick_column1_right_0: Building transition dicts for each DBN
pick_column1_right_0: Starting process for DBN 0
pick_column1_right_0: Starting process for DBN 1
pick_column1_right_0: Starting process for DBN 2
pick_column1_right_0: Starting process for DBN 3
pick_column1_right_0: Received dict for DBN 0
pick_column1_right_0: Received dict for DBN 1
pick_column1_right_0: Received dict for DBN 2
pick_column1_right_0: Received dict for DBN 3
pick_column1_right_0: Sampling transitions and computing reward
pick_column1_right_0: Building transition/reward matrices
pick_column1_front_270: Identifying enabled states...
pick_column1_front_270: Splitting up datasets...
pick_column1_front_270: Learning DBNS...
pick_column1_front_270: Building transition dicts for each DBN
pick_column1_front_270: Starting process for DBN 0
pick_column1_front_270: Starting process for DBN 1
pick_column1_front_270: Starting process for DBN 2
pick_column1_front_270: Starting process for DBN 3
pick_column1_front_270: Received dict for DBN 0
pick_column1_front_270: Received dict for DBN 1
pick_column1_front_270: Received dict for DBN 3
pick_column1_front_270: Received dict for DBN 2
pick_column1_front_270: Sampling transitions and computing reward
pick_column1_front_270: Building transition/reward matrices
pick_column2_top_0: Identifying enabled states...
pick_column2_top_0: Splitting up datasets...
pick_column2_top_0: Learning DBNS...
pick_column2_top_0: Building transition dicts for each DBN
pick_column2_top_0: Starting process for DBN 0
pick_column2_top_0: Starting process for DBN 1
pick_column2_top_0: Starting process for DBN 2
pick_column2_top_0: Starting process for DBN 3
pick_column2_top_0: Received dict for DBN 0
pick_column2_top_0: Received dict for DBN 1
pick_column2_top_0: Received dict for DBN 2
pick_column2_top_0: Received dict for DBN 3
pick_column2_top_0: Sampling transitions and computing reward
pick_column2_top_0: Building transition/reward matrices
pick_column2_left_0: Identifying enabled states...
pick_column2_left_0: Splitting up datasets...
pick_column2_left_0: Learning DBNS...
pick_column2_left_0: Building transition dicts for each DBN
pick_column2_left_0: Starting process for DBN 0
pick_column2_left_0: Starting process for DBN 1
pick_column2_left_0: Starting process for DBN 2
pick_column2_left_0: Starting process for DBN 3
pick_column2_left_0: Received dict for DBN 0
pick_column2_left_0: Received dict for DBN 1
pick_column2_left_0: Received dict for DBN 3
pick_column2_left_0: Received dict for DBN 2
pick_column2_left_0: Sampling transitions and computing reward
pick_column2_left_0: Building transition/reward matrices
pick_column2_right_0: Identifying enabled states...
pick_column2_right_0: Splitting up datasets...
pick_column2_right_0: Learning DBNS...
pick_column2_right_0: Building transition dicts for each DBN
pick_column2_right_0: Starting process for DBN 0
pick_column2_right_0: Starting process for DBN 1
pick_column2_right_0: Starting process for DBN 2
pick_column2_right_0: Starting process for DBN 3
pick_column2_right_0: Received dict for DBN 0
pick_column2_right_0: Received dict for DBN 1
pick_column2_right_0: Received dict for DBN 2
pick_column2_right_0: Received dict for DBN 3
pick_column2_right_0: Sampling transitions and computing reward
pick_column2_right_0: Building transition/reward matrices
pick_column2_front_270: Identifying enabled states...
pick_column2_front_270: Splitting up datasets...
pick_column2_front_270: Learning DBNS...
pick_column2_front_270: Building transition dicts for each DBN
pick_column2_front_270: Starting process for DBN 0
pick_column2_front_270: Starting process for DBN 1
pick_column2_front_270: Starting process for DBN 2
pick_column2_front_270: Starting process for DBN 3
pick_column2_front_270: Received dict for DBN 0
pick_column2_front_270: Received dict for DBN 2
pick_column2_front_270: Received dict for DBN 1
pick_column2_front_270: Received dict for DBN 3
pick_column2_front_270: Sampling transitions and computing reward
pick_column2_front_270: Building transition/reward matrices
place_goal_0_top_0: Identifying enabled states...
place_goal_0_top_0: Splitting up datasets...
place_goal_0_top_0: Learning DBNS...
place_goal_0_top_0: Building transition dicts for each DBN
place_goal_0_top_0: Starting process for DBN 0
place_goal_0_top_0: Starting process for DBN 1
place_goal_0_top_0: Starting process for DBN 2
place_goal_0_top_0: Starting process for DBN 3
place_goal_0_top_0: Received dict for DBN 2
place_goal_0_top_0: Received dict for DBN 0
place_goal_0_top_0: Received dict for DBN 1
place_goal_0_top_0: Received dict for DBN 3
place_goal_0_top_0: Sampling transitions and computing reward
place_goal_0_top_0: Building transition/reward matrices
place_goal_0_left_0: Identifying enabled states...
place_goal_0_left_0: Splitting up datasets...
place_goal_0_left_0: Learning DBNS...
place_goal_0_left_0: Building transition dicts for each DBN
place_goal_0_left_0: Starting process for DBN 0
place_goal_0_left_0: Starting process for DBN 1
place_goal_0_left_0: Starting process for DBN 2
place_goal_0_left_0: Starting process for DBN 3
place_goal_0_left_0: Received dict for DBN 0
place_goal_0_left_0: Received dict for DBN 1
place_goal_0_left_0: Received dict for DBN 2
place_goal_0_left_0: Received dict for DBN 3
place_goal_0_left_0: Sampling transitions and computing reward
place_goal_0_left_0: Building transition/reward matrices
place_goal_0_right_0: Identifying enabled states...
place_goal_0_right_0: Splitting up datasets...
place_goal_0_right_0: Learning DBNS...
place_goal_0_right_0: Building transition dicts for each DBN
place_goal_0_right_0: Starting process for DBN 0
place_goal_0_right_0: Starting process for DBN 1
place_goal_0_right_0: Starting process for DBN 2
place_goal_0_right_0: Starting process for DBN 3
place_goal_0_right_0: Received dict for DBN 0
place_goal_0_right_0: Received dict for DBN 1
place_goal_0_right_0: Received dict for DBN 3
place_goal_0_right_0: Received dict for DBN 2
place_goal_0_right_0: Sampling transitions and computing reward
place_goal_0_right_0: Building transition/reward matrices
place_goal_0_front_270: Identifying enabled states...
place_goal_0_front_270: Splitting up datasets...
place_goal_0_front_270: Learning DBNS...
place_goal_0_front_270: Building transition dicts for each DBN
place_goal_0_front_270: Starting process for DBN 0
place_goal_0_front_270: Starting process for DBN 1
place_goal_0_front_270: Starting process for DBN 2
place_goal_0_front_270: Starting process for DBN 3
place_goal_0_front_270: Received dict for DBN 2
place_goal_0_front_270: Received dict for DBN 0
place_goal_0_front_270: Received dict for DBN 1
place_goal_0_front_270: Received dict for DBN 3
place_goal_0_front_270: Sampling transitions and computing reward
place_goal_0_front_270: Building transition/reward matrices
place_goal_1_top_0: Identifying enabled states...
place_goal_1_top_0: Splitting up datasets...
place_goal_1_top_0: Learning DBNS...
place_goal_1_top_0: Building transition dicts for each DBN
place_goal_1_top_0: Starting process for DBN 0
place_goal_1_top_0: Starting process for DBN 1
place_goal_1_top_0: Starting process for DBN 2
place_goal_1_top_0: Starting process for DBN 3
place_goal_1_top_0: Received dict for DBN 0
place_goal_1_top_0: Received dict for DBN 1
place_goal_1_top_0: Received dict for DBN 3
place_goal_1_top_0: Received dict for DBN 2
place_goal_1_top_0: Sampling transitions and computing reward
place_goal_1_top_0: Building transition/reward matrices
place_goal_1_left_0: Identifying enabled states...
place_goal_1_left_0: Splitting up datasets...
place_goal_1_left_0: Learning DBNS...
place_goal_1_left_0: Building transition dicts for each DBN
place_goal_1_left_0: Starting process for DBN 0
place_goal_1_left_0: Starting process for DBN 1
place_goal_1_left_0: Starting process for DBN 2
place_goal_1_left_0: Starting process for DBN 3
place_goal_1_left_0: Received dict for DBN 0
place_goal_1_left_0: Received dict for DBN 1
place_goal_1_left_0: Received dict for DBN 2
place_goal_1_left_0: Received dict for DBN 3
place_goal_1_left_0: Sampling transitions and computing reward
place_goal_1_left_0: Building transition/reward matrices
place_goal_1_right_0: Identifying enabled states...
place_goal_1_right_0: Splitting up datasets...
place_goal_1_right_0: Learning DBNS...
place_goal_1_right_0: Building transition dicts for each DBN
place_goal_1_right_0: Starting process for DBN 0
place_goal_1_right_0: Starting process for DBN 1
place_goal_1_right_0: Starting process for DBN 2
place_goal_1_right_0: Starting process for DBN 3
place_goal_1_right_0: Received dict for DBN 0
place_goal_1_right_0: Received dict for DBN 1
place_goal_1_right_0: Received dict for DBN 2
place_goal_1_right_0: Received dict for DBN 3
place_goal_1_right_0: Sampling transitions and computing reward
place_goal_1_right_0: Building transition/reward matrices
place_goal_1_front_270: Identifying enabled states...
place_goal_1_front_270: Splitting up datasets...
place_goal_1_front_270: Learning DBNS...
place_goal_1_front_270: Building transition dicts for each DBN
place_goal_1_front_270: Starting process for DBN 0
place_goal_1_front_270: Starting process for DBN 1
place_goal_1_front_270: Starting process for DBN 2
place_goal_1_front_270: Starting process for DBN 3
place_goal_1_front_270: Received dict for DBN 2
place_goal_1_front_270: Received dict for DBN 0
place_goal_1_front_270: Received dict for DBN 1
place_goal_1_front_270: Received dict for DBN 3
place_goal_1_front_270: Sampling transitions and computing reward
place_goal_1_front_270: Building transition/reward matrices
place_goal_2_top_0: Identifying enabled states...
place_goal_2_top_0: Splitting up datasets...
place_goal_2_top_0: Learning DBNS...
place_goal_2_top_0: Building transition dicts for each DBN
place_goal_2_top_0: Starting process for DBN 0
place_goal_2_top_0: Starting process for DBN 1
place_goal_2_top_0: Starting process for DBN 2
place_goal_2_top_0: Starting process for DBN 3
place_goal_2_top_0: Received dict for DBN 0
place_goal_2_top_0: Received dict for DBN 1
place_goal_2_top_0: Received dict for DBN 2
place_goal_2_top_0: Received dict for DBN 3
place_goal_2_top_0: Sampling transitions and computing reward
place_goal_2_top_0: Building transition/reward matrices
place_goal_2_left_0: Identifying enabled states...
place_goal_2_left_0: Splitting up datasets...
place_goal_2_left_0: Learning DBNS...
place_goal_2_left_0: Building transition dicts for each DBN
place_goal_2_left_0: Starting process for DBN 0
place_goal_2_left_0: Starting process for DBN 1
place_goal_2_left_0: Starting process for DBN 2
place_goal_2_left_0: Starting process for DBN 3
place_goal_2_left_0: Received dict for DBN 0
place_goal_2_left_0: Received dict for DBN 1
place_goal_2_left_0: Received dict for DBN 2
place_goal_2_left_0: Received dict for DBN 3
place_goal_2_left_0: Sampling transitions and computing reward
place_goal_2_left_0: Building transition/reward matrices
place_goal_2_right_0: Identifying enabled states...
place_goal_2_right_0: Splitting up datasets...
place_goal_2_right_0: Learning DBNS...
place_goal_2_right_0: Building transition dicts for each DBN
place_goal_2_right_0: Starting process for DBN 0
place_goal_2_right_0: Starting process for DBN 1
place_goal_2_right_0: Starting process for DBN 2
place_goal_2_right_0: Starting process for DBN 3
place_goal_2_right_0: Received dict for DBN 3
place_goal_2_right_0: Received dict for DBN 0
place_goal_2_right_0: Received dict for DBN 1
place_goal_2_right_0: Received dict for DBN 2
place_goal_2_right_0: Sampling transitions and computing reward
place_goal_2_right_0: Building transition/reward matrices
place_goal_2_front_270: Identifying enabled states...
place_goal_2_front_270: Splitting up datasets...
place_goal_2_front_270: Learning DBNS...
place_goal_2_front_270: Building transition dicts for each DBN
place_goal_2_front_270: Starting process for DBN 0
place_goal_2_front_270: Starting process for DBN 1
place_goal_2_front_270: Starting process for DBN 2
place_goal_2_front_270: Starting process for DBN 3
place_goal_2_front_270: Received dict for DBN 0
place_goal_2_front_270: Received dict for DBN 1
place_goal_2_front_270: Received dict for DBN 2
place_goal_2_front_270: Received dict for DBN 3
place_goal_2_front_270: Sampling transitions and computing reward
place_goal_2_front_270: Building transition/reward matrices
place_region_0_top_0: Identifying enabled states...
place_region_0_top_0: Splitting up datasets...
place_region_0_top_0: Learning DBNS...
place_region_0_top_0: Building transition dicts for each DBN
place_region_0_top_0: Starting process for DBN 0
place_region_0_top_0: Starting process for DBN 1
place_region_0_top_0: Starting process for DBN 2
place_region_0_top_0: Starting process for DBN 3
place_region_0_top_0: Received dict for DBN 1
place_region_0_top_0: Received dict for DBN 0
place_region_0_top_0: Received dict for DBN 2
place_region_0_top_0: Received dict for DBN 3
place_region_0_top_0: Sampling transitions and computing reward
place_region_0_top_0: Building transition/reward matrices
place_region_0_left_0: Identifying enabled states...
place_region_0_left_0: Splitting up datasets...
place_region_0_left_0: Learning DBNS...
place_region_0_left_0: Building transition dicts for each DBN
place_region_0_left_0: Starting process for DBN 0
place_region_0_left_0: Starting process for DBN 1
place_region_0_left_0: Starting process for DBN 2
place_region_0_left_0: Starting process for DBN 3
place_region_0_left_0: Received dict for DBN 0
place_region_0_left_0: Received dict for DBN 1
place_region_0_left_0: Received dict for DBN 3
place_region_0_left_0: Received dict for DBN 2
place_region_0_left_0: Sampling transitions and computing reward
place_region_0_left_0: Building transition/reward matrices
place_region_0_right_0: Identifying enabled states...
place_region_0_right_0: Splitting up datasets...
place_region_0_right_0: Learning DBNS...
place_region_0_right_0: Building transition dicts for each DBN
place_region_0_right_0: Starting process for DBN 0
place_region_0_right_0: Starting process for DBN 1
place_region_0_right_0: Starting process for DBN 2
place_region_0_right_0: Starting process for DBN 3
place_region_0_right_0: Received dict for DBN 3
place_region_0_right_0: Received dict for DBN 0
place_region_0_right_0: Received dict for DBN 2
place_region_0_right_0: Received dict for DBN 1
place_region_0_right_0: Sampling transitions and computing reward
place_region_0_right_0: Building transition/reward matrices
place_region_0_front_270: Identifying enabled states...
place_region_0_front_270: Splitting up datasets...
place_region_0_front_270: Learning DBNS...
place_region_0_front_270: Building transition dicts for each DBN
place_region_0_front_270: Starting process for DBN 0
place_region_0_front_270: Starting process for DBN 1
place_region_0_front_270: Starting process for DBN 2
place_region_0_front_270: Starting process for DBN 3
place_region_0_front_270: Received dict for DBN 3
place_region_0_front_270: Received dict for DBN 0
place_region_0_front_270: Received dict for DBN 1
place_region_0_front_270: Received dict for DBN 2
place_region_0_front_270: Sampling transitions and computing reward
place_region_0_front_270: Building transition/reward matrices
place_region_1_top_0: Identifying enabled states...
place_region_1_top_0: Splitting up datasets...
place_region_1_top_0: Learning DBNS...
place_region_1_top_0: Building transition dicts for each DBN
place_region_1_top_0: Starting process for DBN 0
place_region_1_top_0: Starting process for DBN 1
place_region_1_top_0: Starting process for DBN 2
place_region_1_top_0: Starting process for DBN 3
place_region_1_top_0: Received dict for DBN 0
place_region_1_top_0: Received dict for DBN 1
place_region_1_top_0: Received dict for DBN 2
place_region_1_top_0: Received dict for DBN 3
place_region_1_top_0: Sampling transitions and computing reward
place_region_1_top_0: Building transition/reward matrices
place_region_1_left_0: Identifying enabled states...
place_region_1_left_0: Splitting up datasets...
place_region_1_left_0: Learning DBNS...
place_region_1_left_0: Building transition dicts for each DBN
place_region_1_left_0: Starting process for DBN 0
place_region_1_left_0: Starting process for DBN 1
place_region_1_left_0: Starting process for DBN 2
place_region_1_left_0: Starting process for DBN 3
place_region_1_left_0: Received dict for DBN 0
place_region_1_left_0: Received dict for DBN 1
place_region_1_left_0: Received dict for DBN 2
place_region_1_left_0: Received dict for DBN 3
place_region_1_left_0: Sampling transitions and computing reward
place_region_1_left_0: Building transition/reward matrices
place_region_1_right_0: Identifying enabled states...
place_region_1_right_0: Splitting up datasets...
place_region_1_right_0: Learning DBNS...
place_region_1_right_0: Building transition dicts for each DBN
place_region_1_right_0: Starting process for DBN 0
place_region_1_right_0: Starting process for DBN 1
place_region_1_right_0: Starting process for DBN 2
place_region_1_right_0: Starting process for DBN 3
place_region_1_right_0: Received dict for DBN 0
place_region_1_right_0: Received dict for DBN 1
place_region_1_right_0: Received dict for DBN 2
place_region_1_right_0: Received dict for DBN 3
place_region_1_right_0: Sampling transitions and computing reward
place_region_1_right_0: Building transition/reward matrices
place_region_1_front_270: Identifying enabled states...
place_region_1_front_270: Splitting up datasets...
place_region_1_front_270: Learning DBNS...
place_region_1_front_270: Building transition dicts for each DBN
place_region_1_front_270: Starting process for DBN 0
place_region_1_front_270: Starting process for DBN 1
place_region_1_front_270: Starting process for DBN 2
place_region_1_front_270: Starting process for DBN 3
place_region_1_front_270: Received dict for DBN 0
place_region_1_front_270: Received dict for DBN 1
place_region_1_front_270: Received dict for DBN 2
place_region_1_front_270: Received dict for DBN 3
place_region_1_front_270: Sampling transitions and computing reward
place_region_1_front_270: Building transition/reward matrices
place_region_2_top_0: Identifying enabled states...
place_region_2_top_0: Splitting up datasets...
place_region_2_top_0: Learning DBNS...
place_region_2_top_0: Building transition dicts for each DBN
place_region_2_top_0: Starting process for DBN 0
place_region_2_top_0: Starting process for DBN 1
place_region_2_top_0: Starting process for DBN 2
place_region_2_top_0: Starting process for DBN 3
place_region_2_top_0: Received dict for DBN 0
place_region_2_top_0: Received dict for DBN 1
place_region_2_top_0: Received dict for DBN 2
place_region_2_top_0: Received dict for DBN 3
place_region_2_top_0: Sampling transitions and computing reward
place_region_2_top_0: Building transition/reward matrices
place_region_2_left_0: Identifying enabled states...
place_region_2_left_0: Splitting up datasets...
place_region_2_left_0: Learning DBNS...
place_region_2_left_0: Building transition dicts for each DBN
place_region_2_left_0: Starting process for DBN 0
place_region_2_left_0: Starting process for DBN 1
place_region_2_left_0: Starting process for DBN 2
place_region_2_left_0: Starting process for DBN 3
place_region_2_left_0: Received dict for DBN 0
place_region_2_left_0: Received dict for DBN 3
place_region_2_left_0: Received dict for DBN 1
place_region_2_left_0: Received dict for DBN 2
place_region_2_left_0: Sampling transitions and computing reward
place_region_2_left_0: Building transition/reward matrices
place_region_2_right_0: Identifying enabled states...
place_region_2_right_0: Splitting up datasets...
place_region_2_right_0: Learning DBNS...
place_region_2_right_0: Building transition dicts for each DBN
place_region_2_right_0: Starting process for DBN 0
place_region_2_right_0: Starting process for DBN 1
place_region_2_right_0: Starting process for DBN 2
place_region_2_right_0: Starting process for DBN 3
place_region_2_right_0: Received dict for DBN 0
place_region_2_right_0: Received dict for DBN 1
place_region_2_right_0: Received dict for DBN 2
place_region_2_right_0: Received dict for DBN 3
place_region_2_right_0: Sampling transitions and computing reward
place_region_2_right_0: Building transition/reward matrices
place_region_2_front_270: Identifying enabled states...
place_region_2_front_270: Splitting up datasets...
place_region_2_front_270: Learning DBNS...
place_region_2_front_270: Building transition dicts for each DBN
place_region_2_front_270: Starting process for DBN 0
place_region_2_front_270: Starting process for DBN 1
place_region_2_front_270: Starting process for DBN 2
place_region_2_front_270: Starting process for DBN 3
place_region_2_front_270: Received dict for DBN 1
place_region_2_front_270: Received dict for DBN 2
place_region_2_front_270: Received dict for DBN 0
place_region_2_front_270: Received dict for DBN 3
place_region_2_front_270: Sampling transitions and computing reward
place_region_2_front_270: Building transition/reward matrices
Building MDP...
Synthesising Policy...
Solving MDP for timestep: 29
Solving MDP for timestep: 28
Solving MDP for timestep: 27
Solving MDP for timestep: 26
Solving MDP for timestep: 25
Solving MDP for timestep: 24
Solving MDP for timestep: 23
Solving MDP for timestep: 22
Solving MDP for timestep: 21
Solving MDP for timestep: 20
Solving MDP for timestep: 19
Solving MDP for timestep: 18
Solving MDP for timestep: 17
Solving MDP for timestep: 16
Solving MDP for timestep: 15
Solving MDP for timestep: 14
Solving MDP for timestep: 13
Solving MDP for timestep: 12
Solving MDP for timestep: 11
Solving MDP for timestep: 10
Solving MDP for timestep: 9
Solving MDP for timestep: 8
Solving MDP for timestep: 7
Solving MDP for timestep: 6
Solving MDP for timestep: 5
Solving MDP for timestep: 4
Solving MDP for timestep: 3
Solving MDP for timestep: 2
Solving MDP for timestep: 1
Solving MDP for timestep: 0
Resetting the scene for new episode
Step 0
policy value 7.823072910308838
State(column0: region_1, column1: region_2, column2: region_0)
pick_column2_top_0
Action: Action(ActionType.PICK, obj=/column2, slot=None,grasp=GraspType.TOP_0)
[EXEC] Picking /column2 with top_0

[INFO] Found 3840 potential configurations.
[INFO] Motion completed successfully with result: success,in execution time: 3.44 seconds
[INFO] Found a reachable configuration for pick action after 1 attempts.
Tip distance after pick: 0.028455588891361485
[INFO] Pick action completed successfully.in execution time: 3.44 seconds
[EXEC] Action ActionType.PICK executed in 16.17 seconds
[SUCCESS] Action ActionType.PICK succeeded for object /column2
Action duration: 3.44
[LOG] Transition logged to MongoDB: f3fb32f7-6c7b-4976-8005-709c6e29f096 - Episode 3
Step 1
policy value 7.823072910308838
State(column0: region_1, column1: region_2, column2: held)
place_goal_0_top_0
Action: Action(ActionType.PLACE, obj=/column2, slot=/goal_0,grasp=GraspType.TOP_0)
[EXEC] Placing at [-0.27499999999999986, 0.8250000000000005, 0.5] with grasp top_0

[INFO] Found 3840 potential configurations.
[INFO] Motion completed successfully with result: success,in execution time: 2.08 seconds
[INFO] Found a reachable configuration for place action after 1 attempts.
[INFO] Place action completed successfully.
realigning placed object /column2 to target position
[EXEC] Action ActionType.PLACE executed in 19.56 seconds
[SUCCESS] Action ActionType.PLACE succeeded for object /column2
Action duration: 2.08
[LOG] Transition logged to MongoDB: f3fb32f7-6c7b-4976-8005-709c6e29f096 - Episode 3
Step 2
policy value 7.823072910308838
State(column0: region_1, column1: region_2, column2: goal_0)
pick_column1_top_0
Action: Action(ActionType.PICK, obj=/column1, slot=None,grasp=GraspType.TOP_0)
[EXEC] Picking /column1 with top_0

[INFO] Found 2176 potential configurations.
[INFO] Motion completed successfully with result: success,in execution time: 6.64 seconds
[INFO] Found a reachable configuration for pick action after 1 attempts.
Tip distance after pick: 0.027135844674562558
[INFO] Pick action completed successfully.in execution time: 6.64 seconds
[EXEC] Action ActionType.PICK executed in 24.36 seconds
[SUCCESS] Action ActionType.PICK succeeded for object /column1
Action duration: 6.6399999999999
[LOG] Transition logged to MongoDB: f3fb32f7-6c7b-4976-8005-709c6e29f096 - Episode 3
Step 3
policy value 7.823072910308838
State(column0: region_1, column1: held, column2: goal_0)
place_goal_2_right_0
Action: Action(ActionType.PLACE, obj=/column1, slot=/goal_2,grasp=GraspType.RIGHT_0)
[EXEC] Placing at [-0.6000000000000001, 0.8250000000000003, 0.5] with grasp right_0

[INFO] Found 1728 potential configurations.
[INFO] Motion completed successfully with result: success,in execution time: 8.80 seconds
[INFO] Found a reachable configuration for place action after 1 attempts.
[INFO] Place action completed successfully.
realigning placed object /column1 to target position
[EXEC] Action ActionType.PLACE executed in 30.11 seconds
[SUCCESS] Action ActionType.PLACE succeeded for object /column1
Action duration: 8.7999999999998
[LOG] Transition logged to MongoDB: f3fb32f7-6c7b-4976-8005-709c6e29f096 - Episode 3
Step 4
policy value 6.4359540939331055
State(column0: region_1, column1: goal_2, column2: goal_0)
pick_column1_right_0
Action: Action(ActionType.PICK, obj=/column1, slot=None,grasp=GraspType.RIGHT_0)
[EXEC] Picking /column1 with right_0

[INFO] Found 1792 potential configurations.
[WARN] No valid configuration found (all tested configs invalid).
[EXEC] Action ActionType.PICK executed in 2.05 seconds
[ERROR] Action ActionType.PICK failed for object /column1
Action duration: 0.001
[LOG] Transition logged to MongoDB: f3fb32f7-6c7b-4976-8005-709c6e29f096 - Episode 3
Action failed, stopping. Time elapsed: 0.001
Step 5
policy value 6.136971473693848
State(column0: region_1, column1: goal_2, column2: goal_0)
pick_column1_right_0
Action: Action(ActionType.PICK, obj=/column1, slot=None,grasp=GraspType.RIGHT_0)
[EXEC] Picking /column1 with right_0

[INFO] Found 2176 potential configurations.
[WARN] No valid configuration found (all tested configs invalid).
[EXEC] Action ActionType.PICK executed in 2.26 seconds
[ERROR] Action ActionType.PICK failed for object /column1
Action duration: 0.001
[LOG] Transition logged to MongoDB: f3fb32f7-6c7b-4976-8005-709c6e29f096 - Episode 3
Action failed, stopping. Time elapsed: 0.001
Step 6
policy value 5.838742256164551
State(column0: region_1, column1: goal_2, column2: goal_0)
pick_column1_right_0
Action: Action(ActionType.PICK, obj=/column1, slot=None,grasp=GraspType.RIGHT_0)
[EXEC] Picking /column1 with right_0

[INFO] Found 1984 potential configurations.
[WARN] No valid configuration found (all tested configs invalid).
[EXEC] Action ActionType.PICK executed in 2.09 seconds
[ERROR] Action ActionType.PICK failed for object /column1
Action duration: 0.001
[LOG] Transition logged to MongoDB: f3fb32f7-6c7b-4976-8005-709c6e29f096 - Episode 3
Action failed, stopping. Time elapsed: 0.001
Step 7
policy value 5.541347980499268
State(column0: region_1, column1: goal_2, column2: goal_0)
pick_column1_right_0
Action: Action(ActionType.PICK, obj=/column1, slot=None,grasp=GraspType.RIGHT_0)
[EXEC] Picking /column1 with right_0

[INFO] Found 1152 potential configurations.
[WARN] No valid configuration found (all tested configs invalid).
[EXEC] Action ActionType.PICK executed in 1.94 seconds
[ERROR] Action ActionType.PICK failed for object /column1
Action duration: 0.001
[LOG] Transition logged to MongoDB: f3fb32f7-6c7b-4976-8005-709c6e29f096 - Episode 3
Action failed, stopping. Time elapsed: 0.001
Step 8
policy value 5.244933605194092
State(column0: region_1, column1: goal_2, column2: goal_0)
pick_column1_right_0
Action: Action(ActionType.PICK, obj=/column1, slot=None,grasp=GraspType.RIGHT_0)
[EXEC] Picking /column1 with right_0

[INFO] Found 1344 potential configurations.
[WARN] No valid configuration found (all tested configs invalid).
[EXEC] Action ActionType.PICK executed in 2.03 seconds
[ERROR] Action ActionType.PICK failed for object /column1
Action duration: 0.001
[LOG] Transition logged to MongoDB: f3fb32f7-6c7b-4976-8005-709c6e29f096 - Episode 3
Action failed, stopping. Time elapsed: 0.001
Step 9
policy value 4.949657917022705
State(column0: region_1, column1: goal_2, column2: goal_0)
pick_column1_right_0
Action: Action(ActionType.PICK, obj=/column1, slot=None,grasp=GraspType.RIGHT_0)
[EXEC] Picking /column1 with right_0

[INFO] Found 1536 potential configurations.
[WARN] No valid configuration found (all tested configs invalid).
[EXEC] Action ActionType.PICK executed in 1.94 seconds
[ERROR] Action ActionType.PICK failed for object /column1
Action duration: 0.001
[LOG] Transition logged to MongoDB: f3fb32f7-6c7b-4976-8005-709c6e29f096 - Episode 3
Action failed, stopping. Time elapsed: 0.001
Too many failures, resetting episode
Episode 8 ended
Revising policy
USING STORM: False
Reading data from MongoDB...
Total option moiton param combinations 36
Collected combinations 36
Building state to idx mapping...
Building option ensembles...
pick_column0_top_0: Identifying enabled states...
pick_column0_top_0: Splitting up datasets...
pick_column0_top_0: Learning DBNS...
pick_column0_top_0: Building transition dicts for each DBN
pick_column0_top_0: Starting process for DBN 0
pick_column0_top_0: Starting process for DBN 1
pick_column0_top_0: Starting process for DBN 2
pick_column0_top_0: Starting process for DBN 3
pick_column0_top_0: Received dict for DBN 0
pick_column0_top_0: Received dict for DBN 1
pick_column0_top_0: Received dict for DBN 2
pick_column0_top_0: Received dict for DBN 3
pick_column0_top_0: Sampling transitions and computing reward
pick_column0_top_0: Building transition/reward matrices
pick_column0_left_0: Identifying enabled states...
pick_column0_left_0: Splitting up datasets...
pick_column0_left_0: Learning DBNS...
pick_column0_left_0: Building transition dicts for each DBN
pick_column0_left_0: Starting process for DBN 0
pick_column0_left_0: Starting process for DBN 1
pick_column0_left_0: Starting process for DBN 2
pick_column0_left_0: Starting process for DBN 3
pick_column0_left_0: Received dict for DBN 0
pick_column0_left_0: Received dict for DBN 1
pick_column0_left_0: Received dict for DBN 2
pick_column0_left_0: Received dict for DBN 3
pick_column0_left_0: Sampling transitions and computing reward
pick_column0_left_0: Building transition/reward matrices
pick_column0_right_0: Identifying enabled states...
pick_column0_right_0: Splitting up datasets...
pick_column0_right_0: Learning DBNS...
pick_column0_right_0: Building transition dicts for each DBN
pick_column0_right_0: Starting process for DBN 0
pick_column0_right_0: Starting process for DBN 1
pick_column0_right_0: Starting process for DBN 2
pick_column0_right_0: Starting process for DBN 3
pick_column0_right_0: Received dict for DBN 0
pick_column0_right_0: Received dict for DBN 1
pick_column0_right_0: Received dict for DBN 2
pick_column0_right_0: Received dict for DBN 3
pick_column0_right_0: Sampling transitions and computing reward
pick_column0_right_0: Building transition/reward matrices
pick_column0_front_270: Identifying enabled states...
pick_column0_front_270: Splitting up datasets...
pick_column0_front_270: Learning DBNS...
pick_column0_front_270: Building transition dicts for each DBN
pick_column0_front_270: Starting process for DBN 0
pick_column0_front_270: Starting process for DBN 1
pick_column0_front_270: Starting process for DBN 2
pick_column0_front_270: Starting process for DBN 3
pick_column0_front_270: Received dict for DBN 0
pick_column0_front_270: Received dict for DBN 1
pick_column0_front_270: Received dict for DBN 2
pick_column0_front_270: Received dict for DBN 3
pick_column0_front_270: Sampling transitions and computing reward
pick_column0_front_270: Building transition/reward matrices
pick_column1_top_0: Identifying enabled states...
pick_column1_top_0: Splitting up datasets...
pick_column1_top_0: Learning DBNS...
pick_column1_top_0: Building transition dicts for each DBN
pick_column1_top_0: Starting process for DBN 0
pick_column1_top_0: Starting process for DBN 1
pick_column1_top_0: Starting process for DBN 2
pick_column1_top_0: Starting process for DBN 3
pick_column1_top_0: Received dict for DBN 0
pick_column1_top_0: Received dict for DBN 1
pick_column1_top_0: Received dict for DBN 2
pick_column1_top_0: Received dict for DBN 3
pick_column1_top_0: Sampling transitions and computing reward
pick_column1_top_0: Building transition/reward matrices
pick_column1_left_0: Identifying enabled states...
pick_column1_left_0: Splitting up datasets...
pick_column1_left_0: Learning DBNS...
pick_column1_left_0: Building transition dicts for each DBN
pick_column1_left_0: Starting process for DBN 0
pick_column1_left_0: Starting process for DBN 1
pick_column1_left_0: Starting process for DBN 2
pick_column1_left_0: Starting process for DBN 3
pick_column1_left_0: Received dict for DBN 0
pick_column1_left_0: Received dict for DBN 1
pick_column1_left_0: Received dict for DBN 2
pick_column1_left_0: Received dict for DBN 3
pick_column1_left_0: Sampling transitions and computing reward
pick_column1_left_0: Building transition/reward matrices
pick_column1_right_0: Identifying enabled states...
pick_column1_right_0: Splitting up datasets...
pick_column1_right_0: Learning DBNS...
pick_column1_right_0: Building transition dicts for each DBN
pick_column1_right_0: Starting process for DBN 0
pick_column1_right_0: Starting process for DBN 1
pick_column1_right_0: Starting process for DBN 2
pick_column1_right_0: Starting process for DBN 3
pick_column1_right_0: Received dict for DBN 0
pick_column1_right_0: Received dict for DBN 1
pick_column1_right_0: Received dict for DBN 2
pick_column1_right_0: Received dict for DBN 3
pick_column1_right_0: Sampling transitions and computing reward
pick_column1_right_0: Building transition/reward matrices
pick_column1_front_270: Identifying enabled states...
pick_column1_front_270: Splitting up datasets...
pick_column1_front_270: Learning DBNS...
pick_column1_front_270: Building transition dicts for each DBN
pick_column1_front_270: Starting process for DBN 0
pick_column1_front_270: Starting process for DBN 1
pick_column1_front_270: Starting process for DBN 2
pick_column1_front_270: Starting process for DBN 3
pick_column1_front_270: Received dict for DBN 0
pick_column1_front_270: Received dict for DBN 1
pick_column1_front_270: Received dict for DBN 2
pick_column1_front_270: Received dict for DBN 3
pick_column1_front_270: Sampling transitions and computing reward
pick_column1_front_270: Building transition/reward matrices
pick_column2_top_0: Identifying enabled states...
pick_column2_top_0: Splitting up datasets...
pick_column2_top_0: Learning DBNS...
pick_column2_top_0: Building transition dicts for each DBN
pick_column2_top_0: Starting process for DBN 0
pick_column2_top_0: Starting process for DBN 1
pick_column2_top_0: Starting process for DBN 2
pick_column2_top_0: Starting process for DBN 3
pick_column2_top_0: Received dict for DBN 0
pick_column2_top_0: Received dict for DBN 1
pick_column2_top_0: Received dict for DBN 3
pick_column2_top_0: Received dict for DBN 2
pick_column2_top_0: Sampling transitions and computing reward
pick_column2_top_0: Building transition/reward matrices
pick_column2_left_0: Identifying enabled states...
pick_column2_left_0: Splitting up datasets...
pick_column2_left_0: Learning DBNS...
pick_column2_left_0: Building transition dicts for each DBN
pick_column2_left_0: Starting process for DBN 0
pick_column2_left_0: Starting process for DBN 1
pick_column2_left_0: Starting process for DBN 2
pick_column2_left_0: Starting process for DBN 3
pick_column2_left_0: Received dict for DBN 0
pick_column2_left_0: Received dict for DBN 1
pick_column2_left_0: Received dict for DBN 3
pick_column2_left_0: Received dict for DBN 2
pick_column2_left_0: Sampling transitions and computing reward
pick_column2_left_0: Building transition/reward matrices
pick_column2_right_0: Identifying enabled states...
pick_column2_right_0: Splitting up datasets...
pick_column2_right_0: Learning DBNS...
pick_column2_right_0: Building transition dicts for each DBN
pick_column2_right_0: Starting process for DBN 0
pick_column2_right_0: Starting process for DBN 1
pick_column2_right_0: Starting process for DBN 2
pick_column2_right_0: Starting process for DBN 3
pick_column2_right_0: Received dict for DBN 0
pick_column2_right_0: Received dict for DBN 1
pick_column2_right_0: Received dict for DBN 3
pick_column2_right_0: Received dict for DBN 2
pick_column2_right_0: Sampling transitions and computing reward
pick_column2_right_0: Building transition/reward matrices
pick_column2_front_270: Identifying enabled states...
pick_column2_front_270: Splitting up datasets...
pick_column2_front_270: Learning DBNS...
pick_column2_front_270: Building transition dicts for each DBN
pick_column2_front_270: Starting process for DBN 0
pick_column2_front_270: Starting process for DBN 1
pick_column2_front_270: Starting process for DBN 2
pick_column2_front_270: Starting process for DBN 3
pick_column2_front_270: Received dict for DBN 0
pick_column2_front_270: Received dict for DBN 1
pick_column2_front_270: Received dict for DBN 3
pick_column2_front_270: Received dict for DBN 2
pick_column2_front_270: Sampling transitions and computing reward
pick_column2_front_270: Building transition/reward matrices
place_goal_0_top_0: Identifying enabled states...
place_goal_0_top_0: Splitting up datasets...
place_goal_0_top_0: Learning DBNS...
place_goal_0_top_0: Building transition dicts for each DBN
place_goal_0_top_0: Starting process for DBN 0
place_goal_0_top_0: Starting process for DBN 1
place_goal_0_top_0: Starting process for DBN 2
place_goal_0_top_0: Starting process for DBN 3
place_goal_0_top_0: Received dict for DBN 3
place_goal_0_top_0: Received dict for DBN 0
place_goal_0_top_0: Received dict for DBN 1
place_goal_0_top_0: Received dict for DBN 2
place_goal_0_top_0: Sampling transitions and computing reward
place_goal_0_top_0: Building transition/reward matrices
place_goal_0_left_0: Identifying enabled states...
place_goal_0_left_0: Splitting up datasets...
place_goal_0_left_0: Learning DBNS...
place_goal_0_left_0: Building transition dicts for each DBN
place_goal_0_left_0: Starting process for DBN 0
place_goal_0_left_0: Starting process for DBN 1
place_goal_0_left_0: Starting process for DBN 2
place_goal_0_left_0: Starting process for DBN 3
place_goal_0_left_0: Received dict for DBN 0
place_goal_0_left_0: Received dict for DBN 1
place_goal_0_left_0: Received dict for DBN 2
place_goal_0_left_0: Received dict for DBN 3
place_goal_0_left_0: Sampling transitions and computing reward
place_goal_0_left_0: Building transition/reward matrices
place_goal_0_right_0: Identifying enabled states...
place_goal_0_right_0: Splitting up datasets...
place_goal_0_right_0: Learning DBNS...
place_goal_0_right_0: Building transition dicts for each DBN
place_goal_0_right_0: Starting process for DBN 0
place_goal_0_right_0: Starting process for DBN 1
place_goal_0_right_0: Starting process for DBN 2
place_goal_0_right_0: Starting process for DBN 3
place_goal_0_right_0: Received dict for DBN 1
place_goal_0_right_0: Received dict for DBN 0
place_goal_0_right_0: Received dict for DBN 2
place_goal_0_right_0: Received dict for DBN 3
place_goal_0_right_0: Sampling transitions and computing reward
place_goal_0_right_0: Building transition/reward matrices
place_goal_0_front_270: Identifying enabled states...
place_goal_0_front_270: Splitting up datasets...
place_goal_0_front_270: Learning DBNS...
place_goal_0_front_270: Building transition dicts for each DBN
place_goal_0_front_270: Starting process for DBN 0
place_goal_0_front_270: Starting process for DBN 1
place_goal_0_front_270: Starting process for DBN 2
place_goal_0_front_270: Starting process for DBN 3
place_goal_0_front_270: Received dict for DBN 0
place_goal_0_front_270: Received dict for DBN 1
place_goal_0_front_270: Received dict for DBN 2
place_goal_0_front_270: Received dict for DBN 3
place_goal_0_front_270: Sampling transitions and computing reward
place_goal_0_front_270: Building transition/reward matrices
place_goal_1_top_0: Identifying enabled states...
place_goal_1_top_0: Splitting up datasets...
place_goal_1_top_0: Learning DBNS...
place_goal_1_top_0: Building transition dicts for each DBN
place_goal_1_top_0: Starting process for DBN 0
place_goal_1_top_0: Starting process for DBN 1
place_goal_1_top_0: Starting process for DBN 2
place_goal_1_top_0: Starting process for DBN 3
place_goal_1_top_0: Received dict for DBN 0
place_goal_1_top_0: Received dict for DBN 1
place_goal_1_top_0: Received dict for DBN 2
place_goal_1_top_0: Received dict for DBN 3
place_goal_1_top_0: Sampling transitions and computing reward
place_goal_1_top_0: Building transition/reward matrices
place_goal_1_left_0: Identifying enabled states...
place_goal_1_left_0: Splitting up datasets...
place_goal_1_left_0: Learning DBNS...
place_goal_1_left_0: Building transition dicts for each DBN
place_goal_1_left_0: Starting process for DBN 0
place_goal_1_left_0: Starting process for DBN 1
place_goal_1_left_0: Starting process for DBN 2
place_goal_1_left_0: Starting process for DBN 3
place_goal_1_left_0: Received dict for DBN 0
place_goal_1_left_0: Received dict for DBN 1
place_goal_1_left_0: Received dict for DBN 2
place_goal_1_left_0: Received dict for DBN 3
place_goal_1_left_0: Sampling transitions and computing reward
place_goal_1_left_0: Building transition/reward matrices
place_goal_1_right_0: Identifying enabled states...
place_goal_1_right_0: Splitting up datasets...
place_goal_1_right_0: Learning DBNS...
place_goal_1_right_0: Building transition dicts for each DBN
place_goal_1_right_0: Starting process for DBN 0
place_goal_1_right_0: Starting process for DBN 1
place_goal_1_right_0: Starting process for DBN 2
place_goal_1_right_0: Starting process for DBN 3
place_goal_1_right_0: Received dict for DBN 0
place_goal_1_right_0: Received dict for DBN 1
place_goal_1_right_0: Received dict for DBN 2
place_goal_1_right_0: Received dict for DBN 3
place_goal_1_right_0: Sampling transitions and computing reward
place_goal_1_right_0: Building transition/reward matrices
place_goal_1_front_270: Identifying enabled states...
place_goal_1_front_270: Splitting up datasets...
place_goal_1_front_270: Learning DBNS...
place_goal_1_front_270: Building transition dicts for each DBN
place_goal_1_front_270: Starting process for DBN 0
place_goal_1_front_270: Starting process for DBN 1
place_goal_1_front_270: Starting process for DBN 2
place_goal_1_front_270: Starting process for DBN 3
place_goal_1_front_270: Received dict for DBN 0
place_goal_1_front_270: Received dict for DBN 1
place_goal_1_front_270: Received dict for DBN 3
place_goal_1_front_270: Received dict for DBN 2
place_goal_1_front_270: Sampling transitions and computing reward
place_goal_1_front_270: Building transition/reward matrices
place_goal_2_top_0: Identifying enabled states...
place_goal_2_top_0: Splitting up datasets...
place_goal_2_top_0: Learning DBNS...
place_goal_2_top_0: Building transition dicts for each DBN
place_goal_2_top_0: Starting process for DBN 0
place_goal_2_top_0: Starting process for DBN 1
place_goal_2_top_0: Starting process for DBN 2
place_goal_2_top_0: Starting process for DBN 3
place_goal_2_top_0: Received dict for DBN 0
place_goal_2_top_0: Received dict for DBN 1
place_goal_2_top_0: Received dict for DBN 2
place_goal_2_top_0: Received dict for DBN 3
place_goal_2_top_0: Sampling transitions and computing reward
place_goal_2_top_0: Building transition/reward matrices
place_goal_2_left_0: Identifying enabled states...
place_goal_2_left_0: Splitting up datasets...
place_goal_2_left_0: Learning DBNS...
place_goal_2_left_0: Building transition dicts for each DBN
place_goal_2_left_0: Starting process for DBN 0
place_goal_2_left_0: Starting process for DBN 1
place_goal_2_left_0: Starting process for DBN 2
place_goal_2_left_0: Starting process for DBN 3
place_goal_2_left_0: Received dict for DBN 0
place_goal_2_left_0: Received dict for DBN 1
place_goal_2_left_0: Received dict for DBN 2
place_goal_2_left_0: Received dict for DBN 3
place_goal_2_left_0: Sampling transitions and computing reward
place_goal_2_left_0: Building transition/reward matrices
place_goal_2_right_0: Identifying enabled states...
place_goal_2_right_0: Splitting up datasets...
place_goal_2_right_0: Learning DBNS...
place_goal_2_right_0: Building transition dicts for each DBN
place_goal_2_right_0: Starting process for DBN 0
place_goal_2_right_0: Starting process for DBN 1
place_goal_2_right_0: Starting process for DBN 2
place_goal_2_right_0: Starting process for DBN 3
place_goal_2_right_0: Received dict for DBN 2
place_goal_2_right_0: Received dict for DBN 0
place_goal_2_right_0: Received dict for DBN 1
place_goal_2_right_0: Received dict for DBN 3
place_goal_2_right_0: Sampling transitions and computing reward
place_goal_2_right_0: Building transition/reward matrices
place_goal_2_front_270: Identifying enabled states...
place_goal_2_front_270: Splitting up datasets...
place_goal_2_front_270: Learning DBNS...
place_goal_2_front_270: Building transition dicts for each DBN
place_goal_2_front_270: Starting process for DBN 0
place_goal_2_front_270: Starting process for DBN 1
place_goal_2_front_270: Starting process for DBN 2
place_goal_2_front_270: Starting process for DBN 3
place_goal_2_front_270: Received dict for DBN 0
place_goal_2_front_270: Received dict for DBN 1
place_goal_2_front_270: Received dict for DBN 2
place_goal_2_front_270: Received dict for DBN 3
place_goal_2_front_270: Sampling transitions and computing reward
place_goal_2_front_270: Building transition/reward matrices
place_region_0_top_0: Identifying enabled states...
place_region_0_top_0: Splitting up datasets...
place_region_0_top_0: Learning DBNS...
place_region_0_top_0: Building transition dicts for each DBN
place_region_0_top_0: Starting process for DBN 0
place_region_0_top_0: Starting process for DBN 1
place_region_0_top_0: Starting process for DBN 2
place_region_0_top_0: Starting process for DBN 3
place_region_0_top_0: Received dict for DBN 0
place_region_0_top_0: Received dict for DBN 1
place_region_0_top_0: Received dict for DBN 2
place_region_0_top_0: Received dict for DBN 3
place_region_0_top_0: Sampling transitions and computing reward
place_region_0_top_0: Building transition/reward matrices
place_region_0_left_0: Identifying enabled states...
place_region_0_left_0: Splitting up datasets...
place_region_0_left_0: Learning DBNS...
place_region_0_left_0: Building transition dicts for each DBN
place_region_0_left_0: Starting process for DBN 0
place_region_0_left_0: Starting process for DBN 1
place_region_0_left_0: Starting process for DBN 2
place_region_0_left_0: Starting process for DBN 3
place_region_0_left_0: Received dict for DBN 0
place_region_0_left_0: Received dict for DBN 2
place_region_0_left_0: Received dict for DBN 1
place_region_0_left_0: Received dict for DBN 3
place_region_0_left_0: Sampling transitions and computing reward
place_region_0_left_0: Building transition/reward matrices
place_region_0_right_0: Identifying enabled states...
place_region_0_right_0: Splitting up datasets...
place_region_0_right_0: Learning DBNS...
place_region_0_right_0: Building transition dicts for each DBN
place_region_0_right_0: Starting process for DBN 0
place_region_0_right_0: Starting process for DBN 1
place_region_0_right_0: Starting process for DBN 2
place_region_0_right_0: Starting process for DBN 3
place_region_0_right_0: Received dict for DBN 1
place_region_0_right_0: Received dict for DBN 0
place_region_0_right_0: Received dict for DBN 3
place_region_0_right_0: Received dict for DBN 2
place_region_0_right_0: Sampling transitions and computing reward
place_region_0_right_0: Building transition/reward matrices
place_region_0_front_270: Identifying enabled states...
place_region_0_front_270: Splitting up datasets...
place_region_0_front_270: Learning DBNS...
place_region_0_front_270: Building transition dicts for each DBN
place_region_0_front_270: Starting process for DBN 0
place_region_0_front_270: Starting process for DBN 1
place_region_0_front_270: Starting process for DBN 2
place_region_0_front_270: Starting process for DBN 3
place_region_0_front_270: Received dict for DBN 0
place_region_0_front_270: Received dict for DBN 1
place_region_0_front_270: Received dict for DBN 3
place_region_0_front_270: Received dict for DBN 2
place_region_0_front_270: Sampling transitions and computing reward
place_region_0_front_270: Building transition/reward matrices
place_region_1_top_0: Identifying enabled states...
place_region_1_top_0: Splitting up datasets...
place_region_1_top_0: Learning DBNS...
place_region_1_top_0: Building transition dicts for each DBN
place_region_1_top_0: Starting process for DBN 0
place_region_1_top_0: Starting process for DBN 1
place_region_1_top_0: Starting process for DBN 2
place_region_1_top_0: Starting process for DBN 3
place_region_1_top_0: Received dict for DBN 0
place_region_1_top_0: Received dict for DBN 1
place_region_1_top_0: Received dict for DBN 2
place_region_1_top_0: Received dict for DBN 3
place_region_1_top_0: Sampling transitions and computing reward
place_region_1_top_0: Building transition/reward matrices
place_region_1_left_0: Identifying enabled states...
place_region_1_left_0: Splitting up datasets...
place_region_1_left_0: Learning DBNS...
place_region_1_left_0: Building transition dicts for each DBN
place_region_1_left_0: Starting process for DBN 0
place_region_1_left_0: Starting process for DBN 1
place_region_1_left_0: Starting process for DBN 2
place_region_1_left_0: Starting process for DBN 3
place_region_1_left_0: Received dict for DBN 0
place_region_1_left_0: Received dict for DBN 1
place_region_1_left_0: Received dict for DBN 2
place_region_1_left_0: Received dict for DBN 3
place_region_1_left_0: Sampling transitions and computing reward
place_region_1_left_0: Building transition/reward matrices
place_region_1_right_0: Identifying enabled states...
place_region_1_right_0: Splitting up datasets...
place_region_1_right_0: Learning DBNS...
place_region_1_right_0: Building transition dicts for each DBN
place_region_1_right_0: Starting process for DBN 0
place_region_1_right_0: Starting process for DBN 1
place_region_1_right_0: Starting process for DBN 2
place_region_1_right_0: Starting process for DBN 3
place_region_1_right_0: Received dict for DBN 0
place_region_1_right_0: Received dict for DBN 1
place_region_1_right_0: Received dict for DBN 2
place_region_1_right_0: Received dict for DBN 3
place_region_1_right_0: Sampling transitions and computing reward
place_region_1_right_0: Building transition/reward matrices
place_region_1_front_270: Identifying enabled states...
place_region_1_front_270: Splitting up datasets...
place_region_1_front_270: Learning DBNS...
place_region_1_front_270: Building transition dicts for each DBN
place_region_1_front_270: Starting process for DBN 0
place_region_1_front_270: Starting process for DBN 1
place_region_1_front_270: Starting process for DBN 2
place_region_1_front_270: Starting process for DBN 3
place_region_1_front_270: Received dict for DBN 0
place_region_1_front_270: Received dict for DBN 1
place_region_1_front_270: Received dict for DBN 2
place_region_1_front_270: Received dict for DBN 3
place_region_1_front_270: Sampling transitions and computing reward
place_region_1_front_270: Building transition/reward matrices
place_region_2_top_0: Identifying enabled states...
place_region_2_top_0: Splitting up datasets...
place_region_2_top_0: Learning DBNS...
place_region_2_top_0: Building transition dicts for each DBN
place_region_2_top_0: Starting process for DBN 0
place_region_2_top_0: Starting process for DBN 1
place_region_2_top_0: Starting process for DBN 2
place_region_2_top_0: Starting process for DBN 3
place_region_2_top_0: Received dict for DBN 0
place_region_2_top_0: Received dict for DBN 1
place_region_2_top_0: Received dict for DBN 2
place_region_2_top_0: Received dict for DBN 3
place_region_2_top_0: Sampling transitions and computing reward
place_region_2_top_0: Building transition/reward matrices
place_region_2_left_0: Identifying enabled states...
place_region_2_left_0: Splitting up datasets...
place_region_2_left_0: Learning DBNS...
place_region_2_left_0: Building transition dicts for each DBN
place_region_2_left_0: Starting process for DBN 0
place_region_2_left_0: Starting process for DBN 1
place_region_2_left_0: Starting process for DBN 2
place_region_2_left_0: Starting process for DBN 3
place_region_2_left_0: Received dict for DBN 2
place_region_2_left_0: Received dict for DBN 0
place_region_2_left_0: Received dict for DBN 3
place_region_2_left_0: Received dict for DBN 1
place_region_2_left_0: Sampling transitions and computing reward
place_region_2_left_0: Building transition/reward matrices
place_region_2_right_0: Identifying enabled states...
place_region_2_right_0: Splitting up datasets...
place_region_2_right_0: Learning DBNS...
place_region_2_right_0: Building transition dicts for each DBN
place_region_2_right_0: Starting process for DBN 0
place_region_2_right_0: Starting process for DBN 1
place_region_2_right_0: Starting process for DBN 2
place_region_2_right_0: Starting process for DBN 3
place_region_2_right_0: Received dict for DBN 0
place_region_2_right_0: Received dict for DBN 1
place_region_2_right_0: Received dict for DBN 2
place_region_2_right_0: Received dict for DBN 3
place_region_2_right_0: Sampling transitions and computing reward
place_region_2_right_0: Building transition/reward matrices
place_region_2_front_270: Identifying enabled states...
place_region_2_front_270: Splitting up datasets...
place_region_2_front_270: Learning DBNS...
place_region_2_front_270: Building transition dicts for each DBN
place_region_2_front_270: Starting process for DBN 0
place_region_2_front_270: Starting process for DBN 1
place_region_2_front_270: Starting process for DBN 2
place_region_2_front_270: Starting process for DBN 3
place_region_2_front_270: Received dict for DBN 0
place_region_2_front_270: Received dict for DBN 1
place_region_2_front_270: Received dict for DBN 2
place_region_2_front_270: Received dict for DBN 3
place_region_2_front_270: Sampling transitions and computing reward
place_region_2_front_270: Building transition/reward matrices
Building MDP...
Synthesising Policy...
Solving MDP for timestep: 29
Solving MDP for timestep: 28
Solving MDP for timestep: 27
Solving MDP for timestep: 26
Solving MDP for timestep: 25
Solving MDP for timestep: 24
Solving MDP for timestep: 23
Solving MDP for timestep: 22
Solving MDP for timestep: 21
Solving MDP for timestep: 20
Solving MDP for timestep: 19
Solving MDP for timestep: 18
Solving MDP for timestep: 17
Solving MDP for timestep: 16
Solving MDP for timestep: 15
Solving MDP for timestep: 14
Solving MDP for timestep: 13
Solving MDP for timestep: 12
Solving MDP for timestep: 11
Solving MDP for timestep: 10
Solving MDP for timestep: 9
Solving MDP for timestep: 8
Solving MDP for timestep: 7
Solving MDP for timestep: 6
Solving MDP for timestep: 5
Solving MDP for timestep: 4
Solving MDP for timestep: 3
Solving MDP for timestep: 2
Solving MDP for timestep: 1
Solving MDP for timestep: 0
Resetting the scene for new episode
Step 0
policy value 6.648047924041748
State(column0: region_2, column1: region_1, column2: region_0)
pick_column1_front_270
Action: Action(ActionType.PICK, obj=/column1, slot=None,grasp=GraspType.FRONT_270)
[EXEC] Picking /column1 with front_270

[INFO] Found 2496 potential configurations.
[WARN] No valid configuration found (all tested configs invalid).
[EXEC] Action ActionType.PICK executed in 2.58 seconds
[ERROR] Action ActionType.PICK failed for object /column1
Action duration: 0.001
[LOG] Transition logged to MongoDB: f3fb32f7-6c7b-4976-8005-709c6e29f096 - Episode 3
Action failed, stopping. Time elapsed: 0.001
Step 1
policy value 6.382936000823975
State(column0: region_2, column1: region_1, column2: region_0)
pick_column1_front_270
Action: Action(ActionType.PICK, obj=/column1, slot=None,grasp=GraspType.FRONT_270)
[EXEC] Picking /column1 with front_270

[INFO] Found 2368 potential configurations.
[WARN] No valid configuration found (all tested configs invalid).
[EXEC] Action ActionType.PICK executed in 2.64 seconds
[ERROR] Action ActionType.PICK failed for object /column1
Action duration: 0.001
[LOG] Transition logged to MongoDB: f3fb32f7-6c7b-4976-8005-709c6e29f096 - Episode 3
Action failed, stopping. Time elapsed: 0.001
Step 2
policy value 6.1217803955078125
State(column0: region_2, column1: region_1, column2: region_0)
pick_column1_front_270
Action: Action(ActionType.PICK, obj=/column1, slot=None,grasp=GraspType.FRONT_270)
[EXEC] Picking /column1 with front_270

[INFO] Found 2496 potential configurations.
[WARN] No valid configuration found (all tested configs invalid).
[EXEC] Action ActionType.PICK executed in 3.04 seconds
[ERROR] Action ActionType.PICK failed for object /column1
Action duration: 0.001
[LOG] Transition logged to MongoDB: f3fb32f7-6c7b-4976-8005-709c6e29f096 - Episode 3
Action failed, stopping. Time elapsed: 0.001
Step 3
policy value 5.862209796905518
State(column0: region_2, column1: region_1, column2: region_0)
pick_column1_front_270
Action: Action(ActionType.PICK, obj=/column1, slot=None,grasp=GraspType.FRONT_270)
[EXEC] Picking /column1 with front_270

[INFO] Found 1984 potential configurations.
[WARN] No valid configuration found (all tested configs invalid).
[EXEC] Action ActionType.PICK executed in 2.69 seconds
[ERROR] Action ActionType.PICK failed for object /column1
Action duration: 0.001
[LOG] Transition logged to MongoDB: f3fb32f7-6c7b-4976-8005-709c6e29f096 - Episode 3
Action failed, stopping. Time elapsed: 0.001
Step 4
policy value 5.602816104888916
State(column0: region_2, column1: region_1, column2: region_0)
pick_column1_front_270
Action: Action(ActionType.PICK, obj=/column1, slot=None,grasp=GraspType.FRONT_270)
[EXEC] Picking /column1 with front_270

[INFO] Found 2304 potential configurations.
[WARN] No valid configuration found (all tested configs invalid).
[EXEC] Action ActionType.PICK executed in 2.66 seconds
[ERROR] Action ActionType.PICK failed for object /column1
Action duration: 0.001
[LOG] Transition logged to MongoDB: f3fb32f7-6c7b-4976-8005-709c6e29f096 - Episode 3
Action failed, stopping. Time elapsed: 0.001
Step 5
policy value 5.343597888946533
State(column0: region_2, column1: region_1, column2: region_0)
pick_column1_front_270
Action: Action(ActionType.PICK, obj=/column1, slot=None,grasp=GraspType.FRONT_270)
[EXEC] Picking /column1 with front_270

[INFO] Found 2368 potential configurations.
[WARN] No valid configuration found (all tested configs invalid).
[EXEC] Action ActionType.PICK executed in 2.31 seconds
[ERROR] Action ActionType.PICK failed for object /column1
Action duration: 0.001
[LOG] Transition logged to MongoDB: f3fb32f7-6c7b-4976-8005-709c6e29f096 - Episode 3
Action failed, stopping. Time elapsed: 0.001
Too many failures, resetting episode
Episode 9 ended
Revising policy
USING STORM: False
Reading data from MongoDB...
Total option moiton param combinations 36
Collected combinations 36
Building state to idx mapping...
Building option ensembles...
pick_column0_top_0: Identifying enabled states...
pick_column0_top_0: Splitting up datasets...
pick_column0_top_0: Learning DBNS...
pick_column0_top_0: Building transition dicts for each DBN
pick_column0_top_0: Starting process for DBN 0
pick_column0_top_0: Starting process for DBN 1
pick_column0_top_0: Starting process for DBN 2
pick_column0_top_0: Starting process for DBN 3
pick_column0_top_0: Received dict for DBN 0
pick_column0_top_0: Received dict for DBN 1
pick_column0_top_0: Received dict for DBN 2
pick_column0_top_0: Received dict for DBN 3
pick_column0_top_0: Sampling transitions and computing reward
pick_column0_top_0: Building transition/reward matrices
pick_column0_left_0: Identifying enabled states...
pick_column0_left_0: Splitting up datasets...
pick_column0_left_0: Learning DBNS...
pick_column0_left_0: Building transition dicts for each DBN
pick_column0_left_0: Starting process for DBN 0
pick_column0_left_0: Starting process for DBN 1
pick_column0_left_0: Starting process for DBN 2
pick_column0_left_0: Starting process for DBN 3
pick_column0_left_0: Received dict for DBN 0
pick_column0_left_0: Received dict for DBN 1
pick_column0_left_0: Received dict for DBN 3
pick_column0_left_0: Received dict for DBN 2
pick_column0_left_0: Sampling transitions and computing reward
pick_column0_left_0: Building transition/reward matrices
pick_column0_right_0: Identifying enabled states...
pick_column0_right_0: Splitting up datasets...
pick_column0_right_0: Learning DBNS...
pick_column0_right_0: Building transition dicts for each DBN
pick_column0_right_0: Starting process for DBN 0
pick_column0_right_0: Starting process for DBN 1
pick_column0_right_0: Starting process for DBN 2
pick_column0_right_0: Starting process for DBN 3
pick_column0_right_0: Received dict for DBN 0
pick_column0_right_0: Received dict for DBN 1
pick_column0_right_0: Received dict for DBN 2
pick_column0_right_0: Received dict for DBN 3
pick_column0_right_0: Sampling transitions and computing reward
pick_column0_right_0: Building transition/reward matrices
pick_column0_front_270: Identifying enabled states...
pick_column0_front_270: Splitting up datasets...
pick_column0_front_270: Learning DBNS...
pick_column0_front_270: Building transition dicts for each DBN
pick_column0_front_270: Starting process for DBN 0
pick_column0_front_270: Starting process for DBN 1
pick_column0_front_270: Starting process for DBN 2
pick_column0_front_270: Starting process for DBN 3
pick_column0_front_270: Received dict for DBN 0
pick_column0_front_270: Received dict for DBN 1
pick_column0_front_270: Received dict for DBN 2
pick_column0_front_270: Received dict for DBN 3
pick_column0_front_270: Sampling transitions and computing reward
pick_column0_front_270: Building transition/reward matrices
pick_column1_top_0: Identifying enabled states...
pick_column1_top_0: Splitting up datasets...
pick_column1_top_0: Learning DBNS...
pick_column1_top_0: Building transition dicts for each DBN
pick_column1_top_0: Starting process for DBN 0
pick_column1_top_0: Starting process for DBN 1
pick_column1_top_0: Starting process for DBN 2
pick_column1_top_0: Starting process for DBN 3
pick_column1_top_0: Received dict for DBN 0
pick_column1_top_0: Received dict for DBN 1
pick_column1_top_0: Received dict for DBN 2
pick_column1_top_0: Received dict for DBN 3
pick_column1_top_0: Sampling transitions and computing reward
pick_column1_top_0: Building transition/reward matrices
pick_column1_left_0: Identifying enabled states...
pick_column1_left_0: Splitting up datasets...
pick_column1_left_0: Learning DBNS...
pick_column1_left_0: Building transition dicts for each DBN
pick_column1_left_0: Starting process for DBN 0
pick_column1_left_0: Starting process for DBN 1
pick_column1_left_0: Starting process for DBN 2
pick_column1_left_0: Starting process for DBN 3
pick_column1_left_0: Received dict for DBN 0
pick_column1_left_0: Received dict for DBN 1
pick_column1_left_0: Received dict for DBN 3
pick_column1_left_0: Received dict for DBN 2
pick_column1_left_0: Sampling transitions and computing reward
pick_column1_left_0: Building transition/reward matrices
pick_column1_right_0: Identifying enabled states...
pick_column1_right_0: Splitting up datasets...
pick_column1_right_0: Learning DBNS...
pick_column1_right_0: Building transition dicts for each DBN
pick_column1_right_0: Starting process for DBN 0
pick_column1_right_0: Starting process for DBN 1
pick_column1_right_0: Starting process for DBN 2
pick_column1_right_0: Starting process for DBN 3
pick_column1_right_0: Received dict for DBN 0
pick_column1_right_0: Received dict for DBN 1
pick_column1_right_0: Received dict for DBN 2
pick_column1_right_0: Received dict for DBN 3
pick_column1_right_0: Sampling transitions and computing reward
pick_column1_right_0: Building transition/reward matrices
pick_column1_front_270: Identifying enabled states...
pick_column1_front_270: Splitting up datasets...
pick_column1_front_270: Learning DBNS...
pick_column1_front_270: Building transition dicts for each DBN
pick_column1_front_270: Starting process for DBN 0
pick_column1_front_270: Starting process for DBN 1
pick_column1_front_270: Starting process for DBN 2
pick_column1_front_270: Starting process for DBN 3
pick_column1_front_270: Received dict for DBN 0
pick_column1_front_270: Received dict for DBN 2
pick_column1_front_270: Received dict for DBN 1
pick_column1_front_270: Received dict for DBN 3
pick_column1_front_270: Sampling transitions and computing reward
pick_column1_front_270: Building transition/reward matrices
pick_column2_top_0: Identifying enabled states...
pick_column2_top_0: Splitting up datasets...
pick_column2_top_0: Learning DBNS...
pick_column2_top_0: Building transition dicts for each DBN
pick_column2_top_0: Starting process for DBN 0
pick_column2_top_0: Starting process for DBN 1
pick_column2_top_0: Starting process for DBN 2
pick_column2_top_0: Starting process for DBN 3
pick_column2_top_0: Received dict for DBN 0
pick_column2_top_0: Received dict for DBN 1
pick_column2_top_0: Received dict for DBN 2
pick_column2_top_0: Received dict for DBN 3
pick_column2_top_0: Sampling transitions and computing reward
pick_column2_top_0: Building transition/reward matrices
pick_column2_left_0: Identifying enabled states...
pick_column2_left_0: Splitting up datasets...
pick_column2_left_0: Learning DBNS...
pick_column2_left_0: Building transition dicts for each DBN
pick_column2_left_0: Starting process for DBN 0
pick_column2_left_0: Starting process for DBN 1
pick_column2_left_0: Starting process for DBN 2
pick_column2_left_0: Starting process for DBN 3
pick_column2_left_0: Received dict for DBN 0
pick_column2_left_0: Received dict for DBN 1
pick_column2_left_0: Received dict for DBN 2
pick_column2_left_0: Received dict for DBN 3
pick_column2_left_0: Sampling transitions and computing reward
pick_column2_left_0: Building transition/reward matrices
pick_column2_right_0: Identifying enabled states...
pick_column2_right_0: Splitting up datasets...
pick_column2_right_0: Learning DBNS...
pick_column2_right_0: Building transition dicts for each DBN
pick_column2_right_0: Starting process for DBN 0
pick_column2_right_0: Starting process for DBN 1
pick_column2_right_0: Starting process for DBN 2
pick_column2_right_0: Starting process for DBN 3
pick_column2_right_0: Received dict for DBN 0
pick_column2_right_0: Received dict for DBN 1
pick_column2_right_0: Received dict for DBN 2
pick_column2_right_0: Received dict for DBN 3
pick_column2_right_0: Sampling transitions and computing reward
pick_column2_right_0: Building transition/reward matrices
pick_column2_front_270: Identifying enabled states...
pick_column2_front_270: Splitting up datasets...
pick_column2_front_270: Learning DBNS...
pick_column2_front_270: Building transition dicts for each DBN
pick_column2_front_270: Starting process for DBN 0
pick_column2_front_270: Starting process for DBN 1
pick_column2_front_270: Starting process for DBN 2
pick_column2_front_270: Starting process for DBN 3
pick_column2_front_270: Received dict for DBN 0
pick_column2_front_270: Received dict for DBN 1
pick_column2_front_270: Received dict for DBN 2
pick_column2_front_270: Received dict for DBN 3
pick_column2_front_270: Sampling transitions and computing reward
pick_column2_front_270: Building transition/reward matrices
place_goal_0_top_0: Identifying enabled states...
place_goal_0_top_0: Splitting up datasets...
place_goal_0_top_0: Learning DBNS...
place_goal_0_top_0: Building transition dicts for each DBN
place_goal_0_top_0: Starting process for DBN 0
place_goal_0_top_0: Starting process for DBN 1
place_goal_0_top_0: Starting process for DBN 2
place_goal_0_top_0: Starting process for DBN 3
place_goal_0_top_0: Received dict for DBN 1
place_goal_0_top_0: Received dict for DBN 0
place_goal_0_top_0: Received dict for DBN 2
place_goal_0_top_0: Received dict for DBN 3
place_goal_0_top_0: Sampling transitions and computing reward
place_goal_0_top_0: Building transition/reward matrices
place_goal_0_left_0: Identifying enabled states...
place_goal_0_left_0: Splitting up datasets...
place_goal_0_left_0: Learning DBNS...
place_goal_0_left_0: Building transition dicts for each DBN
place_goal_0_left_0: Starting process for DBN 0
place_goal_0_left_0: Starting process for DBN 1
place_goal_0_left_0: Starting process for DBN 2
place_goal_0_left_0: Starting process for DBN 3
place_goal_0_left_0: Received dict for DBN 0
place_goal_0_left_0: Received dict for DBN 1
place_goal_0_left_0: Received dict for DBN 2
place_goal_0_left_0: Received dict for DBN 3
place_goal_0_left_0: Sampling transitions and computing reward
place_goal_0_left_0: Building transition/reward matrices
place_goal_0_right_0: Identifying enabled states...
place_goal_0_right_0: Splitting up datasets...
place_goal_0_right_0: Learning DBNS...
place_goal_0_right_0: Building transition dicts for each DBN
place_goal_0_right_0: Starting process for DBN 0
place_goal_0_right_0: Starting process for DBN 1
place_goal_0_right_0: Starting process for DBN 2
place_goal_0_right_0: Starting process for DBN 3
place_goal_0_right_0: Received dict for DBN 1
place_goal_0_right_0: Received dict for DBN 0
place_goal_0_right_0: Received dict for DBN 2
place_goal_0_right_0: Received dict for DBN 3
place_goal_0_right_0: Sampling transitions and computing reward
place_goal_0_right_0: Building transition/reward matrices
place_goal_0_front_270: Identifying enabled states...
place_goal_0_front_270: Splitting up datasets...
place_goal_0_front_270: Learning DBNS...
place_goal_0_front_270: Building transition dicts for each DBN
place_goal_0_front_270: Starting process for DBN 0
place_goal_0_front_270: Starting process for DBN 1
place_goal_0_front_270: Starting process for DBN 2
place_goal_0_front_270: Starting process for DBN 3
place_goal_0_front_270: Received dict for DBN 0
place_goal_0_front_270: Received dict for DBN 1
place_goal_0_front_270: Received dict for DBN 3
place_goal_0_front_270: Received dict for DBN 2
place_goal_0_front_270: Sampling transitions and computing reward
place_goal_0_front_270: Building transition/reward matrices
place_goal_1_top_0: Identifying enabled states...
place_goal_1_top_0: Splitting up datasets...
place_goal_1_top_0: Learning DBNS...
place_goal_1_top_0: Building transition dicts for each DBN
place_goal_1_top_0: Starting process for DBN 0
place_goal_1_top_0: Starting process for DBN 1
place_goal_1_top_0: Starting process for DBN 2
place_goal_1_top_0: Starting process for DBN 3
place_goal_1_top_0: Received dict for DBN 0
place_goal_1_top_0: Received dict for DBN 2
place_goal_1_top_0: Received dict for DBN 3
place_goal_1_top_0: Received dict for DBN 1
place_goal_1_top_0: Sampling transitions and computing reward
place_goal_1_top_0: Building transition/reward matrices
place_goal_1_left_0: Identifying enabled states...
place_goal_1_left_0: Splitting up datasets...
place_goal_1_left_0: Learning DBNS...
place_goal_1_left_0: Building transition dicts for each DBN
place_goal_1_left_0: Starting process for DBN 0
place_goal_1_left_0: Starting process for DBN 1
place_goal_1_left_0: Starting process for DBN 2
place_goal_1_left_0: Starting process for DBN 3
place_goal_1_left_0: Received dict for DBN 0
place_goal_1_left_0: Received dict for DBN 1
place_goal_1_left_0: Received dict for DBN 2
place_goal_1_left_0: Received dict for DBN 3
place_goal_1_left_0: Sampling transitions and computing reward
place_goal_1_left_0: Building transition/reward matrices
place_goal_1_right_0: Identifying enabled states...
place_goal_1_right_0: Splitting up datasets...
place_goal_1_right_0: Learning DBNS...
place_goal_1_right_0: Building transition dicts for each DBN
place_goal_1_right_0: Starting process for DBN 0
place_goal_1_right_0: Starting process for DBN 1
place_goal_1_right_0: Starting process for DBN 2
place_goal_1_right_0: Starting process for DBN 3
place_goal_1_right_0: Received dict for DBN 3
place_goal_1_right_0: Received dict for DBN 0
place_goal_1_right_0: Received dict for DBN 1
place_goal_1_right_0: Received dict for DBN 2
place_goal_1_right_0: Sampling transitions and computing reward
place_goal_1_right_0: Building transition/reward matrices
place_goal_1_front_270: Identifying enabled states...
place_goal_1_front_270: Splitting up datasets...
place_goal_1_front_270: Learning DBNS...
place_goal_1_front_270: Building transition dicts for each DBN
place_goal_1_front_270: Starting process for DBN 0
place_goal_1_front_270: Starting process for DBN 1
place_goal_1_front_270: Starting process for DBN 2
place_goal_1_front_270: Starting process for DBN 3
place_goal_1_front_270: Received dict for DBN 0
place_goal_1_front_270: Received dict for DBN 3
place_goal_1_front_270: Received dict for DBN 2
place_goal_1_front_270: Received dict for DBN 1
place_goal_1_front_270: Sampling transitions and computing reward
place_goal_1_front_270: Building transition/reward matrices
place_goal_2_top_0: Identifying enabled states...
place_goal_2_top_0: Splitting up datasets...
place_goal_2_top_0: Learning DBNS...
place_goal_2_top_0: Building transition dicts for each DBN
place_goal_2_top_0: Starting process for DBN 0
place_goal_2_top_0: Starting process for DBN 1
place_goal_2_top_0: Starting process for DBN 2
place_goal_2_top_0: Starting process for DBN 3
place_goal_2_top_0: Received dict for DBN 0
place_goal_2_top_0: Received dict for DBN 1
place_goal_2_top_0: Received dict for DBN 2
place_goal_2_top_0: Received dict for DBN 3
place_goal_2_top_0: Sampling transitions and computing reward
place_goal_2_top_0: Building transition/reward matrices
place_goal_2_left_0: Identifying enabled states...
place_goal_2_left_0: Splitting up datasets...
place_goal_2_left_0: Learning DBNS...
place_goal_2_left_0: Building transition dicts for each DBN
place_goal_2_left_0: Starting process for DBN 0
place_goal_2_left_0: Starting process for DBN 1
place_goal_2_left_0: Starting process for DBN 2
place_goal_2_left_0: Starting process for DBN 3
place_goal_2_left_0: Received dict for DBN 0
place_goal_2_left_0: Received dict for DBN 1
place_goal_2_left_0: Received dict for DBN 2
place_goal_2_left_0: Received dict for DBN 3
place_goal_2_left_0: Sampling transitions and computing reward
place_goal_2_left_0: Building transition/reward matrices
place_goal_2_right_0: Identifying enabled states...
place_goal_2_right_0: Splitting up datasets...
place_goal_2_right_0: Learning DBNS...
place_goal_2_right_0: Building transition dicts for each DBN
place_goal_2_right_0: Starting process for DBN 0
place_goal_2_right_0: Starting process for DBN 1
place_goal_2_right_0: Starting process for DBN 2
place_goal_2_right_0: Starting process for DBN 3
place_goal_2_right_0: Received dict for DBN 0
place_goal_2_right_0: Received dict for DBN 1
place_goal_2_right_0: Received dict for DBN 2
place_goal_2_right_0: Received dict for DBN 3
place_goal_2_right_0: Sampling transitions and computing reward
place_goal_2_right_0: Building transition/reward matrices
place_goal_2_front_270: Identifying enabled states...
place_goal_2_front_270: Splitting up datasets...
place_goal_2_front_270: Learning DBNS...
place_goal_2_front_270: Building transition dicts for each DBN
place_goal_2_front_270: Starting process for DBN 0
place_goal_2_front_270: Starting process for DBN 1
place_goal_2_front_270: Starting process for DBN 2
place_goal_2_front_270: Starting process for DBN 3
place_goal_2_front_270: Received dict for DBN 0
place_goal_2_front_270: Received dict for DBN 1
place_goal_2_front_270: Received dict for DBN 2
place_goal_2_front_270: Received dict for DBN 3
place_goal_2_front_270: Sampling transitions and computing reward
place_goal_2_front_270: Building transition/reward matrices
place_region_0_top_0: Identifying enabled states...
place_region_0_top_0: Splitting up datasets...
place_region_0_top_0: Learning DBNS...
place_region_0_top_0: Building transition dicts for each DBN
place_region_0_top_0: Starting process for DBN 0
place_region_0_top_0: Starting process for DBN 1
place_region_0_top_0: Starting process for DBN 2
place_region_0_top_0: Starting process for DBN 3
place_region_0_top_0: Received dict for DBN 0
place_region_0_top_0: Received dict for DBN 1
place_region_0_top_0: Received dict for DBN 2
place_region_0_top_0: Received dict for DBN 3
place_region_0_top_0: Sampling transitions and computing reward
place_region_0_top_0: Building transition/reward matrices
place_region_0_left_0: Identifying enabled states...
place_region_0_left_0: Splitting up datasets...
place_region_0_left_0: Learning DBNS...
place_region_0_left_0: Building transition dicts for each DBN
place_region_0_left_0: Starting process for DBN 0
place_region_0_left_0: Starting process for DBN 1
place_region_0_left_0: Starting process for DBN 2
place_region_0_left_0: Starting process for DBN 3
place_region_0_left_0: Received dict for DBN 0
place_region_0_left_0: Received dict for DBN 1
place_region_0_left_0: Received dict for DBN 2
place_region_0_left_0: Received dict for DBN 3
place_region_0_left_0: Sampling transitions and computing reward
place_region_0_left_0: Building transition/reward matrices
place_region_0_right_0: Identifying enabled states...
place_region_0_right_0: Splitting up datasets...
place_region_0_right_0: Learning DBNS...
place_region_0_right_0: Building transition dicts for each DBN
place_region_0_right_0: Starting process for DBN 0
place_region_0_right_0: Starting process for DBN 1
place_region_0_right_0: Starting process for DBN 2
place_region_0_right_0: Starting process for DBN 3
place_region_0_right_0: Received dict for DBN 0
place_region_0_right_0: Received dict for DBN 1
place_region_0_right_0: Received dict for DBN 2
place_region_0_right_0: Received dict for DBN 3
place_region_0_right_0: Sampling transitions and computing reward
place_region_0_right_0: Building transition/reward matrices
place_region_0_front_270: Identifying enabled states...
place_region_0_front_270: Splitting up datasets...
place_region_0_front_270: Learning DBNS...
place_region_0_front_270: Building transition dicts for each DBN
place_region_0_front_270: Starting process for DBN 0
place_region_0_front_270: Starting process for DBN 1
place_region_0_front_270: Starting process for DBN 2
place_region_0_front_270: Starting process for DBN 3
place_region_0_front_270: Received dict for DBN 0
place_region_0_front_270: Received dict for DBN 3
place_region_0_front_270: Received dict for DBN 1
place_region_0_front_270: Received dict for DBN 2
place_region_0_front_270: Sampling transitions and computing reward
place_region_0_front_270: Building transition/reward matrices
place_region_1_top_0: Identifying enabled states...
place_region_1_top_0: Splitting up datasets...
place_region_1_top_0: Learning DBNS...
place_region_1_top_0: Building transition dicts for each DBN
place_region_1_top_0: Starting process for DBN 0
place_region_1_top_0: Starting process for DBN 1
place_region_1_top_0: Starting process for DBN 2
place_region_1_top_0: Starting process for DBN 3
place_region_1_top_0: Received dict for DBN 0
place_region_1_top_0: Received dict for DBN 1
place_region_1_top_0: Received dict for DBN 2
place_region_1_top_0: Received dict for DBN 3
place_region_1_top_0: Sampling transitions and computing reward
place_region_1_top_0: Building transition/reward matrices
place_region_1_left_0: Identifying enabled states...
place_region_1_left_0: Splitting up datasets...
place_region_1_left_0: Learning DBNS...
place_region_1_left_0: Building transition dicts for each DBN
place_region_1_left_0: Starting process for DBN 0
place_region_1_left_0: Starting process for DBN 1
place_region_1_left_0: Starting process for DBN 2
place_region_1_left_0: Starting process for DBN 3
place_region_1_left_0: Received dict for DBN 0
place_region_1_left_0: Received dict for DBN 1
place_region_1_left_0: Received dict for DBN 2
place_region_1_left_0: Received dict for DBN 3
place_region_1_left_0: Sampling transitions and computing reward
place_region_1_left_0: Building transition/reward matrices
place_region_1_right_0: Identifying enabled states...
place_region_1_right_0: Splitting up datasets...
place_region_1_right_0: Learning DBNS...
place_region_1_right_0: Building transition dicts for each DBN
place_region_1_right_0: Starting process for DBN 0
place_region_1_right_0: Starting process for DBN 1
place_region_1_right_0: Starting process for DBN 2
place_region_1_right_0: Starting process for DBN 3
place_region_1_right_0: Received dict for DBN 0
place_region_1_right_0: Received dict for DBN 1
place_region_1_right_0: Received dict for DBN 2
place_region_1_right_0: Received dict for DBN 3
place_region_1_right_0: Sampling transitions and computing reward
place_region_1_right_0: Building transition/reward matrices
place_region_1_front_270: Identifying enabled states...
place_region_1_front_270: Splitting up datasets...
place_region_1_front_270: Learning DBNS...
place_region_1_front_270: Building transition dicts for each DBN
place_region_1_front_270: Starting process for DBN 0
place_region_1_front_270: Starting process for DBN 1
place_region_1_front_270: Starting process for DBN 2
place_region_1_front_270: Starting process for DBN 3
place_region_1_front_270: Received dict for DBN 0
place_region_1_front_270: Received dict for DBN 1
place_region_1_front_270: Received dict for DBN 2
place_region_1_front_270: Received dict for DBN 3
place_region_1_front_270: Sampling transitions and computing reward
place_region_1_front_270: Building transition/reward matrices
place_region_2_top_0: Identifying enabled states...
place_region_2_top_0: Splitting up datasets...
place_region_2_top_0: Learning DBNS...
place_region_2_top_0: Building transition dicts for each DBN
place_region_2_top_0: Starting process for DBN 0
place_region_2_top_0: Starting process for DBN 1
place_region_2_top_0: Starting process for DBN 2
place_region_2_top_0: Starting process for DBN 3
place_region_2_top_0: Received dict for DBN 0
place_region_2_top_0: Received dict for DBN 1
place_region_2_top_0: Received dict for DBN 2
place_region_2_top_0: Received dict for DBN 3
place_region_2_top_0: Sampling transitions and computing reward
place_region_2_top_0: Building transition/reward matrices
place_region_2_left_0: Identifying enabled states...
place_region_2_left_0: Splitting up datasets...
place_region_2_left_0: Learning DBNS...
place_region_2_left_0: Building transition dicts for each DBN
place_region_2_left_0: Starting process for DBN 0
place_region_2_left_0: Starting process for DBN 1
place_region_2_left_0: Starting process for DBN 2
place_region_2_left_0: Starting process for DBN 3
place_region_2_left_0: Received dict for DBN 0
place_region_2_left_0: Received dict for DBN 3
place_region_2_left_0: Received dict for DBN 1
place_region_2_left_0: Received dict for DBN 2
place_region_2_left_0: Sampling transitions and computing reward
place_region_2_left_0: Building transition/reward matrices
place_region_2_right_0: Identifying enabled states...
place_region_2_right_0: Splitting up datasets...
place_region_2_right_0: Learning DBNS...
place_region_2_right_0: Building transition dicts for each DBN
place_region_2_right_0: Starting process for DBN 0
place_region_2_right_0: Starting process for DBN 1
place_region_2_right_0: Starting process for DBN 2
place_region_2_right_0: Starting process for DBN 3
place_region_2_right_0: Received dict for DBN 0
place_region_2_right_0: Received dict for DBN 1
place_region_2_right_0: Received dict for DBN 2
place_region_2_right_0: Received dict for DBN 3
place_region_2_right_0: Sampling transitions and computing reward
place_region_2_right_0: Building transition/reward matrices
place_region_2_front_270: Identifying enabled states...
place_region_2_front_270: Splitting up datasets...
place_region_2_front_270: Learning DBNS...
place_region_2_front_270: Building transition dicts for each DBN
place_region_2_front_270: Starting process for DBN 0
place_region_2_front_270: Starting process for DBN 1
place_region_2_front_270: Starting process for DBN 2
place_region_2_front_270: Starting process for DBN 3
place_region_2_front_270: Received dict for DBN 0
place_region_2_front_270: Received dict for DBN 1
place_region_2_front_270: Received dict for DBN 3
place_region_2_front_270: Received dict for DBN 2
place_region_2_front_270: Sampling transitions and computing reward
place_region_2_front_270: Building transition/reward matrices
Building MDP...
Synthesising Policy...
Solving MDP for timestep: 29
Solving MDP for timestep: 28
Solving MDP for timestep: 27
Solving MDP for timestep: 26
Solving MDP for timestep: 25
Solving MDP for timestep: 24
Solving MDP for timestep: 23
Solving MDP for timestep: 22
Solving MDP for timestep: 21
Solving MDP for timestep: 20
Solving MDP for timestep: 19
Solving MDP for timestep: 18
Solving MDP for timestep: 17
Solving MDP for timestep: 16
Solving MDP for timestep: 15
Solving MDP for timestep: 14
Solving MDP for timestep: 13
Solving MDP for timestep: 12
Solving MDP for timestep: 11
Solving MDP for timestep: 10
Solving MDP for timestep: 9
Solving MDP for timestep: 8
Solving MDP for timestep: 7
Solving MDP for timestep: 6
Solving MDP for timestep: 5
Solving MDP for timestep: 4
Solving MDP for timestep: 3
Solving MDP for timestep: 2
Solving MDP for timestep: 1
Solving MDP for timestep: 0
Resetting the scene for new episode
Step 0
policy value 7.114147186279297
State(column0: region_0, column1: region_1, column2: region_2)
pick_column1_front_270
Action: Action(ActionType.PICK, obj=/column1, slot=None,grasp=GraspType.FRONT_270)
[EXEC] Picking /column1 with front_270

[INFO] Found 1664 potential configurations.
[WARN] No valid configuration found (all tested configs invalid).
[EXEC] Action ActionType.PICK executed in 2.10 seconds
[ERROR] Action ActionType.PICK failed for object /column1
Action duration: 0.001
[LOG] Transition logged to MongoDB: f3fb32f7-6c7b-4976-8005-709c6e29f096 - Episode 3
Action failed, stopping. Time elapsed: 0.001
Step 1
policy value 6.834384441375732
State(column0: region_0, column1: region_1, column2: region_2)
pick_column1_front_270
Action: Action(ActionType.PICK, obj=/column1, slot=None,grasp=GraspType.FRONT_270)
[EXEC] Picking /column1 with front_270

[INFO] Found 1920 potential configurations.
[WARN] No valid configuration found (all tested configs invalid).
[EXEC] Action ActionType.PICK executed in 2.32 seconds
[ERROR] Action ActionType.PICK failed for object /column1
Action duration: 0.001
[LOG] Transition logged to MongoDB: f3fb32f7-6c7b-4976-8005-709c6e29f096 - Episode 3
Action failed, stopping. Time elapsed: 0.001
Step 2
policy value 6.554642677307129
State(column0: region_0, column1: region_1, column2: region_2)
pick_column1_front_270
Action: Action(ActionType.PICK, obj=/column1, slot=None,grasp=GraspType.FRONT_270)
[EXEC] Picking /column1 with front_270

[INFO] Found 2112 potential configurations.
[WARN] No valid configuration found (all tested configs invalid).
[EXEC] Action ActionType.PICK executed in 2.30 seconds
[ERROR] Action ActionType.PICK failed for object /column1
Action duration: 0.001
[LOG] Transition logged to MongoDB: f3fb32f7-6c7b-4976-8005-709c6e29f096 - Episode 3
Action failed, stopping. Time elapsed: 0.001
Step 3
policy value 6.274927616119385
State(column0: region_0, column1: region_1, column2: region_2)
pick_column1_front_270
Action: Action(ActionType.PICK, obj=/column1, slot=None,grasp=GraspType.FRONT_270)
[EXEC] Picking /column1 with front_270

[INFO] Found 1792 potential configurations.
[WARN] No valid configuration found (all tested configs invalid).
[EXEC] Action ActionType.PICK executed in 2.26 seconds
[ERROR] Action ActionType.PICK failed for object /column1
Action duration: 0.001
[LOG] Transition logged to MongoDB: f3fb32f7-6c7b-4976-8005-709c6e29f096 - Episode 3
Action failed, stopping. Time elapsed: 0.001
Step 4
policy value 5.995251655578613
State(column0: region_0, column1: region_1, column2: region_2)
pick_column1_front_270
Action: Action(ActionType.PICK, obj=/column1, slot=None,grasp=GraspType.FRONT_270)
[EXEC] Picking /column1 with front_270

[INFO] Found 1664 potential configurations.
[WARN] No valid configuration found (all tested configs invalid).
[EXEC] Action ActionType.PICK executed in 2.15 seconds
[ERROR] Action ActionType.PICK failed for object /column1
Action duration: 0.001
[LOG] Transition logged to MongoDB: f3fb32f7-6c7b-4976-8005-709c6e29f096 - Episode 3
Action failed, stopping. Time elapsed: 0.001
Step 5
policy value 5.7156243324279785
State(column0: region_0, column1: region_1, column2: region_2)
pick_column1_front_270
Action: Action(ActionType.PICK, obj=/column1, slot=None,grasp=GraspType.FRONT_270)
[EXEC] Picking /column1 with front_270

[INFO] Found 2112 potential configurations.
[WARN] No valid configuration found (all tested configs invalid).
[EXEC] Action ActionType.PICK executed in 2.28 seconds
[ERROR] Action ActionType.PICK failed for object /column1
Action duration: 0.001
[LOG] Transition logged to MongoDB: f3fb32f7-6c7b-4976-8005-709c6e29f096 - Episode 3
Action failed, stopping. Time elapsed: 0.001
Too many failures, resetting episode
Episode 10 ended
Revising policy
USING STORM: False
Reading data from MongoDB...
Total option moiton param combinations 36
Collected combinations 36
Building state to idx mapping...
Building option ensembles...
pick_column0_top_0: Identifying enabled states...
pick_column0_top_0: Splitting up datasets...
pick_column0_top_0: Learning DBNS...
pick_column0_top_0: Building transition dicts for each DBN
pick_column0_top_0: Starting process for DBN 0
pick_column0_top_0: Starting process for DBN 1
pick_column0_top_0: Starting process for DBN 2
pick_column0_top_0: Starting process for DBN 3
pick_column0_top_0: Received dict for DBN 0
pick_column0_top_0: Received dict for DBN 1
pick_column0_top_0: Received dict for DBN 2
pick_column0_top_0: Received dict for DBN 3
pick_column0_top_0: Sampling transitions and computing reward
pick_column0_top_0: Building transition/reward matrices
pick_column0_left_0: Identifying enabled states...
pick_column0_left_0: Splitting up datasets...
pick_column0_left_0: Learning DBNS...
pick_column0_left_0: Building transition dicts for each DBN
pick_column0_left_0: Starting process for DBN 0
pick_column0_left_0: Starting process for DBN 1
pick_column0_left_0: Starting process for DBN 2
pick_column0_left_0: Starting process for DBN 3
pick_column0_left_0: Received dict for DBN 0
pick_column0_left_0: Received dict for DBN 1
pick_column0_left_0: Received dict for DBN 2
pick_column0_left_0: Received dict for DBN 3
pick_column0_left_0: Sampling transitions and computing reward
pick_column0_left_0: Building transition/reward matrices
pick_column0_right_0: Identifying enabled states...
pick_column0_right_0: Splitting up datasets...
pick_column0_right_0: Learning DBNS...
pick_column0_right_0: Building transition dicts for each DBN
pick_column0_right_0: Starting process for DBN 0
pick_column0_right_0: Starting process for DBN 1
pick_column0_right_0: Starting process for DBN 2
pick_column0_right_0: Starting process for DBN 3
pick_column0_right_0: Received dict for DBN 0
pick_column0_right_0: Received dict for DBN 1
pick_column0_right_0: Received dict for DBN 2
pick_column0_right_0: Received dict for DBN 3
pick_column0_right_0: Sampling transitions and computing reward
pick_column0_right_0: Building transition/reward matrices
pick_column0_front_270: Identifying enabled states...
pick_column0_front_270: Splitting up datasets...
pick_column0_front_270: Learning DBNS...
pick_column0_front_270: Building transition dicts for each DBN
pick_column0_front_270: Starting process for DBN 0
pick_column0_front_270: Starting process for DBN 1
pick_column0_front_270: Starting process for DBN 2
pick_column0_front_270: Starting process for DBN 3
pick_column0_front_270: Received dict for DBN 0
pick_column0_front_270: Received dict for DBN 2
pick_column0_front_270: Received dict for DBN 3
pick_column0_front_270: Received dict for DBN 1
pick_column0_front_270: Sampling transitions and computing reward
pick_column0_front_270: Building transition/reward matrices
pick_column1_top_0: Identifying enabled states...
pick_column1_top_0: Splitting up datasets...
pick_column1_top_0: Learning DBNS...
pick_column1_top_0: Building transition dicts for each DBN
pick_column1_top_0: Starting process for DBN 0
pick_column1_top_0: Starting process for DBN 1
pick_column1_top_0: Starting process for DBN 2
pick_column1_top_0: Starting process for DBN 3
pick_column1_top_0: Received dict for DBN 0
pick_column1_top_0: Received dict for DBN 1
pick_column1_top_0: Received dict for DBN 2
pick_column1_top_0: Received dict for DBN 3
pick_column1_top_0: Sampling transitions and computing reward
pick_column1_top_0: Building transition/reward matrices
pick_column1_left_0: Identifying enabled states...
pick_column1_left_0: Splitting up datasets...
pick_column1_left_0: Learning DBNS...
pick_column1_left_0: Building transition dicts for each DBN
pick_column1_left_0: Starting process for DBN 0
pick_column1_left_0: Starting process for DBN 1
pick_column1_left_0: Starting process for DBN 2
pick_column1_left_0: Starting process for DBN 3
pick_column1_left_0: Received dict for DBN 0
pick_column1_left_0: Received dict for DBN 1
pick_column1_left_0: Received dict for DBN 2
pick_column1_left_0: Received dict for DBN 3
pick_column1_left_0: Sampling transitions and computing reward
pick_column1_left_0: Building transition/reward matrices
pick_column1_right_0: Identifying enabled states...
pick_column1_right_0: Splitting up datasets...
pick_column1_right_0: Learning DBNS...
pick_column1_right_0: Building transition dicts for each DBN
pick_column1_right_0: Starting process for DBN 0
pick_column1_right_0: Starting process for DBN 1
pick_column1_right_0: Starting process for DBN 2
pick_column1_right_0: Starting process for DBN 3
pick_column1_right_0: Received dict for DBN 0
pick_column1_right_0: Received dict for DBN 1
pick_column1_right_0: Received dict for DBN 2
pick_column1_right_0: Received dict for DBN 3
pick_column1_right_0: Sampling transitions and computing reward
pick_column1_right_0: Building transition/reward matrices
pick_column1_front_270: Identifying enabled states...
pick_column1_front_270: Splitting up datasets...
pick_column1_front_270: Learning DBNS...
pick_column1_front_270: Building transition dicts for each DBN
pick_column1_front_270: Starting process for DBN 0
pick_column1_front_270: Starting process for DBN 1
pick_column1_front_270: Starting process for DBN 2
pick_column1_front_270: Starting process for DBN 3
pick_column1_front_270: Received dict for DBN 0
pick_column1_front_270: Received dict for DBN 1
pick_column1_front_270: Received dict for DBN 2
pick_column1_front_270: Received dict for DBN 3
pick_column1_front_270: Sampling transitions and computing reward
pick_column1_front_270: Building transition/reward matrices
pick_column2_top_0: Identifying enabled states...
pick_column2_top_0: Splitting up datasets...
pick_column2_top_0: Learning DBNS...
pick_column2_top_0: Building transition dicts for each DBN
pick_column2_top_0: Starting process for DBN 0
pick_column2_top_0: Starting process for DBN 1
pick_column2_top_0: Starting process for DBN 2
pick_column2_top_0: Starting process for DBN 3
pick_column2_top_0: Received dict for DBN 0
pick_column2_top_0: Received dict for DBN 1
pick_column2_top_0: Received dict for DBN 2
pick_column2_top_0: Received dict for DBN 3
pick_column2_top_0: Sampling transitions and computing reward
pick_column2_top_0: Building transition/reward matrices
pick_column2_left_0: Identifying enabled states...
pick_column2_left_0: Splitting up datasets...
pick_column2_left_0: Learning DBNS...
pick_column2_left_0: Building transition dicts for each DBN
pick_column2_left_0: Starting process for DBN 0
pick_column2_left_0: Starting process for DBN 1
pick_column2_left_0: Starting process for DBN 2
pick_column2_left_0: Starting process for DBN 3
pick_column2_left_0: Received dict for DBN 0
pick_column2_left_0: Received dict for DBN 1
pick_column2_left_0: Received dict for DBN 2
pick_column2_left_0: Received dict for DBN 3
pick_column2_left_0: Sampling transitions and computing reward
pick_column2_left_0: Building transition/reward matrices
pick_column2_right_0: Identifying enabled states...
pick_column2_right_0: Splitting up datasets...
pick_column2_right_0: Learning DBNS...
pick_column2_right_0: Building transition dicts for each DBN
pick_column2_right_0: Starting process for DBN 0
pick_column2_right_0: Starting process for DBN 1
pick_column2_right_0: Starting process for DBN 2
pick_column2_right_0: Starting process for DBN 3
pick_column2_right_0: Received dict for DBN 0
pick_column2_right_0: Received dict for DBN 1
pick_column2_right_0: Received dict for DBN 2
pick_column2_right_0: Received dict for DBN 3
pick_column2_right_0: Sampling transitions and computing reward
pick_column2_right_0: Building transition/reward matrices
pick_column2_front_270: Identifying enabled states...
pick_column2_front_270: Splitting up datasets...
pick_column2_front_270: Learning DBNS...
pick_column2_front_270: Building transition dicts for each DBN
pick_column2_front_270: Starting process for DBN 0
pick_column2_front_270: Starting process for DBN 1
pick_column2_front_270: Starting process for DBN 2
pick_column2_front_270: Starting process for DBN 3
pick_column2_front_270: Received dict for DBN 0
pick_column2_front_270: Received dict for DBN 1
pick_column2_front_270: Received dict for DBN 2
pick_column2_front_270: Received dict for DBN 3
pick_column2_front_270: Sampling transitions and computing reward
pick_column2_front_270: Building transition/reward matrices
place_goal_0_top_0: Identifying enabled states...
place_goal_0_top_0: Splitting up datasets...
place_goal_0_top_0: Learning DBNS...
place_goal_0_top_0: Building transition dicts for each DBN
place_goal_0_top_0: Starting process for DBN 0
place_goal_0_top_0: Starting process for DBN 1
place_goal_0_top_0: Starting process for DBN 2
place_goal_0_top_0: Starting process for DBN 3
place_goal_0_top_0: Received dict for DBN 1
place_goal_0_top_0: Received dict for DBN 0
place_goal_0_top_0: Received dict for DBN 2
place_goal_0_top_0: Received dict for DBN 3
place_goal_0_top_0: Sampling transitions and computing reward
place_goal_0_top_0: Building transition/reward matrices
place_goal_0_left_0: Identifying enabled states...
place_goal_0_left_0: Splitting up datasets...
place_goal_0_left_0: Learning DBNS...
place_goal_0_left_0: Building transition dicts for each DBN
place_goal_0_left_0: Starting process for DBN 0
place_goal_0_left_0: Starting process for DBN 1
place_goal_0_left_0: Starting process for DBN 2
place_goal_0_left_0: Starting process for DBN 3
place_goal_0_left_0: Received dict for DBN 0
place_goal_0_left_0: Received dict for DBN 1
place_goal_0_left_0: Received dict for DBN 2
place_goal_0_left_0: Received dict for DBN 3
place_goal_0_left_0: Sampling transitions and computing reward
place_goal_0_left_0: Building transition/reward matrices
place_goal_0_right_0: Identifying enabled states...
place_goal_0_right_0: Splitting up datasets...
place_goal_0_right_0: Learning DBNS...
place_goal_0_right_0: Building transition dicts for each DBN
place_goal_0_right_0: Starting process for DBN 0
place_goal_0_right_0: Starting process for DBN 1
place_goal_0_right_0: Starting process for DBN 2
place_goal_0_right_0: Starting process for DBN 3
place_goal_0_right_0: Received dict for DBN 1
place_goal_0_right_0: Received dict for DBN 0
place_goal_0_right_0: Received dict for DBN 2
place_goal_0_right_0: Received dict for DBN 3
place_goal_0_right_0: Sampling transitions and computing reward
place_goal_0_right_0: Building transition/reward matrices
place_goal_0_front_270: Identifying enabled states...
place_goal_0_front_270: Splitting up datasets...
place_goal_0_front_270: Learning DBNS...
place_goal_0_front_270: Building transition dicts for each DBN
place_goal_0_front_270: Starting process for DBN 0
place_goal_0_front_270: Starting process for DBN 1
place_goal_0_front_270: Starting process for DBN 2
place_goal_0_front_270: Starting process for DBN 3
place_goal_0_front_270: Received dict for DBN 1
place_goal_0_front_270: Received dict for DBN 0
place_goal_0_front_270: Received dict for DBN 2
place_goal_0_front_270: Received dict for DBN 3
place_goal_0_front_270: Sampling transitions and computing reward
place_goal_0_front_270: Building transition/reward matrices
place_goal_1_top_0: Identifying enabled states...
place_goal_1_top_0: Splitting up datasets...
place_goal_1_top_0: Learning DBNS...
place_goal_1_top_0: Building transition dicts for each DBN
place_goal_1_top_0: Starting process for DBN 0
place_goal_1_top_0: Starting process for DBN 1
place_goal_1_top_0: Starting process for DBN 2
place_goal_1_top_0: Starting process for DBN 3
place_goal_1_top_0: Received dict for DBN 0
place_goal_1_top_0: Received dict for DBN 2
place_goal_1_top_0: Received dict for DBN 1
place_goal_1_top_0: Received dict for DBN 3
place_goal_1_top_0: Sampling transitions and computing reward
place_goal_1_top_0: Building transition/reward matrices
place_goal_1_left_0: Identifying enabled states...
place_goal_1_left_0: Splitting up datasets...
place_goal_1_left_0: Learning DBNS...
place_goal_1_left_0: Building transition dicts for each DBN
place_goal_1_left_0: Starting process for DBN 0
place_goal_1_left_0: Starting process for DBN 1
place_goal_1_left_0: Starting process for DBN 2
place_goal_1_left_0: Starting process for DBN 3
place_goal_1_left_0: Received dict for DBN 0
place_goal_1_left_0: Received dict for DBN 1
place_goal_1_left_0: Received dict for DBN 2
place_goal_1_left_0: Received dict for DBN 3
place_goal_1_left_0: Sampling transitions and computing reward
place_goal_1_left_0: Building transition/reward matrices
place_goal_1_right_0: Identifying enabled states...
place_goal_1_right_0: Splitting up datasets...
place_goal_1_right_0: Learning DBNS...
place_goal_1_right_0: Building transition dicts for each DBN
place_goal_1_right_0: Starting process for DBN 0
place_goal_1_right_0: Starting process for DBN 1
place_goal_1_right_0: Starting process for DBN 2
place_goal_1_right_0: Starting process for DBN 3
place_goal_1_right_0: Received dict for DBN 0
place_goal_1_right_0: Received dict for DBN 1
place_goal_1_right_0: Received dict for DBN 2
place_goal_1_right_0: Received dict for DBN 3
place_goal_1_right_0: Sampling transitions and computing reward
place_goal_1_right_0: Building transition/reward matrices
place_goal_1_front_270: Identifying enabled states...
place_goal_1_front_270: Splitting up datasets...
place_goal_1_front_270: Learning DBNS...
place_goal_1_front_270: Building transition dicts for each DBN
place_goal_1_front_270: Starting process for DBN 0
place_goal_1_front_270: Starting process for DBN 1
place_goal_1_front_270: Starting process for DBN 2
place_goal_1_front_270: Starting process for DBN 3
place_goal_1_front_270: Received dict for DBN 0
place_goal_1_front_270: Received dict for DBN 2
place_goal_1_front_270: Received dict for DBN 1
place_goal_1_front_270: Received dict for DBN 3
place_goal_1_front_270: Sampling transitions and computing reward
place_goal_1_front_270: Building transition/reward matrices
place_goal_2_top_0: Identifying enabled states...
place_goal_2_top_0: Splitting up datasets...
place_goal_2_top_0: Learning DBNS...
place_goal_2_top_0: Building transition dicts for each DBN
place_goal_2_top_0: Starting process for DBN 0
place_goal_2_top_0: Starting process for DBN 1
place_goal_2_top_0: Starting process for DBN 2
place_goal_2_top_0: Starting process for DBN 3
place_goal_2_top_0: Received dict for DBN 0
place_goal_2_top_0: Received dict for DBN 1
place_goal_2_top_0: Received dict for DBN 2
place_goal_2_top_0: Received dict for DBN 3
place_goal_2_top_0: Sampling transitions and computing reward
place_goal_2_top_0: Building transition/reward matrices
place_goal_2_left_0: Identifying enabled states...
place_goal_2_left_0: Splitting up datasets...
place_goal_2_left_0: Learning DBNS...
place_goal_2_left_0: Building transition dicts for each DBN
place_goal_2_left_0: Starting process for DBN 0
place_goal_2_left_0: Starting process for DBN 1
place_goal_2_left_0: Starting process for DBN 2
place_goal_2_left_0: Starting process for DBN 3
place_goal_2_left_0: Received dict for DBN 0
place_goal_2_left_0: Received dict for DBN 1
place_goal_2_left_0: Received dict for DBN 2
place_goal_2_left_0: Received dict for DBN 3
place_goal_2_left_0: Sampling transitions and computing reward
place_goal_2_left_0: Building transition/reward matrices
place_goal_2_right_0: Identifying enabled states...
place_goal_2_right_0: Splitting up datasets...
place_goal_2_right_0: Learning DBNS...
place_goal_2_right_0: Building transition dicts for each DBN
place_goal_2_right_0: Starting process for DBN 0
place_goal_2_right_0: Starting process for DBN 1
place_goal_2_right_0: Starting process for DBN 2
place_goal_2_right_0: Starting process for DBN 3
place_goal_2_right_0: Received dict for DBN 0
place_goal_2_right_0: Received dict for DBN 1
place_goal_2_right_0: Received dict for DBN 3
place_goal_2_right_0: Received dict for DBN 2
place_goal_2_right_0: Sampling transitions and computing reward
place_goal_2_right_0: Building transition/reward matrices
place_goal_2_front_270: Identifying enabled states...
place_goal_2_front_270: Splitting up datasets...
place_goal_2_front_270: Learning DBNS...
place_goal_2_front_270: Building transition dicts for each DBN
place_goal_2_front_270: Starting process for DBN 0
place_goal_2_front_270: Starting process for DBN 1
place_goal_2_front_270: Starting process for DBN 2
place_goal_2_front_270: Starting process for DBN 3
place_goal_2_front_270: Received dict for DBN 0
place_goal_2_front_270: Received dict for DBN 1
place_goal_2_front_270: Received dict for DBN 2
place_goal_2_front_270: Received dict for DBN 3
place_goal_2_front_270: Sampling transitions and computing reward
place_goal_2_front_270: Building transition/reward matrices
place_region_0_top_0: Identifying enabled states...
place_region_0_top_0: Splitting up datasets...
place_region_0_top_0: Learning DBNS...
place_region_0_top_0: Building transition dicts for each DBN
place_region_0_top_0: Starting process for DBN 0
place_region_0_top_0: Starting process for DBN 1
place_region_0_top_0: Starting process for DBN 2
place_region_0_top_0: Starting process for DBN 3
place_region_0_top_0: Received dict for DBN 0
place_region_0_top_0: Received dict for DBN 1
place_region_0_top_0: Received dict for DBN 2
place_region_0_top_0: Received dict for DBN 3
place_region_0_top_0: Sampling transitions and computing reward
place_region_0_top_0: Building transition/reward matrices
place_region_0_left_0: Identifying enabled states...
place_region_0_left_0: Splitting up datasets...
place_region_0_left_0: Learning DBNS...
place_region_0_left_0: Building transition dicts for each DBN
place_region_0_left_0: Starting process for DBN 0
place_region_0_left_0: Starting process for DBN 1
place_region_0_left_0: Starting process for DBN 2
place_region_0_left_0: Starting process for DBN 3
place_region_0_left_0: Received dict for DBN 0
place_region_0_left_0: Received dict for DBN 1
place_region_0_left_0: Received dict for DBN 2
place_region_0_left_0: Received dict for DBN 3
place_region_0_left_0: Sampling transitions and computing reward
place_region_0_left_0: Building transition/reward matrices
place_region_0_right_0: Identifying enabled states...
place_region_0_right_0: Splitting up datasets...
place_region_0_right_0: Learning DBNS...
place_region_0_right_0: Building transition dicts for each DBN
place_region_0_right_0: Starting process for DBN 0
place_region_0_right_0: Starting process for DBN 1
place_region_0_right_0: Starting process for DBN 2
place_region_0_right_0: Starting process for DBN 3
place_region_0_right_0: Received dict for DBN 0
place_region_0_right_0: Received dict for DBN 1
place_region_0_right_0: Received dict for DBN 3
place_region_0_right_0: Received dict for DBN 2
place_region_0_right_0: Sampling transitions and computing reward
place_region_0_right_0: Building transition/reward matrices
place_region_0_front_270: Identifying enabled states...
place_region_0_front_270: Splitting up datasets...
place_region_0_front_270: Learning DBNS...
place_region_0_front_270: Building transition dicts for each DBN
place_region_0_front_270: Starting process for DBN 0
place_region_0_front_270: Starting process for DBN 1
place_region_0_front_270: Starting process for DBN 2
place_region_0_front_270: Starting process for DBN 3
place_region_0_front_270: Received dict for DBN 0
place_region_0_front_270: Received dict for DBN 3
place_region_0_front_270: Received dict for DBN 1
place_region_0_front_270: Received dict for DBN 2
place_region_0_front_270: Sampling transitions and computing reward
place_region_0_front_270: Building transition/reward matrices
place_region_1_top_0: Identifying enabled states...
place_region_1_top_0: Splitting up datasets...
place_region_1_top_0: Learning DBNS...
place_region_1_top_0: Building transition dicts for each DBN
place_region_1_top_0: Starting process for DBN 0
place_region_1_top_0: Starting process for DBN 1
place_region_1_top_0: Starting process for DBN 2
place_region_1_top_0: Starting process for DBN 3
place_region_1_top_0: Received dict for DBN 0
place_region_1_top_0: Received dict for DBN 1
place_region_1_top_0: Received dict for DBN 2
place_region_1_top_0: Received dict for DBN 3
place_region_1_top_0: Sampling transitions and computing reward
place_region_1_top_0: Building transition/reward matrices
place_region_1_left_0: Identifying enabled states...
place_region_1_left_0: Splitting up datasets...
place_region_1_left_0: Learning DBNS...
place_region_1_left_0: Building transition dicts for each DBN
place_region_1_left_0: Starting process for DBN 0
place_region_1_left_0: Starting process for DBN 1
place_region_1_left_0: Starting process for DBN 2
place_region_1_left_0: Starting process for DBN 3
place_region_1_left_0: Received dict for DBN 0
place_region_1_left_0: Received dict for DBN 1
place_region_1_left_0: Received dict for DBN 2
place_region_1_left_0: Received dict for DBN 3
place_region_1_left_0: Sampling transitions and computing reward
place_region_1_left_0: Building transition/reward matrices
place_region_1_right_0: Identifying enabled states...
place_region_1_right_0: Splitting up datasets...
place_region_1_right_0: Learning DBNS...
place_region_1_right_0: Building transition dicts for each DBN
place_region_1_right_0: Starting process for DBN 0
place_region_1_right_0: Starting process for DBN 1
place_region_1_right_0: Starting process for DBN 2
place_region_1_right_0: Starting process for DBN 3
place_region_1_right_0: Received dict for DBN 0
place_region_1_right_0: Received dict for DBN 1
place_region_1_right_0: Received dict for DBN 2
place_region_1_right_0: Received dict for DBN 3
place_region_1_right_0: Sampling transitions and computing reward
place_region_1_right_0: Building transition/reward matrices
place_region_1_front_270: Identifying enabled states...
place_region_1_front_270: Splitting up datasets...
place_region_1_front_270: Learning DBNS...
place_region_1_front_270: Building transition dicts for each DBN
place_region_1_front_270: Starting process for DBN 0
place_region_1_front_270: Starting process for DBN 1
place_region_1_front_270: Starting process for DBN 2
place_region_1_front_270: Starting process for DBN 3
place_region_1_front_270: Received dict for DBN 0
place_region_1_front_270: Received dict for DBN 1
place_region_1_front_270: Received dict for DBN 2
place_region_1_front_270: Received dict for DBN 3
place_region_1_front_270: Sampling transitions and computing reward
place_region_1_front_270: Building transition/reward matrices
place_region_2_top_0: Identifying enabled states...
place_region_2_top_0: Splitting up datasets...
place_region_2_top_0: Learning DBNS...
place_region_2_top_0: Building transition dicts for each DBN
place_region_2_top_0: Starting process for DBN 0
place_region_2_top_0: Starting process for DBN 1
place_region_2_top_0: Starting process for DBN 2
place_region_2_top_0: Starting process for DBN 3
place_region_2_top_0: Received dict for DBN 0
place_region_2_top_0: Received dict for DBN 1
place_region_2_top_0: Received dict for DBN 2
place_region_2_top_0: Received dict for DBN 3
place_region_2_top_0: Sampling transitions and computing reward
place_region_2_top_0: Building transition/reward matrices
place_region_2_left_0: Identifying enabled states...
place_region_2_left_0: Splitting up datasets...
place_region_2_left_0: Learning DBNS...
place_region_2_left_0: Building transition dicts for each DBN
place_region_2_left_0: Starting process for DBN 0
place_region_2_left_0: Starting process for DBN 1
place_region_2_left_0: Starting process for DBN 2
place_region_2_left_0: Starting process for DBN 3
place_region_2_left_0: Received dict for DBN 0
place_region_2_left_0: Received dict for DBN 1
place_region_2_left_0: Received dict for DBN 2
place_region_2_left_0: Received dict for DBN 3
place_region_2_left_0: Sampling transitions and computing reward
place_region_2_left_0: Building transition/reward matrices
place_region_2_right_0: Identifying enabled states...
place_region_2_right_0: Splitting up datasets...
place_region_2_right_0: Learning DBNS...
place_region_2_right_0: Building transition dicts for each DBN
place_region_2_right_0: Starting process for DBN 0
place_region_2_right_0: Starting process for DBN 1
place_region_2_right_0: Starting process for DBN 2
place_region_2_right_0: Starting process for DBN 3
place_region_2_right_0: Received dict for DBN 0
place_region_2_right_0: Received dict for DBN 1
place_region_2_right_0: Received dict for DBN 2
place_region_2_right_0: Received dict for DBN 3
place_region_2_right_0: Sampling transitions and computing reward
place_region_2_right_0: Building transition/reward matrices
place_region_2_front_270: Identifying enabled states...
place_region_2_front_270: Splitting up datasets...
place_region_2_front_270: Learning DBNS...
place_region_2_front_270: Building transition dicts for each DBN
place_region_2_front_270: Starting process for DBN 0
place_region_2_front_270: Starting process for DBN 1
place_region_2_front_270: Starting process for DBN 2
place_region_2_front_270: Starting process for DBN 3
place_region_2_front_270: Received dict for DBN 3
place_region_2_front_270: Received dict for DBN 0
place_region_2_front_270: Received dict for DBN 1
place_region_2_front_270: Received dict for DBN 2
place_region_2_front_270: Sampling transitions and computing reward
place_region_2_front_270: Building transition/reward matrices
Building MDP...
Synthesising Policy...
Solving MDP for timestep: 29
Solving MDP for timestep: 28
Solving MDP for timestep: 27
Solving MDP for timestep: 26
Solving MDP for timestep: 25
Solving MDP for timestep: 24
Solving MDP for timestep: 23
Solving MDP for timestep: 22
Solving MDP for timestep: 21
Solving MDP for timestep: 20
Solving MDP for timestep: 19
Solving MDP for timestep: 18
Solving MDP for timestep: 17
Solving MDP for timestep: 16
Solving MDP for timestep: 15
Solving MDP for timestep: 14
Solving MDP for timestep: 13
Solving MDP for timestep: 12
Solving MDP for timestep: 11
Solving MDP for timestep: 10
Solving MDP for timestep: 9
Solving MDP for timestep: 8
Solving MDP for timestep: 7
Solving MDP for timestep: 6
Solving MDP for timestep: 5
Solving MDP for timestep: 4
Solving MDP for timestep: 3
Solving MDP for timestep: 2
Solving MDP for timestep: 1
Solving MDP for timestep: 0
Resetting the scene for new episode
Step 0
policy value 6.451723098754883
State(column0: region_1, column1: region_2, column2: region_0)
pick_column1_top_0
Action: Action(ActionType.PICK, obj=/column1, slot=None,grasp=GraspType.TOP_0)
[EXEC] Picking /column1 with top_0

[INFO] Found 1344 potential configurations.
[INFO] Motion completed successfully with result: success,in execution time: 3.88 seconds
[INFO] Found a reachable configuration for pick action after 1 attempts.
Tip distance after pick: 0.026582062565312793
[INFO] Pick action completed successfully.in execution time: 3.88 seconds
[EXEC] Action ActionType.PICK executed in 24.52 seconds
[SUCCESS] Action ActionType.PICK succeeded for object /column1
Action duration: 3.88
[LOG] Transition logged to MongoDB: f3fb32f7-6c7b-4976-8005-709c6e29f096 - Episode 3
Step 1
policy value 6.451723098754883
State(column0: region_1, column1: held, column2: region_0)
place_goal_0_right_0
Action: Action(ActionType.PLACE, obj=/column1, slot=/goal_0,grasp=GraspType.RIGHT_0)
[EXEC] Placing at [-0.27499999999999986, 0.8250000000000005, 0.5] with grasp right_0

[INFO] Found 2496 potential configurations.
[INFO] Motion completed successfully with result: success,in execution time: 7.12 seconds
[INFO] Found a reachable configuration for place action after 1 attempts.
[INFO] Place action completed successfully.
realigning placed object /column1 to target position
[EXEC] Action ActionType.PLACE executed in 27.70 seconds
[SUCCESS] Action ActionType.PLACE succeeded for object /column1
Action duration: 7.1199999999998
[LOG] Transition logged to MongoDB: f3fb32f7-6c7b-4976-8005-709c6e29f096 - Episode 3
Step 2
policy value 6.42415714263916
State(column0: region_1, column1: goal_0, column2: region_0)
pick_column2_top_0
Action: Action(ActionType.PICK, obj=/column2, slot=None,grasp=GraspType.TOP_0)
[EXEC] Picking /column2 with top_0

[INFO] Found 3072 potential configurations.
[INFO] Motion completed successfully with result: success,in execution time: 3.28 seconds
[INFO] Found a reachable configuration for pick action after 1 attempts.
Tip distance after pick: 0.027740239579400302
[INFO] Pick action completed successfully.in execution time: 3.28 seconds
[EXEC] Action ActionType.PICK executed in 18.77 seconds
[SUCCESS] Action ActionType.PICK succeeded for object /column2
Action duration: 3.2799999999999
[LOG] Transition logged to MongoDB: f3fb32f7-6c7b-4976-8005-709c6e29f096 - Episode 3
Step 3
policy value 6.42415714263916
State(column0: region_1, column1: goal_0, column2: held)
place_goal_2_right_0
Action: Action(ActionType.PLACE, obj=/column2, slot=/goal_2,grasp=GraspType.RIGHT_0)
[EXEC] Placing at [-0.6000000000000001, 0.8250000000000003, 0.5] with grasp right_0

[INFO] Found 2176 potential configurations.
[INFO] Motion completed successfully with result: success,in execution time: 3.72 seconds
[INFO] Found a reachable configuration for place action after 1 attempts.
[INFO] Place action completed successfully.
realigning placed object /column2 to target position
[EXEC] Action ActionType.PLACE executed in 25.35 seconds
[SUCCESS] Action ActionType.PLACE succeeded for object /column2
Action duration: 3.7199999999999
[LOG] Transition logged to MongoDB: f3fb32f7-6c7b-4976-8005-709c6e29f096 - Episode 3
Step 4
policy value 5.6544013023376465
State(column0: region_1, column1: goal_0, column2: goal_2)
pick_column1_front_270
Action: Action(ActionType.PICK, obj=/column1, slot=None,grasp=GraspType.FRONT_270)
[EXEC] Picking /column1 with front_270

[INFO] Found 4800 potential configurations.
[INFO] Motion completed successfully with result: success,in execution time: 3.36 seconds
[INFO] Found a reachable configuration for pick action after 1 attempts.
Tip distance after pick: 0.02167067966093974
[INFO] Pick action completed successfully.in execution time: 3.36 seconds
[EXEC] Action ActionType.PICK executed in 16.83 seconds
[SUCCESS] Action ActionType.PICK succeeded for object /column1
Action duration: 3.3599999999999
[LOG] Transition logged to MongoDB: f3fb32f7-6c7b-4976-8005-709c6e29f096 - Episode 3
Step 5
policy value 5.6544013023376465
State(column0: region_1, column1: held, column2: goal_2)
place_goal_1_right_0
Action: Action(ActionType.PLACE, obj=/column1, slot=/goal_1,grasp=GraspType.RIGHT_0)
[EXEC] Placing at [-0.2749999999999999, 1.0750000000000006, 0.5] with grasp right_0

[INFO] Found 1728 potential configurations.
[WARN] No valid configuration found (all tested configs invalid).
[EXEC] Action ActionType.PLACE executed in 2.34 seconds
[ERROR] Action ActionType.PLACE failed for object /column1
Action duration: 0.001
[LOG] Transition logged to MongoDB: f3fb32f7-6c7b-4976-8005-709c6e29f096 - Episode 3
Action failed, stopping. Time elapsed: 0.001
Step 6
policy value 5.377980709075928
State(column0: region_1, column1: held, column2: goal_2)
place_goal_1_right_0
Action: Action(ActionType.PLACE, obj=/column1, slot=/goal_1,grasp=GraspType.RIGHT_0)
[EXEC] Placing at [-0.2749999999999999, 1.0750000000000006, 0.5] with grasp right_0

[INFO] Found 1664 potential configurations.
[WARN] No valid configuration found (all tested configs invalid).
[EXEC] Action ActionType.PLACE executed in 4.53 seconds
[ERROR] Action ActionType.PLACE failed for object /column1
Action duration: 0.001
[LOG] Transition logged to MongoDB: f3fb32f7-6c7b-4976-8005-709c6e29f096 - Episode 3
Action failed, stopping. Time elapsed: 0.001
Step 7
policy value 5.102069854736328
State(column0: region_1, column1: held, column2: goal_2)
place_goal_1_right_0
Action: Action(ActionType.PLACE, obj=/column1, slot=/goal_1,grasp=GraspType.RIGHT_0)
[EXEC] Placing at [-0.2749999999999999, 1.0750000000000006, 0.5] with grasp right_0

[INFO] Found 1472 potential configurations.
[INFO] Motion completed successfully with result: success,in execution time: 3.96 seconds
[INFO] Found a reachable configuration for place action after 1 attempts.
[INFO] Place action completed successfully.
realigning placed object /column1 to target position
[EXEC] Action ActionType.PLACE executed in 20.30 seconds
[SUCCESS] Action ActionType.PLACE succeeded for object /column1
Action duration: 3.9600000000006
[LOG] Transition logged to MongoDB: f3fb32f7-6c7b-4976-8005-709c6e29f096 - Episode 3
Step 8
policy value 4.551414966583252
State(column0: region_1, column1: goal_1, column2: goal_2)
pick_column1_top_0
Action: Action(ActionType.PICK, obj=/column1, slot=None,grasp=GraspType.TOP_0)
[EXEC] Picking /column1 with top_0

[INFO] Found 1472 potential configurations.
[INFO] Motion completed successfully with result: success,in execution time: 3.36 seconds
[INFO] Found a reachable configuration for pick action after 1 attempts.
Tip distance after pick: 0.02601676628948176
[INFO] Pick action completed successfully.in execution time: 3.36 seconds
[EXEC] Action ActionType.PICK executed in 22.61 seconds
[SUCCESS] Action ActionType.PICK succeeded for object /column1
Action duration: 3.3600000000005
[LOG] Transition logged to MongoDB: f3fb32f7-6c7b-4976-8005-709c6e29f096 - Episode 3
Step 9
policy value 4.551414966583252
State(column0: region_1, column1: held, column2: goal_2)
place_goal_1_right_0
Action: Action(ActionType.PLACE, obj=/column1, slot=/goal_1,grasp=GraspType.RIGHT_0)
[EXEC] Placing at [-0.2749999999999999, 1.0750000000000006, 0.5] with grasp right_0

[INFO] Found 1664 potential configurations.
[INFO] Motion completed successfully with result: success,in execution time: 3.36 seconds
[INFO] Found a reachable configuration for place action after 1 attempts.
[INFO] Place action completed successfully.
realigning placed object /column1 to target position
[EXEC] Action ActionType.PLACE executed in 20.63 seconds
[SUCCESS] Action ActionType.PLACE succeeded for object /column1
Action duration: 3.3600000000005
[LOG] Transition logged to MongoDB: f3fb32f7-6c7b-4976-8005-709c6e29f096 - Episode 3
Step 10
policy value 4.003050327301025
State(column0: region_1, column1: goal_1, column2: goal_2)
pick_column1_top_0
Action: Action(ActionType.PICK, obj=/column1, slot=None,grasp=GraspType.TOP_0)
[EXEC] Picking /column1 with top_0

[INFO] Found 704 potential configurations.
[INFO] Motion completed successfully with result: success,in execution time: 3.36 seconds
[INFO] Found a reachable configuration for pick action after 1 attempts.
Tip distance after pick: 0.026988573907374008
[INFO] Pick action completed successfully.in execution time: 3.36 seconds
[EXEC] Action ActionType.PICK executed in 29.04 seconds
[SUCCESS] Action ActionType.PICK succeeded for object /column1
Action duration: 3.3600000000005
[LOG] Transition logged to MongoDB: f3fb32f7-6c7b-4976-8005-709c6e29f096 - Episode 3
Step 11
policy value 4.003050327301025
State(column0: region_1, column1: held, column2: goal_2)
place_goal_1_right_0
Action: Action(ActionType.PLACE, obj=/column1, slot=/goal_1,grasp=GraspType.RIGHT_0)
[EXEC] Placing at [-0.2749999999999999, 1.0750000000000006, 0.5] with grasp right_0

[INFO] Found 832 potential configurations.
[INFO] Motion completed successfully with result: success,in execution time: 3.36 seconds
[INFO] Found a reachable configuration for place action after 1 attempts.
[INFO] Place action completed successfully.
realigning placed object /column1 to target position
[EXEC] Action ActionType.PLACE executed in 24.44 seconds
[SUCCESS] Action ActionType.PLACE succeeded for object /column1
Action duration: 3.3600000000005
[LOG] Transition logged to MongoDB: f3fb32f7-6c7b-4976-8005-709c6e29f096 - Episode 3
Step 12
policy value 3.4638302326202393
State(column0: region_1, column1: goal_1, column2: goal_2)
pick_column1_top_0
Action: Action(ActionType.PICK, obj=/column1, slot=None,grasp=GraspType.TOP_0)
[EXEC] Picking /column1 with top_0

[INFO] Found 1344 potential configurations.
[INFO] Motion completed successfully with result: success,in execution time: 3.36 seconds
[INFO] Found a reachable configuration for pick action after 1 attempts.
Tip distance after pick: 0.026579018557793932
[INFO] Pick action completed successfully.in execution time: 3.36 seconds
[EXEC] Action ActionType.PICK executed in 19.28 seconds
[SUCCESS] Action ActionType.PICK succeeded for object /column1
Action duration: 3.36
[LOG] Transition logged to MongoDB: f3fb32f7-6c7b-4976-8005-709c6e29f096 - Episode 3
Step 13
policy value 3.4638302326202393
State(column0: region_1, column1: held, column2: goal_2)
place_goal_0_front_270
Action: Action(ActionType.PLACE, obj=/column1, slot=/goal_0,grasp=GraspType.FRONT_270)
[EXEC] Placing at [-0.27499999999999986, 0.8250000000000005, 0.5] with grasp front_270

[INFO] Found 2432 potential configurations.
[INFO] Motion completed successfully with result: success,in execution time: 4.24 seconds
[INFO] Found a reachable configuration for place action after 1 attempts.
[INFO] Place action completed successfully.
realigning placed object /column1 to target position
[EXEC] Action ActionType.PLACE executed in 21.17 seconds
[SUCCESS] Action ActionType.PLACE succeeded for object /column1
Action duration: 4.2399999999992
[LOG] Transition logged to MongoDB: f3fb32f7-6c7b-4976-8005-709c6e29f096 - Episode 3
Step 14
policy value 3.418719530105591
State(column0: region_1, column1: goal_0, column2: goal_2)
pick_column2_right_0
Action: Action(ActionType.PICK, obj=/column2, slot=None,grasp=GraspType.RIGHT_0)
[EXEC] Picking /column2 with right_0

[INFO] Found 1728 potential configurations.
[WARN] No valid configuration found (all tested configs invalid).
[EXEC] Action ActionType.PICK executed in 2.31 seconds
[ERROR] Action ActionType.PICK failed for object /column2
Action duration: 0.001
[LOG] Transition logged to MongoDB: f3fb32f7-6c7b-4976-8005-709c6e29f096 - Episode 3
Action failed, stopping. Time elapsed: 0.001
Step 15
policy value 3.198892116546631
State(column0: region_1, column1: goal_0, column2: goal_2)
pick_column2_right_0
Action: Action(ActionType.PICK, obj=/column2, slot=None,grasp=GraspType.RIGHT_0)
[EXEC] Picking /column2 with right_0

[INFO] Found 1856 potential configurations.
[WARN] No valid configuration found (all tested configs invalid).
[EXEC] Action ActionType.PICK executed in 2.48 seconds
[ERROR] Action ActionType.PICK failed for object /column2
Action duration: 0.001
[LOG] Transition logged to MongoDB: f3fb32f7-6c7b-4976-8005-709c6e29f096 - Episode 3
Action failed, stopping. Time elapsed: 0.001
Step 16
policy value 2.979024648666382
State(column0: region_1, column1: goal_0, column2: goal_2)
pick_column2_right_0
Action: Action(ActionType.PICK, obj=/column2, slot=None,grasp=GraspType.RIGHT_0)
[EXEC] Picking /column2 with right_0

[INFO] Found 1984 potential configurations.
[WARN] No valid configuration found (all tested configs invalid).
[EXEC] Action ActionType.PICK executed in 2.33 seconds
[ERROR] Action ActionType.PICK failed for object /column2
Action duration: 0.001
[LOG] Transition logged to MongoDB: f3fb32f7-6c7b-4976-8005-709c6e29f096 - Episode 3
Action failed, stopping. Time elapsed: 0.001
Step 17
policy value 2.759089231491089
State(column0: region_1, column1: goal_0, column2: goal_2)
pick_column2_right_0
Action: Action(ActionType.PICK, obj=/column2, slot=None,grasp=GraspType.RIGHT_0)
[EXEC] Picking /column2 with right_0

[INFO] Found 1280 potential configurations.
[WARN] No valid configuration found (all tested configs invalid).
[EXEC] Action ActionType.PICK executed in 2.14 seconds
[ERROR] Action ActionType.PICK failed for object /column2
Action duration: 0.001
[LOG] Transition logged to MongoDB: f3fb32f7-6c7b-4976-8005-709c6e29f096 - Episode 3
Action failed, stopping. Time elapsed: 0.001
Step 18
policy value 2.539095640182495
State(column0: region_1, column1: goal_0, column2: goal_2)
pick_column2_right_0
Action: Action(ActionType.PICK, obj=/column2, slot=None,grasp=GraspType.RIGHT_0)
[EXEC] Picking /column2 with right_0

[INFO] Found 1664 potential configurations.
[WARN] No valid configuration found (all tested configs invalid).
[EXEC] Action ActionType.PICK executed in 2.49 seconds
[ERROR] Action ActionType.PICK failed for object /column2
Action duration: 0.001
[LOG] Transition logged to MongoDB: f3fb32f7-6c7b-4976-8005-709c6e29f096 - Episode 3
Action failed, stopping. Time elapsed: 0.001
Step 19
policy value 2.318955183029175
State(column0: region_1, column1: goal_0, column2: goal_2)
pick_column2_right_0
Action: Action(ActionType.PICK, obj=/column2, slot=None,grasp=GraspType.RIGHT_0)
[EXEC] Picking /column2 with right_0

[INFO] Found 1600 potential configurations.
[WARN] No valid configuration found (all tested configs invalid).
[EXEC] Action ActionType.PICK executed in 2.84 seconds
[ERROR] Action ActionType.PICK failed for object /column2
Action duration: 0.001
[LOG] Transition logged to MongoDB: f3fb32f7-6c7b-4976-8005-709c6e29f096 - Episode 3
Action failed, stopping. Time elapsed: 0.001
Too many failures, resetting episode
Episode 11 ended
Revising policy
USING STORM: False
Reading data from MongoDB...
Total option moiton param combinations 36
Collected combinations 36
Building state to idx mapping...
Building option ensembles...
pick_column0_top_0: Identifying enabled states...
pick_column0_top_0: Splitting up datasets...
pick_column0_top_0: Learning DBNS...
pick_column0_top_0: Building transition dicts for each DBN
pick_column0_top_0: Starting process for DBN 0
pick_column0_top_0: Starting process for DBN 1
pick_column0_top_0: Starting process for DBN 2
pick_column0_top_0: Starting process for DBN 3
pick_column0_top_0: Received dict for DBN 0
pick_column0_top_0: Received dict for DBN 1
pick_column0_top_0: Received dict for DBN 2
pick_column0_top_0: Received dict for DBN 3
pick_column0_top_0: Sampling transitions and computing reward
pick_column0_top_0: Building transition/reward matrices
pick_column0_left_0: Identifying enabled states...
pick_column0_left_0: Splitting up datasets...
pick_column0_left_0: Learning DBNS...
pick_column0_left_0: Building transition dicts for each DBN
pick_column0_left_0: Starting process for DBN 0
pick_column0_left_0: Starting process for DBN 1
pick_column0_left_0: Starting process for DBN 2
pick_column0_left_0: Starting process for DBN 3
pick_column0_left_0: Received dict for DBN 0
pick_column0_left_0: Received dict for DBN 1
pick_column0_left_0: Received dict for DBN 2
pick_column0_left_0: Received dict for DBN 3
pick_column0_left_0: Sampling transitions and computing reward
pick_column0_left_0: Building transition/reward matrices
pick_column0_right_0: Identifying enabled states...
pick_column0_right_0: Splitting up datasets...
pick_column0_right_0: Learning DBNS...
pick_column0_right_0: Building transition dicts for each DBN
pick_column0_right_0: Starting process for DBN 0
pick_column0_right_0: Starting process for DBN 1
pick_column0_right_0: Starting process for DBN 2
pick_column0_right_0: Starting process for DBN 3
pick_column0_right_0: Received dict for DBN 0
pick_column0_right_0: Received dict for DBN 1
pick_column0_right_0: Received dict for DBN 2
pick_column0_right_0: Received dict for DBN 3
pick_column0_right_0: Sampling transitions and computing reward
pick_column0_right_0: Building transition/reward matrices
pick_column0_front_270: Identifying enabled states...
pick_column0_front_270: Splitting up datasets...
pick_column0_front_270: Learning DBNS...
pick_column0_front_270: Building transition dicts for each DBN
pick_column0_front_270: Starting process for DBN 0
pick_column0_front_270: Starting process for DBN 1
pick_column0_front_270: Starting process for DBN 2
pick_column0_front_270: Starting process for DBN 3
pick_column0_front_270: Received dict for DBN 0
pick_column0_front_270: Received dict for DBN 1
pick_column0_front_270: Received dict for DBN 2
pick_column0_front_270: Received dict for DBN 3
pick_column0_front_270: Sampling transitions and computing reward
pick_column0_front_270: Building transition/reward matrices
pick_column1_top_0: Identifying enabled states...
pick_column1_top_0: Splitting up datasets...
pick_column1_top_0: Learning DBNS...
pick_column1_top_0: Building transition dicts for each DBN
pick_column1_top_0: Starting process for DBN 0
pick_column1_top_0: Starting process for DBN 1
pick_column1_top_0: Starting process for DBN 2
pick_column1_top_0: Starting process for DBN 3
pick_column1_top_0: Received dict for DBN 0
pick_column1_top_0: Received dict for DBN 1
pick_column1_top_0: Received dict for DBN 2
pick_column1_top_0: Received dict for DBN 3
pick_column1_top_0: Sampling transitions and computing reward
pick_column1_top_0: Building transition/reward matrices
pick_column1_left_0: Identifying enabled states...
pick_column1_left_0: Splitting up datasets...
pick_column1_left_0: Learning DBNS...
pick_column1_left_0: Building transition dicts for each DBN
pick_column1_left_0: Starting process for DBN 0
pick_column1_left_0: Starting process for DBN 1
pick_column1_left_0: Starting process for DBN 2
pick_column1_left_0: Starting process for DBN 3
pick_column1_left_0: Received dict for DBN 0
pick_column1_left_0: Received dict for DBN 1
pick_column1_left_0: Received dict for DBN 2
pick_column1_left_0: Received dict for DBN 3
pick_column1_left_0: Sampling transitions and computing reward
pick_column1_left_0: Building transition/reward matrices
pick_column1_right_0: Identifying enabled states...
pick_column1_right_0: Splitting up datasets...
pick_column1_right_0: Learning DBNS...
pick_column1_right_0: Building transition dicts for each DBN
pick_column1_right_0: Starting process for DBN 0
pick_column1_right_0: Starting process for DBN 1
pick_column1_right_0: Starting process for DBN 2
pick_column1_right_0: Starting process for DBN 3
pick_column1_right_0: Received dict for DBN 0
pick_column1_right_0: Received dict for DBN 1
pick_column1_right_0: Received dict for DBN 2
pick_column1_right_0: Received dict for DBN 3
pick_column1_right_0: Sampling transitions and computing reward
pick_column1_right_0: Building transition/reward matrices
pick_column1_front_270: Identifying enabled states...
pick_column1_front_270: Splitting up datasets...
pick_column1_front_270: Learning DBNS...
pick_column1_front_270: Building transition dicts for each DBN
pick_column1_front_270: Starting process for DBN 0
pick_column1_front_270: Starting process for DBN 1
pick_column1_front_270: Starting process for DBN 2
pick_column1_front_270: Starting process for DBN 3
pick_column1_front_270: Received dict for DBN 0
pick_column1_front_270: Received dict for DBN 1
pick_column1_front_270: Received dict for DBN 3
pick_column1_front_270: Received dict for DBN 2
pick_column1_front_270: Sampling transitions and computing reward
pick_column1_front_270: Building transition/reward matrices
pick_column2_top_0: Identifying enabled states...
pick_column2_top_0: Splitting up datasets...
pick_column2_top_0: Learning DBNS...
pick_column2_top_0: Building transition dicts for each DBN
pick_column2_top_0: Starting process for DBN 0
pick_column2_top_0: Starting process for DBN 1
pick_column2_top_0: Starting process for DBN 2
pick_column2_top_0: Starting process for DBN 3
pick_column2_top_0: Received dict for DBN 0
pick_column2_top_0: Received dict for DBN 1
pick_column2_top_0: Received dict for DBN 2
pick_column2_top_0: Received dict for DBN 3
pick_column2_top_0: Sampling transitions and computing reward
pick_column2_top_0: Building transition/reward matrices
pick_column2_left_0: Identifying enabled states...
pick_column2_left_0: Splitting up datasets...
pick_column2_left_0: Learning DBNS...
pick_column2_left_0: Building transition dicts for each DBN
pick_column2_left_0: Starting process for DBN 0
pick_column2_left_0: Starting process for DBN 1
pick_column2_left_0: Starting process for DBN 2
pick_column2_left_0: Starting process for DBN 3
pick_column2_left_0: Received dict for DBN 0
pick_column2_left_0: Received dict for DBN 1
pick_column2_left_0: Received dict for DBN 2
pick_column2_left_0: Received dict for DBN 3
pick_column2_left_0: Sampling transitions and computing reward
pick_column2_left_0: Building transition/reward matrices
pick_column2_right_0: Identifying enabled states...
pick_column2_right_0: Splitting up datasets...
pick_column2_right_0: Learning DBNS...
pick_column2_right_0: Building transition dicts for each DBN
pick_column2_right_0: Starting process for DBN 0
pick_column2_right_0: Starting process for DBN 1
pick_column2_right_0: Starting process for DBN 2
pick_column2_right_0: Starting process for DBN 3
pick_column2_right_0: Received dict for DBN 0
pick_column2_right_0: Received dict for DBN 1
pick_column2_right_0: Received dict for DBN 3
pick_column2_right_0: Received dict for DBN 2
pick_column2_right_0: Sampling transitions and computing reward
pick_column2_right_0: Building transition/reward matrices
pick_column2_front_270: Identifying enabled states...
pick_column2_front_270: Splitting up datasets...
pick_column2_front_270: Learning DBNS...
pick_column2_front_270: Building transition dicts for each DBN
pick_column2_front_270: Starting process for DBN 0
pick_column2_front_270: Starting process for DBN 1
pick_column2_front_270: Starting process for DBN 2
pick_column2_front_270: Starting process for DBN 3
pick_column2_front_270: Received dict for DBN 0
pick_column2_front_270: Received dict for DBN 1
pick_column2_front_270: Received dict for DBN 2
pick_column2_front_270: Received dict for DBN 3
pick_column2_front_270: Sampling transitions and computing reward
pick_column2_front_270: Building transition/reward matrices
place_goal_0_top_0: Identifying enabled states...
place_goal_0_top_0: Splitting up datasets...
place_goal_0_top_0: Learning DBNS...
place_goal_0_top_0: Building transition dicts for each DBN
place_goal_0_top_0: Starting process for DBN 0
place_goal_0_top_0: Starting process for DBN 1
place_goal_0_top_0: Starting process for DBN 2
place_goal_0_top_0: Starting process for DBN 3
place_goal_0_top_0: Received dict for DBN 1
place_goal_0_top_0: Received dict for DBN 0
place_goal_0_top_0: Received dict for DBN 2
place_goal_0_top_0: Received dict for DBN 3
place_goal_0_top_0: Sampling transitions and computing reward
place_goal_0_top_0: Building transition/reward matrices
place_goal_0_left_0: Identifying enabled states...
place_goal_0_left_0: Splitting up datasets...
place_goal_0_left_0: Learning DBNS...
place_goal_0_left_0: Building transition dicts for each DBN
place_goal_0_left_0: Starting process for DBN 0
place_goal_0_left_0: Starting process for DBN 1
place_goal_0_left_0: Starting process for DBN 2
place_goal_0_left_0: Starting process for DBN 3
place_goal_0_left_0: Received dict for DBN 0
place_goal_0_left_0: Received dict for DBN 1
place_goal_0_left_0: Received dict for DBN 2
place_goal_0_left_0: Received dict for DBN 3
place_goal_0_left_0: Sampling transitions and computing reward
place_goal_0_left_0: Building transition/reward matrices
place_goal_0_right_0: Identifying enabled states...
place_goal_0_right_0: Splitting up datasets...
place_goal_0_right_0: Learning DBNS...
place_goal_0_right_0: Building transition dicts for each DBN
place_goal_0_right_0: Starting process for DBN 0
place_goal_0_right_0: Starting process for DBN 1
place_goal_0_right_0: Starting process for DBN 2
place_goal_0_right_0: Starting process for DBN 3
place_goal_0_right_0: Received dict for DBN 0
place_goal_0_right_0: Received dict for DBN 2
place_goal_0_right_0: Received dict for DBN 1
place_goal_0_right_0: Received dict for DBN 3
place_goal_0_right_0: Sampling transitions and computing reward
place_goal_0_right_0: Building transition/reward matrices
place_goal_0_front_270: Identifying enabled states...
place_goal_0_front_270: Splitting up datasets...
place_goal_0_front_270: Learning DBNS...
place_goal_0_front_270: Building transition dicts for each DBN
place_goal_0_front_270: Starting process for DBN 0
place_goal_0_front_270: Starting process for DBN 1
place_goal_0_front_270: Starting process for DBN 2
place_goal_0_front_270: Starting process for DBN 3
place_goal_0_front_270: Received dict for DBN 1
place_goal_0_front_270: Received dict for DBN 3
place_goal_0_front_270: Received dict for DBN 2
place_goal_0_front_270: Received dict for DBN 0
place_goal_0_front_270: Sampling transitions and computing reward
place_goal_0_front_270: Building transition/reward matrices
place_goal_1_top_0: Identifying enabled states...
place_goal_1_top_0: Splitting up datasets...
place_goal_1_top_0: Learning DBNS...
place_goal_1_top_0: Building transition dicts for each DBN
place_goal_1_top_0: Starting process for DBN 0
place_goal_1_top_0: Starting process for DBN 1
place_goal_1_top_0: Starting process for DBN 2
place_goal_1_top_0: Starting process for DBN 3
place_goal_1_top_0: Received dict for DBN 0
place_goal_1_top_0: Received dict for DBN 1
place_goal_1_top_0: Received dict for DBN 3
place_goal_1_top_0: Received dict for DBN 2
place_goal_1_top_0: Sampling transitions and computing reward
place_goal_1_top_0: Building transition/reward matrices
place_goal_1_left_0: Identifying enabled states...
place_goal_1_left_0: Splitting up datasets...
place_goal_1_left_0: Learning DBNS...
place_goal_1_left_0: Building transition dicts for each DBN
place_goal_1_left_0: Starting process for DBN 0
place_goal_1_left_0: Starting process for DBN 1
place_goal_1_left_0: Starting process for DBN 2
place_goal_1_left_0: Starting process for DBN 3
place_goal_1_left_0: Received dict for DBN 0
place_goal_1_left_0: Received dict for DBN 1
place_goal_1_left_0: Received dict for DBN 2
place_goal_1_left_0: Received dict for DBN 3
place_goal_1_left_0: Sampling transitions and computing reward
place_goal_1_left_0: Building transition/reward matrices
place_goal_1_right_0: Identifying enabled states...
place_goal_1_right_0: Splitting up datasets...
place_goal_1_right_0: Learning DBNS...
place_goal_1_right_0: Building transition dicts for each DBN
place_goal_1_right_0: Starting process for DBN 0
place_goal_1_right_0: Starting process for DBN 1
place_goal_1_right_0: Starting process for DBN 2
place_goal_1_right_0: Starting process for DBN 3
place_goal_1_right_0: Received dict for DBN 3
place_goal_1_right_0: Received dict for DBN 0
place_goal_1_right_0: Received dict for DBN 1
place_goal_1_right_0: Received dict for DBN 2
place_goal_1_right_0: Sampling transitions and computing reward
place_goal_1_right_0: Building transition/reward matrices
place_goal_1_front_270: Identifying enabled states...
place_goal_1_front_270: Splitting up datasets...
place_goal_1_front_270: Learning DBNS...
place_goal_1_front_270: Building transition dicts for each DBN
place_goal_1_front_270: Starting process for DBN 0
place_goal_1_front_270: Starting process for DBN 1
place_goal_1_front_270: Starting process for DBN 2
place_goal_1_front_270: Starting process for DBN 3
place_goal_1_front_270: Received dict for DBN 2
place_goal_1_front_270: Received dict for DBN 3
place_goal_1_front_270: Received dict for DBN 1
place_goal_1_front_270: Received dict for DBN 0
place_goal_1_front_270: Sampling transitions and computing reward
place_goal_1_front_270: Building transition/reward matrices
place_goal_2_top_0: Identifying enabled states...
place_goal_2_top_0: Splitting up datasets...
place_goal_2_top_0: Learning DBNS...
place_goal_2_top_0: Building transition dicts for each DBN
place_goal_2_top_0: Starting process for DBN 0
place_goal_2_top_0: Starting process for DBN 1
place_goal_2_top_0: Starting process for DBN 2
place_goal_2_top_0: Starting process for DBN 3
place_goal_2_top_0: Received dict for DBN 0
place_goal_2_top_0: Received dict for DBN 1
place_goal_2_top_0: Received dict for DBN 2
place_goal_2_top_0: Received dict for DBN 3
place_goal_2_top_0: Sampling transitions and computing reward
place_goal_2_top_0: Building transition/reward matrices
place_goal_2_left_0: Identifying enabled states...
place_goal_2_left_0: Splitting up datasets...
place_goal_2_left_0: Learning DBNS...
place_goal_2_left_0: Building transition dicts for each DBN
place_goal_2_left_0: Starting process for DBN 0
place_goal_2_left_0: Starting process for DBN 1
place_goal_2_left_0: Starting process for DBN 2
place_goal_2_left_0: Starting process for DBN 3
place_goal_2_left_0: Received dict for DBN 0
place_goal_2_left_0: Received dict for DBN 1
place_goal_2_left_0: Received dict for DBN 2
place_goal_2_left_0: Received dict for DBN 3
place_goal_2_left_0: Sampling transitions and computing reward
place_goal_2_left_0: Building transition/reward matrices
place_goal_2_right_0: Identifying enabled states...
place_goal_2_right_0: Splitting up datasets...
place_goal_2_right_0: Learning DBNS...
place_goal_2_right_0: Building transition dicts for each DBN
place_goal_2_right_0: Starting process for DBN 0
place_goal_2_right_0: Starting process for DBN 1
place_goal_2_right_0: Starting process for DBN 2
place_goal_2_right_0: Starting process for DBN 3
place_goal_2_right_0: Received dict for DBN 2
place_goal_2_right_0: Received dict for DBN 0
place_goal_2_right_0: Received dict for DBN 1
place_goal_2_right_0: Received dict for DBN 3
place_goal_2_right_0: Sampling transitions and computing reward
place_goal_2_right_0: Building transition/reward matrices
place_goal_2_front_270: Identifying enabled states...
place_goal_2_front_270: Splitting up datasets...
place_goal_2_front_270: Learning DBNS...
place_goal_2_front_270: Building transition dicts for each DBN
place_goal_2_front_270: Starting process for DBN 0
place_goal_2_front_270: Starting process for DBN 1
place_goal_2_front_270: Starting process for DBN 2
place_goal_2_front_270: Starting process for DBN 3
place_goal_2_front_270: Received dict for DBN 0
place_goal_2_front_270: Received dict for DBN 1
place_goal_2_front_270: Received dict for DBN 2
place_goal_2_front_270: Received dict for DBN 3
place_goal_2_front_270: Sampling transitions and computing reward
place_goal_2_front_270: Building transition/reward matrices
place_region_0_top_0: Identifying enabled states...
place_region_0_top_0: Splitting up datasets...
place_region_0_top_0: Learning DBNS...
place_region_0_top_0: Building transition dicts for each DBN
place_region_0_top_0: Starting process for DBN 0
place_region_0_top_0: Starting process for DBN 1
place_region_0_top_0: Starting process for DBN 2
place_region_0_top_0: Starting process for DBN 3
place_region_0_top_0: Received dict for DBN 0
place_region_0_top_0: Received dict for DBN 1
place_region_0_top_0: Received dict for DBN 2
place_region_0_top_0: Received dict for DBN 3
place_region_0_top_0: Sampling transitions and computing reward
place_region_0_top_0: Building transition/reward matrices
place_region_0_left_0: Identifying enabled states...
place_region_0_left_0: Splitting up datasets...
place_region_0_left_0: Learning DBNS...
place_region_0_left_0: Building transition dicts for each DBN
place_region_0_left_0: Starting process for DBN 0
place_region_0_left_0: Starting process for DBN 1
place_region_0_left_0: Starting process for DBN 2
place_region_0_left_0: Starting process for DBN 3
place_region_0_left_0: Received dict for DBN 0
place_region_0_left_0: Received dict for DBN 1
place_region_0_left_0: Received dict for DBN 2
place_region_0_left_0: Received dict for DBN 3
place_region_0_left_0: Sampling transitions and computing reward
place_region_0_left_0: Building transition/reward matrices
place_region_0_right_0: Identifying enabled states...
place_region_0_right_0: Splitting up datasets...
place_region_0_right_0: Learning DBNS...
place_region_0_right_0: Building transition dicts for each DBN
place_region_0_right_0: Starting process for DBN 0
place_region_0_right_0: Starting process for DBN 1
place_region_0_right_0: Starting process for DBN 2
place_region_0_right_0: Starting process for DBN 3
place_region_0_right_0: Received dict for DBN 0
place_region_0_right_0: Received dict for DBN 1
place_region_0_right_0: Received dict for DBN 2
place_region_0_right_0: Received dict for DBN 3
place_region_0_right_0: Sampling transitions and computing reward
place_region_0_right_0: Building transition/reward matrices
place_region_0_front_270: Identifying enabled states...
place_region_0_front_270: Splitting up datasets...
place_region_0_front_270: Learning DBNS...
place_region_0_front_270: Building transition dicts for each DBN
place_region_0_front_270: Starting process for DBN 0
place_region_0_front_270: Starting process for DBN 1
place_region_0_front_270: Starting process for DBN 2
place_region_0_front_270: Starting process for DBN 3
place_region_0_front_270: Received dict for DBN 1
place_region_0_front_270: Received dict for DBN 0
place_region_0_front_270: Received dict for DBN 2
place_region_0_front_270: Received dict for DBN 3
place_region_0_front_270: Sampling transitions and computing reward
place_region_0_front_270: Building transition/reward matrices
place_region_1_top_0: Identifying enabled states...
place_region_1_top_0: Splitting up datasets...
place_region_1_top_0: Learning DBNS...
place_region_1_top_0: Building transition dicts for each DBN
place_region_1_top_0: Starting process for DBN 0
place_region_1_top_0: Starting process for DBN 1
place_region_1_top_0: Starting process for DBN 2
place_region_1_top_0: Starting process for DBN 3
place_region_1_top_0: Received dict for DBN 0
place_region_1_top_0: Received dict for DBN 1
place_region_1_top_0: Received dict for DBN 2
place_region_1_top_0: Received dict for DBN 3
place_region_1_top_0: Sampling transitions and computing reward
place_region_1_top_0: Building transition/reward matrices
place_region_1_left_0: Identifying enabled states...
place_region_1_left_0: Splitting up datasets...
place_region_1_left_0: Learning DBNS...
place_region_1_left_0: Building transition dicts for each DBN
place_region_1_left_0: Starting process for DBN 0
place_region_1_left_0: Starting process for DBN 1
place_region_1_left_0: Starting process for DBN 2
place_region_1_left_0: Starting process for DBN 3
place_region_1_left_0: Received dict for DBN 0
place_region_1_left_0: Received dict for DBN 1
place_region_1_left_0: Received dict for DBN 2
place_region_1_left_0: Received dict for DBN 3
place_region_1_left_0: Sampling transitions and computing reward
place_region_1_left_0: Building transition/reward matrices
place_region_1_right_0: Identifying enabled states...
place_region_1_right_0: Splitting up datasets...
place_region_1_right_0: Learning DBNS...
place_region_1_right_0: Building transition dicts for each DBN
place_region_1_right_0: Starting process for DBN 0
place_region_1_right_0: Starting process for DBN 1
place_region_1_right_0: Starting process for DBN 2
place_region_1_right_0: Starting process for DBN 3
place_region_1_right_0: Received dict for DBN 0
place_region_1_right_0: Received dict for DBN 1
place_region_1_right_0: Received dict for DBN 2
place_region_1_right_0: Received dict for DBN 3
place_region_1_right_0: Sampling transitions and computing reward
place_region_1_right_0: Building transition/reward matrices
place_region_1_front_270: Identifying enabled states...
place_region_1_front_270: Splitting up datasets...
place_region_1_front_270: Learning DBNS...
place_region_1_front_270: Building transition dicts for each DBN
place_region_1_front_270: Starting process for DBN 0
place_region_1_front_270: Starting process for DBN 1
place_region_1_front_270: Starting process for DBN 2
place_region_1_front_270: Starting process for DBN 3
place_region_1_front_270: Received dict for DBN 0
place_region_1_front_270: Received dict for DBN 1
place_region_1_front_270: Received dict for DBN 2
place_region_1_front_270: Received dict for DBN 3
place_region_1_front_270: Sampling transitions and computing reward
place_region_1_front_270: Building transition/reward matrices
place_region_2_top_0: Identifying enabled states...
place_region_2_top_0: Splitting up datasets...
place_region_2_top_0: Learning DBNS...
place_region_2_top_0: Building transition dicts for each DBN
place_region_2_top_0: Starting process for DBN 0
place_region_2_top_0: Starting process for DBN 1
place_region_2_top_0: Starting process for DBN 2
place_region_2_top_0: Starting process for DBN 3
place_region_2_top_0: Received dict for DBN 0
place_region_2_top_0: Received dict for DBN 1
place_region_2_top_0: Received dict for DBN 2
place_region_2_top_0: Received dict for DBN 3
place_region_2_top_0: Sampling transitions and computing reward
place_region_2_top_0: Building transition/reward matrices
place_region_2_left_0: Identifying enabled states...
place_region_2_left_0: Splitting up datasets...
place_region_2_left_0: Learning DBNS...
place_region_2_left_0: Building transition dicts for each DBN
place_region_2_left_0: Starting process for DBN 0
place_region_2_left_0: Starting process for DBN 1
place_region_2_left_0: Starting process for DBN 2
place_region_2_left_0: Starting process for DBN 3
place_region_2_left_0: Received dict for DBN 2
place_region_2_left_0: Received dict for DBN 0
place_region_2_left_0: Received dict for DBN 1
place_region_2_left_0: Received dict for DBN 3
place_region_2_left_0: Sampling transitions and computing reward
place_region_2_left_0: Building transition/reward matrices
place_region_2_right_0: Identifying enabled states...
place_region_2_right_0: Splitting up datasets...
place_region_2_right_0: Learning DBNS...
place_region_2_right_0: Building transition dicts for each DBN
place_region_2_right_0: Starting process for DBN 0
place_region_2_right_0: Starting process for DBN 1
place_region_2_right_0: Starting process for DBN 2
place_region_2_right_0: Starting process for DBN 3
place_region_2_right_0: Received dict for DBN 0
place_region_2_right_0: Received dict for DBN 1
place_region_2_right_0: Received dict for DBN 2
place_region_2_right_0: Received dict for DBN 3
place_region_2_right_0: Sampling transitions and computing reward
place_region_2_right_0: Building transition/reward matrices
place_region_2_front_270: Identifying enabled states...
place_region_2_front_270: Splitting up datasets...
place_region_2_front_270: Learning DBNS...
place_region_2_front_270: Building transition dicts for each DBN
place_region_2_front_270: Starting process for DBN 0
place_region_2_front_270: Starting process for DBN 1
place_region_2_front_270: Starting process for DBN 2
place_region_2_front_270: Starting process for DBN 3
place_region_2_front_270: Received dict for DBN 0
place_region_2_front_270: Received dict for DBN 1
place_region_2_front_270: Received dict for DBN 2
place_region_2_front_270: Received dict for DBN 3
place_region_2_front_270: Sampling transitions and computing reward
place_region_2_front_270: Building transition/reward matrices
Building MDP...
Synthesising Policy...
Solving MDP for timestep: 29
Solving MDP for timestep: 28
Solving MDP for timestep: 27
Solving MDP for timestep: 26
Solving MDP for timestep: 25
Solving MDP for timestep: 24
Solving MDP for timestep: 23
Solving MDP for timestep: 22
Solving MDP for timestep: 21
Solving MDP for timestep: 20
Solving MDP for timestep: 19
Solving MDP for timestep: 18
Solving MDP for timestep: 17
Solving MDP for timestep: 16
Solving MDP for timestep: 15
Solving MDP for timestep: 14
Solving MDP for timestep: 13
Solving MDP for timestep: 12
Solving MDP for timestep: 11
Solving MDP for timestep: 10
Solving MDP for timestep: 9
Solving MDP for timestep: 8
Solving MDP for timestep: 7
Solving MDP for timestep: 6
Solving MDP for timestep: 5
Solving MDP for timestep: 4
Solving MDP for timestep: 3
Solving MDP for timestep: 2
Solving MDP for timestep: 1
Solving MDP for timestep: 0
Resetting the scene for new episode
Step 0
policy value 1.3545440435409546
State(column0: region_2, column1: region_1, column2: region_0)
pick_column2_top_0
Action: Action(ActionType.PICK, obj=/column2, slot=None,grasp=GraspType.TOP_0)
[EXEC] Picking /column2 with top_0

[INFO] Found 4160 potential configurations.
[INFO] Motion completed successfully with result: success,in execution time: 3.44 seconds
[INFO] Found a reachable configuration for pick action after 1 attempts.
Tip distance after pick: 0.028841924679458047
[INFO] Pick action completed successfully.in execution time: 3.44 seconds
[EXEC] Action ActionType.PICK executed in 21.83 seconds
[SUCCESS] Action ActionType.PICK succeeded for object /column2
Action duration: 3.44
[LOG] Transition logged to MongoDB: f3fb32f7-6c7b-4976-8005-709c6e29f096 - Episode 3
Step 1
policy value 1.3545440435409546
State(column0: region_2, column1: region_1, column2: held)
place_goal_2_right_0
Action: Action(ActionType.PLACE, obj=/column2, slot=/goal_2,grasp=GraspType.RIGHT_0)
[EXEC] Placing at [-0.6000000000000001, 0.8250000000000003, 0.5] with grasp right_0

[INFO] Found 2048 potential configurations.
[INFO] Motion completed successfully with result: success,in execution time: 3.72 seconds
[INFO] Found a reachable configuration for place action after 1 attempts.
[INFO] Place action completed successfully.
realigning placed object /column2 to target position
[EXEC] Action ActionType.PLACE executed in 17.94 seconds
[SUCCESS] Action ActionType.PLACE succeeded for object /column2
Action duration: 3.7199999999999
[LOG] Transition logged to MongoDB: f3fb32f7-6c7b-4976-8005-709c6e29f096 - Episode 3
Step 2
policy value 1.3545440435409546
State(column0: region_2, column1: region_1, column2: goal_2)
pick_column0_top_0
Action: Action(ActionType.PICK, obj=/column0, slot=None,grasp=GraspType.TOP_0)
[EXEC] Picking /column0 with top_0

[INFO] Found 1344 potential configurations.
[INFO] Motion completed successfully with result: success,in execution time: 7.04 seconds
[INFO] Found a reachable configuration for pick action after 1 attempts.
Tip distance after pick: 0.026923812410840832
[INFO] Pick action completed successfully.in execution time: 7.04 seconds
[EXEC] Action ActionType.PICK executed in 21.14 seconds
[SUCCESS] Action ActionType.PICK succeeded for object /column0
Action duration: 7.0399999999998
[LOG] Transition logged to MongoDB: f3fb32f7-6c7b-4976-8005-709c6e29f096 - Episode 3
Step 3
policy value 1.3545440435409546
State(column0: held, column1: region_1, column2: goal_2)
place_goal_1_right_0
Action: Action(ActionType.PLACE, obj=/column0, slot=/goal_1,grasp=GraspType.RIGHT_0)
[EXEC] Placing at [-0.2749999999999999, 1.0750000000000006, 0.5] with grasp right_0

[INFO] Found 1088 potential configurations.
[WARN] No valid configuration found (all tested configs invalid).
[EXEC] Action ActionType.PLACE executed in 5.26 seconds
[ERROR] Action ActionType.PLACE failed for object /column0
Action duration: 0.001
[LOG] Transition logged to MongoDB: f3fb32f7-6c7b-4976-8005-709c6e29f096 - Episode 3
Action failed, stopping. Time elapsed: 0.001
Step 4
policy value 1.3061236143112183
State(column0: held, column1: region_1, column2: goal_2)
place_goal_1_right_0
Action: Action(ActionType.PLACE, obj=/column0, slot=/goal_1,grasp=GraspType.RIGHT_0)
[EXEC] Placing at [-0.2749999999999999, 1.0750000000000006, 0.5] with grasp right_0

[INFO] Found 1024 potential configurations.
[INFO] Motion completed successfully with result: success,in execution time: 8.64 seconds
[INFO] Found a reachable configuration for place action after 1 attempts.
[INFO] Place action completed successfully.
realigning placed object /column0 to target position
[EXEC] Action ActionType.PLACE executed in 34.14 seconds
[SUCCESS] Action ActionType.PLACE succeeded for object /column0
Action duration: 8.6399999999998
[LOG] Transition logged to MongoDB: f3fb32f7-6c7b-4976-8005-709c6e29f096 - Episode 3
Step 5
policy value 1.269507646560669
State(column0: goal_1, column1: region_1, column2: goal_2)
pick_column0_right_0
Action: Action(ActionType.PICK, obj=/column0, slot=None,grasp=GraspType.RIGHT_0)
[EXEC] Picking /column0 with right_0

[INFO] Found 1344 potential configurations.
[WARN] No valid configuration found (all tested configs invalid).
[EXEC] Action ActionType.PICK executed in 2.04 seconds
[ERROR] Action ActionType.PICK failed for object /column0
Action duration: 0.001
[LOG] Transition logged to MongoDB: f3fb32f7-6c7b-4976-8005-709c6e29f096 - Episode 3
Action failed, stopping. Time elapsed: 0.001
Step 6
policy value 1.2209230661392212
State(column0: goal_1, column1: region_1, column2: goal_2)
pick_column0_right_0
Action: Action(ActionType.PICK, obj=/column0, slot=None,grasp=GraspType.RIGHT_0)
[EXEC] Picking /column0 with right_0

[INFO] Found 1536 potential configurations.
[INFO] Motion completed successfully with result: success,in execution time: 1.76 seconds
[INFO] Found a reachable configuration for pick action after 1 attempts.
Tip distance after pick: 0.019228791669893597
[INFO] Pick action completed successfully.in execution time: 1.76 seconds
[EXEC] Action ActionType.PICK executed in 27.10 seconds
[SUCCESS] Action ActionType.PICK succeeded for object /column0
Action duration: 1.76
[LOG] Transition logged to MongoDB: f3fb32f7-6c7b-4976-8005-709c6e29f096 - Episode 3
Step 7
policy value 1.160570502281189
State(column0: held, column1: region_1, column2: goal_2)
place_goal_1_right_0
Action: Action(ActionType.PLACE, obj=/column0, slot=/goal_1,grasp=GraspType.RIGHT_0)
[EXEC] Placing at [-0.2749999999999999, 1.0750000000000006, 0.5] with grasp right_0

[INFO] Found 1280 potential configurations.
[INFO] Motion completed successfully with result: success,in execution time: 0.40 seconds
[INFO] Found a reachable configuration for place action after 1 attempts.
[INFO] Place action completed successfully.
realigning placed object /column0 to target position
[EXEC] Action ActionType.PLACE executed in 26.07 seconds
[SUCCESS] Action ActionType.PLACE succeeded for object /column0
Action duration: 0.40000000000006
[LOG] Transition logged to MongoDB: f3fb32f7-6c7b-4976-8005-709c6e29f096 - Episode 3
Step 8
policy value 1.1236035823822021
State(column0: goal_1, column1: region_1, column2: goal_2)
pick_column0_right_0
Action: Action(ActionType.PICK, obj=/column0, slot=None,grasp=GraspType.RIGHT_0)
[EXEC] Picking /column0 with right_0

[INFO] Found 1216 potential configurations.
[INFO] Motion completed successfully with result: success,in execution time: 1.68 seconds
[INFO] Found a reachable configuration for pick action after 1 attempts.
Tip distance after pick: 0.018687611734149775
[INFO] Pick action completed successfully.in execution time: 1.68 seconds
[EXEC] Action ActionType.PICK executed in 15.74 seconds
[SUCCESS] Action ActionType.PICK succeeded for object /column0
Action duration: 1.6800000000003
[LOG] Transition logged to MongoDB: f3fb32f7-6c7b-4976-8005-709c6e29f096 - Episode 3
Step 9
policy value 1.063287615776062
State(column0: held, column1: region_1, column2: goal_2)
place_goal_1_right_0
Action: Action(ActionType.PLACE, obj=/column0, slot=/goal_1,grasp=GraspType.RIGHT_0)
[EXEC] Placing at [-0.2749999999999999, 1.0750000000000006, 0.5] with grasp right_0

[INFO] Found 1728 potential configurations.
[INFO] Motion completed successfully with result: success,in execution time: 0.36 seconds
[INFO] Found a reachable configuration for place action after 1 attempts.
[INFO] Place action completed successfully.
realigning placed object /column0 to target position
[EXEC] Action ActionType.PLACE executed in 18.13 seconds
[SUCCESS] Action ActionType.PLACE succeeded for object /column0
Action duration: 0.36000000000006
[LOG] Transition logged to MongoDB: f3fb32f7-6c7b-4976-8005-709c6e29f096 - Episode 3
Step 10
policy value 1.0260783433914185
State(column0: goal_1, column1: region_1, column2: goal_2)
pick_column0_right_0
Action: Action(ActionType.PICK, obj=/column0, slot=None,grasp=GraspType.RIGHT_0)
[EXEC] Picking /column0 with right_0

[INFO] Found 1344 potential configurations.
[INFO] Motion completed successfully with result: success,in execution time: 1.68 seconds
[INFO] Found a reachable configuration for pick action after 1 attempts.
Tip distance after pick: 0.01952698386287801
[INFO] Pick action completed successfully.in execution time: 1.68 seconds
[EXEC] Action ActionType.PICK executed in 19.46 seconds
[SUCCESS] Action ActionType.PICK succeeded for object /column0
Action duration: 1.6800000000003
[LOG] Transition logged to MongoDB: f3fb32f7-6c7b-4976-8005-709c6e29f096 - Episode 3
Step 11
policy value 0.9658001065254211
State(column0: held, column1: region_1, column2: goal_2)
place_goal_1_right_0
Action: Action(ActionType.PLACE, obj=/column0, slot=/goal_1,grasp=GraspType.RIGHT_0)
[EXEC] Placing at [-0.2749999999999999, 1.0750000000000006, 0.5] with grasp right_0

[INFO] Found 1472 potential configurations.
[INFO] Motion completed successfully with result: success,in execution time: 0.36 seconds
[INFO] Found a reachable configuration for place action after 1 attempts.
[INFO] Place action completed successfully.
realigning placed object /column0 to target position
[EXEC] Action ActionType.PLACE executed in 19.13 seconds
[SUCCESS] Action ActionType.PLACE succeeded for object /column0
Action duration: 0.36000000000006
[LOG] Transition logged to MongoDB: f3fb32f7-6c7b-4976-8005-709c6e29f096 - Episode 3
Step 12
policy value 0.928345799446106
State(column0: goal_1, column1: region_1, column2: goal_2)
pick_column0_right_0
Action: Action(ActionType.PICK, obj=/column0, slot=None,grasp=GraspType.RIGHT_0)
[EXEC] Picking /column0 with right_0

[INFO] Found 1088 potential configurations.
[WARN] No valid configuration found (all tested configs invalid).
[EXEC] Action ActionType.PICK executed in 1.76 seconds
[ERROR] Action ActionType.PICK failed for object /column0
Action duration: 0.001
[LOG] Transition logged to MongoDB: f3fb32f7-6c7b-4976-8005-709c6e29f096 - Episode 3
Action failed, stopping. Time elapsed: 0.001
Step 13
policy value 0.8794094324111938
State(column0: goal_1, column1: region_1, column2: goal_2)
pick_column0_right_0
Action: Action(ActionType.PICK, obj=/column0, slot=None,grasp=GraspType.RIGHT_0)
[EXEC] Picking /column0 with right_0

[INFO] Found 832 potential configurations.
[WARN] No valid configuration found (all tested configs invalid).
[EXEC] Action ActionType.PICK executed in 1.73 seconds
[ERROR] Action ActionType.PICK failed for object /column0
Action duration: 0.001
[LOG] Transition logged to MongoDB: f3fb32f7-6c7b-4976-8005-709c6e29f096 - Episode 3
Action failed, stopping. Time elapsed: 0.001
Step 14
policy value 0.8304347395896912
State(column0: goal_1, column1: region_1, column2: goal_2)
pick_column0_right_0
Action: Action(ActionType.PICK, obj=/column0, slot=None,grasp=GraspType.RIGHT_0)
[EXEC] Picking /column0 with right_0

[INFO] Found 1088 potential configurations.
[INFO] Motion completed successfully with result: success,in execution time: 1.68 seconds
[INFO] Found a reachable configuration for pick action after 1 attempts.
Tip distance after pick: 0.019275754657580007
[INFO] Pick action completed successfully.in execution time: 1.68 seconds
[EXEC] Action ActionType.PICK executed in 27.95 seconds
[SUCCESS] Action ActionType.PICK succeeded for object /column0
Action duration: 1.6800000000003
[LOG] Transition logged to MongoDB: f3fb32f7-6c7b-4976-8005-709c6e29f096 - Episode 3
Step 15
policy value 0.7702213525772095
State(column0: held, column1: region_1, column2: goal_2)
place_goal_1_right_0
Action: Action(ActionType.PLACE, obj=/column0, slot=/goal_1,grasp=GraspType.RIGHT_0)
[EXEC] Placing at [-0.2749999999999999, 1.0750000000000006, 0.5] with grasp right_0

[INFO] Found 1472 potential configurations.
[INFO] Motion completed successfully with result: success,in execution time: 0.40 seconds
[INFO] Found a reachable configuration for place action after 1 attempts.
[INFO] Place action completed successfully.
realigning placed object /column0 to target position
[EXEC] Action ActionType.PLACE executed in 29.90 seconds
[SUCCESS] Action ActionType.PLACE succeeded for object /column0
Action duration: 0.40000000000006
[LOG] Transition logged to MongoDB: f3fb32f7-6c7b-4976-8005-709c6e29f096 - Episode 3
Step 16
policy value 0.732340395450592
State(column0: goal_1, column1: region_1, column2: goal_2)
pick_column0_right_0
Action: Action(ActionType.PICK, obj=/column0, slot=None,grasp=GraspType.RIGHT_0)
[EXEC] Picking /column0 with right_0

[INFO] Found 1088 potential configurations.
[WARN] No valid configuration found (all tested configs invalid).
[EXEC] Action ActionType.PICK executed in 1.44 seconds
[ERROR] Action ActionType.PICK failed for object /column0
Action duration: 0.001
[LOG] Transition logged to MongoDB: f3fb32f7-6c7b-4976-8005-709c6e29f096 - Episode 3
Action failed, stopping. Time elapsed: 0.001
Step 17
policy value 0.6830849051475525
State(column0: goal_1, column1: region_1, column2: goal_2)
pick_column0_right_0
Action: Action(ActionType.PICK, obj=/column0, slot=None,grasp=GraspType.RIGHT_0)
[EXEC] Picking /column0 with right_0

[INFO] Found 1792 potential configurations.
[INFO] Motion completed successfully with result: success,in execution time: 1.68 seconds
[INFO] Found a reachable configuration for pick action after 1 attempts.
Tip distance after pick: 0.020999862159291588
[INFO] Pick action completed successfully.in execution time: 1.68 seconds
[EXEC] Action ActionType.PICK executed in 17.94 seconds
[SUCCESS] Action ActionType.PICK succeeded for object /column0
Action duration: 1.6799999999997
[LOG] Transition logged to MongoDB: f3fb32f7-6c7b-4976-8005-709c6e29f096 - Episode 3
Step 18
policy value 0.6230409145355225
State(column0: held, column1: region_1, column2: goal_2)
place_goal_1_right_0
Action: Action(ActionType.PLACE, obj=/column0, slot=/goal_1,grasp=GraspType.RIGHT_0)
[EXEC] Placing at [-0.2749999999999999, 1.0750000000000006, 0.5] with grasp right_0

[INFO] Found 1536 potential configurations.
[INFO] Motion completed successfully with result: success,in execution time: 0.40 seconds
[INFO] Found a reachable configuration for place action after 1 attempts.
[INFO] Place action completed successfully.
realigning placed object /column0 to target position
[EXEC] Action ActionType.PLACE executed in 18.69 seconds
[SUCCESS] Action ActionType.PLACE succeeded for object /column0
Action duration: 0.39999999999992
[LOG] Transition logged to MongoDB: f3fb32f7-6c7b-4976-8005-709c6e29f096 - Episode 3
Step 19
policy value 0.5838199853897095
State(column0: goal_1, column1: region_1, column2: goal_2)
pick_column0_right_0
Action: Action(ActionType.PICK, obj=/column0, slot=None,grasp=GraspType.RIGHT_0)
[EXEC] Picking /column0 with right_0

[INFO] Found 1792 potential configurations.
[INFO] Motion completed successfully with result: success,in execution time: 1.76 seconds
[INFO] Found a reachable configuration for pick action after 1 attempts.
Tip distance after pick: 0.01993286584594918
[INFO] Pick action completed successfully.in execution time: 1.76 seconds
[EXEC] Action ActionType.PICK executed in 30.64 seconds
[SUCCESS] Action ActionType.PICK succeeded for object /column0
Action duration: 1.7599999999996
[LOG] Transition logged to MongoDB: f3fb32f7-6c7b-4976-8005-709c6e29f096 - Episode 3
Step 20
policy value 0.5239635109901428
State(column0: held, column1: region_1, column2: goal_2)
place_goal_1_right_0
Action: Action(ActionType.PLACE, obj=/column0, slot=/goal_1,grasp=GraspType.RIGHT_0)
[EXEC] Placing at [-0.2749999999999999, 1.0750000000000006, 0.5] with grasp right_0

[INFO] Found 1280 potential configurations.
[WARN] No valid configuration found (all tested configs invalid).
[EXEC] Action ActionType.PLACE executed in 2.83 seconds
[ERROR] Action ActionType.PLACE failed for object /column0
Action duration: 0.001
[LOG] Transition logged to MongoDB: f3fb32f7-6c7b-4976-8005-709c6e29f096 - Episode 3
Action failed, stopping. Time elapsed: 0.001
Step 21
policy value 0.4740920066833496
State(column0: held, column1: region_1, column2: goal_2)
place_goal_1_right_0
Action: Action(ActionType.PLACE, obj=/column0, slot=/goal_1,grasp=GraspType.RIGHT_0)
[EXEC] Placing at [-0.2749999999999999, 1.0750000000000006, 0.5] with grasp right_0

[INFO] Found 1472 potential configurations.
[INFO] Motion completed successfully with result: success,in execution time: 0.44 seconds
[INFO] Found a reachable configuration for place action after 1 attempts.
[INFO] Place action completed successfully.
realigning placed object /column0 to target position
[EXEC] Action ActionType.PLACE executed in 19.52 seconds
[SUCCESS] Action ActionType.PLACE succeeded for object /column0
Action duration: 0.43999999999991
[LOG] Transition logged to MongoDB: f3fb32f7-6c7b-4976-8005-709c6e29f096 - Episode 3
Step 22
policy value 0.4324168860912323
State(column0: goal_1, column1: region_1, column2: goal_2)
pick_column0_right_0
Action: Action(ActionType.PICK, obj=/column0, slot=None,grasp=GraspType.RIGHT_0)
[EXEC] Picking /column0 with right_0

[INFO] Found 1152 potential configurations.
[INFO] Motion completed successfully with result: success,in execution time: 1.68 seconds
[INFO] Found a reachable configuration for pick action after 1 attempts.
Tip distance after pick: 0.020049875700590945
[INFO] Pick action completed successfully.in execution time: 1.68 seconds
[EXEC] Action ActionType.PICK executed in 14.97 seconds
[SUCCESS] Action ActionType.PICK succeeded for object /column0
Action duration: 1.6799999999997
[LOG] Transition logged to MongoDB: f3fb32f7-6c7b-4976-8005-709c6e29f096 - Episode 3
Step 23
policy value 0.37309184670448303
State(column0: held, column1: region_1, column2: goal_2)
place_goal_1_right_0
Action: Action(ActionType.PLACE, obj=/column0, slot=/goal_1,grasp=GraspType.RIGHT_0)
[EXEC] Placing at [-0.2749999999999999, 1.0750000000000006, 0.5] with grasp right_0

[INFO] Found 1408 potential configurations.
[INFO] Motion completed successfully with result: success,in execution time: 0.40 seconds
[INFO] Found a reachable configuration for place action after 1 attempts.
[INFO] Place action completed successfully.
realigning placed object /column0 to target position
[EXEC] Action ActionType.PLACE executed in 18.73 seconds
[SUCCESS] Action ActionType.PLACE succeeded for object /column0
Action duration: 0.39999999999992
[LOG] Transition logged to MongoDB: f3fb32f7-6c7b-4976-8005-709c6e29f096 - Episode 3
Step 24
policy value 0.3286709487438202
State(column0: goal_1, column1: region_1, column2: goal_2)
pick_column0_right_0
Action: Action(ActionType.PICK, obj=/column0, slot=None,grasp=GraspType.RIGHT_0)
[EXEC] Picking /column0 with right_0

[INFO] Found 1088 potential configurations.
[WARN] No valid configuration found (all tested configs invalid).
[EXEC] Action ActionType.PICK executed in 1.54 seconds
[ERROR] Action ActionType.PICK failed for object /column0
Action duration: 0.001
[LOG] Transition logged to MongoDB: f3fb32f7-6c7b-4976-8005-709c6e29f096 - Episode 3
Action failed, stopping. Time elapsed: 0.001
Step 25
policy value 0.27580443024635315
State(column0: goal_1, column1: region_1, column2: goal_2)
pick_column0_right_0
Action: Action(ActionType.PICK, obj=/column0, slot=None,grasp=GraspType.RIGHT_0)
[EXEC] Picking /column0 with right_0

[INFO] Found 1152 potential configurations.
[ERROR] Motion failed (collision or invalid path)
[ERROR] Motion result: no_path
[WARN] Failed to find a path to the selected pick config on attempt 1.
[WARN] No path found to picked config, discarding and trying next valid config...
[ERROR] Motion failed (collision or invalid path)
[ERROR] Motion result: no_path
[WARN] Failed to find a path to the selected pick config on attempt 2.
[WARN] No path found to picked config, discarding and trying next valid config...
[INFO] Motion completed successfully with result: success,in execution time: 9.80 seconds
[INFO] Found a reachable configuration for pick action after 3 attempts.
Tip distance after pick: 0.01917952879229097
[INFO] Pick action completed successfully.in execution time: 9.80 seconds
[EXEC] Action ActionType.PICK executed in 43.71 seconds
[SUCCESS] Action ActionType.PICK succeeded for object /column0
Action duration: 9.7999999999981
[LOG] Transition logged to MongoDB: f3fb32f7-6c7b-4976-8005-709c6e29f096 - Episode 3
Step 26
policy value 0.21733608841896057
State(column0: held, column1: region_1, column2: goal_2)
place_goal_1_right_0
Action: Action(ActionType.PLACE, obj=/column0, slot=/goal_1,grasp=GraspType.RIGHT_0)
[EXEC] Placing at [-0.2749999999999999, 1.0750000000000006, 0.5] with grasp right_0

[INFO] Found 1088 potential configurations.
[WARN] No valid configuration found (all tested configs invalid).
[EXEC] Action ActionType.PLACE executed in 2.17 seconds
[ERROR] Action ActionType.PLACE failed for object /column0
Action duration: 0.001
[LOG] Transition logged to MongoDB: f3fb32f7-6c7b-4976-8005-709c6e29f096 - Episode 3
Action failed, stopping. Time elapsed: 0.001
Step 27
policy value 0.1635637879371643
State(column0: held, column1: region_1, column2: goal_2)
place_goal_1_right_0
Action: Action(ActionType.PLACE, obj=/column0, slot=/goal_1,grasp=GraspType.RIGHT_0)
[EXEC] Placing at [-0.2749999999999999, 1.0750000000000006, 0.5] with grasp right_0

[INFO] Found 960 potential configurations.
[INFO] Motion completed successfully with result: success,in execution time: 0.40 seconds
[INFO] Found a reachable configuration for place action after 1 attempts.
[INFO] Place action completed successfully.
realigning placed object /column0 to target position
[EXEC] Action ActionType.PLACE executed in 16.69 seconds
[SUCCESS] Action ActionType.PLACE succeeded for object /column0
Action duration: 0.39999999999992
[LOG] Transition logged to MongoDB: f3fb32f7-6c7b-4976-8005-709c6e29f096 - Episode 3
Step 28
policy value 0.11162862181663513
State(column0: goal_1, column1: region_1, column2: goal_2)
pick_column0_right_0
Action: Action(ActionType.PICK, obj=/column0, slot=None,grasp=GraspType.RIGHT_0)
[EXEC] Picking /column0 with right_0

[INFO] Found 1216 potential configurations.
[INFO] Motion completed successfully with result: success,in execution time: 1.68 seconds
[INFO] Found a reachable configuration for pick action after 1 attempts.
Tip distance after pick: 0.02090330621702661
[INFO] Pick action completed successfully.in execution time: 1.68 seconds
[EXEC] Action ActionType.PICK executed in 31.38 seconds
[SUCCESS] Action ActionType.PICK succeeded for object /column0
Action duration: 1.6799999999997
[LOG] Transition logged to MongoDB: f3fb32f7-6c7b-4976-8005-709c6e29f096 - Episode 3
Step 29
policy value 0.05333080142736435
State(column0: held, column1: region_1, column2: goal_2)
place_goal_1_right_0
Action: Action(ActionType.PLACE, obj=/column0, slot=/goal_1,grasp=GraspType.RIGHT_0)
[EXEC] Placing at [-0.2749999999999999, 1.0750000000000006, 0.5] with grasp right_0

[INFO] Found 1600 potential configurations.
[INFO] Motion completed successfully with result: success,in execution time: 0.40 seconds
[INFO] Found a reachable configuration for place action after 1 attempts.
[INFO] Place action completed successfully.
realigning placed object /column0 to target position
[EXEC] Action ActionType.PLACE executed in 15.73 seconds
[SUCCESS] Action ActionType.PLACE succeeded for object /column0
Action duration: 0.39999999999992
[LOG] Transition logged to MongoDB: f3fb32f7-6c7b-4976-8005-709c6e29f096 - Episode 3
Step 30
policy value None
No more valid actions in policy
Episode 12 ended
Revising policy
USING STORM: False
Reading data from MongoDB...
Total option moiton param combinations 36
Collected combinations 36
Building state to idx mapping...
Building option ensembles...
pick_column0_top_0: Identifying enabled states...
pick_column0_top_0: Splitting up datasets...
pick_column0_top_0: Learning DBNS...
pick_column0_top_0: Building transition dicts for each DBN
pick_column0_top_0: Starting process for DBN 0
pick_column0_top_0: Starting process for DBN 1
pick_column0_top_0: Starting process for DBN 2
pick_column0_top_0: Starting process for DBN 3
pick_column0_top_0: Received dict for DBN 0
pick_column0_top_0: Received dict for DBN 1
pick_column0_top_0: Received dict for DBN 2
pick_column0_top_0: Received dict for DBN 3
pick_column0_top_0: Sampling transitions and computing reward
pick_column0_top_0: Building transition/reward matrices
pick_column0_left_0: Identifying enabled states...
pick_column0_left_0: Splitting up datasets...
pick_column0_left_0: Learning DBNS...
pick_column0_left_0: Building transition dicts for each DBN
pick_column0_left_0: Starting process for DBN 0
pick_column0_left_0: Starting process for DBN 1
pick_column0_left_0: Starting process for DBN 2
pick_column0_left_0: Starting process for DBN 3
pick_column0_left_0: Received dict for DBN 0
pick_column0_left_0: Received dict for DBN 1
pick_column0_left_0: Received dict for DBN 2
pick_column0_left_0: Received dict for DBN 3
pick_column0_left_0: Sampling transitions and computing reward
pick_column0_left_0: Building transition/reward matrices
pick_column0_right_0: Identifying enabled states...
pick_column0_right_0: Splitting up datasets...
pick_column0_right_0: Learning DBNS...
pick_column0_right_0: Building transition dicts for each DBN
pick_column0_right_0: Starting process for DBN 0
pick_column0_right_0: Starting process for DBN 1
pick_column0_right_0: Starting process for DBN 2
pick_column0_right_0: Starting process for DBN 3
pick_column0_right_0: Received dict for DBN 0
pick_column0_right_0: Received dict for DBN 1
pick_column0_right_0: Received dict for DBN 2
pick_column0_right_0: Received dict for DBN 3
pick_column0_right_0: Sampling transitions and computing reward
pick_column0_right_0: Building transition/reward matrices
pick_column0_front_270: Identifying enabled states...
pick_column0_front_270: Splitting up datasets...
pick_column0_front_270: Learning DBNS...
pick_column0_front_270: Building transition dicts for each DBN
pick_column0_front_270: Starting process for DBN 0
pick_column0_front_270: Starting process for DBN 1
pick_column0_front_270: Starting process for DBN 2
pick_column0_front_270: Starting process for DBN 3
pick_column0_front_270: Received dict for DBN 0
pick_column0_front_270: Received dict for DBN 1
pick_column0_front_270: Received dict for DBN 2
pick_column0_front_270: Received dict for DBN 3
pick_column0_front_270: Sampling transitions and computing reward
pick_column0_front_270: Building transition/reward matrices
pick_column1_top_0: Identifying enabled states...
pick_column1_top_0: Splitting up datasets...
pick_column1_top_0: Learning DBNS...
pick_column1_top_0: Building transition dicts for each DBN
pick_column1_top_0: Starting process for DBN 0
pick_column1_top_0: Starting process for DBN 1
pick_column1_top_0: Starting process for DBN 2
pick_column1_top_0: Starting process for DBN 3
pick_column1_top_0: Received dict for DBN 0
pick_column1_top_0: Received dict for DBN 1
pick_column1_top_0: Received dict for DBN 2
pick_column1_top_0: Received dict for DBN 3
pick_column1_top_0: Sampling transitions and computing reward
pick_column1_top_0: Building transition/reward matrices
pick_column1_left_0: Identifying enabled states...
pick_column1_left_0: Splitting up datasets...
pick_column1_left_0: Learning DBNS...
pick_column1_left_0: Building transition dicts for each DBN
pick_column1_left_0: Starting process for DBN 0
pick_column1_left_0: Starting process for DBN 1
pick_column1_left_0: Starting process for DBN 2
pick_column1_left_0: Starting process for DBN 3
pick_column1_left_0: Received dict for DBN 0
pick_column1_left_0: Received dict for DBN 1
pick_column1_left_0: Received dict for DBN 2
pick_column1_left_0: Received dict for DBN 3
pick_column1_left_0: Sampling transitions and computing reward
pick_column1_left_0: Building transition/reward matrices
pick_column1_right_0: Identifying enabled states...
pick_column1_right_0: Splitting up datasets...
pick_column1_right_0: Learning DBNS...
pick_column1_right_0: Building transition dicts for each DBN
pick_column1_right_0: Starting process for DBN 0
pick_column1_right_0: Starting process for DBN 1
pick_column1_right_0: Starting process for DBN 2
pick_column1_right_0: Starting process for DBN 3
pick_column1_right_0: Received dict for DBN 0
pick_column1_right_0: Received dict for DBN 1
pick_column1_right_0: Received dict for DBN 2
pick_column1_right_0: Received dict for DBN 3
pick_column1_right_0: Sampling transitions and computing reward
pick_column1_right_0: Building transition/reward matrices
pick_column1_front_270: Identifying enabled states...
pick_column1_front_270: Splitting up datasets...
pick_column1_front_270: Learning DBNS...
pick_column1_front_270: Building transition dicts for each DBN
pick_column1_front_270: Starting process for DBN 0
pick_column1_front_270: Starting process for DBN 1
pick_column1_front_270: Starting process for DBN 2
pick_column1_front_270: Starting process for DBN 3
pick_column1_front_270: Received dict for DBN 0
pick_column1_front_270: Received dict for DBN 1
pick_column1_front_270: Received dict for DBN 2
pick_column1_front_270: Received dict for DBN 3
pick_column1_front_270: Sampling transitions and computing reward
pick_column1_front_270: Building transition/reward matrices
pick_column2_top_0: Identifying enabled states...
pick_column2_top_0: Splitting up datasets...
pick_column2_top_0: Learning DBNS...
pick_column2_top_0: Building transition dicts for each DBN
pick_column2_top_0: Starting process for DBN 0
pick_column2_top_0: Starting process for DBN 1
pick_column2_top_0: Starting process for DBN 2
pick_column2_top_0: Starting process for DBN 3
pick_column2_top_0: Received dict for DBN 0
pick_column2_top_0: Received dict for DBN 1
pick_column2_top_0: Received dict for DBN 2
pick_column2_top_0: Received dict for DBN 3
pick_column2_top_0: Sampling transitions and computing reward
pick_column2_top_0: Building transition/reward matrices
pick_column2_left_0: Identifying enabled states...
pick_column2_left_0: Splitting up datasets...
pick_column2_left_0: Learning DBNS...
pick_column2_left_0: Building transition dicts for each DBN
pick_column2_left_0: Starting process for DBN 0
pick_column2_left_0: Starting process for DBN 1
pick_column2_left_0: Starting process for DBN 2
pick_column2_left_0: Starting process for DBN 3
pick_column2_left_0: Received dict for DBN 0
pick_column2_left_0: Received dict for DBN 1
pick_column2_left_0: Received dict for DBN 2
pick_column2_left_0: Received dict for DBN 3
pick_column2_left_0: Sampling transitions and computing reward
pick_column2_left_0: Building transition/reward matrices
pick_column2_right_0: Identifying enabled states...
pick_column2_right_0: Splitting up datasets...
pick_column2_right_0: Learning DBNS...
pick_column2_right_0: Building transition dicts for each DBN
pick_column2_right_0: Starting process for DBN 0
pick_column2_right_0: Starting process for DBN 1
pick_column2_right_0: Starting process for DBN 2
pick_column2_right_0: Starting process for DBN 3
pick_column2_right_0: Received dict for DBN 0
pick_column2_right_0: Received dict for DBN 1
pick_column2_right_0: Received dict for DBN 2
pick_column2_right_0: Received dict for DBN 3
pick_column2_right_0: Sampling transitions and computing reward
pick_column2_right_0: Building transition/reward matrices
pick_column2_front_270: Identifying enabled states...
pick_column2_front_270: Splitting up datasets...
pick_column2_front_270: Learning DBNS...
pick_column2_front_270: Building transition dicts for each DBN
pick_column2_front_270: Starting process for DBN 0
pick_column2_front_270: Starting process for DBN 1
pick_column2_front_270: Starting process for DBN 2
pick_column2_front_270: Starting process for DBN 3
pick_column2_front_270: Received dict for DBN 0
pick_column2_front_270: Received dict for DBN 1
pick_column2_front_270: Received dict for DBN 2
pick_column2_front_270: Received dict for DBN 3
pick_column2_front_270: Sampling transitions and computing reward
pick_column2_front_270: Building transition/reward matrices
place_goal_0_top_0: Identifying enabled states...
place_goal_0_top_0: Splitting up datasets...
place_goal_0_top_0: Learning DBNS...
place_goal_0_top_0: Building transition dicts for each DBN
place_goal_0_top_0: Starting process for DBN 0
place_goal_0_top_0: Starting process for DBN 1
place_goal_0_top_0: Starting process for DBN 2
place_goal_0_top_0: Starting process for DBN 3
place_goal_0_top_0: Received dict for DBN 1
place_goal_0_top_0: Received dict for DBN 0
place_goal_0_top_0: Received dict for DBN 2
place_goal_0_top_0: Received dict for DBN 3
place_goal_0_top_0: Sampling transitions and computing reward
place_goal_0_top_0: Building transition/reward matrices
place_goal_0_left_0: Identifying enabled states...
place_goal_0_left_0: Splitting up datasets...
place_goal_0_left_0: Learning DBNS...
place_goal_0_left_0: Building transition dicts for each DBN
place_goal_0_left_0: Starting process for DBN 0
place_goal_0_left_0: Starting process for DBN 1
place_goal_0_left_0: Starting process for DBN 2
place_goal_0_left_0: Starting process for DBN 3
place_goal_0_left_0: Received dict for DBN 0
place_goal_0_left_0: Received dict for DBN 1
place_goal_0_left_0: Received dict for DBN 2
place_goal_0_left_0: Received dict for DBN 3
place_goal_0_left_0: Sampling transitions and computing reward
place_goal_0_left_0: Building transition/reward matrices
place_goal_0_right_0: Identifying enabled states...
place_goal_0_right_0: Splitting up datasets...
place_goal_0_right_0: Learning DBNS...
place_goal_0_right_0: Building transition dicts for each DBN
place_goal_0_right_0: Starting process for DBN 0
place_goal_0_right_0: Starting process for DBN 1
place_goal_0_right_0: Starting process for DBN 2
place_goal_0_right_0: Starting process for DBN 3
place_goal_0_right_0: Received dict for DBN 0
place_goal_0_right_0: Received dict for DBN 2
place_goal_0_right_0: Received dict for DBN 1
place_goal_0_right_0: Received dict for DBN 3
place_goal_0_right_0: Sampling transitions and computing reward
place_goal_0_right_0: Building transition/reward matrices
place_goal_0_front_270: Identifying enabled states...
place_goal_0_front_270: Splitting up datasets...
place_goal_0_front_270: Learning DBNS...
place_goal_0_front_270: Building transition dicts for each DBN
place_goal_0_front_270: Starting process for DBN 0
place_goal_0_front_270: Starting process for DBN 1
place_goal_0_front_270: Starting process for DBN 2
place_goal_0_front_270: Starting process for DBN 3
place_goal_0_front_270: Received dict for DBN 0
place_goal_0_front_270: Received dict for DBN 1
place_goal_0_front_270: Received dict for DBN 2
place_goal_0_front_270: Received dict for DBN 3
place_goal_0_front_270: Sampling transitions and computing reward
place_goal_0_front_270: Building transition/reward matrices
place_goal_1_top_0: Identifying enabled states...
place_goal_1_top_0: Splitting up datasets...
place_goal_1_top_0: Learning DBNS...
place_goal_1_top_0: Building transition dicts for each DBN
place_goal_1_top_0: Starting process for DBN 0
place_goal_1_top_0: Starting process for DBN 1
place_goal_1_top_0: Starting process for DBN 2
place_goal_1_top_0: Starting process for DBN 3
place_goal_1_top_0: Received dict for DBN 1
place_goal_1_top_0: Received dict for DBN 0
place_goal_1_top_0: Received dict for DBN 2
place_goal_1_top_0: Received dict for DBN 3
place_goal_1_top_0: Sampling transitions and computing reward
place_goal_1_top_0: Building transition/reward matrices
place_goal_1_left_0: Identifying enabled states...
place_goal_1_left_0: Splitting up datasets...
place_goal_1_left_0: Learning DBNS...
place_goal_1_left_0: Building transition dicts for each DBN
place_goal_1_left_0: Starting process for DBN 0
place_goal_1_left_0: Starting process for DBN 1
place_goal_1_left_0: Starting process for DBN 2
place_goal_1_left_0: Starting process for DBN 3
place_goal_1_left_0: Received dict for DBN 0
place_goal_1_left_0: Received dict for DBN 1
place_goal_1_left_0: Received dict for DBN 2
place_goal_1_left_0: Received dict for DBN 3
place_goal_1_left_0: Sampling transitions and computing reward
place_goal_1_left_0: Building transition/reward matrices
place_goal_1_right_0: Identifying enabled states...
place_goal_1_right_0: Splitting up datasets...
place_goal_1_right_0: Learning DBNS...
place_goal_1_right_0: Building transition dicts for each DBN
place_goal_1_right_0: Starting process for DBN 0
place_goal_1_right_0: Starting process for DBN 1
place_goal_1_right_0: Starting process for DBN 2
place_goal_1_right_0: Starting process for DBN 3
place_goal_1_right_0: Received dict for DBN 2
place_goal_1_right_0: Received dict for DBN 0
place_goal_1_right_0: Received dict for DBN 1
place_goal_1_right_0: Received dict for DBN 3
place_goal_1_right_0: Sampling transitions and computing reward
place_goal_1_right_0: Building transition/reward matrices
place_goal_1_front_270: Identifying enabled states...
place_goal_1_front_270: Splitting up datasets...
place_goal_1_front_270: Learning DBNS...
place_goal_1_front_270: Building transition dicts for each DBN
place_goal_1_front_270: Starting process for DBN 0
place_goal_1_front_270: Starting process for DBN 1
place_goal_1_front_270: Starting process for DBN 2
place_goal_1_front_270: Starting process for DBN 3
place_goal_1_front_270: Received dict for DBN 1
place_goal_1_front_270: Received dict for DBN 0
place_goal_1_front_270: Received dict for DBN 2
place_goal_1_front_270: Received dict for DBN 3
place_goal_1_front_270: Sampling transitions and computing reward
place_goal_1_front_270: Building transition/reward matrices
place_goal_2_top_0: Identifying enabled states...
place_goal_2_top_0: Splitting up datasets...
place_goal_2_top_0: Learning DBNS...
place_goal_2_top_0: Building transition dicts for each DBN
place_goal_2_top_0: Starting process for DBN 0
place_goal_2_top_0: Starting process for DBN 1
place_goal_2_top_0: Starting process for DBN 2
place_goal_2_top_0: Starting process for DBN 3
place_goal_2_top_0: Received dict for DBN 0
place_goal_2_top_0: Received dict for DBN 1
place_goal_2_top_0: Received dict for DBN 2
place_goal_2_top_0: Received dict for DBN 3
place_goal_2_top_0: Sampling transitions and computing reward
place_goal_2_top_0: Building transition/reward matrices
place_goal_2_left_0: Identifying enabled states...
place_goal_2_left_0: Splitting up datasets...
place_goal_2_left_0: Learning DBNS...
place_goal_2_left_0: Building transition dicts for each DBN
place_goal_2_left_0: Starting process for DBN 0
place_goal_2_left_0: Starting process for DBN 1
place_goal_2_left_0: Starting process for DBN 2
place_goal_2_left_0: Starting process for DBN 3
place_goal_2_left_0: Received dict for DBN 0
place_goal_2_left_0: Received dict for DBN 1
place_goal_2_left_0: Received dict for DBN 2
place_goal_2_left_0: Received dict for DBN 3
place_goal_2_left_0: Sampling transitions and computing reward
place_goal_2_left_0: Building transition/reward matrices
place_goal_2_right_0: Identifying enabled states...
place_goal_2_right_0: Splitting up datasets...
place_goal_2_right_0: Learning DBNS...
place_goal_2_right_0: Building transition dicts for each DBN
place_goal_2_right_0: Starting process for DBN 0
place_goal_2_right_0: Starting process for DBN 1
place_goal_2_right_0: Starting process for DBN 2
place_goal_2_right_0: Starting process for DBN 3
place_goal_2_right_0: Received dict for DBN 1
place_goal_2_right_0: Received dict for DBN 2
place_goal_2_right_0: Received dict for DBN 0
place_goal_2_right_0: Received dict for DBN 3
place_goal_2_right_0: Sampling transitions and computing reward
place_goal_2_right_0: Building transition/reward matrices
place_goal_2_front_270: Identifying enabled states...
place_goal_2_front_270: Splitting up datasets...
place_goal_2_front_270: Learning DBNS...
place_goal_2_front_270: Building transition dicts for each DBN
place_goal_2_front_270: Starting process for DBN 0
place_goal_2_front_270: Starting process for DBN 1
place_goal_2_front_270: Starting process for DBN 2
place_goal_2_front_270: Starting process for DBN 3
place_goal_2_front_270: Received dict for DBN 0
place_goal_2_front_270: Received dict for DBN 1
place_goal_2_front_270: Received dict for DBN 2
place_goal_2_front_270: Received dict for DBN 3
place_goal_2_front_270: Sampling transitions and computing reward
place_goal_2_front_270: Building transition/reward matrices
place_region_0_top_0: Identifying enabled states...
place_region_0_top_0: Splitting up datasets...
place_region_0_top_0: Learning DBNS...
place_region_0_top_0: Building transition dicts for each DBN
place_region_0_top_0: Starting process for DBN 0
place_region_0_top_0: Starting process for DBN 1
place_region_0_top_0: Starting process for DBN 2
place_region_0_top_0: Starting process for DBN 3
place_region_0_top_0: Received dict for DBN 0
place_region_0_top_0: Received dict for DBN 3
place_region_0_top_0: Received dict for DBN 1
place_region_0_top_0: Received dict for DBN 2
place_region_0_top_0: Sampling transitions and computing reward
place_region_0_top_0: Building transition/reward matrices
place_region_0_left_0: Identifying enabled states...
place_region_0_left_0: Splitting up datasets...
place_region_0_left_0: Learning DBNS...
place_region_0_left_0: Building transition dicts for each DBN
place_region_0_left_0: Starting process for DBN 0
place_region_0_left_0: Starting process for DBN 1
place_region_0_left_0: Starting process for DBN 2
place_region_0_left_0: Starting process for DBN 3
place_region_0_left_0: Received dict for DBN 2
place_region_0_left_0: Received dict for DBN 0
place_region_0_left_0: Received dict for DBN 3
place_region_0_left_0: Received dict for DBN 1
place_region_0_left_0: Sampling transitions and computing reward
place_region_0_left_0: Building transition/reward matrices
place_region_0_right_0: Identifying enabled states...
place_region_0_right_0: Splitting up datasets...
place_region_0_right_0: Learning DBNS...
place_region_0_right_0: Building transition dicts for each DBN
place_region_0_right_0: Starting process for DBN 0
place_region_0_right_0: Starting process for DBN 1
place_region_0_right_0: Starting process for DBN 2
place_region_0_right_0: Starting process for DBN 3
place_region_0_right_0: Received dict for DBN 0
place_region_0_right_0: Received dict for DBN 1
place_region_0_right_0: Received dict for DBN 2
place_region_0_right_0: Received dict for DBN 3
place_region_0_right_0: Sampling transitions and computing reward
place_region_0_right_0: Building transition/reward matrices
place_region_0_front_270: Identifying enabled states...
place_region_0_front_270: Splitting up datasets...
place_region_0_front_270: Learning DBNS...
place_region_0_front_270: Building transition dicts for each DBN
place_region_0_front_270: Starting process for DBN 0
place_region_0_front_270: Starting process for DBN 1
place_region_0_front_270: Starting process for DBN 2
place_region_0_front_270: Starting process for DBN 3
place_region_0_front_270: Received dict for DBN 2
place_region_0_front_270: Received dict for DBN 0
place_region_0_front_270: Received dict for DBN 1
place_region_0_front_270: Received dict for DBN 3
place_region_0_front_270: Sampling transitions and computing reward
place_region_0_front_270: Building transition/reward matrices
place_region_1_top_0: Identifying enabled states...
place_region_1_top_0: Splitting up datasets...
place_region_1_top_0: Learning DBNS...
place_region_1_top_0: Building transition dicts for each DBN
place_region_1_top_0: Starting process for DBN 0
place_region_1_top_0: Starting process for DBN 1
place_region_1_top_0: Starting process for DBN 2
place_region_1_top_0: Starting process for DBN 3
place_region_1_top_0: Received dict for DBN 0
place_region_1_top_0: Received dict for DBN 1
place_region_1_top_0: Received dict for DBN 2
place_region_1_top_0: Received dict for DBN 3
place_region_1_top_0: Sampling transitions and computing reward
place_region_1_top_0: Building transition/reward matrices
place_region_1_left_0: Identifying enabled states...
place_region_1_left_0: Splitting up datasets...
place_region_1_left_0: Learning DBNS...
place_region_1_left_0: Building transition dicts for each DBN
place_region_1_left_0: Starting process for DBN 0
place_region_1_left_0: Starting process for DBN 1
place_region_1_left_0: Starting process for DBN 2
place_region_1_left_0: Starting process for DBN 3
place_region_1_left_0: Received dict for DBN 0
place_region_1_left_0: Received dict for DBN 1
place_region_1_left_0: Received dict for DBN 2
place_region_1_left_0: Received dict for DBN 3
place_region_1_left_0: Sampling transitions and computing reward
place_region_1_left_0: Building transition/reward matrices
place_region_1_right_0: Identifying enabled states...
place_region_1_right_0: Splitting up datasets...
place_region_1_right_0: Learning DBNS...
place_region_1_right_0: Building transition dicts for each DBN
place_region_1_right_0: Starting process for DBN 0
place_region_1_right_0: Starting process for DBN 1
place_region_1_right_0: Starting process for DBN 2
place_region_1_right_0: Starting process for DBN 3
place_region_1_right_0: Received dict for DBN 0
place_region_1_right_0: Received dict for DBN 1
place_region_1_right_0: Received dict for DBN 2
place_region_1_right_0: Received dict for DBN 3
place_region_1_right_0: Sampling transitions and computing reward
place_region_1_right_0: Building transition/reward matrices
place_region_1_front_270: Identifying enabled states...
place_region_1_front_270: Splitting up datasets...
place_region_1_front_270: Learning DBNS...
place_region_1_front_270: Building transition dicts for each DBN
place_region_1_front_270: Starting process for DBN 0
place_region_1_front_270: Starting process for DBN 1
place_region_1_front_270: Starting process for DBN 2
place_region_1_front_270: Starting process for DBN 3
place_region_1_front_270: Received dict for DBN 0
place_region_1_front_270: Received dict for DBN 1
place_region_1_front_270: Received dict for DBN 3
place_region_1_front_270: Received dict for DBN 2
place_region_1_front_270: Sampling transitions and computing reward
place_region_1_front_270: Building transition/reward matrices
place_region_2_top_0: Identifying enabled states...
place_region_2_top_0: Splitting up datasets...
place_region_2_top_0: Learning DBNS...
place_region_2_top_0: Building transition dicts for each DBN
place_region_2_top_0: Starting process for DBN 0
place_region_2_top_0: Starting process for DBN 1
place_region_2_top_0: Starting process for DBN 2
place_region_2_top_0: Starting process for DBN 3
place_region_2_top_0: Received dict for DBN 0
place_region_2_top_0: Received dict for DBN 1
place_region_2_top_0: Received dict for DBN 2
place_region_2_top_0: Received dict for DBN 3
place_region_2_top_0: Sampling transitions and computing reward
place_region_2_top_0: Building transition/reward matrices
place_region_2_left_0: Identifying enabled states...
place_region_2_left_0: Splitting up datasets...
place_region_2_left_0: Learning DBNS...
place_region_2_left_0: Building transition dicts for each DBN
place_region_2_left_0: Starting process for DBN 0
place_region_2_left_0: Starting process for DBN 1
place_region_2_left_0: Starting process for DBN 2
place_region_2_left_0: Starting process for DBN 3
place_region_2_left_0: Received dict for DBN 0
place_region_2_left_0: Received dict for DBN 1
place_region_2_left_0: Received dict for DBN 2
place_region_2_left_0: Received dict for DBN 3
place_region_2_left_0: Sampling transitions and computing reward
place_region_2_left_0: Building transition/reward matrices
place_region_2_right_0: Identifying enabled states...
place_region_2_right_0: Splitting up datasets...
place_region_2_right_0: Learning DBNS...
place_region_2_right_0: Building transition dicts for each DBN
place_region_2_right_0: Starting process for DBN 0
place_region_2_right_0: Starting process for DBN 1
place_region_2_right_0: Starting process for DBN 2
place_region_2_right_0: Starting process for DBN 3
place_region_2_right_0: Received dict for DBN 0
place_region_2_right_0: Received dict for DBN 1
place_region_2_right_0: Received dict for DBN 2
place_region_2_right_0: Received dict for DBN 3
place_region_2_right_0: Sampling transitions and computing reward
place_region_2_right_0: Building transition/reward matrices
place_region_2_front_270: Identifying enabled states...
place_region_2_front_270: Splitting up datasets...
place_region_2_front_270: Learning DBNS...
place_region_2_front_270: Building transition dicts for each DBN
place_region_2_front_270: Starting process for DBN 0
place_region_2_front_270: Starting process for DBN 1
place_region_2_front_270: Starting process for DBN 2
place_region_2_front_270: Starting process for DBN 3
place_region_2_front_270: Received dict for DBN 3
place_region_2_front_270: Received dict for DBN 0
place_region_2_front_270: Received dict for DBN 1
place_region_2_front_270: Received dict for DBN 2
place_region_2_front_270: Sampling transitions and computing reward
place_region_2_front_270: Building transition/reward matrices
Building MDP...
Synthesising Policy...
Solving MDP for timestep: 29
Solving MDP for timestep: 28
Solving MDP for timestep: 27
Solving MDP for timestep: 26
Solving MDP for timestep: 25
Solving MDP for timestep: 24
Solving MDP for timestep: 23
Solving MDP for timestep: 22
Solving MDP for timestep: 21
Solving MDP for timestep: 20
Solving MDP for timestep: 19
Solving MDP for timestep: 18
Solving MDP for timestep: 17
Solving MDP for timestep: 16
Solving MDP for timestep: 15
Solving MDP for timestep: 14
Solving MDP for timestep: 13
Solving MDP for timestep: 12
Solving MDP for timestep: 11
Solving MDP for timestep: 10
Solving MDP for timestep: 9
Solving MDP for timestep: 8
Solving MDP for timestep: 7
Solving MDP for timestep: 6
Solving MDP for timestep: 5
Solving MDP for timestep: 4
Solving MDP for timestep: 3
Solving MDP for timestep: 2
Solving MDP for timestep: 1
Solving MDP for timestep: 0
Resetting the scene for new episode
Step 0
policy value 1.0592013597488403
State(column0: region_2, column1: region_1, column2: region_0)
pick_column2_top_0
Action: Action(ActionType.PICK, obj=/column2, slot=None,grasp=GraspType.TOP_0)
[EXEC] Picking /column2 with top_0

[INFO] Found 3968 potential configurations.
[INFO] Motion completed successfully with result: success,in execution time: 3.68 seconds
[INFO] Found a reachable configuration for pick action after 1 attempts.
Tip distance after pick: 0.027777409038844333
[INFO] Pick action completed successfully.in execution time: 3.68 seconds
[EXEC] Action ActionType.PICK executed in 20.38 seconds
[SUCCESS] Action ActionType.PICK succeeded for object /column2
Action duration: 3.68
[LOG] Transition logged to MongoDB: f3fb32f7-6c7b-4976-8005-709c6e29f096 - Episode 3
Step 1
policy value 1.0592013597488403
State(column0: region_2, column1: region_1, column2: held)
place_goal_2_right_0
Action: Action(ActionType.PLACE, obj=/column2, slot=/goal_2,grasp=GraspType.RIGHT_0)
[EXEC] Placing at [-0.6000000000000001, 0.8250000000000003, 0.5] with grasp right_0

[INFO] Found 2496 potential configurations.
[ERROR] Motion failed (collision or invalid path)
[ERROR] Motion result: no_path
[WARN] Failed to find a path to the selected place config on attempt 1.
[WARN] No path found to selected place config, discarding and trying next valid config...
[ERROR] Motion failed (collision or invalid path)
[ERROR] Motion result: no_path
[WARN] Failed to find a path to the selected place config on attempt 2.
[WARN] No path found to selected place config, discarding and trying next valid config...
[INFO] Motion completed successfully with result: success,in execution time: 3.72 seconds
[INFO] Found a reachable configuration for place action after 3 attempts.
[INFO] Place action completed successfully.
realigning placed object /column2 to target position
[EXEC] Action ActionType.PLACE executed in 35.98 seconds
[SUCCESS] Action ActionType.PLACE succeeded for object /column2
Action duration: 3.7199999999999
[LOG] Transition logged to MongoDB: f3fb32f7-6c7b-4976-8005-709c6e29f096 - Episode 3
Step 2
policy value 1.0592013597488403
State(column0: region_2, column1: region_1, column2: goal_2)
pick_column0_top_0
Action: Action(ActionType.PICK, obj=/column0, slot=None,grasp=GraspType.TOP_0)
[EXEC] Picking /column0 with top_0

[INFO] Found 3328 potential configurations.
[INFO] Motion completed successfully with result: success,in execution time: 6.16 seconds
[INFO] Found a reachable configuration for pick action after 1 attempts.
Tip distance after pick: 0.026655104328353406
[INFO] Pick action completed successfully.in execution time: 6.16 seconds
[EXEC] Action ActionType.PICK executed in 20.82 seconds
[SUCCESS] Action ActionType.PICK succeeded for object /column0
Action duration: 6.1599999999999
[LOG] Transition logged to MongoDB: f3fb32f7-6c7b-4976-8005-709c6e29f096 - Episode 3
Step 3
policy value 1.0592013597488403
State(column0: held, column1: region_1, column2: goal_2)
place_goal_1_front_270
Action: Action(ActionType.PLACE, obj=/column0, slot=/goal_1,grasp=GraspType.FRONT_270)
[EXEC] Placing at [-0.2749999999999999, 1.0750000000000006, 0.5] with grasp front_270

[INFO] Found 1600 potential configurations.
[INFO] Motion completed successfully with result: success,in execution time: 8.80 seconds
[INFO] Found a reachable configuration for place action after 1 attempts.
[INFO] Place action completed successfully.
realigning placed object /column0 to target position
[EXEC] Action ActionType.PLACE executed in 36.50 seconds
[SUCCESS] Action ActionType.PLACE succeeded for object /column0
Action duration: 8.7999999999998
[LOG] Transition logged to MongoDB: f3fb32f7-6c7b-4976-8005-709c6e29f096 - Episode 3
Step 4
policy value 1.0256296396255493
State(column0: goal_1, column1: region_1, column2: goal_2)
pick_column0_top_0
Action: Action(ActionType.PICK, obj=/column0, slot=None,grasp=GraspType.TOP_0)
[EXEC] Picking /column0 with top_0

[INFO] Found 1088 potential configurations.
[INFO] Motion completed successfully with result: success,in execution time: 4.64 seconds
[INFO] Found a reachable configuration for pick action after 1 attempts.
Tip distance after pick: 0.02561366613567323
[INFO] Pick action completed successfully.in execution time: 4.64 seconds
[EXEC] Action ActionType.PICK executed in 16.37 seconds
[SUCCESS] Action ActionType.PICK succeeded for object /column0
Action duration: 4.6399999999999
[LOG] Transition logged to MongoDB: f3fb32f7-6c7b-4976-8005-709c6e29f096 - Episode 3
Step 5
policy value 0.9803068041801453
State(column0: held, column1: region_1, column2: goal_2)
place_goal_1_front_270
Action: Action(ActionType.PLACE, obj=/column0, slot=/goal_1,grasp=GraspType.FRONT_270)
[EXEC] Placing at [-0.2749999999999999, 1.0750000000000006, 0.5] with grasp front_270

[INFO] Found 2752 potential configurations.
[INFO] Motion completed successfully with result: success,in execution time: 4.52 seconds
[INFO] Found a reachable configuration for place action after 1 attempts.
[INFO] Place action completed successfully.
realigning placed object /column0 to target position
[EXEC] Action ActionType.PLACE executed in 23.54 seconds
[SUCCESS] Action ActionType.PLACE succeeded for object /column0
Action duration: 4.5200000000007
[LOG] Transition logged to MongoDB: f3fb32f7-6c7b-4976-8005-709c6e29f096 - Episode 3
Step 6
policy value 0.9467350244522095
State(column0: goal_1, column1: region_1, column2: goal_2)
pick_column0_top_0
Action: Action(ActionType.PICK, obj=/column0, slot=None,grasp=GraspType.TOP_0)
[EXEC] Picking /column0 with top_0

[INFO] Found 1920 potential configurations.
[INFO] Motion completed successfully with result: success,in execution time: 4.52 seconds
[INFO] Found a reachable configuration for pick action after 1 attempts.
Tip distance after pick: 0.02590804075668579
[INFO] Pick action completed successfully.in execution time: 4.52 seconds
[EXEC] Action ActionType.PICK executed in 16.68 seconds
[SUCCESS] Action ActionType.PICK succeeded for object /column0
Action duration: 4.5200000000007
[LOG] Transition logged to MongoDB: f3fb32f7-6c7b-4976-8005-709c6e29f096 - Episode 3
Step 7
policy value 0.9014121890068054
State(column0: held, column1: region_1, column2: goal_2)
place_goal_1_front_270
Action: Action(ActionType.PLACE, obj=/column0, slot=/goal_1,grasp=GraspType.FRONT_270)
[EXEC] Placing at [-0.2749999999999999, 1.0750000000000006, 0.5] with grasp front_270

[INFO] Found 2624 potential configurations.
[INFO] Motion completed successfully with result: success,in execution time: 4.52 seconds
[INFO] Found a reachable configuration for place action after 1 attempts.
[INFO] Place action completed successfully.
realigning placed object /column0 to target position
[EXEC] Action ActionType.PLACE executed in 18.29 seconds
[SUCCESS] Action ActionType.PLACE succeeded for object /column0
Action duration: 4.5200000000007
[LOG] Transition logged to MongoDB: f3fb32f7-6c7b-4976-8005-709c6e29f096 - Episode 3
Step 8
policy value 0.8678404092788696
State(column0: goal_1, column1: region_1, column2: goal_2)
pick_column0_top_0
Action: Action(ActionType.PICK, obj=/column0, slot=None,grasp=GraspType.TOP_0)
[EXEC] Picking /column0 with top_0

[INFO] Found 1536 potential configurations.
[INFO] Motion completed successfully with result: success,in execution time: 4.52 seconds
[INFO] Found a reachable configuration for pick action after 1 attempts.
Tip distance after pick: 0.026267518321561847
[INFO] Pick action completed successfully.in execution time: 4.52 seconds
[EXEC] Action ActionType.PICK executed in 20.23 seconds
[SUCCESS] Action ActionType.PICK succeeded for object /column0
Action duration: 4.5200000000007
[LOG] Transition logged to MongoDB: f3fb32f7-6c7b-4976-8005-709c6e29f096 - Episode 3
Step 9
policy value 0.8225175738334656
State(column0: held, column1: region_1, column2: goal_2)
place_goal_1_front_270
Action: Action(ActionType.PLACE, obj=/column0, slot=/goal_1,grasp=GraspType.FRONT_270)
[EXEC] Placing at [-0.2749999999999999, 1.0750000000000006, 0.5] with grasp front_270

[INFO] Found 2944 potential configurations.
[ERROR] Motion failed (collision or invalid path)
[ERROR] Motion result: no_path
[WARN] Failed to find a path to the selected place config on attempt 1.
[WARN] No path found to selected place config, discarding and trying next valid config...
[INFO] Motion completed successfully with result: success,in execution time: 5.88 seconds
[INFO] Found a reachable configuration for place action after 2 attempts.
[INFO] Place action completed successfully.
realigning placed object /column0 to target position
[EXEC] Action ActionType.PLACE executed in 29.39 seconds
[SUCCESS] Action ActionType.PLACE succeeded for object /column0
Action duration: 5.8800000000009
[LOG] Transition logged to MongoDB: f3fb32f7-6c7b-4976-8005-709c6e29f096 - Episode 3
Step 10
policy value 0.7889457941055298
State(column0: goal_1, column1: region_1, column2: goal_2)
pick_column0_top_0
Action: Action(ActionType.PICK, obj=/column0, slot=None,grasp=GraspType.TOP_0)
[EXEC] Picking /column0 with top_0

[INFO] Found 1088 potential configurations.
[INFO] Motion completed successfully with result: success,in execution time: 6.00 seconds
[INFO] Found a reachable configuration for pick action after 1 attempts.
Tip distance after pick: 0.02581263193737633
[INFO] Pick action completed successfully.in execution time: 6.00 seconds
[EXEC] Action ActionType.PICK executed in 17.26 seconds
[SUCCESS] Action ActionType.PICK succeeded for object /column0
Action duration: 5.9999999999988
[LOG] Transition logged to MongoDB: f3fb32f7-6c7b-4976-8005-709c6e29f096 - Episode 3
Step 11
policy value 0.7436229586601257
State(column0: held, column1: region_1, column2: goal_2)
place_goal_1_front_270
Action: Action(ActionType.PLACE, obj=/column0, slot=/goal_1,grasp=GraspType.FRONT_270)
[EXEC] Placing at [-0.2749999999999999, 1.0750000000000006, 0.5] with grasp front_270

[INFO] Found 3776 potential configurations.
[INFO] Motion completed successfully with result: success,in execution time: 4.64 seconds
[INFO] Found a reachable configuration for place action after 1 attempts.
[INFO] Place action completed successfully.
realigning placed object /column0 to target position
[EXEC] Action ActionType.PLACE executed in 20.43 seconds
[SUCCESS] Action ActionType.PLACE succeeded for object /column0
Action duration: 4.6399999999991
[LOG] Transition logged to MongoDB: f3fb32f7-6c7b-4976-8005-709c6e29f096 - Episode 3
Step 12
policy value 0.7100511789321899
State(column0: goal_1, column1: region_1, column2: goal_2)
pick_column0_top_0
Action: Action(ActionType.PICK, obj=/column0, slot=None,grasp=GraspType.TOP_0)
[EXEC] Picking /column0 with top_0

[INFO] Found 1344 potential configurations.
[INFO] Motion completed successfully with result: success,in execution time: 4.64 seconds
[INFO] Found a reachable configuration for pick action after 1 attempts.
Tip distance after pick: 0.02589792367528983
[INFO] Pick action completed successfully.in execution time: 4.64 seconds
[EXEC] Action ActionType.PICK executed in 19.19 seconds
[SUCCESS] Action ActionType.PICK succeeded for object /column0
Action duration: 4.6399999999991
[LOG] Transition logged to MongoDB: f3fb32f7-6c7b-4976-8005-709c6e29f096 - Episode 3
Step 13
policy value 0.6647283434867859
State(column0: held, column1: region_1, column2: goal_2)
place_goal_1_front_270
Action: Action(ActionType.PLACE, obj=/column0, slot=/goal_1,grasp=GraspType.FRONT_270)
[EXEC] Placing at [-0.2749999999999999, 1.0750000000000006, 0.5] with grasp front_270

[INFO] Found 3584 potential configurations.
[INFO] Motion completed successfully with result: success,in execution time: 4.64 seconds
[INFO] Found a reachable configuration for place action after 1 attempts.
[INFO] Place action completed successfully.
realigning placed object /column0 to target position
[EXEC] Action ActionType.PLACE executed in 22.07 seconds
[SUCCESS] Action ActionType.PLACE succeeded for object /column0
Action duration: 4.6399999999991
[LOG] Transition logged to MongoDB: f3fb32f7-6c7b-4976-8005-709c6e29f096 - Episode 3
Step 14
policy value 0.6311565637588501
State(column0: goal_1, column1: region_1, column2: goal_2)
pick_column0_top_0
Action: Action(ActionType.PICK, obj=/column0, slot=None,grasp=GraspType.TOP_0)
[EXEC] Picking /column0 with top_0

[INFO] Found 1600 potential configurations.
[INFO] Motion completed successfully with result: success,in execution time: 4.64 seconds
[INFO] Found a reachable configuration for pick action after 1 attempts.
Tip distance after pick: 0.02490840942450437
[INFO] Pick action completed successfully.in execution time: 4.64 seconds
[EXEC] Action ActionType.PICK executed in 17.17 seconds
[SUCCESS] Action ActionType.PICK succeeded for object /column0
Action duration: 4.6399999999991
[LOG] Transition logged to MongoDB: f3fb32f7-6c7b-4976-8005-709c6e29f096 - Episode 3
Step 15
policy value 0.585833728313446
State(column0: held, column1: region_1, column2: goal_2)
place_goal_1_front_270
Action: Action(ActionType.PLACE, obj=/column0, slot=/goal_1,grasp=GraspType.FRONT_270)
[EXEC] Placing at [-0.2749999999999999, 1.0750000000000006, 0.5] with grasp front_270

[INFO] Found 2624 potential configurations.
[INFO] Motion completed successfully with result: success,in execution time: 4.64 seconds
[INFO] Found a reachable configuration for place action after 1 attempts.
[INFO] Place action completed successfully.
realigning placed object /column0 to target position
[EXEC] Action ActionType.PLACE executed in 21.43 seconds
[SUCCESS] Action ActionType.PLACE succeeded for object /column0
Action duration: 4.6399999999991
[LOG] Transition logged to MongoDB: f3fb32f7-6c7b-4976-8005-709c6e29f096 - Episode 3
Step 16
policy value 0.5522619485855103
State(column0: goal_1, column1: region_1, column2: goal_2)
pick_column0_top_0
Action: Action(ActionType.PICK, obj=/column0, slot=None,grasp=GraspType.TOP_0)
[EXEC] Picking /column0 with top_0

[INFO] Found 1536 potential configurations.
[INFO] Motion completed successfully with result: success,in execution time: 4.64 seconds
[INFO] Found a reachable configuration for pick action after 1 attempts.
Tip distance after pick: 0.026232036897118175
[INFO] Pick action completed successfully.in execution time: 4.64 seconds
[EXEC] Action ActionType.PICK executed in 15.74 seconds
[SUCCESS] Action ActionType.PICK succeeded for object /column0
Action duration: 4.6399999999991
[LOG] Transition logged to MongoDB: f3fb32f7-6c7b-4976-8005-709c6e29f096 - Episode 3
Step 17
policy value 0.5069391131401062
State(column0: held, column1: region_1, column2: goal_2)
place_goal_1_front_270
Action: Action(ActionType.PLACE, obj=/column0, slot=/goal_1,grasp=GraspType.FRONT_270)
[EXEC] Placing at [-0.2749999999999999, 1.0750000000000006, 0.5] with grasp front_270

[INFO] Found 3200 potential configurations.
[INFO] Motion completed successfully with result: success,in execution time: 4.64 seconds
[INFO] Found a reachable configuration for place action after 1 attempts.
[INFO] Place action completed successfully.
realigning placed object /column0 to target position
[EXEC] Action ActionType.PLACE executed in 22.56 seconds
[SUCCESS] Action ActionType.PLACE succeeded for object /column0
Action duration: 4.6399999999991
[LOG] Transition logged to MongoDB: f3fb32f7-6c7b-4976-8005-709c6e29f096 - Episode 3
Step 18
policy value 0.4733673632144928
State(column0: goal_1, column1: region_1, column2: goal_2)
pick_column0_top_0
Action: Action(ActionType.PICK, obj=/column0, slot=None,grasp=GraspType.TOP_0)
[EXEC] Picking /column0 with top_0

[INFO] Found 1344 potential configurations.
[INFO] Motion completed successfully with result: success,in execution time: 4.64 seconds
[INFO] Found a reachable configuration for pick action after 1 attempts.
Tip distance after pick: 0.026109641199267876
[INFO] Pick action completed successfully.in execution time: 4.64 seconds
[EXEC] Action ActionType.PICK executed in 20.12 seconds
[SUCCESS] Action ActionType.PICK succeeded for object /column0
Action duration: 4.6399999999991
[LOG] Transition logged to MongoDB: f3fb32f7-6c7b-4976-8005-709c6e29f096 - Episode 3
Step 19
policy value 0.42804455757141113
State(column0: held, column1: region_1, column2: goal_2)
place_goal_1_front_270
Action: Action(ActionType.PLACE, obj=/column0, slot=/goal_1,grasp=GraspType.FRONT_270)
[EXEC] Placing at [-0.2749999999999999, 1.0750000000000006, 0.5] with grasp front_270

[INFO] Found 1856 potential configurations.
[INFO] Motion completed successfully with result: success,in execution time: 4.56 seconds
[INFO] Found a reachable configuration for place action after 1 attempts.
[INFO] Place action completed successfully.
realigning placed object /column0 to target position
[EXEC] Action ActionType.PLACE executed in 21.24 seconds
[SUCCESS] Action ActionType.PLACE succeeded for object /column0
Action duration: 4.5599999999995
[LOG] Transition logged to MongoDB: f3fb32f7-6c7b-4976-8005-709c6e29f096 - Episode 3
Step 20
policy value 0.39447280764579773
State(column0: goal_1, column1: region_1, column2: goal_2)
pick_column0_top_0
Action: Action(ActionType.PICK, obj=/column0, slot=None,grasp=GraspType.TOP_0)
[EXEC] Picking /column0 with top_0

[INFO] Found 1472 potential configurations.
[INFO] Motion completed successfully with result: success,in execution time: 4.52 seconds
[INFO] Found a reachable configuration for pick action after 1 attempts.
Tip distance after pick: 0.025667719685461315
[INFO] Pick action completed successfully.in execution time: 4.52 seconds
[EXEC] Action ActionType.PICK executed in 25.44 seconds
[SUCCESS] Action ActionType.PICK succeeded for object /column0
Action duration: 4.5200000000023
[LOG] Transition logged to MongoDB: f3fb32f7-6c7b-4976-8005-709c6e29f096 - Episode 3
Step 21
policy value 0.34915000200271606
State(column0: held, column1: region_1, column2: goal_2)
place_goal_1_front_270
Action: Action(ActionType.PLACE, obj=/column0, slot=/goal_1,grasp=GraspType.FRONT_270)
[EXEC] Placing at [-0.2749999999999999, 1.0750000000000006, 0.5] with grasp front_270

[INFO] Found 2688 potential configurations.
[INFO] Motion completed successfully with result: success,in execution time: 4.52 seconds
[INFO] Found a reachable configuration for place action after 1 attempts.
[INFO] Place action completed successfully.
realigning placed object /column0 to target position
[EXEC] Action ActionType.PLACE executed in 23.36 seconds
[SUCCESS] Action ActionType.PLACE succeeded for object /column0
Action duration: 4.5200000000023
[LOG] Transition logged to MongoDB: f3fb32f7-6c7b-4976-8005-709c6e29f096 - Episode 3
Step 22
policy value 0.31557825207710266
State(column0: goal_1, column1: region_1, column2: goal_2)
pick_column0_top_0
Action: Action(ActionType.PICK, obj=/column0, slot=None,grasp=GraspType.TOP_0)
[EXEC] Picking /column0 with top_0

[INFO] Found 896 potential configurations.
[INFO] Motion completed successfully with result: success,in execution time: 4.52 seconds
[INFO] Found a reachable configuration for pick action after 1 attempts.
Tip distance after pick: 0.025850190370491404
[INFO] Pick action completed successfully.in execution time: 4.52 seconds
[EXEC] Action ActionType.PICK executed in 24.29 seconds
[SUCCESS] Action ActionType.PICK succeeded for object /column0
Action duration: 4.5200000000023
[LOG] Transition logged to MongoDB: f3fb32f7-6c7b-4976-8005-709c6e29f096 - Episode 3
Step 23
policy value 0.270255446434021
State(column0: held, column1: region_1, column2: goal_2)
place_goal_1_front_270
Action: Action(ActionType.PLACE, obj=/column0, slot=/goal_1,grasp=GraspType.FRONT_270)
[EXEC] Placing at [-0.2749999999999999, 1.0750000000000006, 0.5] with grasp front_270

[INFO] Found 3776 potential configurations.
[INFO] Motion completed successfully with result: success,in execution time: 4.52 seconds
[INFO] Found a reachable configuration for place action after 1 attempts.
[INFO] Place action completed successfully.
realigning placed object /column0 to target position
[EXEC] Action ActionType.PLACE executed in 23.89 seconds
[SUCCESS] Action ActionType.PLACE succeeded for object /column0
Action duration: 4.5200000000023
[LOG] Transition logged to MongoDB: f3fb32f7-6c7b-4976-8005-709c6e29f096 - Episode 3
Step 24
policy value 0.2366836965084076
State(column0: goal_1, column1: region_1, column2: goal_2)
pick_column0_top_0
Action: Action(ActionType.PICK, obj=/column0, slot=None,grasp=GraspType.TOP_0)
[EXEC] Picking /column0 with top_0

[INFO] Found 1088 potential configurations.
[INFO] Motion completed successfully with result: success,in execution time: 4.52 seconds
[INFO] Found a reachable configuration for pick action after 1 attempts.
Tip distance after pick: 0.02657574360929086
[INFO] Pick action completed successfully.in execution time: 4.52 seconds
[EXEC] Action ActionType.PICK executed in 19.78 seconds
[SUCCESS] Action ActionType.PICK succeeded for object /column0
Action duration: 4.5200000000023
[LOG] Transition logged to MongoDB: f3fb32f7-6c7b-4976-8005-709c6e29f096 - Episode 3
Step 25
policy value 0.19136089086532593
State(column0: held, column1: region_1, column2: goal_2)
place_goal_1_front_270
Action: Action(ActionType.PLACE, obj=/column0, slot=/goal_1,grasp=GraspType.FRONT_270)
[EXEC] Placing at [-0.2749999999999999, 1.0750000000000006, 0.5] with grasp front_270

[INFO] Found 2048 potential configurations.
[INFO] Motion completed successfully with result: success,in execution time: 4.52 seconds
[INFO] Found a reachable configuration for place action after 1 attempts.
[INFO] Place action completed successfully.
realigning placed object /column0 to target position
[EXEC] Action ActionType.PLACE executed in 17.62 seconds
[SUCCESS] Action ActionType.PLACE succeeded for object /column0
Action duration: 4.5200000000023
[LOG] Transition logged to MongoDB: f3fb32f7-6c7b-4976-8005-709c6e29f096 - Episode 3
Step 26
policy value 0.15778914093971252
State(column0: goal_1, column1: region_1, column2: goal_2)
pick_column0_top_0
Action: Action(ActionType.PICK, obj=/column0, slot=None,grasp=GraspType.TOP_0)
[EXEC] Picking /column0 with top_0

[INFO] Found 832 potential configurations.
[INFO] Motion completed successfully with result: success,in execution time: 4.52 seconds
[INFO] Found a reachable configuration for pick action after 1 attempts.
Tip distance after pick: 0.02650638450420269
[INFO] Pick action completed successfully.in execution time: 4.52 seconds
[EXEC] Action ActionType.PICK executed in 17.44 seconds
[SUCCESS] Action ActionType.PICK succeeded for object /column0
Action duration: 4.5200000000023
[LOG] Transition logged to MongoDB: f3fb32f7-6c7b-4976-8005-709c6e29f096 - Episode 3
Step 27
policy value 0.11246632039546967
State(column0: held, column1: region_1, column2: goal_2)
place_goal_1_front_270
Action: Action(ActionType.PLACE, obj=/column0, slot=/goal_1,grasp=GraspType.FRONT_270)
[EXEC] Placing at [-0.2749999999999999, 1.0750000000000006, 0.5] with grasp front_270

[INFO] Found 3392 potential configurations.
[INFO] Motion completed successfully with result: success,in execution time: 4.52 seconds
[INFO] Found a reachable configuration for place action after 1 attempts.
[INFO] Place action completed successfully.
realigning placed object /column0 to target position
[EXEC] Action ActionType.PLACE executed in 30.40 seconds
[SUCCESS] Action ActionType.PLACE succeeded for object /column0
Action duration: 4.5200000000023
[LOG] Transition logged to MongoDB: f3fb32f7-6c7b-4976-8005-709c6e29f096 - Episode 3
Step 28
policy value 0.07889457046985626
State(column0: goal_1, column1: region_1, column2: goal_2)
pick_column0_top_0
Action: Action(ActionType.PICK, obj=/column0, slot=None,grasp=GraspType.TOP_0)
[EXEC] Picking /column0 with top_0

[INFO] Found 1664 potential configurations.
[INFO] Motion completed successfully with result: success,in execution time: 4.52 seconds
[INFO] Found a reachable configuration for pick action after 1 attempts.
Tip distance after pick: 0.02613557158996292
[INFO] Pick action completed successfully.in execution time: 4.52 seconds
[EXEC] Action ActionType.PICK executed in 29.04 seconds
[SUCCESS] Action ActionType.PICK succeeded for object /column0
Action duration: 4.5200000000023
[LOG] Transition logged to MongoDB: f3fb32f7-6c7b-4976-8005-709c6e29f096 - Episode 3
Step 29
policy value 0.0335717536509037
State(column0: held, column1: region_1, column2: goal_2)
place_goal_1_front_270
Action: Action(ActionType.PLACE, obj=/column0, slot=/goal_1,grasp=GraspType.FRONT_270)
[EXEC] Placing at [-0.2749999999999999, 1.0750000000000006, 0.5] with grasp front_270

[INFO] Found 2816 potential configurations.
[INFO] Motion completed successfully with result: success,in execution time: 4.56 seconds
[INFO] Found a reachable configuration for place action after 1 attempts.
[INFO] Place action completed successfully.
realigning placed object /column0 to target position
[EXEC] Action ActionType.PLACE executed in 30.33 seconds
[SUCCESS] Action ActionType.PLACE succeeded for object /column0
Action duration: 4.5600000000023
[LOG] Transition logged to MongoDB: f3fb32f7-6c7b-4976-8005-709c6e29f096 - Episode 3
Step 30
policy value None
No more valid actions in policy
Episode 13 ended
Revising policy
USING STORM: False
Reading data from MongoDB...
Total option moiton param combinations 36
Collected combinations 36
Building state to idx mapping...
Building option ensembles...
pick_column0_top_0: Identifying enabled states...
pick_column0_top_0: Splitting up datasets...
pick_column0_top_0: Learning DBNS...
pick_column0_top_0: Building transition dicts for each DBN
pick_column0_top_0: Starting process for DBN 0
pick_column0_top_0: Starting process for DBN 1
pick_column0_top_0: Starting process for DBN 2
pick_column0_top_0: Starting process for DBN 3
pick_column0_top_0: Received dict for DBN 0
pick_column0_top_0: Received dict for DBN 1
pick_column0_top_0: Received dict for DBN 2
pick_column0_top_0: Received dict for DBN 3
pick_column0_top_0: Sampling transitions and computing reward
pick_column0_top_0: Building transition/reward matrices
pick_column0_left_0: Identifying enabled states...
pick_column0_left_0: Splitting up datasets...
pick_column0_left_0: Learning DBNS...
pick_column0_left_0: Building transition dicts for each DBN
pick_column0_left_0: Starting process for DBN 0
pick_column0_left_0: Starting process for DBN 1
pick_column0_left_0: Starting process for DBN 2
pick_column0_left_0: Starting process for DBN 3
pick_column0_left_0: Received dict for DBN 0
pick_column0_left_0: Received dict for DBN 1
pick_column0_left_0: Received dict for DBN 2
pick_column0_left_0: Received dict for DBN 3
pick_column0_left_0: Sampling transitions and computing reward
pick_column0_left_0: Building transition/reward matrices
pick_column0_right_0: Identifying enabled states...
pick_column0_right_0: Splitting up datasets...
pick_column0_right_0: Learning DBNS...
pick_column0_right_0: Building transition dicts for each DBN
pick_column0_right_0: Starting process for DBN 0
pick_column0_right_0: Starting process for DBN 1
pick_column0_right_0: Starting process for DBN 2
pick_column0_right_0: Starting process for DBN 3
pick_column0_right_0: Received dict for DBN 0
pick_column0_right_0: Received dict for DBN 1
pick_column0_right_0: Received dict for DBN 2
pick_column0_right_0: Received dict for DBN 3
pick_column0_right_0: Sampling transitions and computing reward
pick_column0_right_0: Building transition/reward matrices
pick_column0_front_270: Identifying enabled states...
pick_column0_front_270: Splitting up datasets...
pick_column0_front_270: Learning DBNS...
pick_column0_front_270: Building transition dicts for each DBN
pick_column0_front_270: Starting process for DBN 0
pick_column0_front_270: Starting process for DBN 1
pick_column0_front_270: Starting process for DBN 2
pick_column0_front_270: Starting process for DBN 3
pick_column0_front_270: Received dict for DBN 0
pick_column0_front_270: Received dict for DBN 1
pick_column0_front_270: Received dict for DBN 2
pick_column0_front_270: Received dict for DBN 3
pick_column0_front_270: Sampling transitions and computing reward
pick_column0_front_270: Building transition/reward matrices
pick_column1_top_0: Identifying enabled states...
pick_column1_top_0: Splitting up datasets...
pick_column1_top_0: Learning DBNS...
pick_column1_top_0: Building transition dicts for each DBN
pick_column1_top_0: Starting process for DBN 0
pick_column1_top_0: Starting process for DBN 1
pick_column1_top_0: Starting process for DBN 2
pick_column1_top_0: Starting process for DBN 3
pick_column1_top_0: Received dict for DBN 0
pick_column1_top_0: Received dict for DBN 1
pick_column1_top_0: Received dict for DBN 2
pick_column1_top_0: Received dict for DBN 3
pick_column1_top_0: Sampling transitions and computing reward
pick_column1_top_0: Building transition/reward matrices
pick_column1_left_0: Identifying enabled states...
pick_column1_left_0: Splitting up datasets...
pick_column1_left_0: Learning DBNS...
pick_column1_left_0: Building transition dicts for each DBN
pick_column1_left_0: Starting process for DBN 0
pick_column1_left_0: Starting process for DBN 1
pick_column1_left_0: Starting process for DBN 2
pick_column1_left_0: Starting process for DBN 3
pick_column1_left_0: Received dict for DBN 0
pick_column1_left_0: Received dict for DBN 1
pick_column1_left_0: Received dict for DBN 2
pick_column1_left_0: Received dict for DBN 3
pick_column1_left_0: Sampling transitions and computing reward
pick_column1_left_0: Building transition/reward matrices
pick_column1_right_0: Identifying enabled states...
pick_column1_right_0: Splitting up datasets...
pick_column1_right_0: Learning DBNS...
pick_column1_right_0: Building transition dicts for each DBN
pick_column1_right_0: Starting process for DBN 0
pick_column1_right_0: Starting process for DBN 1
pick_column1_right_0: Starting process for DBN 2
pick_column1_right_0: Starting process for DBN 3
pick_column1_right_0: Received dict for DBN 1
pick_column1_right_0: Received dict for DBN 0
pick_column1_right_0: Received dict for DBN 2
pick_column1_right_0: Received dict for DBN 3
pick_column1_right_0: Sampling transitions and computing reward
pick_column1_right_0: Building transition/reward matrices
pick_column1_front_270: Identifying enabled states...
pick_column1_front_270: Splitting up datasets...
pick_column1_front_270: Learning DBNS...
pick_column1_front_270: Building transition dicts for each DBN
pick_column1_front_270: Starting process for DBN 0
pick_column1_front_270: Starting process for DBN 1
pick_column1_front_270: Starting process for DBN 2
pick_column1_front_270: Starting process for DBN 3
pick_column1_front_270: Received dict for DBN 0
pick_column1_front_270: Received dict for DBN 1
pick_column1_front_270: Received dict for DBN 2
pick_column1_front_270: Received dict for DBN 3
pick_column1_front_270: Sampling transitions and computing reward
pick_column1_front_270: Building transition/reward matrices
pick_column2_top_0: Identifying enabled states...
pick_column2_top_0: Splitting up datasets...
pick_column2_top_0: Learning DBNS...
pick_column2_top_0: Building transition dicts for each DBN
pick_column2_top_0: Starting process for DBN 0
pick_column2_top_0: Starting process for DBN 1
pick_column2_top_0: Starting process for DBN 2
pick_column2_top_0: Starting process for DBN 3
pick_column2_top_0: Received dict for DBN 0
pick_column2_top_0: Received dict for DBN 1
pick_column2_top_0: Received dict for DBN 2
pick_column2_top_0: Received dict for DBN 3
pick_column2_top_0: Sampling transitions and computing reward
pick_column2_top_0: Building transition/reward matrices
pick_column2_left_0: Identifying enabled states...
pick_column2_left_0: Splitting up datasets...
pick_column2_left_0: Learning DBNS...
pick_column2_left_0: Building transition dicts for each DBN
pick_column2_left_0: Starting process for DBN 0
pick_column2_left_0: Starting process for DBN 1
pick_column2_left_0: Starting process for DBN 2
pick_column2_left_0: Starting process for DBN 3
pick_column2_left_0: Received dict for DBN 0
pick_column2_left_0: Received dict for DBN 1
pick_column2_left_0: Received dict for DBN 2
pick_column2_left_0: Received dict for DBN 3
pick_column2_left_0: Sampling transitions and computing reward
pick_column2_left_0: Building transition/reward matrices
pick_column2_right_0: Identifying enabled states...
pick_column2_right_0: Splitting up datasets...
pick_column2_right_0: Learning DBNS...
pick_column2_right_0: Building transition dicts for each DBN
pick_column2_right_0: Starting process for DBN 0
pick_column2_right_0: Starting process for DBN 1
pick_column2_right_0: Starting process for DBN 2
pick_column2_right_0: Starting process for DBN 3
pick_column2_right_0: Received dict for DBN 0
pick_column2_right_0: Received dict for DBN 1
pick_column2_right_0: Received dict for DBN 2
pick_column2_right_0: Received dict for DBN 3
pick_column2_right_0: Sampling transitions and computing reward
pick_column2_right_0: Building transition/reward matrices
pick_column2_front_270: Identifying enabled states...
pick_column2_front_270: Splitting up datasets...
pick_column2_front_270: Learning DBNS...
pick_column2_front_270: Building transition dicts for each DBN
pick_column2_front_270: Starting process for DBN 0
pick_column2_front_270: Starting process for DBN 1
pick_column2_front_270: Starting process for DBN 2
pick_column2_front_270: Starting process for DBN 3
pick_column2_front_270: Received dict for DBN 0
pick_column2_front_270: Received dict for DBN 1
pick_column2_front_270: Received dict for DBN 2
pick_column2_front_270: Received dict for DBN 3
pick_column2_front_270: Sampling transitions and computing reward
pick_column2_front_270: Building transition/reward matrices
place_goal_0_top_0: Identifying enabled states...
place_goal_0_top_0: Splitting up datasets...
place_goal_0_top_0: Learning DBNS...
place_goal_0_top_0: Building transition dicts for each DBN
place_goal_0_top_0: Starting process for DBN 0
place_goal_0_top_0: Starting process for DBN 1
place_goal_0_top_0: Starting process for DBN 2
place_goal_0_top_0: Starting process for DBN 3
place_goal_0_top_0: Received dict for DBN 2
place_goal_0_top_0: Received dict for DBN 1
place_goal_0_top_0: Received dict for DBN 0
place_goal_0_top_0: Received dict for DBN 3
place_goal_0_top_0: Sampling transitions and computing reward
place_goal_0_top_0: Building transition/reward matrices
place_goal_0_left_0: Identifying enabled states...
place_goal_0_left_0: Splitting up datasets...
place_goal_0_left_0: Learning DBNS...
place_goal_0_left_0: Building transition dicts for each DBN
place_goal_0_left_0: Starting process for DBN 0
place_goal_0_left_0: Starting process for DBN 1
place_goal_0_left_0: Starting process for DBN 2
place_goal_0_left_0: Starting process for DBN 3
place_goal_0_left_0: Received dict for DBN 0
place_goal_0_left_0: Received dict for DBN 1
place_goal_0_left_0: Received dict for DBN 2
place_goal_0_left_0: Received dict for DBN 3
place_goal_0_left_0: Sampling transitions and computing reward
place_goal_0_left_0: Building transition/reward matrices
place_goal_0_right_0: Identifying enabled states...
place_goal_0_right_0: Splitting up datasets...
place_goal_0_right_0: Learning DBNS...
place_goal_0_right_0: Building transition dicts for each DBN
place_goal_0_right_0: Starting process for DBN 0
place_goal_0_right_0: Starting process for DBN 1
place_goal_0_right_0: Starting process for DBN 2
place_goal_0_right_0: Starting process for DBN 3
place_goal_0_right_0: Received dict for DBN 1
place_goal_0_right_0: Received dict for DBN 0
place_goal_0_right_0: Received dict for DBN 2
place_goal_0_right_0: Received dict for DBN 3
place_goal_0_right_0: Sampling transitions and computing reward
place_goal_0_right_0: Building transition/reward matrices
place_goal_0_front_270: Identifying enabled states...
place_goal_0_front_270: Splitting up datasets...
place_goal_0_front_270: Learning DBNS...
place_goal_0_front_270: Building transition dicts for each DBN
place_goal_0_front_270: Starting process for DBN 0
place_goal_0_front_270: Starting process for DBN 1
place_goal_0_front_270: Starting process for DBN 2
place_goal_0_front_270: Starting process for DBN 3
place_goal_0_front_270: Received dict for DBN 0
place_goal_0_front_270: Received dict for DBN 1
place_goal_0_front_270: Received dict for DBN 2
place_goal_0_front_270: Received dict for DBN 3
place_goal_0_front_270: Sampling transitions and computing reward
place_goal_0_front_270: Building transition/reward matrices
place_goal_1_top_0: Identifying enabled states...
place_goal_1_top_0: Splitting up datasets...
place_goal_1_top_0: Learning DBNS...
place_goal_1_top_0: Building transition dicts for each DBN
place_goal_1_top_0: Starting process for DBN 0
place_goal_1_top_0: Starting process for DBN 1
place_goal_1_top_0: Starting process for DBN 2
place_goal_1_top_0: Starting process for DBN 3
place_goal_1_top_0: Received dict for DBN 1
place_goal_1_top_0: Received dict for DBN 0
place_goal_1_top_0: Received dict for DBN 2
place_goal_1_top_0: Received dict for DBN 3
place_goal_1_top_0: Sampling transitions and computing reward
place_goal_1_top_0: Building transition/reward matrices
place_goal_1_left_0: Identifying enabled states...
place_goal_1_left_0: Splitting up datasets...
place_goal_1_left_0: Learning DBNS...
place_goal_1_left_0: Building transition dicts for each DBN
place_goal_1_left_0: Starting process for DBN 0
place_goal_1_left_0: Starting process for DBN 1
place_goal_1_left_0: Starting process for DBN 2
place_goal_1_left_0: Starting process for DBN 3
place_goal_1_left_0: Received dict for DBN 0
place_goal_1_left_0: Received dict for DBN 1
place_goal_1_left_0: Received dict for DBN 2
place_goal_1_left_0: Received dict for DBN 3
place_goal_1_left_0: Sampling transitions and computing reward
place_goal_1_left_0: Building transition/reward matrices
place_goal_1_right_0: Identifying enabled states...
place_goal_1_right_0: Splitting up datasets...
place_goal_1_right_0: Learning DBNS...
place_goal_1_right_0: Building transition dicts for each DBN
place_goal_1_right_0: Starting process for DBN 0
place_goal_1_right_0: Starting process for DBN 1
place_goal_1_right_0: Starting process for DBN 2
place_goal_1_right_0: Starting process for DBN 3
place_goal_1_right_0: Received dict for DBN 3
place_goal_1_right_0: Received dict for DBN 0
place_goal_1_right_0: Received dict for DBN 2
place_goal_1_right_0: Received dict for DBN 1
place_goal_1_right_0: Sampling transitions and computing reward
place_goal_1_right_0: Building transition/reward matrices
place_goal_1_front_270: Identifying enabled states...
place_goal_1_front_270: Splitting up datasets...
place_goal_1_front_270: Learning DBNS...
place_goal_1_front_270: Building transition dicts for each DBN
place_goal_1_front_270: Starting process for DBN 0
place_goal_1_front_270: Starting process for DBN 1
place_goal_1_front_270: Starting process for DBN 2
place_goal_1_front_270: Starting process for DBN 3
place_goal_1_front_270: Received dict for DBN 0
place_goal_1_front_270: Received dict for DBN 1
place_goal_1_front_270: Received dict for DBN 2
place_goal_1_front_270: Received dict for DBN 3
place_goal_1_front_270: Sampling transitions and computing reward
place_goal_1_front_270: Building transition/reward matrices
place_goal_2_top_0: Identifying enabled states...
place_goal_2_top_0: Splitting up datasets...
place_goal_2_top_0: Learning DBNS...
place_goal_2_top_0: Building transition dicts for each DBN
place_goal_2_top_0: Starting process for DBN 0
place_goal_2_top_0: Starting process for DBN 1
place_goal_2_top_0: Starting process for DBN 2
place_goal_2_top_0: Starting process for DBN 3
place_goal_2_top_0: Received dict for DBN 0
place_goal_2_top_0: Received dict for DBN 1
place_goal_2_top_0: Received dict for DBN 2
place_goal_2_top_0: Received dict for DBN 3
place_goal_2_top_0: Sampling transitions and computing reward
place_goal_2_top_0: Building transition/reward matrices
place_goal_2_left_0: Identifying enabled states...
place_goal_2_left_0: Splitting up datasets...
place_goal_2_left_0: Learning DBNS...
place_goal_2_left_0: Building transition dicts for each DBN
place_goal_2_left_0: Starting process for DBN 0
place_goal_2_left_0: Starting process for DBN 1
place_goal_2_left_0: Starting process for DBN 2
place_goal_2_left_0: Starting process for DBN 3
place_goal_2_left_0: Received dict for DBN 0
place_goal_2_left_0: Received dict for DBN 1
place_goal_2_left_0: Received dict for DBN 2
place_goal_2_left_0: Received dict for DBN 3
place_goal_2_left_0: Sampling transitions and computing reward
place_goal_2_left_0: Building transition/reward matrices
place_goal_2_right_0: Identifying enabled states...
place_goal_2_right_0: Splitting up datasets...
place_goal_2_right_0: Learning DBNS...
place_goal_2_right_0: Building transition dicts for each DBN
place_goal_2_right_0: Starting process for DBN 0
place_goal_2_right_0: Starting process for DBN 1
place_goal_2_right_0: Starting process for DBN 2
place_goal_2_right_0: Starting process for DBN 3
place_goal_2_right_0: Received dict for DBN 3
place_goal_2_right_0: Received dict for DBN 0
place_goal_2_right_0: Received dict for DBN 1
place_goal_2_right_0: Received dict for DBN 2
place_goal_2_right_0: Sampling transitions and computing reward
place_goal_2_right_0: Building transition/reward matrices
place_goal_2_front_270: Identifying enabled states...
place_goal_2_front_270: Splitting up datasets...
place_goal_2_front_270: Learning DBNS...
place_goal_2_front_270: Building transition dicts for each DBN
place_goal_2_front_270: Starting process for DBN 0
place_goal_2_front_270: Starting process for DBN 1
place_goal_2_front_270: Starting process for DBN 2
place_goal_2_front_270: Starting process for DBN 3
place_goal_2_front_270: Received dict for DBN 0
place_goal_2_front_270: Received dict for DBN 1
place_goal_2_front_270: Received dict for DBN 2
place_goal_2_front_270: Received dict for DBN 3
place_goal_2_front_270: Sampling transitions and computing reward
place_goal_2_front_270: Building transition/reward matrices
place_region_0_top_0: Identifying enabled states...
place_region_0_top_0: Splitting up datasets...
place_region_0_top_0: Learning DBNS...
place_region_0_top_0: Building transition dicts for each DBN
place_region_0_top_0: Starting process for DBN 0
place_region_0_top_0: Starting process for DBN 1
place_region_0_top_0: Starting process for DBN 2
place_region_0_top_0: Starting process for DBN 3
place_region_0_top_0: Received dict for DBN 0
place_region_0_top_0: Received dict for DBN 3
place_region_0_top_0: Received dict for DBN 1
place_region_0_top_0: Received dict for DBN 2
place_region_0_top_0: Sampling transitions and computing reward
place_region_0_top_0: Building transition/reward matrices
place_region_0_left_0: Identifying enabled states...
place_region_0_left_0: Splitting up datasets...
place_region_0_left_0: Learning DBNS...
place_region_0_left_0: Building transition dicts for each DBN
place_region_0_left_0: Starting process for DBN 0
place_region_0_left_0: Starting process for DBN 1
place_region_0_left_0: Starting process for DBN 2
place_region_0_left_0: Starting process for DBN 3
place_region_0_left_0: Received dict for DBN 0
place_region_0_left_0: Received dict for DBN 1
place_region_0_left_0: Received dict for DBN 2
place_region_0_left_0: Received dict for DBN 3
place_region_0_left_0: Sampling transitions and computing reward
place_region_0_left_0: Building transition/reward matrices
place_region_0_right_0: Identifying enabled states...
place_region_0_right_0: Splitting up datasets...
place_region_0_right_0: Learning DBNS...
place_region_0_right_0: Building transition dicts for each DBN
place_region_0_right_0: Starting process for DBN 0
place_region_0_right_0: Starting process for DBN 1
place_region_0_right_0: Starting process for DBN 2
place_region_0_right_0: Starting process for DBN 3
place_region_0_right_0: Received dict for DBN 0
place_region_0_right_0: Received dict for DBN 1
place_region_0_right_0: Received dict for DBN 2
place_region_0_right_0: Received dict for DBN 3
place_region_0_right_0: Sampling transitions and computing reward
place_region_0_right_0: Building transition/reward matrices
place_region_0_front_270: Identifying enabled states...
place_region_0_front_270: Splitting up datasets...
place_region_0_front_270: Learning DBNS...
place_region_0_front_270: Building transition dicts for each DBN
place_region_0_front_270: Starting process for DBN 0
place_region_0_front_270: Starting process for DBN 1
place_region_0_front_270: Starting process for DBN 2
place_region_0_front_270: Starting process for DBN 3
place_region_0_front_270: Received dict for DBN 3
place_region_0_front_270: Received dict for DBN 0
place_region_0_front_270: Received dict for DBN 1
place_region_0_front_270: Received dict for DBN 2
place_region_0_front_270: Sampling transitions and computing reward
place_region_0_front_270: Building transition/reward matrices
place_region_1_top_0: Identifying enabled states...
place_region_1_top_0: Splitting up datasets...
place_region_1_top_0: Learning DBNS...
place_region_1_top_0: Building transition dicts for each DBN
place_region_1_top_0: Starting process for DBN 0
place_region_1_top_0: Starting process for DBN 1
place_region_1_top_0: Starting process for DBN 2
place_region_1_top_0: Starting process for DBN 3
place_region_1_top_0: Received dict for DBN 0
place_region_1_top_0: Received dict for DBN 1
place_region_1_top_0: Received dict for DBN 2
place_region_1_top_0: Received dict for DBN 3
place_region_1_top_0: Sampling transitions and computing reward
place_region_1_top_0: Building transition/reward matrices
place_region_1_left_0: Identifying enabled states...
place_region_1_left_0: Splitting up datasets...
place_region_1_left_0: Learning DBNS...
place_region_1_left_0: Building transition dicts for each DBN
place_region_1_left_0: Starting process for DBN 0
place_region_1_left_0: Starting process for DBN 1
place_region_1_left_0: Starting process for DBN 2
place_region_1_left_0: Starting process for DBN 3
place_region_1_left_0: Received dict for DBN 0
place_region_1_left_0: Received dict for DBN 1
place_region_1_left_0: Received dict for DBN 2
place_region_1_left_0: Received dict for DBN 3
place_region_1_left_0: Sampling transitions and computing reward
place_region_1_left_0: Building transition/reward matrices
place_region_1_right_0: Identifying enabled states...
place_region_1_right_0: Splitting up datasets...
place_region_1_right_0: Learning DBNS...
place_region_1_right_0: Building transition dicts for each DBN
place_region_1_right_0: Starting process for DBN 0
place_region_1_right_0: Starting process for DBN 1
place_region_1_right_0: Starting process for DBN 2
place_region_1_right_0: Starting process for DBN 3
place_region_1_right_0: Received dict for DBN 0
place_region_1_right_0: Received dict for DBN 1
place_region_1_right_0: Received dict for DBN 2
place_region_1_right_0: Received dict for DBN 3
place_region_1_right_0: Sampling transitions and computing reward
place_region_1_right_0: Building transition/reward matrices
place_region_1_front_270: Identifying enabled states...
place_region_1_front_270: Splitting up datasets...
place_region_1_front_270: Learning DBNS...
place_region_1_front_270: Building transition dicts for each DBN
place_region_1_front_270: Starting process for DBN 0
place_region_1_front_270: Starting process for DBN 1
place_region_1_front_270: Starting process for DBN 2
place_region_1_front_270: Starting process for DBN 3
place_region_1_front_270: Received dict for DBN 0
place_region_1_front_270: Received dict for DBN 1
place_region_1_front_270: Received dict for DBN 2
place_region_1_front_270: Received dict for DBN 3
place_region_1_front_270: Sampling transitions and computing reward
place_region_1_front_270: Building transition/reward matrices
place_region_2_top_0: Identifying enabled states...
place_region_2_top_0: Splitting up datasets...
place_region_2_top_0: Learning DBNS...
place_region_2_top_0: Building transition dicts for each DBN
place_region_2_top_0: Starting process for DBN 0
place_region_2_top_0: Starting process for DBN 1
place_region_2_top_0: Starting process for DBN 2
place_region_2_top_0: Starting process for DBN 3
place_region_2_top_0: Received dict for DBN 0
place_region_2_top_0: Received dict for DBN 1
place_region_2_top_0: Received dict for DBN 3
place_region_2_top_0: Received dict for DBN 2
place_region_2_top_0: Sampling transitions and computing reward
place_region_2_top_0: Building transition/reward matrices
place_region_2_left_0: Identifying enabled states...
place_region_2_left_0: Splitting up datasets...
place_region_2_left_0: Learning DBNS...
place_region_2_left_0: Building transition dicts for each DBN
place_region_2_left_0: Starting process for DBN 0
place_region_2_left_0: Starting process for DBN 1
place_region_2_left_0: Starting process for DBN 2
place_region_2_left_0: Starting process for DBN 3
place_region_2_left_0: Received dict for DBN 1
place_region_2_left_0: Received dict for DBN 0
place_region_2_left_0: Received dict for DBN 2
place_region_2_left_0: Received dict for DBN 3
place_region_2_left_0: Sampling transitions and computing reward
place_region_2_left_0: Building transition/reward matrices
place_region_2_right_0: Identifying enabled states...
place_region_2_right_0: Splitting up datasets...
place_region_2_right_0: Learning DBNS...
place_region_2_right_0: Building transition dicts for each DBN
place_region_2_right_0: Starting process for DBN 0
place_region_2_right_0: Starting process for DBN 1
place_region_2_right_0: Starting process for DBN 2
place_region_2_right_0: Starting process for DBN 3
place_region_2_right_0: Received dict for DBN 0
place_region_2_right_0: Received dict for DBN 1
place_region_2_right_0: Received dict for DBN 2
place_region_2_right_0: Received dict for DBN 3
place_region_2_right_0: Sampling transitions and computing reward
place_region_2_right_0: Building transition/reward matrices
place_region_2_front_270: Identifying enabled states...
place_region_2_front_270: Splitting up datasets...
place_region_2_front_270: Learning DBNS...
place_region_2_front_270: Building transition dicts for each DBN
place_region_2_front_270: Starting process for DBN 0
place_region_2_front_270: Starting process for DBN 1
place_region_2_front_270: Starting process for DBN 2
place_region_2_front_270: Starting process for DBN 3
place_region_2_front_270: Received dict for DBN 1
place_region_2_front_270: Received dict for DBN 0
place_region_2_front_270: Received dict for DBN 2
place_region_2_front_270: Received dict for DBN 3
place_region_2_front_270: Sampling transitions and computing reward
place_region_2_front_270: Building transition/reward matrices
Building MDP...
Synthesising Policy...
Solving MDP for timestep: 29
Solving MDP for timestep: 28
Solving MDP for timestep: 27
Solving MDP for timestep: 26
Solving MDP for timestep: 25
Solving MDP for timestep: 24
Solving MDP for timestep: 23
Solving MDP for timestep: 22
Solving MDP for timestep: 21
Solving MDP for timestep: 20
Solving MDP for timestep: 19
Solving MDP for timestep: 18
Solving MDP for timestep: 17
Solving MDP for timestep: 16
Solving MDP for timestep: 15
Solving MDP for timestep: 14
Solving MDP for timestep: 13
Solving MDP for timestep: 12
Solving MDP for timestep: 11
Solving MDP for timestep: 10
Solving MDP for timestep: 9
Solving MDP for timestep: 8
Solving MDP for timestep: 7
Solving MDP for timestep: 6
Solving MDP for timestep: 5
Solving MDP for timestep: 4
Solving MDP for timestep: 3
Solving MDP for timestep: 2
Solving MDP for timestep: 1
Solving MDP for timestep: 0
Resetting the scene for new episode
Step 0
policy value 0.9884510636329651
State(column0: region_0, column1: region_2, column2: region_1)
pick_column0_top_0
Action: Action(ActionType.PICK, obj=/column0, slot=None,grasp=GraspType.TOP_0)
[EXEC] Picking /column0 with top_0

[INFO] Found 3584 potential configurations.
[INFO] Motion completed successfully with result: success,in execution time: 3.44 seconds
[INFO] Found a reachable configuration for pick action after 1 attempts.
Tip distance after pick: 0.028658680681150964
[INFO] Pick action completed successfully.in execution time: 3.44 seconds
[EXEC] Action ActionType.PICK executed in 24.27 seconds
[SUCCESS] Action ActionType.PICK succeeded for object /column0
Action duration: 3.44
[LOG] Transition logged to MongoDB: f3fb32f7-6c7b-4976-8005-709c6e29f096 - Episode 3
Step 1
policy value 0.9884510636329651
State(column0: held, column1: region_2, column2: region_1)
place_goal_1_right_0
Action: Action(ActionType.PLACE, obj=/column0, slot=/goal_1,grasp=GraspType.RIGHT_0)
[EXEC] Placing at [-0.2749999999999999, 1.0750000000000006, 0.5] with grasp right_0

[INFO] Found 2176 potential configurations.
[INFO] Motion completed successfully with result: success,in execution time: 10.76 seconds
[INFO] Found a reachable configuration for place action after 1 attempts.
[INFO] Place action completed successfully.
realigning placed object /column0 to target position
[EXEC] Action ActionType.PLACE executed in 42.12 seconds
[SUCCESS] Action ActionType.PLACE succeeded for object /column0
Action duration: 10.76
[LOG] Transition logged to MongoDB: f3fb32f7-6c7b-4976-8005-709c6e29f096 - Episode 3
Step 2
policy value 0.984779417514801
State(column0: goal_1, column1: region_2, column2: region_1)
pick_column2_front_270
Action: Action(ActionType.PICK, obj=/column2, slot=None,grasp=GraspType.FRONT_270)
[EXEC] Picking /column2 with front_270

[INFO] Found 1088 potential configurations.
[WARN] No valid configuration found (all tested configs invalid).
[EXEC] Action ActionType.PICK executed in 2.68 seconds
[ERROR] Action ActionType.PICK failed for object /column2
Action duration: 0.001
[LOG] Transition logged to MongoDB: f3fb32f7-6c7b-4976-8005-709c6e29f096 - Episode 3
Action failed, stopping. Time elapsed: 0.001
Step 3
policy value 0.9482582211494446
State(column0: goal_1, column1: region_2, column2: region_1)
pick_column2_front_270
Action: Action(ActionType.PICK, obj=/column2, slot=None,grasp=GraspType.FRONT_270)
[EXEC] Picking /column2 with front_270

[INFO] Found 1152 potential configurations.
[WARN] No valid configuration found (all tested configs invalid).
[EXEC] Action ActionType.PICK executed in 2.44 seconds
[ERROR] Action ActionType.PICK failed for object /column2
Action duration: 0.001
[LOG] Transition logged to MongoDB: f3fb32f7-6c7b-4976-8005-709c6e29f096 - Episode 3
Action failed, stopping. Time elapsed: 0.001
Step 4
policy value 0.9120425581932068
State(column0: goal_1, column1: region_2, column2: region_1)
pick_column2_front_270
Action: Action(ActionType.PICK, obj=/column2, slot=None,grasp=GraspType.FRONT_270)
[EXEC] Picking /column2 with front_270

[INFO] Found 1664 potential configurations.
[WARN] No valid configuration found (all tested configs invalid).
[EXEC] Action ActionType.PICK executed in 2.11 seconds
[ERROR] Action ActionType.PICK failed for object /column2
Action duration: 0.001
[LOG] Transition logged to MongoDB: f3fb32f7-6c7b-4976-8005-709c6e29f096 - Episode 3
Action failed, stopping. Time elapsed: 0.001
Step 5
policy value 0.8771541714668274
State(column0: goal_1, column1: region_2, column2: region_1)
pick_column2_front_270
Action: Action(ActionType.PICK, obj=/column2, slot=None,grasp=GraspType.FRONT_270)
[EXEC] Picking /column2 with front_270

[INFO] Found 2304 potential configurations.
[WARN] No valid configuration found (all tested configs invalid).
[EXEC] Action ActionType.PICK executed in 2.47 seconds
[ERROR] Action ActionType.PICK failed for object /column2
Action duration: 0.001
[LOG] Transition logged to MongoDB: f3fb32f7-6c7b-4976-8005-709c6e29f096 - Episode 3
Action failed, stopping. Time elapsed: 0.001
Step 6
policy value 0.8428233861923218
State(column0: goal_1, column1: region_2, column2: region_1)
pick_column0_right_0
Action: Action(ActionType.PICK, obj=/column0, slot=None,grasp=GraspType.RIGHT_0)
[EXEC] Picking /column0 with right_0

[INFO] Found 1344 potential configurations.
[INFO] Motion completed successfully with result: success,in execution time: 1.76 seconds
[INFO] Found a reachable configuration for pick action after 1 attempts.
Tip distance after pick: 0.019380820759798245
[INFO] Pick action completed successfully.in execution time: 1.76 seconds
[EXEC] Action ActionType.PICK executed in 18.65 seconds
[SUCCESS] Action ActionType.PICK succeeded for object /column0
Action duration: 1.76
[LOG] Transition logged to MongoDB: f3fb32f7-6c7b-4976-8005-709c6e29f096 - Episode 3
Step 7
policy value 0.779207706451416
State(column0: held, column1: region_2, column2: region_1)
place_goal_1_right_0
Action: Action(ActionType.PLACE, obj=/column0, slot=/goal_1,grasp=GraspType.RIGHT_0)
[EXEC] Placing at [-0.2749999999999999, 1.0750000000000006, 0.5] with grasp right_0

[INFO] Found 640 potential configurations.
[WARN] No valid configuration found (all tested configs invalid).
[EXEC] Action ActionType.PLACE executed in 2.48 seconds
[ERROR] Action ActionType.PLACE failed for object /column0
Action duration: 0.001
[LOG] Transition logged to MongoDB: f3fb32f7-6c7b-4976-8005-709c6e29f096 - Episode 3
Action failed, stopping. Time elapsed: 0.001
Step 8
policy value 0.7452210783958435
State(column0: held, column1: region_2, column2: region_1)
place_goal_1_right_0
Action: Action(ActionType.PLACE, obj=/column0, slot=/goal_1,grasp=GraspType.RIGHT_0)
[EXEC] Placing at [-0.2749999999999999, 1.0750000000000006, 0.5] with grasp right_0

[INFO] Found 1280 potential configurations.
[WARN] No valid configuration found (all tested configs invalid).
[EXEC] Action ActionType.PLACE executed in 1.90 seconds
[ERROR] Action ActionType.PLACE failed for object /column0
Action duration: 0.001
[LOG] Transition logged to MongoDB: f3fb32f7-6c7b-4976-8005-709c6e29f096 - Episode 3
Action failed, stopping. Time elapsed: 0.001
Step 9
policy value 0.711234450340271
State(column0: held, column1: region_2, column2: region_1)
place_goal_1_right_0
Action: Action(ActionType.PLACE, obj=/column0, slot=/goal_1,grasp=GraspType.RIGHT_0)
[EXEC] Placing at [-0.2749999999999999, 1.0750000000000006, 0.5] with grasp right_0

[INFO] Found 1472 potential configurations.
[INFO] Motion completed successfully with result: success,in execution time: 0.40 seconds
[INFO] Found a reachable configuration for place action after 1 attempts.
[INFO] Place action completed successfully.
realigning placed object /column0 to target position
[EXEC] Action ActionType.PLACE executed in 17.87 seconds
[SUCCESS] Action ActionType.PLACE succeeded for object /column0
Action duration: 0.39999999999999
[LOG] Transition logged to MongoDB: f3fb32f7-6c7b-4976-8005-709c6e29f096 - Episode 3
Step 10
policy value 0.706876814365387
State(column0: goal_1, column1: region_2, column2: region_1)
pick_column0_right_0
Action: Action(ActionType.PICK, obj=/column0, slot=None,grasp=GraspType.RIGHT_0)
[EXEC] Picking /column0 with right_0

[INFO] Found 1088 potential configurations.
[INFO] Motion completed successfully with result: success,in execution time: 1.68 seconds
[INFO] Found a reachable configuration for pick action after 1 attempts.
Tip distance after pick: 0.020711931026974818
[INFO] Pick action completed successfully.in execution time: 1.68 seconds
[EXEC] Action ActionType.PICK executed in 19.54 seconds
[SUCCESS] Action ActionType.PICK succeeded for object /column0
Action duration: 1.68
[LOG] Transition logged to MongoDB: f3fb32f7-6c7b-4976-8005-709c6e29f096 - Episode 3
Step 11
policy value 0.6432611346244812
State(column0: held, column1: region_2, column2: region_1)
place_goal_1_right_0
Action: Action(ActionType.PLACE, obj=/column0, slot=/goal_1,grasp=GraspType.RIGHT_0)
[EXEC] Placing at [-0.2749999999999999, 1.0750000000000006, 0.5] with grasp right_0

[INFO] Found 2112 potential configurations.
[INFO] Motion completed successfully with result: success,in execution time: 0.40 seconds
[INFO] Found a reachable configuration for place action after 1 attempts.
[INFO] Place action completed successfully.
realigning placed object /column0 to target position
[EXEC] Action ActionType.PLACE executed in 15.90 seconds
[SUCCESS] Action ActionType.PLACE succeeded for object /column0
Action duration: 0.39999999999999
[LOG] Transition logged to MongoDB: f3fb32f7-6c7b-4976-8005-709c6e29f096 - Episode 3
Step 12
policy value 0.6389035582542419
State(column0: goal_1, column1: region_2, column2: region_1)
pick_column0_right_0
Action: Action(ActionType.PICK, obj=/column0, slot=None,grasp=GraspType.RIGHT_0)
[EXEC] Picking /column0 with right_0

[INFO] Found 1088 potential configurations.
[INFO] Motion completed successfully with result: success,in execution time: 1.72 seconds
[INFO] Found a reachable configuration for pick action after 1 attempts.
Tip distance after pick: 0.019306747064310615
[INFO] Pick action completed successfully.in execution time: 1.72 seconds
[EXEC] Action ActionType.PICK executed in 15.45 seconds
[SUCCESS] Action ActionType.PICK succeeded for object /column0
Action duration: 1.7200000000003
[LOG] Transition logged to MongoDB: f3fb32f7-6c7b-4976-8005-709c6e29f096 - Episode 3
Step 13
policy value 0.5752878785133362
State(column0: held, column1: region_2, column2: region_1)
place_goal_1_right_0
Action: Action(ActionType.PLACE, obj=/column0, slot=/goal_1,grasp=GraspType.RIGHT_0)
[EXEC] Placing at [-0.2749999999999999, 1.0750000000000006, 0.5] with grasp right_0

[INFO] Found 1792 potential configurations.
[INFO] Motion completed successfully with result: success,in execution time: 0.40 seconds
[INFO] Found a reachable configuration for place action after 1 attempts.
[INFO] Place action completed successfully.
realigning placed object /column0 to target position
[EXEC] Action ActionType.PLACE executed in 18.92 seconds
[SUCCESS] Action ActionType.PLACE succeeded for object /column0
Action duration: 0.40000000000006
[LOG] Transition logged to MongoDB: f3fb32f7-6c7b-4976-8005-709c6e29f096 - Episode 3
Step 14
policy value 0.5709303021430969
State(column0: goal_1, column1: region_2, column2: region_1)
pick_column0_right_0
Action: Action(ActionType.PICK, obj=/column0, slot=None,grasp=GraspType.RIGHT_0)
[EXEC] Picking /column0 with right_0

[INFO] Found 896 potential configurations.
[WARN] No valid configuration found (all tested configs invalid).
[EXEC] Action ActionType.PICK executed in 1.55 seconds
[ERROR] Action ActionType.PICK failed for object /column0
Action duration: 0.001
[LOG] Transition logged to MongoDB: f3fb32f7-6c7b-4976-8005-709c6e29f096 - Episode 3
Action failed, stopping. Time elapsed: 0.001
Step 15
policy value 0.5369436740875244
State(column0: goal_1, column1: region_2, column2: region_1)
pick_column0_right_0
Action: Action(ActionType.PICK, obj=/column0, slot=None,grasp=GraspType.RIGHT_0)
[EXEC] Picking /column0 with right_0

[INFO] Found 1216 potential configurations.
[WARN] No valid configuration found (all tested configs invalid).
[EXEC] Action ActionType.PICK executed in 1.71 seconds
[ERROR] Action ActionType.PICK failed for object /column0
Action duration: 0.001
[LOG] Transition logged to MongoDB: f3fb32f7-6c7b-4976-8005-709c6e29f096 - Episode 3
Action failed, stopping. Time elapsed: 0.001
Step 16
policy value 0.5029570460319519
State(column0: goal_1, column1: region_2, column2: region_1)
pick_column0_right_0
Action: Action(ActionType.PICK, obj=/column0, slot=None,grasp=GraspType.RIGHT_0)
[EXEC] Picking /column0 with right_0

[INFO] Found 896 potential configurations.
[INFO] Motion completed successfully with result: success,in execution time: 1.68 seconds
[INFO] Found a reachable configuration for pick action after 1 attempts.
Tip distance after pick: 0.01959103887913892
[INFO] Pick action completed successfully.in execution time: 1.68 seconds
[EXEC] Action ActionType.PICK executed in 18.40 seconds
[SUCCESS] Action ActionType.PICK succeeded for object /column0
Action duration: 1.6800000000003
[LOG] Transition logged to MongoDB: f3fb32f7-6c7b-4976-8005-709c6e29f096 - Episode 3
Step 17
policy value 0.43934133648872375
State(column0: held, column1: region_2, column2: region_1)
place_goal_1_right_0
Action: Action(ActionType.PLACE, obj=/column0, slot=/goal_1,grasp=GraspType.RIGHT_0)
[EXEC] Placing at [-0.2749999999999999, 1.0750000000000006, 0.5] with grasp right_0

[INFO] Found 832 potential configurations.
[INFO] Motion completed successfully with result: success,in execution time: 0.36 seconds
[INFO] Found a reachable configuration for place action after 1 attempts.
[INFO] Place action completed successfully.
realigning placed object /column0 to target position
[EXEC] Action ActionType.PLACE executed in 13.96 seconds
[SUCCESS] Action ActionType.PLACE succeeded for object /column0
Action duration: 0.36000000000006
[LOG] Transition logged to MongoDB: f3fb32f7-6c7b-4976-8005-709c6e29f096 - Episode 3
Step 18
policy value 0.4349837303161621
State(column0: goal_1, column1: region_2, column2: region_1)
pick_column0_right_0
Action: Action(ActionType.PICK, obj=/column0, slot=None,grasp=GraspType.RIGHT_0)
[EXEC] Picking /column0 with right_0

[INFO] Found 1472 potential configurations.
[INFO] Motion completed successfully with result: success,in execution time: 1.68 seconds
[INFO] Found a reachable configuration for pick action after 1 attempts.
Tip distance after pick: 0.020219984313038213
[INFO] Pick action completed successfully.in execution time: 1.68 seconds
[EXEC] Action ActionType.PICK executed in 18.39 seconds
[SUCCESS] Action ActionType.PICK succeeded for object /column0
Action duration: 1.6800000000003
[LOG] Transition logged to MongoDB: f3fb32f7-6c7b-4976-8005-709c6e29f096 - Episode 3
Step 19
policy value 0.3713679611682892
State(column0: held, column1: region_2, column2: region_1)
place_goal_1_right_0
Action: Action(ActionType.PLACE, obj=/column0, slot=/goal_1,grasp=GraspType.RIGHT_0)
[EXEC] Placing at [-0.2749999999999999, 1.0750000000000006, 0.5] with grasp right_0

[INFO] Found 1344 potential configurations.
[INFO] Motion completed successfully with result: success,in execution time: 0.40 seconds
[INFO] Found a reachable configuration for place action after 1 attempts.
[INFO] Place action completed successfully.
realigning placed object /column0 to target position
[EXEC] Action ActionType.PLACE executed in 15.83 seconds
[SUCCESS] Action ActionType.PLACE succeeded for object /column0
Action duration: 0.40000000000006
[LOG] Transition logged to MongoDB: f3fb32f7-6c7b-4976-8005-709c6e29f096 - Episode 3
Step 20
policy value 0.367010235786438
State(column0: goal_1, column1: region_2, column2: region_1)
pick_column0_right_0
Action: Action(ActionType.PICK, obj=/column0, slot=None,grasp=GraspType.RIGHT_0)
[EXEC] Picking /column0 with right_0

[INFO] Found 1152 potential configurations.
[ERROR] Motion failed (collision or invalid path)
[ERROR] Motion result: no_path
[WARN] Failed to find a path to the selected pick config on attempt 1.
[WARN] No path found to picked config, discarding and trying next valid config...
[INFO] Motion completed successfully with result: success,in execution time: 9.88 seconds
[INFO] Found a reachable configuration for pick action after 2 attempts.
Tip distance after pick: 0.018990476401031395
[INFO] Pick action completed successfully.in execution time: 9.88 seconds
[EXEC] Action ActionType.PICK executed in 27.03 seconds
[SUCCESS] Action ActionType.PICK succeeded for object /column0
Action duration: 9.8799999999986
[LOG] Transition logged to MongoDB: f3fb32f7-6c7b-4976-8005-709c6e29f096 - Episode 3
Step 21
policy value 0.3033936619758606
State(column0: held, column1: region_2, column2: region_1)
place_goal_1_right_0
Action: Action(ActionType.PLACE, obj=/column0, slot=/goal_1,grasp=GraspType.RIGHT_0)
[EXEC] Placing at [-0.2749999999999999, 1.0750000000000006, 0.5] with grasp right_0

[INFO] Found 832 potential configurations.
[INFO] Motion completed successfully with result: success,in execution time: 0.48 seconds
[INFO] Found a reachable configuration for place action after 1 attempts.
[INFO] Place action completed successfully.
realigning placed object /column0 to target position
[EXEC] Action ActionType.PLACE executed in 19.53 seconds
[SUCCESS] Action ActionType.PLACE succeeded for object /column0
Action duration: 0.4799999999999
[LOG] Transition logged to MongoDB: f3fb32f7-6c7b-4976-8005-709c6e29f096 - Episode 3
Step 22
policy value 0.2990347445011139
State(column0: goal_1, column1: region_2, column2: region_1)
pick_column0_right_0
Action: Action(ActionType.PICK, obj=/column0, slot=None,grasp=GraspType.RIGHT_0)
[EXEC] Picking /column0 with right_0

[INFO] Found 768 potential configurations.
[WARN] No valid configuration found (all tested configs invalid).
[EXEC] Action ActionType.PICK executed in 1.73 seconds
[ERROR] Action ActionType.PICK failed for object /column0
Action duration: 0.001
[LOG] Transition logged to MongoDB: f3fb32f7-6c7b-4976-8005-709c6e29f096 - Episode 3
Action failed, stopping. Time elapsed: 0.001
Step 23
policy value 0.2650582790374756
State(column0: goal_1, column1: region_2, column2: region_1)
pick_column0_right_0
Action: Action(ActionType.PICK, obj=/column0, slot=None,grasp=GraspType.RIGHT_0)
[EXEC] Picking /column0 with right_0

[INFO] Found 1216 potential configurations.
[INFO] Motion completed successfully with result: success,in execution time: 1.68 seconds
[INFO] Found a reachable configuration for pick action after 1 attempts.
Tip distance after pick: 0.020923806314263223
[INFO] Pick action completed successfully.in execution time: 1.68 seconds
[EXEC] Action ActionType.PICK executed in 18.15 seconds
[SUCCESS] Action ActionType.PICK succeeded for object /column0
Action duration: 1.6799999999997
[LOG] Transition logged to MongoDB: f3fb32f7-6c7b-4976-8005-709c6e29f096 - Episode 3
Step 24
policy value 0.2014695405960083
State(column0: held, column1: region_2, column2: region_1)
place_goal_1_right_0
Action: Action(ActionType.PLACE, obj=/column0, slot=/goal_1,grasp=GraspType.RIGHT_0)
[EXEC] Placing at [-0.2749999999999999, 1.0750000000000006, 0.5] with grasp right_0

[INFO] Found 1792 potential configurations.
[INFO] Motion completed successfully with result: success,in execution time: 0.36 seconds
[INFO] Found a reachable configuration for place action after 1 attempts.
[INFO] Place action completed successfully.
realigning placed object /column0 to target position
[EXEC] Action ActionType.PLACE executed in 20.31 seconds
[SUCCESS] Action ActionType.PLACE succeeded for object /column0
Action duration: 0.35999999999993
[LOG] Transition logged to MongoDB: f3fb32f7-6c7b-4976-8005-709c6e29f096 - Episode 3
Step 25
policy value 0.1971530020236969
State(column0: goal_1, column1: region_2, column2: region_1)
pick_column0_right_0
Action: Action(ActionType.PICK, obj=/column0, slot=None,grasp=GraspType.RIGHT_0)
[EXEC] Picking /column0 with right_0

[INFO] Found 1280 potential configurations.
[ERROR] Motion failed (collision or invalid path)
[ERROR] Motion result: no_path
[WARN] Failed to find a path to the selected pick config on attempt 1.
[WARN] No path found to picked config, discarding and trying next valid config...
[INFO] Motion completed successfully with result: success,in execution time: 9.92 seconds
[INFO] Found a reachable configuration for pick action after 2 attempts.
Tip distance after pick: 0.019428107778969746
[INFO] Pick action completed successfully.in execution time: 9.92 seconds
[EXEC] Action ActionType.PICK executed in 34.05 seconds
[SUCCESS] Action ActionType.PICK succeeded for object /column0
Action duration: 9.919999999998
[LOG] Transition logged to MongoDB: f3fb32f7-6c7b-4976-8005-709c6e29f096 - Episode 3
Step 26
policy value 0.13444454967975616
State(column0: held, column1: region_2, column2: region_1)
place_goal_0_right_0
Action: Action(ActionType.PLACE, obj=/column0, slot=/goal_0,grasp=GraspType.RIGHT_0)
[EXEC] Placing at [-0.27499999999999986, 0.8250000000000005, 0.5] with grasp right_0

[INFO] Found 2752 potential configurations.
[INFO] Motion completed successfully with result: success,in execution time: 2.08 seconds
[INFO] Found a reachable configuration for place action after 1 attempts.
[INFO] Place action completed successfully.
realigning placed object /column0 to target position
[EXEC] Action ActionType.PLACE executed in 21.02 seconds
[SUCCESS] Action ActionType.PLACE succeeded for object /column0
Action duration: 2.0799999999996
[LOG] Transition logged to MongoDB: f3fb32f7-6c7b-4976-8005-709c6e29f096 - Episode 3
Step 27
policy value 0.10203191637992859
State(column0: goal_0, column1: region_2, column2: region_1)
pick_column1_top_0
Action: Action(ActionType.PICK, obj=/column1, slot=None,grasp=GraspType.TOP_0)
[EXEC] Picking /column1 with top_0

[INFO] Found 2368 potential configurations.
[INFO] Motion completed successfully with result: success,in execution time: 3.12 seconds
[INFO] Found a reachable configuration for pick action after 1 attempts.
Tip distance after pick: 0.02644406647554988
[INFO] Pick action completed successfully.in execution time: 3.12 seconds
[EXEC] Action ActionType.PICK executed in 17.73 seconds
[SUCCESS] Action ActionType.PICK succeeded for object /column1
Action duration: 3.1199999999994
[LOG] Transition logged to MongoDB: f3fb32f7-6c7b-4976-8005-709c6e29f096 - Episode 3
Step 28
policy value 0.10203191637992859
State(column0: goal_0, column1: held, column2: region_1)
place_goal_2_right_0
Action: Action(ActionType.PLACE, obj=/column1, slot=/goal_2,grasp=GraspType.RIGHT_0)
[EXEC] Placing at [-0.6000000000000001, 0.8250000000000003, 0.5] with grasp right_0

[INFO] Found 1792 potential configurations.
[INFO] Motion completed successfully with result: success,in execution time: 6.56 seconds
[INFO] Found a reachable configuration for place action after 1 attempts.
[INFO] Place action completed successfully.
realigning placed object /column1 to target position
[EXEC] Action ActionType.PLACE executed in 25.40 seconds
[SUCCESS] Action ActionType.PLACE succeeded for object /column1
Action duration: 6.5599999999987
[LOG] Transition logged to MongoDB: f3fb32f7-6c7b-4976-8005-709c6e29f096 - Episode 3
Step 29
policy value 0.03281698748469353
State(column0: goal_0, column1: goal_2, column2: region_1)
pick_column1_left_0
Action: Action(ActionType.PICK, obj=/column1, slot=None,grasp=GraspType.LEFT_0)
[EXEC] Picking /column1 with left_0
[ERROR] No IK configurations found for desired pick pose.
[EXEC] Action ActionType.PICK executed in 1.03 seconds
[ERROR] Action ActionType.PICK failed for object /column1
Action duration: 0.001
[LOG] Transition logged to MongoDB: f3fb32f7-6c7b-4976-8005-709c6e29f096 - Episode 3
Action failed, stopping. Time elapsed: 0.001
Step 30
policy value None
No more valid actions in policy
Episode 14 ended
Revising policy
USING STORM: False
Reading data from MongoDB...
Total option moiton param combinations 36
Collected combinations 36
Building state to idx mapping...
Building option ensembles...
pick_column0_top_0: Identifying enabled states...
pick_column0_top_0: Splitting up datasets...
pick_column0_top_0: Learning DBNS...
pick_column0_top_0: Building transition dicts for each DBN
pick_column0_top_0: Starting process for DBN 0
pick_column0_top_0: Starting process for DBN 1
pick_column0_top_0: Starting process for DBN 2
pick_column0_top_0: Starting process for DBN 3
pick_column0_top_0: Received dict for DBN 0
pick_column0_top_0: Received dict for DBN 1
pick_column0_top_0: Received dict for DBN 2
pick_column0_top_0: Received dict for DBN 3
pick_column0_top_0: Sampling transitions and computing reward
pick_column0_top_0: Building transition/reward matrices
pick_column0_left_0: Identifying enabled states...
pick_column0_left_0: Splitting up datasets...
pick_column0_left_0: Learning DBNS...
pick_column0_left_0: Building transition dicts for each DBN
pick_column0_left_0: Starting process for DBN 0
pick_column0_left_0: Starting process for DBN 1
pick_column0_left_0: Starting process for DBN 2
pick_column0_left_0: Starting process for DBN 3
pick_column0_left_0: Received dict for DBN 0
pick_column0_left_0: Received dict for DBN 1
pick_column0_left_0: Received dict for DBN 2
pick_column0_left_0: Received dict for DBN 3
pick_column0_left_0: Sampling transitions and computing reward
pick_column0_left_0: Building transition/reward matrices
pick_column0_right_0: Identifying enabled states...
pick_column0_right_0: Splitting up datasets...
pick_column0_right_0: Learning DBNS...
pick_column0_right_0: Building transition dicts for each DBN
pick_column0_right_0: Starting process for DBN 0
pick_column0_right_0: Starting process for DBN 1
pick_column0_right_0: Starting process for DBN 2
pick_column0_right_0: Starting process for DBN 3
pick_column0_right_0: Received dict for DBN 0
pick_column0_right_0: Received dict for DBN 1
pick_column0_right_0: Received dict for DBN 2
pick_column0_right_0: Received dict for DBN 3
pick_column0_right_0: Sampling transitions and computing reward
pick_column0_right_0: Building transition/reward matrices
pick_column0_front_270: Identifying enabled states...
pick_column0_front_270: Splitting up datasets...
pick_column0_front_270: Learning DBNS...
pick_column0_front_270: Building transition dicts for each DBN
pick_column0_front_270: Starting process for DBN 0
pick_column0_front_270: Starting process for DBN 1
pick_column0_front_270: Starting process for DBN 2
pick_column0_front_270: Starting process for DBN 3
pick_column0_front_270: Received dict for DBN 0
pick_column0_front_270: Received dict for DBN 1
pick_column0_front_270: Received dict for DBN 2
pick_column0_front_270: Received dict for DBN 3
pick_column0_front_270: Sampling transitions and computing reward
pick_column0_front_270: Building transition/reward matrices
pick_column1_top_0: Identifying enabled states...
pick_column1_top_0: Splitting up datasets...
pick_column1_top_0: Learning DBNS...
pick_column1_top_0: Building transition dicts for each DBN
pick_column1_top_0: Starting process for DBN 0
pick_column1_top_0: Starting process for DBN 1
pick_column1_top_0: Starting process for DBN 2
pick_column1_top_0: Starting process for DBN 3
pick_column1_top_0: Received dict for DBN 0
pick_column1_top_0: Received dict for DBN 1
pick_column1_top_0: Received dict for DBN 2
pick_column1_top_0: Received dict for DBN 3
pick_column1_top_0: Sampling transitions and computing reward
pick_column1_top_0: Building transition/reward matrices
pick_column1_left_0: Identifying enabled states...
pick_column1_left_0: Splitting up datasets...
pick_column1_left_0: Learning DBNS...
pick_column1_left_0: Building transition dicts for each DBN
pick_column1_left_0: Starting process for DBN 0
pick_column1_left_0: Starting process for DBN 1
pick_column1_left_0: Starting process for DBN 2
pick_column1_left_0: Starting process for DBN 3
pick_column1_left_0: Received dict for DBN 0
pick_column1_left_0: Received dict for DBN 1
pick_column1_left_0: Received dict for DBN 2
pick_column1_left_0: Received dict for DBN 3
pick_column1_left_0: Sampling transitions and computing reward
pick_column1_left_0: Building transition/reward matrices
pick_column1_right_0: Identifying enabled states...
pick_column1_right_0: Splitting up datasets...
pick_column1_right_0: Learning DBNS...
pick_column1_right_0: Building transition dicts for each DBN
pick_column1_right_0: Starting process for DBN 0
pick_column1_right_0: Starting process for DBN 1
pick_column1_right_0: Starting process for DBN 2
pick_column1_right_0: Starting process for DBN 3
pick_column1_right_0: Received dict for DBN 0
pick_column1_right_0: Received dict for DBN 1
pick_column1_right_0: Received dict for DBN 2
pick_column1_right_0: Received dict for DBN 3
pick_column1_right_0: Sampling transitions and computing reward
pick_column1_right_0: Building transition/reward matrices
pick_column1_front_270: Identifying enabled states...
pick_column1_front_270: Splitting up datasets...
pick_column1_front_270: Learning DBNS...
pick_column1_front_270: Building transition dicts for each DBN
pick_column1_front_270: Starting process for DBN 0
pick_column1_front_270: Starting process for DBN 1
pick_column1_front_270: Starting process for DBN 2
pick_column1_front_270: Starting process for DBN 3
pick_column1_front_270: Received dict for DBN 0
pick_column1_front_270: Received dict for DBN 1
pick_column1_front_270: Received dict for DBN 2
pick_column1_front_270: Received dict for DBN 3
pick_column1_front_270: Sampling transitions and computing reward
pick_column1_front_270: Building transition/reward matrices
pick_column2_top_0: Identifying enabled states...
pick_column2_top_0: Splitting up datasets...
pick_column2_top_0: Learning DBNS...
pick_column2_top_0: Building transition dicts for each DBN
pick_column2_top_0: Starting process for DBN 0
pick_column2_top_0: Starting process for DBN 1
pick_column2_top_0: Starting process for DBN 2
pick_column2_top_0: Starting process for DBN 3
pick_column2_top_0: Received dict for DBN 0
pick_column2_top_0: Received dict for DBN 1
pick_column2_top_0: Received dict for DBN 2
pick_column2_top_0: Received dict for DBN 3
pick_column2_top_0: Sampling transitions and computing reward
pick_column2_top_0: Building transition/reward matrices
pick_column2_left_0: Identifying enabled states...
pick_column2_left_0: Splitting up datasets...
pick_column2_left_0: Learning DBNS...
pick_column2_left_0: Building transition dicts for each DBN
pick_column2_left_0: Starting process for DBN 0
pick_column2_left_0: Starting process for DBN 1
pick_column2_left_0: Starting process for DBN 2
pick_column2_left_0: Starting process for DBN 3
pick_column2_left_0: Received dict for DBN 0
pick_column2_left_0: Received dict for DBN 1
pick_column2_left_0: Received dict for DBN 2
pick_column2_left_0: Received dict for DBN 3
pick_column2_left_0: Sampling transitions and computing reward
pick_column2_left_0: Building transition/reward matrices
pick_column2_right_0: Identifying enabled states...
pick_column2_right_0: Splitting up datasets...
pick_column2_right_0: Learning DBNS...
pick_column2_right_0: Building transition dicts for each DBN
pick_column2_right_0: Starting process for DBN 0
pick_column2_right_0: Starting process for DBN 1
pick_column2_right_0: Starting process for DBN 2
pick_column2_right_0: Starting process for DBN 3
pick_column2_right_0: Received dict for DBN 0
pick_column2_right_0: Received dict for DBN 1
pick_column2_right_0: Received dict for DBN 3
pick_column2_right_0: Received dict for DBN 2
pick_column2_right_0: Sampling transitions and computing reward
pick_column2_right_0: Building transition/reward matrices
pick_column2_front_270: Identifying enabled states...
pick_column2_front_270: Splitting up datasets...
pick_column2_front_270: Learning DBNS...
pick_column2_front_270: Building transition dicts for each DBN
pick_column2_front_270: Starting process for DBN 0
pick_column2_front_270: Starting process for DBN 1
pick_column2_front_270: Starting process for DBN 2
pick_column2_front_270: Starting process for DBN 3
pick_column2_front_270: Received dict for DBN 1
pick_column2_front_270: Received dict for DBN 0
pick_column2_front_270: Received dict for DBN 2
pick_column2_front_270: Received dict for DBN 3
pick_column2_front_270: Sampling transitions and computing reward
pick_column2_front_270: Building transition/reward matrices
place_goal_0_top_0: Identifying enabled states...
place_goal_0_top_0: Splitting up datasets...
place_goal_0_top_0: Learning DBNS...
place_goal_0_top_0: Building transition dicts for each DBN
place_goal_0_top_0: Starting process for DBN 0
place_goal_0_top_0: Starting process for DBN 1
place_goal_0_top_0: Starting process for DBN 2
place_goal_0_top_0: Starting process for DBN 3
place_goal_0_top_0: Received dict for DBN 0
place_goal_0_top_0: Received dict for DBN 3
place_goal_0_top_0: Received dict for DBN 1
place_goal_0_top_0: Received dict for DBN 2
place_goal_0_top_0: Sampling transitions and computing reward
place_goal_0_top_0: Building transition/reward matrices
place_goal_0_left_0: Identifying enabled states...
place_goal_0_left_0: Splitting up datasets...
place_goal_0_left_0: Learning DBNS...
place_goal_0_left_0: Building transition dicts for each DBN
place_goal_0_left_0: Starting process for DBN 0
place_goal_0_left_0: Starting process for DBN 1
place_goal_0_left_0: Starting process for DBN 2
place_goal_0_left_0: Starting process for DBN 3
place_goal_0_left_0: Received dict for DBN 0
place_goal_0_left_0: Received dict for DBN 1
place_goal_0_left_0: Received dict for DBN 2
place_goal_0_left_0: Received dict for DBN 3
place_goal_0_left_0: Sampling transitions and computing reward
place_goal_0_left_0: Building transition/reward matrices
place_goal_0_right_0: Identifying enabled states...
place_goal_0_right_0: Splitting up datasets...
place_goal_0_right_0: Learning DBNS...
place_goal_0_right_0: Building transition dicts for each DBN
place_goal_0_right_0: Starting process for DBN 0
place_goal_0_right_0: Starting process for DBN 1
place_goal_0_right_0: Starting process for DBN 2
place_goal_0_right_0: Starting process for DBN 3
place_goal_0_right_0: Received dict for DBN 0
place_goal_0_right_0: Received dict for DBN 3
place_goal_0_right_0: Received dict for DBN 1
place_goal_0_right_0: Received dict for DBN 2
place_goal_0_right_0: Sampling transitions and computing reward
place_goal_0_right_0: Building transition/reward matrices
place_goal_0_front_270: Identifying enabled states...
place_goal_0_front_270: Splitting up datasets...
place_goal_0_front_270: Learning DBNS...
place_goal_0_front_270: Building transition dicts for each DBN
place_goal_0_front_270: Starting process for DBN 0
place_goal_0_front_270: Starting process for DBN 1
place_goal_0_front_270: Starting process for DBN 2
place_goal_0_front_270: Starting process for DBN 3
place_goal_0_front_270: Received dict for DBN 1
place_goal_0_front_270: Received dict for DBN 2
place_goal_0_front_270: Received dict for DBN 0
place_goal_0_front_270: Received dict for DBN 3
place_goal_0_front_270: Sampling transitions and computing reward
place_goal_0_front_270: Building transition/reward matrices
place_goal_1_top_0: Identifying enabled states...
place_goal_1_top_0: Splitting up datasets...
place_goal_1_top_0: Learning DBNS...
place_goal_1_top_0: Building transition dicts for each DBN
place_goal_1_top_0: Starting process for DBN 0
place_goal_1_top_0: Starting process for DBN 1
place_goal_1_top_0: Starting process for DBN 2
place_goal_1_top_0: Starting process for DBN 3
place_goal_1_top_0: Received dict for DBN 0
place_goal_1_top_0: Received dict for DBN 1
place_goal_1_top_0: Received dict for DBN 2
place_goal_1_top_0: Received dict for DBN 3
place_goal_1_top_0: Sampling transitions and computing reward
place_goal_1_top_0: Building transition/reward matrices
place_goal_1_left_0: Identifying enabled states...
place_goal_1_left_0: Splitting up datasets...
place_goal_1_left_0: Learning DBNS...
place_goal_1_left_0: Building transition dicts for each DBN
place_goal_1_left_0: Starting process for DBN 0
place_goal_1_left_0: Starting process for DBN 1
place_goal_1_left_0: Starting process for DBN 2
place_goal_1_left_0: Starting process for DBN 3
place_goal_1_left_0: Received dict for DBN 0
place_goal_1_left_0: Received dict for DBN 1
place_goal_1_left_0: Received dict for DBN 2
place_goal_1_left_0: Received dict for DBN 3
place_goal_1_left_0: Sampling transitions and computing reward
place_goal_1_left_0: Building transition/reward matrices
place_goal_1_right_0: Identifying enabled states...
place_goal_1_right_0: Splitting up datasets...
place_goal_1_right_0: Learning DBNS...
place_goal_1_right_0: Building transition dicts for each DBN
place_goal_1_right_0: Starting process for DBN 0
place_goal_1_right_0: Starting process for DBN 1
place_goal_1_right_0: Starting process for DBN 2
place_goal_1_right_0: Starting process for DBN 3
place_goal_1_right_0: Received dict for DBN 0
place_goal_1_right_0: Received dict for DBN 3
place_goal_1_right_0: Received dict for DBN 2
place_goal_1_right_0: Received dict for DBN 1
place_goal_1_right_0: Sampling transitions and computing reward
place_goal_1_right_0: Building transition/reward matrices
place_goal_1_front_270: Identifying enabled states...
place_goal_1_front_270: Splitting up datasets...
place_goal_1_front_270: Learning DBNS...
place_goal_1_front_270: Building transition dicts for each DBN
place_goal_1_front_270: Starting process for DBN 0
place_goal_1_front_270: Starting process for DBN 1
place_goal_1_front_270: Starting process for DBN 2
place_goal_1_front_270: Starting process for DBN 3
place_goal_1_front_270: Received dict for DBN 1
place_goal_1_front_270: Received dict for DBN 0
place_goal_1_front_270: Received dict for DBN 2
place_goal_1_front_270: Received dict for DBN 3
place_goal_1_front_270: Sampling transitions and computing reward
place_goal_1_front_270: Building transition/reward matrices
place_goal_2_top_0: Identifying enabled states...
place_goal_2_top_0: Splitting up datasets...
place_goal_2_top_0: Learning DBNS...
place_goal_2_top_0: Building transition dicts for each DBN
place_goal_2_top_0: Starting process for DBN 0
place_goal_2_top_0: Starting process for DBN 1
place_goal_2_top_0: Starting process for DBN 2
place_goal_2_top_0: Starting process for DBN 3
place_goal_2_top_0: Received dict for DBN 0
place_goal_2_top_0: Received dict for DBN 1
place_goal_2_top_0: Received dict for DBN 2
place_goal_2_top_0: Received dict for DBN 3
place_goal_2_top_0: Sampling transitions and computing reward
place_goal_2_top_0: Building transition/reward matrices
place_goal_2_left_0: Identifying enabled states...
place_goal_2_left_0: Splitting up datasets...
place_goal_2_left_0: Learning DBNS...
place_goal_2_left_0: Building transition dicts for each DBN
place_goal_2_left_0: Starting process for DBN 0
place_goal_2_left_0: Starting process for DBN 1
place_goal_2_left_0: Starting process for DBN 2
place_goal_2_left_0: Starting process for DBN 3
place_goal_2_left_0: Received dict for DBN 0
place_goal_2_left_0: Received dict for DBN 1
place_goal_2_left_0: Received dict for DBN 2
place_goal_2_left_0: Received dict for DBN 3
place_goal_2_left_0: Sampling transitions and computing reward
place_goal_2_left_0: Building transition/reward matrices
place_goal_2_right_0: Identifying enabled states...
place_goal_2_right_0: Splitting up datasets...
place_goal_2_right_0: Learning DBNS...
place_goal_2_right_0: Building transition dicts for each DBN
place_goal_2_right_0: Starting process for DBN 0
place_goal_2_right_0: Starting process for DBN 1
place_goal_2_right_0: Starting process for DBN 2
place_goal_2_right_0: Starting process for DBN 3
place_goal_2_right_0: Received dict for DBN 1
place_goal_2_right_0: Received dict for DBN 0
place_goal_2_right_0: Received dict for DBN 3
place_goal_2_right_0: Received dict for DBN 2
place_goal_2_right_0: Sampling transitions and computing reward
place_goal_2_right_0: Building transition/reward matrices
place_goal_2_front_270: Identifying enabled states...
place_goal_2_front_270: Splitting up datasets...
place_goal_2_front_270: Learning DBNS...
place_goal_2_front_270: Building transition dicts for each DBN
place_goal_2_front_270: Starting process for DBN 0
place_goal_2_front_270: Starting process for DBN 1
place_goal_2_front_270: Starting process for DBN 2
place_goal_2_front_270: Starting process for DBN 3
place_goal_2_front_270: Received dict for DBN 0
place_goal_2_front_270: Received dict for DBN 1
place_goal_2_front_270: Received dict for DBN 2
place_goal_2_front_270: Received dict for DBN 3
place_goal_2_front_270: Sampling transitions and computing reward
place_goal_2_front_270: Building transition/reward matrices
place_region_0_top_0: Identifying enabled states...
place_region_0_top_0: Splitting up datasets...
place_region_0_top_0: Learning DBNS...
place_region_0_top_0: Building transition dicts for each DBN
place_region_0_top_0: Starting process for DBN 0
place_region_0_top_0: Starting process for DBN 1
place_region_0_top_0: Starting process for DBN 2
place_region_0_top_0: Starting process for DBN 3
place_region_0_top_0: Received dict for DBN 1
place_region_0_top_0: Received dict for DBN 0
place_region_0_top_0: Received dict for DBN 2
place_region_0_top_0: Received dict for DBN 3
place_region_0_top_0: Sampling transitions and computing reward
place_region_0_top_0: Building transition/reward matrices
place_region_0_left_0: Identifying enabled states...
place_region_0_left_0: Splitting up datasets...
place_region_0_left_0: Learning DBNS...
place_region_0_left_0: Building transition dicts for each DBN
place_region_0_left_0: Starting process for DBN 0
place_region_0_left_0: Starting process for DBN 1
place_region_0_left_0: Starting process for DBN 2
place_region_0_left_0: Starting process for DBN 3
place_region_0_left_0: Received dict for DBN 0
place_region_0_left_0: Received dict for DBN 2
place_region_0_left_0: Received dict for DBN 1
place_region_0_left_0: Received dict for DBN 3
place_region_0_left_0: Sampling transitions and computing reward
place_region_0_left_0: Building transition/reward matrices
place_region_0_right_0: Identifying enabled states...
place_region_0_right_0: Splitting up datasets...
place_region_0_right_0: Learning DBNS...
place_region_0_right_0: Building transition dicts for each DBN
place_region_0_right_0: Starting process for DBN 0
place_region_0_right_0: Starting process for DBN 1
place_region_0_right_0: Starting process for DBN 2
place_region_0_right_0: Starting process for DBN 3
place_region_0_right_0: Received dict for DBN 1
place_region_0_right_0: Received dict for DBN 0
place_region_0_right_0: Received dict for DBN 2
place_region_0_right_0: Received dict for DBN 3
place_region_0_right_0: Sampling transitions and computing reward
place_region_0_right_0: Building transition/reward matrices
place_region_0_front_270: Identifying enabled states...
place_region_0_front_270: Splitting up datasets...
place_region_0_front_270: Learning DBNS...
place_region_0_front_270: Building transition dicts for each DBN
place_region_0_front_270: Starting process for DBN 0
place_region_0_front_270: Starting process for DBN 1
place_region_0_front_270: Starting process for DBN 2
place_region_0_front_270: Starting process for DBN 3
place_region_0_front_270: Received dict for DBN 0
place_region_0_front_270: Received dict for DBN 2
place_region_0_front_270: Received dict for DBN 1
place_region_0_front_270: Received dict for DBN 3
place_region_0_front_270: Sampling transitions and computing reward
place_region_0_front_270: Building transition/reward matrices
place_region_1_top_0: Identifying enabled states...
place_region_1_top_0: Splitting up datasets...
place_region_1_top_0: Learning DBNS...
place_region_1_top_0: Building transition dicts for each DBN
place_region_1_top_0: Starting process for DBN 0
place_region_1_top_0: Starting process for DBN 1
place_region_1_top_0: Starting process for DBN 2
place_region_1_top_0: Starting process for DBN 3
place_region_1_top_0: Received dict for DBN 0
place_region_1_top_0: Received dict for DBN 1
place_region_1_top_0: Received dict for DBN 2
place_region_1_top_0: Received dict for DBN 3
place_region_1_top_0: Sampling transitions and computing reward
place_region_1_top_0: Building transition/reward matrices
place_region_1_left_0: Identifying enabled states...
place_region_1_left_0: Splitting up datasets...
place_region_1_left_0: Learning DBNS...
place_region_1_left_0: Building transition dicts for each DBN
place_region_1_left_0: Starting process for DBN 0
place_region_1_left_0: Starting process for DBN 1
place_region_1_left_0: Starting process for DBN 2
place_region_1_left_0: Starting process for DBN 3
place_region_1_left_0: Received dict for DBN 0
place_region_1_left_0: Received dict for DBN 1
place_region_1_left_0: Received dict for DBN 2
place_region_1_left_0: Received dict for DBN 3
place_region_1_left_0: Sampling transitions and computing reward
place_region_1_left_0: Building transition/reward matrices
place_region_1_right_0: Identifying enabled states...
place_region_1_right_0: Splitting up datasets...
place_region_1_right_0: Learning DBNS...
place_region_1_right_0: Building transition dicts for each DBN
place_region_1_right_0: Starting process for DBN 0
place_region_1_right_0: Starting process for DBN 1
place_region_1_right_0: Starting process for DBN 2
place_region_1_right_0: Starting process for DBN 3
place_region_1_right_0: Received dict for DBN 0
place_region_1_right_0: Received dict for DBN 1
place_region_1_right_0: Received dict for DBN 2
place_region_1_right_0: Received dict for DBN 3
place_region_1_right_0: Sampling transitions and computing reward
place_region_1_right_0: Building transition/reward matrices
place_region_1_front_270: Identifying enabled states...
place_region_1_front_270: Splitting up datasets...
place_region_1_front_270: Learning DBNS...
place_region_1_front_270: Building transition dicts for each DBN
place_region_1_front_270: Starting process for DBN 0
place_region_1_front_270: Starting process for DBN 1
place_region_1_front_270: Starting process for DBN 2
place_region_1_front_270: Starting process for DBN 3
place_region_1_front_270: Received dict for DBN 0
place_region_1_front_270: Received dict for DBN 1
place_region_1_front_270: Received dict for DBN 2
place_region_1_front_270: Received dict for DBN 3
place_region_1_front_270: Sampling transitions and computing reward
place_region_1_front_270: Building transition/reward matrices
place_region_2_top_0: Identifying enabled states...
place_region_2_top_0: Splitting up datasets...
place_region_2_top_0: Learning DBNS...
place_region_2_top_0: Building transition dicts for each DBN
place_region_2_top_0: Starting process for DBN 0
place_region_2_top_0: Starting process for DBN 1
place_region_2_top_0: Starting process for DBN 2
place_region_2_top_0: Starting process for DBN 3
place_region_2_top_0: Received dict for DBN 0
place_region_2_top_0: Received dict for DBN 2
place_region_2_top_0: Received dict for DBN 1
place_region_2_top_0: Received dict for DBN 3
place_region_2_top_0: Sampling transitions and computing reward
place_region_2_top_0: Building transition/reward matrices
place_region_2_left_0: Identifying enabled states...
place_region_2_left_0: Splitting up datasets...
place_region_2_left_0: Learning DBNS...
place_region_2_left_0: Building transition dicts for each DBN
place_region_2_left_0: Starting process for DBN 0
place_region_2_left_0: Starting process for DBN 1
place_region_2_left_0: Starting process for DBN 2
place_region_2_left_0: Starting process for DBN 3
place_region_2_left_0: Received dict for DBN 1
place_region_2_left_0: Received dict for DBN 0
place_region_2_left_0: Received dict for DBN 2
place_region_2_left_0: Received dict for DBN 3
place_region_2_left_0: Sampling transitions and computing reward
place_region_2_left_0: Building transition/reward matrices
place_region_2_right_0: Identifying enabled states...
place_region_2_right_0: Splitting up datasets...
place_region_2_right_0: Learning DBNS...
place_region_2_right_0: Building transition dicts for each DBN
place_region_2_right_0: Starting process for DBN 0
place_region_2_right_0: Starting process for DBN 1
place_region_2_right_0: Starting process for DBN 2
place_region_2_right_0: Starting process for DBN 3
place_region_2_right_0: Received dict for DBN 0
place_region_2_right_0: Received dict for DBN 1
place_region_2_right_0: Received dict for DBN 2
place_region_2_right_0: Received dict for DBN 3
place_region_2_right_0: Sampling transitions and computing reward
place_region_2_right_0: Building transition/reward matrices
place_region_2_front_270: Identifying enabled states...
place_region_2_front_270: Splitting up datasets...
place_region_2_front_270: Learning DBNS...
place_region_2_front_270: Building transition dicts for each DBN
place_region_2_front_270: Starting process for DBN 0
place_region_2_front_270: Starting process for DBN 1
place_region_2_front_270: Starting process for DBN 2
place_region_2_front_270: Starting process for DBN 3
place_region_2_front_270: Received dict for DBN 2
place_region_2_front_270: Received dict for DBN 0
place_region_2_front_270: Received dict for DBN 1
place_region_2_front_270: Received dict for DBN 3
place_region_2_front_270: Sampling transitions and computing reward
place_region_2_front_270: Building transition/reward matrices
Building MDP...
Synthesising Policy...
Solving MDP for timestep: 29
Solving MDP for timestep: 28
Solving MDP for timestep: 27
Solving MDP for timestep: 26
Solving MDP for timestep: 25
Solving MDP for timestep: 24
Solving MDP for timestep: 23
Solving MDP for timestep: 22
Solving MDP for timestep: 21
Solving MDP for timestep: 20
Solving MDP for timestep: 19
Solving MDP for timestep: 18
Solving MDP for timestep: 17
Solving MDP for timestep: 16
Solving MDP for timestep: 15
Solving MDP for timestep: 14
Solving MDP for timestep: 13
Solving MDP for timestep: 12
Solving MDP for timestep: 11
Solving MDP for timestep: 10
Solving MDP for timestep: 9
Solving MDP for timestep: 8
Solving MDP for timestep: 7
Solving MDP for timestep: 6
Solving MDP for timestep: 5
Solving MDP for timestep: 4
Solving MDP for timestep: 3
Solving MDP for timestep: 2
Solving MDP for timestep: 1
Solving MDP for timestep: 0
Resetting the scene for new episode
Step 0
policy value 7.912907123565674
State(column0: region_2, column1: region_0, column2: region_1)
pick_column1_top_0
Action: Action(ActionType.PICK, obj=/column1, slot=None,grasp=GraspType.TOP_0)
[EXEC] Picking /column1 with top_0

[INFO] Found 3840 potential configurations.
[INFO] Motion completed successfully with result: success,in execution time: 3.44 seconds
[INFO] Found a reachable configuration for pick action after 1 attempts.
Tip distance after pick: 0.02873740378536494
[INFO] Pick action completed successfully.in execution time: 3.44 seconds
[EXEC] Action ActionType.PICK executed in 15.79 seconds
[SUCCESS] Action ActionType.PICK succeeded for object /column1
Action duration: 3.44
[LOG] Transition logged to MongoDB: f3fb32f7-6c7b-4976-8005-709c6e29f096 - Episode 3
Step 1
policy value 7.912907123565674
State(column0: region_2, column1: held, column2: region_1)
place_goal_0_right_0
Action: Action(ActionType.PLACE, obj=/column1, slot=/goal_0,grasp=GraspType.RIGHT_0)
[EXEC] Placing at [-0.27499999999999986, 0.8250000000000005, 0.5] with grasp right_0

[INFO] Found 2624 potential configurations.
[INFO] Motion completed successfully with result: success,in execution time: 3.12 seconds
[INFO] Found a reachable configuration for place action after 1 attempts.
[INFO] Place action completed successfully.
realigning placed object /column1 to target position
[EXEC] Action ActionType.PLACE executed in 27.24 seconds
[SUCCESS] Action ActionType.PLACE succeeded for object /column1
Action duration: 3.1199999999999
[LOG] Transition logged to MongoDB: f3fb32f7-6c7b-4976-8005-709c6e29f096 - Episode 3
Step 2
policy value 7.887315273284912
State(column0: region_2, column1: goal_0, column2: region_1)
pick_column0_top_0
Action: Action(ActionType.PICK, obj=/column0, slot=None,grasp=GraspType.TOP_0)
[EXEC] Picking /column0 with top_0

[INFO] Found 2816 potential configurations.
[INFO] Motion completed successfully with result: success,in execution time: 3.12 seconds
[INFO] Found a reachable configuration for pick action after 1 attempts.
Tip distance after pick: 0.026856721700476715
[INFO] Pick action completed successfully.in execution time: 3.12 seconds
[EXEC] Action ActionType.PICK executed in 25.32 seconds
[SUCCESS] Action ActionType.PICK succeeded for object /column0
Action duration: 3.1199999999999
[LOG] Transition logged to MongoDB: f3fb32f7-6c7b-4976-8005-709c6e29f096 - Episode 3
Step 3
policy value 7.887315273284912
State(column0: held, column1: goal_0, column2: region_1)
place_goal_2_right_0
Action: Action(ActionType.PLACE, obj=/column0, slot=/goal_2,grasp=GraspType.RIGHT_0)
[EXEC] Placing at [-0.6000000000000001, 0.8250000000000003, 0.5] with grasp right_0

[INFO] Found 2304 potential configurations.
[INFO] Motion completed successfully with result: success,in execution time: 6.00 seconds
[INFO] Found a reachable configuration for place action after 1 attempts.
[INFO] Place action completed successfully.
realigning placed object /column0 to target position
[EXEC] Action ActionType.PLACE executed in 29.62 seconds
[SUCCESS] Action ActionType.PLACE succeeded for object /column0
Action duration: 5.9999999999999
[LOG] Transition logged to MongoDB: f3fb32f7-6c7b-4976-8005-709c6e29f096 - Episode 3
Step 4
policy value 7.184625148773193
State(column0: goal_2, column1: goal_0, column2: region_1)
pick_column0_right_0
Action: Action(ActionType.PICK, obj=/column0, slot=None,grasp=GraspType.RIGHT_0)
[EXEC] Picking /column0 with right_0

[INFO] Found 1600 potential configurations.
[WARN] No valid configuration found (all tested configs invalid).
[EXEC] Action ActionType.PICK executed in 2.52 seconds
[ERROR] Action ActionType.PICK failed for object /column0
Action duration: 0.001
[LOG] Transition logged to MongoDB: f3fb32f7-6c7b-4976-8005-709c6e29f096 - Episode 3
Action failed, stopping. Time elapsed: 0.001
Step 5
policy value 6.905044078826904
State(column0: goal_2, column1: goal_0, column2: region_1)
pick_column0_right_0
Action: Action(ActionType.PICK, obj=/column0, slot=None,grasp=GraspType.RIGHT_0)
[EXEC] Picking /column0 with right_0

[INFO] Found 1728 potential configurations.
[WARN] No valid configuration found (all tested configs invalid).
[EXEC] Action ActionType.PICK executed in 1.92 seconds
[ERROR] Action ActionType.PICK failed for object /column0
Action duration: 0.001
[LOG] Transition logged to MongoDB: f3fb32f7-6c7b-4976-8005-709c6e29f096 - Episode 3
Action failed, stopping. Time elapsed: 0.001
Step 6
policy value 6.6257643699646
State(column0: goal_2, column1: goal_0, column2: region_1)
pick_column0_right_0
Action: Action(ActionType.PICK, obj=/column0, slot=None,grasp=GraspType.RIGHT_0)
[EXEC] Picking /column0 with right_0

[INFO] Found 1856 potential configurations.
[WARN] No valid configuration found (all tested configs invalid).
[EXEC] Action ActionType.PICK executed in 2.04 seconds
[ERROR] Action ActionType.PICK failed for object /column0
Action duration: 0.001
[LOG] Transition logged to MongoDB: f3fb32f7-6c7b-4976-8005-709c6e29f096 - Episode 3
Action failed, stopping. Time elapsed: 0.001
Step 7
policy value 6.3467183113098145
State(column0: goal_2, column1: goal_0, column2: region_1)
pick_column0_right_0
Action: Action(ActionType.PICK, obj=/column0, slot=None,grasp=GraspType.RIGHT_0)
[EXEC] Picking /column0 with right_0

[INFO] Found 2496 potential configurations.
[WARN] No valid configuration found (all tested configs invalid).
[EXEC] Action ActionType.PICK executed in 2.31 seconds
[ERROR] Action ActionType.PICK failed for object /column0
Action duration: 0.001
[LOG] Transition logged to MongoDB: f3fb32f7-6c7b-4976-8005-709c6e29f096 - Episode 3
Action failed, stopping. Time elapsed: 0.001
Step 8
policy value 6.067995548248291
State(column0: goal_2, column1: goal_0, column2: region_1)
pick_column0_right_0
Action: Action(ActionType.PICK, obj=/column0, slot=None,grasp=GraspType.RIGHT_0)
[EXEC] Picking /column0 with right_0

[INFO] Found 2112 potential configurations.
[WARN] No valid configuration found (all tested configs invalid).
[EXEC] Action ActionType.PICK executed in 2.42 seconds
[ERROR] Action ActionType.PICK failed for object /column0
Action duration: 0.001
[LOG] Transition logged to MongoDB: f3fb32f7-6c7b-4976-8005-709c6e29f096 - Episode 3
Action failed, stopping. Time elapsed: 0.001
Step 9
policy value 5.789452075958252
State(column0: goal_2, column1: goal_0, column2: region_1)
pick_column0_right_0
Action: Action(ActionType.PICK, obj=/column0, slot=None,grasp=GraspType.RIGHT_0)
[EXEC] Picking /column0 with right_0

[INFO] Found 1728 potential configurations.
[WARN] No valid configuration found (all tested configs invalid).
[EXEC] Action ActionType.PICK executed in 2.16 seconds
[ERROR] Action ActionType.PICK failed for object /column0
Action duration: 0.001
[LOG] Transition logged to MongoDB: f3fb32f7-6c7b-4976-8005-709c6e29f096 - Episode 3
Action failed, stopping. Time elapsed: 0.001
Too many failures, resetting episode
Episode 15 ended
Revising policy
USING STORM: False
Reading data from MongoDB...
Total option moiton param combinations 36
Collected combinations 36
Building state to idx mapping...
Building option ensembles...
pick_column0_top_0: Identifying enabled states...
pick_column0_top_0: Splitting up datasets...
pick_column0_top_0: Learning DBNS...
pick_column0_top_0: Building transition dicts for each DBN
pick_column0_top_0: Starting process for DBN 0
pick_column0_top_0: Starting process for DBN 1
pick_column0_top_0: Starting process for DBN 2
pick_column0_top_0: Starting process for DBN 3
pick_column0_top_0: Received dict for DBN 0
pick_column0_top_0: Received dict for DBN 1
pick_column0_top_0: Received dict for DBN 2
pick_column0_top_0: Received dict for DBN 3
pick_column0_top_0: Sampling transitions and computing reward
pick_column0_top_0: Building transition/reward matrices
pick_column0_left_0: Identifying enabled states...
pick_column0_left_0: Splitting up datasets...
pick_column0_left_0: Learning DBNS...
pick_column0_left_0: Building transition dicts for each DBN
pick_column0_left_0: Starting process for DBN 0
pick_column0_left_0: Starting process for DBN 1
pick_column0_left_0: Starting process for DBN 2
pick_column0_left_0: Starting process for DBN 3
pick_column0_left_0: Received dict for DBN 0
pick_column0_left_0: Received dict for DBN 1
pick_column0_left_0: Received dict for DBN 2
pick_column0_left_0: Received dict for DBN 3
pick_column0_left_0: Sampling transitions and computing reward
pick_column0_left_0: Building transition/reward matrices
pick_column0_right_0: Identifying enabled states...
pick_column0_right_0: Splitting up datasets...
pick_column0_right_0: Learning DBNS...
pick_column0_right_0: Building transition dicts for each DBN
pick_column0_right_0: Starting process for DBN 0
pick_column0_right_0: Starting process for DBN 1
pick_column0_right_0: Starting process for DBN 2
pick_column0_right_0: Starting process for DBN 3
pick_column0_right_0: Received dict for DBN 0
pick_column0_right_0: Received dict for DBN 1
pick_column0_right_0: Received dict for DBN 2
pick_column0_right_0: Received dict for DBN 3
pick_column0_right_0: Sampling transitions and computing reward
pick_column0_right_0: Building transition/reward matrices
pick_column0_front_270: Identifying enabled states...
pick_column0_front_270: Splitting up datasets...
pick_column0_front_270: Learning DBNS...
pick_column0_front_270: Building transition dicts for each DBN
pick_column0_front_270: Starting process for DBN 0
pick_column0_front_270: Starting process for DBN 1
pick_column0_front_270: Starting process for DBN 2
pick_column0_front_270: Starting process for DBN 3
pick_column0_front_270: Received dict for DBN 0
pick_column0_front_270: Received dict for DBN 1
pick_column0_front_270: Received dict for DBN 2
pick_column0_front_270: Received dict for DBN 3
pick_column0_front_270: Sampling transitions and computing reward
pick_column0_front_270: Building transition/reward matrices
pick_column1_top_0: Identifying enabled states...
pick_column1_top_0: Splitting up datasets...
pick_column1_top_0: Learning DBNS...
pick_column1_top_0: Building transition dicts for each DBN
pick_column1_top_0: Starting process for DBN 0
pick_column1_top_0: Starting process for DBN 1
pick_column1_top_0: Starting process for DBN 2
pick_column1_top_0: Starting process for DBN 3
pick_column1_top_0: Received dict for DBN 0
pick_column1_top_0: Received dict for DBN 1
pick_column1_top_0: Received dict for DBN 3
pick_column1_top_0: Received dict for DBN 2
pick_column1_top_0: Sampling transitions and computing reward
pick_column1_top_0: Building transition/reward matrices
pick_column1_left_0: Identifying enabled states...
pick_column1_left_0: Splitting up datasets...
pick_column1_left_0: Learning DBNS...
pick_column1_left_0: Building transition dicts for each DBN
pick_column1_left_0: Starting process for DBN 0
pick_column1_left_0: Starting process for DBN 1
pick_column1_left_0: Starting process for DBN 2
pick_column1_left_0: Starting process for DBN 3
pick_column1_left_0: Received dict for DBN 0
pick_column1_left_0: Received dict for DBN 1
pick_column1_left_0: Received dict for DBN 2
pick_column1_left_0: Received dict for DBN 3
pick_column1_left_0: Sampling transitions and computing reward
pick_column1_left_0: Building transition/reward matrices
pick_column1_right_0: Identifying enabled states...
pick_column1_right_0: Splitting up datasets...
pick_column1_right_0: Learning DBNS...
pick_column1_right_0: Building transition dicts for each DBN
pick_column1_right_0: Starting process for DBN 0
pick_column1_right_0: Starting process for DBN 1
pick_column1_right_0: Starting process for DBN 2
pick_column1_right_0: Starting process for DBN 3
pick_column1_right_0: Received dict for DBN 0
pick_column1_right_0: Received dict for DBN 2
pick_column1_right_0: Received dict for DBN 1
pick_column1_right_0: Received dict for DBN 3
pick_column1_right_0: Sampling transitions and computing reward
pick_column1_right_0: Building transition/reward matrices
pick_column1_front_270: Identifying enabled states...
pick_column1_front_270: Splitting up datasets...
pick_column1_front_270: Learning DBNS...
pick_column1_front_270: Building transition dicts for each DBN
pick_column1_front_270: Starting process for DBN 0
pick_column1_front_270: Starting process for DBN 1
pick_column1_front_270: Starting process for DBN 2
pick_column1_front_270: Starting process for DBN 3
pick_column1_front_270: Received dict for DBN 0
pick_column1_front_270: Received dict for DBN 1
pick_column1_front_270: Received dict for DBN 2
pick_column1_front_270: Received dict for DBN 3
pick_column1_front_270: Sampling transitions and computing reward
pick_column1_front_270: Building transition/reward matrices
pick_column2_top_0: Identifying enabled states...
pick_column2_top_0: Splitting up datasets...
pick_column2_top_0: Learning DBNS...
pick_column2_top_0: Building transition dicts for each DBN
pick_column2_top_0: Starting process for DBN 0
pick_column2_top_0: Starting process for DBN 1
pick_column2_top_0: Starting process for DBN 2
pick_column2_top_0: Starting process for DBN 3
pick_column2_top_0: Received dict for DBN 0
pick_column2_top_0: Received dict for DBN 1
pick_column2_top_0: Received dict for DBN 3
pick_column2_top_0: Received dict for DBN 2
pick_column2_top_0: Sampling transitions and computing reward
pick_column2_top_0: Building transition/reward matrices
pick_column2_left_0: Identifying enabled states...
pick_column2_left_0: Splitting up datasets...
pick_column2_left_0: Learning DBNS...
pick_column2_left_0: Building transition dicts for each DBN
pick_column2_left_0: Starting process for DBN 0
pick_column2_left_0: Starting process for DBN 1
pick_column2_left_0: Starting process for DBN 2
pick_column2_left_0: Starting process for DBN 3
pick_column2_left_0: Received dict for DBN 0
pick_column2_left_0: Received dict for DBN 1
pick_column2_left_0: Received dict for DBN 2
pick_column2_left_0: Received dict for DBN 3
pick_column2_left_0: Sampling transitions and computing reward
pick_column2_left_0: Building transition/reward matrices
pick_column2_right_0: Identifying enabled states...
pick_column2_right_0: Splitting up datasets...
pick_column2_right_0: Learning DBNS...
pick_column2_right_0: Building transition dicts for each DBN
pick_column2_right_0: Starting process for DBN 0
pick_column2_right_0: Starting process for DBN 1
pick_column2_right_0: Starting process for DBN 2
pick_column2_right_0: Starting process for DBN 3
pick_column2_right_0: Received dict for DBN 0
pick_column2_right_0: Received dict for DBN 1
pick_column2_right_0: Received dict for DBN 3
pick_column2_right_0: Received dict for DBN 2
pick_column2_right_0: Sampling transitions and computing reward
pick_column2_right_0: Building transition/reward matrices
pick_column2_front_270: Identifying enabled states...
pick_column2_front_270: Splitting up datasets...
pick_column2_front_270: Learning DBNS...
pick_column2_front_270: Building transition dicts for each DBN
pick_column2_front_270: Starting process for DBN 0
pick_column2_front_270: Starting process for DBN 1
pick_column2_front_270: Starting process for DBN 2
pick_column2_front_270: Starting process for DBN 3
pick_column2_front_270: Received dict for DBN 0
pick_column2_front_270: Received dict for DBN 1
pick_column2_front_270: Received dict for DBN 2
pick_column2_front_270: Received dict for DBN 3
pick_column2_front_270: Sampling transitions and computing reward
pick_column2_front_270: Building transition/reward matrices
place_goal_0_top_0: Identifying enabled states...
place_goal_0_top_0: Splitting up datasets...
place_goal_0_top_0: Learning DBNS...
place_goal_0_top_0: Building transition dicts for each DBN
place_goal_0_top_0: Starting process for DBN 0
place_goal_0_top_0: Starting process for DBN 1
place_goal_0_top_0: Starting process for DBN 2
place_goal_0_top_0: Starting process for DBN 3
place_goal_0_top_0: Received dict for DBN 3
place_goal_0_top_0: Received dict for DBN 1
place_goal_0_top_0: Received dict for DBN 0
place_goal_0_top_0: Received dict for DBN 2
place_goal_0_top_0: Sampling transitions and computing reward
place_goal_0_top_0: Building transition/reward matrices
place_goal_0_left_0: Identifying enabled states...
place_goal_0_left_0: Splitting up datasets...
place_goal_0_left_0: Learning DBNS...
place_goal_0_left_0: Building transition dicts for each DBN
place_goal_0_left_0: Starting process for DBN 0
place_goal_0_left_0: Starting process for DBN 1
place_goal_0_left_0: Starting process for DBN 2
place_goal_0_left_0: Starting process for DBN 3
place_goal_0_left_0: Received dict for DBN 0
place_goal_0_left_0: Received dict for DBN 1
place_goal_0_left_0: Received dict for DBN 2
place_goal_0_left_0: Received dict for DBN 3
place_goal_0_left_0: Sampling transitions and computing reward
place_goal_0_left_0: Building transition/reward matrices
place_goal_0_right_0: Identifying enabled states...
place_goal_0_right_0: Splitting up datasets...
place_goal_0_right_0: Learning DBNS...
place_goal_0_right_0: Building transition dicts for each DBN
place_goal_0_right_0: Starting process for DBN 0
place_goal_0_right_0: Starting process for DBN 1
place_goal_0_right_0: Starting process for DBN 2
place_goal_0_right_0: Starting process for DBN 3
place_goal_0_right_0: Received dict for DBN 3
place_goal_0_right_0: Received dict for DBN 1
place_goal_0_right_0: Received dict for DBN 0
place_goal_0_right_0: Received dict for DBN 2
place_goal_0_right_0: Sampling transitions and computing reward
place_goal_0_right_0: Building transition/reward matrices
place_goal_0_front_270: Identifying enabled states...
place_goal_0_front_270: Splitting up datasets...
place_goal_0_front_270: Learning DBNS...
place_goal_0_front_270: Building transition dicts for each DBN
place_goal_0_front_270: Starting process for DBN 0
place_goal_0_front_270: Starting process for DBN 1
place_goal_0_front_270: Starting process for DBN 2
place_goal_0_front_270: Starting process for DBN 3
place_goal_0_front_270: Received dict for DBN 3
place_goal_0_front_270: Received dict for DBN 0
place_goal_0_front_270: Received dict for DBN 1
place_goal_0_front_270: Received dict for DBN 2
place_goal_0_front_270: Sampling transitions and computing reward
place_goal_0_front_270: Building transition/reward matrices
place_goal_1_top_0: Identifying enabled states...
place_goal_1_top_0: Splitting up datasets...
place_goal_1_top_0: Learning DBNS...
place_goal_1_top_0: Building transition dicts for each DBN
place_goal_1_top_0: Starting process for DBN 0
place_goal_1_top_0: Starting process for DBN 1
place_goal_1_top_0: Starting process for DBN 2
place_goal_1_top_0: Starting process for DBN 3
place_goal_1_top_0: Received dict for DBN 3
place_goal_1_top_0: Received dict for DBN 1
place_goal_1_top_0: Received dict for DBN 0
place_goal_1_top_0: Received dict for DBN 2
place_goal_1_top_0: Sampling transitions and computing reward
place_goal_1_top_0: Building transition/reward matrices
place_goal_1_left_0: Identifying enabled states...
place_goal_1_left_0: Splitting up datasets...
place_goal_1_left_0: Learning DBNS...
place_goal_1_left_0: Building transition dicts for each DBN
place_goal_1_left_0: Starting process for DBN 0
place_goal_1_left_0: Starting process for DBN 1
place_goal_1_left_0: Starting process for DBN 2
place_goal_1_left_0: Starting process for DBN 3
place_goal_1_left_0: Received dict for DBN 0
place_goal_1_left_0: Received dict for DBN 1
place_goal_1_left_0: Received dict for DBN 2
place_goal_1_left_0: Received dict for DBN 3
place_goal_1_left_0: Sampling transitions and computing reward
place_goal_1_left_0: Building transition/reward matrices
place_goal_1_right_0: Identifying enabled states...
place_goal_1_right_0: Splitting up datasets...
place_goal_1_right_0: Learning DBNS...
place_goal_1_right_0: Building transition dicts for each DBN
place_goal_1_right_0: Starting process for DBN 0
place_goal_1_right_0: Starting process for DBN 1
place_goal_1_right_0: Starting process for DBN 2
place_goal_1_right_0: Starting process for DBN 3
place_goal_1_right_0: Received dict for DBN 1
place_goal_1_right_0: Received dict for DBN 2
place_goal_1_right_0: Received dict for DBN 3
place_goal_1_right_0: Received dict for DBN 0
place_goal_1_right_0: Sampling transitions and computing reward
place_goal_1_right_0: Building transition/reward matrices
place_goal_1_front_270: Identifying enabled states...
place_goal_1_front_270: Splitting up datasets...
place_goal_1_front_270: Learning DBNS...
place_goal_1_front_270: Building transition dicts for each DBN
place_goal_1_front_270: Starting process for DBN 0
place_goal_1_front_270: Starting process for DBN 1
place_goal_1_front_270: Starting process for DBN 2
place_goal_1_front_270: Starting process for DBN 3
place_goal_1_front_270: Received dict for DBN 3
place_goal_1_front_270: Received dict for DBN 2
place_goal_1_front_270: Received dict for DBN 0
place_goal_1_front_270: Received dict for DBN 1
place_goal_1_front_270: Sampling transitions and computing reward
place_goal_1_front_270: Building transition/reward matrices
place_goal_2_top_0: Identifying enabled states...
place_goal_2_top_0: Splitting up datasets...
place_goal_2_top_0: Learning DBNS...
place_goal_2_top_0: Building transition dicts for each DBN
place_goal_2_top_0: Starting process for DBN 0
place_goal_2_top_0: Starting process for DBN 1
place_goal_2_top_0: Starting process for DBN 2
place_goal_2_top_0: Starting process for DBN 3
place_goal_2_top_0: Received dict for DBN 0
place_goal_2_top_0: Received dict for DBN 1
place_goal_2_top_0: Received dict for DBN 2
place_goal_2_top_0: Received dict for DBN 3
place_goal_2_top_0: Sampling transitions and computing reward
place_goal_2_top_0: Building transition/reward matrices
place_goal_2_left_0: Identifying enabled states...
place_goal_2_left_0: Splitting up datasets...
place_goal_2_left_0: Learning DBNS...
place_goal_2_left_0: Building transition dicts for each DBN
place_goal_2_left_0: Starting process for DBN 0
place_goal_2_left_0: Starting process for DBN 1
place_goal_2_left_0: Starting process for DBN 2
place_goal_2_left_0: Starting process for DBN 3
place_goal_2_left_0: Received dict for DBN 0
place_goal_2_left_0: Received dict for DBN 1
place_goal_2_left_0: Received dict for DBN 2
place_goal_2_left_0: Received dict for DBN 3
place_goal_2_left_0: Sampling transitions and computing reward
place_goal_2_left_0: Building transition/reward matrices
place_goal_2_right_0: Identifying enabled states...
place_goal_2_right_0: Splitting up datasets...
place_goal_2_right_0: Learning DBNS...
place_goal_2_right_0: Building transition dicts for each DBN
place_goal_2_right_0: Starting process for DBN 0
place_goal_2_right_0: Starting process for DBN 1
place_goal_2_right_0: Starting process for DBN 2
place_goal_2_right_0: Starting process for DBN 3
place_goal_2_right_0: Received dict for DBN 1
place_goal_2_right_0: Received dict for DBN 0
place_goal_2_right_0: Received dict for DBN 2
place_goal_2_right_0: Received dict for DBN 3
place_goal_2_right_0: Sampling transitions and computing reward
place_goal_2_right_0: Building transition/reward matrices
place_goal_2_front_270: Identifying enabled states...
place_goal_2_front_270: Splitting up datasets...
place_goal_2_front_270: Learning DBNS...
place_goal_2_front_270: Building transition dicts for each DBN
place_goal_2_front_270: Starting process for DBN 0
place_goal_2_front_270: Starting process for DBN 1
place_goal_2_front_270: Starting process for DBN 2
place_goal_2_front_270: Starting process for DBN 3
place_goal_2_front_270: Received dict for DBN 0
place_goal_2_front_270: Received dict for DBN 1
place_goal_2_front_270: Received dict for DBN 2
place_goal_2_front_270: Received dict for DBN 3
place_goal_2_front_270: Sampling transitions and computing reward
place_goal_2_front_270: Building transition/reward matrices
place_region_0_top_0: Identifying enabled states...
place_region_0_top_0: Splitting up datasets...
place_region_0_top_0: Learning DBNS...
place_region_0_top_0: Building transition dicts for each DBN
place_region_0_top_0: Starting process for DBN 0
place_region_0_top_0: Starting process for DBN 1
place_region_0_top_0: Starting process for DBN 2
place_region_0_top_0: Starting process for DBN 3
place_region_0_top_0: Received dict for DBN 0
place_region_0_top_0: Received dict for DBN 3
place_region_0_top_0: Received dict for DBN 1
place_region_0_top_0: Received dict for DBN 2
place_region_0_top_0: Sampling transitions and computing reward
place_region_0_top_0: Building transition/reward matrices
place_region_0_left_0: Identifying enabled states...
place_region_0_left_0: Splitting up datasets...
place_region_0_left_0: Learning DBNS...
place_region_0_left_0: Building transition dicts for each DBN
place_region_0_left_0: Starting process for DBN 0
place_region_0_left_0: Starting process for DBN 1
place_region_0_left_0: Starting process for DBN 2
place_region_0_left_0: Starting process for DBN 3
place_region_0_left_0: Received dict for DBN 3
place_region_0_left_0: Received dict for DBN 1
place_region_0_left_0: Received dict for DBN 2
place_region_0_left_0: Received dict for DBN 0
place_region_0_left_0: Sampling transitions and computing reward
place_region_0_left_0: Building transition/reward matrices
place_region_0_right_0: Identifying enabled states...
place_region_0_right_0: Splitting up datasets...
place_region_0_right_0: Learning DBNS...
place_region_0_right_0: Building transition dicts for each DBN
place_region_0_right_0: Starting process for DBN 0
place_region_0_right_0: Starting process for DBN 1
place_region_0_right_0: Starting process for DBN 2
place_region_0_right_0: Starting process for DBN 3
place_region_0_right_0: Received dict for DBN 2
place_region_0_right_0: Received dict for DBN 0
place_region_0_right_0: Received dict for DBN 1
place_region_0_right_0: Received dict for DBN 3
place_region_0_right_0: Sampling transitions and computing reward
place_region_0_right_0: Building transition/reward matrices
place_region_0_front_270: Identifying enabled states...
place_region_0_front_270: Splitting up datasets...
place_region_0_front_270: Learning DBNS...
place_region_0_front_270: Building transition dicts for each DBN
place_region_0_front_270: Starting process for DBN 0
place_region_0_front_270: Starting process for DBN 1
place_region_0_front_270: Starting process for DBN 2
place_region_0_front_270: Starting process for DBN 3
place_region_0_front_270: Received dict for DBN 3
place_region_0_front_270: Received dict for DBN 0
place_region_0_front_270: Received dict for DBN 1
place_region_0_front_270: Received dict for DBN 2
place_region_0_front_270: Sampling transitions and computing reward
place_region_0_front_270: Building transition/reward matrices
place_region_1_top_0: Identifying enabled states...
place_region_1_top_0: Splitting up datasets...
place_region_1_top_0: Learning DBNS...
place_region_1_top_0: Building transition dicts for each DBN
place_region_1_top_0: Starting process for DBN 0
place_region_1_top_0: Starting process for DBN 1
place_region_1_top_0: Starting process for DBN 2
place_region_1_top_0: Starting process for DBN 3
place_region_1_top_0: Received dict for DBN 0
place_region_1_top_0: Received dict for DBN 1
place_region_1_top_0: Received dict for DBN 2
place_region_1_top_0: Received dict for DBN 3
place_region_1_top_0: Sampling transitions and computing reward
place_region_1_top_0: Building transition/reward matrices
place_region_1_left_0: Identifying enabled states...
place_region_1_left_0: Splitting up datasets...
place_region_1_left_0: Learning DBNS...
place_region_1_left_0: Building transition dicts for each DBN
place_region_1_left_0: Starting process for DBN 0
place_region_1_left_0: Starting process for DBN 1
place_region_1_left_0: Starting process for DBN 2
place_region_1_left_0: Starting process for DBN 3
place_region_1_left_0: Received dict for DBN 0
place_region_1_left_0: Received dict for DBN 1
place_region_1_left_0: Received dict for DBN 2
place_region_1_left_0: Received dict for DBN 3
place_region_1_left_0: Sampling transitions and computing reward
place_region_1_left_0: Building transition/reward matrices
place_region_1_right_0: Identifying enabled states...
place_region_1_right_0: Splitting up datasets...
place_region_1_right_0: Learning DBNS...
place_region_1_right_0: Building transition dicts for each DBN
place_region_1_right_0: Starting process for DBN 0
place_region_1_right_0: Starting process for DBN 1
place_region_1_right_0: Starting process for DBN 2
place_region_1_right_0: Starting process for DBN 3
place_region_1_right_0: Received dict for DBN 0
place_region_1_right_0: Received dict for DBN 1
place_region_1_right_0: Received dict for DBN 2
place_region_1_right_0: Received dict for DBN 3
place_region_1_right_0: Sampling transitions and computing reward
place_region_1_right_0: Building transition/reward matrices
place_region_1_front_270: Identifying enabled states...
place_region_1_front_270: Splitting up datasets...
place_region_1_front_270: Learning DBNS...
place_region_1_front_270: Building transition dicts for each DBN
place_region_1_front_270: Starting process for DBN 0
place_region_1_front_270: Starting process for DBN 1
place_region_1_front_270: Starting process for DBN 2
place_region_1_front_270: Starting process for DBN 3
place_region_1_front_270: Received dict for DBN 0
place_region_1_front_270: Received dict for DBN 1
place_region_1_front_270: Received dict for DBN 2
place_region_1_front_270: Received dict for DBN 3
place_region_1_front_270: Sampling transitions and computing reward
place_region_1_front_270: Building transition/reward matrices
place_region_2_top_0: Identifying enabled states...
place_region_2_top_0: Splitting up datasets...
place_region_2_top_0: Learning DBNS...
place_region_2_top_0: Building transition dicts for each DBN
place_region_2_top_0: Starting process for DBN 0
place_region_2_top_0: Starting process for DBN 1
place_region_2_top_0: Starting process for DBN 2
place_region_2_top_0: Starting process for DBN 3
place_region_2_top_0: Received dict for DBN 0
place_region_2_top_0: Received dict for DBN 3
place_region_2_top_0: Received dict for DBN 1
place_region_2_top_0: Received dict for DBN 2
place_region_2_top_0: Sampling transitions and computing reward
place_region_2_top_0: Building transition/reward matrices
place_region_2_left_0: Identifying enabled states...
place_region_2_left_0: Splitting up datasets...
place_region_2_left_0: Learning DBNS...
place_region_2_left_0: Building transition dicts for each DBN
place_region_2_left_0: Starting process for DBN 0
place_region_2_left_0: Starting process for DBN 1
place_region_2_left_0: Starting process for DBN 2
place_region_2_left_0: Starting process for DBN 3
place_region_2_left_0: Received dict for DBN 3
place_region_2_left_0: Received dict for DBN 0
place_region_2_left_0: Received dict for DBN 1
place_region_2_left_0: Received dict for DBN 2
place_region_2_left_0: Sampling transitions and computing reward
place_region_2_left_0: Building transition/reward matrices
place_region_2_right_0: Identifying enabled states...
place_region_2_right_0: Splitting up datasets...
place_region_2_right_0: Learning DBNS...
place_region_2_right_0: Building transition dicts for each DBN
place_region_2_right_0: Starting process for DBN 0
place_region_2_right_0: Starting process for DBN 1
place_region_2_right_0: Starting process for DBN 2
place_region_2_right_0: Starting process for DBN 3
place_region_2_right_0: Received dict for DBN 0
place_region_2_right_0: Received dict for DBN 1
place_region_2_right_0: Received dict for DBN 2
place_region_2_right_0: Received dict for DBN 3
place_region_2_right_0: Sampling transitions and computing reward
place_region_2_right_0: Building transition/reward matrices
place_region_2_front_270: Identifying enabled states...
place_region_2_front_270: Splitting up datasets...
place_region_2_front_270: Learning DBNS...
place_region_2_front_270: Building transition dicts for each DBN
place_region_2_front_270: Starting process for DBN 0
place_region_2_front_270: Starting process for DBN 1
place_region_2_front_270: Starting process for DBN 2
place_region_2_front_270: Starting process for DBN 3
place_region_2_front_270: Received dict for DBN 3
place_region_2_front_270: Received dict for DBN 0
place_region_2_front_270: Received dict for DBN 1
place_region_2_front_270: Received dict for DBN 2
place_region_2_front_270: Sampling transitions and computing reward
place_region_2_front_270: Building transition/reward matrices
Building MDP...
Synthesising Policy...
Solving MDP for timestep: 29
Solving MDP for timestep: 28
Solving MDP for timestep: 27
Solving MDP for timestep: 26
Solving MDP for timestep: 25
Solving MDP for timestep: 24
Solving MDP for timestep: 23
Solving MDP for timestep: 22
Solving MDP for timestep: 21
Solving MDP for timestep: 20
Solving MDP for timestep: 19
Solving MDP for timestep: 18
Solving MDP for timestep: 17
Solving MDP for timestep: 16
Solving MDP for timestep: 15
Solving MDP for timestep: 14
Solving MDP for timestep: 13
Solving MDP for timestep: 12
Solving MDP for timestep: 11
Solving MDP for timestep: 10
Solving MDP for timestep: 9
Solving MDP for timestep: 8
Solving MDP for timestep: 7
Solving MDP for timestep: 6
Solving MDP for timestep: 5
Solving MDP for timestep: 4
Solving MDP for timestep: 3
Solving MDP for timestep: 2
Solving MDP for timestep: 1
Solving MDP for timestep: 0
Resetting the scene for new episode
Step 0
policy value 7.458895683288574
State(column0: region_2, column1: region_1, column2: region_0)
pick_column1_front_270
Action: Action(ActionType.PICK, obj=/column1, slot=None,grasp=GraspType.FRONT_270)
[EXEC] Picking /column1 with front_270

[INFO] Found 2496 potential configurations.
[WARN] No valid configuration found (all tested configs invalid).
[EXEC] Action ActionType.PICK executed in 2.70 seconds
[ERROR] Action ActionType.PICK failed for object /column1
Action duration: 0.001
[LOG] Transition logged to MongoDB: f3fb32f7-6c7b-4976-8005-709c6e29f096 - Episode 3
Action failed, stopping. Time elapsed: 0.001
Step 1
policy value 7.167774677276611
State(column0: region_2, column1: region_1, column2: region_0)
pick_column1_front_270
Action: Action(ActionType.PICK, obj=/column1, slot=None,grasp=GraspType.FRONT_270)
[EXEC] Picking /column1 with front_270

[INFO] Found 2240 potential configurations.
[WARN] No valid configuration found (all tested configs invalid).
[EXEC] Action ActionType.PICK executed in 2.56 seconds
[ERROR] Action ActionType.PICK failed for object /column1
Action duration: 0.001
[LOG] Transition logged to MongoDB: f3fb32f7-6c7b-4976-8005-709c6e29f096 - Episode 3
Action failed, stopping. Time elapsed: 0.001
Step 2
policy value 6.876667499542236
State(column0: region_2, column1: region_1, column2: region_0)
pick_column1_front_270
Action: Action(ActionType.PICK, obj=/column1, slot=None,grasp=GraspType.FRONT_270)
[EXEC] Picking /column1 with front_270

[INFO] Found 2624 potential configurations.
[WARN] No valid configuration found (all tested configs invalid).
[EXEC] Action ActionType.PICK executed in 2.78 seconds
[ERROR] Action ActionType.PICK failed for object /column1
Action duration: 0.001
[LOG] Transition logged to MongoDB: f3fb32f7-6c7b-4976-8005-709c6e29f096 - Episode 3
Action failed, stopping. Time elapsed: 0.001
Step 3
policy value 6.585579872131348
State(column0: region_2, column1: region_1, column2: region_0)
pick_column1_front_270
Action: Action(ActionType.PICK, obj=/column1, slot=None,grasp=GraspType.FRONT_270)
[EXEC] Picking /column1 with front_270

[INFO] Found 2240 potential configurations.
[WARN] No valid configuration found (all tested configs invalid).
[EXEC] Action ActionType.PICK executed in 2.46 seconds
[ERROR] Action ActionType.PICK failed for object /column1
Action duration: 0.001
[LOG] Transition logged to MongoDB: f3fb32f7-6c7b-4976-8005-709c6e29f096 - Episode 3
Action failed, stopping. Time elapsed: 0.001
Step 4
policy value 6.294518947601318
State(column0: region_2, column1: region_1, column2: region_0)
pick_column1_front_270
Action: Action(ActionType.PICK, obj=/column1, slot=None,grasp=GraspType.FRONT_270)
[EXEC] Picking /column1 with front_270

[INFO] Found 3200 potential configurations.
[WARN] No valid configuration found (all tested configs invalid).
[EXEC] Action ActionType.PICK executed in 3.11 seconds
[ERROR] Action ActionType.PICK failed for object /column1
Action duration: 0.001
[LOG] Transition logged to MongoDB: f3fb32f7-6c7b-4976-8005-709c6e29f096 - Episode 3
Action failed, stopping. Time elapsed: 0.001
Step 5
policy value 6.003493785858154
State(column0: region_2, column1: region_1, column2: region_0)
pick_column1_front_270
Action: Action(ActionType.PICK, obj=/column1, slot=None,grasp=GraspType.FRONT_270)
[EXEC] Picking /column1 with front_270

[INFO] Found 1920 potential configurations.
[WARN] No valid configuration found (all tested configs invalid).
[EXEC] Action ActionType.PICK executed in 2.60 seconds
[ERROR] Action ActionType.PICK failed for object /column1
Action duration: 0.001
[LOG] Transition logged to MongoDB: f3fb32f7-6c7b-4976-8005-709c6e29f096 - Episode 3
Action failed, stopping. Time elapsed: 0.001
Too many failures, resetting episode
Episode 16 ended
Revising policy
USING STORM: False
Reading data from MongoDB...
Total option moiton param combinations 36
Collected combinations 36
Building state to idx mapping...
Building option ensembles...
pick_column0_top_0: Identifying enabled states...
pick_column0_top_0: Splitting up datasets...
pick_column0_top_0: Learning DBNS...
pick_column0_top_0: Building transition dicts for each DBN
pick_column0_top_0: Starting process for DBN 0
pick_column0_top_0: Starting process for DBN 1
pick_column0_top_0: Starting process for DBN 2
pick_column0_top_0: Starting process for DBN 3
pick_column0_top_0: Received dict for DBN 0
pick_column0_top_0: Received dict for DBN 1
pick_column0_top_0: Received dict for DBN 3
pick_column0_top_0: Received dict for DBN 2
pick_column0_top_0: Sampling transitions and computing reward
pick_column0_top_0: Building transition/reward matrices
pick_column0_left_0: Identifying enabled states...
pick_column0_left_0: Splitting up datasets...
pick_column0_left_0: Learning DBNS...
pick_column0_left_0: Building transition dicts for each DBN
pick_column0_left_0: Starting process for DBN 0
pick_column0_left_0: Starting process for DBN 1
pick_column0_left_0: Starting process for DBN 2
pick_column0_left_0: Starting process for DBN 3
pick_column0_left_0: Received dict for DBN 0
pick_column0_left_0: Received dict for DBN 1
pick_column0_left_0: Received dict for DBN 2
pick_column0_left_0: Received dict for DBN 3
pick_column0_left_0: Sampling transitions and computing reward
pick_column0_left_0: Building transition/reward matrices
pick_column0_right_0: Identifying enabled states...
pick_column0_right_0: Splitting up datasets...
pick_column0_right_0: Learning DBNS...
pick_column0_right_0: Building transition dicts for each DBN
pick_column0_right_0: Starting process for DBN 0
pick_column0_right_0: Starting process for DBN 1
pick_column0_right_0: Starting process for DBN 2
pick_column0_right_0: Starting process for DBN 3
pick_column0_right_0: Received dict for DBN 0
pick_column0_right_0: Received dict for DBN 1
pick_column0_right_0: Received dict for DBN 2
pick_column0_right_0: Received dict for DBN 3
pick_column0_right_0: Sampling transitions and computing reward
pick_column0_right_0: Building transition/reward matrices
pick_column0_front_270: Identifying enabled states...
pick_column0_front_270: Splitting up datasets...
pick_column0_front_270: Learning DBNS...
pick_column0_front_270: Building transition dicts for each DBN
pick_column0_front_270: Starting process for DBN 0
pick_column0_front_270: Starting process for DBN 1
pick_column0_front_270: Starting process for DBN 2
pick_column0_front_270: Starting process for DBN 3
pick_column0_front_270: Received dict for DBN 0
pick_column0_front_270: Received dict for DBN 1
pick_column0_front_270: Received dict for DBN 2
pick_column0_front_270: Received dict for DBN 3
pick_column0_front_270: Sampling transitions and computing reward
pick_column0_front_270: Building transition/reward matrices
pick_column1_top_0: Identifying enabled states...
pick_column1_top_0: Splitting up datasets...
pick_column1_top_0: Learning DBNS...
pick_column1_top_0: Building transition dicts for each DBN
pick_column1_top_0: Starting process for DBN 0
pick_column1_top_0: Starting process for DBN 1
pick_column1_top_0: Starting process for DBN 2
pick_column1_top_0: Starting process for DBN 3
pick_column1_top_0: Received dict for DBN 0
pick_column1_top_0: Received dict for DBN 1
pick_column1_top_0: Received dict for DBN 2
pick_column1_top_0: Received dict for DBN 3
pick_column1_top_0: Sampling transitions and computing reward
pick_column1_top_0: Building transition/reward matrices
pick_column1_left_0: Identifying enabled states...
pick_column1_left_0: Splitting up datasets...
pick_column1_left_0: Learning DBNS...
pick_column1_left_0: Building transition dicts for each DBN
pick_column1_left_0: Starting process for DBN 0
pick_column1_left_0: Starting process for DBN 1
pick_column1_left_0: Starting process for DBN 2
pick_column1_left_0: Starting process for DBN 3
pick_column1_left_0: Received dict for DBN 0
pick_column1_left_0: Received dict for DBN 1
pick_column1_left_0: Received dict for DBN 2
pick_column1_left_0: Received dict for DBN 3
pick_column1_left_0: Sampling transitions and computing reward
pick_column1_left_0: Building transition/reward matrices
pick_column1_right_0: Identifying enabled states...
pick_column1_right_0: Splitting up datasets...
pick_column1_right_0: Learning DBNS...
pick_column1_right_0: Building transition dicts for each DBN
pick_column1_right_0: Starting process for DBN 0
pick_column1_right_0: Starting process for DBN 1
pick_column1_right_0: Starting process for DBN 2
pick_column1_right_0: Starting process for DBN 3
pick_column1_right_0: Received dict for DBN 0
pick_column1_right_0: Received dict for DBN 1
pick_column1_right_0: Received dict for DBN 2
pick_column1_right_0: Received dict for DBN 3
pick_column1_right_0: Sampling transitions and computing reward
pick_column1_right_0: Building transition/reward matrices
pick_column1_front_270: Identifying enabled states...
pick_column1_front_270: Splitting up datasets...
pick_column1_front_270: Learning DBNS...
pick_column1_front_270: Building transition dicts for each DBN
pick_column1_front_270: Starting process for DBN 0
pick_column1_front_270: Starting process for DBN 1
pick_column1_front_270: Starting process for DBN 2
pick_column1_front_270: Starting process for DBN 3
pick_column1_front_270: Received dict for DBN 0
pick_column1_front_270: Received dict for DBN 1
pick_column1_front_270: Received dict for DBN 2
pick_column1_front_270: Received dict for DBN 3
pick_column1_front_270: Sampling transitions and computing reward
pick_column1_front_270: Building transition/reward matrices
pick_column2_top_0: Identifying enabled states...
pick_column2_top_0: Splitting up datasets...
pick_column2_top_0: Learning DBNS...
pick_column2_top_0: Building transition dicts for each DBN
pick_column2_top_0: Starting process for DBN 0
pick_column2_top_0: Starting process for DBN 1
pick_column2_top_0: Starting process for DBN 2
pick_column2_top_0: Starting process for DBN 3
pick_column2_top_0: Received dict for DBN 0
pick_column2_top_0: Received dict for DBN 1
pick_column2_top_0: Received dict for DBN 2
pick_column2_top_0: Received dict for DBN 3
pick_column2_top_0: Sampling transitions and computing reward
pick_column2_top_0: Building transition/reward matrices
pick_column2_left_0: Identifying enabled states...
pick_column2_left_0: Splitting up datasets...
pick_column2_left_0: Learning DBNS...
pick_column2_left_0: Building transition dicts for each DBN
pick_column2_left_0: Starting process for DBN 0
pick_column2_left_0: Starting process for DBN 1
pick_column2_left_0: Starting process for DBN 2
pick_column2_left_0: Starting process for DBN 3
pick_column2_left_0: Received dict for DBN 0
pick_column2_left_0: Received dict for DBN 1
pick_column2_left_0: Received dict for DBN 2
pick_column2_left_0: Received dict for DBN 3
pick_column2_left_0: Sampling transitions and computing reward
pick_column2_left_0: Building transition/reward matrices
pick_column2_right_0: Identifying enabled states...
pick_column2_right_0: Splitting up datasets...
pick_column2_right_0: Learning DBNS...
pick_column2_right_0: Building transition dicts for each DBN
pick_column2_right_0: Starting process for DBN 0
pick_column2_right_0: Starting process for DBN 1
pick_column2_right_0: Starting process for DBN 2
pick_column2_right_0: Starting process for DBN 3
pick_column2_right_0: Received dict for DBN 0
pick_column2_right_0: Received dict for DBN 1
pick_column2_right_0: Received dict for DBN 2
pick_column2_right_0: Received dict for DBN 3
pick_column2_right_0: Sampling transitions and computing reward
pick_column2_right_0: Building transition/reward matrices
pick_column2_front_270: Identifying enabled states...
pick_column2_front_270: Splitting up datasets...
pick_column2_front_270: Learning DBNS...
pick_column2_front_270: Building transition dicts for each DBN
pick_column2_front_270: Starting process for DBN 0
pick_column2_front_270: Starting process for DBN 1
pick_column2_front_270: Starting process for DBN 2
pick_column2_front_270: Starting process for DBN 3
pick_column2_front_270: Received dict for DBN 0
pick_column2_front_270: Received dict for DBN 1
pick_column2_front_270: Received dict for DBN 2
pick_column2_front_270: Received dict for DBN 3
pick_column2_front_270: Sampling transitions and computing reward
pick_column2_front_270: Building transition/reward matrices
place_goal_0_top_0: Identifying enabled states...
place_goal_0_top_0: Splitting up datasets...
place_goal_0_top_0: Learning DBNS...
place_goal_0_top_0: Building transition dicts for each DBN
place_goal_0_top_0: Starting process for DBN 0
place_goal_0_top_0: Starting process for DBN 1
place_goal_0_top_0: Starting process for DBN 2
place_goal_0_top_0: Starting process for DBN 3
place_goal_0_top_0: Received dict for DBN 3
place_goal_0_top_0: Received dict for DBN 1
place_goal_0_top_0: Received dict for DBN 0
place_goal_0_top_0: Received dict for DBN 2
place_goal_0_top_0: Sampling transitions and computing reward
place_goal_0_top_0: Building transition/reward matrices
place_goal_0_left_0: Identifying enabled states...
place_goal_0_left_0: Splitting up datasets...
place_goal_0_left_0: Learning DBNS...
place_goal_0_left_0: Building transition dicts for each DBN
place_goal_0_left_0: Starting process for DBN 0
place_goal_0_left_0: Starting process for DBN 1
place_goal_0_left_0: Starting process for DBN 2
place_goal_0_left_0: Starting process for DBN 3
place_goal_0_left_0: Received dict for DBN 0
place_goal_0_left_0: Received dict for DBN 1
place_goal_0_left_0: Received dict for DBN 2
place_goal_0_left_0: Received dict for DBN 3
place_goal_0_left_0: Sampling transitions and computing reward
place_goal_0_left_0: Building transition/reward matrices
place_goal_0_right_0: Identifying enabled states...
place_goal_0_right_0: Splitting up datasets...
place_goal_0_right_0: Learning DBNS...
place_goal_0_right_0: Building transition dicts for each DBN
place_goal_0_right_0: Starting process for DBN 0
place_goal_0_right_0: Starting process for DBN 1
place_goal_0_right_0: Starting process for DBN 2
place_goal_0_right_0: Starting process for DBN 3
place_goal_0_right_0: Received dict for DBN 0
place_goal_0_right_0: Received dict for DBN 3
place_goal_0_right_0: Received dict for DBN 1
place_goal_0_right_0: Received dict for DBN 2
place_goal_0_right_0: Sampling transitions and computing reward
place_goal_0_right_0: Building transition/reward matrices
place_goal_0_front_270: Identifying enabled states...
place_goal_0_front_270: Splitting up datasets...
place_goal_0_front_270: Learning DBNS...
place_goal_0_front_270: Building transition dicts for each DBN
place_goal_0_front_270: Starting process for DBN 0
place_goal_0_front_270: Starting process for DBN 1
place_goal_0_front_270: Starting process for DBN 2
place_goal_0_front_270: Starting process for DBN 3
place_goal_0_front_270: Received dict for DBN 0
place_goal_0_front_270: Received dict for DBN 1
place_goal_0_front_270: Received dict for DBN 3
place_goal_0_front_270: Received dict for DBN 2
place_goal_0_front_270: Sampling transitions and computing reward
place_goal_0_front_270: Building transition/reward matrices
place_goal_1_top_0: Identifying enabled states...
place_goal_1_top_0: Splitting up datasets...
place_goal_1_top_0: Learning DBNS...
place_goal_1_top_0: Building transition dicts for each DBN
place_goal_1_top_0: Starting process for DBN 0
place_goal_1_top_0: Starting process for DBN 1
place_goal_1_top_0: Starting process for DBN 2
place_goal_1_top_0: Starting process for DBN 3
place_goal_1_top_0: Received dict for DBN 2
place_goal_1_top_0: Received dict for DBN 0
place_goal_1_top_0: Received dict for DBN 3
place_goal_1_top_0: Received dict for DBN 1
place_goal_1_top_0: Sampling transitions and computing reward
place_goal_1_top_0: Building transition/reward matrices
place_goal_1_left_0: Identifying enabled states...
place_goal_1_left_0: Splitting up datasets...
place_goal_1_left_0: Learning DBNS...
place_goal_1_left_0: Building transition dicts for each DBN
place_goal_1_left_0: Starting process for DBN 0
place_goal_1_left_0: Starting process for DBN 1
place_goal_1_left_0: Starting process for DBN 2
place_goal_1_left_0: Starting process for DBN 3
place_goal_1_left_0: Received dict for DBN 0
place_goal_1_left_0: Received dict for DBN 1
place_goal_1_left_0: Received dict for DBN 2
place_goal_1_left_0: Received dict for DBN 3
place_goal_1_left_0: Sampling transitions and computing reward
place_goal_1_left_0: Building transition/reward matrices
place_goal_1_right_0: Identifying enabled states...
place_goal_1_right_0: Splitting up datasets...
place_goal_1_right_0: Learning DBNS...
place_goal_1_right_0: Building transition dicts for each DBN
place_goal_1_right_0: Starting process for DBN 0
place_goal_1_right_0: Starting process for DBN 1
place_goal_1_right_0: Starting process for DBN 2
place_goal_1_right_0: Starting process for DBN 3
place_goal_1_right_0: Received dict for DBN 1
place_goal_1_right_0: Received dict for DBN 3
place_goal_1_right_0: Received dict for DBN 0
place_goal_1_right_0: Received dict for DBN 2
place_goal_1_right_0: Sampling transitions and computing reward
place_goal_1_right_0: Building transition/reward matrices
place_goal_1_front_270: Identifying enabled states...
place_goal_1_front_270: Splitting up datasets...
place_goal_1_front_270: Learning DBNS...
place_goal_1_front_270: Building transition dicts for each DBN
place_goal_1_front_270: Starting process for DBN 0
place_goal_1_front_270: Starting process for DBN 1
place_goal_1_front_270: Starting process for DBN 2
place_goal_1_front_270: Starting process for DBN 3
place_goal_1_front_270: Received dict for DBN 3
place_goal_1_front_270: Received dict for DBN 0
place_goal_1_front_270: Received dict for DBN 2
place_goal_1_front_270: Received dict for DBN 1
place_goal_1_front_270: Sampling transitions and computing reward
place_goal_1_front_270: Building transition/reward matrices
place_goal_2_top_0: Identifying enabled states...
place_goal_2_top_0: Splitting up datasets...
place_goal_2_top_0: Learning DBNS...
place_goal_2_top_0: Building transition dicts for each DBN
place_goal_2_top_0: Starting process for DBN 0
place_goal_2_top_0: Starting process for DBN 1
place_goal_2_top_0: Starting process for DBN 2
place_goal_2_top_0: Starting process for DBN 3
place_goal_2_top_0: Received dict for DBN 0
place_goal_2_top_0: Received dict for DBN 1
place_goal_2_top_0: Received dict for DBN 2
place_goal_2_top_0: Received dict for DBN 3
place_goal_2_top_0: Sampling transitions and computing reward
place_goal_2_top_0: Building transition/reward matrices
place_goal_2_left_0: Identifying enabled states...
place_goal_2_left_0: Splitting up datasets...
place_goal_2_left_0: Learning DBNS...
place_goal_2_left_0: Building transition dicts for each DBN
place_goal_2_left_0: Starting process for DBN 0
place_goal_2_left_0: Starting process for DBN 1
place_goal_2_left_0: Starting process for DBN 2
place_goal_2_left_0: Starting process for DBN 3
place_goal_2_left_0: Received dict for DBN 0
place_goal_2_left_0: Received dict for DBN 1
place_goal_2_left_0: Received dict for DBN 2
place_goal_2_left_0: Received dict for DBN 3
place_goal_2_left_0: Sampling transitions and computing reward
place_goal_2_left_0: Building transition/reward matrices
place_goal_2_right_0: Identifying enabled states...
place_goal_2_right_0: Splitting up datasets...
place_goal_2_right_0: Learning DBNS...
place_goal_2_right_0: Building transition dicts for each DBN
place_goal_2_right_0: Starting process for DBN 0
place_goal_2_right_0: Starting process for DBN 1
place_goal_2_right_0: Starting process for DBN 2
place_goal_2_right_0: Starting process for DBN 3
place_goal_2_right_0: Received dict for DBN 3
place_goal_2_right_0: Received dict for DBN 1
place_goal_2_right_0: Received dict for DBN 2
place_goal_2_right_0: Received dict for DBN 0
place_goal_2_right_0: Sampling transitions and computing reward
place_goal_2_right_0: Building transition/reward matrices
place_goal_2_front_270: Identifying enabled states...
place_goal_2_front_270: Splitting up datasets...
place_goal_2_front_270: Learning DBNS...
place_goal_2_front_270: Building transition dicts for each DBN
place_goal_2_front_270: Starting process for DBN 0
place_goal_2_front_270: Starting process for DBN 1
place_goal_2_front_270: Starting process for DBN 2
place_goal_2_front_270: Starting process for DBN 3
place_goal_2_front_270: Received dict for DBN 0
place_goal_2_front_270: Received dict for DBN 1
place_goal_2_front_270: Received dict for DBN 2
place_goal_2_front_270: Received dict for DBN 3
place_goal_2_front_270: Sampling transitions and computing reward
place_goal_2_front_270: Building transition/reward matrices
place_region_0_top_0: Identifying enabled states...
place_region_0_top_0: Splitting up datasets...
place_region_0_top_0: Learning DBNS...
place_region_0_top_0: Building transition dicts for each DBN
place_region_0_top_0: Starting process for DBN 0
place_region_0_top_0: Starting process for DBN 1
place_region_0_top_0: Starting process for DBN 2
place_region_0_top_0: Starting process for DBN 3
place_region_0_top_0: Received dict for DBN 2
place_region_0_top_0: Received dict for DBN 0
place_region_0_top_0: Received dict for DBN 1
place_region_0_top_0: Received dict for DBN 3
place_region_0_top_0: Sampling transitions and computing reward
place_region_0_top_0: Building transition/reward matrices
place_region_0_left_0: Identifying enabled states...
place_region_0_left_0: Splitting up datasets...
place_region_0_left_0: Learning DBNS...
place_region_0_left_0: Building transition dicts for each DBN
place_region_0_left_0: Starting process for DBN 0
place_region_0_left_0: Starting process for DBN 1
place_region_0_left_0: Starting process for DBN 2
place_region_0_left_0: Starting process for DBN 3
place_region_0_left_0: Received dict for DBN 3
place_region_0_left_0: Received dict for DBN 0
place_region_0_left_0: Received dict for DBN 1
place_region_0_left_0: Received dict for DBN 2
place_region_0_left_0: Sampling transitions and computing reward
place_region_0_left_0: Building transition/reward matrices
place_region_0_right_0: Identifying enabled states...
place_region_0_right_0: Splitting up datasets...
place_region_0_right_0: Learning DBNS...
place_region_0_right_0: Building transition dicts for each DBN
place_region_0_right_0: Starting process for DBN 0
place_region_0_right_0: Starting process for DBN 1
place_region_0_right_0: Starting process for DBN 2
place_region_0_right_0: Starting process for DBN 3
place_region_0_right_0: Received dict for DBN 0
place_region_0_right_0: Received dict for DBN 1
place_region_0_right_0: Received dict for DBN 2
place_region_0_right_0: Received dict for DBN 3
place_region_0_right_0: Sampling transitions and computing reward
place_region_0_right_0: Building transition/reward matrices
place_region_0_front_270: Identifying enabled states...
place_region_0_front_270: Splitting up datasets...
place_region_0_front_270: Learning DBNS...
place_region_0_front_270: Building transition dicts for each DBN
place_region_0_front_270: Starting process for DBN 0
place_region_0_front_270: Starting process for DBN 1
place_region_0_front_270: Starting process for DBN 2
place_region_0_front_270: Starting process for DBN 3
place_region_0_front_270: Received dict for DBN 2
place_region_0_front_270: Received dict for DBN 0
place_region_0_front_270: Received dict for DBN 1
place_region_0_front_270: Received dict for DBN 3
place_region_0_front_270: Sampling transitions and computing reward
place_region_0_front_270: Building transition/reward matrices
place_region_1_top_0: Identifying enabled states...
place_region_1_top_0: Splitting up datasets...
place_region_1_top_0: Learning DBNS...
place_region_1_top_0: Building transition dicts for each DBN
place_region_1_top_0: Starting process for DBN 0
place_region_1_top_0: Starting process for DBN 1
place_region_1_top_0: Starting process for DBN 2
place_region_1_top_0: Starting process for DBN 3
place_region_1_top_0: Received dict for DBN 0
place_region_1_top_0: Received dict for DBN 1
place_region_1_top_0: Received dict for DBN 2
place_region_1_top_0: Received dict for DBN 3
place_region_1_top_0: Sampling transitions and computing reward
place_region_1_top_0: Building transition/reward matrices
place_region_1_left_0: Identifying enabled states...
place_region_1_left_0: Splitting up datasets...
place_region_1_left_0: Learning DBNS...
place_region_1_left_0: Building transition dicts for each DBN
place_region_1_left_0: Starting process for DBN 0
place_region_1_left_0: Starting process for DBN 1
place_region_1_left_0: Starting process for DBN 2
place_region_1_left_0: Starting process for DBN 3
place_region_1_left_0: Received dict for DBN 0
place_region_1_left_0: Received dict for DBN 1
place_region_1_left_0: Received dict for DBN 2
place_region_1_left_0: Received dict for DBN 3
place_region_1_left_0: Sampling transitions and computing reward
place_region_1_left_0: Building transition/reward matrices
place_region_1_right_0: Identifying enabled states...
place_region_1_right_0: Splitting up datasets...
place_region_1_right_0: Learning DBNS...
place_region_1_right_0: Building transition dicts for each DBN
place_region_1_right_0: Starting process for DBN 0
place_region_1_right_0: Starting process for DBN 1
place_region_1_right_0: Starting process for DBN 2
place_region_1_right_0: Starting process for DBN 3
place_region_1_right_0: Received dict for DBN 0
place_region_1_right_0: Received dict for DBN 1
place_region_1_right_0: Received dict for DBN 2
place_region_1_right_0: Received dict for DBN 3
place_region_1_right_0: Sampling transitions and computing reward
place_region_1_right_0: Building transition/reward matrices
place_region_1_front_270: Identifying enabled states...
place_region_1_front_270: Splitting up datasets...
place_region_1_front_270: Learning DBNS...
place_region_1_front_270: Building transition dicts for each DBN
place_region_1_front_270: Starting process for DBN 0
place_region_1_front_270: Starting process for DBN 1
place_region_1_front_270: Starting process for DBN 2
place_region_1_front_270: Starting process for DBN 3
place_region_1_front_270: Received dict for DBN 2
place_region_1_front_270: Received dict for DBN 0
place_region_1_front_270: Received dict for DBN 1
place_region_1_front_270: Received dict for DBN 3
place_region_1_front_270: Sampling transitions and computing reward
place_region_1_front_270: Building transition/reward matrices
place_region_2_top_0: Identifying enabled states...
place_region_2_top_0: Splitting up datasets...
place_region_2_top_0: Learning DBNS...
place_region_2_top_0: Building transition dicts for each DBN
place_region_2_top_0: Starting process for DBN 0
place_region_2_top_0: Starting process for DBN 1
place_region_2_top_0: Starting process for DBN 2
place_region_2_top_0: Starting process for DBN 3
place_region_2_top_0: Received dict for DBN 0
place_region_2_top_0: Received dict for DBN 1
place_region_2_top_0: Received dict for DBN 2
place_region_2_top_0: Received dict for DBN 3
place_region_2_top_0: Sampling transitions and computing reward
place_region_2_top_0: Building transition/reward matrices
place_region_2_left_0: Identifying enabled states...
place_region_2_left_0: Splitting up datasets...
place_region_2_left_0: Learning DBNS...
place_region_2_left_0: Building transition dicts for each DBN
place_region_2_left_0: Starting process for DBN 0
place_region_2_left_0: Starting process for DBN 1
place_region_2_left_0: Starting process for DBN 2
place_region_2_left_0: Starting process for DBN 3
place_region_2_left_0: Received dict for DBN 0
place_region_2_left_0: Received dict for DBN 1
place_region_2_left_0: Received dict for DBN 3
place_region_2_left_0: Received dict for DBN 2
place_region_2_left_0: Sampling transitions and computing reward
place_region_2_left_0: Building transition/reward matrices
place_region_2_right_0: Identifying enabled states...
place_region_2_right_0: Splitting up datasets...
place_region_2_right_0: Learning DBNS...
place_region_2_right_0: Building transition dicts for each DBN
place_region_2_right_0: Starting process for DBN 0
place_region_2_right_0: Starting process for DBN 1
place_region_2_right_0: Starting process for DBN 2
place_region_2_right_0: Starting process for DBN 3
place_region_2_right_0: Received dict for DBN 0
place_region_2_right_0: Received dict for DBN 1
place_region_2_right_0: Received dict for DBN 2
place_region_2_right_0: Received dict for DBN 3
place_region_2_right_0: Sampling transitions and computing reward
place_region_2_right_0: Building transition/reward matrices
place_region_2_front_270: Identifying enabled states...
place_region_2_front_270: Splitting up datasets...
place_region_2_front_270: Learning DBNS...
place_region_2_front_270: Building transition dicts for each DBN
place_region_2_front_270: Starting process for DBN 0
place_region_2_front_270: Starting process for DBN 1
place_region_2_front_270: Starting process for DBN 2
place_region_2_front_270: Starting process for DBN 3
place_region_2_front_270: Received dict for DBN 0
place_region_2_front_270: Received dict for DBN 1
place_region_2_front_270: Received dict for DBN 3
place_region_2_front_270: Received dict for DBN 2
place_region_2_front_270: Sampling transitions and computing reward
place_region_2_front_270: Building transition/reward matrices
Building MDP...
Synthesising Policy...
Solving MDP for timestep: 29
Solving MDP for timestep: 28
Solving MDP for timestep: 27
Solving MDP for timestep: 26
Solving MDP for timestep: 25
Solving MDP for timestep: 24
Solving MDP for timestep: 23
Solving MDP for timestep: 22
Solving MDP for timestep: 21
Solving MDP for timestep: 20
Solving MDP for timestep: 19
Solving MDP for timestep: 18
Solving MDP for timestep: 17
Solving MDP for timestep: 16
Solving MDP for timestep: 15
Solving MDP for timestep: 14
Solving MDP for timestep: 13
Solving MDP for timestep: 12
Solving MDP for timestep: 11
Solving MDP for timestep: 10
Solving MDP for timestep: 9
Solving MDP for timestep: 8
Solving MDP for timestep: 7
Solving MDP for timestep: 6
Solving MDP for timestep: 5
Solving MDP for timestep: 4
Solving MDP for timestep: 3
Solving MDP for timestep: 2
Solving MDP for timestep: 1
Solving MDP for timestep: 0
Resetting the scene for new episode
Step 0
policy value 1.1364820003509521
State(column0: region_0, column1: region_1, column2: region_2)
pick_column2_top_0
Action: Action(ActionType.PICK, obj=/column2, slot=None,grasp=GraspType.TOP_0)
[EXEC] Picking /column2 with top_0

[INFO] Found 1984 potential configurations.
[INFO] Motion completed successfully with result: success,in execution time: 3.84 seconds
[INFO] Found a reachable configuration for pick action after 1 attempts.
Tip distance after pick: 0.027298656359755428
[INFO] Pick action completed successfully.in execution time: 3.84 seconds
[EXEC] Action ActionType.PICK executed in 21.40 seconds
[SUCCESS] Action ActionType.PICK succeeded for object /column2
Action duration: 3.84
[LOG] Transition logged to MongoDB: f3fb32f7-6c7b-4976-8005-709c6e29f096 - Episode 3
Step 1
policy value 1.1364820003509521
State(column0: region_0, column1: region_1, column2: held)
place_goal_1_right_0
Action: Action(ActionType.PLACE, obj=/column2, slot=/goal_1,grasp=GraspType.RIGHT_0)
[EXEC] Placing at [-0.2749999999999999, 1.0750000000000006, 0.5] with grasp right_0

[INFO] Found 1984 potential configurations.
[INFO] Motion completed successfully with result: success,in execution time: 16.60 seconds
[INFO] Found a reachable configuration for place action after 1 attempts.
[INFO] Place action completed successfully.
realigning placed object /column2 to target position
[EXEC] Action ActionType.PLACE executed in 41.44 seconds
[SUCCESS] Action ActionType.PLACE succeeded for object /column2
Action duration: 16.6
[LOG] Transition logged to MongoDB: f3fb32f7-6c7b-4976-8005-709c6e29f096 - Episode 3
Step 2
policy value 1.0906957387924194
State(column0: region_0, column1: region_1, column2: goal_1)
pick_column1_front_270
Action: Action(ActionType.PICK, obj=/column1, slot=None,grasp=GraspType.FRONT_270)
[EXEC] Picking /column1 with front_270

[INFO] Found 1920 potential configurations.
[INFO] Motion completed successfully with result: success,in execution time: 10.56 seconds
[INFO] Found a reachable configuration for pick action after 1 attempts.
Tip distance after pick: 0.019722331866609506
[INFO] Pick action completed successfully.in execution time: 10.56 seconds
[EXEC] Action ActionType.PICK executed in 37.23 seconds
[SUCCESS] Action ActionType.PICK succeeded for object /column1
Action duration: 10.56
[LOG] Transition logged to MongoDB: f3fb32f7-6c7b-4976-8005-709c6e29f096 - Episode 3
Step 3
policy value 1.1978676319122314
State(column0: region_0, column1: held, column2: goal_1)
place_goal_0_front_270
Action: Action(ActionType.PLACE, obj=/column1, slot=/goal_0,grasp=GraspType.FRONT_270)
[EXEC] Placing at [-0.27499999999999986, 0.8250000000000005, 0.5] with grasp front_270

[INFO] Found 2944 potential configurations.
[ERROR] Motion failed (collision or invalid path)
[ERROR] Motion result: no_path
[WARN] Failed to find a path to the selected place config on attempt 1.
[WARN] No path found to selected place config, discarding and trying next valid config...
[INFO] Motion completed successfully with result: success,in execution time: 12.56 seconds
[INFO] Found a reachable configuration for place action after 2 attempts.
[INFO] Place action completed successfully.
realigning placed object /column1 to target position
[EXEC] Action ActionType.PLACE executed in 48.55 seconds
[SUCCESS] Action ActionType.PLACE succeeded for object /column1
Action duration: 12.560000000001
[LOG] Transition logged to MongoDB: f3fb32f7-6c7b-4976-8005-709c6e29f096 - Episode 3
Step 4
policy value 1.1652451753616333
State(column0: region_0, column1: goal_0, column2: goal_1)
pick_column0_top_0
Action: Action(ActionType.PICK, obj=/column0, slot=None,grasp=GraspType.TOP_0)
[EXEC] Picking /column0 with top_0

[INFO] Found 3456 potential configurations.
[INFO] Motion completed successfully with result: success,in execution time: 6.16 seconds
[INFO] Found a reachable configuration for pick action after 1 attempts.
Tip distance after pick: 0.027649219493235715
[INFO] Pick action completed successfully.in execution time: 6.16 seconds
[EXEC] Action ActionType.PICK executed in 23.12 seconds
[SUCCESS] Action ActionType.PICK succeeded for object /column0
Action duration: 6.160000000001
[LOG] Transition logged to MongoDB: f3fb32f7-6c7b-4976-8005-709c6e29f096 - Episode 3
Step 5
policy value 1.1652451753616333
State(column0: held, column1: goal_0, column2: goal_1)
place_goal_2_right_0
Action: Action(ActionType.PLACE, obj=/column0, slot=/goal_2,grasp=GraspType.RIGHT_0)
[EXEC] Placing at [-0.6000000000000001, 0.8250000000000003, 0.5] with grasp right_0

[INFO] Found 1600 potential configurations.
[INFO] Motion completed successfully with result: success,in execution time: 3.68 seconds
[INFO] Found a reachable configuration for place action after 1 attempts.
[INFO] Place action completed successfully.
realigning placed object /column0 to target position
[EXEC] Action ActionType.PLACE executed in 21.43 seconds
[SUCCESS] Action ActionType.PLACE succeeded for object /column0
Action duration: 3.6800000000006
[LOG] Transition logged to MongoDB: f3fb32f7-6c7b-4976-8005-709c6e29f096 - Episode 3
[LOG] Saving episode 3 to episode_00003_f3fb32f7-6c7b-4976-8005-709c6e29f096.yaml
[LOG] Episode saved: rl/dataset/episode_00003_f3fb32f7-6c7b-4976-8005-709c6e29f096.yaml
[LOG] Episode reset
Step 6
policy value 1.1688523292541504
State(column0: goal_2, column1: goal_0, column2: goal_1)
pick_column1_right_0
Action: Action(ActionType.PICK, obj=/column1, slot=None,grasp=GraspType.RIGHT_0)
[EXEC] Picking /column1 with right_0

[INFO] Found 2880 potential configurations.
[INFO] Motion completed successfully with result: success,in execution time: 1.80 seconds
[INFO] Found a reachable configuration for pick action after 1 attempts.
Tip distance after pick: 0.020351218243396786
[INFO] Pick action completed successfully.in execution time: 1.80 seconds
[EXEC] Action ActionType.PICK executed in 22.19 seconds
[SUCCESS] Action ActionType.PICK succeeded for object /column1
Action duration: 1.8000000000003
[LOG] Transition logged to MongoDB: f3fb32f7-6c7b-4976-8005-709c6e29f096 - Episode 4
[LOG] Saving episode 4 to episode_00004_f3fb32f7-6c7b-4976-8005-709c6e29f096.yaml
[LOG] Episode saved: rl/dataset/episode_00004_f3fb32f7-6c7b-4976-8005-709c6e29f096.yaml
[LOG] Episode reset
Step 7
policy value 1.1362535953521729
State(column0: goal_2, column1: held, column2: goal_1)
place_goal_0_front_270
Action: Action(ActionType.PLACE, obj=/column1, slot=/goal_0,grasp=GraspType.FRONT_270)
[EXEC] Placing at [-0.27499999999999986, 0.8250000000000005, 0.5] with grasp front_270

[INFO] Found 2624 potential configurations.
[INFO] Motion completed successfully with result: success,in execution time: 3.80 seconds
[INFO] Found a reachable configuration for place action after 1 attempts.
[INFO] Place action completed successfully.
realigning placed object /column1 to target position
[EXEC] Action ActionType.PLACE executed in 25.39 seconds
[SUCCESS] Action ActionType.PLACE succeeded for object /column1
Action duration: 3.8000000000006
[LOG] Transition logged to MongoDB: f3fb32f7-6c7b-4976-8005-709c6e29f096 - Episode 5
[LOG] Saving episode 5 to episode_00005_f3fb32f7-6c7b-4976-8005-709c6e29f096.yaml
[LOG] Episode saved: rl/dataset/episode_00005_f3fb32f7-6c7b-4976-8005-709c6e29f096.yaml
[LOG] Episode reset
Step 8
policy value 1.0713852643966675
State(column0: goal_2, column1: goal_0, column2: goal_1)
pick_column1_right_0
Action: Action(ActionType.PICK, obj=/column1, slot=None,grasp=GraspType.RIGHT_0)
[EXEC] Picking /column1 with right_0

[INFO] Found 1984 potential configurations.
[INFO] Motion completed successfully with result: success,in execution time: 3.96 seconds
[INFO] Found a reachable configuration for pick action after 1 attempts.
Tip distance after pick: 0.02024265797867019
[INFO] Pick action completed successfully.in execution time: 3.96 seconds
[EXEC] Action ActionType.PICK executed in 16.93 seconds
[SUCCESS] Action ActionType.PICK succeeded for object /column1
Action duration: 3.9599999999992
[LOG] Transition logged to MongoDB: f3fb32f7-6c7b-4976-8005-709c6e29f096 - Episode 6
[LOG] Saving episode 6 to episode_00006_f3fb32f7-6c7b-4976-8005-709c6e29f096.yaml
[LOG] Episode saved: rl/dataset/episode_00006_f3fb32f7-6c7b-4976-8005-709c6e29f096.yaml
[LOG] Episode reset
Step 9
policy value 1.038795828819275
State(column0: goal_2, column1: held, column2: goal_1)
place_goal_0_front_270
Action: Action(ActionType.PLACE, obj=/column1, slot=/goal_0,grasp=GraspType.FRONT_270)
[EXEC] Placing at [-0.27499999999999986, 0.8250000000000005, 0.5] with grasp front_270

[INFO] Found 2112 potential configurations.
[INFO] Motion completed successfully with result: success,in execution time: 3.84 seconds
[INFO] Found a reachable configuration for place action after 1 attempts.
[INFO] Place action completed successfully.
realigning placed object /column1 to target position
[EXEC] Action ActionType.PLACE executed in 32.20 seconds
[SUCCESS] Action ActionType.PLACE succeeded for object /column1
Action duration: 3.8399999999992
[LOG] Transition logged to MongoDB: f3fb32f7-6c7b-4976-8005-709c6e29f096 - Episode 7
[LOG] Saving episode 7 to episode_00007_f3fb32f7-6c7b-4976-8005-709c6e29f096.yaml
[LOG] Episode saved: rl/dataset/episode_00007_f3fb32f7-6c7b-4976-8005-709c6e29f096.yaml
[LOG] Episode reset
Step 10
policy value 0.9739275574684143
State(column0: goal_2, column1: goal_0, column2: goal_1)
pick_column1_right_0
Action: Action(ActionType.PICK, obj=/column1, slot=None,grasp=GraspType.RIGHT_0)
[EXEC] Picking /column1 with right_0

[INFO] Found 2048 potential configurations.
[ERROR] Motion failed (collision or invalid path)
[ERROR] Motion result: no_path
[WARN] Failed to find a path to the selected pick config on attempt 1.
[WARN] No path found to picked config, discarding and trying next valid config...
[ERROR] Motion failed (collision or invalid path)
[ERROR] Motion result: no_path
[WARN] Failed to find a path to the selected pick config on attempt 2.
[WARN] No path found to picked config, discarding and trying next valid config...
[ERROR] Motion failed (collision or invalid path)
[ERROR] Motion result: no_path
[WARN] Failed to find a path to the selected pick config on attempt 3.
[WARN] No path found to picked config, discarding and trying next valid config...
[ERROR] Max IK attempts reached, pick action failed.
[EXEC] Action ActionType.PICK executed in 21.43 seconds
[ERROR] Action ActionType.PICK failed for object /column1
Action duration: 0.001
[LOG] Transition logged to MongoDB: f3fb32f7-6c7b-4976-8005-709c6e29f096 - Episode 8
[LOG] Saving episode 8 to episode_00008_f3fb32f7-6c7b-4976-8005-709c6e29f096.yaml
[LOG] Episode saved: rl/dataset/episode_00008_f3fb32f7-6c7b-4976-8005-709c6e29f096.yaml
[LOG] Episode reset
Action failed, stopping. Time elapsed: 0.001
Step 11
policy value 0.9165107607841492
State(column0: goal_2, column1: goal_0, column2: goal_1)
pick_column1_right_0
Action: Action(ActionType.PICK, obj=/column1, slot=None,grasp=GraspType.RIGHT_0)
[EXEC] Picking /column1 with right_0

[INFO] Found 2880 potential configurations.
[INFO] Motion completed successfully with result: success,in execution time: 3.96 seconds
[INFO] Found a reachable configuration for pick action after 1 attempts.
Tip distance after pick: 0.02099135612650205
[INFO] Pick action completed successfully.in execution time: 3.96 seconds
[EXEC] Action ActionType.PICK executed in 23.17 seconds
[SUCCESS] Action ActionType.PICK succeeded for object /column1
Action duration: 3.9599999999992
[LOG] Transition logged to MongoDB: f3fb32f7-6c7b-4976-8005-709c6e29f096 - Episode 9
[LOG] Saving episode 9 to episode_00009_f3fb32f7-6c7b-4976-8005-709c6e29f096.yaml
[LOG] Episode saved: rl/dataset/episode_00009_f3fb32f7-6c7b-4976-8005-709c6e29f096.yaml
[LOG] Episode reset
Step 12
policy value 0.8835076093673706
State(column0: goal_2, column1: held, column2: goal_1)
place_goal_0_front_270
Action: Action(ActionType.PLACE, obj=/column1, slot=/goal_0,grasp=GraspType.FRONT_270)
[EXEC] Placing at [-0.27499999999999986, 0.8250000000000005, 0.5] with grasp front_270

[INFO] Found 4736 potential configurations.
[INFO] Motion completed successfully with result: success,in execution time: 3.92 seconds
[INFO] Found a reachable configuration for place action after 1 attempts.
[INFO] Place action completed successfully.
realigning placed object /column1 to target position
[EXEC] Action ActionType.PLACE executed in 34.18 seconds
[SUCCESS] Action ActionType.PLACE succeeded for object /column1
Action duration: 3.9199999999992
[LOG] Transition logged to MongoDB: f3fb32f7-6c7b-4976-8005-709c6e29f096 - Episode 10
[LOG] Saving episode 10 to episode_00010_f3fb32f7-6c7b-4976-8005-709c6e29f096.yaml
[LOG] Episode saved: rl/dataset/episode_00010_f3fb32f7-6c7b-4976-8005-709c6e29f096.yaml
[LOG] Episode reset
Step 13
policy value 0.81863933801651
State(column0: goal_2, column1: goal_0, column2: goal_1)
pick_column1_right_0
Action: Action(ActionType.PICK, obj=/column1, slot=None,grasp=GraspType.RIGHT_0)
[EXEC] Picking /column1 with right_0

[INFO] Found 2176 potential configurations.
[ERROR] Motion failed (collision or invalid path)
[ERROR] Motion result: no_path
[WARN] Failed to find a path to the selected pick config on attempt 1.
[WARN] No path found to picked config, discarding and trying next valid config...
[ERROR] Motion failed (collision or invalid path)
[ERROR] Motion result: no_path
[WARN] Failed to find a path to the selected pick config on attempt 2.
[WARN] No path found to picked config, discarding and trying next valid config...
[ERROR] Motion failed (collision or invalid path)
[ERROR] Motion result: no_path
[WARN] Failed to find a path to the selected pick config on attempt 3.
[WARN] No path found to picked config, discarding and trying next valid config...
[ERROR] Max IK attempts reached, pick action failed.
[EXEC] Action ActionType.PICK executed in 20.38 seconds
[ERROR] Action ActionType.PICK failed for object /column1
Action duration: 0.001
[LOG] Transition logged to MongoDB: f3fb32f7-6c7b-4976-8005-709c6e29f096 - Episode 11
[LOG] Saving episode 11 to episode_00011_f3fb32f7-6c7b-4976-8005-709c6e29f096.yaml
[LOG] Episode saved: rl/dataset/episode_00011_f3fb32f7-6c7b-4976-8005-709c6e29f096.yaml
[LOG] Episode reset
Action failed, stopping. Time elapsed: 0.001
Step 14
policy value 0.77904212474823
State(column0: goal_2, column1: goal_0, column2: goal_1)
pick_column1_right_0
Action: Action(ActionType.PICK, obj=/column1, slot=None,grasp=GraspType.RIGHT_0)
[EXEC] Picking /column1 with right_0

[INFO] Found 2752 potential configurations.
[INFO] Motion completed successfully with result: success,in execution time: 4.00 seconds
[INFO] Found a reachable configuration for pick action after 1 attempts.
Tip distance after pick: 0.020758260980409345
[INFO] Pick action completed successfully.in execution time: 4.00 seconds
[EXEC] Action ActionType.PICK executed in 17.02 seconds
[SUCCESS] Action ActionType.PICK succeeded for object /column1
Action duration: 3.9999999999992
[LOG] Transition logged to MongoDB: f3fb32f7-6c7b-4976-8005-709c6e29f096 - Episode 12
[LOG] Saving episode 12 to episode_00012_f3fb32f7-6c7b-4976-8005-709c6e29f096.yaml
[LOG] Episode saved: rl/dataset/episode_00012_f3fb32f7-6c7b-4976-8005-709c6e29f096.yaml
[LOG] Episode reset
Step 15
policy value 0.7464836835861206
State(column0: goal_2, column1: held, column2: goal_1)
place_goal_0_front_270
Action: Action(ActionType.PLACE, obj=/column1, slot=/goal_0,grasp=GraspType.FRONT_270)
[EXEC] Placing at [-0.27499999999999986, 0.8250000000000005, 0.5] with grasp front_270

[INFO] Found 3520 potential configurations.
[INFO] Motion completed successfully with result: success,in execution time: 3.84 seconds
[INFO] Found a reachable configuration for place action after 1 attempts.
[INFO] Place action completed successfully.
realigning placed object /column1 to target position
[EXEC] Action ActionType.PLACE executed in 18.76 seconds
[SUCCESS] Action ActionType.PLACE succeeded for object /column1
Action duration: 3.8399999999992
[LOG] Transition logged to MongoDB: f3fb32f7-6c7b-4976-8005-709c6e29f096 - Episode 13
[LOG] Saving episode 13 to episode_00013_f3fb32f7-6c7b-4976-8005-709c6e29f096.yaml
[LOG] Episode saved: rl/dataset/episode_00013_f3fb32f7-6c7b-4976-8005-709c6e29f096.yaml
[LOG] Episode reset
Step 16
policy value 0.68161541223526
State(column0: goal_2, column1: goal_0, column2: goal_1)
pick_column1_right_0
Action: Action(ActionType.PICK, obj=/column1, slot=None,grasp=GraspType.RIGHT_0)
[EXEC] Picking /column1 with right_0

[INFO] Found 1664 potential configurations.
[ERROR] Motion failed (collision or invalid path)
[ERROR] Motion result: no_path
[WARN] Failed to find a path to the selected pick config on attempt 1.
[WARN] No path found to picked config, discarding and trying next valid config...
[ERROR] Motion failed (collision or invalid path)
[ERROR] Motion result: no_path
[WARN] Failed to find a path to the selected pick config on attempt 2.
[WARN] No path found to picked config, discarding and trying next valid config...
[ERROR] Motion failed (collision or invalid path)
[ERROR] Motion result: no_path
[WARN] Failed to find a path to the selected pick config on attempt 3.
[WARN] No path found to picked config, discarding and trying next valid config...
[ERROR] Max IK attempts reached, pick action failed.
[EXEC] Action ActionType.PICK executed in 20.97 seconds
[ERROR] Action ActionType.PICK failed for object /column1
Action duration: 0.001
[LOG] Transition logged to MongoDB: f3fb32f7-6c7b-4976-8005-709c6e29f096 - Episode 14
[LOG] Saving episode 14 to episode_00014_f3fb32f7-6c7b-4976-8005-709c6e29f096.yaml
[LOG] Episode saved: rl/dataset/episode_00014_f3fb32f7-6c7b-4976-8005-709c6e29f096.yaml
[LOG] Episode reset
Action failed, stopping. Time elapsed: 0.001
Step 17
policy value 0.6228641867637634
State(column0: goal_2, column1: goal_0, column2: goal_1)
pick_column1_right_0
Action: Action(ActionType.PICK, obj=/column1, slot=None,grasp=GraspType.RIGHT_0)
[EXEC] Picking /column1 with right_0

[INFO] Found 2496 potential configurations.
[INFO] Motion completed successfully with result: success,in execution time: 3.96 seconds
[INFO] Found a reachable configuration for pick action after 1 attempts.
Tip distance after pick: 0.020011054146338938
[INFO] Pick action completed successfully.in execution time: 3.96 seconds
[EXEC] Action ActionType.PICK executed in 15.79 seconds
[SUCCESS] Action ActionType.PICK succeeded for object /column1
Action duration: 3.9599999999992
[LOG] Transition logged to MongoDB: f3fb32f7-6c7b-4976-8005-709c6e29f096 - Episode 15
[LOG] Saving episode 15 to episode_00015_f3fb32f7-6c7b-4976-8005-709c6e29f096.yaml
[LOG] Episode saved: rl/dataset/episode_00015_f3fb32f7-6c7b-4976-8005-709c6e29f096.yaml
[LOG] Episode reset
Step 18
policy value 0.5898277163505554
State(column0: goal_2, column1: held, column2: goal_1)
place_goal_0_front_270
Action: Action(ActionType.PLACE, obj=/column1, slot=/goal_0,grasp=GraspType.FRONT_270)
[EXEC] Placing at [-0.27499999999999986, 0.8250000000000005, 0.5] with grasp front_270

[INFO] Found 3264 potential configurations.
[INFO] Motion completed successfully with result: success,in execution time: 3.84 seconds
[INFO] Found a reachable configuration for place action after 1 attempts.
[INFO] Place action completed successfully.
realigning placed object /column1 to target position
[EXEC] Action ActionType.PLACE executed in 19.91 seconds
[SUCCESS] Action ActionType.PLACE succeeded for object /column1
Action duration: 3.8399999999992
[LOG] Transition logged to MongoDB: f3fb32f7-6c7b-4976-8005-709c6e29f096 - Episode 16
[LOG] Saving episode 16 to episode_00016_f3fb32f7-6c7b-4976-8005-709c6e29f096.yaml
[LOG] Episode saved: rl/dataset/episode_00016_f3fb32f7-6c7b-4976-8005-709c6e29f096.yaml
[LOG] Episode reset
Step 19
policy value 0.5249594449996948
State(column0: goal_2, column1: goal_0, column2: goal_1)
pick_column1_right_0
Action: Action(ActionType.PICK, obj=/column1, slot=None,grasp=GraspType.RIGHT_0)
[EXEC] Picking /column1 with right_0

[INFO] Found 3200 potential configurations.
[INFO] Motion completed successfully with result: success,in execution time: 3.96 seconds
[INFO] Found a reachable configuration for pick action after 1 attempts.
Tip distance after pick: 0.020942515086828012
[INFO] Pick action completed successfully.in execution time: 3.96 seconds
[EXEC] Action ActionType.PICK executed in 29.82 seconds
[SUCCESS] Action ActionType.PICK succeeded for object /column1
Action duration: 3.9599999999992
[LOG] Transition logged to MongoDB: f3fb32f7-6c7b-4976-8005-709c6e29f096 - Episode 17
[LOG] Saving episode 17 to episode_00017_f3fb32f7-6c7b-4976-8005-709c6e29f096.yaml
[LOG] Episode saved: rl/dataset/episode_00017_f3fb32f7-6c7b-4976-8005-709c6e29f096.yaml
[LOG] Episode reset
Step 20
policy value 0.4919107258319855
State(column0: goal_2, column1: held, column2: goal_1)
place_goal_0_front_270
Action: Action(ActionType.PLACE, obj=/column1, slot=/goal_0,grasp=GraspType.FRONT_270)
[EXEC] Placing at [-0.27499999999999986, 0.8250000000000005, 0.5] with grasp front_270

[INFO] Found 4992 potential configurations.
[INFO] Motion completed successfully with result: success,in execution time: 3.84 seconds
[INFO] Found a reachable configuration for place action after 1 attempts.
[INFO] Place action completed successfully.
realigning placed object /column1 to target position
[EXEC] Action ActionType.PLACE executed in 15.77 seconds
[SUCCESS] Action ActionType.PLACE succeeded for object /column1
Action duration: 3.8399999999992
[LOG] Transition logged to MongoDB: f3fb32f7-6c7b-4976-8005-709c6e29f096 - Episode 18
[LOG] Saving episode 18 to episode_00018_f3fb32f7-6c7b-4976-8005-709c6e29f096.yaml
[LOG] Episode saved: rl/dataset/episode_00018_f3fb32f7-6c7b-4976-8005-709c6e29f096.yaml
[LOG] Episode reset
Step 21
policy value 0.4270424544811249
State(column0: goal_2, column1: goal_0, column2: goal_1)
pick_column1_right_0
Action: Action(ActionType.PICK, obj=/column1, slot=None,grasp=GraspType.RIGHT_0)
[EXEC] Picking /column1 with right_0

[INFO] Found 2304 potential configurations.
[INFO] Motion completed successfully with result: success,in execution time: 3.96 seconds
[INFO] Found a reachable configuration for pick action after 1 attempts.
Tip distance after pick: 0.020853446955580213
[INFO] Pick action completed successfully.in execution time: 3.96 seconds
[EXEC] Action ActionType.PICK executed in 24.09 seconds
[SUCCESS] Action ActionType.PICK succeeded for object /column1
Action duration: 3.9599999999998
[LOG] Transition logged to MongoDB: f3fb32f7-6c7b-4976-8005-709c6e29f096 - Episode 19
[LOG] Saving episode 19 to episode_00019_f3fb32f7-6c7b-4976-8005-709c6e29f096.yaml
[LOG] Episode saved: rl/dataset/episode_00019_f3fb32f7-6c7b-4976-8005-709c6e29f096.yaml
[LOG] Episode reset
Step 22
policy value 0.3939809203147888
State(column0: goal_2, column1: held, column2: goal_1)
place_goal_0_front_270
Action: Action(ActionType.PLACE, obj=/column1, slot=/goal_0,grasp=GraspType.FRONT_270)
[EXEC] Placing at [-0.27499999999999986, 0.8250000000000005, 0.5] with grasp front_270

[INFO] Found 3008 potential configurations.
[INFO] Motion completed successfully with result: success,in execution time: 3.80 seconds
[INFO] Found a reachable configuration for place action after 1 attempts.
[INFO] Place action completed successfully.
realigning placed object /column1 to target position
[EXEC] Action ActionType.PLACE executed in 26.06 seconds
[SUCCESS] Action ActionType.PLACE succeeded for object /column1
Action duration: 3.8000000000019
[LOG] Transition logged to MongoDB: f3fb32f7-6c7b-4976-8005-709c6e29f096 - Episode 20
[LOG] Saving episode 20 to episode_00020_f3fb32f7-6c7b-4976-8005-709c6e29f096.yaml
[LOG] Episode saved: rl/dataset/episode_00020_f3fb32f7-6c7b-4976-8005-709c6e29f096.yaml
[LOG] Episode reset
Step 23
policy value 0.3291126489639282
State(column0: goal_2, column1: goal_0, column2: goal_1)
pick_column1_right_0
Action: Action(ActionType.PICK, obj=/column1, slot=None,grasp=GraspType.RIGHT_0)
[EXEC] Picking /column1 with right_0

[INFO] Found 2240 potential configurations.
[INFO] Motion completed successfully with result: success,in execution time: 3.96 seconds
[INFO] Found a reachable configuration for pick action after 1 attempts.
Tip distance after pick: 0.020237542174759388
[INFO] Pick action completed successfully.in execution time: 3.96 seconds
[EXEC] Action ActionType.PICK executed in 21.42 seconds
[SUCCESS] Action ActionType.PICK succeeded for object /column1
Action duration: 3.960000000002
[LOG] Transition logged to MongoDB: f3fb32f7-6c7b-4976-8005-709c6e29f096 - Episode 21
[LOG] Saving episode 21 to episode_00021_f3fb32f7-6c7b-4976-8005-709c6e29f096.yaml
[LOG] Episode saved: rl/dataset/episode_00021_f3fb32f7-6c7b-4976-8005-709c6e29f096.yaml
[LOG] Episode reset
Step 24
policy value 0.2960377037525177
State(column0: goal_2, column1: held, column2: goal_1)
place_goal_0_front_270
Action: Action(ActionType.PLACE, obj=/column1, slot=/goal_0,grasp=GraspType.FRONT_270)
[EXEC] Placing at [-0.27499999999999986, 0.8250000000000005, 0.5] with grasp front_270

[INFO] Found 3840 potential configurations.
[INFO] Motion completed successfully with result: success,in execution time: 3.80 seconds
[INFO] Found a reachable configuration for place action after 1 attempts.
[INFO] Place action completed successfully.
realigning placed object /column1 to target position
[EXEC] Action ActionType.PLACE executed in 24.40 seconds
[SUCCESS] Action ActionType.PLACE succeeded for object /column1
Action duration: 3.8000000000019
[LOG] Transition logged to MongoDB: f3fb32f7-6c7b-4976-8005-709c6e29f096 - Episode 22
[LOG] Saving episode 22 to episode_00022_f3fb32f7-6c7b-4976-8005-709c6e29f096.yaml
[LOG] Episode saved: rl/dataset/episode_00022_f3fb32f7-6c7b-4976-8005-709c6e29f096.yaml
[LOG] Episode reset
Step 25
policy value 0.2311694324016571
State(column0: goal_2, column1: goal_0, column2: goal_1)
pick_column1_left_0
Action: Action(ActionType.PICK, obj=/column1, slot=None,grasp=GraspType.LEFT_0)
[EXEC] Picking /column1 with left_0

[INFO] Found 3072 potential configurations.
[WARN] No valid configuration found (all tested configs invalid).
[EXEC] Action ActionType.PICK executed in 2.77 seconds
[ERROR] Action ActionType.PICK failed for object /column1
Action duration: 0.001
[LOG] Transition logged to MongoDB: f3fb32f7-6c7b-4976-8005-709c6e29f096 - Episode 23
[LOG] Saving episode 23 to episode_00023_f3fb32f7-6c7b-4976-8005-709c6e29f096.yaml
[LOG] Episode saved: rl/dataset/episode_00023_f3fb32f7-6c7b-4976-8005-709c6e29f096.yaml
[LOG] Episode reset
Action failed, stopping. Time elapsed: 0.001
Step 26
policy value 0.19466374814510345
State(column0: goal_2, column1: goal_0, column2: goal_1)
pick_column1_right_0
Action: Action(ActionType.PICK, obj=/column1, slot=None,grasp=GraspType.RIGHT_0)
[EXEC] Picking /column1 with right_0

[INFO] Found 2240 potential configurations.
[ERROR] Motion failed (collision or invalid path)
[ERROR] Motion result: no_path
[WARN] Failed to find a path to the selected pick config on attempt 1.
[WARN] No path found to picked config, discarding and trying next valid config...
[INFO] Motion completed successfully with result: success,in execution time: 9.84 seconds
[INFO] Found a reachable configuration for pick action after 2 attempts.
Tip distance after pick: 0.020308805407915666
[INFO] Pick action completed successfully.in execution time: 9.84 seconds
[EXEC] Action ActionType.PICK executed in 68.62 seconds
[SUCCESS] Action ActionType.PICK succeeded for object /column1
Action duration: 9.840000000005
[LOG] Transition logged to MongoDB: f3fb32f7-6c7b-4976-8005-709c6e29f096 - Episode 24
[LOG] Saving episode 24 to episode_00024_f3fb32f7-6c7b-4976-8005-709c6e29f096.yaml
[LOG] Episode saved: rl/dataset/episode_00024_f3fb32f7-6c7b-4976-8005-709c6e29f096.yaml
[LOG] Episode reset
Step 27
policy value 0.16218531131744385
State(column0: goal_2, column1: held, column2: goal_1)
place_goal_0_front_270
Action: Action(ActionType.PLACE, obj=/column1, slot=/goal_0,grasp=GraspType.FRONT_270)
[EXEC] Placing at [-0.27499999999999986, 0.8250000000000005, 0.5] with grasp front_270

[INFO] Found 3328 potential configurations.
[INFO] Motion completed successfully with result: success,in execution time: 3.80 seconds
[INFO] Found a reachable configuration for place action after 1 attempts.
[INFO] Place action completed successfully.
realigning placed object /column1 to target position
[EXEC] Action ActionType.PLACE executed in 22.68 seconds
[SUCCESS] Action ActionType.PLACE succeeded for object /column1
Action duration: 3.8000000000019
[LOG] Transition logged to MongoDB: f3fb32f7-6c7b-4976-8005-709c6e29f096 - Episode 25
[LOG] Saving episode 25 to episode_00025_f3fb32f7-6c7b-4976-8005-709c6e29f096.yaml
[LOG] Episode saved: rl/dataset/episode_00025_f3fb32f7-6c7b-4976-8005-709c6e29f096.yaml
[LOG] Episode reset
Step 28
policy value 0.09731704741716385
State(column0: goal_2, column1: goal_0, column2: goal_1)
pick_column1_right_0
Action: Action(ActionType.PICK, obj=/column1, slot=None,grasp=GraspType.RIGHT_0)
[EXEC] Picking /column1 with right_0

[INFO] Found 1920 potential configurations.
[ERROR] Motion failed (collision or invalid path)
[ERROR] Motion result: no_path
[WARN] Failed to find a path to the selected pick config on attempt 1.
[WARN] No path found to picked config, discarding and trying next valid config...
[ERROR] Motion failed (collision or invalid path)
[ERROR] Motion result: no_path
[WARN] Failed to find a path to the selected pick config on attempt 2.
[WARN] No path found to picked config, discarding and trying next valid config...
[ERROR] Motion failed (collision or invalid path)
[ERROR] Motion result: no_path
[WARN] Failed to find a path to the selected pick config on attempt 3.
[WARN] No path found to picked config, discarding and trying next valid config...
[ERROR] Max IK attempts reached, pick action failed.
[EXEC] Action ActionType.PICK executed in 22.02 seconds
[ERROR] Action ActionType.PICK failed for object /column1
Action duration: 0.001
[LOG] Transition logged to MongoDB: f3fb32f7-6c7b-4976-8005-709c6e29f096 - Episode 26
[LOG] Saving episode 26 to episode_00026_f3fb32f7-6c7b-4976-8005-709c6e29f096.yaml
[LOG] Episode saved: rl/dataset/episode_00026_f3fb32f7-6c7b-4976-8005-709c6e29f096.yaml
[LOG] Episode reset
Action failed, stopping. Time elapsed: 0.001
Step 29
policy value 0.03452899307012558
State(column0: goal_2, column1: goal_0, column2: goal_1)
pick_column1_left_0
Action: Action(ActionType.PICK, obj=/column1, slot=None,grasp=GraspType.LEFT_0)
[EXEC] Picking /column1 with left_0

[INFO] Found 3200 potential configurations.
[WARN] No valid configuration found (all tested configs invalid).
[EXEC] Action ActionType.PICK executed in 2.81 seconds
[ERROR] Action ActionType.PICK failed for object /column1
Action duration: 0.001
[LOG] Transition logged to MongoDB: f3fb32f7-6c7b-4976-8005-709c6e29f096 - Episode 27
[LOG] Saving episode 27 to episode_00027_f3fb32f7-6c7b-4976-8005-709c6e29f096.yaml
[LOG] Episode saved: rl/dataset/episode_00027_f3fb32f7-6c7b-4976-8005-709c6e29f096.yaml
[LOG] Episode reset
Action failed, stopping. Time elapsed: 0.001
Step 30
policy value None
No more valid actions in policy
Episode 17 ended
Revising policy
USING STORM: False
Reading data from MongoDB...
Total option moiton param combinations 36
Collected combinations 36
Building state to idx mapping...
Building option ensembles...
pick_column0_top_0: Identifying enabled states...
pick_column0_top_0: Splitting up datasets...
pick_column0_top_0: Learning DBNS...
pick_column0_top_0: Building transition dicts for each DBN
pick_column0_top_0: Starting process for DBN 0
pick_column0_top_0: Starting process for DBN 1
pick_column0_top_0: Starting process for DBN 2
pick_column0_top_0: Starting process for DBN 3
pick_column0_top_0: Received dict for DBN 0
pick_column0_top_0: Received dict for DBN 1
pick_column0_top_0: Received dict for DBN 2
pick_column0_top_0: Received dict for DBN 3
pick_column0_top_0: Sampling transitions and computing reward
pick_column0_top_0: Building transition/reward matrices
pick_column0_left_0: Identifying enabled states...
pick_column0_left_0: Splitting up datasets...
pick_column0_left_0: Learning DBNS...
pick_column0_left_0: Building transition dicts for each DBN
pick_column0_left_0: Starting process for DBN 0
pick_column0_left_0: Starting process for DBN 1
pick_column0_left_0: Starting process for DBN 2
pick_column0_left_0: Starting process for DBN 3
pick_column0_left_0: Received dict for DBN 0
pick_column0_left_0: Received dict for DBN 1
pick_column0_left_0: Received dict for DBN 2
pick_column0_left_0: Received dict for DBN 3
pick_column0_left_0: Sampling transitions and computing reward
pick_column0_left_0: Building transition/reward matrices
pick_column0_right_0: Identifying enabled states...
pick_column0_right_0: Splitting up datasets...
pick_column0_right_0: Learning DBNS...
pick_column0_right_0: Building transition dicts for each DBN
pick_column0_right_0: Starting process for DBN 0
pick_column0_right_0: Starting process for DBN 1
pick_column0_right_0: Starting process for DBN 2
pick_column0_right_0: Starting process for DBN 3
pick_column0_right_0: Received dict for DBN 0
pick_column0_right_0: Received dict for DBN 1
pick_column0_right_0: Received dict for DBN 2
pick_column0_right_0: Received dict for DBN 3
pick_column0_right_0: Sampling transitions and computing reward
pick_column0_right_0: Building transition/reward matrices
pick_column0_front_270: Identifying enabled states...
pick_column0_front_270: Splitting up datasets...
pick_column0_front_270: Learning DBNS...
pick_column0_front_270: Building transition dicts for each DBN
pick_column0_front_270: Starting process for DBN 0
pick_column0_front_270: Starting process for DBN 1
pick_column0_front_270: Starting process for DBN 2
pick_column0_front_270: Starting process for DBN 3
pick_column0_front_270: Received dict for DBN 0
pick_column0_front_270: Received dict for DBN 1
pick_column0_front_270: Received dict for DBN 2
pick_column0_front_270: Received dict for DBN 3
pick_column0_front_270: Sampling transitions and computing reward
pick_column0_front_270: Building transition/reward matrices
pick_column1_top_0: Identifying enabled states...
pick_column1_top_0: Splitting up datasets...
pick_column1_top_0: Learning DBNS...
pick_column1_top_0: Building transition dicts for each DBN
pick_column1_top_0: Starting process for DBN 0
pick_column1_top_0: Starting process for DBN 1
pick_column1_top_0: Starting process for DBN 2
pick_column1_top_0: Starting process for DBN 3
pick_column1_top_0: Received dict for DBN 0
pick_column1_top_0: Received dict for DBN 1
pick_column1_top_0: Received dict for DBN 2
pick_column1_top_0: Received dict for DBN 3
pick_column1_top_0: Sampling transitions and computing reward
pick_column1_top_0: Building transition/reward matrices
pick_column1_left_0: Identifying enabled states...
pick_column1_left_0: Splitting up datasets...
pick_column1_left_0: Learning DBNS...
pick_column1_left_0: Building transition dicts for each DBN
pick_column1_left_0: Starting process for DBN 0
pick_column1_left_0: Starting process for DBN 1
pick_column1_left_0: Starting process for DBN 2
pick_column1_left_0: Starting process for DBN 3
pick_column1_left_0: Received dict for DBN 0
pick_column1_left_0: Received dict for DBN 1
pick_column1_left_0: Received dict for DBN 2
pick_column1_left_0: Received dict for DBN 3
pick_column1_left_0: Sampling transitions and computing reward
pick_column1_left_0: Building transition/reward matrices
pick_column1_right_0: Identifying enabled states...
pick_column1_right_0: Splitting up datasets...
pick_column1_right_0: Learning DBNS...
pick_column1_right_0: Building transition dicts for each DBN
pick_column1_right_0: Starting process for DBN 0
pick_column1_right_0: Starting process for DBN 1
pick_column1_right_0: Starting process for DBN 2
pick_column1_right_0: Starting process for DBN 3
pick_column1_right_0: Received dict for DBN 0
pick_column1_right_0: Received dict for DBN 1
pick_column1_right_0: Received dict for DBN 3
pick_column1_right_0: Received dict for DBN 2
pick_column1_right_0: Sampling transitions and computing reward
pick_column1_right_0: Building transition/reward matrices
pick_column1_front_270: Identifying enabled states...
pick_column1_front_270: Splitting up datasets...
pick_column1_front_270: Learning DBNS...
pick_column1_front_270: Building transition dicts for each DBN
pick_column1_front_270: Starting process for DBN 0
pick_column1_front_270: Starting process for DBN 1
pick_column1_front_270: Starting process for DBN 2
pick_column1_front_270: Starting process for DBN 3
pick_column1_front_270: Received dict for DBN 0
pick_column1_front_270: Received dict for DBN 1
pick_column1_front_270: Received dict for DBN 2
pick_column1_front_270: Received dict for DBN 3
pick_column1_front_270: Sampling transitions and computing reward
pick_column1_front_270: Building transition/reward matrices
pick_column2_top_0: Identifying enabled states...
pick_column2_top_0: Splitting up datasets...
pick_column2_top_0: Learning DBNS...
pick_column2_top_0: Building transition dicts for each DBN
pick_column2_top_0: Starting process for DBN 0
pick_column2_top_0: Starting process for DBN 1
pick_column2_top_0: Starting process for DBN 2
pick_column2_top_0: Starting process for DBN 3
pick_column2_top_0: Received dict for DBN 1
pick_column2_top_0: Received dict for DBN 0
pick_column2_top_0: Received dict for DBN 2
pick_column2_top_0: Received dict for DBN 3
pick_column2_top_0: Sampling transitions and computing reward
pick_column2_top_0: Building transition/reward matrices
pick_column2_left_0: Identifying enabled states...
pick_column2_left_0: Splitting up datasets...
pick_column2_left_0: Learning DBNS...
pick_column2_left_0: Building transition dicts for each DBN
pick_column2_left_0: Starting process for DBN 0
pick_column2_left_0: Starting process for DBN 1
pick_column2_left_0: Starting process for DBN 2
pick_column2_left_0: Starting process for DBN 3
pick_column2_left_0: Received dict for DBN 0
pick_column2_left_0: Received dict for DBN 1
pick_column2_left_0: Received dict for DBN 2
pick_column2_left_0: Received dict for DBN 3
pick_column2_left_0: Sampling transitions and computing reward
pick_column2_left_0: Building transition/reward matrices
pick_column2_right_0: Identifying enabled states...
pick_column2_right_0: Splitting up datasets...
pick_column2_right_0: Learning DBNS...
pick_column2_right_0: Building transition dicts for each DBN
pick_column2_right_0: Starting process for DBN 0
pick_column2_right_0: Starting process for DBN 1
pick_column2_right_0: Starting process for DBN 2
pick_column2_right_0: Starting process for DBN 3
pick_column2_right_0: Received dict for DBN 0
pick_column2_right_0: Received dict for DBN 1
pick_column2_right_0: Received dict for DBN 2
pick_column2_right_0: Received dict for DBN 3
pick_column2_right_0: Sampling transitions and computing reward
pick_column2_right_0: Building transition/reward matrices
pick_column2_front_270: Identifying enabled states...
pick_column2_front_270: Splitting up datasets...
pick_column2_front_270: Learning DBNS...
pick_column2_front_270: Building transition dicts for each DBN
pick_column2_front_270: Starting process for DBN 0
pick_column2_front_270: Starting process for DBN 1
pick_column2_front_270: Starting process for DBN 2
pick_column2_front_270: Starting process for DBN 3
pick_column2_front_270: Received dict for DBN 0
pick_column2_front_270: Received dict for DBN 1
pick_column2_front_270: Received dict for DBN 2
pick_column2_front_270: Received dict for DBN 3
pick_column2_front_270: Sampling transitions and computing reward
pick_column2_front_270: Building transition/reward matrices
place_goal_0_top_0: Identifying enabled states...
place_goal_0_top_0: Splitting up datasets...
place_goal_0_top_0: Learning DBNS...
place_goal_0_top_0: Building transition dicts for each DBN
place_goal_0_top_0: Starting process for DBN 0
place_goal_0_top_0: Starting process for DBN 1
place_goal_0_top_0: Starting process for DBN 2
place_goal_0_top_0: Starting process for DBN 3
place_goal_0_top_0: Received dict for DBN 2
place_goal_0_top_0: Received dict for DBN 1
place_goal_0_top_0: Received dict for DBN 0
place_goal_0_top_0: Received dict for DBN 3
place_goal_0_top_0: Sampling transitions and computing reward
place_goal_0_top_0: Building transition/reward matrices
place_goal_0_left_0: Identifying enabled states...
place_goal_0_left_0: Splitting up datasets...
place_goal_0_left_0: Learning DBNS...
place_goal_0_left_0: Building transition dicts for each DBN
place_goal_0_left_0: Starting process for DBN 0
place_goal_0_left_0: Starting process for DBN 1
place_goal_0_left_0: Starting process for DBN 2
place_goal_0_left_0: Starting process for DBN 3
place_goal_0_left_0: Received dict for DBN 0
place_goal_0_left_0: Received dict for DBN 1
place_goal_0_left_0: Received dict for DBN 2
place_goal_0_left_0: Received dict for DBN 3
place_goal_0_left_0: Sampling transitions and computing reward
place_goal_0_left_0: Building transition/reward matrices
place_goal_0_right_0: Identifying enabled states...
place_goal_0_right_0: Splitting up datasets...
place_goal_0_right_0: Learning DBNS...
place_goal_0_right_0: Building transition dicts for each DBN
place_goal_0_right_0: Starting process for DBN 0
place_goal_0_right_0: Starting process for DBN 1
place_goal_0_right_0: Starting process for DBN 2
place_goal_0_right_0: Starting process for DBN 3
place_goal_0_right_0: Received dict for DBN 1
place_goal_0_right_0: Received dict for DBN 0
place_goal_0_right_0: Received dict for DBN 2
place_goal_0_right_0: Received dict for DBN 3
place_goal_0_right_0: Sampling transitions and computing reward
place_goal_0_right_0: Building transition/reward matrices
place_goal_0_front_270: Identifying enabled states...
place_goal_0_front_270: Splitting up datasets...
place_goal_0_front_270: Learning DBNS...
place_goal_0_front_270: Building transition dicts for each DBN
place_goal_0_front_270: Starting process for DBN 0
place_goal_0_front_270: Starting process for DBN 1
place_goal_0_front_270: Starting process for DBN 2
place_goal_0_front_270: Starting process for DBN 3
place_goal_0_front_270: Received dict for DBN 0
place_goal_0_front_270: Received dict for DBN 3
place_goal_0_front_270: Received dict for DBN 1
place_goal_0_front_270: Received dict for DBN 2
place_goal_0_front_270: Sampling transitions and computing reward
place_goal_0_front_270: Building transition/reward matrices
place_goal_1_top_0: Identifying enabled states...
place_goal_1_top_0: Splitting up datasets...
place_goal_1_top_0: Learning DBNS...
place_goal_1_top_0: Building transition dicts for each DBN
place_goal_1_top_0: Starting process for DBN 0
place_goal_1_top_0: Starting process for DBN 1
place_goal_1_top_0: Starting process for DBN 2
place_goal_1_top_0: Starting process for DBN 3
place_goal_1_top_0: Received dict for DBN 0
place_goal_1_top_0: Received dict for DBN 1
place_goal_1_top_0: Received dict for DBN 3
place_goal_1_top_0: Received dict for DBN 2
place_goal_1_top_0: Sampling transitions and computing reward
place_goal_1_top_0: Building transition/reward matrices
place_goal_1_left_0: Identifying enabled states...
place_goal_1_left_0: Splitting up datasets...
place_goal_1_left_0: Learning DBNS...
place_goal_1_left_0: Building transition dicts for each DBN
place_goal_1_left_0: Starting process for DBN 0
place_goal_1_left_0: Starting process for DBN 1
place_goal_1_left_0: Starting process for DBN 2
place_goal_1_left_0: Starting process for DBN 3
place_goal_1_left_0: Received dict for DBN 0
place_goal_1_left_0: Received dict for DBN 1
place_goal_1_left_0: Received dict for DBN 2
place_goal_1_left_0: Received dict for DBN 3
place_goal_1_left_0: Sampling transitions and computing reward
place_goal_1_left_0: Building transition/reward matrices
place_goal_1_right_0: Identifying enabled states...
place_goal_1_right_0: Splitting up datasets...
place_goal_1_right_0: Learning DBNS...
place_goal_1_right_0: Building transition dicts for each DBN
place_goal_1_right_0: Starting process for DBN 0
place_goal_1_right_0: Starting process for DBN 1
place_goal_1_right_0: Starting process for DBN 2
place_goal_1_right_0: Starting process for DBN 3
place_goal_1_right_0: Received dict for DBN 0
place_goal_1_right_0: Received dict for DBN 2
place_goal_1_right_0: Received dict for DBN 1
place_goal_1_right_0: Received dict for DBN 3
place_goal_1_right_0: Sampling transitions and computing reward
place_goal_1_right_0: Building transition/reward matrices
place_goal_1_front_270: Identifying enabled states...
place_goal_1_front_270: Splitting up datasets...
place_goal_1_front_270: Learning DBNS...
place_goal_1_front_270: Building transition dicts for each DBN
place_goal_1_front_270: Starting process for DBN 0
place_goal_1_front_270: Starting process for DBN 1
place_goal_1_front_270: Starting process for DBN 2
place_goal_1_front_270: Starting process for DBN 3
place_goal_1_front_270: Received dict for DBN 0
place_goal_1_front_270: Received dict for DBN 1
place_goal_1_front_270: Received dict for DBN 2
place_goal_1_front_270: Received dict for DBN 3
place_goal_1_front_270: Sampling transitions and computing reward
place_goal_1_front_270: Building transition/reward matrices
place_goal_2_top_0: Identifying enabled states...
place_goal_2_top_0: Splitting up datasets...
place_goal_2_top_0: Learning DBNS...
place_goal_2_top_0: Building transition dicts for each DBN
place_goal_2_top_0: Starting process for DBN 0
place_goal_2_top_0: Starting process for DBN 1
place_goal_2_top_0: Starting process for DBN 2
place_goal_2_top_0: Starting process for DBN 3
place_goal_2_top_0: Received dict for DBN 1
place_goal_2_top_0: Received dict for DBN 0
place_goal_2_top_0: Received dict for DBN 2
place_goal_2_top_0: Received dict for DBN 3
place_goal_2_top_0: Sampling transitions and computing reward
place_goal_2_top_0: Building transition/reward matrices
place_goal_2_left_0: Identifying enabled states...
place_goal_2_left_0: Splitting up datasets...
place_goal_2_left_0: Learning DBNS...
place_goal_2_left_0: Building transition dicts for each DBN
place_goal_2_left_0: Starting process for DBN 0
place_goal_2_left_0: Starting process for DBN 1
place_goal_2_left_0: Starting process for DBN 2
place_goal_2_left_0: Starting process for DBN 3
place_goal_2_left_0: Received dict for DBN 0
place_goal_2_left_0: Received dict for DBN 1
place_goal_2_left_0: Received dict for DBN 2
place_goal_2_left_0: Received dict for DBN 3
place_goal_2_left_0: Sampling transitions and computing reward
place_goal_2_left_0: Building transition/reward matrices
place_goal_2_right_0: Identifying enabled states...
place_goal_2_right_0: Splitting up datasets...
place_goal_2_right_0: Learning DBNS...
place_goal_2_right_0: Building transition dicts for each DBN
place_goal_2_right_0: Starting process for DBN 0
place_goal_2_right_0: Starting process for DBN 1
place_goal_2_right_0: Starting process for DBN 2
place_goal_2_right_0: Starting process for DBN 3
place_goal_2_right_0: Received dict for DBN 0
place_goal_2_right_0: Received dict for DBN 3
place_goal_2_right_0: Received dict for DBN 2
place_goal_2_right_0: Received dict for DBN 1
place_goal_2_right_0: Sampling transitions and computing reward
place_goal_2_right_0: Building transition/reward matrices
place_goal_2_front_270: Identifying enabled states...
place_goal_2_front_270: Splitting up datasets...
place_goal_2_front_270: Learning DBNS...
place_goal_2_front_270: Building transition dicts for each DBN
place_goal_2_front_270: Starting process for DBN 0
place_goal_2_front_270: Starting process for DBN 1
place_goal_2_front_270: Starting process for DBN 2
place_goal_2_front_270: Starting process for DBN 3
place_goal_2_front_270: Received dict for DBN 0
place_goal_2_front_270: Received dict for DBN 1
place_goal_2_front_270: Received dict for DBN 2
place_goal_2_front_270: Received dict for DBN 3
place_goal_2_front_270: Sampling transitions and computing reward
place_goal_2_front_270: Building transition/reward matrices
place_region_0_top_0: Identifying enabled states...
place_region_0_top_0: Splitting up datasets...
place_region_0_top_0: Learning DBNS...
place_region_0_top_0: Building transition dicts for each DBN
place_region_0_top_0: Starting process for DBN 0
place_region_0_top_0: Starting process for DBN 1
place_region_0_top_0: Starting process for DBN 2
place_region_0_top_0: Starting process for DBN 3
place_region_0_top_0: Received dict for DBN 1
place_region_0_top_0: Received dict for DBN 0
place_region_0_top_0: Received dict for DBN 2
place_region_0_top_0: Received dict for DBN 3
place_region_0_top_0: Sampling transitions and computing reward
place_region_0_top_0: Building transition/reward matrices
place_region_0_left_0: Identifying enabled states...
place_region_0_left_0: Splitting up datasets...
place_region_0_left_0: Learning DBNS...
place_region_0_left_0: Building transition dicts for each DBN
place_region_0_left_0: Starting process for DBN 0
place_region_0_left_0: Starting process for DBN 1
place_region_0_left_0: Starting process for DBN 2
place_region_0_left_0: Starting process for DBN 3
place_region_0_left_0: Received dict for DBN 0
place_region_0_left_0: Received dict for DBN 1
place_region_0_left_0: Received dict for DBN 2
place_region_0_left_0: Received dict for DBN 3
place_region_0_left_0: Sampling transitions and computing reward
place_region_0_left_0: Building transition/reward matrices
place_region_0_right_0: Identifying enabled states...
place_region_0_right_0: Splitting up datasets...
place_region_0_right_0: Learning DBNS...
place_region_0_right_0: Building transition dicts for each DBN
place_region_0_right_0: Starting process for DBN 0
place_region_0_right_0: Starting process for DBN 1
place_region_0_right_0: Starting process for DBN 2
place_region_0_right_0: Starting process for DBN 3
place_region_0_right_0: Received dict for DBN 0
place_region_0_right_0: Received dict for DBN 1
place_region_0_right_0: Received dict for DBN 3
place_region_0_right_0: Received dict for DBN 2
place_region_0_right_0: Sampling transitions and computing reward
place_region_0_right_0: Building transition/reward matrices
place_region_0_front_270: Identifying enabled states...
place_region_0_front_270: Splitting up datasets...
place_region_0_front_270: Learning DBNS...
place_region_0_front_270: Building transition dicts for each DBN
place_region_0_front_270: Starting process for DBN 0
place_region_0_front_270: Starting process for DBN 1
place_region_0_front_270: Starting process for DBN 2
place_region_0_front_270: Starting process for DBN 3
place_region_0_front_270: Received dict for DBN 0
place_region_0_front_270: Received dict for DBN 1
place_region_0_front_270: Received dict for DBN 3
place_region_0_front_270: Received dict for DBN 2
place_region_0_front_270: Sampling transitions and computing reward
place_region_0_front_270: Building transition/reward matrices
place_region_1_top_0: Identifying enabled states...
place_region_1_top_0: Splitting up datasets...
place_region_1_top_0: Learning DBNS...
place_region_1_top_0: Building transition dicts for each DBN
place_region_1_top_0: Starting process for DBN 0
place_region_1_top_0: Starting process for DBN 1
place_region_1_top_0: Starting process for DBN 2
place_region_1_top_0: Starting process for DBN 3
place_region_1_top_0: Received dict for DBN 0
place_region_1_top_0: Received dict for DBN 1
place_region_1_top_0: Received dict for DBN 2
place_region_1_top_0: Received dict for DBN 3
place_region_1_top_0: Sampling transitions and computing reward
place_region_1_top_0: Building transition/reward matrices
place_region_1_left_0: Identifying enabled states...
place_region_1_left_0: Splitting up datasets...
place_region_1_left_0: Learning DBNS...
place_region_1_left_0: Building transition dicts for each DBN
place_region_1_left_0: Starting process for DBN 0
place_region_1_left_0: Starting process for DBN 1
place_region_1_left_0: Starting process for DBN 2
place_region_1_left_0: Starting process for DBN 3
place_region_1_left_0: Received dict for DBN 0
place_region_1_left_0: Received dict for DBN 1
place_region_1_left_0: Received dict for DBN 2
place_region_1_left_0: Received dict for DBN 3
place_region_1_left_0: Sampling transitions and computing reward
place_region_1_left_0: Building transition/reward matrices
place_region_1_right_0: Identifying enabled states...
place_region_1_right_0: Splitting up datasets...
place_region_1_right_0: Learning DBNS...
place_region_1_right_0: Building transition dicts for each DBN
place_region_1_right_0: Starting process for DBN 0
place_region_1_right_0: Starting process for DBN 1
place_region_1_right_0: Starting process for DBN 2
place_region_1_right_0: Starting process for DBN 3
place_region_1_right_0: Received dict for DBN 0
place_region_1_right_0: Received dict for DBN 1
place_region_1_right_0: Received dict for DBN 2
place_region_1_right_0: Received dict for DBN 3
place_region_1_right_0: Sampling transitions and computing reward
place_region_1_right_0: Building transition/reward matrices
place_region_1_front_270: Identifying enabled states...
place_region_1_front_270: Splitting up datasets...
place_region_1_front_270: Learning DBNS...
place_region_1_front_270: Building transition dicts for each DBN
place_region_1_front_270: Starting process for DBN 0
place_region_1_front_270: Starting process for DBN 1
place_region_1_front_270: Starting process for DBN 2
place_region_1_front_270: Starting process for DBN 3
place_region_1_front_270: Received dict for DBN 0
place_region_1_front_270: Received dict for DBN 1
place_region_1_front_270: Received dict for DBN 2
place_region_1_front_270: Received dict for DBN 3
place_region_1_front_270: Sampling transitions and computing reward
place_region_1_front_270: Building transition/reward matrices
place_region_2_top_0: Identifying enabled states...
place_region_2_top_0: Splitting up datasets...
place_region_2_top_0: Learning DBNS...
place_region_2_top_0: Building transition dicts for each DBN
place_region_2_top_0: Starting process for DBN 0
place_region_2_top_0: Starting process for DBN 1
place_region_2_top_0: Starting process for DBN 2
place_region_2_top_0: Starting process for DBN 3
place_region_2_top_0: Received dict for DBN 0
place_region_2_top_0: Received dict for DBN 1
place_region_2_top_0: Received dict for DBN 2
place_region_2_top_0: Received dict for DBN 3
place_region_2_top_0: Sampling transitions and computing reward
place_region_2_top_0: Building transition/reward matrices
place_region_2_left_0: Identifying enabled states...
place_region_2_left_0: Splitting up datasets...
place_region_2_left_0: Learning DBNS...
place_region_2_left_0: Building transition dicts for each DBN
place_region_2_left_0: Starting process for DBN 0
place_region_2_left_0: Starting process for DBN 1
place_region_2_left_0: Starting process for DBN 2
place_region_2_left_0: Starting process for DBN 3
place_region_2_left_0: Received dict for DBN 0
place_region_2_left_0: Received dict for DBN 1
place_region_2_left_0: Received dict for DBN 2
place_region_2_left_0: Received dict for DBN 3
place_region_2_left_0: Sampling transitions and computing reward
place_region_2_left_0: Building transition/reward matrices
place_region_2_right_0: Identifying enabled states...
place_region_2_right_0: Splitting up datasets...
place_region_2_right_0: Learning DBNS...
place_region_2_right_0: Building transition dicts for each DBN
place_region_2_right_0: Starting process for DBN 0
place_region_2_right_0: Starting process for DBN 1
place_region_2_right_0: Starting process for DBN 2
place_region_2_right_0: Starting process for DBN 3
place_region_2_right_0: Received dict for DBN 0
place_region_2_right_0: Received dict for DBN 1
place_region_2_right_0: Received dict for DBN 2
place_region_2_right_0: Received dict for DBN 3
place_region_2_right_0: Sampling transitions and computing reward
place_region_2_right_0: Building transition/reward matrices
place_region_2_front_270: Identifying enabled states...
place_region_2_front_270: Splitting up datasets...
place_region_2_front_270: Learning DBNS...
place_region_2_front_270: Building transition dicts for each DBN
place_region_2_front_270: Starting process for DBN 0
place_region_2_front_270: Starting process for DBN 1
place_region_2_front_270: Starting process for DBN 2
place_region_2_front_270: Starting process for DBN 3
place_region_2_front_270: Received dict for DBN 2
place_region_2_front_270: Received dict for DBN 0
place_region_2_front_270: Received dict for DBN 1
place_region_2_front_270: Received dict for DBN 3
place_region_2_front_270: Sampling transitions and computing reward
place_region_2_front_270: Building transition/reward matrices
Building MDP...
Synthesising Policy...
Solving MDP for timestep: 29
Solving MDP for timestep: 28
Solving MDP for timestep: 27
Solving MDP for timestep: 26
Solving MDP for timestep: 25
Solving MDP for timestep: 24
Solving MDP for timestep: 23
Solving MDP for timestep: 22
Solving MDP for timestep: 21
Solving MDP for timestep: 20
Solving MDP for timestep: 19
Solving MDP for timestep: 18
Solving MDP for timestep: 17
Solving MDP for timestep: 16
Solving MDP for timestep: 15
Solving MDP for timestep: 14
Solving MDP for timestep: 13
Solving MDP for timestep: 12
Solving MDP for timestep: 11
Solving MDP for timestep: 10
Solving MDP for timestep: 9
Solving MDP for timestep: 8
Solving MDP for timestep: 7
Solving MDP for timestep: 6
Solving MDP for timestep: 5
Solving MDP for timestep: 4
Solving MDP for timestep: 3
Solving MDP for timestep: 2
Solving MDP for timestep: 1
Solving MDP for timestep: 0
Resetting the scene for new episode
Step 0
policy value 0.8759139180183411
State(column0: region_2, column1: region_1, column2: region_0)
pick_column0_top_0
Action: Action(ActionType.PICK, obj=/column0, slot=None,grasp=GraspType.TOP_0)
[EXEC] Picking /column0 with top_0

[INFO] Found 1920 potential configurations.
[INFO] Motion completed successfully with result: success,in execution time: 3.84 seconds
[INFO] Found a reachable configuration for pick action after 1 attempts.
Tip distance after pick: 0.02664529231472552
[INFO] Pick action completed successfully.in execution time: 3.84 seconds
[EXEC] Action ActionType.PICK executed in 19.72 seconds
[SUCCESS] Action ActionType.PICK succeeded for object /column0
Action duration: 3.84
[LOG] Transition logged to MongoDB: f3fb32f7-6c7b-4976-8005-709c6e29f096 - Episode 28
Step 1
policy value 0.8759139180183411
State(column0: held, column1: region_1, column2: region_0)
place_goal_1_right_0
Action: Action(ActionType.PLACE, obj=/column0, slot=/goal_1,grasp=GraspType.RIGHT_0)
[EXEC] Placing at [-0.2749999999999999, 1.0750000000000006, 0.5] with grasp right_0

[INFO] Found 1728 potential configurations.
[INFO] Motion completed successfully with result: success,in execution time: 11.40 seconds
[INFO] Found a reachable configuration for place action after 1 attempts.
[INFO] Place action completed successfully.
realigning placed object /column0 to target position
[EXEC] Action ActionType.PLACE executed in 50.34 seconds
[SUCCESS] Action ActionType.PLACE succeeded for object /column0
Action duration: 11.4
[LOG] Transition logged to MongoDB: f3fb32f7-6c7b-4976-8005-709c6e29f096 - Episode 28
Step 2
policy value 0.8731412291526794
State(column0: goal_1, column1: region_1, column2: region_0)
pick_column2_top_0
Action: Action(ActionType.PICK, obj=/column2, slot=None,grasp=GraspType.TOP_0)
[EXEC] Picking /column2 with top_0

[INFO] Found 4672 potential configurations.
[INFO] Motion completed successfully with result: success,in execution time: 4.96 seconds
[INFO] Found a reachable configuration for pick action after 1 attempts.
Tip distance after pick: 0.028302298378864922
[INFO] Pick action completed successfully.in execution time: 4.96 seconds
[EXEC] Action ActionType.PICK executed in 18.82 seconds
[SUCCESS] Action ActionType.PICK succeeded for object /column2
Action duration: 4.9599999999999
[LOG] Transition logged to MongoDB: f3fb32f7-6c7b-4976-8005-709c6e29f096 - Episode 28
Step 3
policy value 0.8731412291526794
State(column0: goal_1, column1: region_1, column2: held)
place_region_2_top_0
Action: Action(ActionType.PLACE, obj=/column2, slot=/region_2,grasp=GraspType.TOP_0)
[EXEC] Placing at [0.6, 0.80001, 0.5] with grasp top_0

[INFO] Found 1728 potential configurations.
[INFO] Motion completed successfully with result: success,in execution time: 1.44 seconds
[INFO] Found a reachable configuration for place action after 1 attempts.
[INFO] Place action completed successfully.
realigning placed object /column2 to target position
[EXEC] Action ActionType.PLACE executed in 19.33 seconds
[SUCCESS] Action ActionType.PLACE succeeded for object /column2
Action duration: 1.44
[LOG] Transition logged to MongoDB: f3fb32f7-6c7b-4976-8005-709c6e29f096 - Episode 28
Step 4
policy value 0.8731412291526794
State(column0: goal_1, column1: region_1, column2: region_2)
pick_column0_top_0
Action: Action(ActionType.PICK, obj=/column0, slot=None,grasp=GraspType.TOP_0)
[EXEC] Picking /column0 with top_0

[INFO] Found 1856 potential configurations.
[INFO] Motion completed successfully with result: success,in execution time: 5.80 seconds
[INFO] Found a reachable configuration for pick action after 1 attempts.
Tip distance after pick: 0.02656970921629004
[INFO] Pick action completed successfully.in execution time: 5.80 seconds
[EXEC] Action ActionType.PICK executed in 19.88 seconds
[SUCCESS] Action ActionType.PICK succeeded for object /column0
Action duration: 5.7999999999999
[LOG] Transition logged to MongoDB: f3fb32f7-6c7b-4976-8005-709c6e29f096 - Episode 28
Step 5
policy value 0.8558405637741089
State(column0: held, column1: region_1, column2: region_2)
place_goal_2_right_0
Action: Action(ActionType.PLACE, obj=/column0, slot=/goal_2,grasp=GraspType.RIGHT_0)
[EXEC] Placing at [-0.6000000000000001, 0.8250000000000003, 0.5] with grasp right_0

[INFO] Found 1536 potential configurations.
[INFO] Motion completed successfully with result: success,in execution time: 3.68 seconds
[INFO] Found a reachable configuration for place action after 1 attempts.
[INFO] Place action completed successfully.
realigning placed object /column0 to target position
[EXEC] Action ActionType.PLACE executed in 31.77 seconds
[SUCCESS] Action ActionType.PLACE succeeded for object /column0
Action duration: 3.6800000000006
[LOG] Transition logged to MongoDB: f3fb32f7-6c7b-4976-8005-709c6e29f096 - Episode 28
Step 6
policy value 0.8558405637741089
State(column0: goal_2, column1: region_1, column2: region_2)
pick_column1_front_270
Action: Action(ActionType.PICK, obj=/column1, slot=None,grasp=GraspType.FRONT_270)
[EXEC] Picking /column1 with front_270

[INFO] Found 2048 potential configurations.
[WARN] No valid configuration found (all tested configs invalid).
[EXEC] Action ActionType.PICK executed in 2.24 seconds
[ERROR] Action ActionType.PICK failed for object /column1
Action duration: 0.001
[LOG] Transition logged to MongoDB: f3fb32f7-6c7b-4976-8005-709c6e29f096 - Episode 28
Action failed, stopping. Time elapsed: 0.001
Step 7
policy value 0.8151671886444092
State(column0: goal_2, column1: region_1, column2: region_2)
pick_column1_front_270
Action: Action(ActionType.PICK, obj=/column1, slot=None,grasp=GraspType.FRONT_270)
[EXEC] Picking /column1 with front_270

[INFO] Found 2816 potential configurations.
[WARN] No valid configuration found (all tested configs invalid).
[EXEC] Action ActionType.PICK executed in 2.89 seconds
[ERROR] Action ActionType.PICK failed for object /column1
Action duration: 0.001
[LOG] Transition logged to MongoDB: f3fb32f7-6c7b-4976-8005-709c6e29f096 - Episode 28
Action failed, stopping. Time elapsed: 0.001
Step 8
policy value 0.7760071158409119
State(column0: goal_2, column1: region_1, column2: region_2)
pick_column1_front_270
Action: Action(ActionType.PICK, obj=/column1, slot=None,grasp=GraspType.FRONT_270)
[EXEC] Picking /column1 with front_270

[INFO] Found 1728 potential configurations.
[WARN] No valid configuration found (all tested configs invalid).
[EXEC] Action ActionType.PICK executed in 2.26 seconds
[ERROR] Action ActionType.PICK failed for object /column1
Action duration: 0.001
[LOG] Transition logged to MongoDB: f3fb32f7-6c7b-4976-8005-709c6e29f096 - Episode 28
Action failed, stopping. Time elapsed: 0.001
Step 9
policy value 0.7353258728981018
State(column0: goal_2, column1: region_1, column2: region_2)
pick_column1_front_270
Action: Action(ActionType.PICK, obj=/column1, slot=None,grasp=GraspType.FRONT_270)
[EXEC] Picking /column1 with front_270

[INFO] Found 2560 potential configurations.
[WARN] No valid configuration found (all tested configs invalid).
[EXEC] Action ActionType.PICK executed in 2.55 seconds
[ERROR] Action ActionType.PICK failed for object /column1
Action duration: 0.001
[LOG] Transition logged to MongoDB: f3fb32f7-6c7b-4976-8005-709c6e29f096 - Episode 28
Action failed, stopping. Time elapsed: 0.001
Step 10
policy value 0.6962704658508301
State(column0: goal_2, column1: region_1, column2: region_2)
pick_column1_front_270
Action: Action(ActionType.PICK, obj=/column1, slot=None,grasp=GraspType.FRONT_270)
[EXEC] Picking /column1 with front_270

[INFO] Found 2688 potential configurations.
[WARN] No valid configuration found (all tested configs invalid).
[EXEC] Action ActionType.PICK executed in 3.24 seconds
[ERROR] Action ActionType.PICK failed for object /column1
Action duration: 0.001
[LOG] Transition logged to MongoDB: f3fb32f7-6c7b-4976-8005-709c6e29f096 - Episode 28
Action failed, stopping. Time elapsed: 0.001
Step 11
policy value 0.6556148529052734
State(column0: goal_2, column1: region_1, column2: region_2)
pick_column1_front_270
Action: Action(ActionType.PICK, obj=/column1, slot=None,grasp=GraspType.FRONT_270)
[EXEC] Picking /column1 with front_270

[INFO] Found 2304 potential configurations.
[WARN] No valid configuration found (all tested configs invalid).
[EXEC] Action ActionType.PICK executed in 2.90 seconds
[ERROR] Action ActionType.PICK failed for object /column1
Action duration: 0.001
[LOG] Transition logged to MongoDB: f3fb32f7-6c7b-4976-8005-709c6e29f096 - Episode 28
Action failed, stopping. Time elapsed: 0.001
Too many failures, resetting episode
Episode 18 ended
Revising policy
USING STORM: False
Reading data from MongoDB...
Total option moiton param combinations 36
Collected combinations 36
Building state to idx mapping...
Building option ensembles...
pick_column0_top_0: Identifying enabled states...
pick_column0_top_0: Splitting up datasets...
pick_column0_top_0: Learning DBNS...
pick_column0_top_0: Building transition dicts for each DBN
pick_column0_top_0: Starting process for DBN 0
pick_column0_top_0: Starting process for DBN 1
pick_column0_top_0: Starting process for DBN 2
pick_column0_top_0: Starting process for DBN 3
pick_column0_top_0: Received dict for DBN 0
pick_column0_top_0: Received dict for DBN 1
pick_column0_top_0: Received dict for DBN 2
pick_column0_top_0: Received dict for DBN 3
pick_column0_top_0: Sampling transitions and computing reward
pick_column0_top_0: Building transition/reward matrices
pick_column0_left_0: Identifying enabled states...
pick_column0_left_0: Splitting up datasets...
pick_column0_left_0: Learning DBNS...
pick_column0_left_0: Building transition dicts for each DBN
pick_column0_left_0: Starting process for DBN 0
pick_column0_left_0: Starting process for DBN 1
pick_column0_left_0: Starting process for DBN 2
pick_column0_left_0: Starting process for DBN 3
pick_column0_left_0: Received dict for DBN 0
pick_column0_left_0: Received dict for DBN 1
pick_column0_left_0: Received dict for DBN 2
pick_column0_left_0: Received dict for DBN 3
pick_column0_left_0: Sampling transitions and computing reward
pick_column0_left_0: Building transition/reward matrices
pick_column0_right_0: Identifying enabled states...
pick_column0_right_0: Splitting up datasets...
pick_column0_right_0: Learning DBNS...
pick_column0_right_0: Building transition dicts for each DBN
pick_column0_right_0: Starting process for DBN 0
pick_column0_right_0: Starting process for DBN 1
pick_column0_right_0: Starting process for DBN 2
pick_column0_right_0: Starting process for DBN 3
pick_column0_right_0: Received dict for DBN 1
pick_column0_right_0: Received dict for DBN 0
pick_column0_right_0: Received dict for DBN 2
pick_column0_right_0: Received dict for DBN 3
pick_column0_right_0: Sampling transitions and computing reward
pick_column0_right_0: Building transition/reward matrices
pick_column0_front_270: Identifying enabled states...
pick_column0_front_270: Splitting up datasets...
pick_column0_front_270: Learning DBNS...
pick_column0_front_270: Building transition dicts for each DBN
pick_column0_front_270: Starting process for DBN 0
pick_column0_front_270: Starting process for DBN 1
pick_column0_front_270: Starting process for DBN 2
pick_column0_front_270: Starting process for DBN 3
pick_column0_front_270: Received dict for DBN 0
pick_column0_front_270: Received dict for DBN 2
pick_column0_front_270: Received dict for DBN 1
pick_column0_front_270: Received dict for DBN 3
pick_column0_front_270: Sampling transitions and computing reward
pick_column0_front_270: Building transition/reward matrices
pick_column1_top_0: Identifying enabled states...
pick_column1_top_0: Splitting up datasets...
pick_column1_top_0: Learning DBNS...
pick_column1_top_0: Building transition dicts for each DBN
pick_column1_top_0: Starting process for DBN 0
pick_column1_top_0: Starting process for DBN 1
pick_column1_top_0: Starting process for DBN 2
pick_column1_top_0: Starting process for DBN 3
pick_column1_top_0: Received dict for DBN 0
pick_column1_top_0: Received dict for DBN 1
pick_column1_top_0: Received dict for DBN 2
pick_column1_top_0: Received dict for DBN 3
pick_column1_top_0: Sampling transitions and computing reward
pick_column1_top_0: Building transition/reward matrices
pick_column1_left_0: Identifying enabled states...
pick_column1_left_0: Splitting up datasets...
pick_column1_left_0: Learning DBNS...
pick_column1_left_0: Building transition dicts for each DBN
pick_column1_left_0: Starting process for DBN 0
pick_column1_left_0: Starting process for DBN 1
pick_column1_left_0: Starting process for DBN 2
pick_column1_left_0: Starting process for DBN 3
pick_column1_left_0: Received dict for DBN 0
pick_column1_left_0: Received dict for DBN 1
pick_column1_left_0: Received dict for DBN 2
pick_column1_left_0: Received dict for DBN 3
pick_column1_left_0: Sampling transitions and computing reward
pick_column1_left_0: Building transition/reward matrices
pick_column1_right_0: Identifying enabled states...
pick_column1_right_0: Splitting up datasets...
pick_column1_right_0: Learning DBNS...
pick_column1_right_0: Building transition dicts for each DBN
pick_column1_right_0: Starting process for DBN 0
pick_column1_right_0: Starting process for DBN 1
pick_column1_right_0: Starting process for DBN 2
pick_column1_right_0: Starting process for DBN 3
pick_column1_right_0: Received dict for DBN 0
pick_column1_right_0: Received dict for DBN 1
pick_column1_right_0: Received dict for DBN 2
pick_column1_right_0: Received dict for DBN 3
pick_column1_right_0: Sampling transitions and computing reward
pick_column1_right_0: Building transition/reward matrices
pick_column1_front_270: Identifying enabled states...
pick_column1_front_270: Splitting up datasets...
pick_column1_front_270: Learning DBNS...
pick_column1_front_270: Building transition dicts for each DBN
pick_column1_front_270: Starting process for DBN 0
pick_column1_front_270: Starting process for DBN 1
pick_column1_front_270: Starting process for DBN 2
pick_column1_front_270: Starting process for DBN 3
pick_column1_front_270: Received dict for DBN 0
pick_column1_front_270: Received dict for DBN 1
pick_column1_front_270: Received dict for DBN 2
pick_column1_front_270: Received dict for DBN 3
pick_column1_front_270: Sampling transitions and computing reward
pick_column1_front_270: Building transition/reward matrices
pick_column2_top_0: Identifying enabled states...
pick_column2_top_0: Splitting up datasets...
pick_column2_top_0: Learning DBNS...
pick_column2_top_0: Building transition dicts for each DBN
pick_column2_top_0: Starting process for DBN 0
pick_column2_top_0: Starting process for DBN 1
pick_column2_top_0: Starting process for DBN 2
pick_column2_top_0: Starting process for DBN 3
pick_column2_top_0: Received dict for DBN 0
pick_column2_top_0: Received dict for DBN 1
pick_column2_top_0: Received dict for DBN 2
pick_column2_top_0: Received dict for DBN 3
pick_column2_top_0: Sampling transitions and computing reward
pick_column2_top_0: Building transition/reward matrices
pick_column2_left_0: Identifying enabled states...
pick_column2_left_0: Splitting up datasets...
pick_column2_left_0: Learning DBNS...
pick_column2_left_0: Building transition dicts for each DBN
pick_column2_left_0: Starting process for DBN 0
pick_column2_left_0: Starting process for DBN 1
pick_column2_left_0: Starting process for DBN 2
pick_column2_left_0: Starting process for DBN 3
pick_column2_left_0: Received dict for DBN 0
pick_column2_left_0: Received dict for DBN 1
pick_column2_left_0: Received dict for DBN 3
pick_column2_left_0: Received dict for DBN 2
pick_column2_left_0: Sampling transitions and computing reward
pick_column2_left_0: Building transition/reward matrices
pick_column2_right_0: Identifying enabled states...
pick_column2_right_0: Splitting up datasets...
pick_column2_right_0: Learning DBNS...
pick_column2_right_0: Building transition dicts for each DBN
pick_column2_right_0: Starting process for DBN 0
pick_column2_right_0: Starting process for DBN 1
pick_column2_right_0: Starting process for DBN 2
pick_column2_right_0: Starting process for DBN 3
pick_column2_right_0: Received dict for DBN 0
pick_column2_right_0: Received dict for DBN 1
pick_column2_right_0: Received dict for DBN 2
pick_column2_right_0: Received dict for DBN 3
pick_column2_right_0: Sampling transitions and computing reward
pick_column2_right_0: Building transition/reward matrices
pick_column2_front_270: Identifying enabled states...
pick_column2_front_270: Splitting up datasets...
pick_column2_front_270: Learning DBNS...
pick_column2_front_270: Building transition dicts for each DBN
pick_column2_front_270: Starting process for DBN 0
pick_column2_front_270: Starting process for DBN 1
pick_column2_front_270: Starting process for DBN 2
pick_column2_front_270: Starting process for DBN 3
pick_column2_front_270: Received dict for DBN 0
pick_column2_front_270: Received dict for DBN 1
pick_column2_front_270: Received dict for DBN 2
pick_column2_front_270: Received dict for DBN 3
pick_column2_front_270: Sampling transitions and computing reward
pick_column2_front_270: Building transition/reward matrices
place_goal_0_top_0: Identifying enabled states...
place_goal_0_top_0: Splitting up datasets...
place_goal_0_top_0: Learning DBNS...
place_goal_0_top_0: Building transition dicts for each DBN
place_goal_0_top_0: Starting process for DBN 0
place_goal_0_top_0: Starting process for DBN 1
place_goal_0_top_0: Starting process for DBN 2
place_goal_0_top_0: Starting process for DBN 3
place_goal_0_top_0: Received dict for DBN 1
place_goal_0_top_0: Received dict for DBN 0
place_goal_0_top_0: Received dict for DBN 2
place_goal_0_top_0: Received dict for DBN 3
place_goal_0_top_0: Sampling transitions and computing reward
place_goal_0_top_0: Building transition/reward matrices
place_goal_0_left_0: Identifying enabled states...
place_goal_0_left_0: Splitting up datasets...
place_goal_0_left_0: Learning DBNS...
place_goal_0_left_0: Building transition dicts for each DBN
place_goal_0_left_0: Starting process for DBN 0
place_goal_0_left_0: Starting process for DBN 1
place_goal_0_left_0: Starting process for DBN 2
place_goal_0_left_0: Starting process for DBN 3
place_goal_0_left_0: Received dict for DBN 0
place_goal_0_left_0: Received dict for DBN 1
place_goal_0_left_0: Received dict for DBN 2
place_goal_0_left_0: Received dict for DBN 3
place_goal_0_left_0: Sampling transitions and computing reward
place_goal_0_left_0: Building transition/reward matrices
place_goal_0_right_0: Identifying enabled states...
place_goal_0_right_0: Splitting up datasets...
place_goal_0_right_0: Learning DBNS...
place_goal_0_right_0: Building transition dicts for each DBN
place_goal_0_right_0: Starting process for DBN 0
place_goal_0_right_0: Starting process for DBN 1
place_goal_0_right_0: Starting process for DBN 2
place_goal_0_right_0: Starting process for DBN 3
place_goal_0_right_0: Received dict for DBN 2
place_goal_0_right_0: Received dict for DBN 0
place_goal_0_right_0: Received dict for DBN 1
place_goal_0_right_0: Received dict for DBN 3
place_goal_0_right_0: Sampling transitions and computing reward
place_goal_0_right_0: Building transition/reward matrices
place_goal_0_front_270: Identifying enabled states...
place_goal_0_front_270: Splitting up datasets...
place_goal_0_front_270: Learning DBNS...
place_goal_0_front_270: Building transition dicts for each DBN
place_goal_0_front_270: Starting process for DBN 0
place_goal_0_front_270: Starting process for DBN 1
place_goal_0_front_270: Starting process for DBN 2
place_goal_0_front_270: Starting process for DBN 3
place_goal_0_front_270: Received dict for DBN 1
place_goal_0_front_270: Received dict for DBN 0
place_goal_0_front_270: Received dict for DBN 2
place_goal_0_front_270: Received dict for DBN 3
place_goal_0_front_270: Sampling transitions and computing reward
place_goal_0_front_270: Building transition/reward matrices
place_goal_1_top_0: Identifying enabled states...
place_goal_1_top_0: Splitting up datasets...
place_goal_1_top_0: Learning DBNS...
place_goal_1_top_0: Building transition dicts for each DBN
place_goal_1_top_0: Starting process for DBN 0
place_goal_1_top_0: Starting process for DBN 1
place_goal_1_top_0: Starting process for DBN 2
place_goal_1_top_0: Starting process for DBN 3
place_goal_1_top_0: Received dict for DBN 2
place_goal_1_top_0: Received dict for DBN 1
place_goal_1_top_0: Received dict for DBN 0
place_goal_1_top_0: Received dict for DBN 3
place_goal_1_top_0: Sampling transitions and computing reward
place_goal_1_top_0: Building transition/reward matrices
place_goal_1_left_0: Identifying enabled states...
place_goal_1_left_0: Splitting up datasets...
place_goal_1_left_0: Learning DBNS...
place_goal_1_left_0: Building transition dicts for each DBN
place_goal_1_left_0: Starting process for DBN 0
place_goal_1_left_0: Starting process for DBN 1
place_goal_1_left_0: Starting process for DBN 2
place_goal_1_left_0: Starting process for DBN 3
place_goal_1_left_0: Received dict for DBN 0
place_goal_1_left_0: Received dict for DBN 1
place_goal_1_left_0: Received dict for DBN 2
place_goal_1_left_0: Received dict for DBN 3
place_goal_1_left_0: Sampling transitions and computing reward
place_goal_1_left_0: Building transition/reward matrices
place_goal_1_right_0: Identifying enabled states...
place_goal_1_right_0: Splitting up datasets...
place_goal_1_right_0: Learning DBNS...
place_goal_1_right_0: Building transition dicts for each DBN
place_goal_1_right_0: Starting process for DBN 0
place_goal_1_right_0: Starting process for DBN 1
place_goal_1_right_0: Starting process for DBN 2
place_goal_1_right_0: Starting process for DBN 3
place_goal_1_right_0: Received dict for DBN 1
place_goal_1_right_0: Received dict for DBN 0
place_goal_1_right_0: Received dict for DBN 3
place_goal_1_right_0: Received dict for DBN 2
place_goal_1_right_0: Sampling transitions and computing reward
place_goal_1_right_0: Building transition/reward matrices
place_goal_1_front_270: Identifying enabled states...
place_goal_1_front_270: Splitting up datasets...
place_goal_1_front_270: Learning DBNS...
place_goal_1_front_270: Building transition dicts for each DBN
place_goal_1_front_270: Starting process for DBN 0
place_goal_1_front_270: Starting process for DBN 1
place_goal_1_front_270: Starting process for DBN 2
place_goal_1_front_270: Starting process for DBN 3
place_goal_1_front_270: Received dict for DBN 0
place_goal_1_front_270: Received dict for DBN 2
place_goal_1_front_270: Received dict for DBN 3
place_goal_1_front_270: Received dict for DBN 1
place_goal_1_front_270: Sampling transitions and computing reward
place_goal_1_front_270: Building transition/reward matrices
place_goal_2_top_0: Identifying enabled states...
place_goal_2_top_0: Splitting up datasets...
place_goal_2_top_0: Learning DBNS...
place_goal_2_top_0: Building transition dicts for each DBN
place_goal_2_top_0: Starting process for DBN 0
place_goal_2_top_0: Starting process for DBN 1
place_goal_2_top_0: Starting process for DBN 2
place_goal_2_top_0: Starting process for DBN 3
place_goal_2_top_0: Received dict for DBN 0
place_goal_2_top_0: Received dict for DBN 1
place_goal_2_top_0: Received dict for DBN 2
place_goal_2_top_0: Received dict for DBN 3
place_goal_2_top_0: Sampling transitions and computing reward
place_goal_2_top_0: Building transition/reward matrices
place_goal_2_left_0: Identifying enabled states...
place_goal_2_left_0: Splitting up datasets...
place_goal_2_left_0: Learning DBNS...
place_goal_2_left_0: Building transition dicts for each DBN
place_goal_2_left_0: Starting process for DBN 0
place_goal_2_left_0: Starting process for DBN 1
place_goal_2_left_0: Starting process for DBN 2
place_goal_2_left_0: Starting process for DBN 3
place_goal_2_left_0: Received dict for DBN 0
place_goal_2_left_0: Received dict for DBN 1
place_goal_2_left_0: Received dict for DBN 2
place_goal_2_left_0: Received dict for DBN 3
place_goal_2_left_0: Sampling transitions and computing reward
place_goal_2_left_0: Building transition/reward matrices
place_goal_2_right_0: Identifying enabled states...
place_goal_2_right_0: Splitting up datasets...
place_goal_2_right_0: Learning DBNS...
place_goal_2_right_0: Building transition dicts for each DBN
place_goal_2_right_0: Starting process for DBN 0
place_goal_2_right_0: Starting process for DBN 1
place_goal_2_right_0: Starting process for DBN 2
place_goal_2_right_0: Starting process for DBN 3
place_goal_2_right_0: Received dict for DBN 0
place_goal_2_right_0: Received dict for DBN 1
place_goal_2_right_0: Received dict for DBN 2
place_goal_2_right_0: Received dict for DBN 3
place_goal_2_right_0: Sampling transitions and computing reward
place_goal_2_right_0: Building transition/reward matrices
place_goal_2_front_270: Identifying enabled states...
place_goal_2_front_270: Splitting up datasets...
place_goal_2_front_270: Learning DBNS...
place_goal_2_front_270: Building transition dicts for each DBN
place_goal_2_front_270: Starting process for DBN 0
place_goal_2_front_270: Starting process for DBN 1
place_goal_2_front_270: Starting process for DBN 2
place_goal_2_front_270: Starting process for DBN 3
place_goal_2_front_270: Received dict for DBN 0
place_goal_2_front_270: Received dict for DBN 1
place_goal_2_front_270: Received dict for DBN 2
place_goal_2_front_270: Received dict for DBN 3
place_goal_2_front_270: Sampling transitions and computing reward
place_goal_2_front_270: Building transition/reward matrices
place_region_0_top_0: Identifying enabled states...
place_region_0_top_0: Splitting up datasets...
place_region_0_top_0: Learning DBNS...
place_region_0_top_0: Building transition dicts for each DBN
place_region_0_top_0: Starting process for DBN 0
place_region_0_top_0: Starting process for DBN 1
place_region_0_top_0: Starting process for DBN 2
place_region_0_top_0: Starting process for DBN 3
place_region_0_top_0: Received dict for DBN 0
place_region_0_top_0: Received dict for DBN 1
place_region_0_top_0: Received dict for DBN 2
place_region_0_top_0: Received dict for DBN 3
place_region_0_top_0: Sampling transitions and computing reward
place_region_0_top_0: Building transition/reward matrices
place_region_0_left_0: Identifying enabled states...
place_region_0_left_0: Splitting up datasets...
place_region_0_left_0: Learning DBNS...
place_region_0_left_0: Building transition dicts for each DBN
place_region_0_left_0: Starting process for DBN 0
place_region_0_left_0: Starting process for DBN 1
place_region_0_left_0: Starting process for DBN 2
place_region_0_left_0: Starting process for DBN 3
place_region_0_left_0: Received dict for DBN 1
place_region_0_left_0: Received dict for DBN 0
place_region_0_left_0: Received dict for DBN 3
place_region_0_left_0: Received dict for DBN 2
place_region_0_left_0: Sampling transitions and computing reward
place_region_0_left_0: Building transition/reward matrices
place_region_0_right_0: Identifying enabled states...
place_region_0_right_0: Splitting up datasets...
place_region_0_right_0: Learning DBNS...
place_region_0_right_0: Building transition dicts for each DBN
place_region_0_right_0: Starting process for DBN 0
place_region_0_right_0: Starting process for DBN 1
place_region_0_right_0: Starting process for DBN 2
place_region_0_right_0: Starting process for DBN 3
place_region_0_right_0: Received dict for DBN 0
place_region_0_right_0: Received dict for DBN 1
place_region_0_right_0: Received dict for DBN 3
place_region_0_right_0: Received dict for DBN 2
place_region_0_right_0: Sampling transitions and computing reward
place_region_0_right_0: Building transition/reward matrices
place_region_0_front_270: Identifying enabled states...
place_region_0_front_270: Splitting up datasets...
place_region_0_front_270: Learning DBNS...
place_region_0_front_270: Building transition dicts for each DBN
place_region_0_front_270: Starting process for DBN 0
place_region_0_front_270: Starting process for DBN 1
place_region_0_front_270: Starting process for DBN 2
place_region_0_front_270: Starting process for DBN 3
place_region_0_front_270: Received dict for DBN 2
place_region_0_front_270: Received dict for DBN 0
place_region_0_front_270: Received dict for DBN 1
place_region_0_front_270: Received dict for DBN 3
place_region_0_front_270: Sampling transitions and computing reward
place_region_0_front_270: Building transition/reward matrices
place_region_1_top_0: Identifying enabled states...
place_region_1_top_0: Splitting up datasets...
place_region_1_top_0: Learning DBNS...
place_region_1_top_0: Building transition dicts for each DBN
place_region_1_top_0: Starting process for DBN 0
place_region_1_top_0: Starting process for DBN 1
place_region_1_top_0: Starting process for DBN 2
place_region_1_top_0: Starting process for DBN 3
place_region_1_top_0: Received dict for DBN 0
place_region_1_top_0: Received dict for DBN 1
place_region_1_top_0: Received dict for DBN 2
place_region_1_top_0: Received dict for DBN 3
place_region_1_top_0: Sampling transitions and computing reward
place_region_1_top_0: Building transition/reward matrices
place_region_1_left_0: Identifying enabled states...
place_region_1_left_0: Splitting up datasets...
place_region_1_left_0: Learning DBNS...
place_region_1_left_0: Building transition dicts for each DBN
place_region_1_left_0: Starting process for DBN 0
place_region_1_left_0: Starting process for DBN 1
place_region_1_left_0: Starting process for DBN 2
place_region_1_left_0: Starting process for DBN 3
place_region_1_left_0: Received dict for DBN 0
place_region_1_left_0: Received dict for DBN 1
place_region_1_left_0: Received dict for DBN 2
place_region_1_left_0: Received dict for DBN 3
place_region_1_left_0: Sampling transitions and computing reward
place_region_1_left_0: Building transition/reward matrices
place_region_1_right_0: Identifying enabled states...
place_region_1_right_0: Splitting up datasets...
place_region_1_right_0: Learning DBNS...
place_region_1_right_0: Building transition dicts for each DBN
place_region_1_right_0: Starting process for DBN 0
place_region_1_right_0: Starting process for DBN 1
place_region_1_right_0: Starting process for DBN 2
place_region_1_right_0: Starting process for DBN 3
place_region_1_right_0: Received dict for DBN 0
place_region_1_right_0: Received dict for DBN 1
place_region_1_right_0: Received dict for DBN 2
place_region_1_right_0: Received dict for DBN 3
place_region_1_right_0: Sampling transitions and computing reward
place_region_1_right_0: Building transition/reward matrices
place_region_1_front_270: Identifying enabled states...
place_region_1_front_270: Splitting up datasets...
place_region_1_front_270: Learning DBNS...
place_region_1_front_270: Building transition dicts for each DBN
place_region_1_front_270: Starting process for DBN 0
place_region_1_front_270: Starting process for DBN 1
place_region_1_front_270: Starting process for DBN 2
place_region_1_front_270: Starting process for DBN 3
place_region_1_front_270: Received dict for DBN 0
place_region_1_front_270: Received dict for DBN 1
place_region_1_front_270: Received dict for DBN 2
place_region_1_front_270: Received dict for DBN 3
place_region_1_front_270: Sampling transitions and computing reward
place_region_1_front_270: Building transition/reward matrices
place_region_2_top_0: Identifying enabled states...
place_region_2_top_0: Splitting up datasets...
place_region_2_top_0: Learning DBNS...
place_region_2_top_0: Building transition dicts for each DBN
place_region_2_top_0: Starting process for DBN 0
place_region_2_top_0: Starting process for DBN 1
place_region_2_top_0: Starting process for DBN 2
place_region_2_top_0: Starting process for DBN 3
place_region_2_top_0: Received dict for DBN 0
place_region_2_top_0: Received dict for DBN 1
place_region_2_top_0: Received dict for DBN 2
place_region_2_top_0: Received dict for DBN 3
place_region_2_top_0: Sampling transitions and computing reward
place_region_2_top_0: Building transition/reward matrices
place_region_2_left_0: Identifying enabled states...
place_region_2_left_0: Splitting up datasets...
place_region_2_left_0: Learning DBNS...
place_region_2_left_0: Building transition dicts for each DBN
place_region_2_left_0: Starting process for DBN 0
place_region_2_left_0: Starting process for DBN 1
place_region_2_left_0: Starting process for DBN 2
place_region_2_left_0: Starting process for DBN 3
place_region_2_left_0: Received dict for DBN 0
place_region_2_left_0: Received dict for DBN 1
place_region_2_left_0: Received dict for DBN 2
place_region_2_left_0: Received dict for DBN 3
place_region_2_left_0: Sampling transitions and computing reward
place_region_2_left_0: Building transition/reward matrices
place_region_2_right_0: Identifying enabled states...
place_region_2_right_0: Splitting up datasets...
place_region_2_right_0: Learning DBNS...
place_region_2_right_0: Building transition dicts for each DBN
place_region_2_right_0: Starting process for DBN 0
place_region_2_right_0: Starting process for DBN 1
place_region_2_right_0: Starting process for DBN 2
place_region_2_right_0: Starting process for DBN 3
place_region_2_right_0: Received dict for DBN 0
place_region_2_right_0: Received dict for DBN 1
place_region_2_right_0: Received dict for DBN 2
place_region_2_right_0: Received dict for DBN 3
place_region_2_right_0: Sampling transitions and computing reward
place_region_2_right_0: Building transition/reward matrices
place_region_2_front_270: Identifying enabled states...
place_region_2_front_270: Splitting up datasets...
place_region_2_front_270: Learning DBNS...
place_region_2_front_270: Building transition dicts for each DBN
place_region_2_front_270: Starting process for DBN 0
place_region_2_front_270: Starting process for DBN 1
place_region_2_front_270: Starting process for DBN 2
place_region_2_front_270: Starting process for DBN 3
place_region_2_front_270: Received dict for DBN 2
place_region_2_front_270: Received dict for DBN 0
place_region_2_front_270: Received dict for DBN 1
place_region_2_front_270: Received dict for DBN 3
place_region_2_front_270: Sampling transitions and computing reward
place_region_2_front_270: Building transition/reward matrices
Building MDP...
Synthesising Policy...
Solving MDP for timestep: 29
Solving MDP for timestep: 28
Solving MDP for timestep: 27
Solving MDP for timestep: 26
Solving MDP for timestep: 25
Solving MDP for timestep: 24
Solving MDP for timestep: 23
Solving MDP for timestep: 22
Solving MDP for timestep: 21
Solving MDP for timestep: 20
Solving MDP for timestep: 19
Solving MDP for timestep: 18
Solving MDP for timestep: 17
Solving MDP for timestep: 16
Solving MDP for timestep: 15
Solving MDP for timestep: 14
Solving MDP for timestep: 13
Solving MDP for timestep: 12
Solving MDP for timestep: 11
Solving MDP for timestep: 10
Solving MDP for timestep: 9
Solving MDP for timestep: 8
Solving MDP for timestep: 7
Solving MDP for timestep: 6
Solving MDP for timestep: 5
Solving MDP for timestep: 4
Solving MDP for timestep: 3
Solving MDP for timestep: 2
Solving MDP for timestep: 1
Solving MDP for timestep: 0
Resetting the scene for new episode
Step 0
policy value 7.039639472961426
State(column0: region_0, column1: region_1, column2: region_2)
pick_column1_front_270
Action: Action(ActionType.PICK, obj=/column1, slot=None,grasp=GraspType.FRONT_270)
[EXEC] Picking /column1 with front_270

[INFO] Found 2560 potential configurations.
[WARN] No valid configuration found (all tested configs invalid).
[EXEC] Action ActionType.PICK executed in 2.56 seconds
[ERROR] Action ActionType.PICK failed for object /column1
Action duration: 0.001
[LOG] Transition logged to MongoDB: f3fb32f7-6c7b-4976-8005-709c6e29f096 - Episode 28
Action failed, stopping. Time elapsed: 0.001
Step 1
policy value 6.757936954498291
State(column0: region_0, column1: region_1, column2: region_2)
pick_column1_front_270
Action: Action(ActionType.PICK, obj=/column1, slot=None,grasp=GraspType.FRONT_270)
[EXEC] Picking /column1 with front_270

[INFO] Found 2368 potential configurations.
[WARN] No valid configuration found (all tested configs invalid).
[EXEC] Action ActionType.PICK executed in 2.50 seconds
[ERROR] Action ActionType.PICK failed for object /column1
Action duration: 0.001
[LOG] Transition logged to MongoDB: f3fb32f7-6c7b-4976-8005-709c6e29f096 - Episode 28
Action failed, stopping. Time elapsed: 0.001
Step 2
policy value 6.476281642913818
State(column0: region_0, column1: region_1, column2: region_2)
pick_column1_front_270
Action: Action(ActionType.PICK, obj=/column1, slot=None,grasp=GraspType.FRONT_270)
[EXEC] Picking /column1 with front_270

[INFO] Found 2112 potential configurations.
[WARN] No valid configuration found (all tested configs invalid).
[EXEC] Action ActionType.PICK executed in 2.68 seconds
[ERROR] Action ActionType.PICK failed for object /column1
Action duration: 0.001
[LOG] Transition logged to MongoDB: f3fb32f7-6c7b-4976-8005-709c6e29f096 - Episode 28
Action failed, stopping. Time elapsed: 0.001
Step 3
policy value 6.194687843322754
State(column0: region_0, column1: region_1, column2: region_2)
pick_column1_front_270
Action: Action(ActionType.PICK, obj=/column1, slot=None,grasp=GraspType.FRONT_270)
[EXEC] Picking /column1 with front_270

[INFO] Found 2752 potential configurations.
[WARN] No valid configuration found (all tested configs invalid).
[EXEC] Action ActionType.PICK executed in 2.67 seconds
[ERROR] Action ActionType.PICK failed for object /column1
Action duration: 0.001
[LOG] Transition logged to MongoDB: f3fb32f7-6c7b-4976-8005-709c6e29f096 - Episode 28
Action failed, stopping. Time elapsed: 0.001
Step 4
policy value 5.9131760597229
State(column0: region_0, column1: region_1, column2: region_2)
pick_column1_front_270
Action: Action(ActionType.PICK, obj=/column1, slot=None,grasp=GraspType.FRONT_270)
[EXEC] Picking /column1 with front_270

[INFO] Found 2368 potential configurations.
[WARN] No valid configuration found (all tested configs invalid).
[EXEC] Action ActionType.PICK executed in 2.32 seconds
[ERROR] Action ActionType.PICK failed for object /column1
Action duration: 0.001
[LOG] Transition logged to MongoDB: f3fb32f7-6c7b-4976-8005-709c6e29f096 - Episode 28
Action failed, stopping. Time elapsed: 0.001
Step 5
policy value 5.631768226623535
State(column0: region_0, column1: region_1, column2: region_2)
pick_column1_front_270
Action: Action(ActionType.PICK, obj=/column1, slot=None,grasp=GraspType.FRONT_270)
[EXEC] Picking /column1 with front_270

[INFO] Found 2688 potential configurations.
[WARN] No valid configuration found (all tested configs invalid).
[EXEC] Action ActionType.PICK executed in 2.39 seconds
[ERROR] Action ActionType.PICK failed for object /column1
Action duration: 0.001
[LOG] Transition logged to MongoDB: f3fb32f7-6c7b-4976-8005-709c6e29f096 - Episode 28
Action failed, stopping. Time elapsed: 0.001
Too many failures, resetting episode
Episode 19 ended
Revising policy
USING STORM: False
Reading data from MongoDB...
Total option moiton param combinations 36
Collected combinations 36
Building state to idx mapping...
Building option ensembles...
pick_column0_top_0: Identifying enabled states...
pick_column0_top_0: Splitting up datasets...
pick_column0_top_0: Learning DBNS...
pick_column0_top_0: Building transition dicts for each DBN
pick_column0_top_0: Starting process for DBN 0
pick_column0_top_0: Starting process for DBN 1
pick_column0_top_0: Starting process for DBN 2
pick_column0_top_0: Starting process for DBN 3
pick_column0_top_0: Received dict for DBN 0
pick_column0_top_0: Received dict for DBN 2
pick_column0_top_0: Received dict for DBN 1
pick_column0_top_0: Received dict for DBN 3
pick_column0_top_0: Sampling transitions and computing reward
pick_column0_top_0: Building transition/reward matrices
pick_column0_left_0: Identifying enabled states...
pick_column0_left_0: Splitting up datasets...
pick_column0_left_0: Learning DBNS...
pick_column0_left_0: Building transition dicts for each DBN
pick_column0_left_0: Starting process for DBN 0
pick_column0_left_0: Starting process for DBN 1
pick_column0_left_0: Starting process for DBN 2
pick_column0_left_0: Starting process for DBN 3
pick_column0_left_0: Received dict for DBN 0
pick_column0_left_0: Received dict for DBN 1
pick_column0_left_0: Received dict for DBN 2
pick_column0_left_0: Received dict for DBN 3
pick_column0_left_0: Sampling transitions and computing reward
pick_column0_left_0: Building transition/reward matrices
pick_column0_right_0: Identifying enabled states...
pick_column0_right_0: Splitting up datasets...
pick_column0_right_0: Learning DBNS...
pick_column0_right_0: Building transition dicts for each DBN
pick_column0_right_0: Starting process for DBN 0
pick_column0_right_0: Starting process for DBN 1
pick_column0_right_0: Starting process for DBN 2
pick_column0_right_0: Starting process for DBN 3
pick_column0_right_0: Received dict for DBN 0
pick_column0_right_0: Received dict for DBN 1
pick_column0_right_0: Received dict for DBN 2
pick_column0_right_0: Received dict for DBN 3
pick_column0_right_0: Sampling transitions and computing reward
pick_column0_right_0: Building transition/reward matrices
pick_column0_front_270: Identifying enabled states...
pick_column0_front_270: Splitting up datasets...
pick_column0_front_270: Learning DBNS...
pick_column0_front_270: Building transition dicts for each DBN
pick_column0_front_270: Starting process for DBN 0
pick_column0_front_270: Starting process for DBN 1
pick_column0_front_270: Starting process for DBN 2
pick_column0_front_270: Starting process for DBN 3
pick_column0_front_270: Received dict for DBN 0
pick_column0_front_270: Received dict for DBN 1
pick_column0_front_270: Received dict for DBN 2
pick_column0_front_270: Received dict for DBN 3
pick_column0_front_270: Sampling transitions and computing reward
pick_column0_front_270: Building transition/reward matrices
pick_column1_top_0: Identifying enabled states...
pick_column1_top_0: Splitting up datasets...
pick_column1_top_0: Learning DBNS...
pick_column1_top_0: Building transition dicts for each DBN
pick_column1_top_0: Starting process for DBN 0
pick_column1_top_0: Starting process for DBN 1
pick_column1_top_0: Starting process for DBN 2
pick_column1_top_0: Starting process for DBN 3
pick_column1_top_0: Received dict for DBN 0
pick_column1_top_0: Received dict for DBN 1
pick_column1_top_0: Received dict for DBN 2
pick_column1_top_0: Received dict for DBN 3
pick_column1_top_0: Sampling transitions and computing reward
pick_column1_top_0: Building transition/reward matrices
pick_column1_left_0: Identifying enabled states...
pick_column1_left_0: Splitting up datasets...
pick_column1_left_0: Learning DBNS...
pick_column1_left_0: Building transition dicts for each DBN
pick_column1_left_0: Starting process for DBN 0
pick_column1_left_0: Starting process for DBN 1
pick_column1_left_0: Starting process for DBN 2
pick_column1_left_0: Starting process for DBN 3
pick_column1_left_0: Received dict for DBN 0
pick_column1_left_0: Received dict for DBN 1
pick_column1_left_0: Received dict for DBN 2
pick_column1_left_0: Received dict for DBN 3
pick_column1_left_0: Sampling transitions and computing reward
pick_column1_left_0: Building transition/reward matrices
pick_column1_right_0: Identifying enabled states...
pick_column1_right_0: Splitting up datasets...
pick_column1_right_0: Learning DBNS...
pick_column1_right_0: Building transition dicts for each DBN
pick_column1_right_0: Starting process for DBN 0
pick_column1_right_0: Starting process for DBN 1
pick_column1_right_0: Starting process for DBN 2
pick_column1_right_0: Starting process for DBN 3
pick_column1_right_0: Received dict for DBN 1
pick_column1_right_0: Received dict for DBN 0
pick_column1_right_0: Received dict for DBN 2
pick_column1_right_0: Received dict for DBN 3
pick_column1_right_0: Sampling transitions and computing reward
pick_column1_right_0: Building transition/reward matrices
pick_column1_front_270: Identifying enabled states...
pick_column1_front_270: Splitting up datasets...
pick_column1_front_270: Learning DBNS...
pick_column1_front_270: Building transition dicts for each DBN
pick_column1_front_270: Starting process for DBN 0
pick_column1_front_270: Starting process for DBN 1
pick_column1_front_270: Starting process for DBN 2
pick_column1_front_270: Starting process for DBN 3
pick_column1_front_270: Received dict for DBN 0
pick_column1_front_270: Received dict for DBN 1
pick_column1_front_270: Received dict for DBN 2
pick_column1_front_270: Received dict for DBN 3
pick_column1_front_270: Sampling transitions and computing reward
pick_column1_front_270: Building transition/reward matrices
pick_column2_top_0: Identifying enabled states...
pick_column2_top_0: Splitting up datasets...
pick_column2_top_0: Learning DBNS...
pick_column2_top_0: Building transition dicts for each DBN
pick_column2_top_0: Starting process for DBN 0
pick_column2_top_0: Starting process for DBN 1
pick_column2_top_0: Starting process for DBN 2
pick_column2_top_0: Starting process for DBN 3
pick_column2_top_0: Received dict for DBN 0
pick_column2_top_0: Received dict for DBN 1
pick_column2_top_0: Received dict for DBN 2
pick_column2_top_0: Received dict for DBN 3
pick_column2_top_0: Sampling transitions and computing reward
pick_column2_top_0: Building transition/reward matrices
pick_column2_left_0: Identifying enabled states...
pick_column2_left_0: Splitting up datasets...
pick_column2_left_0: Learning DBNS...
pick_column2_left_0: Building transition dicts for each DBN
pick_column2_left_0: Starting process for DBN 0
pick_column2_left_0: Starting process for DBN 1
pick_column2_left_0: Starting process for DBN 2
pick_column2_left_0: Starting process for DBN 3
pick_column2_left_0: Received dict for DBN 0
pick_column2_left_0: Received dict for DBN 1
pick_column2_left_0: Received dict for DBN 2
pick_column2_left_0: Received dict for DBN 3
pick_column2_left_0: Sampling transitions and computing reward
pick_column2_left_0: Building transition/reward matrices
pick_column2_right_0: Identifying enabled states...
pick_column2_right_0: Splitting up datasets...
pick_column2_right_0: Learning DBNS...
pick_column2_right_0: Building transition dicts for each DBN
pick_column2_right_0: Starting process for DBN 0
pick_column2_right_0: Starting process for DBN 1
pick_column2_right_0: Starting process for DBN 2
pick_column2_right_0: Starting process for DBN 3
pick_column2_right_0: Received dict for DBN 0
pick_column2_right_0: Received dict for DBN 1
pick_column2_right_0: Received dict for DBN 2
pick_column2_right_0: Received dict for DBN 3
pick_column2_right_0: Sampling transitions and computing reward
pick_column2_right_0: Building transition/reward matrices
pick_column2_front_270: Identifying enabled states...
pick_column2_front_270: Splitting up datasets...
pick_column2_front_270: Learning DBNS...
pick_column2_front_270: Building transition dicts for each DBN
pick_column2_front_270: Starting process for DBN 0
pick_column2_front_270: Starting process for DBN 1
pick_column2_front_270: Starting process for DBN 2
pick_column2_front_270: Starting process for DBN 3
pick_column2_front_270: Received dict for DBN 0
pick_column2_front_270: Received dict for DBN 1
pick_column2_front_270: Received dict for DBN 2
pick_column2_front_270: Received dict for DBN 3
pick_column2_front_270: Sampling transitions and computing reward
pick_column2_front_270: Building transition/reward matrices
place_goal_0_top_0: Identifying enabled states...
place_goal_0_top_0: Splitting up datasets...
place_goal_0_top_0: Learning DBNS...
place_goal_0_top_0: Building transition dicts for each DBN
place_goal_0_top_0: Starting process for DBN 0
place_goal_0_top_0: Starting process for DBN 1
place_goal_0_top_0: Starting process for DBN 2
place_goal_0_top_0: Starting process for DBN 3
place_goal_0_top_0: Received dict for DBN 2
place_goal_0_top_0: Received dict for DBN 0
place_goal_0_top_0: Received dict for DBN 1
place_goal_0_top_0: Received dict for DBN 3
place_goal_0_top_0: Sampling transitions and computing reward
place_goal_0_top_0: Building transition/reward matrices
place_goal_0_left_0: Identifying enabled states...
place_goal_0_left_0: Splitting up datasets...
place_goal_0_left_0: Learning DBNS...
place_goal_0_left_0: Building transition dicts for each DBN
place_goal_0_left_0: Starting process for DBN 0
place_goal_0_left_0: Starting process for DBN 1
place_goal_0_left_0: Starting process for DBN 2
place_goal_0_left_0: Starting process for DBN 3
place_goal_0_left_0: Received dict for DBN 0
place_goal_0_left_0: Received dict for DBN 1
place_goal_0_left_0: Received dict for DBN 2
place_goal_0_left_0: Received dict for DBN 3
place_goal_0_left_0: Sampling transitions and computing reward
place_goal_0_left_0: Building transition/reward matrices
place_goal_0_right_0: Identifying enabled states...
place_goal_0_right_0: Splitting up datasets...
place_goal_0_right_0: Learning DBNS...
place_goal_0_right_0: Building transition dicts for each DBN
place_goal_0_right_0: Starting process for DBN 0
place_goal_0_right_0: Starting process for DBN 1
place_goal_0_right_0: Starting process for DBN 2
place_goal_0_right_0: Starting process for DBN 3
place_goal_0_right_0: Received dict for DBN 0
place_goal_0_right_0: Received dict for DBN 1
place_goal_0_right_0: Received dict for DBN 2
place_goal_0_right_0: Received dict for DBN 3
place_goal_0_right_0: Sampling transitions and computing reward
place_goal_0_right_0: Building transition/reward matrices
place_goal_0_front_270: Identifying enabled states...
place_goal_0_front_270: Splitting up datasets...
place_goal_0_front_270: Learning DBNS...
place_goal_0_front_270: Building transition dicts for each DBN
place_goal_0_front_270: Starting process for DBN 0
place_goal_0_front_270: Starting process for DBN 1
place_goal_0_front_270: Starting process for DBN 2
place_goal_0_front_270: Starting process for DBN 3
place_goal_0_front_270: Received dict for DBN 0
place_goal_0_front_270: Received dict for DBN 1
place_goal_0_front_270: Received dict for DBN 2
place_goal_0_front_270: Received dict for DBN 3
place_goal_0_front_270: Sampling transitions and computing reward
place_goal_0_front_270: Building transition/reward matrices
place_goal_1_top_0: Identifying enabled states...
place_goal_1_top_0: Splitting up datasets...
place_goal_1_top_0: Learning DBNS...
place_goal_1_top_0: Building transition dicts for each DBN
place_goal_1_top_0: Starting process for DBN 0
place_goal_1_top_0: Starting process for DBN 1
place_goal_1_top_0: Starting process for DBN 2
place_goal_1_top_0: Starting process for DBN 3
place_goal_1_top_0: Received dict for DBN 2
place_goal_1_top_0: Received dict for DBN 0
place_goal_1_top_0: Received dict for DBN 1
place_goal_1_top_0: Received dict for DBN 3
place_goal_1_top_0: Sampling transitions and computing reward
place_goal_1_top_0: Building transition/reward matrices
place_goal_1_left_0: Identifying enabled states...
place_goal_1_left_0: Splitting up datasets...
place_goal_1_left_0: Learning DBNS...
place_goal_1_left_0: Building transition dicts for each DBN
place_goal_1_left_0: Starting process for DBN 0
place_goal_1_left_0: Starting process for DBN 1
place_goal_1_left_0: Starting process for DBN 2
place_goal_1_left_0: Starting process for DBN 3
place_goal_1_left_0: Received dict for DBN 0
place_goal_1_left_0: Received dict for DBN 1
place_goal_1_left_0: Received dict for DBN 2
place_goal_1_left_0: Received dict for DBN 3
place_goal_1_left_0: Sampling transitions and computing reward
place_goal_1_left_0: Building transition/reward matrices
place_goal_1_right_0: Identifying enabled states...
place_goal_1_right_0: Splitting up datasets...
place_goal_1_right_0: Learning DBNS...
place_goal_1_right_0: Building transition dicts for each DBN
place_goal_1_right_0: Starting process for DBN 0
place_goal_1_right_0: Starting process for DBN 1
place_goal_1_right_0: Starting process for DBN 2
place_goal_1_right_0: Starting process for DBN 3
place_goal_1_right_0: Received dict for DBN 2
place_goal_1_right_0: Received dict for DBN 1
place_goal_1_right_0: Received dict for DBN 0
place_goal_1_right_0: Received dict for DBN 3
place_goal_1_right_0: Sampling transitions and computing reward
place_goal_1_right_0: Building transition/reward matrices
place_goal_1_front_270: Identifying enabled states...
place_goal_1_front_270: Splitting up datasets...
place_goal_1_front_270: Learning DBNS...
place_goal_1_front_270: Building transition dicts for each DBN
place_goal_1_front_270: Starting process for DBN 0
place_goal_1_front_270: Starting process for DBN 1
place_goal_1_front_270: Starting process for DBN 2
place_goal_1_front_270: Starting process for DBN 3
place_goal_1_front_270: Received dict for DBN 2
place_goal_1_front_270: Received dict for DBN 0
place_goal_1_front_270: Received dict for DBN 1
place_goal_1_front_270: Received dict for DBN 3
place_goal_1_front_270: Sampling transitions and computing reward
place_goal_1_front_270: Building transition/reward matrices
place_goal_2_top_0: Identifying enabled states...
place_goal_2_top_0: Splitting up datasets...
place_goal_2_top_0: Learning DBNS...
place_goal_2_top_0: Building transition dicts for each DBN
place_goal_2_top_0: Starting process for DBN 0
place_goal_2_top_0: Starting process for DBN 1
place_goal_2_top_0: Starting process for DBN 2
place_goal_2_top_0: Starting process for DBN 3
place_goal_2_top_0: Received dict for DBN 0
place_goal_2_top_0: Received dict for DBN 1
place_goal_2_top_0: Received dict for DBN 2
place_goal_2_top_0: Received dict for DBN 3
place_goal_2_top_0: Sampling transitions and computing reward
place_goal_2_top_0: Building transition/reward matrices
place_goal_2_left_0: Identifying enabled states...
place_goal_2_left_0: Splitting up datasets...
place_goal_2_left_0: Learning DBNS...
place_goal_2_left_0: Building transition dicts for each DBN
place_goal_2_left_0: Starting process for DBN 0
place_goal_2_left_0: Starting process for DBN 1
place_goal_2_left_0: Starting process for DBN 2
place_goal_2_left_0: Starting process for DBN 3
place_goal_2_left_0: Received dict for DBN 0
place_goal_2_left_0: Received dict for DBN 1
place_goal_2_left_0: Received dict for DBN 2
place_goal_2_left_0: Received dict for DBN 3
place_goal_2_left_0: Sampling transitions and computing reward
place_goal_2_left_0: Building transition/reward matrices
place_goal_2_right_0: Identifying enabled states...
place_goal_2_right_0: Splitting up datasets...
place_goal_2_right_0: Learning DBNS...
place_goal_2_right_0: Building transition dicts for each DBN
place_goal_2_right_0: Starting process for DBN 0
place_goal_2_right_0: Starting process for DBN 1
place_goal_2_right_0: Starting process for DBN 2
place_goal_2_right_0: Starting process for DBN 3
place_goal_2_right_0: Received dict for DBN 0
place_goal_2_right_0: Received dict for DBN 3
place_goal_2_right_0: Received dict for DBN 1
place_goal_2_right_0: Received dict for DBN 2
place_goal_2_right_0: Sampling transitions and computing reward
place_goal_2_right_0: Building transition/reward matrices
place_goal_2_front_270: Identifying enabled states...
place_goal_2_front_270: Splitting up datasets...
place_goal_2_front_270: Learning DBNS...
place_goal_2_front_270: Building transition dicts for each DBN
place_goal_2_front_270: Starting process for DBN 0
place_goal_2_front_270: Starting process for DBN 1
place_goal_2_front_270: Starting process for DBN 2
place_goal_2_front_270: Starting process for DBN 3
place_goal_2_front_270: Received dict for DBN 0
place_goal_2_front_270: Received dict for DBN 1
place_goal_2_front_270: Received dict for DBN 2
place_goal_2_front_270: Received dict for DBN 3
place_goal_2_front_270: Sampling transitions and computing reward
place_goal_2_front_270: Building transition/reward matrices
place_region_0_top_0: Identifying enabled states...
place_region_0_top_0: Splitting up datasets...
place_region_0_top_0: Learning DBNS...
place_region_0_top_0: Building transition dicts for each DBN
place_region_0_top_0: Starting process for DBN 0
place_region_0_top_0: Starting process for DBN 1
place_region_0_top_0: Starting process for DBN 2
place_region_0_top_0: Starting process for DBN 3
place_region_0_top_0: Received dict for DBN 0
place_region_0_top_0: Received dict for DBN 1
place_region_0_top_0: Received dict for DBN 2
place_region_0_top_0: Received dict for DBN 3
place_region_0_top_0: Sampling transitions and computing reward
place_region_0_top_0: Building transition/reward matrices
place_region_0_left_0: Identifying enabled states...
place_region_0_left_0: Splitting up datasets...
place_region_0_left_0: Learning DBNS...
place_region_0_left_0: Building transition dicts for each DBN
place_region_0_left_0: Starting process for DBN 0
place_region_0_left_0: Starting process for DBN 1
place_region_0_left_0: Starting process for DBN 2
place_region_0_left_0: Starting process for DBN 3
place_region_0_left_0: Received dict for DBN 2
place_region_0_left_0: Received dict for DBN 0
place_region_0_left_0: Received dict for DBN 1
place_region_0_left_0: Received dict for DBN 3
place_region_0_left_0: Sampling transitions and computing reward
place_region_0_left_0: Building transition/reward matrices
place_region_0_right_0: Identifying enabled states...
place_region_0_right_0: Splitting up datasets...
place_region_0_right_0: Learning DBNS...
place_region_0_right_0: Building transition dicts for each DBN
place_region_0_right_0: Starting process for DBN 0
place_region_0_right_0: Starting process for DBN 1
place_region_0_right_0: Starting process for DBN 2
place_region_0_right_0: Starting process for DBN 3
place_region_0_right_0: Received dict for DBN 0
place_region_0_right_0: Received dict for DBN 1
place_region_0_right_0: Received dict for DBN 2
place_region_0_right_0: Received dict for DBN 3
place_region_0_right_0: Sampling transitions and computing reward
place_region_0_right_0: Building transition/reward matrices
place_region_0_front_270: Identifying enabled states...
place_region_0_front_270: Splitting up datasets...
place_region_0_front_270: Learning DBNS...
place_region_0_front_270: Building transition dicts for each DBN
place_region_0_front_270: Starting process for DBN 0
place_region_0_front_270: Starting process for DBN 1
place_region_0_front_270: Starting process for DBN 2
place_region_0_front_270: Starting process for DBN 3
place_region_0_front_270: Received dict for DBN 1
place_region_0_front_270: Received dict for DBN 0
place_region_0_front_270: Received dict for DBN 2
place_region_0_front_270: Received dict for DBN 3
place_region_0_front_270: Sampling transitions and computing reward
place_region_0_front_270: Building transition/reward matrices
place_region_1_top_0: Identifying enabled states...
place_region_1_top_0: Splitting up datasets...
place_region_1_top_0: Learning DBNS...
place_region_1_top_0: Building transition dicts for each DBN
place_region_1_top_0: Starting process for DBN 0
place_region_1_top_0: Starting process for DBN 1
place_region_1_top_0: Starting process for DBN 2
place_region_1_top_0: Starting process for DBN 3
place_region_1_top_0: Received dict for DBN 0
place_region_1_top_0: Received dict for DBN 1
place_region_1_top_0: Received dict for DBN 2
place_region_1_top_0: Received dict for DBN 3
place_region_1_top_0: Sampling transitions and computing reward
place_region_1_top_0: Building transition/reward matrices
place_region_1_left_0: Identifying enabled states...
place_region_1_left_0: Splitting up datasets...
place_region_1_left_0: Learning DBNS...
place_region_1_left_0: Building transition dicts for each DBN
place_region_1_left_0: Starting process for DBN 0
place_region_1_left_0: Starting process for DBN 1
place_region_1_left_0: Starting process for DBN 2
place_region_1_left_0: Starting process for DBN 3
place_region_1_left_0: Received dict for DBN 0
place_region_1_left_0: Received dict for DBN 1
place_region_1_left_0: Received dict for DBN 2
place_region_1_left_0: Received dict for DBN 3
place_region_1_left_0: Sampling transitions and computing reward
place_region_1_left_0: Building transition/reward matrices
place_region_1_right_0: Identifying enabled states...
place_region_1_right_0: Splitting up datasets...
place_region_1_right_0: Learning DBNS...
place_region_1_right_0: Building transition dicts for each DBN
place_region_1_right_0: Starting process for DBN 0
place_region_1_right_0: Starting process for DBN 1
place_region_1_right_0: Starting process for DBN 2
place_region_1_right_0: Starting process for DBN 3
place_region_1_right_0: Received dict for DBN 0
place_region_1_right_0: Received dict for DBN 1
place_region_1_right_0: Received dict for DBN 2
place_region_1_right_0: Received dict for DBN 3
place_region_1_right_0: Sampling transitions and computing reward
place_region_1_right_0: Building transition/reward matrices
place_region_1_front_270: Identifying enabled states...
place_region_1_front_270: Splitting up datasets...
place_region_1_front_270: Learning DBNS...
place_region_1_front_270: Building transition dicts for each DBN
place_region_1_front_270: Starting process for DBN 0
place_region_1_front_270: Starting process for DBN 1
place_region_1_front_270: Starting process for DBN 2
place_region_1_front_270: Starting process for DBN 3
place_region_1_front_270: Received dict for DBN 0
place_region_1_front_270: Received dict for DBN 1
place_region_1_front_270: Received dict for DBN 3
place_region_1_front_270: Received dict for DBN 2
place_region_1_front_270: Sampling transitions and computing reward
place_region_1_front_270: Building transition/reward matrices
place_region_2_top_0: Identifying enabled states...
place_region_2_top_0: Splitting up datasets...
place_region_2_top_0: Learning DBNS...
place_region_2_top_0: Building transition dicts for each DBN
place_region_2_top_0: Starting process for DBN 0
place_region_2_top_0: Starting process for DBN 1
place_region_2_top_0: Starting process for DBN 2
place_region_2_top_0: Starting process for DBN 3
place_region_2_top_0: Received dict for DBN 2
place_region_2_top_0: Received dict for DBN 0
place_region_2_top_0: Received dict for DBN 1
place_region_2_top_0: Received dict for DBN 3
place_region_2_top_0: Sampling transitions and computing reward
place_region_2_top_0: Building transition/reward matrices
place_region_2_left_0: Identifying enabled states...
place_region_2_left_0: Splitting up datasets...
place_region_2_left_0: Learning DBNS...
place_region_2_left_0: Building transition dicts for each DBN
place_region_2_left_0: Starting process for DBN 0
place_region_2_left_0: Starting process for DBN 1
place_region_2_left_0: Starting process for DBN 2
place_region_2_left_0: Starting process for DBN 3
place_region_2_left_0: Received dict for DBN 0
place_region_2_left_0: Received dict for DBN 1
place_region_2_left_0: Received dict for DBN 2
place_region_2_left_0: Received dict for DBN 3
place_region_2_left_0: Sampling transitions and computing reward
place_region_2_left_0: Building transition/reward matrices
place_region_2_right_0: Identifying enabled states...
place_region_2_right_0: Splitting up datasets...
place_region_2_right_0: Learning DBNS...
place_region_2_right_0: Building transition dicts for each DBN
place_region_2_right_0: Starting process for DBN 0
place_region_2_right_0: Starting process for DBN 1
place_region_2_right_0: Starting process for DBN 2
place_region_2_right_0: Starting process for DBN 3
place_region_2_right_0: Received dict for DBN 0
place_region_2_right_0: Received dict for DBN 1
place_region_2_right_0: Received dict for DBN 2
place_region_2_right_0: Received dict for DBN 3
place_region_2_right_0: Sampling transitions and computing reward
place_region_2_right_0: Building transition/reward matrices
place_region_2_front_270: Identifying enabled states...
place_region_2_front_270: Splitting up datasets...
place_region_2_front_270: Learning DBNS...
place_region_2_front_270: Building transition dicts for each DBN
place_region_2_front_270: Starting process for DBN 0
place_region_2_front_270: Starting process for DBN 1
place_region_2_front_270: Starting process for DBN 2
place_region_2_front_270: Starting process for DBN 3
place_region_2_front_270: Received dict for DBN 2
place_region_2_front_270: Received dict for DBN 0
place_region_2_front_270: Received dict for DBN 1
place_region_2_front_270: Received dict for DBN 3
place_region_2_front_270: Sampling transitions and computing reward
place_region_2_front_270: Building transition/reward matrices
Building MDP...
Synthesising Policy...
Solving MDP for timestep: 29
Solving MDP for timestep: 28
Solving MDP for timestep: 27
Solving MDP for timestep: 26
Solving MDP for timestep: 25
Solving MDP for timestep: 24
Solving MDP for timestep: 23
Solving MDP for timestep: 22
Solving MDP for timestep: 21
Solving MDP for timestep: 20
Solving MDP for timestep: 19
Solving MDP for timestep: 18
Solving MDP for timestep: 17
Solving MDP for timestep: 16
Solving MDP for timestep: 15
Solving MDP for timestep: 14
Solving MDP for timestep: 13
Solving MDP for timestep: 12
Solving MDP for timestep: 11
Solving MDP for timestep: 10
Solving MDP for timestep: 9
Solving MDP for timestep: 8
Solving MDP for timestep: 7
Solving MDP for timestep: 6
Solving MDP for timestep: 5
Solving MDP for timestep: 4
Solving MDP for timestep: 3
Solving MDP for timestep: 2
Solving MDP for timestep: 1
Solving MDP for timestep: 0
Exploration finished
