Connecting to port 23002
connected to simulation
simulation is explicitly stepped
Joint handles retrieved
[LOG] TransitionLogger initialized with ID: de766073-ebc9-47b6-83b5-832841f8993b
[LOG] MongoDB connection established
[LOG] TransitionLogger initialized with ID: f77b2e6b-2c11-4b56-a6df-691ec4cdec0d
[LOG] MongoDB connection established
Selected action: Action(ActionType.PICK, obj=/column0, slot=None,grasp=None) with motion param: front_270
here
[EXEC] Picking /column0 with front_270

[INFO] Found 3648 potential configurations.
[WARN] No valid configuration found (all tested configs invalid).
[EXEC] Action ActionType.PICK executed in 2.52 seconds
[ERROR] Action ActionType.PICK failed for object /column0
[LOG] Transition logged to MongoDB: de766073-ebc9-47b6-83b5-832841f8993b - Episode 0
Selected action: Action(ActionType.PICK, obj=/column2, slot=None,grasp=None) with motion param: front_270
here
[EXEC] Picking /column2 with front_270

[INFO] Found 4800 potential configurations.
[INFO] Motion completed successfully with result: success,in execution time: 4.16 seconds
[INFO] Found a reachable configuration for pick action after 1 attempts.
Tip distance after pick: 0.02058931457855665
[INFO] Pick action completed successfully.in execution time: 4.16 seconds
[EXEC] Action ActionType.PICK executed in 11.29 seconds
[SUCCESS] Action ActionType.PICK succeeded for object /column2
[LOG] Transition logged to MongoDB: de766073-ebc9-47b6-83b5-832841f8993b - Episode 0
Selected action: Action(ActionType.PLACE, obj=/column2, slot=/region_2,grasp=None) with motion param: front_270
here
[EXEC] Placing at [0.6, 0.80001, 0.5] with grasp front_270

[INFO] Found 3328 potential configurations.
[INFO] Motion completed successfully with result: success,in execution time: 0.48 seconds
[INFO] Found a reachable configuration for place action after 1 attempts.
[INFO] Place action completed successfully.
realigning placed object /column2 to target position
[EXEC] Action ActionType.PLACE executed in 9.85 seconds
[SUCCESS] Action ActionType.PLACE succeeded for object /column2
[LOG] Transition logged to MongoDB: de766073-ebc9-47b6-83b5-832841f8993b - Episode 0
Selected action: Action(ActionType.PICK, obj=/column1, slot=None,grasp=None) with motion param: front_270
here
[EXEC] Picking /column1 with front_270

[INFO] Found 4352 potential configurations.
[INFO] Motion completed successfully with result: success,in execution time: 2.16 seconds
[INFO] Found a reachable configuration for pick action after 1 attempts.
Tip distance after pick: 0.021442450665077988
[INFO] Pick action completed successfully.in execution time: 2.16 seconds
[EXEC] Action ActionType.PICK executed in 11.50 seconds
[SUCCESS] Action ActionType.PICK succeeded for object /column1
[LOG] Transition logged to MongoDB: de766073-ebc9-47b6-83b5-832841f8993b - Episode 0
Selected action: Action(ActionType.PLACE, obj=/column1, slot=/goal_2,grasp=None) with motion param: left_0
here
[EXEC] Placing at [-0.6000000000000001, 0.8250000000000003, 0.5] with grasp left_0

[INFO] Found 3392 potential configurations.
[WARN] No valid configuration found (all tested configs invalid).
[EXEC] Action ActionType.PLACE executed in 2.31 seconds
[ERROR] Action ActionType.PLACE failed for object /column1
[LOG] Transition logged to MongoDB: de766073-ebc9-47b6-83b5-832841f8993b - Episode 0
Selected action: Action(ActionType.PLACE, obj=/column1, slot=/goal_1,grasp=None) with motion param: top_0
here
[EXEC] Placing at [-0.2749999999999999, 1.0750000000000006, 0.5] with grasp top_0

[INFO] Found 2048 potential configurations.
[INFO] Motion completed successfully with result: success,in execution time: 9.88 seconds
[INFO] Found a reachable configuration for place action after 1 attempts.
[INFO] Place action completed successfully.
realigning placed object /column1 to target position
[EXEC] Action ActionType.PLACE executed in 23.56 seconds
[SUCCESS] Action ActionType.PLACE succeeded for object /column1
[LOG] Transition logged to MongoDB: de766073-ebc9-47b6-83b5-832841f8993b - Episode 0
Selected action: Action(ActionType.PICK, obj=/column1, slot=None,grasp=GraspType.FRONT_270) with motion param: front_270
here
[EXEC] Picking /column1 with front_270

[INFO] Found 4800 potential configurations.
[INFO] Motion completed successfully with result: success,in execution time: 4.52 seconds
[INFO] Found a reachable configuration for pick action after 1 attempts.
Tip distance after pick: 0.02074176872552945
[INFO] Pick action completed successfully.in execution time: 4.52 seconds
[EXEC] Action ActionType.PICK executed in 14.20 seconds
[SUCCESS] Action ActionType.PICK succeeded for object /column1
[LOG] Transition logged to MongoDB: de766073-ebc9-47b6-83b5-832841f8993b - Episode 0
Selected action: Action(ActionType.PLACE, obj=/column1, slot=/goal_2,grasp=GraspType.LEFT_0) with motion param: front_270
here
[EXEC] Placing at [-0.6000000000000001, 0.8250000000000003, 0.5] with grasp front_270

[INFO] Found 4416 potential configurations.
[WARN] No valid configuration found (all tested configs invalid).
[EXEC] Action ActionType.PLACE executed in 3.01 seconds
[ERROR] Action ActionType.PLACE failed for object /column1
[LOG] Transition logged to MongoDB: de766073-ebc9-47b6-83b5-832841f8993b - Episode 0
Selected action: Action(ActionType.PLACE, obj=/column1, slot=/goal_1,grasp=GraspType.TOP_0) with motion param: left_0
here
[EXEC] Placing at [-0.2749999999999999, 1.0750000000000006, 0.5] with grasp left_0

[INFO] Found 1472 potential configurations.
[WARN] No valid configuration found (all tested configs invalid).
[EXEC] Action ActionType.PLACE executed in 10.13 seconds
[ERROR] Action ActionType.PLACE failed for object /column1
[LOG] Transition logged to MongoDB: de766073-ebc9-47b6-83b5-832841f8993b - Episode 0
Selected action: Action(ActionType.PLACE, obj=/column1, slot=/goal_2,grasp=GraspType.FRONT_270) with motion param: top_0
here
[EXEC] Placing at [-0.6000000000000001, 0.8250000000000003, 0.5] with grasp top_0

[INFO] Found 5312 potential configurations.
[WARN] No valid configuration found (all tested configs invalid).
[EXEC] Action ActionType.PLACE executed in 3.16 seconds
[ERROR] Action ActionType.PLACE failed for object /column1
[LOG] Transition logged to MongoDB: de766073-ebc9-47b6-83b5-832841f8993b - Episode 0
Selected action: Action(ActionType.PLACE, obj=/column1, slot=/goal_1,grasp=GraspType.LEFT_0) with motion param: front_270
here
[EXEC] Placing at [-0.2749999999999999, 1.0750000000000006, 0.5] with grasp front_270

[INFO] Found 4608 potential configurations.
[INFO] Motion completed successfully with result: success,in execution time: 0.52 seconds
[INFO] Found a reachable configuration for place action after 1 attempts.
[INFO] Place action completed successfully.
realigning placed object /column1 to target position
[EXEC] Action ActionType.PLACE executed in 11.95 seconds
[SUCCESS] Action ActionType.PLACE succeeded for object /column1
[LOG] Transition logged to MongoDB: de766073-ebc9-47b6-83b5-832841f8993b - Episode 0
Selected action: Action(ActionType.PICK, obj=/column2, slot=None,grasp=GraspType.FRONT_270) with motion param: front_270
here
[EXEC] Picking /column2 with front_270

[INFO] Found 5952 potential configurations.
[INFO] Motion completed successfully with result: success,in execution time: 7.92 seconds
[INFO] Found a reachable configuration for pick action after 1 attempts.
Tip distance after pick: 0.020533203182223802
[INFO] Pick action completed successfully.in execution time: 7.92 seconds
[EXEC] Action ActionType.PICK executed in 16.85 seconds
[SUCCESS] Action ActionType.PICK succeeded for object /column2
[LOG] Transition logged to MongoDB: de766073-ebc9-47b6-83b5-832841f8993b - Episode 0
Selected action: Action(ActionType.PLACE, obj=/column2, slot=/goal_0,grasp=None) with motion param: left_0
here
[EXEC] Placing at [-0.27499999999999986, 0.8250000000000005, 0.5] with grasp left_0

[INFO] Found 6208 potential configurations.
[WARN] No valid configuration found (all tested configs invalid).
[EXEC] Action ActionType.PLACE executed in 46.54 seconds
[ERROR] Action ActionType.PLACE failed for object /column2
[LOG] Transition logged to MongoDB: de766073-ebc9-47b6-83b5-832841f8993b - Episode 0
Selected action: Action(ActionType.PLACE, obj=/column2, slot=/region_0,grasp=None) with motion param: top_0
here
[EXEC] Placing at [0.35, 0.8, 0.521] with grasp top_0

[INFO] Found 7040 potential configurations.
[INFO] Motion completed successfully with result: success,in execution time: 4.20 seconds
[INFO] Found a reachable configuration for place action after 1 attempts.
[INFO] Place action completed successfully.
realigning placed object /column2 to target position
[EXEC] Action ActionType.PLACE executed in 17.33 seconds
[SUCCESS] Action ActionType.PLACE succeeded for object /column2
[LOG] Transition logged to MongoDB: de766073-ebc9-47b6-83b5-832841f8993b - Episode 0
Selected action: Action(ActionType.PICK, obj=/column0, slot=None,grasp=GraspType.FRONT_270) with motion param: right_0
here
[EXEC] Picking /column0 with right_0
[ERROR] No IK configurations found for desired pick pose.
[EXEC] Action ActionType.PICK executed in 1.02 seconds
[ERROR] Action ActionType.PICK failed for object /column0
[LOG] Transition logged to MongoDB: de766073-ebc9-47b6-83b5-832841f8993b - Episode 0
Selected action: Action(ActionType.PICK, obj=/column1, slot=None,grasp=GraspType.FRONT_270) with motion param: front_270
here
[EXEC] Picking /column1 with front_270

[INFO] Found 4672 potential configurations.
[INFO] Motion completed successfully with result: success,in execution time: 5.92 seconds
[INFO] Found a reachable configuration for pick action after 1 attempts.
Tip distance after pick: 0.02068520259239985
[INFO] Pick action completed successfully.in execution time: 5.92 seconds
[EXEC] Action ActionType.PICK executed in 27.20 seconds
[SUCCESS] Action ActionType.PICK succeeded for object /column1
[LOG] Transition logged to MongoDB: de766073-ebc9-47b6-83b5-832841f8993b - Episode 0
Selected action: Action(ActionType.PLACE, obj=/column1, slot=/goal_1,grasp=GraspType.FRONT_270) with motion param: left_0
here
[EXEC] Placing at [-0.2749999999999999, 1.0750000000000006, 0.5] with grasp left_0

[INFO] Found 896 potential configurations.
[WARN] No valid configuration found (all tested configs invalid).
[EXEC] Action ActionType.PLACE executed in 5.23 seconds
[ERROR] Action ActionType.PLACE failed for object /column1
[LOG] Transition logged to MongoDB: de766073-ebc9-47b6-83b5-832841f8993b - Episode 0
Selected action: Action(ActionType.PLACE, obj=/column1, slot=/region_2,grasp=None) with motion param: left_0
here
[EXEC] Placing at [0.6, 0.80001, 0.5] with grasp left_0

[INFO] Found 3840 potential configurations.
[INFO] Motion completed successfully with result: success,in execution time: 9.16 seconds
[INFO] Found a reachable configuration for place action after 1 attempts.
[INFO] Place action completed successfully.
realigning placed object /column1 to target position
[EXEC] Action ActionType.PLACE executed in 21.30 seconds
[SUCCESS] Action ActionType.PLACE succeeded for object /column1
[LOG] Transition logged to MongoDB: de766073-ebc9-47b6-83b5-832841f8993b - Episode 0
Selected action: Action(ActionType.PICK, obj=/column2, slot=None,grasp=GraspType.FRONT_270) with motion param: right_0
here
[EXEC] Picking /column2 with right_0

[INFO] Found 4608 potential configurations.
[WARN] No valid configuration found (all tested configs invalid).
[EXEC] Action ActionType.PICK executed in 4.06 seconds
[ERROR] Action ActionType.PICK failed for object /column2
[LOG] Transition logged to MongoDB: de766073-ebc9-47b6-83b5-832841f8993b - Episode 0
Selected action: Action(ActionType.PICK, obj=/column1, slot=None,grasp=GraspType.FRONT_270) with motion param: front_270
here
[EXEC] Picking /column1 with front_270

[INFO] Found 4352 potential configurations.
[INFO] Motion completed successfully with result: success,in execution time: 5.24 seconds
[INFO] Found a reachable configuration for pick action after 1 attempts.
Tip distance after pick: 0.02023621829482207
[INFO] Pick action completed successfully.in execution time: 5.24 seconds
[EXEC] Action ActionType.PICK executed in 13.66 seconds
[SUCCESS] Action ActionType.PICK succeeded for object /column1
[LOG] Transition logged to MongoDB: de766073-ebc9-47b6-83b5-832841f8993b - Episode 0
Selected action: Action(ActionType.PLACE, obj=/column1, slot=/goal_1,grasp=GraspType.LEFT_0) with motion param: right_0
here
[EXEC] Placing at [-0.2749999999999999, 1.0750000000000006, 0.5] with grasp right_0

[INFO] Found 1472 potential configurations.
[ERROR] Motion failed (collision or invalid path)
[ERROR] Motion result: no_path
[WARN] Failed to find a path to the selected place config on attempt 1.
[WARN] No path found to selected place config, discarding and trying next valid config...
[ERROR] Motion failed (collision or invalid path)
[ERROR] Motion result: no_path
[WARN] Failed to find a path to the selected place config on attempt 2.
[WARN] No path found to selected place config, discarding and trying next valid config...
[INFO] Motion completed successfully with result: success,in execution time: 9.68 seconds
[INFO] Found a reachable configuration for place action after 3 attempts.
[INFO] Place action completed successfully.
realigning placed object /column1 to target position
[EXEC] Action ActionType.PLACE executed in 37.67 seconds
[SUCCESS] Action ActionType.PLACE succeeded for object /column1
[LOG] Transition logged to MongoDB: de766073-ebc9-47b6-83b5-832841f8993b - Episode 0
Selected action: Action(ActionType.PICK, obj=/column0, slot=None,grasp=GraspType.RIGHT_0) with motion param: right_0
here
[EXEC] Picking /column0 with right_0
[ERROR] No IK configurations found for desired pick pose.
[EXEC] Action ActionType.PICK executed in 1.01 seconds
[ERROR] Action ActionType.PICK failed for object /column0
[LOG] Transition logged to MongoDB: de766073-ebc9-47b6-83b5-832841f8993b - Episode 0
Selected action: Action(ActionType.PICK, obj=/column1, slot=None,grasp=GraspType.FRONT_270) with motion param: right_0
here
[EXEC] Picking /column1 with right_0

[INFO] Found 2688 potential configurations.
[INFO] Motion completed successfully with result: success,in execution time: 1.76 seconds
[INFO] Found a reachable configuration for pick action after 1 attempts.
Tip distance after pick: 0.01833651105331611
[INFO] Pick action completed successfully.in execution time: 1.76 seconds
[EXEC] Action ActionType.PICK executed in 11.76 seconds
[SUCCESS] Action ActionType.PICK succeeded for object /column1
[LOG] Transition logged to MongoDB: de766073-ebc9-47b6-83b5-832841f8993b - Episode 0
Selected action: Action(ActionType.PLACE, obj=/column1, slot=/goal_2,grasp=GraspType.TOP_0) with motion param: front_270
here
[EXEC] Placing at [-0.6000000000000001, 0.8250000000000003, 0.5] with grasp front_270

[INFO] Found 5312 potential configurations.
[WARN] No valid configuration found (all tested configs invalid).
[EXEC] Action ActionType.PLACE executed in 3.00 seconds
[ERROR] Action ActionType.PLACE failed for object /column1
[LOG] Transition logged to MongoDB: de766073-ebc9-47b6-83b5-832841f8993b - Episode 0
Selected action: Action(ActionType.PLACE, obj=/column1, slot=/region_2,grasp=GraspType.LEFT_0) with motion param: right_0
here
[EXEC] Placing at [0.6, 0.80001, 0.5] with grasp right_0
[ERROR] No IK configurations found for desired place pose.
[EXEC] Action ActionType.PLACE executed in 1.02 seconds
[ERROR] Action ActionType.PLACE failed for object /column1
[LOG] Transition logged to MongoDB: de766073-ebc9-47b6-83b5-832841f8993b - Episode 0
Selected action: Action(ActionType.PLACE, obj=/column1, slot=/goal_2,grasp=GraspType.FRONT_270) with motion param: front_270
here
[EXEC] Placing at [-0.6000000000000001, 0.8250000000000003, 0.5] with grasp front_270

[INFO] Found 5120 potential configurations.
[WARN] No valid configuration found (all tested configs invalid).
[EXEC] Action ActionType.PLACE executed in 3.05 seconds
[ERROR] Action ActionType.PLACE failed for object /column1
[LOG] Transition logged to MongoDB: de766073-ebc9-47b6-83b5-832841f8993b - Episode 0
Selected action: Action(ActionType.PLACE, obj=/column1, slot=/region_2,grasp=GraspType.RIGHT_0) with motion param: left_0
here
[EXEC] Placing at [0.6, 0.80001, 0.5] with grasp left_0

[INFO] Found 3456 potential configurations.
[INFO] Motion completed successfully with result: success,in execution time: 12.48 seconds
[INFO] Found a reachable configuration for place action after 1 attempts.
[INFO] Place action completed successfully.
realigning placed object /column1 to target position
[EXEC] Action ActionType.PLACE executed in 26.39 seconds
[SUCCESS] Action ActionType.PLACE succeeded for object /column1
[LOG] Transition logged to MongoDB: de766073-ebc9-47b6-83b5-832841f8993b - Episode 0
Selected action: Action(ActionType.PICK, obj=/column2, slot=None,grasp=GraspType.RIGHT_0) with motion param: front_270
here
[EXEC] Picking /column2 with front_270

[INFO] Found 6528 potential configurations.
[INFO] Motion completed successfully with result: success,in execution time: 5.28 seconds
[INFO] Found a reachable configuration for pick action after 1 attempts.
Tip distance after pick: 0.020836593552584624
[INFO] Pick action completed successfully.in execution time: 5.28 seconds
[EXEC] Action ActionType.PICK executed in 13.21 seconds
[SUCCESS] Action ActionType.PICK succeeded for object /column2
[LOG] Transition logged to MongoDB: de766073-ebc9-47b6-83b5-832841f8993b - Episode 0
Selected action: Action(ActionType.PLACE, obj=/column2, slot=/goal_1,grasp=None) with motion param: top_0
here
[EXEC] Placing at [-0.2749999999999999, 1.0750000000000006, 0.5] with grasp top_0

[INFO] Found 1728 potential configurations.
[INFO] Motion completed successfully with result: success,in execution time: 7.12 seconds
[INFO] Found a reachable configuration for place action after 1 attempts.
[INFO] Place action completed successfully.
realigning placed object /column2 to target position
[EXEC] Action ActionType.PLACE executed in 19.44 seconds
[SUCCESS] Action ActionType.PLACE succeeded for object /column2
[LOG] Transition logged to MongoDB: de766073-ebc9-47b6-83b5-832841f8993b - Episode 0
Selected action: Action(ActionType.PICK, obj=/column2, slot=None,grasp=GraspType.FRONT_270) with motion param: right_0
here
[EXEC] Picking /column2 with right_0

[INFO] Found 2304 potential configurations.
[WARN] No valid configuration found (all tested configs invalid).
[EXEC] Action ActionType.PICK executed in 1.86 seconds
[ERROR] Action ActionType.PICK failed for object /column2
[LOG] Transition logged to MongoDB: de766073-ebc9-47b6-83b5-832841f8993b - Episode 0
Selected action: Action(ActionType.PICK, obj=/column2, slot=None,grasp=GraspType.RIGHT_0) with motion param: front_270
here
[EXEC] Picking /column2 with front_270

[INFO] Found 4928 potential configurations.
[INFO] Motion completed successfully with result: success,in execution time: 5.92 seconds
[INFO] Found a reachable configuration for pick action after 1 attempts.
Tip distance after pick: 0.020616203085582468
[INFO] Pick action completed successfully.in execution time: 5.92 seconds
[EXEC] Action ActionType.PICK executed in 12.36 seconds
[SUCCESS] Action ActionType.PICK succeeded for object /column2
[LOG] Transition logged to MongoDB: de766073-ebc9-47b6-83b5-832841f8993b - Episode 0
Selected action: Action(ActionType.PLACE, obj=/column2, slot=/region_0,grasp=GraspType.TOP_0) with motion param: left_0
here
[EXEC] Placing at [0.35, 0.8, 0.521] with grasp left_0

[INFO] Found 4096 potential configurations.
[INFO] Motion completed successfully with result: success,in execution time: 11.60 seconds
[INFO] Found a reachable configuration for place action after 1 attempts.
[INFO] Place action completed successfully.
realigning placed object /column2 to target position
[EXEC] Action ActionType.PLACE executed in 23.52 seconds
[SUCCESS] Action ActionType.PLACE succeeded for object /column2
[LOG] Transition logged to MongoDB: de766073-ebc9-47b6-83b5-832841f8993b - Episode 0
Selected action: Action(ActionType.PICK, obj=/column0, slot=None,grasp=GraspType.RIGHT_0) with motion param: right_0
here
[EXEC] Picking /column0 with right_0
[ERROR] No IK configurations found for desired pick pose.
[EXEC] Action ActionType.PICK executed in 1.01 seconds
[ERROR] Action ActionType.PICK failed for object /column0
[LOG] Transition logged to MongoDB: de766073-ebc9-47b6-83b5-832841f8993b - Episode 0
Selected action: Action(ActionType.PICK, obj=/column2, slot=None,grasp=GraspType.FRONT_270) with motion param: top_0
here
[EXEC] Picking /column2 with top_0

[INFO] Found 5824 potential configurations.
[INFO] Motion completed successfully with result: success,in execution time: 3.28 seconds
[INFO] Found a reachable configuration for pick action after 1 attempts.
Tip distance after pick: 0.027892263899288467
[INFO] Pick action completed successfully.in execution time: 3.28 seconds
[EXEC] Action ActionType.PICK executed in 14.98 seconds
[SUCCESS] Action ActionType.PICK succeeded for object /column2
[LOG] Transition logged to MongoDB: de766073-ebc9-47b6-83b5-832841f8993b - Episode 0
Selected action: Action(ActionType.PLACE, obj=/column2, slot=/region_0,grasp=GraspType.LEFT_0) with motion param: left_0
here
[EXEC] Placing at [0.35, 0.8, 0.521] with grasp left_0

[INFO] Found 3584 potential configurations.
[INFO] Motion completed successfully with result: success,in execution time: 3.36 seconds
[INFO] Found a reachable configuration for place action after 1 attempts.
[INFO] Place action completed successfully.
realigning placed object /column2 to target position
[EXEC] Action ActionType.PLACE executed in 10.93 seconds
[SUCCESS] Action ActionType.PLACE succeeded for object /column2
[LOG] Transition logged to MongoDB: de766073-ebc9-47b6-83b5-832841f8993b - Episode 0
Selected action: Action(ActionType.PICK, obj=/column2, slot=None,grasp=GraspType.TOP_0) with motion param: left_0
here
[EXEC] Picking /column2 with left_0

[INFO] Found 2880 potential configurations.
[INFO] Motion completed successfully with result: success,in execution time: 1.84 seconds
[INFO] Found a reachable configuration for pick action after 1 attempts.
Tip distance after pick: 0.0215019372257558
[INFO] Pick action completed successfully.in execution time: 1.84 seconds
[EXEC] Action ActionType.PICK executed in 12.77 seconds
[SUCCESS] Action ActionType.PICK succeeded for object /column2
[LOG] Transition logged to MongoDB: de766073-ebc9-47b6-83b5-832841f8993b - Episode 0
Selected action: Action(ActionType.PLACE, obj=/column2, slot=/region_0,grasp=GraspType.LEFT_0) with motion param: right_0
here
[EXEC] Placing at [0.35, 0.8, 0.521] with grasp right_0

[INFO] Found 5440 potential configurations.
[INFO] Motion completed successfully with result: success,in execution time: 5.20 seconds
[INFO] Found a reachable configuration for place action after 1 attempts.
[INFO] Place action completed successfully.
realigning placed object /column2 to target position
[EXEC] Action ActionType.PLACE executed in 12.51 seconds
[SUCCESS] Action ActionType.PLACE succeeded for object /column2
[LOG] Transition logged to MongoDB: de766073-ebc9-47b6-83b5-832841f8993b - Episode 0
Selected action: Action(ActionType.PICK, obj=/column1, slot=None,grasp=GraspType.RIGHT_0) with motion param: left_0
here
[EXEC] Picking /column1 with left_0

[INFO] Found 4544 potential configurations.
[WARN] No valid configuration found (all tested configs invalid).
[EXEC] Action ActionType.PICK executed in 2.85 seconds
[ERROR] Action ActionType.PICK failed for object /column1
[LOG] Transition logged to MongoDB: de766073-ebc9-47b6-83b5-832841f8993b - Episode 0
Selected action: Action(ActionType.PICK, obj=/column1, slot=None,grasp=GraspType.LEFT_0) with motion param: top_0
here
[EXEC] Picking /column1 with top_0

[INFO] Found 2432 potential configurations.
[INFO] Motion completed successfully with result: success,in execution time: 3.76 seconds
[INFO] Found a reachable configuration for pick action after 1 attempts.
Tip distance after pick: 0.026285967681015435
[INFO] Pick action completed successfully.in execution time: 3.76 seconds
[EXEC] Action ActionType.PICK executed in 17.81 seconds
[SUCCESS] Action ActionType.PICK succeeded for object /column1
[LOG] Transition logged to MongoDB: de766073-ebc9-47b6-83b5-832841f8993b - Episode 0
Selected action: Action(ActionType.PLACE, obj=/column1, slot=/goal_2,grasp=GraspType.FRONT_270) with motion param: front_270
here
[EXEC] Placing at [-0.6000000000000001, 0.8250000000000003, 0.5] with grasp front_270

[INFO] Found 4992 potential configurations.
[WARN] No valid configuration found (all tested configs invalid).
[EXEC] Action ActionType.PLACE executed in 2.93 seconds
[ERROR] Action ActionType.PLACE failed for object /column1
[LOG] Transition logged to MongoDB: de766073-ebc9-47b6-83b5-832841f8993b - Episode 0
Selected action: Action(ActionType.PLACE, obj=/column1, slot=/goal_2,grasp=GraspType.FRONT_270) with motion param: right_0
here
[EXEC] Placing at [-0.6000000000000001, 0.8250000000000003, 0.5] with grasp right_0

[INFO] Found 3712 potential configurations.
[INFO] Motion completed successfully with result: success,in execution time: 15.32 seconds
[INFO] Found a reachable configuration for place action after 1 attempts.
[INFO] Place action completed successfully.
realigning placed object /column1 to target position
[EXEC] Action ActionType.PLACE executed in 34.44 seconds
[SUCCESS] Action ActionType.PLACE succeeded for object /column1
[LOG] Transition logged to MongoDB: de766073-ebc9-47b6-83b5-832841f8993b - Episode 0
Selected action: Action(ActionType.PICK, obj=/column2, slot=None,grasp=GraspType.LEFT_0) with motion param: front_270
here
[EXEC] Picking /column2 with front_270

[INFO] Found 6016 potential configurations.
[ERROR] Motion failed (collision or invalid path)
[ERROR] Motion result: no_path
[WARN] Failed to find a path to the selected pick config on attempt 1.
[WARN] No path found to picked config, discarding and trying next valid config...
[INFO] Motion completed successfully with result: success,in execution time: 2.36 seconds
[INFO] Found a reachable configuration for pick action after 2 attempts.
Tip distance after pick: 0.02573338329297417
[INFO] Pick action completed successfully.in execution time: 2.36 seconds
[EXEC] Action ActionType.PICK executed in 20.85 seconds
[SUCCESS] Action ActionType.PICK succeeded for object /column2
[LOG] Transition logged to MongoDB: de766073-ebc9-47b6-83b5-832841f8993b - Episode 0
Selected action: Action(ActionType.PLACE, obj=/column2, slot=/region_2,grasp=GraspType.FRONT_270) with motion param: left_0
here
[EXEC] Placing at [0.6, 0.80001, 0.5] with grasp left_0

[INFO] Found 3712 potential configurations.
[INFO] Motion completed successfully with result: success,in execution time: 5.24 seconds
[INFO] Found a reachable configuration for place action after 1 attempts.
[INFO] Place action completed successfully.
realigning placed object /column2 to target position
[EXEC] Action ActionType.PLACE executed in 19.25 seconds
[SUCCESS] Action ActionType.PLACE succeeded for object /column2
[LOG] Transition logged to MongoDB: de766073-ebc9-47b6-83b5-832841f8993b - Episode 0
Selected action: Action(ActionType.PICK, obj=/column0, slot=None,grasp=GraspType.RIGHT_0) with motion param: left_0
here
[EXEC] Picking /column0 with left_0

[INFO] Found 1408 potential configurations.
[WARN] No valid configuration found (all tested configs invalid).
[EXEC] Action ActionType.PICK executed in 1.56 seconds
[ERROR] Action ActionType.PICK failed for object /column0
[LOG] Transition logged to MongoDB: de766073-ebc9-47b6-83b5-832841f8993b - Episode 0
Selected action: Action(ActionType.PICK, obj=/column2, slot=None,grasp=GraspType.FRONT_270) with motion param: top_0
here
[EXEC] Picking /column2 with top_0

[INFO] Found 2624 potential configurations.
[INFO] Motion completed successfully with result: success,in execution time: 8.48 seconds
[INFO] Found a reachable configuration for pick action after 1 attempts.
Tip distance after pick: 0.02707730609417252
[INFO] Pick action completed successfully.in execution time: 8.48 seconds
[EXEC] Action ActionType.PICK executed in 15.55 seconds
[SUCCESS] Action ActionType.PICK succeeded for object /column2
[LOG] Transition logged to MongoDB: de766073-ebc9-47b6-83b5-832841f8993b - Episode 0
Selected action: Action(ActionType.PLACE, obj=/column2, slot=/goal_1,grasp=GraspType.TOP_0) with motion param: top_0
here
[EXEC] Placing at [-0.2749999999999999, 1.0750000000000006, 0.5] with grasp top_0

[INFO] Found 3008 potential configurations.
[INFO] Motion completed successfully with result: success,in execution time: 13.68 seconds
[INFO] Found a reachable configuration for place action after 1 attempts.
[INFO] Place action completed successfully.
realigning placed object /column2 to target position
[EXEC] Action ActionType.PLACE executed in 24.00 seconds
[SUCCESS] Action ActionType.PLACE succeeded for object /column2
[LOG] Transition logged to MongoDB: de766073-ebc9-47b6-83b5-832841f8993b - Episode 0
Selected action: Action(ActionType.PICK, obj=/column1, slot=None,grasp=GraspType.TOP_0) with motion param: right_0
here
[EXEC] Picking /column1 with right_0

[INFO] Found 3008 potential configurations.
[INFO] Motion completed successfully with result: success,in execution time: 3.64 seconds
[INFO] Found a reachable configuration for pick action after 1 attempts.
Tip distance after pick: 0.020425300613866302
[INFO] Pick action completed successfully.in execution time: 3.64 seconds
[EXEC] Action ActionType.PICK executed in 11.93 seconds
[SUCCESS] Action ActionType.PICK succeeded for object /column1
[LOG] Transition logged to MongoDB: de766073-ebc9-47b6-83b5-832841f8993b - Episode 0
Selected action: Action(ActionType.PLACE, obj=/column1, slot=/goal_0,grasp=None) with motion param: front_270
here
[EXEC] Placing at [-0.27499999999999986, 0.8250000000000005, 0.5] with grasp front_270

[INFO] Found 5952 potential configurations.
[INFO] Motion completed successfully with result: success,in execution time: 3.20 seconds
[INFO] Found a reachable configuration for place action after 1 attempts.
[INFO] Place action completed successfully.
realigning placed object /column1 to target position
[EXEC] Action ActionType.PLACE executed in 13.73 seconds
[SUCCESS] Action ActionType.PLACE succeeded for object /column1
[LOG] Transition logged to MongoDB: de766073-ebc9-47b6-83b5-832841f8993b - Episode 0
Selected action: Action(ActionType.PICK, obj=/column1, slot=None,grasp=GraspType.RIGHT_0) with motion param: left_0
here
[EXEC] Picking /column1 with left_0

[INFO] Found 6592 potential configurations.
[INFO] Motion completed successfully with result: success,in execution time: 10.36 seconds
[INFO] Found a reachable configuration for pick action after 1 attempts.
Tip distance after pick: 0.019792053837850477
[INFO] Pick action completed successfully.in execution time: 10.36 seconds
[EXEC] Action ActionType.PICK executed in 25.74 seconds
[SUCCESS] Action ActionType.PICK succeeded for object /column1
[LOG] Transition logged to MongoDB: de766073-ebc9-47b6-83b5-832841f8993b - Episode 0
Selected action: Action(ActionType.PLACE, obj=/column1, slot=/goal_2,grasp=GraspType.RIGHT_0) with motion param: right_0
here
[EXEC] Placing at [-0.6000000000000001, 0.8250000000000003, 0.5] with grasp right_0

[INFO] Found 4224 potential configurations.
[INFO] Motion completed successfully with result: success,in execution time: 5.64 seconds
[INFO] Found a reachable configuration for place action after 1 attempts.
[INFO] Place action completed successfully.
realigning placed object /column1 to target position
[EXEC] Action ActionType.PLACE executed in 24.15 seconds
[SUCCESS] Action ActionType.PLACE succeeded for object /column1
[LOG] Transition logged to MongoDB: de766073-ebc9-47b6-83b5-832841f8993b - Episode 0
Selected action: Action(ActionType.PICK, obj=/column1, slot=None,grasp=GraspType.LEFT_0) with motion param: top_0
here
[EXEC] Picking /column1 with top_0

[INFO] Found 4800 potential configurations.
[WARN] No valid configuration found (all tested configs invalid).
[EXEC] Action ActionType.PICK executed in 24.11 seconds
[ERROR] Action ActionType.PICK failed for object /column1
[LOG] Transition logged to MongoDB: de766073-ebc9-47b6-83b5-832841f8993b - Episode 0
Selected action: Action(ActionType.PICK, obj=/column0, slot=None,grasp=GraspType.LEFT_0) with motion param: front_270
here
[EXEC] Picking /column0 with front_270

[INFO] Found 2944 potential configurations.
[INFO] Motion completed successfully with result: success,in execution time: 4.84 seconds
[INFO] Found a reachable configuration for pick action after 1 attempts.
Tip distance after pick: 0.01975237253064988
[INFO] Pick action completed successfully.in execution time: 4.84 seconds
[EXEC] Action ActionType.PICK executed in 22.98 seconds
[SUCCESS] Action ActionType.PICK succeeded for object /column0
[LOG] Transition logged to MongoDB: de766073-ebc9-47b6-83b5-832841f8993b - Episode 0
Selected action: Action(ActionType.PLACE, obj=/column0, slot=/goal_0,grasp=None) with motion param: right_0
here
[EXEC] Placing at [-0.27499999999999986, 0.8250000000000005, 0.5] with grasp right_0

[INFO] Found 3584 potential configurations.
[INFO] Motion completed successfully with result: success,in execution time: 4.36 seconds
[INFO] Found a reachable configuration for place action after 1 attempts.
[INFO] Place action completed successfully.
realigning placed object /column0 to target position
[EXEC] Action ActionType.PLACE executed in 14.83 seconds
[SUCCESS] Action ActionType.PLACE succeeded for object /column0
[LOG] Transition logged to MongoDB: de766073-ebc9-47b6-83b5-832841f8993b - Episode 0
[LOG] Saving episode 0 to episode_00000_de766073-ebc9-47b6-83b5-832841f8993b.yaml
[LOG] Episode saved: rl/dataset/episode_00000_de766073-ebc9-47b6-83b5-832841f8993b.yaml
[LOG] Episode reset
Selected action: Action(ActionType.PICK, obj=/column2, slot=None,grasp=GraspType.TOP_0) with motion param: left_0
here
[EXEC] Picking /column2 with left_0
[ERROR] No IK configurations found for desired pick pose.
[EXEC] Action ActionType.PICK executed in 1.02 seconds
[ERROR] Action ActionType.PICK failed for object /column2
[LOG] Transition logged to MongoDB: de766073-ebc9-47b6-83b5-832841f8993b - Episode 1
[LOG] Saving episode 1 to episode_00001_de766073-ebc9-47b6-83b5-832841f8993b.yaml
[LOG] Episode saved: rl/dataset/episode_00001_de766073-ebc9-47b6-83b5-832841f8993b.yaml
[LOG] Episode reset
Selected action: Action(ActionType.PICK, obj=/column0, slot=None,grasp=GraspType.FRONT_270) with motion param: top_0
here
[EXEC] Picking /column0 with top_0

[INFO] Found 7808 potential configurations.
[INFO] Motion completed successfully with result: success,in execution time: 3.28 seconds
[INFO] Found a reachable configuration for pick action after 1 attempts.
Tip distance after pick: 0.02839204217103813
[INFO] Pick action completed successfully.in execution time: 3.28 seconds
[EXEC] Action ActionType.PICK executed in 11.88 seconds
[SUCCESS] Action ActionType.PICK succeeded for object /column0
[LOG] Transition logged to MongoDB: de766073-ebc9-47b6-83b5-832841f8993b - Episode 2
[LOG] Saving episode 2 to episode_00002_de766073-ebc9-47b6-83b5-832841f8993b.yaml
[LOG] Episode saved: rl/dataset/episode_00002_de766073-ebc9-47b6-83b5-832841f8993b.yaml
[LOG] Episode reset
Selected action: Action(ActionType.PLACE, obj=/column0, slot=/region_2,grasp=None) with motion param: right_0
here
[EXEC] Placing at [0.6, 0.80001, 0.5] with grasp right_0
[ERROR] No IK configurations found for desired place pose.
[EXEC] Action ActionType.PLACE executed in 1.01 seconds
[ERROR] Action ActionType.PLACE failed for object /column0
[LOG] Transition logged to MongoDB: de766073-ebc9-47b6-83b5-832841f8993b - Episode 3
[LOG] Saving episode 3 to episode_00003_de766073-ebc9-47b6-83b5-832841f8993b.yaml
[LOG] Episode saved: rl/dataset/episode_00003_de766073-ebc9-47b6-83b5-832841f8993b.yaml
[LOG] Episode reset
Selected action: Action(ActionType.PLACE, obj=/column0, slot=/region_1,grasp=None) with motion param: left_0
here
[EXEC] Placing at [0.6, 1.075, 0.5] with grasp left_0

[INFO] Found 2496 potential configurations.
[WARN] No valid configuration found (all tested configs invalid).
[EXEC] Action ActionType.PLACE executed in 2.03 seconds
[ERROR] Action ActionType.PLACE failed for object /column0
[LOG] Transition logged to MongoDB: de766073-ebc9-47b6-83b5-832841f8993b - Episode 4
[LOG] Saving episode 4 to episode_00004_de766073-ebc9-47b6-83b5-832841f8993b.yaml
[LOG] Episode saved: rl/dataset/episode_00004_de766073-ebc9-47b6-83b5-832841f8993b.yaml
[LOG] Episode reset
Selected action: Action(ActionType.PLACE, obj=/column0, slot=/goal_0,grasp=GraspType.RIGHT_0) with motion param: left_0
here
[EXEC] Placing at [-0.27499999999999986, 0.8250000000000005, 0.5] with grasp left_0

[INFO] Found 6720 potential configurations.
[WARN] No valid configuration found (all tested configs invalid).
[EXEC] Action ActionType.PLACE executed in 31.89 seconds
[ERROR] Action ActionType.PLACE failed for object /column0
[LOG] Transition logged to MongoDB: de766073-ebc9-47b6-83b5-832841f8993b - Episode 5
[LOG] Saving episode 5 to episode_00005_de766073-ebc9-47b6-83b5-832841f8993b.yaml
[LOG] Episode saved: rl/dataset/episode_00005_de766073-ebc9-47b6-83b5-832841f8993b.yaml
[LOG] Episode reset
Selected action: Action(ActionType.PLACE, obj=/column0, slot=/goal_0,grasp=GraspType.LEFT_0) with motion param: left_0
here
[EXEC] Placing at [-0.27499999999999986, 0.8250000000000005, 0.5] with grasp left_0

[INFO] Found 6272 potential configurations.
[WARN] No valid configuration found (all tested configs invalid).
[EXEC] Action ActionType.PLACE executed in 41.32 seconds
[ERROR] Action ActionType.PLACE failed for object /column0
[LOG] Transition logged to MongoDB: de766073-ebc9-47b6-83b5-832841f8993b - Episode 6
[LOG] Saving episode 6 to episode_00006_de766073-ebc9-47b6-83b5-832841f8993b.yaml
[LOG] Episode saved: rl/dataset/episode_00006_de766073-ebc9-47b6-83b5-832841f8993b.yaml
[LOG] Episode reset
Selected action: Action(ActionType.PLACE, obj=/column0, slot=/goal_0,grasp=GraspType.LEFT_0) with motion param: right_0
here
[EXEC] Placing at [-0.27499999999999986, 0.8250000000000005, 0.5] with grasp right_0

[INFO] Found 3392 potential configurations.
[INFO] Motion completed successfully with result: success,in execution time: 3.08 seconds
[INFO] Found a reachable configuration for place action after 1 attempts.
[INFO] Place action completed successfully.
realigning placed object /column0 to target position
[EXEC] Action ActionType.PLACE executed in 12.53 seconds
[SUCCESS] Action ActionType.PLACE succeeded for object /column0
[LOG] Transition logged to MongoDB: de766073-ebc9-47b6-83b5-832841f8993b - Episode 7
[LOG] Saving episode 7 to episode_00007_de766073-ebc9-47b6-83b5-832841f8993b.yaml
[LOG] Episode saved: rl/dataset/episode_00007_de766073-ebc9-47b6-83b5-832841f8993b.yaml
[LOG] Episode reset
Selected action: Action(ActionType.PICK, obj=/column0, slot=None,grasp=GraspType.TOP_0) with motion param: left_0
here
[EXEC] Picking /column0 with left_0

[INFO] Found 6784 potential configurations.
[WARN] No valid configuration found (all tested configs invalid).
[EXEC] Action ActionType.PICK executed in 4.55 seconds
[ERROR] Action ActionType.PICK failed for object /column0
[LOG] Transition logged to MongoDB: de766073-ebc9-47b6-83b5-832841f8993b - Episode 8
[LOG] Saving episode 8 to episode_00008_de766073-ebc9-47b6-83b5-832841f8993b.yaml
[LOG] Episode saved: rl/dataset/episode_00008_de766073-ebc9-47b6-83b5-832841f8993b.yaml
[LOG] Episode reset
Selected action: Action(ActionType.PICK, obj=/column1, slot=None,grasp=GraspType.TOP_0) with motion param: right_0
here
[EXEC] Picking /column1 with right_0

[INFO] Found 2560 potential configurations.
[WARN] No valid configuration found (all tested configs invalid).
[EXEC] Action ActionType.PICK executed in 2.24 seconds
[ERROR] Action ActionType.PICK failed for object /column1
[LOG] Transition logged to MongoDB: de766073-ebc9-47b6-83b5-832841f8993b - Episode 9
[LOG] Saving episode 9 to episode_00009_de766073-ebc9-47b6-83b5-832841f8993b.yaml
[LOG] Episode saved: rl/dataset/episode_00009_de766073-ebc9-47b6-83b5-832841f8993b.yaml
[LOG] Episode reset
Selected action: Action(ActionType.PICK, obj=/column1, slot=None,grasp=GraspType.RIGHT_0) with motion param: left_0
here
[EXEC] Picking /column1 with left_0
[ERROR] No IK configurations found for desired pick pose.
[EXEC] Action ActionType.PICK executed in 1.02 seconds
[ERROR] Action ActionType.PICK failed for object /column1
[LOG] Transition logged to MongoDB: de766073-ebc9-47b6-83b5-832841f8993b - Episode 10
[LOG] Saving episode 10 to episode_00010_de766073-ebc9-47b6-83b5-832841f8993b.yaml
[LOG] Episode saved: rl/dataset/episode_00010_de766073-ebc9-47b6-83b5-832841f8993b.yaml
[LOG] Episode reset
Selected action: Action(ActionType.PICK, obj=/column0, slot=None,grasp=GraspType.LEFT_0) with motion param: top_0
here
[EXEC] Picking /column0 with top_0

[INFO] Found 7744 potential configurations.
[INFO] Motion completed successfully with result: success,in execution time: 3.28 seconds
[INFO] Found a reachable configuration for pick action after 1 attempts.
Tip distance after pick: 0.028012625871647184
[INFO] Pick action completed successfully.in execution time: 3.28 seconds
[EXEC] Action ActionType.PICK executed in 15.38 seconds
[SUCCESS] Action ActionType.PICK succeeded for object /column0
[LOG] Transition logged to MongoDB: de766073-ebc9-47b6-83b5-832841f8993b - Episode 11
[LOG] Saving episode 11 to episode_00011_de766073-ebc9-47b6-83b5-832841f8993b.yaml
[LOG] Episode saved: rl/dataset/episode_00011_de766073-ebc9-47b6-83b5-832841f8993b.yaml
[LOG] Episode reset
Selected action: Action(ActionType.PLACE, obj=/column0, slot=/region_0,grasp=None) with motion param: right_0
here
[EXEC] Placing at [0.35, 0.8, 0.521] with grasp right_0

[INFO] Found 4864 potential configurations.
[INFO] Motion completed successfully with result: success,in execution time: 6.44 seconds
[INFO] Found a reachable configuration for place action after 1 attempts.
[INFO] Place action completed successfully.
realigning placed object /column0 to target position
[EXEC] Action ActionType.PLACE executed in 18.51 seconds
[SUCCESS] Action ActionType.PLACE succeeded for object /column0
[LOG] Transition logged to MongoDB: de766073-ebc9-47b6-83b5-832841f8993b - Episode 12
Selected action: Action(ActionType.PICK, obj=/column2, slot=None,grasp=GraspType.LEFT_0) with motion param: top_0
here
[EXEC] Picking /column2 with top_0

[INFO] Found 2048 potential configurations.
[INFO] Motion completed successfully with result: success,in execution time: 6.68 seconds
[INFO] Found a reachable configuration for pick action after 1 attempts.
Tip distance after pick: 0.026142557206161633
[INFO] Pick action completed successfully.in execution time: 6.68 seconds
[EXEC] Action ActionType.PICK executed in 18.46 seconds
[SUCCESS] Action ActionType.PICK succeeded for object /column2
[LOG] Transition logged to MongoDB: de766073-ebc9-47b6-83b5-832841f8993b - Episode 12
Selected action: Action(ActionType.PLACE, obj=/column2, slot=/region_2,grasp=GraspType.LEFT_0) with motion param: right_0
here
[EXEC] Placing at [0.6, 0.80001, 0.5] with grasp right_0
[ERROR] No IK configurations found for desired place pose.
[EXEC] Action ActionType.PLACE executed in 1.01 seconds
[ERROR] Action ActionType.PLACE failed for object /column2
[LOG] Transition logged to MongoDB: de766073-ebc9-47b6-83b5-832841f8993b - Episode 12
Selected action: Action(ActionType.PLACE, obj=/column2, slot=/goal_0,grasp=GraspType.LEFT_0) with motion param: front_270
here
[EXEC] Placing at [-0.27499999999999986, 0.8250000000000005, 0.5] with grasp front_270

[INFO] Found 5440 potential configurations.
[INFO] Motion completed successfully with result: success,in execution time: 5.16 seconds
[INFO] Found a reachable configuration for place action after 1 attempts.
[INFO] Place action completed successfully.
realigning placed object /column2 to target position
[EXEC] Action ActionType.PLACE executed in 19.51 seconds
[SUCCESS] Action ActionType.PLACE succeeded for object /column2
[LOG] Transition logged to MongoDB: de766073-ebc9-47b6-83b5-832841f8993b - Episode 12
Selected action: Action(ActionType.PICK, obj=/column2, slot=None,grasp=GraspType.TOP_0) with motion param: top_0
here
[EXEC] Picking /column2 with top_0

[INFO] Found 6208 potential configurations.
[INFO] Motion completed successfully with result: success,in execution time: 5.08 seconds
[INFO] Found a reachable configuration for pick action after 1 attempts.
Tip distance after pick: 0.027521082712698184
[INFO] Pick action completed successfully.in execution time: 5.08 seconds
[EXEC] Action ActionType.PICK executed in 13.45 seconds
[SUCCESS] Action ActionType.PICK succeeded for object /column2
[LOG] Transition logged to MongoDB: de766073-ebc9-47b6-83b5-832841f8993b - Episode 12
Selected action: Action(ActionType.PLACE, obj=/column2, slot=/region_2,grasp=GraspType.RIGHT_0) with motion param: right_0
here
[EXEC] Placing at [0.6, 0.80001, 0.5] with grasp right_0
[ERROR] No IK configurations found for desired place pose.
[EXEC] Action ActionType.PLACE executed in 1.02 seconds
[ERROR] Action ActionType.PLACE failed for object /column2
[LOG] Transition logged to MongoDB: de766073-ebc9-47b6-83b5-832841f8993b - Episode 12
Selected action: Action(ActionType.PLACE, obj=/column2, slot=/goal_0,grasp=GraspType.FRONT_270) with motion param: right_0
here
[EXEC] Placing at [-0.27499999999999986, 0.8250000000000005, 0.5] with grasp right_0

[INFO] Found 4288 potential configurations.
[INFO] Motion completed successfully with result: success,in execution time: 3.12 seconds
[INFO] Found a reachable configuration for place action after 1 attempts.
[INFO] Place action completed successfully.
realigning placed object /column2 to target position
[EXEC] Action ActionType.PLACE executed in 15.40 seconds
[SUCCESS] Action ActionType.PLACE succeeded for object /column2
[LOG] Transition logged to MongoDB: de766073-ebc9-47b6-83b5-832841f8993b - Episode 12
Selected action: Action(ActionType.PICK, obj=/column1, slot=None,grasp=GraspType.LEFT_0) with motion param: front_270
here
[EXEC] Picking /column1 with front_270

[INFO] Found 4928 potential configurations.
[WARN] No valid configuration found (all tested configs invalid).
[EXEC] Action ActionType.PICK executed in 2.75 seconds
[ERROR] Action ActionType.PICK failed for object /column1
[LOG] Transition logged to MongoDB: de766073-ebc9-47b6-83b5-832841f8993b - Episode 12
Selected action: Action(ActionType.PICK, obj=/column0, slot=None,grasp=GraspType.TOP_0) with motion param: top_0
here
[EXEC] Picking /column0 with top_0

[INFO] Found 4992 potential configurations.
[INFO] Motion completed successfully with result: success,in execution time: 3.28 seconds
[INFO] Found a reachable configuration for pick action after 1 attempts.
Tip distance after pick: 0.028126969868516254
[INFO] Pick action completed successfully.in execution time: 3.28 seconds
[EXEC] Action ActionType.PICK executed in 10.98 seconds
[SUCCESS] Action ActionType.PICK succeeded for object /column0
[LOG] Transition logged to MongoDB: de766073-ebc9-47b6-83b5-832841f8993b - Episode 12
Selected action: Action(ActionType.PLACE, obj=/column0, slot=/region_0,grasp=GraspType.RIGHT_0) with motion param: left_0
here
[EXEC] Placing at [0.35, 0.8, 0.521] with grasp left_0

[INFO] Found 3776 potential configurations.
[INFO] Motion completed successfully with result: success,in execution time: 3.96 seconds
[INFO] Found a reachable configuration for place action after 1 attempts.
[INFO] Place action completed successfully.
realigning placed object /column0 to target position
[EXEC] Action ActionType.PLACE executed in 11.94 seconds
[SUCCESS] Action ActionType.PLACE succeeded for object /column0
[LOG] Transition logged to MongoDB: de766073-ebc9-47b6-83b5-832841f8993b - Episode 12
Selected action: Action(ActionType.PICK, obj=/column1, slot=None,grasp=GraspType.FRONT_270) with motion param: right_0
here
[EXEC] Picking /column1 with right_0

[INFO] Found 3008 potential configurations.
[WARN] No valid configuration found (all tested configs invalid).
[EXEC] Action ActionType.PICK executed in 2.13 seconds
[ERROR] Action ActionType.PICK failed for object /column1
[LOG] Transition logged to MongoDB: de766073-ebc9-47b6-83b5-832841f8993b - Episode 12
Selected action: Action(ActionType.PICK, obj=/column2, slot=None,grasp=GraspType.TOP_0) with motion param: front_270
here
[EXEC] Picking /column2 with front_270

[INFO] Found 4992 potential configurations.
[INFO] Motion completed successfully with result: success,in execution time: 5.68 seconds
[INFO] Found a reachable configuration for pick action after 1 attempts.
Tip distance after pick: 0.02165218158588401
[INFO] Pick action completed successfully.in execution time: 5.68 seconds
[EXEC] Action ActionType.PICK executed in 19.58 seconds
[SUCCESS] Action ActionType.PICK succeeded for object /column2
[LOG] Transition logged to MongoDB: de766073-ebc9-47b6-83b5-832841f8993b - Episode 12
Selected action: Action(ActionType.PLACE, obj=/column2, slot=/goal_1,grasp=GraspType.TOP_0) with motion param: top_0
here
[EXEC] Placing at [-0.2749999999999999, 1.0750000000000006, 0.5] with grasp top_0

[INFO] Found 1792 potential configurations.
[INFO] Motion completed successfully with result: success,in execution time: 7.44 seconds
[INFO] Found a reachable configuration for place action after 1 attempts.
[INFO] Place action completed successfully.
realigning placed object /column2 to target position
[EXEC] Action ActionType.PLACE executed in 25.99 seconds
[SUCCESS] Action ActionType.PLACE succeeded for object /column2
[LOG] Transition logged to MongoDB: de766073-ebc9-47b6-83b5-832841f8993b - Episode 12
Selected action: Action(ActionType.PICK, obj=/column2, slot=None,grasp=GraspType.FRONT_270) with motion param: right_0
here
[EXEC] Picking /column2 with right_0

[INFO] Found 2432 potential configurations.
[WARN] No valid configuration found (all tested configs invalid).
[EXEC] Action ActionType.PICK executed in 1.85 seconds
[ERROR] Action ActionType.PICK failed for object /column2
[LOG] Transition logged to MongoDB: de766073-ebc9-47b6-83b5-832841f8993b - Episode 12
Selected action: Action(ActionType.PICK, obj=/column0, slot=None,grasp=GraspType.TOP_0) with motion param: right_0
here
[EXEC] Picking /column0 with right_0

[INFO] Found 4672 potential configurations.
[INFO] Motion completed successfully with result: success,in execution time: 9.32 seconds
[INFO] Found a reachable configuration for pick action after 1 attempts.
Tip distance after pick: 0.019916507819796474
[INFO] Pick action completed successfully.in execution time: 9.32 seconds
[EXEC] Action ActionType.PICK executed in 16.77 seconds
[SUCCESS] Action ActionType.PICK succeeded for object /column0
[LOG] Transition logged to MongoDB: de766073-ebc9-47b6-83b5-832841f8993b - Episode 12
Selected action: Action(ActionType.PLACE, obj=/column0, slot=/region_1,grasp=GraspType.LEFT_0) with motion param: top_0
here
[EXEC] Placing at [0.6, 1.075, 0.5] with grasp top_0

[INFO] Found 192 potential configurations.
[WARN] No valid configuration found (all tested configs invalid).
[EXEC] Action ActionType.PLACE executed in 1.13 seconds
[ERROR] Action ActionType.PLACE failed for object /column0
[LOG] Transition logged to MongoDB: de766073-ebc9-47b6-83b5-832841f8993b - Episode 12
Selected action: Action(ActionType.PLACE, obj=/column0, slot=/goal_0,grasp=GraspType.RIGHT_0) with motion param: right_0
here
[EXEC] Placing at [-0.27499999999999986, 0.8250000000000005, 0.5] with grasp right_0

[INFO] Found 3520 potential configurations.
[INFO] Motion completed successfully with result: success,in execution time: 2.16 seconds
[INFO] Found a reachable configuration for place action after 1 attempts.
[INFO] Place action completed successfully.
realigning placed object /column0 to target position
[EXEC] Action ActionType.PLACE executed in 13.01 seconds
[SUCCESS] Action ActionType.PLACE succeeded for object /column0
[LOG] Transition logged to MongoDB: de766073-ebc9-47b6-83b5-832841f8993b - Episode 12
[LOG] Saving episode 12 to episode_00012_de766073-ebc9-47b6-83b5-832841f8993b.yaml
[LOG] Episode saved: rl/dataset/episode_00012_de766073-ebc9-47b6-83b5-832841f8993b.yaml
[LOG] Episode reset
Selected action: Action(ActionType.PICK, obj=/column2, slot=None,grasp=GraspType.RIGHT_0) with motion param: left_0
here
[EXEC] Picking /column2 with left_0
[ERROR] No IK configurations found for desired pick pose.
[EXEC] Action ActionType.PICK executed in 1.02 seconds
[ERROR] Action ActionType.PICK failed for object /column2
[LOG] Transition logged to MongoDB: de766073-ebc9-47b6-83b5-832841f8993b - Episode 13
[LOG] Saving episode 13 to episode_00013_de766073-ebc9-47b6-83b5-832841f8993b.yaml
[LOG] Episode saved: rl/dataset/episode_00013_de766073-ebc9-47b6-83b5-832841f8993b.yaml
[LOG] Episode reset
Selected action: Action(ActionType.PICK, obj=/column0, slot=None,grasp=GraspType.RIGHT_0) with motion param: front_270
here
[EXEC] Picking /column0 with front_270

[INFO] Found 5248 potential configurations.
[INFO] Motion completed successfully with result: success,in execution time: 3.68 seconds
[INFO] Found a reachable configuration for pick action after 1 attempts.
Tip distance after pick: 0.021552437618458865
[INFO] Pick action completed successfully.in execution time: 3.68 seconds
[EXEC] Action ActionType.PICK executed in 12.85 seconds
[SUCCESS] Action ActionType.PICK succeeded for object /column0
[LOG] Transition logged to MongoDB: de766073-ebc9-47b6-83b5-832841f8993b - Episode 14
[LOG] Saving episode 14 to episode_00014_de766073-ebc9-47b6-83b5-832841f8993b.yaml
[LOG] Episode saved: rl/dataset/episode_00014_de766073-ebc9-47b6-83b5-832841f8993b.yaml
[LOG] Episode reset
Selected action: Action(ActionType.PLACE, obj=/column0, slot=/region_2,grasp=GraspType.RIGHT_0) with motion param: right_0
here
[EXEC] Placing at [0.6, 0.80001, 0.5] with grasp right_0
[ERROR] No IK configurations found for desired place pose.
[EXEC] Action ActionType.PLACE executed in 1.02 seconds
[ERROR] Action ActionType.PLACE failed for object /column0
[LOG] Transition logged to MongoDB: de766073-ebc9-47b6-83b5-832841f8993b - Episode 15
[LOG] Saving episode 15 to episode_00015_de766073-ebc9-47b6-83b5-832841f8993b.yaml
[LOG] Episode saved: rl/dataset/episode_00015_de766073-ebc9-47b6-83b5-832841f8993b.yaml
[LOG] Episode reset
Selected action: Action(ActionType.PLACE, obj=/column0, slot=/region_1,grasp=GraspType.TOP_0) with motion param: top_0
here
[EXEC] Placing at [0.6, 1.075, 0.5] with grasp top_0

[INFO] Found 704 potential configurations.
[WARN] No valid configuration found (all tested configs invalid).
[EXEC] Action ActionType.PLACE executed in 1.34 seconds
[ERROR] Action ActionType.PLACE failed for object /column0
[LOG] Transition logged to MongoDB: de766073-ebc9-47b6-83b5-832841f8993b - Episode 16
[LOG] Saving episode 16 to episode_00016_de766073-ebc9-47b6-83b5-832841f8993b.yaml
[LOG] Episode saved: rl/dataset/episode_00016_de766073-ebc9-47b6-83b5-832841f8993b.yaml
[LOG] Episode reset
Selected action: Action(ActionType.PLACE, obj=/column0, slot=/goal_0,grasp=GraspType.RIGHT_0) with motion param: left_0
here
[EXEC] Placing at [-0.27499999999999986, 0.8250000000000005, 0.5] with grasp left_0

[INFO] Found 5376 potential configurations.
[WARN] No valid configuration found (all tested configs invalid).
[EXEC] Action ActionType.PLACE executed in 25.11 seconds
[ERROR] Action ActionType.PLACE failed for object /column0
[LOG] Transition logged to MongoDB: de766073-ebc9-47b6-83b5-832841f8993b - Episode 17
[LOG] Saving episode 17 to episode_00017_de766073-ebc9-47b6-83b5-832841f8993b.yaml
[LOG] Episode saved: rl/dataset/episode_00017_de766073-ebc9-47b6-83b5-832841f8993b.yaml
[LOG] Episode reset
Selected action: Action(ActionType.PLACE, obj=/column0, slot=/goal_0,grasp=GraspType.LEFT_0) with motion param: front_270
here
[EXEC] Placing at [-0.27499999999999986, 0.8250000000000005, 0.5] with grasp front_270

[INFO] Found 5568 potential configurations.
[INFO] Motion completed successfully with result: success,in execution time: 0.56 seconds
[INFO] Found a reachable configuration for place action after 1 attempts.
[INFO] Place action completed successfully.
realigning placed object /column0 to target position
[EXEC] Action ActionType.PLACE executed in 13.61 seconds
[SUCCESS] Action ActionType.PLACE succeeded for object /column0
[LOG] Transition logged to MongoDB: de766073-ebc9-47b6-83b5-832841f8993b - Episode 18
[LOG] Saving episode 18 to episode_00018_de766073-ebc9-47b6-83b5-832841f8993b.yaml
[LOG] Episode saved: rl/dataset/episode_00018_de766073-ebc9-47b6-83b5-832841f8993b.yaml
[LOG] Episode reset
Selected action: Action(ActionType.PICK, obj=/column1, slot=None,grasp=GraspType.RIGHT_0) with motion param: front_270
here
[EXEC] Picking /column1 with front_270

[INFO] Found 5312 potential configurations.
[WARN] No valid configuration found (all tested configs invalid).
[EXEC] Action ActionType.PICK executed in 2.97 seconds
[ERROR] Action ActionType.PICK failed for object /column1
[LOG] Transition logged to MongoDB: de766073-ebc9-47b6-83b5-832841f8993b - Episode 19
[LOG] Saving episode 19 to episode_00019_de766073-ebc9-47b6-83b5-832841f8993b.yaml
[LOG] Episode saved: rl/dataset/episode_00019_de766073-ebc9-47b6-83b5-832841f8993b.yaml
[LOG] Episode reset
Selected action: Action(ActionType.PICK, obj=/column2, slot=None,grasp=GraspType.LEFT_0) with motion param: front_270
here
[EXEC] Picking /column2 with front_270

[INFO] Found 4800 potential configurations.
[WARN] No valid configuration found (all tested configs invalid).
[EXEC] Action ActionType.PICK executed in 4.05 seconds
[ERROR] Action ActionType.PICK failed for object /column2
[LOG] Transition logged to MongoDB: de766073-ebc9-47b6-83b5-832841f8993b - Episode 20
[LOG] Saving episode 20 to episode_00020_de766073-ebc9-47b6-83b5-832841f8993b.yaml
[LOG] Episode saved: rl/dataset/episode_00020_de766073-ebc9-47b6-83b5-832841f8993b.yaml
[LOG] Episode reset
Selected action: Action(ActionType.PICK, obj=/column0, slot=None,grasp=GraspType.FRONT_270) with motion param: front_270
here
[EXEC] Picking /column0 with front_270

[INFO] Found 6144 potential configurations.
[INFO] Motion completed successfully with result: success,in execution time: 2.16 seconds
[INFO] Found a reachable configuration for pick action after 1 attempts.
Tip distance after pick: 0.021824942013763317
[INFO] Pick action completed successfully.in execution time: 2.16 seconds
[EXEC] Action ActionType.PICK executed in 13.26 seconds
[SUCCESS] Action ActionType.PICK succeeded for object /column0
[LOG] Transition logged to MongoDB: de766073-ebc9-47b6-83b5-832841f8993b - Episode 21
[LOG] Saving episode 21 to episode_00021_de766073-ebc9-47b6-83b5-832841f8993b.yaml
[LOG] Episode saved: rl/dataset/episode_00021_de766073-ebc9-47b6-83b5-832841f8993b.yaml
[LOG] Episode reset
Selected action: Action(ActionType.PLACE, obj=/column0, slot=/region_1,grasp=GraspType.TOP_0) with motion param: left_0
here
[EXEC] Placing at [0.6, 1.075, 0.5] with grasp left_0

[INFO] Found 1728 potential configurations.
[WARN] No valid configuration found (all tested configs invalid).
[EXEC] Action ActionType.PLACE executed in 1.81 seconds
[ERROR] Action ActionType.PLACE failed for object /column0
[LOG] Transition logged to MongoDB: de766073-ebc9-47b6-83b5-832841f8993b - Episode 22
[LOG] Saving episode 22 to episode_00022_de766073-ebc9-47b6-83b5-832841f8993b.yaml
[LOG] Episode saved: rl/dataset/episode_00022_de766073-ebc9-47b6-83b5-832841f8993b.yaml
[LOG] Episode reset
Selected action: Action(ActionType.PLACE, obj=/column0, slot=/region_2,grasp=GraspType.RIGHT_0) with motion param: front_270
here
[EXEC] Placing at [0.6, 0.80001, 0.5] with grasp front_270

[INFO] Found 5120 potential configurations.
[INFO] Motion completed successfully with result: success,in execution time: 9.28 seconds
[INFO] Found a reachable configuration for place action after 1 attempts.
[INFO] Place action completed successfully.
realigning placed object /column0 to target position
[EXEC] Action ActionType.PLACE executed in 28.99 seconds
[SUCCESS] Action ActionType.PLACE succeeded for object /column0
[LOG] Transition logged to MongoDB: de766073-ebc9-47b6-83b5-832841f8993b - Episode 23
Selected action: Action(ActionType.PICK, obj=/column2, slot=None,grasp=GraspType.FRONT_270) with motion param: top_0
here
[EXEC] Picking /column2 with top_0

[INFO] Found 2304 potential configurations.
[INFO] Motion completed successfully with result: success,in execution time: 6.48 seconds
[INFO] Found a reachable configuration for pick action after 1 attempts.
Tip distance after pick: 0.028537417524065422
[INFO] Pick action completed successfully.in execution time: 6.48 seconds
[EXEC] Action ActionType.PICK executed in 12.89 seconds
[SUCCESS] Action ActionType.PICK succeeded for object /column2
[LOG] Transition logged to MongoDB: de766073-ebc9-47b6-83b5-832841f8993b - Episode 23
Selected action: Action(ActionType.PLACE, obj=/column2, slot=/region_0,grasp=GraspType.RIGHT_0) with motion param: front_270
here
[EXEC] Placing at [0.35, 0.8, 0.521] with grasp front_270

[INFO] Found 5056 potential configurations.
[ERROR] Motion failed (collision or invalid path)
[ERROR] Motion result: no_path
[WARN] Failed to find a path to the selected place config on attempt 1.
[WARN] No path found to selected place config, discarding and trying next valid config...
[INFO] Motion completed successfully with result: success,in execution time: 11.20 seconds
[INFO] Found a reachable configuration for place action after 2 attempts.
[INFO] Place action completed successfully.
realigning placed object /column2 to target position
[EXEC] Action ActionType.PLACE executed in 24.90 seconds
[SUCCESS] Action ActionType.PLACE succeeded for object /column2
[LOG] Transition logged to MongoDB: de766073-ebc9-47b6-83b5-832841f8993b - Episode 23
Selected action: Action(ActionType.PICK, obj=/column1, slot=None,grasp=GraspType.FRONT_270) with motion param: front_270
here
[EXEC] Picking /column1 with front_270

[INFO] Found 4416 potential configurations.
[WARN] No valid configuration found (all tested configs invalid).
[EXEC] Action ActionType.PICK executed in 2.79 seconds
[ERROR] Action ActionType.PICK failed for object /column1
[LOG] Transition logged to MongoDB: de766073-ebc9-47b6-83b5-832841f8993b - Episode 23
Selected action: Action(ActionType.PICK, obj=/column0, slot=None,grasp=GraspType.FRONT_270) with motion param: top_0
here
[EXEC] Picking /column0 with top_0

[INFO] Found 2944 potential configurations.
[INFO] Motion completed successfully with result: success,in execution time: 3.96 seconds
[INFO] Found a reachable configuration for pick action after 1 attempts.
Tip distance after pick: 0.026727408141629595
[INFO] Pick action completed successfully.in execution time: 3.96 seconds
[EXEC] Action ActionType.PICK executed in 12.90 seconds
[SUCCESS] Action ActionType.PICK succeeded for object /column0
[LOG] Transition logged to MongoDB: de766073-ebc9-47b6-83b5-832841f8993b - Episode 23
Selected action: Action(ActionType.PLACE, obj=/column0, slot=/goal_1,grasp=None) with motion param: left_0
here
[EXEC] Placing at [-0.2749999999999999, 1.0750000000000006, 0.5] with grasp left_0

[INFO] Found 960 potential configurations.
[WARN] No valid configuration found (all tested configs invalid).
[EXEC] Action ActionType.PLACE executed in 8.25 seconds
[ERROR] Action ActionType.PLACE failed for object /column0
[LOG] Transition logged to MongoDB: de766073-ebc9-47b6-83b5-832841f8993b - Episode 23
Selected action: Action(ActionType.PLACE, obj=/column0, slot=/region_1,grasp=GraspType.LEFT_0) with motion param: front_270
here
[EXEC] Placing at [0.6, 1.075, 0.5] with grasp front_270

[INFO] Found 3136 potential configurations.
[INFO] Motion completed successfully with result: success,in execution time: 4.04 seconds
[INFO] Found a reachable configuration for place action after 1 attempts.
[INFO] Place action completed successfully.
realigning placed object /column0 to target position
[EXEC] Action ActionType.PLACE executed in 15.12 seconds
[SUCCESS] Action ActionType.PLACE succeeded for object /column0
[LOG] Transition logged to MongoDB: de766073-ebc9-47b6-83b5-832841f8993b - Episode 23
Selected action: Action(ActionType.PICK, obj=/column2, slot=None,grasp=GraspType.TOP_0) with motion param: top_0
here
[EXEC] Picking /column2 with top_0

[INFO] Found 5312 potential configurations.
[INFO] Motion completed successfully with result: success,in execution time: 3.96 seconds
[INFO] Found a reachable configuration for pick action after 1 attempts.
Tip distance after pick: 0.02798729851197264
[INFO] Pick action completed successfully.in execution time: 3.96 seconds
[EXEC] Action ActionType.PICK executed in 14.09 seconds
[SUCCESS] Action ActionType.PICK succeeded for object /column2
[LOG] Transition logged to MongoDB: de766073-ebc9-47b6-83b5-832841f8993b - Episode 23
Selected action: Action(ActionType.PLACE, obj=/column2, slot=/region_0,grasp=GraspType.FRONT_270) with motion param: front_270
here
[EXEC] Placing at [0.35, 0.8, 0.521] with grasp front_270

[INFO] Found 4992 potential configurations.
[INFO] Motion completed successfully with result: success,in execution time: 3.96 seconds
[INFO] Found a reachable configuration for place action after 1 attempts.
[INFO] Place action completed successfully.
realigning placed object /column2 to target position
[EXEC] Action ActionType.PLACE executed in 12.33 seconds
[SUCCESS] Action ActionType.PLACE succeeded for object /column2
[LOG] Transition logged to MongoDB: de766073-ebc9-47b6-83b5-832841f8993b - Episode 23
Selected action: Action(ActionType.PICK, obj=/column2, slot=None,grasp=GraspType.TOP_0) with motion param: left_0
here
[EXEC] Picking /column2 with left_0

[INFO] Found 1536 potential configurations.
[WARN] No valid configuration found (all tested configs invalid).
[EXEC] Action ActionType.PICK executed in 1.52 seconds
[ERROR] Action ActionType.PICK failed for object /column2
[LOG] Transition logged to MongoDB: de766073-ebc9-47b6-83b5-832841f8993b - Episode 23
Selected action: Action(ActionType.PICK, obj=/column2, slot=None,grasp=GraspType.LEFT_0) with motion param: right_0
here
[EXEC] Picking /column2 with right_0
[ERROR] No IK configurations found for desired pick pose.
[EXEC] Action ActionType.PICK executed in 1.01 seconds
[ERROR] Action ActionType.PICK failed for object /column2
[LOG] Transition logged to MongoDB: de766073-ebc9-47b6-83b5-832841f8993b - Episode 23
Selected action: Action(ActionType.PICK, obj=/column1, slot=None,grasp=GraspType.FRONT_270) with motion param: left_0
here
[EXEC] Picking /column1 with left_0

[INFO] Found 4096 potential configurations.
[INFO] Motion completed successfully with result: success,in execution time: 4.00 seconds
[INFO] Found a reachable configuration for pick action after 1 attempts.
Tip distance after pick: 0.019992888803105294
[INFO] Pick action completed successfully.in execution time: 4.00 seconds
[EXEC] Action ActionType.PICK executed in 13.93 seconds
[SUCCESS] Action ActionType.PICK succeeded for object /column1
[LOG] Transition logged to MongoDB: de766073-ebc9-47b6-83b5-832841f8993b - Episode 23
Selected action: Action(ActionType.PLACE, obj=/column1, slot=/goal_1,grasp=GraspType.RIGHT_0) with motion param: top_0
here
[EXEC] Placing at [-0.2749999999999999, 1.0750000000000006, 0.5] with grasp top_0

[INFO] Found 2112 potential configurations.
[INFO] Motion completed successfully with result: success,in execution time: 2.96 seconds
[INFO] Found a reachable configuration for place action after 1 attempts.
[INFO] Place action completed successfully.
realigning placed object /column1 to target position
[EXEC] Action ActionType.PLACE executed in 21.41 seconds
[SUCCESS] Action ActionType.PLACE succeeded for object /column1
[LOG] Transition logged to MongoDB: de766073-ebc9-47b6-83b5-832841f8993b - Episode 23
Selected action: Action(ActionType.PICK, obj=/column1, slot=None,grasp=GraspType.LEFT_0) with motion param: top_0
here
[EXEC] Picking /column1 with top_0

[INFO] Found 2240 potential configurations.
[INFO] Motion completed successfully with result: success,in execution time: 1.76 seconds
[INFO] Found a reachable configuration for pick action after 1 attempts.
Tip distance after pick: 0.02681902656817271
[INFO] Pick action completed successfully.in execution time: 1.76 seconds
[EXEC] Action ActionType.PICK executed in 9.86 seconds
[SUCCESS] Action ActionType.PICK succeeded for object /column1
[LOG] Transition logged to MongoDB: de766073-ebc9-47b6-83b5-832841f8993b - Episode 23
Selected action: Action(ActionType.PLACE, obj=/column1, slot=/region_0,grasp=None) with motion param: front_270
here
[EXEC] Placing at [0.35, 0.8, 0.521] with grasp front_270

[INFO] Found 4608 potential configurations.
[INFO] Motion completed successfully with result: success,in execution time: 7.32 seconds
[INFO] Found a reachable configuration for place action after 1 attempts.
[INFO] Place action completed successfully.
realigning placed object /column1 to target position
[EXEC] Action ActionType.PLACE executed in 33.80 seconds
[SUCCESS] Action ActionType.PLACE succeeded for object /column1
[LOG] Transition logged to MongoDB: de766073-ebc9-47b6-83b5-832841f8993b - Episode 23
Selected action: Action(ActionType.PICK, obj=/column2, slot=None,grasp=GraspType.RIGHT_0) with motion param: top_0
here
[EXEC] Picking /column2 with top_0

[INFO] Found 192 potential configurations.
[WARN] No valid configuration found (all tested configs invalid).
[EXEC] Action ActionType.PICK executed in 5.09 seconds
[ERROR] Action ActionType.PICK failed for object /column2
[LOG] Transition logged to MongoDB: de766073-ebc9-47b6-83b5-832841f8993b - Episode 23
Selected action: Action(ActionType.PICK, obj=/column1, slot=None,grasp=GraspType.TOP_0) with motion param: right_0
here
[EXEC] Picking /column1 with right_0

[INFO] Found 3136 potential configurations.
[WARN] No valid configuration found (all tested configs invalid).
[EXEC] Action ActionType.PICK executed in 3.59 seconds
[ERROR] Action ActionType.PICK failed for object /column1
[LOG] Transition logged to MongoDB: de766073-ebc9-47b6-83b5-832841f8993b - Episode 23
Selected action: Action(ActionType.PICK, obj=/column0, slot=None,grasp=GraspType.TOP_0) with motion param: left_0
here
[EXEC] Picking /column0 with left_0

[INFO] Found 3264 potential configurations.
[WARN] No valid configuration found (all tested configs invalid).
[EXEC] Action ActionType.PICK executed in 3.01 seconds
[ERROR] Action ActionType.PICK failed for object /column0
[LOG] Transition logged to MongoDB: de766073-ebc9-47b6-83b5-832841f8993b - Episode 23
Selected action: Action(ActionType.PICK, obj=/column2, slot=None,grasp=GraspType.TOP_0) with motion param: top_0
here
[EXEC] Picking /column2 with top_0

[INFO] Found 704 potential configurations.
[WARN] No valid configuration found (all tested configs invalid).
[EXEC] Action ActionType.PICK executed in 13.19 seconds
[ERROR] Action ActionType.PICK failed for object /column2
[LOG] Transition logged to MongoDB: de766073-ebc9-47b6-83b5-832841f8993b - Episode 23
Selected action: Action(ActionType.PICK, obj=/column2, slot=None,grasp=GraspType.TOP_0) with motion param: left_0
here
[EXEC] Picking /column2 with left_0

[INFO] Found 1920 potential configurations.
[WARN] No valid configuration found (all tested configs invalid).
[EXEC] Action ActionType.PICK executed in 1.65 seconds
[ERROR] Action ActionType.PICK failed for object /column2
[LOG] Transition logged to MongoDB: de766073-ebc9-47b6-83b5-832841f8993b - Episode 23
Selected action: Action(ActionType.PICK, obj=/column1, slot=None,grasp=GraspType.RIGHT_0) with motion param: top_0
here
[EXEC] Picking /column1 with top_0

[INFO] Found 4992 potential configurations.
[INFO] Motion completed successfully with result: success,in execution time: 4.60 seconds
[INFO] Found a reachable configuration for pick action after 1 attempts.
Tip distance after pick: 0.0278620895575968
[INFO] Pick action completed successfully.in execution time: 4.60 seconds
[EXEC] Action ActionType.PICK executed in 11.89 seconds
[SUCCESS] Action ActionType.PICK succeeded for object /column1
[LOG] Transition logged to MongoDB: de766073-ebc9-47b6-83b5-832841f8993b - Episode 23
Selected action: Action(ActionType.PLACE, obj=/column1, slot=/goal_2,grasp=GraspType.RIGHT_0) with motion param: left_0
here
[EXEC] Placing at [-0.6000000000000001, 0.8250000000000003, 0.5] with grasp left_0

[INFO] Found 4352 potential configurations.
[WARN] No valid configuration found (all tested configs invalid).
[EXEC] Action ActionType.PLACE executed in 2.65 seconds
[ERROR] Action ActionType.PLACE failed for object /column1
[LOG] Transition logged to MongoDB: de766073-ebc9-47b6-83b5-832841f8993b - Episode 23
Selected action: Action(ActionType.PLACE, obj=/column1, slot=/goal_1,grasp=GraspType.TOP_0) with motion param: top_0
here
[EXEC] Placing at [-0.2749999999999999, 1.0750000000000006, 0.5] with grasp top_0

[INFO] Found 1920 potential configurations.
[INFO] Motion completed successfully with result: success,in execution time: 12.00 seconds
[INFO] Found a reachable configuration for place action after 1 attempts.
[INFO] Place action completed successfully.
realigning placed object /column1 to target position
[EXEC] Action ActionType.PLACE executed in 21.62 seconds
[SUCCESS] Action ActionType.PLACE succeeded for object /column1
[LOG] Transition logged to MongoDB: de766073-ebc9-47b6-83b5-832841f8993b - Episode 23
Selected action: Action(ActionType.PICK, obj=/column2, slot=None,grasp=GraspType.LEFT_0) with motion param: top_0
here
[EXEC] Picking /column2 with top_0

[INFO] Found 256 potential configurations.
[WARN] No valid configuration found (all tested configs invalid).
[EXEC] Action ActionType.PICK executed in 5.56 seconds
[ERROR] Action ActionType.PICK failed for object /column2
[LOG] Transition logged to MongoDB: de766073-ebc9-47b6-83b5-832841f8993b - Episode 23
Selected action: Action(ActionType.PICK, obj=/column2, slot=None,grasp=GraspType.TOP_0) with motion param: front_270
here
[EXEC] Picking /column2 with front_270

[INFO] Found 3136 potential configurations.
[WARN] No valid configuration found (all tested configs invalid).
[EXEC] Action ActionType.PICK executed in 2.35 seconds
[ERROR] Action ActionType.PICK failed for object /column2
[LOG] Transition logged to MongoDB: de766073-ebc9-47b6-83b5-832841f8993b - Episode 23
Selected action: Action(ActionType.PICK, obj=/column1, slot=None,grasp=GraspType.TOP_0) with motion param: right_0
here
[EXEC] Picking /column1 with right_0

[INFO] Found 1344 potential configurations.
[INFO] Motion completed successfully with result: success,in execution time: 3.36 seconds
[INFO] Found a reachable configuration for pick action after 1 attempts.
Tip distance after pick: 0.01847528063913972
[INFO] Pick action completed successfully.in execution time: 3.36 seconds
[EXEC] Action ActionType.PICK executed in 19.89 seconds
[SUCCESS] Action ActionType.PICK succeeded for object /column1
[LOG] Transition logged to MongoDB: de766073-ebc9-47b6-83b5-832841f8993b - Episode 23
Selected action: Action(ActionType.PLACE, obj=/column1, slot=/goal_0,grasp=GraspType.FRONT_270) with motion param: top_0
here
[EXEC] Placing at [-0.27499999999999986, 0.8250000000000005, 0.5] with grasp top_0

[INFO] Found 6976 potential configurations.
[INFO] Motion completed successfully with result: success,in execution time: 3.12 seconds
[INFO] Found a reachable configuration for place action after 1 attempts.
[INFO] Place action completed successfully.
realigning placed object /column1 to target position
[EXEC] Action ActionType.PLACE executed in 12.88 seconds
[SUCCESS] Action ActionType.PLACE succeeded for object /column1
[LOG] Transition logged to MongoDB: de766073-ebc9-47b6-83b5-832841f8993b - Episode 23
Selected action: Action(ActionType.PICK, obj=/column2, slot=None,grasp=GraspType.FRONT_270) with motion param: front_270
here
[EXEC] Picking /column2 with front_270

[INFO] Found 3264 potential configurations.
[WARN] No valid configuration found (all tested configs invalid).
[EXEC] Action ActionType.PICK executed in 2.40 seconds
[ERROR] Action ActionType.PICK failed for object /column2
[LOG] Transition logged to MongoDB: de766073-ebc9-47b6-83b5-832841f8993b - Episode 23
Selected action: Action(ActionType.PICK, obj=/column0, slot=None,grasp=GraspType.LEFT_0) with motion param: right_0
here
[EXEC] Picking /column0 with right_0
[ERROR] No IK configurations found for desired pick pose.
[EXEC] Action ActionType.PICK executed in 1.01 seconds
[ERROR] Action ActionType.PICK failed for object /column0
[LOG] Transition logged to MongoDB: de766073-ebc9-47b6-83b5-832841f8993b - Episode 23
Selected action: Action(ActionType.PICK, obj=/column1, slot=None,grasp=GraspType.RIGHT_0) with motion param: right_0
here
[EXEC] Picking /column1 with right_0

[INFO] Found 5120 potential configurations.
[INFO] Motion completed successfully with result: success,in execution time: 4.28 seconds
[INFO] Found a reachable configuration for pick action after 1 attempts.
Tip distance after pick: 0.020616090714056783
[INFO] Pick action completed successfully.in execution time: 4.28 seconds
[EXEC] Action ActionType.PICK executed in 14.24 seconds
[SUCCESS] Action ActionType.PICK succeeded for object /column1
[LOG] Transition logged to MongoDB: de766073-ebc9-47b6-83b5-832841f8993b - Episode 23
Selected action: Action(ActionType.PLACE, obj=/column1, slot=/goal_0,grasp=GraspType.TOP_0) with motion param: top_0
here
[EXEC] Placing at [-0.27499999999999986, 0.8250000000000005, 0.5] with grasp top_0

[INFO] Found 6784 potential configurations.
[INFO] Motion completed successfully with result: success,in execution time: 3.68 seconds
[INFO] Found a reachable configuration for place action after 1 attempts.
[INFO] Place action completed successfully.
realigning placed object /column1 to target position
[EXEC] Action ActionType.PLACE executed in 22.32 seconds
[SUCCESS] Action ActionType.PLACE succeeded for object /column1
[LOG] Transition logged to MongoDB: de766073-ebc9-47b6-83b5-832841f8993b - Episode 23
Selected action: Action(ActionType.PICK, obj=/column2, slot=None,grasp=GraspType.FRONT_270) with motion param: right_0
here
[EXEC] Picking /column2 with right_0
[ERROR] No IK configurations found for desired pick pose.
[EXEC] Action ActionType.PICK executed in 1.02 seconds
[ERROR] Action ActionType.PICK failed for object /column2
[LOG] Transition logged to MongoDB: de766073-ebc9-47b6-83b5-832841f8993b - Episode 23
Selected action: Action(ActionType.PICK, obj=/column0, slot=None,grasp=GraspType.RIGHT_0) with motion param: top_0
here
[EXEC] Picking /column0 with top_0

[INFO] Found 2944 potential configurations.
[INFO] Motion completed successfully with result: success,in execution time: 9.08 seconds
[INFO] Found a reachable configuration for pick action after 1 attempts.
Tip distance after pick: 0.02701017414056557
[INFO] Pick action completed successfully.in execution time: 9.08 seconds
[EXEC] Action ActionType.PICK executed in 16.62 seconds
[SUCCESS] Action ActionType.PICK succeeded for object /column0
[LOG] Transition logged to MongoDB: de766073-ebc9-47b6-83b5-832841f8993b - Episode 23
Selected action: Action(ActionType.PLACE, obj=/column0, slot=/region_2,grasp=GraspType.FRONT_270) with motion param: top_0
here
[EXEC] Placing at [0.6, 0.80001, 0.5] with grasp top_0

[INFO] Found 1664 potential configurations.
[INFO] Motion completed successfully with result: success,in execution time: 0.32 seconds
[INFO] Found a reachable configuration for place action after 1 attempts.
[INFO] Place action completed successfully.
realigning placed object /column0 to target position
[EXEC] Action ActionType.PLACE executed in 10.18 seconds
[SUCCESS] Action ActionType.PLACE succeeded for object /column0
[LOG] Transition logged to MongoDB: de766073-ebc9-47b6-83b5-832841f8993b - Episode 23
Selected action: Action(ActionType.PICK, obj=/column0, slot=None,grasp=GraspType.TOP_0) with motion param: left_0
here
[EXEC] Picking /column0 with left_0

[INFO] Found 3776 potential configurations.
[INFO] Motion completed successfully with result: success,in execution time: 3.76 seconds
[INFO] Found a reachable configuration for pick action after 1 attempts.
Tip distance after pick: 0.02009548994830204
[INFO] Pick action completed successfully.in execution time: 3.76 seconds
[EXEC] Action ActionType.PICK executed in 19.97 seconds
[SUCCESS] Action ActionType.PICK succeeded for object /column0
[LOG] Transition logged to MongoDB: de766073-ebc9-47b6-83b5-832841f8993b - Episode 23
Selected action: Action(ActionType.PLACE, obj=/column0, slot=/goal_1,grasp=GraspType.LEFT_0) with motion param: top_0
here
[EXEC] Placing at [-0.2749999999999999, 1.0750000000000006, 0.5] with grasp top_0

[INFO] Found 1280 potential configurations.
[INFO] Motion completed successfully with result: success,in execution time: 8.00 seconds
[INFO] Found a reachable configuration for place action after 1 attempts.
[INFO] Place action completed successfully.
realigning placed object /column0 to target position
[EXEC] Action ActionType.PLACE executed in 32.81 seconds
[SUCCESS] Action ActionType.PLACE succeeded for object /column0
[LOG] Transition logged to MongoDB: de766073-ebc9-47b6-83b5-832841f8993b - Episode 23
Selected action: Action(ActionType.PICK, obj=/column2, slot=None,grasp=GraspType.RIGHT_0) with motion param: top_0
here
[EXEC] Picking /column2 with top_0

[INFO] Found 384 potential configurations.
[WARN] No valid configuration found (all tested configs invalid).
[EXEC] Action ActionType.PICK executed in 9.05 seconds
[ERROR] Action ActionType.PICK failed for object /column2
[LOG] Transition logged to MongoDB: de766073-ebc9-47b6-83b5-832841f8993b - Episode 23
Selected action: Action(ActionType.PICK, obj=/column0, slot=None,grasp=GraspType.LEFT_0) with motion param: left_0
here
[EXEC] Picking /column0 with left_0
[ERROR] No IK configurations found for desired pick pose.
[EXEC] Action ActionType.PICK executed in 1.02 seconds
[ERROR] Action ActionType.PICK failed for object /column0
[LOG] Transition logged to MongoDB: de766073-ebc9-47b6-83b5-832841f8993b - Episode 23
Selected action: Action(ActionType.PICK, obj=/column2, slot=None,grasp=GraspType.TOP_0) with motion param: top_0
here
[EXEC] Picking /column2 with top_0

[INFO] Found 192 potential configurations.
[WARN] No valid configuration found (all tested configs invalid).
[EXEC] Action ActionType.PICK executed in 4.44 seconds
[ERROR] Action ActionType.PICK failed for object /column2
[LOG] Transition logged to MongoDB: de766073-ebc9-47b6-83b5-832841f8993b - Episode 23
Selected action: Action(ActionType.PICK, obj=/column2, slot=None,grasp=GraspType.TOP_0) with motion param: top_0
here
[EXEC] Picking /column2 with top_0

[INFO] Found 384 potential configurations.
[WARN] No valid configuration found (all tested configs invalid).
[EXEC] Action ActionType.PICK executed in 6.79 seconds
[ERROR] Action ActionType.PICK failed for object /column2
[LOG] Transition logged to MongoDB: de766073-ebc9-47b6-83b5-832841f8993b - Episode 23
Selected action: Action(ActionType.PICK, obj=/column0, slot=None,grasp=GraspType.LEFT_0) with motion param: top_0
here
[EXEC] Picking /column0 with top_0

[INFO] Found 3008 potential configurations.
[INFO] Motion completed successfully with result: success,in execution time: 1.76 seconds
[INFO] Found a reachable configuration for pick action after 1 attempts.
Tip distance after pick: 0.027046957484332255
[INFO] Pick action completed successfully.in execution time: 1.76 seconds
[EXEC] Action ActionType.PICK executed in 9.64 seconds
[SUCCESS] Action ActionType.PICK succeeded for object /column0
[LOG] Transition logged to MongoDB: de766073-ebc9-47b6-83b5-832841f8993b - Episode 23
Selected action: Action(ActionType.PLACE, obj=/column0, slot=/region_2,grasp=GraspType.TOP_0) with motion param: left_0
here
[EXEC] Placing at [0.6, 0.80001, 0.5] with grasp left_0

[INFO] Found 4416 potential configurations.
[INFO] Motion completed successfully with result: success,in execution time: 11.96 seconds
[INFO] Found a reachable configuration for place action after 1 attempts.
[INFO] Place action completed successfully.
realigning placed object /column0 to target position
[EXEC] Action ActionType.PLACE executed in 20.76 seconds
[SUCCESS] Action ActionType.PLACE succeeded for object /column0
[LOG] Transition logged to MongoDB: de766073-ebc9-47b6-83b5-832841f8993b - Episode 23
Selected action: Action(ActionType.PICK, obj=/column1, slot=None,grasp=GraspType.RIGHT_0) with motion param: right_0
here
[EXEC] Picking /column1 with right_0

[INFO] Found 3648 potential configurations.
[INFO] Motion completed successfully with result: success,in execution time: 8.60 seconds
[INFO] Found a reachable configuration for pick action after 1 attempts.
Tip distance after pick: 0.02163749681252998
[INFO] Pick action completed successfully.in execution time: 8.60 seconds
[EXEC] Action ActionType.PICK executed in 19.94 seconds
[SUCCESS] Action ActionType.PICK succeeded for object /column1
[LOG] Transition logged to MongoDB: de766073-ebc9-47b6-83b5-832841f8993b - Episode 23
Selected action: Action(ActionType.PLACE, obj=/column1, slot=/goal_2,grasp=GraspType.LEFT_0) with motion param: left_0
here
[EXEC] Placing at [-0.6000000000000001, 0.8250000000000003, 0.5] with grasp left_0

[INFO] Found 3072 potential configurations.
[WARN] No valid configuration found (all tested configs invalid).
[EXEC] Action ActionType.PLACE executed in 2.47 seconds
[ERROR] Action ActionType.PLACE failed for object /column1
[LOG] Transition logged to MongoDB: de766073-ebc9-47b6-83b5-832841f8993b - Episode 23
Selected action: Action(ActionType.PLACE, obj=/column1, slot=/goal_0,grasp=GraspType.TOP_0) with motion param: right_0
here
[EXEC] Placing at [-0.27499999999999986, 0.8250000000000005, 0.5] with grasp right_0

[INFO] Found 2944 potential configurations.
[INFO] Motion completed successfully with result: success,in execution time: 0.48 seconds
[INFO] Found a reachable configuration for place action after 1 attempts.
[INFO] Place action completed successfully.
realigning placed object /column1 to target position
[EXEC] Action ActionType.PLACE executed in 17.70 seconds
[SUCCESS] Action ActionType.PLACE succeeded for object /column1
[LOG] Transition logged to MongoDB: de766073-ebc9-47b6-83b5-832841f8993b - Episode 23
Selected action: Action(ActionType.PICK, obj=/column0, slot=None,grasp=GraspType.TOP_0) with motion param: left_0
here
[EXEC] Picking /column0 with left_0

[INFO] Found 2240 potential configurations.
[INFO] Motion completed successfully with result: success,in execution time: 8.08 seconds
[INFO] Found a reachable configuration for pick action after 1 attempts.
Tip distance after pick: 0.02028186547745764
[INFO] Pick action completed successfully.in execution time: 8.08 seconds
[EXEC] Action ActionType.PICK executed in 19.74 seconds
[SUCCESS] Action ActionType.PICK succeeded for object /column0
[LOG] Transition logged to MongoDB: de766073-ebc9-47b6-83b5-832841f8993b - Episode 23
Selected action: Action(ActionType.PLACE, obj=/column0, slot=/goal_2,grasp=None) with motion param: left_0
here
[EXEC] Placing at [-0.6000000000000001, 0.8250000000000003, 0.5] with grasp left_0

[INFO] Found 1920 potential configurations.
[WARN] No valid configuration found (all tested configs invalid).
[EXEC] Action ActionType.PLACE executed in 1.88 seconds
[ERROR] Action ActionType.PLACE failed for object /column0
[LOG] Transition logged to MongoDB: de766073-ebc9-47b6-83b5-832841f8993b - Episode 23
Selected action: Action(ActionType.PLACE, obj=/column0, slot=/goal_1,grasp=GraspType.TOP_0) with motion param: right_0
here
[EXEC] Placing at [-0.2749999999999999, 1.0750000000000006, 0.5] with grasp right_0

[INFO] Found 2624 potential configurations.
[WARN] No valid configuration found (all tested configs invalid).
[EXEC] Action ActionType.PLACE executed in 4.39 seconds
[ERROR] Action ActionType.PLACE failed for object /column0
[LOG] Transition logged to MongoDB: de766073-ebc9-47b6-83b5-832841f8993b - Episode 23
Selected action: Action(ActionType.PLACE, obj=/column0, slot=/region_2,grasp=GraspType.LEFT_0) with motion param: right_0
here
[EXEC] Placing at [0.6, 0.80001, 0.5] with grasp right_0
[ERROR] No IK configurations found for desired place pose.
[EXEC] Action ActionType.PLACE executed in 1.01 seconds
[ERROR] Action ActionType.PLACE failed for object /column0
[LOG] Transition logged to MongoDB: de766073-ebc9-47b6-83b5-832841f8993b - Episode 23
Selected action: Action(ActionType.PLACE, obj=/column0, slot=/goal_2,grasp=GraspType.LEFT_0) with motion param: top_0
here
[EXEC] Placing at [-0.6000000000000001, 0.8250000000000003, 0.5] with grasp top_0

[INFO] Found 4288 potential configurations.
[WARN] No valid configuration found (all tested configs invalid).
[EXEC] Action ActionType.PLACE executed in 3.46 seconds
[ERROR] Action ActionType.PLACE failed for object /column0
[LOG] Transition logged to MongoDB: de766073-ebc9-47b6-83b5-832841f8993b - Episode 23
Selected action: Action(ActionType.PLACE, obj=/column0, slot=/region_2,grasp=GraspType.RIGHT_0) with motion param: front_270
here
[EXEC] Placing at [0.6, 0.80001, 0.5] with grasp front_270

[INFO] Found 3264 potential configurations.
[INFO] Motion completed successfully with result: success,in execution time: 5.28 seconds
[INFO] Found a reachable configuration for place action after 1 attempts.
[INFO] Place action completed successfully.
realigning placed object /column0 to target position
[EXEC] Action ActionType.PLACE executed in 14.74 seconds
[SUCCESS] Action ActionType.PLACE succeeded for object /column0
[LOG] Transition logged to MongoDB: de766073-ebc9-47b6-83b5-832841f8993b - Episode 23
Selected action: Action(ActionType.PICK, obj=/column0, slot=None,grasp=GraspType.LEFT_0) with motion param: front_270
here
[EXEC] Picking /column0 with front_270

[INFO] Found 3392 potential configurations.
[INFO] Motion completed successfully with result: success,in execution time: 1.84 seconds
[INFO] Found a reachable configuration for pick action after 1 attempts.
Tip distance after pick: 0.02076512895840964
[INFO] Pick action completed successfully.in execution time: 1.84 seconds
[EXEC] Action ActionType.PICK executed in 11.22 seconds
[SUCCESS] Action ActionType.PICK succeeded for object /column0
[LOG] Transition logged to MongoDB: de766073-ebc9-47b6-83b5-832841f8993b - Episode 23
Selected action: Action(ActionType.PLACE, obj=/column0, slot=/region_2,grasp=GraspType.FRONT_270) with motion param: top_0
here
[EXEC] Placing at [0.6, 0.80001, 0.5] with grasp top_0

[INFO] Found 1216 potential configurations.
[INFO] Motion completed successfully with result: success,in execution time: 4.20 seconds
[INFO] Found a reachable configuration for place action after 1 attempts.
[INFO] Place action completed successfully.
realigning placed object /column0 to target position
[EXEC] Action ActionType.PLACE executed in 16.85 seconds
[SUCCESS] Action ActionType.PLACE succeeded for object /column0
[LOG] Transition logged to MongoDB: de766073-ebc9-47b6-83b5-832841f8993b - Episode 23
Selected action: Action(ActionType.PICK, obj=/column2, slot=None,grasp=GraspType.TOP_0) with motion param: top_0
here
[EXEC] Picking /column2 with top_0

[INFO] Found 256 potential configurations.
[WARN] No valid configuration found (all tested configs invalid).
[EXEC] Action ActionType.PICK executed in 6.73 seconds
[ERROR] Action ActionType.PICK failed for object /column2
[LOG] Transition logged to MongoDB: de766073-ebc9-47b6-83b5-832841f8993b - Episode 23
Selected action: Action(ActionType.PICK, obj=/column0, slot=None,grasp=GraspType.FRONT_270) with motion param: front_270
here
[EXEC] Picking /column0 with front_270

[INFO] Found 3136 potential configurations.
[INFO] Motion completed successfully with result: success,in execution time: 4.04 seconds
[INFO] Found a reachable configuration for pick action after 1 attempts.
Tip distance after pick: 0.020168571084849398
[INFO] Pick action completed successfully.in execution time: 4.04 seconds
[EXEC] Action ActionType.PICK executed in 18.28 seconds
[SUCCESS] Action ActionType.PICK succeeded for object /column0
[LOG] Transition logged to MongoDB: de766073-ebc9-47b6-83b5-832841f8993b - Episode 23
Selected action: Action(ActionType.PLACE, obj=/column0, slot=/goal_1,grasp=GraspType.RIGHT_0) with motion param: right_0
here
[EXEC] Placing at [-0.2749999999999999, 1.0750000000000006, 0.5] with grasp right_0

[INFO] Found 1344 potential configurations.
[INFO] Motion completed successfully with result: success,in execution time: 11.56 seconds
[INFO] Found a reachable configuration for place action after 1 attempts.
[INFO] Place action completed successfully.
realigning placed object /column0 to target position
[EXEC] Action ActionType.PLACE executed in 27.58 seconds
[SUCCESS] Action ActionType.PLACE succeeded for object /column0
[LOG] Transition logged to MongoDB: de766073-ebc9-47b6-83b5-832841f8993b - Episode 23
Selected action: Action(ActionType.PICK, obj=/column1, slot=None,grasp=GraspType.RIGHT_0) with motion param: top_0
here
[EXEC] Picking /column1 with top_0

[INFO] Found 3200 potential configurations.
[INFO] Motion completed successfully with result: success,in execution time: 2.96 seconds
[INFO] Found a reachable configuration for pick action after 1 attempts.
Tip distance after pick: 0.027494454085277033
[INFO] Pick action completed successfully.in execution time: 2.96 seconds
[EXEC] Action ActionType.PICK executed in 19.49 seconds
[SUCCESS] Action ActionType.PICK succeeded for object /column1
[LOG] Transition logged to MongoDB: de766073-ebc9-47b6-83b5-832841f8993b - Episode 23
Selected action: Action(ActionType.PLACE, obj=/column1, slot=/region_2,grasp=GraspType.LEFT_0) with motion param: left_0
here
[EXEC] Placing at [0.6, 0.80001, 0.5] with grasp left_0

[INFO] Found 2432 potential configurations.
[INFO] Motion completed successfully with result: success,in execution time: 12.52 seconds
[INFO] Found a reachable configuration for place action after 1 attempts.
[INFO] Place action completed successfully.
realigning placed object /column1 to target position
[EXEC] Action ActionType.PLACE executed in 38.10 seconds
[SUCCESS] Action ActionType.PLACE succeeded for object /column1
[LOG] Transition logged to MongoDB: de766073-ebc9-47b6-83b5-832841f8993b - Episode 23
Selected action: Action(ActionType.PICK, obj=/column1, slot=None,grasp=GraspType.TOP_0) with motion param: front_270
here
[EXEC] Picking /column1 with front_270

[INFO] Found 2496 potential configurations.
[INFO] Motion completed successfully with result: success,in execution time: 6.96 seconds
[INFO] Found a reachable configuration for pick action after 1 attempts.
Tip distance after pick: 0.020092302235109882
[INFO] Pick action completed successfully.in execution time: 6.96 seconds
[EXEC] Action ActionType.PICK executed in 19.35 seconds
[SUCCESS] Action ActionType.PICK succeeded for object /column1
[LOG] Transition logged to MongoDB: de766073-ebc9-47b6-83b5-832841f8993b - Episode 23
Selected action: Action(ActionType.PLACE, obj=/column1, slot=/goal_0,grasp=GraspType.RIGHT_0) with motion param: right_0
here
[EXEC] Placing at [-0.27499999999999986, 0.8250000000000005, 0.5] with grasp right_0

[INFO] Found 3392 potential configurations.
[INFO] Motion completed successfully with result: success,in execution time: 13.48 seconds
[INFO] Found a reachable configuration for place action after 1 attempts.
[INFO] Place action completed successfully.
realigning placed object /column1 to target position
[EXEC] Action ActionType.PLACE executed in 33.50 seconds
[SUCCESS] Action ActionType.PLACE succeeded for object /column1
[LOG] Transition logged to MongoDB: de766073-ebc9-47b6-83b5-832841f8993b - Episode 23
Selected action: Action(ActionType.PICK, obj=/column1, slot=None,grasp=GraspType.FRONT_270) with motion param: left_0
here
[EXEC] Picking /column1 with left_0

[INFO] Found 2048 potential configurations.
[INFO] Motion completed successfully with result: success,in execution time: 13.04 seconds
[INFO] Found a reachable configuration for pick action after 1 attempts.
Tip distance after pick: 0.019171785919422518
[INFO] Pick action completed successfully.in execution time: 13.04 seconds
[EXEC] Action ActionType.PICK executed in 31.92 seconds
[SUCCESS] Action ActionType.PICK succeeded for object /column1
[LOG] Transition logged to MongoDB: de766073-ebc9-47b6-83b5-832841f8993b - Episode 23
Selected action: Action(ActionType.PLACE, obj=/column1, slot=/region_2,grasp=GraspType.LEFT_0) with motion param: front_270
here
[EXEC] Placing at [0.6, 0.80001, 0.5] with grasp front_270

[INFO] Found 3264 potential configurations.
[ERROR] Motion failed (collision or invalid path)
[ERROR] Motion result: no_path
[WARN] Failed to find a path to the selected place config on attempt 1.
[WARN] No path found to selected place config, discarding and trying next valid config...
[INFO] Motion completed successfully with result: success,in execution time: 13.68 seconds
[INFO] Found a reachable configuration for place action after 2 attempts.
[INFO] Place action completed successfully.
realigning placed object /column1 to target position
[EXEC] Action ActionType.PLACE executed in 41.72 seconds
[SUCCESS] Action ActionType.PLACE succeeded for object /column1
[LOG] Transition logged to MongoDB: de766073-ebc9-47b6-83b5-832841f8993b - Episode 23
Selected action: Action(ActionType.PICK, obj=/column0, slot=None,grasp=GraspType.FRONT_270) with motion param: left_0
here
[EXEC] Picking /column0 with left_0
[ERROR] No IK configurations found for desired pick pose.
[EXEC] Action ActionType.PICK executed in 1.03 seconds
[ERROR] Action ActionType.PICK failed for object /column0
[LOG] Transition logged to MongoDB: de766073-ebc9-47b6-83b5-832841f8993b - Episode 23
Selected action: Action(ActionType.PICK, obj=/column0, slot=None,grasp=GraspType.LEFT_0) with motion param: left_0
here
[EXEC] Picking /column0 with left_0
[ERROR] No IK configurations found for desired pick pose.
[EXEC] Action ActionType.PICK executed in 1.01 seconds
[ERROR] Action ActionType.PICK failed for object /column0
[LOG] Transition logged to MongoDB: de766073-ebc9-47b6-83b5-832841f8993b - Episode 23
Selected action: Action(ActionType.PICK, obj=/column2, slot=None,grasp=GraspType.TOP_0) with motion param: right_0
here
[EXEC] Picking /column2 with right_0
[ERROR] No IK configurations found for desired pick pose.
[EXEC] Action ActionType.PICK executed in 1.01 seconds
[ERROR] Action ActionType.PICK failed for object /column2
[LOG] Transition logged to MongoDB: de766073-ebc9-47b6-83b5-832841f8993b - Episode 23
Selected action: Action(ActionType.PICK, obj=/column2, slot=None,grasp=GraspType.RIGHT_0) with motion param: left_0
here
[EXEC] Picking /column2 with left_0

[INFO] Found 1600 potential configurations.
[WARN] No valid configuration found (all tested configs invalid).
[EXEC] Action ActionType.PICK executed in 1.82 seconds
[ERROR] Action ActionType.PICK failed for object /column2
[LOG] Transition logged to MongoDB: de766073-ebc9-47b6-83b5-832841f8993b - Episode 23
Selected action: Action(ActionType.PICK, obj=/column2, slot=None,grasp=GraspType.LEFT_0) with motion param: left_0
here
[EXEC] Picking /column2 with left_0

[INFO] Found 1216 potential configurations.
[WARN] No valid configuration found (all tested configs invalid).
[EXEC] Action ActionType.PICK executed in 1.53 seconds
[ERROR] Action ActionType.PICK failed for object /column2
[LOG] Transition logged to MongoDB: de766073-ebc9-47b6-83b5-832841f8993b - Episode 23
Selected action: Action(ActionType.PICK, obj=/column1, slot=None,grasp=GraspType.LEFT_0) with motion param: left_0
here
[EXEC] Picking /column1 with left_0

[INFO] Found 4160 potential configurations.
[INFO] Motion completed successfully with result: success,in execution time: 5.24 seconds
[INFO] Found a reachable configuration for pick action after 1 attempts.
Tip distance after pick: 0.020059210423247948
[INFO] Pick action completed successfully.in execution time: 5.24 seconds
[EXEC] Action ActionType.PICK executed in 17.12 seconds
[SUCCESS] Action ActionType.PICK succeeded for object /column1
[LOG] Transition logged to MongoDB: de766073-ebc9-47b6-83b5-832841f8993b - Episode 23
Selected action: Action(ActionType.PLACE, obj=/column1, slot=/goal_2,grasp=GraspType.LEFT_0) with motion param: front_270
here
[EXEC] Placing at [-0.6000000000000001, 0.8250000000000003, 0.5] with grasp front_270

[INFO] Found 3968 potential configurations.
[WARN] No valid configuration found (all tested configs invalid).
[EXEC] Action ActionType.PLACE executed in 3.08 seconds
[ERROR] Action ActionType.PLACE failed for object /column1
[LOG] Transition logged to MongoDB: de766073-ebc9-47b6-83b5-832841f8993b - Episode 23
Selected action: Action(ActionType.PLACE, obj=/column1, slot=/goal_2,grasp=GraspType.FRONT_270) with motion param: top_0
here
[EXEC] Placing at [-0.6000000000000001, 0.8250000000000003, 0.5] with grasp top_0

[INFO] Found 5056 potential configurations.
[WARN] No valid configuration found (all tested configs invalid).
[EXEC] Action ActionType.PLACE executed in 4.50 seconds
[ERROR] Action ActionType.PLACE failed for object /column1
[LOG] Transition logged to MongoDB: de766073-ebc9-47b6-83b5-832841f8993b - Episode 23
Selected action: Action(ActionType.PLACE, obj=/column1, slot=/goal_0,grasp=GraspType.RIGHT_0) with motion param: right_0
here
[EXEC] Placing at [-0.27499999999999986, 0.8250000000000005, 0.5] with grasp right_0

[INFO] Found 4288 potential configurations.
[INFO] Motion completed successfully with result: success,in execution time: 5.72 seconds
[INFO] Found a reachable configuration for place action after 1 attempts.
[INFO] Place action completed successfully.
realigning placed object /column1 to target position
[EXEC] Action ActionType.PLACE executed in 20.95 seconds
[SUCCESS] Action ActionType.PLACE succeeded for object /column1
[LOG] Transition logged to MongoDB: de766073-ebc9-47b6-83b5-832841f8993b - Episode 23
Selected action: Action(ActionType.PICK, obj=/column0, slot=None,grasp=GraspType.LEFT_0) with motion param: top_0
here
[EXEC] Picking /column0 with top_0

[INFO] Found 1600 potential configurations.
[INFO] Motion completed successfully with result: success,in execution time: 3.08 seconds
[INFO] Found a reachable configuration for pick action after 1 attempts.
Tip distance after pick: 0.026592108093777343
[INFO] Pick action completed successfully.in execution time: 3.08 seconds
[EXEC] Action ActionType.PICK executed in 14.15 seconds
[SUCCESS] Action ActionType.PICK succeeded for object /column0
[LOG] Transition logged to MongoDB: de766073-ebc9-47b6-83b5-832841f8993b - Episode 23
Selected action: Action(ActionType.PLACE, obj=/column0, slot=/goal_1,grasp=GraspType.RIGHT_0) with motion param: front_270
here
[EXEC] Placing at [-0.2749999999999999, 1.0750000000000006, 0.5] with grasp front_270

[INFO] Found 3712 potential configurations.
[ERROR] Motion failed (collision or invalid path)
[ERROR] Motion result: no_path
[WARN] Failed to find a path to the selected place config on attempt 1.
[WARN] No path found to selected place config, discarding and trying next valid config...
[INFO] Motion completed successfully with result: success,in execution time: 5.20 seconds
[INFO] Found a reachable configuration for place action after 2 attempts.
[INFO] Place action completed successfully.
realigning placed object /column0 to target position
[EXEC] Action ActionType.PLACE executed in 31.08 seconds
[SUCCESS] Action ActionType.PLACE succeeded for object /column0
[LOG] Transition logged to MongoDB: de766073-ebc9-47b6-83b5-832841f8993b - Episode 23
Selected action: Action(ActionType.PICK, obj=/column2, slot=None,grasp=GraspType.LEFT_0) with motion param: right_0
here
[EXEC] Picking /column2 with right_0
[ERROR] No IK configurations found for desired pick pose.
[EXEC] Action ActionType.PICK executed in 1.02 seconds
[ERROR] Action ActionType.PICK failed for object /column2
[LOG] Transition logged to MongoDB: de766073-ebc9-47b6-83b5-832841f8993b - Episode 23
Selected action: Action(ActionType.PICK, obj=/column1, slot=None,grasp=GraspType.LEFT_0) with motion param: right_0
here
[EXEC] Picking /column1 with right_0

[INFO] Found 3584 potential configurations.
[INFO] Motion completed successfully with result: success,in execution time: 6.92 seconds
[INFO] Found a reachable configuration for pick action after 1 attempts.
Tip distance after pick: 0.020936896098548964
[INFO] Pick action completed successfully.in execution time: 6.92 seconds
[EXEC] Action ActionType.PICK executed in 13.45 seconds
[SUCCESS] Action ActionType.PICK succeeded for object /column1
[LOG] Transition logged to MongoDB: de766073-ebc9-47b6-83b5-832841f8993b - Episode 23
Selected action: Action(ActionType.PLACE, obj=/column1, slot=/region_2,grasp=GraspType.FRONT_270) with motion param: right_0
here
[EXEC] Placing at [0.6, 0.80001, 0.5] with grasp right_0
[ERROR] No IK configurations found for desired place pose.
[EXEC] Action ActionType.PLACE executed in 1.02 seconds
[ERROR] Action ActionType.PLACE failed for object /column1
[LOG] Transition logged to MongoDB: de766073-ebc9-47b6-83b5-832841f8993b - Episode 23
Selected action: Action(ActionType.PLACE, obj=/column1, slot=/goal_2,grasp=GraspType.TOP_0) with motion param: right_0
here
[EXEC] Placing at [-0.6000000000000001, 0.8250000000000003, 0.5] with grasp right_0

[INFO] Found 3520 potential configurations.
[INFO] Motion completed successfully with result: success,in execution time: 1.52 seconds
[INFO] Found a reachable configuration for place action after 1 attempts.
[INFO] Place action completed successfully.
realigning placed object /column1 to target position
[EXEC] Action ActionType.PLACE executed in 12.11 seconds
[SUCCESS] Action ActionType.PLACE succeeded for object /column1
[LOG] Transition logged to MongoDB: de766073-ebc9-47b6-83b5-832841f8993b - Episode 23
Selected action: Action(ActionType.PICK, obj=/column0, slot=None,grasp=GraspType.TOP_0) with motion param: left_0
here
[EXEC] Picking /column0 with left_0
[ERROR] No IK configurations found for desired pick pose.
[EXEC] Action ActionType.PICK executed in 1.02 seconds
[ERROR] Action ActionType.PICK failed for object /column0
[LOG] Transition logged to MongoDB: de766073-ebc9-47b6-83b5-832841f8993b - Episode 23
Selected action: Action(ActionType.PICK, obj=/column1, slot=None,grasp=GraspType.RIGHT_0) with motion param: right_0
here
[EXEC] Picking /column1 with right_0

[INFO] Found 1984 potential configurations.
[INFO] Motion completed successfully with result: success,in execution time: 1.80 seconds
[INFO] Found a reachable configuration for pick action after 1 attempts.
Tip distance after pick: 0.020893039336156837
[INFO] Pick action completed successfully.in execution time: 1.80 seconds
[EXEC] Action ActionType.PICK executed in 16.87 seconds
[SUCCESS] Action ActionType.PICK succeeded for object /column1
[LOG] Transition logged to MongoDB: de766073-ebc9-47b6-83b5-832841f8993b - Episode 23
Selected action: Action(ActionType.PLACE, obj=/column1, slot=/goal_2,grasp=GraspType.RIGHT_0) with motion param: right_0
here
[EXEC] Placing at [-0.6000000000000001, 0.8250000000000003, 0.5] with grasp right_0

[INFO] Found 2112 potential configurations.
[INFO] Motion completed successfully with result: success,in execution time: 0.36 seconds
[INFO] Found a reachable configuration for place action after 1 attempts.
[INFO] Place action completed successfully.
realigning placed object /column1 to target position
[EXEC] Action ActionType.PLACE executed in 10.61 seconds
[SUCCESS] Action ActionType.PLACE succeeded for object /column1
[LOG] Transition logged to MongoDB: de766073-ebc9-47b6-83b5-832841f8993b - Episode 23
Selected action: Action(ActionType.PICK, obj=/column1, slot=None,grasp=GraspType.RIGHT_0) with motion param: front_270
here
[EXEC] Picking /column1 with front_270

[INFO] Found 4224 potential configurations.
[WARN] No valid configuration found (all tested configs invalid).
[EXEC] Action ActionType.PICK executed in 3.15 seconds
[ERROR] Action ActionType.PICK failed for object /column1
[LOG] Transition logged to MongoDB: de766073-ebc9-47b6-83b5-832841f8993b - Episode 23
Selected action: Action(ActionType.PICK, obj=/column2, slot=None,grasp=GraspType.RIGHT_0) with motion param: right_0
here
[EXEC] Picking /column2 with right_0
[ERROR] No IK configurations found for desired pick pose.
[EXEC] Action ActionType.PICK executed in 1.02 seconds
[ERROR] Action ActionType.PICK failed for object /column2
[LOG] Transition logged to MongoDB: de766073-ebc9-47b6-83b5-832841f8993b - Episode 23
Selected action: Action(ActionType.PICK, obj=/column1, slot=None,grasp=GraspType.FRONT_270) with motion param: top_0
here
[EXEC] Picking /column1 with top_0

[INFO] Found 4224 potential configurations.
[WARN] No valid configuration found (all tested configs invalid).
[EXEC] Action ActionType.PICK executed in 27.48 seconds
[ERROR] Action ActionType.PICK failed for object /column1
[LOG] Transition logged to MongoDB: de766073-ebc9-47b6-83b5-832841f8993b - Episode 23
Selected action: Action(ActionType.PICK, obj=/column0, slot=None,grasp=GraspType.LEFT_0) with motion param: top_0
here
[EXEC] Picking /column0 with top_0

[INFO] Found 1088 potential configurations.
[ERROR] Motion failed (collision or invalid path)
[ERROR] Motion result: no_path
[WARN] Failed to find a path to the selected pick config on attempt 1.
[WARN] No path found to picked config, discarding and trying next valid config...
[INFO] Motion completed successfully with result: success,in execution time: 3.12 seconds
[INFO] Found a reachable configuration for pick action after 2 attempts.
Tip distance after pick: 0.02598558433197356
[INFO] Pick action completed successfully.in execution time: 3.12 seconds
[EXEC] Action ActionType.PICK executed in 20.56 seconds
[SUCCESS] Action ActionType.PICK succeeded for object /column0
[LOG] Transition logged to MongoDB: de766073-ebc9-47b6-83b5-832841f8993b - Episode 23
Selected action: Action(ActionType.PLACE, obj=/column0, slot=/goal_0,grasp=GraspType.FRONT_270) with motion param: front_270
here
[EXEC] Placing at [-0.27499999999999986, 0.8250000000000005, 0.5] with grasp front_270

[INFO] Found 3392 potential configurations.
[INFO] Motion completed successfully with result: success,in execution time: 5.20 seconds
[INFO] Found a reachable configuration for place action after 1 attempts.
[INFO] Place action completed successfully.
realigning placed object /column0 to target position
[EXEC] Action ActionType.PLACE executed in 16.34 seconds
[SUCCESS] Action ActionType.PLACE succeeded for object /column0
[LOG] Transition logged to MongoDB: de766073-ebc9-47b6-83b5-832841f8993b - Episode 23
Selected action: Action(ActionType.PICK, obj=/column2, slot=None,grasp=GraspType.RIGHT_0) with motion param: top_0
here
[EXEC] Picking /column2 with top_0

[INFO] Found 256 potential configurations.
[WARN] No valid configuration found (all tested configs invalid).
[EXEC] Action ActionType.PICK executed in 7.64 seconds
[ERROR] Action ActionType.PICK failed for object /column2
[LOG] Transition logged to MongoDB: de766073-ebc9-47b6-83b5-832841f8993b - Episode 23
Selected action: Action(ActionType.PICK, obj=/column2, slot=None,grasp=GraspType.TOP_0) with motion param: right_0
here
[EXEC] Picking /column2 with right_0
[ERROR] No IK configurations found for desired pick pose.
[EXEC] Action ActionType.PICK executed in 1.02 seconds
[ERROR] Action ActionType.PICK failed for object /column2
[LOG] Transition logged to MongoDB: de766073-ebc9-47b6-83b5-832841f8993b - Episode 23
Selected action: Action(ActionType.PICK, obj=/column0, slot=None,grasp=GraspType.TOP_0) with motion param: left_0
here
[EXEC] Picking /column0 with left_0

[INFO] Found 3392 potential configurations.
[WARN] No valid configuration found (all tested configs invalid).
[EXEC] Action ActionType.PICK executed in 4.43 seconds
[ERROR] Action ActionType.PICK failed for object /column0
[LOG] Transition logged to MongoDB: de766073-ebc9-47b6-83b5-832841f8993b - Episode 23
Selected action: Action(ActionType.PICK, obj=/column0, slot=None,grasp=GraspType.LEFT_0) with motion param: front_270
here
[EXEC] Picking /column0 with front_270

[INFO] Found 3072 potential configurations.
[INFO] Motion completed successfully with result: success,in execution time: 2.16 seconds
[INFO] Found a reachable configuration for pick action after 1 attempts.
Tip distance after pick: 0.021307500181635207
[INFO] Pick action completed successfully.in execution time: 2.16 seconds
[EXEC] Action ActionType.PICK executed in 13.41 seconds
[SUCCESS] Action ActionType.PICK succeeded for object /column0
[LOG] Transition logged to MongoDB: de766073-ebc9-47b6-83b5-832841f8993b - Episode 23
Selected action: Action(ActionType.PLACE, obj=/column0, slot=/region_0,grasp=GraspType.LEFT_0) with motion param: right_0
here
[EXEC] Placing at [0.35, 0.8, 0.521] with grasp right_0

[INFO] Found 3264 potential configurations.
[ERROR] Motion failed (collision or invalid path)
[ERROR] Motion result: no_path
[WARN] Failed to find a path to the selected place config on attempt 1.
[WARN] No path found to selected place config, discarding and trying next valid config...
[INFO] Motion completed successfully with result: success,in execution time: 6.08 seconds
[INFO] Found a reachable configuration for place action after 2 attempts.
[INFO] Place action completed successfully.
realigning placed object /column0 to target position
[EXEC] Action ActionType.PLACE executed in 27.30 seconds
[SUCCESS] Action ActionType.PLACE succeeded for object /column0
[LOG] Transition logged to MongoDB: de766073-ebc9-47b6-83b5-832841f8993b - Episode 23
Selected action: Action(ActionType.PICK, obj=/column0, slot=None,grasp=GraspType.FRONT_270) with motion param: front_270
here
[EXEC] Picking /column0 with front_270

[INFO] Found 4096 potential configurations.
[INFO] Motion completed successfully with result: success,in execution time: 3.04 seconds
[INFO] Found a reachable configuration for pick action after 1 attempts.
Tip distance after pick: 0.021719297794099764
[INFO] Pick action completed successfully.in execution time: 3.04 seconds
[EXEC] Action ActionType.PICK executed in 12.94 seconds
[SUCCESS] Action ActionType.PICK succeeded for object /column0
[LOG] Transition logged to MongoDB: de766073-ebc9-47b6-83b5-832841f8993b - Episode 23
Selected action: Action(ActionType.PLACE, obj=/column0, slot=/region_0,grasp=GraspType.RIGHT_0) with motion param: front_270
here
[EXEC] Placing at [0.35, 0.8, 0.521] with grasp front_270

[INFO] Found 2816 potential configurations.
[INFO] Motion completed successfully with result: success,in execution time: 0.76 seconds
[INFO] Found a reachable configuration for place action after 1 attempts.
[INFO] Place action completed successfully.
realigning placed object /column0 to target position
[EXEC] Action ActionType.PLACE executed in 17.53 seconds
[SUCCESS] Action ActionType.PLACE succeeded for object /column0
[LOG] Transition logged to MongoDB: de766073-ebc9-47b6-83b5-832841f8993b - Episode 23
Selected action: Action(ActionType.PICK, obj=/column1, slot=None,grasp=GraspType.TOP_0) with motion param: top_0
here
[EXEC] Picking /column1 with top_0

[INFO] Found 3712 potential configurations.
[WARN] No valid configuration found (all tested configs invalid).
[EXEC] Action ActionType.PICK executed in 29.53 seconds
[ERROR] Action ActionType.PICK failed for object /column1
[LOG] Transition logged to MongoDB: de766073-ebc9-47b6-83b5-832841f8993b - Episode 23
Selected action: Action(ActionType.PICK, obj=/column2, slot=None,grasp=GraspType.RIGHT_0) with motion param: front_270
here
[EXEC] Picking /column2 with front_270

[INFO] Found 1728 potential configurations.
[INFO] Motion completed successfully with result: success,in execution time: 2.16 seconds
[INFO] Found a reachable configuration for pick action after 1 attempts.
Tip distance after pick: 0.019473053842454083
[INFO] Pick action completed successfully.in execution time: 2.16 seconds
[EXEC] Action ActionType.PICK executed in 13.79 seconds
[SUCCESS] Action ActionType.PICK succeeded for object /column2
[LOG] Transition logged to MongoDB: de766073-ebc9-47b6-83b5-832841f8993b - Episode 23
Selected action: Action(ActionType.PLACE, obj=/column2, slot=/goal_1,grasp=GraspType.TOP_0) with motion param: top_0
here
[EXEC] Placing at [-0.2749999999999999, 1.0750000000000006, 0.5] with grasp top_0

[INFO] Found 1024 potential configurations.
[ERROR] Motion failed (collision or invalid path)
[ERROR] Motion result: no_path
[WARN] Failed to find a path to the selected place config on attempt 1.
[WARN] No path found to selected place config, discarding and trying next valid config...
[ERROR] Motion failed (collision or invalid path)
[ERROR] Motion result: no_path
[WARN] Failed to find a path to the selected place config on attempt 2.
[WARN] No path found to selected place config, discarding and trying next valid config...
[ERROR] Motion failed (collision or invalid path)
[ERROR] Motion result: no_path
[WARN] Failed to find a path to the selected place config on attempt 3.
[WARN] No path found to selected place config, discarding and trying next valid config...
[ERROR] Max IK attempts reached, place action failed.
[EXEC] Action ActionType.PLACE executed in 19.16 seconds
[ERROR] Action ActionType.PLACE failed for object /column2
[LOG] Transition logged to MongoDB: de766073-ebc9-47b6-83b5-832841f8993b - Episode 23
Selected action: Action(ActionType.PLACE, obj=/column2, slot=/region_2,grasp=GraspType.RIGHT_0) with motion param: left_0
here
[EXEC] Placing at [0.6, 0.80001, 0.5] with grasp left_0

[INFO] Found 3008 potential configurations.
[ERROR] Motion failed (collision or invalid path)
[ERROR] Motion result: no_path
[WARN] Failed to find a path to the selected place config on attempt 1.
[WARN] No path found to selected place config, discarding and trying next valid config...
[ERROR] Motion failed (collision or invalid path)
[ERROR] Motion result: no_path
[WARN] Failed to find a path to the selected place config on attempt 2.
[WARN] No path found to selected place config, discarding and trying next valid config...
[ERROR] Motion failed (collision or invalid path)
[ERROR] Motion result: no_path
[WARN] Failed to find a path to the selected place config on attempt 3.
[WARN] No path found to selected place config, discarding and trying next valid config...
[ERROR] Max IK attempts reached, place action failed.
[EXEC] Action ActionType.PLACE executed in 20.45 seconds
[ERROR] Action ActionType.PLACE failed for object /column2
[LOG] Transition logged to MongoDB: de766073-ebc9-47b6-83b5-832841f8993b - Episode 23
Selected action: Action(ActionType.PLACE, obj=/column2, slot=/goal_0,grasp=GraspType.RIGHT_0) with motion param: top_0
here
[EXEC] Placing at [-0.27499999999999986, 0.8250000000000005, 0.5] with grasp top_0

[INFO] Found 3968 potential configurations.
[INFO] Motion completed successfully with result: success,in execution time: 4.88 seconds
[INFO] Found a reachable configuration for place action after 1 attempts.
[INFO] Place action completed successfully.
realigning placed object /column2 to target position
[EXEC] Action ActionType.PLACE executed in 27.00 seconds
[SUCCESS] Action ActionType.PLACE succeeded for object /column2
[LOG] Transition logged to MongoDB: de766073-ebc9-47b6-83b5-832841f8993b - Episode 23
Selected action: Action(ActionType.PICK, obj=/column1, slot=None,grasp=GraspType.TOP_0) with motion param: left_0
here
[EXEC] Picking /column1 with left_0
[ERROR] No IK configurations found for desired pick pose.
[EXEC] Action ActionType.PICK executed in 1.04 seconds
[ERROR] Action ActionType.PICK failed for object /column1
[LOG] Transition logged to MongoDB: de766073-ebc9-47b6-83b5-832841f8993b - Episode 23
Selected action: Action(ActionType.PICK, obj=/column0, slot=None,grasp=GraspType.FRONT_270) with motion param: left_0
here
[EXEC] Picking /column0 with left_0

[INFO] Found 3008 potential configurations.
[INFO] Motion completed successfully with result: success,in execution time: 7.00 seconds
[INFO] Found a reachable configuration for pick action after 1 attempts.
Tip distance after pick: 0.021010675226526044
[INFO] Pick action completed successfully.in execution time: 7.00 seconds
[EXEC] Action ActionType.PICK executed in 23.23 seconds
[SUCCESS] Action ActionType.PICK succeeded for object /column0
[LOG] Transition logged to MongoDB: de766073-ebc9-47b6-83b5-832841f8993b - Episode 23
Selected action: Action(ActionType.PLACE, obj=/column0, slot=/region_2,grasp=GraspType.TOP_0) with motion param: right_0
here
[EXEC] Placing at [0.6, 0.80001, 0.5] with grasp right_0
[ERROR] No IK configurations found for desired place pose.
[EXEC] Action ActionType.PLACE executed in 1.02 seconds
[ERROR] Action ActionType.PLACE failed for object /column0
[LOG] Transition logged to MongoDB: de766073-ebc9-47b6-83b5-832841f8993b - Episode 23
Selected action: Action(ActionType.PLACE, obj=/column0, slot=/region_2,grasp=GraspType.RIGHT_0) with motion param: top_0
here
[EXEC] Placing at [0.6, 0.80001, 0.5] with grasp top_0

[INFO] Found 2624 potential configurations.
[INFO] Motion completed successfully with result: success,in execution time: 4.24 seconds
[INFO] Found a reachable configuration for place action after 1 attempts.
[INFO] Place action completed successfully.
realigning placed object /column0 to target position
[EXEC] Action ActionType.PLACE executed in 27.05 seconds
[SUCCESS] Action ActionType.PLACE succeeded for object /column0
[LOG] Transition logged to MongoDB: de766073-ebc9-47b6-83b5-832841f8993b - Episode 23
Selected action: Action(ActionType.PICK, obj=/column1, slot=None,grasp=GraspType.LEFT_0) with motion param: front_270
here
[EXEC] Picking /column1 with front_270

[INFO] Found 3712 potential configurations.
[WARN] No valid configuration found (all tested configs invalid).
[EXEC] Action ActionType.PICK executed in 2.85 seconds
[ERROR] Action ActionType.PICK failed for object /column1
[LOG] Transition logged to MongoDB: de766073-ebc9-47b6-83b5-832841f8993b - Episode 23
Selected action: Action(ActionType.PICK, obj=/column2, slot=None,grasp=GraspType.FRONT_270) with motion param: left_0
here
[EXEC] Picking /column2 with left_0

[INFO] Found 4224 potential configurations.
[WARN] No valid configuration found (all tested configs invalid).
[EXEC] Action ActionType.PICK executed in 3.42 seconds
[ERROR] Action ActionType.PICK failed for object /column2
[LOG] Transition logged to MongoDB: de766073-ebc9-47b6-83b5-832841f8993b - Episode 23
Selected action: Action(ActionType.PICK, obj=/column2, slot=None,grasp=GraspType.LEFT_0) with motion param: right_0
here
[EXEC] Picking /column2 with right_0

[INFO] Found 4096 potential configurations.
[INFO] Motion completed successfully with result: success,in execution time: 8.84 seconds
[INFO] Found a reachable configuration for pick action after 1 attempts.
Tip distance after pick: 0.021400749800728838
[INFO] Pick action completed successfully.in execution time: 8.84 seconds
[EXEC] Action ActionType.PICK executed in 24.49 seconds
[SUCCESS] Action ActionType.PICK succeeded for object /column2
[LOG] Transition logged to MongoDB: de766073-ebc9-47b6-83b5-832841f8993b - Episode 23
Selected action: Action(ActionType.PLACE, obj=/column2, slot=/goal_1,grasp=GraspType.TOP_0) with motion param: front_270
here
[EXEC] Placing at [-0.2749999999999999, 1.0750000000000006, 0.5] with grasp front_270

[INFO] Found 3200 potential configurations.
[INFO] Motion completed successfully with result: success,in execution time: 6.92 seconds
[INFO] Found a reachable configuration for place action after 1 attempts.
[INFO] Place action completed successfully.
realigning placed object /column2 to target position
[EXEC] Action ActionType.PLACE executed in 34.93 seconds
[SUCCESS] Action ActionType.PLACE succeeded for object /column2
[LOG] Transition logged to MongoDB: de766073-ebc9-47b6-83b5-832841f8993b - Episode 23
Selected action: Action(ActionType.PICK, obj=/column1, slot=None,grasp=GraspType.FRONT_270) with motion param: top_0
here
[EXEC] Picking /column1 with top_0

[INFO] Found 3584 potential configurations.
[WARN] No valid configuration found (all tested configs invalid).
[EXEC] Action ActionType.PICK executed in 24.41 seconds
[ERROR] Action ActionType.PICK failed for object /column1
[LOG] Transition logged to MongoDB: de766073-ebc9-47b6-83b5-832841f8993b - Episode 23
Selected action: Action(ActionType.PICK, obj=/column1, slot=None,grasp=GraspType.TOP_0) with motion param: left_0
here
[EXEC] Picking /column1 with left_0
[ERROR] No IK configurations found for desired pick pose.
[EXEC] Action ActionType.PICK executed in 1.02 seconds
[ERROR] Action ActionType.PICK failed for object /column1
[LOG] Transition logged to MongoDB: de766073-ebc9-47b6-83b5-832841f8993b - Episode 23
Selected action: Action(ActionType.PICK, obj=/column2, slot=None,grasp=GraspType.RIGHT_0) with motion param: right_0
here
[EXEC] Picking /column2 with right_0

[INFO] Found 1920 potential configurations.
[INFO] Motion completed successfully with result: success,in execution time: 9.72 seconds
[INFO] Found a reachable configuration for pick action after 1 attempts.
Tip distance after pick: 0.018074370299915793
[INFO] Pick action completed successfully.in execution time: 9.72 seconds
[EXEC] Action ActionType.PICK executed in 29.25 seconds
[SUCCESS] Action ActionType.PICK succeeded for object /column2
[LOG] Transition logged to MongoDB: de766073-ebc9-47b6-83b5-832841f8993b - Episode 23
Selected action: Action(ActionType.PLACE, obj=/column2, slot=/goal_0,grasp=GraspType.TOP_0) with motion param: right_0
here
[EXEC] Placing at [-0.27499999999999986, 0.8250000000000005, 0.5] with grasp right_0

[INFO] Found 3264 potential configurations.
[ERROR] Motion failed (collision or invalid path)
[ERROR] Motion result: no_path
[WARN] Failed to find a path to the selected place config on attempt 1.
[WARN] No path found to selected place config, discarding and trying next valid config...
[INFO] Motion completed successfully with result: success,in execution time: 2.16 seconds
[INFO] Found a reachable configuration for place action after 2 attempts.
[INFO] Place action completed successfully.
realigning placed object /column2 to target position
[EXEC] Action ActionType.PLACE executed in 19.61 seconds
[SUCCESS] Action ActionType.PLACE succeeded for object /column2
[LOG] Transition logged to MongoDB: de766073-ebc9-47b6-83b5-832841f8993b - Episode 23
Selected action: Action(ActionType.PICK, obj=/column0, slot=None,grasp=GraspType.LEFT_0) with motion param: top_0
here
[EXEC] Picking /column0 with top_0

[INFO] Found 4416 potential configurations.
[INFO] Motion completed successfully with result: success,in execution time: 3.48 seconds
[INFO] Found a reachable configuration for pick action after 1 attempts.
Tip distance after pick: 0.027997925891848203
[INFO] Pick action completed successfully.in execution time: 3.48 seconds
[EXEC] Action ActionType.PICK executed in 20.44 seconds
[SUCCESS] Action ActionType.PICK succeeded for object /column0
[LOG] Transition logged to MongoDB: de766073-ebc9-47b6-83b5-832841f8993b - Episode 23
Selected action: Action(ActionType.PLACE, obj=/column0, slot=/goal_1,grasp=GraspType.FRONT_270) with motion param: right_0
here
[EXEC] Placing at [-0.2749999999999999, 1.0750000000000006, 0.5] with grasp right_0

[INFO] Found 2624 potential configurations.
[INFO] Motion completed successfully with result: success,in execution time: 9.00 seconds
[INFO] Found a reachable configuration for place action after 1 attempts.
[INFO] Place action completed successfully.
realigning placed object /column0 to target position
[EXEC] Action ActionType.PLACE executed in 20.53 seconds
[SUCCESS] Action ActionType.PLACE succeeded for object /column0
[LOG] Transition logged to MongoDB: de766073-ebc9-47b6-83b5-832841f8993b - Episode 23
Selected action: Action(ActionType.PICK, obj=/column2, slot=None,grasp=GraspType.RIGHT_0) with motion param: left_0
here
[EXEC] Picking /column2 with left_0

[INFO] Found 2752 potential configurations.
[INFO] Motion completed successfully with result: success,in execution time: 10.36 seconds
[INFO] Found a reachable configuration for pick action after 1 attempts.
Tip distance after pick: 0.02054333660797774
[INFO] Pick action completed successfully.in execution time: 10.36 seconds
[EXEC] Action ActionType.PICK executed in 35.19 seconds
[SUCCESS] Action ActionType.PICK succeeded for object /column2
[LOG] Transition logged to MongoDB: de766073-ebc9-47b6-83b5-832841f8993b - Episode 23
Selected action: Action(ActionType.PLACE, obj=/column2, slot=/goal_2,grasp=None) with motion param: front_270
here
[EXEC] Placing at [-0.6000000000000001, 0.8250000000000003, 0.5] with grasp front_270

[INFO] Found 3712 potential configurations.
[WARN] No valid configuration found (all tested configs invalid).
[EXEC] Action ActionType.PLACE executed in 3.14 seconds
[ERROR] Action ActionType.PLACE failed for object /column2
[LOG] Transition logged to MongoDB: de766073-ebc9-47b6-83b5-832841f8993b - Episode 23
Selected action: Action(ActionType.PLACE, obj=/column2, slot=/region_0,grasp=GraspType.FRONT_270) with motion param: right_0
here
[EXEC] Placing at [0.35, 0.8, 0.521] with grasp right_0

[INFO] Found 3712 potential configurations.
[INFO] Motion completed successfully with result: success,in execution time: 11.52 seconds
[INFO] Found a reachable configuration for place action after 1 attempts.
[INFO] Place action completed successfully.
realigning placed object /column2 to target position
[EXEC] Action ActionType.PLACE executed in 27.44 seconds
[SUCCESS] Action ActionType.PLACE succeeded for object /column2
[LOG] Transition logged to MongoDB: de766073-ebc9-47b6-83b5-832841f8993b - Episode 23
Selected action: Action(ActionType.PICK, obj=/column2, slot=None,grasp=GraspType.LEFT_0) with motion param: front_270
here
[EXEC] Picking /column2 with front_270

[INFO] Found 4672 potential configurations.
[INFO] Motion completed successfully with result: success,in execution time: 3.12 seconds
[INFO] Found a reachable configuration for pick action after 1 attempts.
Tip distance after pick: 0.028138113558371394
[INFO] Pick action completed successfully.in execution time: 3.12 seconds
[EXEC] Action ActionType.PICK executed in 14.79 seconds
[SUCCESS] Action ActionType.PICK succeeded for object /column2
[LOG] Transition logged to MongoDB: de766073-ebc9-47b6-83b5-832841f8993b - Episode 23
Selected action: Action(ActionType.PLACE, obj=/column2, slot=/region_0,grasp=GraspType.RIGHT_0) with motion param: right_0
here
[EXEC] Placing at [0.35, 0.8, 0.521] with grasp right_0

[INFO] Found 4864 potential configurations.
[INFO] Motion completed successfully with result: success,in execution time: 3.16 seconds
[INFO] Found a reachable configuration for place action after 1 attempts.
[INFO] Place action completed successfully.
realigning placed object /column2 to target position
[EXEC] Action ActionType.PLACE executed in 16.58 seconds
[SUCCESS] Action ActionType.PLACE succeeded for object /column2
[LOG] Transition logged to MongoDB: de766073-ebc9-47b6-83b5-832841f8993b - Episode 23
Selected action: Action(ActionType.PICK, obj=/column0, slot=None,grasp=GraspType.TOP_0) with motion param: front_270
here
[EXEC] Picking /column0 with front_270

[INFO] Found 3584 potential configurations.
[INFO] Motion completed successfully with result: success,in execution time: 6.16 seconds
[INFO] Found a reachable configuration for pick action after 1 attempts.
Tip distance after pick: 0.020793794119899855
[INFO] Pick action completed successfully.in execution time: 6.16 seconds
[EXEC] Action ActionType.PICK executed in 26.45 seconds
[SUCCESS] Action ActionType.PICK succeeded for object /column0
[LOG] Transition logged to MongoDB: de766073-ebc9-47b6-83b5-832841f8993b - Episode 23
Selected action: Action(ActionType.PLACE, obj=/column0, slot=/goal_0,grasp=GraspType.FRONT_270) with motion param: right_0
here
[EXEC] Placing at [-0.27499999999999986, 0.8250000000000005, 0.5] with grasp right_0

[INFO] Found 3008 potential configurations.
[INFO] Motion completed successfully with result: success,in execution time: 3.40 seconds
[INFO] Found a reachable configuration for place action after 1 attempts.
[INFO] Place action completed successfully.
realigning placed object /column0 to target position
[EXEC] Action ActionType.PLACE executed in 17.22 seconds
[SUCCESS] Action ActionType.PLACE succeeded for object /column0
[LOG] Transition logged to MongoDB: de766073-ebc9-47b6-83b5-832841f8993b - Episode 23
Selected action: Action(ActionType.PICK, obj=/column2, slot=None,grasp=GraspType.FRONT_270) with motion param: right_0
here
[EXEC] Picking /column2 with right_0

[INFO] Found 1728 potential configurations.
[INFO] Motion completed successfully with result: success,in execution time: 3.64 seconds
[INFO] Found a reachable configuration for pick action after 1 attempts.
Tip distance after pick: 0.019779144725033376
[INFO] Pick action completed successfully.in execution time: 3.64 seconds
[EXEC] Action ActionType.PICK executed in 13.21 seconds
[SUCCESS] Action ActionType.PICK succeeded for object /column2
[LOG] Transition logged to MongoDB: de766073-ebc9-47b6-83b5-832841f8993b - Episode 23
Selected action: Action(ActionType.PLACE, obj=/column2, slot=/region_2,grasp=GraspType.LEFT_0) with motion param: top_0
here
[EXEC] Placing at [0.6, 0.80001, 0.5] with grasp top_0

[INFO] Found 2304 potential configurations.
[INFO] Motion completed successfully with result: success,in execution time: 3.00 seconds
[INFO] Found a reachable configuration for place action after 1 attempts.
[INFO] Place action completed successfully.
realigning placed object /column2 to target position
[EXEC] Action ActionType.PLACE executed in 18.90 seconds
[SUCCESS] Action ActionType.PLACE succeeded for object /column2
[LOG] Transition logged to MongoDB: de766073-ebc9-47b6-83b5-832841f8993b - Episode 23
Selected action: Action(ActionType.PICK, obj=/column2, slot=None,grasp=GraspType.RIGHT_0) with motion param: top_0
here
[EXEC] Picking /column2 with top_0

[INFO] Found 1792 potential configurations.
[INFO] Motion completed successfully with result: success,in execution time: 1.68 seconds
[INFO] Found a reachable configuration for pick action after 1 attempts.
Tip distance after pick: 0.027860126205406687
[INFO] Pick action completed successfully.in execution time: 1.68 seconds
[EXEC] Action ActionType.PICK executed in 15.51 seconds
[SUCCESS] Action ActionType.PICK succeeded for object /column2
[LOG] Transition logged to MongoDB: de766073-ebc9-47b6-83b5-832841f8993b - Episode 23
Selected action: Action(ActionType.PLACE, obj=/column2, slot=/goal_2,grasp=GraspType.FRONT_270) with motion param: right_0
here
[EXEC] Placing at [-0.6000000000000001, 0.8250000000000003, 0.5] with grasp right_0

[INFO] Found 2112 potential configurations.
[INFO] Motion completed successfully with result: success,in execution time: 8.88 seconds
[INFO] Found a reachable configuration for place action after 1 attempts.
[INFO] Place action completed successfully.
realigning placed object /column2 to target position
[EXEC] Action ActionType.PLACE executed in 29.71 seconds
[SUCCESS] Action ActionType.PLACE succeeded for object /column2
[LOG] Transition logged to MongoDB: de766073-ebc9-47b6-83b5-832841f8993b - Episode 23
Selected action: Action(ActionType.PICK, obj=/column2, slot=None,grasp=GraspType.TOP_0) with motion param: left_0
here
[EXEC] Picking /column2 with left_0
[ERROR] No IK configurations found for desired pick pose.
[EXEC] Action ActionType.PICK executed in 1.02 seconds
[ERROR] Action ActionType.PICK failed for object /column2
[LOG] Transition logged to MongoDB: de766073-ebc9-47b6-83b5-832841f8993b - Episode 23
Selected action: Action(ActionType.PICK, obj=/column0, slot=None,grasp=GraspType.FRONT_270) with motion param: front_270
here
[EXEC] Picking /column0 with front_270

[INFO] Found 3456 potential configurations.
[INFO] Motion completed successfully with result: success,in execution time: 3.28 seconds
[INFO] Found a reachable configuration for pick action after 1 attempts.
Tip distance after pick: 0.02185314711529765
[INFO] Pick action completed successfully.in execution time: 3.28 seconds
[EXEC] Action ActionType.PICK executed in 13.27 seconds
[SUCCESS] Action ActionType.PICK succeeded for object /column0
[LOG] Transition logged to MongoDB: de766073-ebc9-47b6-83b5-832841f8993b - Episode 23
Selected action: Action(ActionType.PLACE, obj=/column0, slot=/goal_1,grasp=GraspType.RIGHT_0) with motion param: top_0
here
[EXEC] Placing at [-0.2749999999999999, 1.0750000000000006, 0.5] with grasp top_0

[INFO] Found 1344 potential configurations.
[INFO] Motion completed successfully with result: success,in execution time: 6.24 seconds
[INFO] Found a reachable configuration for place action after 1 attempts.
[INFO] Place action completed successfully.
realigning placed object /column0 to target position
[EXEC] Action ActionType.PLACE executed in 26.44 seconds
[SUCCESS] Action ActionType.PLACE succeeded for object /column0
[LOG] Transition logged to MongoDB: de766073-ebc9-47b6-83b5-832841f8993b - Episode 23
Selected action: Action(ActionType.PICK, obj=/column1, slot=None,grasp=GraspType.LEFT_0) with motion param: top_0
here
[EXEC] Picking /column1 with top_0

[INFO] Found 448 potential configurations.
[WARN] No valid configuration found (all tested configs invalid).
[EXEC] Action ActionType.PICK executed in 12.19 seconds
[ERROR] Action ActionType.PICK failed for object /column1
[LOG] Transition logged to MongoDB: de766073-ebc9-47b6-83b5-832841f8993b - Episode 23
Selected action: Action(ActionType.PICK, obj=/column1, slot=None,grasp=GraspType.TOP_0) with motion param: right_0
here
[EXEC] Picking /column1 with right_0
[ERROR] No IK configurations found for desired pick pose.
[EXEC] Action ActionType.PICK executed in 1.02 seconds
[ERROR] Action ActionType.PICK failed for object /column1
[LOG] Transition logged to MongoDB: de766073-ebc9-47b6-83b5-832841f8993b - Episode 23
Selected action: Action(ActionType.PICK, obj=/column1, slot=None,grasp=GraspType.RIGHT_0) with motion param: top_0
here
[EXEC] Picking /column1 with top_0

[INFO] Found 384 potential configurations.
[WARN] No valid configuration found (all tested configs invalid).
[EXEC] Action ActionType.PICK executed in 9.65 seconds
[ERROR] Action ActionType.PICK failed for object /column1
[LOG] Transition logged to MongoDB: de766073-ebc9-47b6-83b5-832841f8993b - Episode 23
Selected action: Action(ActionType.PICK, obj=/column1, slot=None,grasp=GraspType.TOP_0) with motion param: left_0
here
[EXEC] Picking /column1 with left_0

[INFO] Found 1024 potential configurations.
[WARN] No valid configuration found (all tested configs invalid).
[EXEC] Action ActionType.PICK executed in 1.51 seconds
[ERROR] Action ActionType.PICK failed for object /column1
[LOG] Transition logged to MongoDB: de766073-ebc9-47b6-83b5-832841f8993b - Episode 23
Selected action: Action(ActionType.PICK, obj=/column1, slot=None,grasp=GraspType.LEFT_0) with motion param: front_270
here
[EXEC] Picking /column1 with front_270

[INFO] Found 3008 potential configurations.
[INFO] Motion completed successfully with result: success,in execution time: 8.60 seconds
[INFO] Found a reachable configuration for pick action after 1 attempts.
Tip distance after pick: 0.02064073160376146
[INFO] Pick action completed successfully.in execution time: 8.60 seconds
[EXEC] Action ActionType.PICK executed in 20.36 seconds
[SUCCESS] Action ActionType.PICK succeeded for object /column1
[LOG] Transition logged to MongoDB: de766073-ebc9-47b6-83b5-832841f8993b - Episode 23
Selected action: Action(ActionType.PLACE, obj=/column1, slot=/region_2,grasp=GraspType.RIGHT_0) with motion param: left_0
here
[EXEC] Placing at [0.6, 0.80001, 0.5] with grasp left_0

[INFO] Found 3264 potential configurations.
[INFO] Motion completed successfully with result: success,in execution time: 5.32 seconds
[INFO] Found a reachable configuration for place action after 1 attempts.
[INFO] Place action completed successfully.
realigning placed object /column1 to target position
[EXEC] Action ActionType.PLACE executed in 24.61 seconds
[SUCCESS] Action ActionType.PLACE succeeded for object /column1
[LOG] Transition logged to MongoDB: de766073-ebc9-47b6-83b5-832841f8993b - Episode 23
Selected action: Action(ActionType.PICK, obj=/column2, slot=None,grasp=GraspType.LEFT_0) with motion param: left_0
here
[EXEC] Picking /column2 with left_0
[ERROR] No IK configurations found for desired pick pose.
[EXEC] Action ActionType.PICK executed in 1.02 seconds
[ERROR] Action ActionType.PICK failed for object /column2
[LOG] Transition logged to MongoDB: de766073-ebc9-47b6-83b5-832841f8993b - Episode 23
Selected action: Action(ActionType.PICK, obj=/column2, slot=None,grasp=GraspType.LEFT_0) with motion param: left_0
here
[EXEC] Picking /column2 with left_0
[ERROR] No IK configurations found for desired pick pose.
[EXEC] Action ActionType.PICK executed in 1.02 seconds
[ERROR] Action ActionType.PICK failed for object /column2
[LOG] Transition logged to MongoDB: de766073-ebc9-47b6-83b5-832841f8993b - Episode 23
Selected action: Action(ActionType.PICK, obj=/column2, slot=None,grasp=GraspType.LEFT_0) with motion param: top_0
here
[EXEC] Picking /column2 with top_0

[INFO] Found 3520 potential configurations.
[WARN] No valid configuration found (all tested configs invalid).
[EXEC] Action ActionType.PICK executed in 24.12 seconds
[ERROR] Action ActionType.PICK failed for object /column2
[LOG] Transition logged to MongoDB: de766073-ebc9-47b6-83b5-832841f8993b - Episode 23
Selected action: Action(ActionType.PICK, obj=/column0, slot=None,grasp=GraspType.FRONT_270) with motion param: right_0
here
[EXEC] Picking /column0 with right_0

[INFO] Found 2880 potential configurations.
[WARN] No valid configuration found (all tested configs invalid).
[EXEC] Action ActionType.PICK executed in 2.26 seconds
[ERROR] Action ActionType.PICK failed for object /column0
[LOG] Transition logged to MongoDB: de766073-ebc9-47b6-83b5-832841f8993b - Episode 23
Selected action: Action(ActionType.PICK, obj=/column1, slot=None,grasp=GraspType.FRONT_270) with motion param: front_270
here
[EXEC] Picking /column1 with front_270

[INFO] Found 4672 potential configurations.
[INFO] Motion completed successfully with result: success,in execution time: 7.04 seconds
[INFO] Found a reachable configuration for pick action after 1 attempts.
Tip distance after pick: 0.022116347282032985
[INFO] Pick action completed successfully.in execution time: 7.04 seconds
[EXEC] Action ActionType.PICK executed in 21.35 seconds
[SUCCESS] Action ActionType.PICK succeeded for object /column1
[LOG] Transition logged to MongoDB: de766073-ebc9-47b6-83b5-832841f8993b - Episode 23
Selected action: Action(ActionType.PLACE, obj=/column1, slot=/region_2,grasp=GraspType.LEFT_0) with motion param: left_0
here
[EXEC] Placing at [0.6, 0.80001, 0.5] with grasp left_0

[INFO] Found 2624 potential configurations.
[INFO] Motion completed successfully with result: success,in execution time: 5.28 seconds
[INFO] Found a reachable configuration for place action after 1 attempts.
[INFO] Place action completed successfully.
realigning placed object /column1 to target position
[EXEC] Action ActionType.PLACE executed in 26.87 seconds
[SUCCESS] Action ActionType.PLACE succeeded for object /column1
[LOG] Transition logged to MongoDB: de766073-ebc9-47b6-83b5-832841f8993b - Episode 23
Selected action: Action(ActionType.PICK, obj=/column2, slot=None,grasp=GraspType.TOP_0) with motion param: top_0
here
[EXEC] Picking /column2 with top_0

[INFO] Found 3904 potential configurations.
[WARN] No valid configuration found (all tested configs invalid).
[EXEC] Action ActionType.PICK executed in 28.67 seconds
[ERROR] Action ActionType.PICK failed for object /column2
[LOG] Transition logged to MongoDB: de766073-ebc9-47b6-83b5-832841f8993b - Episode 23
Selected action: Action(ActionType.PICK, obj=/column2, slot=None,grasp=GraspType.TOP_0) with motion param: front_270
here
[EXEC] Picking /column2 with front_270

[INFO] Found 3712 potential configurations.
[WARN] No valid configuration found (all tested configs invalid).
[EXEC] Action ActionType.PICK executed in 3.33 seconds
[ERROR] Action ActionType.PICK failed for object /column2
[LOG] Transition logged to MongoDB: de766073-ebc9-47b6-83b5-832841f8993b - Episode 23
Selected action: Action(ActionType.PICK, obj=/column1, slot=None,grasp=GraspType.FRONT_270) with motion param: front_270
here
[EXEC] Picking /column1 with front_270

[INFO] Found 3072 potential configurations.
[INFO] Motion completed successfully with result: success,in execution time: 5.28 seconds
[INFO] Found a reachable configuration for pick action after 1 attempts.
Tip distance after pick: 0.02014065343406542
[INFO] Pick action completed successfully.in execution time: 5.28 seconds
[EXEC] Action ActionType.PICK executed in 17.30 seconds
[SUCCESS] Action ActionType.PICK succeeded for object /column1
[LOG] Transition logged to MongoDB: de766073-ebc9-47b6-83b5-832841f8993b - Episode 23
Selected action: Action(ActionType.PLACE, obj=/column1, slot=/region_0,grasp=GraspType.FRONT_270) with motion param: front_270
here
[EXEC] Placing at [0.35, 0.8, 0.521] with grasp front_270

[INFO] Found 3648 potential configurations.
[INFO] Motion completed successfully with result: success,in execution time: 1.52 seconds
[INFO] Found a reachable configuration for place action after 1 attempts.
[INFO] Place action completed successfully.
realigning placed object /column1 to target position
[EXEC] Action ActionType.PLACE executed in 26.11 seconds
[SUCCESS] Action ActionType.PLACE succeeded for object /column1
[LOG] Transition logged to MongoDB: de766073-ebc9-47b6-83b5-832841f8993b - Episode 23
Selected action: Action(ActionType.PICK, obj=/column2, slot=None,grasp=GraspType.FRONT_270) with motion param: left_0
here
[EXEC] Picking /column2 with left_0
[ERROR] No IK configurations found for desired pick pose.
[EXEC] Action ActionType.PICK executed in 1.02 seconds
[ERROR] Action ActionType.PICK failed for object /column2
[LOG] Transition logged to MongoDB: de766073-ebc9-47b6-83b5-832841f8993b - Episode 23
Selected action: Action(ActionType.PICK, obj=/column2, slot=None,grasp=GraspType.LEFT_0) with motion param: left_0
here
[EXEC] Picking /column2 with left_0
[ERROR] No IK configurations found for desired pick pose.
[EXEC] Action ActionType.PICK executed in 1.02 seconds
[ERROR] Action ActionType.PICK failed for object /column2
[LOG] Transition logged to MongoDB: de766073-ebc9-47b6-83b5-832841f8993b - Episode 23
Selected action: Action(ActionType.PICK, obj=/column1, slot=None,grasp=GraspType.FRONT_270) with motion param: top_0
here
[EXEC] Picking /column1 with top_0

[INFO] Found 3584 potential configurations.
[INFO] Motion completed successfully with result: success,in execution time: 4.56 seconds
[INFO] Found a reachable configuration for pick action after 1 attempts.
Tip distance after pick: 0.027865704281951877
[INFO] Pick action completed successfully.in execution time: 4.56 seconds
[EXEC] Action ActionType.PICK executed in 32.10 seconds
[SUCCESS] Action ActionType.PICK succeeded for object /column1
[LOG] Transition logged to MongoDB: de766073-ebc9-47b6-83b5-832841f8993b - Episode 23
Selected action: Action(ActionType.PLACE, obj=/column1, slot=/region_0,grasp=GraspType.FRONT_270) with motion param: left_0
here
[EXEC] Placing at [0.35, 0.8, 0.521] with grasp left_0

[INFO] Found 3136 potential configurations.
[INFO] Motion completed successfully with result: success,in execution time: 3.28 seconds
[INFO] Found a reachable configuration for place action after 1 attempts.
[INFO] Place action completed successfully.
realigning placed object /column1 to target position
[EXEC] Action ActionType.PLACE executed in 16.00 seconds
[SUCCESS] Action ActionType.PLACE succeeded for object /column1
[LOG] Transition logged to MongoDB: de766073-ebc9-47b6-83b5-832841f8993b - Episode 23
Selected action: Action(ActionType.PICK, obj=/column0, slot=None,grasp=GraspType.RIGHT_0) with motion param: right_0
here
[EXEC] Picking /column0 with right_0

[INFO] Found 2272 potential configurations.
[WARN] No valid configuration found (all tested configs invalid).
[EXEC] Action ActionType.PICK executed in 2.03 seconds
[ERROR] Action ActionType.PICK failed for object /column0
[LOG] Transition logged to MongoDB: de766073-ebc9-47b6-83b5-832841f8993b - Episode 23
Selected action: Action(ActionType.PICK, obj=/column0, slot=None,grasp=GraspType.RIGHT_0) with motion param: right_0
here
[EXEC] Picking /column0 with right_0

[INFO] Found 2304 potential configurations.
[WARN] No valid configuration found (all tested configs invalid).
[EXEC] Action ActionType.PICK executed in 2.01 seconds
[ERROR] Action ActionType.PICK failed for object /column0
[LOG] Transition logged to MongoDB: de766073-ebc9-47b6-83b5-832841f8993b - Episode 23
Selected action: Action(ActionType.PICK, obj=/column1, slot=None,grasp=GraspType.TOP_0) with motion param: right_0
here
[EXEC] Picking /column1 with right_0

[INFO] Found 3072 potential configurations.
[INFO] Motion completed successfully with result: success,in execution time: 6.28 seconds
[INFO] Found a reachable configuration for pick action after 1 attempts.
Tip distance after pick: 0.019421871549274564
[INFO] Pick action completed successfully.in execution time: 6.28 seconds
[EXEC] Action ActionType.PICK executed in 19.06 seconds
[SUCCESS] Action ActionType.PICK succeeded for object /column1
[LOG] Transition logged to MongoDB: de766073-ebc9-47b6-83b5-832841f8993b - Episode 23
Selected action: Action(ActionType.PLACE, obj=/column1, slot=/region_2,grasp=GraspType.LEFT_0) with motion param: top_0
here
[EXEC] Placing at [0.6, 0.80001, 0.5] with grasp top_0

[INFO] Found 1344 potential configurations.
[INFO] Motion completed successfully with result: success,in execution time: 3.00 seconds
[INFO] Found a reachable configuration for place action after 1 attempts.
[INFO] Place action completed successfully.
realigning placed object /column1 to target position
[EXEC] Action ActionType.PLACE executed in 14.76 seconds
[SUCCESS] Action ActionType.PLACE succeeded for object /column1
[LOG] Transition logged to MongoDB: de766073-ebc9-47b6-83b5-832841f8993b - Episode 23
Selected action: Action(ActionType.PICK, obj=/column0, slot=None,grasp=GraspType.RIGHT_0) with motion param: front_270
here
[EXEC] Picking /column0 with front_270

[INFO] Found 3392 potential configurations.
[INFO] Motion completed successfully with result: success,in execution time: 8.92 seconds
[INFO] Found a reachable configuration for pick action after 1 attempts.
Tip distance after pick: 0.39814834335894606
[ERROR] Grasped object lost during pick action.
[EXEC] Action ActionType.PICK executed in 19.74 seconds
[ERROR] Action ActionType.PICK failed for object /column0
[LOG] Transition contains 'unknown' state, not logging to MongoDB.
Selected action: Action(ActionType.PICK, obj=/column1, slot=None,grasp=GraspType.RIGHT_0) with motion param: top_0
here
[EXEC] Picking /column1 with top_0

[INFO] Found 2432 potential configurations.
[INFO] Motion completed successfully with result: success,in execution time: 8.92 seconds
[INFO] Found a reachable configuration for pick action after 1 attempts.
Tip distance after pick: 0.027132114112515607
[INFO] Pick action completed successfully.in execution time: 8.92 seconds
[EXEC] Action ActionType.PICK executed in 31.98 seconds
[SUCCESS] Action ActionType.PICK succeeded for object /column1
[LOG] Transition contains 'unknown' state, not logging to MongoDB.
Selected action: Action(ActionType.PLACE, obj=/column1, slot=/region_0,grasp=GraspType.LEFT_0) with motion param: left_0
here
[EXEC] Placing at [0.35, 0.8, 0.521] with grasp left_0

[INFO] Found 2752 potential configurations.
[INFO] Motion completed successfully with result: success,in execution time: 3.76 seconds
[INFO] Found a reachable configuration for place action after 1 attempts.
[INFO] Place action completed successfully.
realigning placed object /column1 to target position
[EXEC] Action ActionType.PLACE executed in 25.89 seconds
[SUCCESS] Action ActionType.PLACE succeeded for object /column1
[LOG] Transition contains 'unknown' state, not logging to MongoDB.
Selected action: Action(ActionType.PICK, obj=/column2, slot=None,grasp=GraspType.LEFT_0) with motion param: left_0
here
[EXEC] Picking /column2 with left_0
[ERROR] No IK configurations found for desired pick pose.
[EXEC] Action ActionType.PICK executed in 1.02 seconds
[ERROR] Action ActionType.PICK failed for object /column2
[LOG] Transition contains 'unknown' state, not logging to MongoDB.
Selected action: Action(ActionType.PICK, obj=/column2, slot=None,grasp=GraspType.LEFT_0) with motion param: front_270
here
[EXEC] Picking /column2 with front_270

[INFO] Found 3264 potential configurations.
[WARN] No valid configuration found (all tested configs invalid).
[EXEC] Action ActionType.PICK executed in 2.46 seconds
[ERROR] Action ActionType.PICK failed for object /column2
[LOG] Transition contains 'unknown' state, not logging to MongoDB.
Selected action: Action(ActionType.PICK, obj=/column1, slot=None,grasp=GraspType.TOP_0) with motion param: front_270
here
[EXEC] Picking /column1 with front_270

[INFO] Found 4096 potential configurations.
[INFO] Motion completed successfully with result: success,in execution time: 9.40 seconds
[INFO] Found a reachable configuration for pick action after 1 attempts.
Tip distance after pick: 0.020844919120820968
[INFO] Pick action completed successfully.in execution time: 9.40 seconds
[EXEC] Action ActionType.PICK executed in 20.52 seconds
[SUCCESS] Action ActionType.PICK succeeded for object /column1
[LOG] Transition contains 'unknown' state, not logging to MongoDB.
Selected action: Action(ActionType.PLACE, obj=/column1, slot=/goal_1,grasp=GraspType.TOP_0) with motion param: front_270
here
[EXEC] Placing at [-0.2749999999999999, 1.0750000000000006, 0.5] with grasp front_270

[INFO] Found 2432 potential configurations.
[INFO] Motion completed successfully with result: success,in execution time: 8.76 seconds
[INFO] Found a reachable configuration for place action after 1 attempts.
[INFO] Place action completed successfully.
realigning placed object /column1 to target position
[EXEC] Action ActionType.PLACE executed in 28.54 seconds
[SUCCESS] Action ActionType.PLACE succeeded for object /column1
[LOG] Transition contains 'unknown' state, not logging to MongoDB.
Selected action: Action(ActionType.PICK, obj=/column1, slot=None,grasp=GraspType.FRONT_270) with motion param: left_0
here
[EXEC] Picking /column1 with left_0
[ERROR] No IK configurations found for desired pick pose.
[EXEC] Action ActionType.PICK executed in 1.02 seconds
[ERROR] Action ActionType.PICK failed for object /column1
[LOG] Transition contains 'unknown' state, not logging to MongoDB.
Selected action: Action(ActionType.PICK, obj=/column1, slot=None,grasp=GraspType.LEFT_0) with motion param: top_0
here
[EXEC] Picking /column1 with top_0

[INFO] Found 2112 potential configurations.
[INFO] Motion completed successfully with result: success,in execution time: 7.00 seconds
[INFO] Found a reachable configuration for pick action after 1 attempts.
Tip distance after pick: 0.025781551590470974
[INFO] Pick action completed successfully.in execution time: 7.00 seconds
[EXEC] Action ActionType.PICK executed in 22.04 seconds
[SUCCESS] Action ActionType.PICK succeeded for object /column1
[LOG] Transition contains 'unknown' state, not logging to MongoDB.
Selected action: Action(ActionType.PLACE, obj=/column1, slot=/region_2,grasp=GraspType.TOP_0) with motion param: front_270
here
[EXEC] Placing at [0.6, 0.80001, 0.5] with grasp front_270

[INFO] Found 2432 potential configurations.
[INFO] Motion completed successfully with result: success,in execution time: 10.36 seconds
[INFO] Found a reachable configuration for place action after 1 attempts.
[INFO] Place action completed successfully.
realigning placed object /column1 to target position
[EXEC] Action ActionType.PLACE executed in 25.22 seconds
[SUCCESS] Action ActionType.PLACE succeeded for object /column1
[LOG] Transition contains 'unknown' state, not logging to MongoDB.
Selected action: Action(ActionType.PICK, obj=/column0, slot=None,grasp=GraspType.FRONT_270) with motion param: front_270
here
[EXEC] Picking /column0 with front_270
[ERROR] No IK configurations found for desired pick pose.
[EXEC] Action ActionType.PICK executed in 1.02 seconds
[ERROR] Action ActionType.PICK failed for object /column0
[LOG] Transition contains 'unknown' state, not logging to MongoDB.
Selected action: Action(ActionType.PICK, obj=/column2, slot=None,grasp=GraspType.FRONT_270) with motion param: front_270
here
[EXEC] Picking /column2 with front_270

[INFO] Found 3712 potential configurations.
[WARN] No valid configuration found (all tested configs invalid).
[EXEC] Action ActionType.PICK executed in 3.00 seconds
[ERROR] Action ActionType.PICK failed for object /column2
[LOG] Transition contains 'unknown' state, not logging to MongoDB.
Selected action: Action(ActionType.PICK, obj=/column0, slot=None,grasp=GraspType.FRONT_270) with motion param: top_0
here
[EXEC] Picking /column0 with top_0

[INFO] Found 768 potential configurations.
[WARN] No valid configuration found (all tested configs invalid).
[EXEC] Action ActionType.PICK executed in 1.68 seconds
[ERROR] Action ActionType.PICK failed for object /column0
[LOG] Transition contains 'unknown' state, not logging to MongoDB.
Selected action: Action(ActionType.PICK, obj=/column0, slot=None,grasp=GraspType.TOP_0) with motion param: top_0
here
[EXEC] Picking /column0 with top_0

[INFO] Found 832 potential configurations.
[WARN] No valid configuration found (all tested configs invalid).
[EXEC] Action ActionType.PICK executed in 1.69 seconds
[ERROR] Action ActionType.PICK failed for object /column0
[LOG] Transition contains 'unknown' state, not logging to MongoDB.
Selected action: Action(ActionType.PICK, obj=/column0, slot=None,grasp=GraspType.TOP_0) with motion param: front_270
here
[EXEC] Picking /column0 with front_270
[ERROR] No IK configurations found for desired pick pose.
[EXEC] Action ActionType.PICK executed in 1.02 seconds
[ERROR] Action ActionType.PICK failed for object /column0
[LOG] Transition contains 'unknown' state, not logging to MongoDB.
Selected action: Action(ActionType.PICK, obj=/column2, slot=None,grasp=GraspType.FRONT_270) with motion param: right_0
here
[EXEC] Picking /column2 with right_0

[INFO] Found 2304 potential configurations.
[INFO] Motion completed successfully with result: success,in execution time: 5.88 seconds
[INFO] Found a reachable configuration for pick action after 1 attempts.
Tip distance after pick: 0.020959036520570844
[INFO] Pick action completed successfully.in execution time: 5.88 seconds
[EXEC] Action ActionType.PICK executed in 25.02 seconds
[SUCCESS] Action ActionType.PICK succeeded for object /column2
[LOG] Transition contains 'unknown' state, not logging to MongoDB.
Selected action: Action(ActionType.PLACE, obj=/column2, slot=/region_0,grasp=GraspType.RIGHT_0) with motion param: right_0
here
[EXEC] Placing at [0.35, 0.8, 0.521] with grasp right_0

[INFO] Found 2688 potential configurations.
[INFO] Motion completed successfully with result: success,in execution time: 8.12 seconds
[INFO] Found a reachable configuration for place action after 1 attempts.
[INFO] Place action completed successfully.
realigning placed object /column2 to target position
[EXEC] Action ActionType.PLACE executed in 22.70 seconds
[SUCCESS] Action ActionType.PLACE succeeded for object /column2
[LOG] Transition contains 'unknown' state, not logging to MongoDB.
Selected action: Action(ActionType.PICK, obj=/column1, slot=None,grasp=GraspType.TOP_0) with motion param: top_0
here
[EXEC] Picking /column1 with top_0

[INFO] Found 1664 potential configurations.
[INFO] Motion completed successfully with result: success,in execution time: 3.64 seconds
[INFO] Found a reachable configuration for pick action after 1 attempts.
Tip distance after pick: 0.026365437260021298
[INFO] Pick action completed successfully.in execution time: 3.64 seconds
[EXEC] Action ActionType.PICK executed in 21.77 seconds
[SUCCESS] Action ActionType.PICK succeeded for object /column1
[LOG] Transition contains 'unknown' state, not logging to MongoDB.
Selected action: Action(ActionType.PLACE, obj=/column1, slot=/goal_2,grasp=GraspType.RIGHT_0) with motion param: top_0
here
[EXEC] Placing at [-0.6000000000000001, 0.8250000000000003, 0.5] with grasp top_0

[INFO] Found 3648 potential configurations.
[WARN] No valid configuration found (all tested configs invalid).
[EXEC] Action ActionType.PLACE executed in 4.52 seconds
[ERROR] Action ActionType.PLACE failed for object /column1
[LOG] Transition contains 'unknown' state, not logging to MongoDB.
Selected action: Action(ActionType.PLACE, obj=/column1, slot=/goal_0,grasp=GraspType.RIGHT_0) with motion param: left_0
here
[EXEC] Placing at [-0.27499999999999986, 0.8250000000000005, 0.5] with grasp left_0

[INFO] Found 3776 potential configurations.
[WARN] No valid configuration found (all tested configs invalid).
[EXEC] Action ActionType.PLACE executed in 27.56 seconds
[ERROR] Action ActionType.PLACE failed for object /column1
[LOG] Transition contains 'unknown' state, not logging to MongoDB.
Selected action: Action(ActionType.PLACE, obj=/column1, slot=/region_1,grasp=None) with motion param: right_0
here
[EXEC] Placing at [0.6, 1.075, 0.5] with grasp right_0
[ERROR] No IK configurations found for desired place pose.
[EXEC] Action ActionType.PLACE executed in 1.02 seconds
[ERROR] Action ActionType.PLACE failed for object /column1
[LOG] Transition contains 'unknown' state, not logging to MongoDB.
Selected action: Action(ActionType.PLACE, obj=/column1, slot=/region_1,grasp=GraspType.RIGHT_0) with motion param: top_0
here
[EXEC] Placing at [0.6, 1.075, 0.5] with grasp top_0

[INFO] Found 576 potential configurations.
[WARN] No valid configuration found (all tested configs invalid).
[EXEC] Action ActionType.PLACE executed in 1.46 seconds
[ERROR] Action ActionType.PLACE failed for object /column1
[LOG] Transition contains 'unknown' state, not logging to MongoDB.
Selected action: Action(ActionType.PLACE, obj=/column1, slot=/goal_0,grasp=GraspType.LEFT_0) with motion param: top_0
here
[EXEC] Placing at [-0.27499999999999986, 0.8250000000000005, 0.5] with grasp top_0

[INFO] Found 3968 potential configurations.
[INFO] Motion completed successfully with result: success,in execution time: 9.24 seconds
[INFO] Found a reachable configuration for place action after 1 attempts.
[INFO] Place action completed successfully.
realigning placed object /column1 to target position
[EXEC] Action ActionType.PLACE executed in 20.17 seconds
[SUCCESS] Action ActionType.PLACE succeeded for object /column1
[LOG] Transition contains 'unknown' state, not logging to MongoDB.
Selected action: Action(ActionType.PICK, obj=/column2, slot=None,grasp=GraspType.RIGHT_0) with motion param: left_0
here
[EXEC] Picking /column2 with left_0

[INFO] Found 3584 potential configurations.
[INFO] Motion completed successfully with result: success,in execution time: 11.68 seconds
[INFO] Found a reachable configuration for pick action after 1 attempts.
Tip distance after pick: 0.02130572817297492
[INFO] Pick action completed successfully.in execution time: 11.68 seconds
[EXEC] Action ActionType.PICK executed in 46.53 seconds
[SUCCESS] Action ActionType.PICK succeeded for object /column2
[LOG] Transition contains 'unknown' state, not logging to MongoDB.
Selected action: Action(ActionType.PLACE, obj=/column2, slot=/region_0,grasp=GraspType.RIGHT_0) with motion param: left_0
here
[EXEC] Placing at [0.35, 0.8, 0.521] with grasp left_0

[INFO] Found 3584 potential configurations.
[INFO] Motion completed successfully with result: success,in execution time: 0.64 seconds
[INFO] Found a reachable configuration for place action after 1 attempts.
[INFO] Place action completed successfully.
realigning placed object /column2 to target position
[EXEC] Action ActionType.PLACE executed in 15.03 seconds
[SUCCESS] Action ActionType.PLACE succeeded for object /column2
[LOG] Transition contains 'unknown' state, not logging to MongoDB.
Selected action: Action(ActionType.PICK, obj=/column2, slot=None,grasp=GraspType.LEFT_0) with motion param: top_0
here
[EXEC] Picking /column2 with top_0

[INFO] Found 4224 potential configurations.
[INFO] Motion completed successfully with result: success,in execution time: 10.08 seconds
[INFO] Found a reachable configuration for pick action after 1 attempts.
Tip distance after pick: 0.027871472999372843
[INFO] Pick action completed successfully.in execution time: 10.08 seconds
[EXEC] Action ActionType.PICK executed in 26.50 seconds
[SUCCESS] Action ActionType.PICK succeeded for object /column2
[LOG] Transition contains 'unknown' state, not logging to MongoDB.
Selected action: Action(ActionType.PLACE, obj=/column2, slot=/goal_1,grasp=GraspType.FRONT_270) with motion param: right_0
here
[EXEC] Placing at [-0.2749999999999999, 1.0750000000000006, 0.5] with grasp right_0

[INFO] Found 1920 potential configurations.
[INFO] Motion completed successfully with result: success,in execution time: 9.84 seconds
[INFO] Found a reachable configuration for place action after 1 attempts.
[INFO] Place action completed successfully.
realigning placed object /column2 to target position
[EXEC] Action ActionType.PLACE executed in 29.87 seconds
[SUCCESS] Action ActionType.PLACE succeeded for object /column2
[LOG] Transition contains 'unknown' state, not logging to MongoDB.
Selected action: Action(ActionType.PICK, obj=/column1, slot=None,grasp=GraspType.TOP_0) with motion param: left_0
here
[EXEC] Picking /column1 with left_0

[INFO] Found 3200 potential configurations.
[ERROR] Motion failed (collision or invalid path)
[ERROR] Motion result: no_path
[WARN] Failed to find a path to the selected pick config on attempt 1.
[WARN] No path found to picked config, discarding and trying next valid config...
[INFO] Motion completed successfully with result: success,in execution time: 14.56 seconds
[INFO] Found a reachable configuration for pick action after 2 attempts.
Tip distance after pick: 0.019685951013462256
[INFO] Pick action completed successfully.in execution time: 14.56 seconds
[EXEC] Action ActionType.PICK executed in 53.30 seconds
[SUCCESS] Action ActionType.PICK succeeded for object /column1
[LOG] Transition contains 'unknown' state, not logging to MongoDB.
Selected action: Action(ActionType.PLACE, obj=/column1, slot=/region_2,grasp=GraspType.FRONT_270) with motion param: top_0
here
[EXEC] Placing at [0.6, 0.80001, 0.5] with grasp top_0

[INFO] Found 2048 potential configurations.
[INFO] Motion completed successfully with result: success,in execution time: 9.36 seconds
[INFO] Found a reachable configuration for place action after 1 attempts.
[INFO] Place action completed successfully.
realigning placed object /column1 to target position
[EXEC] Action ActionType.PLACE executed in 24.68 seconds
[SUCCESS] Action ActionType.PLACE succeeded for object /column1
[LOG] Transition contains 'unknown' state, not logging to MongoDB.
Selected action: Action(ActionType.PICK, obj=/column0, slot=None,grasp=GraspType.FRONT_270) with motion param: right_0
here
[EXEC] Picking /column0 with right_0

[INFO] Found 2048 potential configurations.
[INFO] Motion completed successfully with result: success,in execution time: 11.36 seconds
[INFO] Found a reachable configuration for pick action after 1 attempts.
Tip distance after pick: 0.020137809808238323
[INFO] Pick action completed successfully.in execution time: 11.36 seconds
[EXEC] Action ActionType.PICK executed in 33.22 seconds
[SUCCESS] Action ActionType.PICK succeeded for object /column0
[LOG] Transition contains 'unknown' state, not logging to MongoDB.
Selected action: Action(ActionType.PLACE, obj=/column0, slot=/goal_2,grasp=GraspType.TOP_0) with motion param: left_0
here
[EXEC] Placing at [-0.6000000000000001, 0.8250000000000003, 0.5] with grasp left_0

[INFO] Found 1536 potential configurations.
[WARN] No valid configuration found (all tested configs invalid).
[EXEC] Action ActionType.PLACE executed in 2.62 seconds
[ERROR] Action ActionType.PLACE failed for object /column0
[LOG] Transition logged to MongoDB: de766073-ebc9-47b6-83b5-832841f8993b - Episode 23
Selected action: Action(ActionType.PLACE, obj=/column0, slot=/region_0,grasp=GraspType.FRONT_270) with motion param: right_0
here
[EXEC] Placing at [0.35, 0.8, 0.521] with grasp right_0

[INFO] Found 2240 potential configurations.
[ERROR] Motion failed (collision or invalid path)
[ERROR] Motion result: no_path
[WARN] Failed to find a path to the selected place config on attempt 1.
[WARN] No path found to selected place config, discarding and trying next valid config...
[ERROR] Motion failed (collision or invalid path)
[ERROR] Motion result: no_path
[WARN] Failed to find a path to the selected place config on attempt 2.
[WARN] No path found to selected place config, discarding and trying next valid config...
[INFO] Motion completed successfully with result: success,in execution time: 9.92 seconds
[INFO] Found a reachable configuration for place action after 3 attempts.
[INFO] Place action completed successfully.
realigning placed object /column0 to target position
[EXEC] Action ActionType.PLACE executed in 44.13 seconds
[SUCCESS] Action ActionType.PLACE succeeded for object /column0
[LOG] Transition logged to MongoDB: de766073-ebc9-47b6-83b5-832841f8993b - Episode 23
Selected action: Action(ActionType.PICK, obj=/column0, slot=None,grasp=GraspType.RIGHT_0) with motion param: right_0
here
[EXEC] Picking /column0 with right_0

[INFO] Found 2560 potential configurations.
[WARN] No valid configuration found (all tested configs invalid).
[EXEC] Action ActionType.PICK executed in 3.65 seconds
[ERROR] Action ActionType.PICK failed for object /column0
[LOG] Transition logged to MongoDB: de766073-ebc9-47b6-83b5-832841f8993b - Episode 23
Selected action: Action(ActionType.PICK, obj=/column2, slot=None,grasp=GraspType.TOP_0) with motion param: front_270
here
[EXEC] Picking /column2 with front_270

[INFO] Found 3520 potential configurations.
[INFO] Motion completed successfully with result: success,in execution time: 9.24 seconds
[INFO] Found a reachable configuration for pick action after 1 attempts.
Tip distance after pick: 0.020877263183096628
[INFO] Pick action completed successfully.in execution time: 9.24 seconds
[EXEC] Action ActionType.PICK executed in 33.95 seconds
[SUCCESS] Action ActionType.PICK succeeded for object /column2
[LOG] Transition logged to MongoDB: de766073-ebc9-47b6-83b5-832841f8993b - Episode 23
Selected action: Action(ActionType.PLACE, obj=/column2, slot=/goal_0,grasp=GraspType.RIGHT_0) with motion param: right_0
here
[EXEC] Placing at [-0.27499999999999986, 0.8250000000000005, 0.5] with grasp right_0

[INFO] Found 2624 potential configurations.
[INFO] Motion completed successfully with result: success,in execution time: 3.64 seconds
[INFO] Found a reachable configuration for place action after 1 attempts.
[INFO] Place action completed successfully.
realigning placed object /column2 to target position
[EXEC] Action ActionType.PLACE executed in 14.19 seconds
[SUCCESS] Action ActionType.PLACE succeeded for object /column2
[LOG] Transition logged to MongoDB: de766073-ebc9-47b6-83b5-832841f8993b - Episode 23
Selected action: Action(ActionType.PICK, obj=/column1, slot=None,grasp=GraspType.LEFT_0) with motion param: left_0
here
[EXEC] Picking /column1 with left_0

[INFO] Found 3328 potential configurations.
[WARN] No valid configuration found (all tested configs invalid).
[EXEC] Action ActionType.PICK executed in 3.77 seconds
[ERROR] Action ActionType.PICK failed for object /column1
[LOG] Transition logged to MongoDB: de766073-ebc9-47b6-83b5-832841f8993b - Episode 23
Selected action: Action(ActionType.PICK, obj=/column0, slot=None,grasp=GraspType.RIGHT_0) with motion param: top_0
here
[EXEC] Picking /column0 with top_0

[INFO] Found 4352 potential configurations.
[INFO] Motion completed successfully with result: success,in execution time: 3.28 seconds
[INFO] Found a reachable configuration for pick action after 1 attempts.
Tip distance after pick: 0.027701939659142485
[INFO] Pick action completed successfully.in execution time: 3.28 seconds
[EXEC] Action ActionType.PICK executed in 16.35 seconds
[SUCCESS] Action ActionType.PICK succeeded for object /column0
[LOG] Transition logged to MongoDB: de766073-ebc9-47b6-83b5-832841f8993b - Episode 23
Selected action: Action(ActionType.PLACE, obj=/column0, slot=/goal_1,grasp=GraspType.TOP_0) with motion param: front_270
here
[EXEC] Placing at [-0.2749999999999999, 1.0750000000000006, 0.5] with grasp front_270

[INFO] Found 2176 potential configurations.
[INFO] Motion completed successfully with result: success,in execution time: 14.92 seconds
[INFO] Found a reachable configuration for place action after 1 attempts.
[INFO] Place action completed successfully.
realigning placed object /column0 to target position
[EXEC] Action ActionType.PLACE executed in 45.05 seconds
[SUCCESS] Action ActionType.PLACE succeeded for object /column0
[LOG] Transition logged to MongoDB: de766073-ebc9-47b6-83b5-832841f8993b - Episode 23
Selected action: Action(ActionType.PICK, obj=/column1, slot=None,grasp=GraspType.LEFT_0) with motion param: front_270
here
[EXEC] Picking /column1 with front_270

[INFO] Found 3136 potential configurations.
[INFO] Motion completed successfully with result: success,in execution time: 7.28 seconds
[INFO] Found a reachable configuration for pick action after 1 attempts.
Tip distance after pick: 0.020860630981064644
[INFO] Pick action completed successfully.in execution time: 7.28 seconds
[EXEC] Action ActionType.PICK executed in 21.36 seconds
[SUCCESS] Action ActionType.PICK succeeded for object /column1
[LOG] Transition logged to MongoDB: de766073-ebc9-47b6-83b5-832841f8993b - Episode 23
Selected action: Action(ActionType.PLACE, obj=/column1, slot=/goal_2,grasp=GraspType.TOP_0) with motion param: top_0
here
[EXEC] Placing at [-0.6000000000000001, 0.8250000000000003, 0.5] with grasp top_0

[INFO] Found 3584 potential configurations.
[WARN] No valid configuration found (all tested configs invalid).
[EXEC] Action ActionType.PLACE executed in 2.87 seconds
[ERROR] Action ActionType.PLACE failed for object /column1
[LOG] Transition logged to MongoDB: de766073-ebc9-47b6-83b5-832841f8993b - Episode 23
Selected action: Action(ActionType.PLACE, obj=/column1, slot=/region_0,grasp=GraspType.LEFT_0) with motion param: front_270
here
[EXEC] Placing at [0.35, 0.8, 0.521] with grasp front_270

[INFO] Found 3520 potential configurations.
[INFO] Motion completed successfully with result: success,in execution time: 1.44 seconds
[INFO] Found a reachable configuration for place action after 1 attempts.
[INFO] Place action completed successfully.
realigning placed object /column1 to target position
[EXEC] Action ActionType.PLACE executed in 16.19 seconds
[SUCCESS] Action ActionType.PLACE succeeded for object /column1
[LOG] Transition logged to MongoDB: de766073-ebc9-47b6-83b5-832841f8993b - Episode 23
Selected action: Action(ActionType.PICK, obj=/column2, slot=None,grasp=GraspType.FRONT_270) with motion param: front_270
here
[EXEC] Picking /column2 with front_270

[INFO] Found 4480 potential configurations.
[INFO] Motion completed successfully with result: success,in execution time: 2.48 seconds
[INFO] Found a reachable configuration for pick action after 1 attempts.
Tip distance after pick: 0.021641321031834658
[INFO] Pick action completed successfully.in execution time: 2.48 seconds
[EXEC] Action ActionType.PICK executed in 14.62 seconds
[SUCCESS] Action ActionType.PICK succeeded for object /column2
[LOG] Transition logged to MongoDB: de766073-ebc9-47b6-83b5-832841f8993b - Episode 23
Selected action: Action(ActionType.PLACE, obj=/column2, slot=/goal_2,grasp=GraspType.RIGHT_0) with motion param: left_0
here
[EXEC] Placing at [-0.6000000000000001, 0.8250000000000003, 0.5] with grasp left_0

[INFO] Found 2560 potential configurations.
[WARN] No valid configuration found (all tested configs invalid).
[EXEC] Action ActionType.PLACE executed in 2.21 seconds
[ERROR] Action ActionType.PLACE failed for object /column2
[LOG] Transition logged to MongoDB: de766073-ebc9-47b6-83b5-832841f8993b - Episode 23
Selected action: Action(ActionType.PLACE, obj=/column2, slot=/goal_0,grasp=GraspType.RIGHT_0) with motion param: left_0
here
[EXEC] Placing at [-0.27499999999999986, 0.8250000000000005, 0.5] with grasp left_0

[INFO] Found 4736 potential configurations.
[WARN] No valid configuration found (all tested configs invalid).
[EXEC] Action ActionType.PLACE executed in 38.77 seconds
[ERROR] Action ActionType.PLACE failed for object /column2
[LOG] Transition logged to MongoDB: de766073-ebc9-47b6-83b5-832841f8993b - Episode 23
Selected action: Action(ActionType.PLACE, obj=/column2, slot=/region_1,grasp=None) with motion param: top_0
here
[EXEC] Placing at [0.6, 1.075, 0.5] with grasp top_0

[INFO] Found 320 potential configurations.
[WARN] No valid configuration found (all tested configs invalid).
[EXEC] Action ActionType.PLACE executed in 1.24 seconds
[ERROR] Action ActionType.PLACE failed for object /column2
[LOG] Transition logged to MongoDB: de766073-ebc9-47b6-83b5-832841f8993b - Episode 23
Selected action: Action(ActionType.PLACE, obj=/column2, slot=/region_1,grasp=GraspType.TOP_0) with motion param: left_0
here
[EXEC] Placing at [0.6, 1.075, 0.5] with grasp left_0

[INFO] Found 1280 potential configurations.
[WARN] No valid configuration found (all tested configs invalid).
[EXEC] Action ActionType.PLACE executed in 1.52 seconds
[ERROR] Action ActionType.PLACE failed for object /column2
[LOG] Transition logged to MongoDB: de766073-ebc9-47b6-83b5-832841f8993b - Episode 23
Selected action: Action(ActionType.PLACE, obj=/column2, slot=/region_2,grasp=GraspType.TOP_0) with motion param: left_0
here
[EXEC] Placing at [0.6, 0.80001, 0.5] with grasp left_0

[INFO] Found 4032 potential configurations.
[INFO] Motion completed successfully with result: success,in execution time: 7.40 seconds
[INFO] Found a reachable configuration for place action after 1 attempts.
[INFO] Place action completed successfully.
realigning placed object /column2 to target position
[EXEC] Action ActionType.PLACE executed in 21.52 seconds
[SUCCESS] Action ActionType.PLACE succeeded for object /column2
[LOG] Transition logged to MongoDB: de766073-ebc9-47b6-83b5-832841f8993b - Episode 23
Selected action: Action(ActionType.PICK, obj=/column0, slot=None,grasp=GraspType.TOP_0) with motion param: front_270
here
[EXEC] Picking /column0 with front_270

[INFO] Found 3776 potential configurations.
[INFO] Motion completed successfully with result: success,in execution time: 7.20 seconds
[INFO] Found a reachable configuration for pick action after 1 attempts.
Tip distance after pick: 0.01988139300519789
[INFO] Pick action completed successfully.in execution time: 7.20 seconds
[EXEC] Action ActionType.PICK executed in 32.83 seconds
[SUCCESS] Action ActionType.PICK succeeded for object /column0
[LOG] Transition logged to MongoDB: de766073-ebc9-47b6-83b5-832841f8993b - Episode 23
Selected action: Action(ActionType.PLACE, obj=/column0, slot=/region_1,grasp=GraspType.FRONT_270) with motion param: top_0
here
[EXEC] Placing at [0.6, 1.075, 0.5] with grasp top_0

[INFO] Found 320 potential configurations.
[WARN] No valid configuration found (all tested configs invalid).
[EXEC] Action ActionType.PLACE executed in 1.27 seconds
[ERROR] Action ActionType.PLACE failed for object /column0
[LOG] Transition logged to MongoDB: de766073-ebc9-47b6-83b5-832841f8993b - Episode 23
Selected action: Action(ActionType.PLACE, obj=/column0, slot=/region_1,grasp=GraspType.TOP_0) with motion param: top_0
here
[EXEC] Placing at [0.6, 1.075, 0.5] with grasp top_0

[INFO] Found 192 potential configurations.
[WARN] No valid configuration found (all tested configs invalid).
[EXEC] Action ActionType.PLACE executed in 1.14 seconds
[ERROR] Action ActionType.PLACE failed for object /column0
[LOG] Transition logged to MongoDB: de766073-ebc9-47b6-83b5-832841f8993b - Episode 23
Selected action: Action(ActionType.PLACE, obj=/column0, slot=/region_1,grasp=GraspType.TOP_0) with motion param: left_0
here
[EXEC] Placing at [0.6, 1.075, 0.5] with grasp left_0

[INFO] Found 1536 potential configurations.
[WARN] No valid configuration found (all tested configs invalid).
[EXEC] Action ActionType.PLACE executed in 1.90 seconds
[ERROR] Action ActionType.PLACE failed for object /column0
[LOG] Transition logged to MongoDB: de766073-ebc9-47b6-83b5-832841f8993b - Episode 23
Selected action: Action(ActionType.PLACE, obj=/column0, slot=/goal_1,grasp=GraspType.FRONT_270) with motion param: right_0
here
[EXEC] Placing at [-0.2749999999999999, 1.0750000000000006, 0.5] with grasp right_0

[INFO] Found 1984 potential configurations.
[INFO] Motion completed successfully with result: success,in execution time: 11.44 seconds
[INFO] Found a reachable configuration for place action after 1 attempts.
[INFO] Place action completed successfully.
realigning placed object /column0 to target position
[EXEC] Action ActionType.PLACE executed in 39.82 seconds
[SUCCESS] Action ActionType.PLACE succeeded for object /column0
[LOG] Transition logged to MongoDB: de766073-ebc9-47b6-83b5-832841f8993b - Episode 23
Selected action: Action(ActionType.PICK, obj=/column2, slot=None,grasp=GraspType.FRONT_270) with motion param: top_0
here
[EXEC] Picking /column2 with top_0

[INFO] Found 2112 potential configurations.
[INFO] Motion completed successfully with result: success,in execution time: 10.92 seconds
[INFO] Found a reachable configuration for pick action after 1 attempts.
Tip distance after pick: 0.026090908487347284
[INFO] Pick action completed successfully.in execution time: 10.92 seconds
[EXEC] Action ActionType.PICK executed in 30.12 seconds
[SUCCESS] Action ActionType.PICK succeeded for object /column2
[LOG] Transition logged to MongoDB: de766073-ebc9-47b6-83b5-832841f8993b - Episode 23
Selected action: Action(ActionType.PLACE, obj=/column2, slot=/goal_2,grasp=GraspType.LEFT_0) with motion param: left_0
here
[EXEC] Placing at [-0.6000000000000001, 0.8250000000000003, 0.5] with grasp left_0

[INFO] Found 1984 potential configurations.
[WARN] No valid configuration found (all tested configs invalid).
[EXEC] Action ActionType.PLACE executed in 2.22 seconds
[ERROR] Action ActionType.PLACE failed for object /column2
[LOG] Transition logged to MongoDB: de766073-ebc9-47b6-83b5-832841f8993b - Episode 23
Selected action: Action(ActionType.PLACE, obj=/column2, slot=/region_2,grasp=GraspType.LEFT_0) with motion param: left_0
here
[EXEC] Placing at [0.6, 0.80001, 0.5] with grasp left_0

[INFO] Found 2432 potential configurations.
[INFO] Motion completed successfully with result: success,in execution time: 8.88 seconds
[INFO] Found a reachable configuration for place action after 1 attempts.
[INFO] Place action completed successfully.
realigning placed object /column2 to target position
[EXEC] Action ActionType.PLACE executed in 23.26 seconds
[SUCCESS] Action ActionType.PLACE succeeded for object /column2
[LOG] Transition logged to MongoDB: de766073-ebc9-47b6-83b5-832841f8993b - Episode 23
Selected action: Action(ActionType.PICK, obj=/column0, slot=None,grasp=GraspType.FRONT_270) with motion param: front_270
here
[EXEC] Picking /column0 with front_270

[INFO] Found 3584 potential configurations.
[INFO] Motion completed successfully with result: success,in execution time: 11.08 seconds
[INFO] Found a reachable configuration for pick action after 1 attempts.
Tip distance after pick: 0.020320268047128436
[INFO] Pick action completed successfully.in execution time: 11.08 seconds
[EXEC] Action ActionType.PICK executed in 23.09 seconds
[SUCCESS] Action ActionType.PICK succeeded for object /column0
[LOG] Transition logged to MongoDB: de766073-ebc9-47b6-83b5-832841f8993b - Episode 23
Selected action: Action(ActionType.PLACE, obj=/column0, slot=/region_1,grasp=GraspType.LEFT_0) with motion param: front_270
here
[EXEC] Placing at [0.6, 1.075, 0.5] with grasp front_270

[INFO] Found 2368 potential configurations.
[ERROR] Motion failed (collision or invalid path)
[ERROR] Motion result: no_path
[WARN] Failed to find a path to the selected place config on attempt 1.
[WARN] No path found to selected place config, discarding and trying next valid config...
[INFO] Motion completed successfully with result: success,in execution time: 13.44 seconds
[INFO] Found a reachable configuration for place action after 2 attempts.
[INFO] Place action completed successfully.
realigning placed object /column0 to target position
[EXEC] Action ActionType.PLACE executed in 32.93 seconds
[SUCCESS] Action ActionType.PLACE succeeded for object /column0
[LOG] Transition logged to MongoDB: de766073-ebc9-47b6-83b5-832841f8993b - Episode 23
Selected action: Action(ActionType.PICK, obj=/column1, slot=None,grasp=GraspType.FRONT_270) with motion param: left_0
here
[EXEC] Picking /column1 with left_0

[INFO] Found 3584 potential configurations.
[INFO] Motion completed successfully with result: success,in execution time: 11.84 seconds
[INFO] Found a reachable configuration for pick action after 1 attempts.
Tip distance after pick: 0.02138200770056148
[INFO] Pick action completed successfully.in execution time: 11.84 seconds
[EXEC] Action ActionType.PICK executed in 34.88 seconds
[SUCCESS] Action ActionType.PICK succeeded for object /column1
[LOG] Transition logged to MongoDB: de766073-ebc9-47b6-83b5-832841f8993b - Episode 23
Selected action: Action(ActionType.PLACE, obj=/column1, slot=/region_0,grasp=GraspType.FRONT_270) with motion param: left_0
here
[EXEC] Placing at [0.35, 0.8, 0.521] with grasp left_0

[INFO] Found 2368 potential configurations.
[INFO] Motion completed successfully with result: success,in execution time: 0.64 seconds
[INFO] Found a reachable configuration for place action after 1 attempts.
[INFO] Place action completed successfully.
realigning placed object /column1 to target position
[EXEC] Action ActionType.PLACE executed in 14.69 seconds
[SUCCESS] Action ActionType.PLACE succeeded for object /column1
[LOG] Transition logged to MongoDB: de766073-ebc9-47b6-83b5-832841f8993b - Episode 23
Selected action: Action(ActionType.PICK, obj=/column0, slot=None,grasp=GraspType.FRONT_270) with motion param: top_0
here
[EXEC] Picking /column0 with top_0

[INFO] Found 512 potential configurations.
[WARN] No valid configuration found (all tested configs invalid).
[EXEC] Action ActionType.PICK executed in 13.00 seconds
[ERROR] Action ActionType.PICK failed for object /column0
[LOG] Transition logged to MongoDB: de766073-ebc9-47b6-83b5-832841f8993b - Episode 23
USING STORM: False
Reading data from MongoDB...
Total option moiton param combinations 36
Collected combinations 35
Missing: place_region_1_right_0
Policy building failed, not enough data, skipping informed exploration
