Connecting to port 23005
connected to simulation
simulation is explicitly stepped
Joint handles retrieved
[LOG] TransitionLogger initialized with ID: 1bf71acc-373e-4bcd-ad79-58f222d9da6a
[LOG] MongoDB connection established
Selected action: Action(ActionType.PICK, obj=/column1, slot=None,grasp=None) with motion param: front_270
here
[EXEC] Picking /column1 with front_270

[INFO] Found 3136 potential configurations.
[WARN] No valid configuration found (all tested configs invalid).
[EXEC] Action ActionType.PICK executed in 2.69 seconds
[ERROR] Action ActionType.PICK failed for object /column1
[LOG] Transition logged to MongoDB: 1bf71acc-373e-4bcd-ad79-58f222d9da6a - Episode 0
Selected action: Action(ActionType.PICK, obj=/column0, slot=None,grasp=None) with motion param: top_0
here
[EXEC] Picking /column0 with top_0

[INFO] Found 2112 potential configurations.
[INFO] Motion completed successfully with result: success,in execution time: 3.84 seconds
[INFO] Found a reachable configuration for pick action after 1 attempts.
Tip distance after pick: 0.02603846899094783
[INFO] Pick action completed successfully.in execution time: 3.84 seconds
[EXEC] Action ActionType.PICK executed in 12.31 seconds
[SUCCESS] Action ActionType.PICK succeeded for object /column0
[LOG] Transition logged to MongoDB: 1bf71acc-373e-4bcd-ad79-58f222d9da6a - Episode 0
Selected action: Action(ActionType.PLACE, obj=/column0, slot=/goal_0,grasp=None) with motion param: right_0
here
[EXEC] Placing at [-0.27499999999999986, 0.8250000000000005, 0.5] with grasp right_0

[INFO] Found 3776 potential configurations.
[INFO] Motion completed successfully with result: success,in execution time: 3.96 seconds
[INFO] Found a reachable configuration for place action after 1 attempts.
[INFO] Place action completed successfully.
realigning placed object /column0 to target position
[EXEC] Action ActionType.PLACE executed in 22.09 seconds
[SUCCESS] Action ActionType.PLACE succeeded for object /column0
[LOG] Transition logged to MongoDB: 1bf71acc-373e-4bcd-ad79-58f222d9da6a - Episode 0
Selected action: Action(ActionType.PICK, obj=/column1, slot=None,grasp=GraspType.FRONT_270) with motion param: top_0
here
[EXEC] Picking /column1 with top_0

[INFO] Found 384 potential configurations.
[WARN] No valid configuration found (all tested configs invalid).
[EXEC] Action ActionType.PICK executed in 10.31 seconds
[ERROR] Action ActionType.PICK failed for object /column1
[LOG] Transition logged to MongoDB: 1bf71acc-373e-4bcd-ad79-58f222d9da6a - Episode 0
Selected action: Action(ActionType.PICK, obj=/column0, slot=None,grasp=GraspType.TOP_0) with motion param: front_270
here
[EXEC] Picking /column0 with front_270

[INFO] Found 4288 potential configurations.
[INFO] Motion completed successfully with result: success,in execution time: 4.04 seconds
[INFO] Found a reachable configuration for pick action after 1 attempts.
Tip distance after pick: 0.02183998081698602
[INFO] Pick action completed successfully.in execution time: 4.04 seconds
[EXEC] Action ActionType.PICK executed in 16.17 seconds
[SUCCESS] Action ActionType.PICK succeeded for object /column0
[LOG] Transition logged to MongoDB: 1bf71acc-373e-4bcd-ad79-58f222d9da6a - Episode 0
Selected action: Action(ActionType.PLACE, obj=/column0, slot=/goal_0,grasp=GraspType.RIGHT_0) with motion param: left_0
here
[EXEC] Placing at [-0.27499999999999986, 0.8250000000000005, 0.5] with grasp left_0

[INFO] Found 4224 potential configurations.
[WARN] No valid configuration found (all tested configs invalid).
[EXEC] Action ActionType.PLACE executed in 41.37 seconds
[ERROR] Action ActionType.PLACE failed for object /column0
[LOG] Transition logged to MongoDB: 1bf71acc-373e-4bcd-ad79-58f222d9da6a - Episode 0
Selected action: Action(ActionType.PLACE, obj=/column0, slot=/goal_0,grasp=GraspType.LEFT_0) with motion param: right_0
here
[EXEC] Placing at [-0.27499999999999986, 0.8250000000000005, 0.5] with grasp right_0

[INFO] Found 3904 potential configurations.
[INFO] Motion completed successfully with result: success,in execution time: 3.96 seconds
[INFO] Found a reachable configuration for place action after 1 attempts.
[INFO] Place action completed successfully.
realigning placed object /column0 to target position
[EXEC] Action ActionType.PLACE executed in 19.78 seconds
[SUCCESS] Action ActionType.PLACE succeeded for object /column0
[LOG] Transition logged to MongoDB: 1bf71acc-373e-4bcd-ad79-58f222d9da6a - Episode 0
Selected action: Action(ActionType.PICK, obj=/column2, slot=None,grasp=None) with motion param: right_0
here
[EXEC] Picking /column2 with right_0

[INFO] Found 3840 potential configurations.
[INFO] Motion completed successfully with result: success,in execution time: 6.96 seconds
[INFO] Found a reachable configuration for pick action after 1 attempts.
Tip distance after pick: 0.019819103943831948
[INFO] Pick action completed successfully.in execution time: 6.96 seconds
[EXEC] Action ActionType.PICK executed in 20.77 seconds
[SUCCESS] Action ActionType.PICK succeeded for object /column2
[LOG] Transition logged to MongoDB: 1bf71acc-373e-4bcd-ad79-58f222d9da6a - Episode 0
Selected action: Action(ActionType.PLACE, obj=/column2, slot=/goal_1,grasp=None) with motion param: right_0
here
[EXEC] Placing at [-0.2749999999999999, 1.0750000000000006, 0.5] with grasp right_0

[INFO] Found 2560 potential configurations.
[INFO] Motion completed successfully with result: success,in execution time: 11.52 seconds
[INFO] Found a reachable configuration for place action after 1 attempts.
[INFO] Place action completed successfully.
realigning placed object /column2 to target position
[EXEC] Action ActionType.PLACE executed in 27.39 seconds
[SUCCESS] Action ActionType.PLACE succeeded for object /column2
[LOG] Transition logged to MongoDB: 1bf71acc-373e-4bcd-ad79-58f222d9da6a - Episode 0
Selected action: Action(ActionType.PICK, obj=/column1, slot=None,grasp=GraspType.TOP_0) with motion param: top_0
here
[EXEC] Picking /column1 with top_0

[INFO] Found 320 potential configurations.
[WARN] No valid configuration found (all tested configs invalid).
[EXEC] Action ActionType.PICK executed in 7.05 seconds
[ERROR] Action ActionType.PICK failed for object /column1
[LOG] Transition logged to MongoDB: 1bf71acc-373e-4bcd-ad79-58f222d9da6a - Episode 0
Selected action: Action(ActionType.PICK, obj=/column0, slot=None,grasp=GraspType.FRONT_270) with motion param: top_0
here
[EXEC] Picking /column0 with top_0

[INFO] Found 6592 potential configurations.
[INFO] Motion completed successfully with result: success,in execution time: 2.96 seconds
[INFO] Found a reachable configuration for pick action after 1 attempts.
Tip distance after pick: 0.027977211993578853
[INFO] Pick action completed successfully.in execution time: 2.96 seconds
[EXEC] Action ActionType.PICK executed in 21.16 seconds
[SUCCESS] Action ActionType.PICK succeeded for object /column0
[LOG] Transition logged to MongoDB: 1bf71acc-373e-4bcd-ad79-58f222d9da6a - Episode 0
Selected action: Action(ActionType.PLACE, obj=/column0, slot=/region_0,grasp=None) with motion param: right_0
here
[EXEC] Placing at [0.35, 0.8, 0.521] with grasp right_0

[INFO] Found 4160 potential configurations.
[INFO] Motion completed successfully with result: success,in execution time: 8.36 seconds
[INFO] Found a reachable configuration for place action after 1 attempts.
[INFO] Place action completed successfully.
realigning placed object /column0 to target position
[EXEC] Action ActionType.PLACE executed in 38.88 seconds
[SUCCESS] Action ActionType.PLACE succeeded for object /column0
[LOG] Transition logged to MongoDB: 1bf71acc-373e-4bcd-ad79-58f222d9da6a - Episode 0
Selected action: Action(ActionType.PICK, obj=/column1, slot=None,grasp=GraspType.TOP_0) with motion param: top_0
here
[EXEC] Picking /column1 with top_0

[INFO] Found 576 potential configurations.
[WARN] No valid configuration found (all tested configs invalid).
[EXEC] Action ActionType.PICK executed in 11.97 seconds
[ERROR] Action ActionType.PICK failed for object /column1
[LOG] Transition logged to MongoDB: 1bf71acc-373e-4bcd-ad79-58f222d9da6a - Episode 0
Selected action: Action(ActionType.PICK, obj=/column0, slot=None,grasp=GraspType.TOP_0) with motion param: front_270
here
[EXEC] Picking /column0 with front_270

[INFO] Found 4800 potential configurations.
[INFO] Motion completed successfully with result: success,in execution time: 3.16 seconds
[INFO] Found a reachable configuration for pick action after 1 attempts.
Tip distance after pick: 0.32893473231909554
[ERROR] Grasped object lost during pick action.
[EXEC] Action ActionType.PICK executed in 16.11 seconds
[ERROR] Action ActionType.PICK failed for object /column0
[LOG] Transition contains 'unknown' state, not logging to MongoDB.
Selected action: Action(ActionType.PICK, obj=/column0, slot=None,grasp=GraspType.FRONT_270) with motion param: top_0
here
[EXEC] Picking /column0 with top_0

[INFO] Found 1664 potential configurations.
[WARN] No valid configuration found (all tested configs invalid).
[EXEC] Action ActionType.PICK executed in 1.66 seconds
[ERROR] Action ActionType.PICK failed for object /column0
[LOG] Transition contains 'unknown' state, not logging to MongoDB.
Selected action: Action(ActionType.PICK, obj=/column1, slot=None,grasp=GraspType.TOP_0) with motion param: right_0
here
[EXEC] Picking /column1 with right_0
[ERROR] No IK configurations found for desired pick pose.
[EXEC] Action ActionType.PICK executed in 1.03 seconds
[ERROR] Action ActionType.PICK failed for object /column1
[LOG] Transition contains 'unknown' state, not logging to MongoDB.
Selected action: Action(ActionType.PICK, obj=/column1, slot=None,grasp=GraspType.RIGHT_0) with motion param: front_270
here
[EXEC] Picking /column1 with front_270

[INFO] Found 3200 potential configurations.
[WARN] No valid configuration found (all tested configs invalid).
[EXEC] Action ActionType.PICK executed in 9.80 seconds
[ERROR] Action ActionType.PICK failed for object /column1
[LOG] Transition contains 'unknown' state, not logging to MongoDB.
Selected action: Action(ActionType.PICK, obj=/column0, slot=None,grasp=GraspType.TOP_0) with motion param: front_270
here
[EXEC] Picking /column0 with front_270
[ERROR] No IK configurations found for desired pick pose.
[EXEC] Action ActionType.PICK executed in 1.03 seconds
[ERROR] Action ActionType.PICK failed for object /column0
[LOG] Transition contains 'unknown' state, not logging to MongoDB.
Selected action: Action(ActionType.PICK, obj=/column2, slot=None,grasp=GraspType.RIGHT_0) with motion param: front_270
here
[EXEC] Picking /column2 with front_270

[INFO] Found 3136 potential configurations.
[INFO] Motion completed successfully with result: success,in execution time: 2.32 seconds
[INFO] Found a reachable configuration for pick action after 1 attempts.
Tip distance after pick: 0.020012191954032095
[INFO] Pick action completed successfully.in execution time: 2.32 seconds
[EXEC] Action ActionType.PICK executed in 11.39 seconds
[SUCCESS] Action ActionType.PICK succeeded for object /column2
[LOG] Transition contains 'unknown' state, not logging to MongoDB.
Selected action: Action(ActionType.PLACE, obj=/column2, slot=/goal_2,grasp=None) with motion param: front_270
here
[EXEC] Placing at [-0.6000000000000001, 0.8250000000000003, 0.5] with grasp front_270

[INFO] Found 5184 potential configurations.
[WARN] No valid configuration found (all tested configs invalid).
[EXEC] Action ActionType.PLACE executed in 3.06 seconds
[ERROR] Action ActionType.PLACE failed for object /column2
[LOG] Transition contains 'unknown' state, not logging to MongoDB.
Selected action: Action(ActionType.PLACE, obj=/column2, slot=/goal_0,grasp=None) with motion param: left_0
here
[EXEC] Placing at [-0.27499999999999986, 0.8250000000000005, 0.5] with grasp left_0

[INFO] Found 5248 potential configurations.
[WARN] No valid configuration found (all tested configs invalid).
[EXEC] Action ActionType.PLACE executed in 46.58 seconds
[ERROR] Action ActionType.PLACE failed for object /column2
[LOG] Transition contains 'unknown' state, not logging to MongoDB.
Selected action: Action(ActionType.PLACE, obj=/column2, slot=/region_2,grasp=None) with motion param: front_270
here
[EXEC] Placing at [0.6, 0.80001, 0.5] with grasp front_270

[INFO] Found 4096 potential configurations.
[WARN] No valid configuration found (all tested configs invalid).
[EXEC] Action ActionType.PLACE executed in 8.93 seconds
[ERROR] Action ActionType.PLACE failed for object /column2
[LOG] Transition contains 'unknown' state, not logging to MongoDB.
Selected action: Action(ActionType.PLACE, obj=/column2, slot=/goal_0,grasp=GraspType.LEFT_0) with motion param: right_0
here
[EXEC] Placing at [-0.27499999999999986, 0.8250000000000005, 0.5] with grasp right_0

[INFO] Found 4160 potential configurations.
[INFO] Motion completed successfully with result: success,in execution time: 3.60 seconds
[INFO] Found a reachable configuration for place action after 1 attempts.
[INFO] Place action completed successfully.
realigning placed object /column2 to target position
[EXEC] Action ActionType.PLACE executed in 18.14 seconds
[SUCCESS] Action ActionType.PLACE succeeded for object /column2
[LOG] Transition contains 'unknown' state, not logging to MongoDB.
Selected action: Action(ActionType.PICK, obj=/column2, slot=None,grasp=GraspType.FRONT_270) with motion param: left_0
here
[EXEC] Picking /column2 with left_0

[INFO] Found 3904 potential configurations.
[ERROR] Motion failed (collision or invalid path)
[ERROR] Motion result: no_path
[WARN] Failed to find a path to the selected pick config on attempt 1.
[WARN] No path found to picked config, discarding and trying next valid config...
[ERROR] Motion failed (collision or invalid path)
[ERROR] Motion result: no_path
[WARN] Failed to find a path to the selected pick config on attempt 2.
[WARN] No path found to picked config, discarding and trying next valid config...
[ERROR] Motion failed (collision or invalid path)
[ERROR] Motion result: no_path
[WARN] Failed to find a path to the selected pick config on attempt 3.
[WARN] No path found to picked config, discarding and trying next valid config...
[ERROR] Max IK attempts reached, pick action failed.
[EXEC] Action ActionType.PICK executed in 19.81 seconds
[ERROR] Action ActionType.PICK failed for object /column2
[LOG] Transition contains 'unknown' state, not logging to MongoDB.
Selected action: Action(ActionType.PICK, obj=/column1, slot=None,grasp=GraspType.FRONT_270) with motion param: top_0
here
[EXEC] Picking /column1 with top_0

[INFO] Found 64 potential configurations.
[WARN] No valid configuration found (all tested configs invalid).
[EXEC] Action ActionType.PICK executed in 3.00 seconds
[ERROR] Action ActionType.PICK failed for object /column1
[LOG] Transition contains 'unknown' state, not logging to MongoDB.
Selected action: Action(ActionType.PICK, obj=/column2, slot=None,grasp=GraspType.LEFT_0) with motion param: left_0
here
[EXEC] Picking /column2 with left_0

[INFO] Found 2944 potential configurations.
[INFO] Motion completed successfully with result: success,in execution time: 11.04 seconds
[INFO] Found a reachable configuration for pick action after 1 attempts.
Tip distance after pick: 0.019292149834055
[INFO] Pick action completed successfully.in execution time: 11.04 seconds
[EXEC] Action ActionType.PICK executed in 34.57 seconds
[SUCCESS] Action ActionType.PICK succeeded for object /column2
[LOG] Transition contains 'unknown' state, not logging to MongoDB.
Selected action: Action(ActionType.PLACE, obj=/column2, slot=/goal_2,grasp=GraspType.FRONT_270) with motion param: top_0
here
[EXEC] Placing at [-0.6000000000000001, 0.8250000000000003, 0.5] with grasp top_0

[INFO] Found 3520 potential configurations.
[WARN] No valid configuration found (all tested configs invalid).
[EXEC] Action ActionType.PLACE executed in 3.67 seconds
[ERROR] Action ActionType.PLACE failed for object /column2
[LOG] Transition contains 'unknown' state, not logging to MongoDB.
Selected action: Action(ActionType.PLACE, obj=/column2, slot=/goal_1,grasp=GraspType.RIGHT_0) with motion param: front_270
here
[EXEC] Placing at [-0.2749999999999999, 1.0750000000000006, 0.5] with grasp front_270

[INFO] Found 2944 potential configurations.
[INFO] Motion completed successfully with result: success,in execution time: 5.28 seconds
[INFO] Found a reachable configuration for place action after 1 attempts.
[INFO] Place action completed successfully.
realigning placed object /column2 to target position
[EXEC] Action ActionType.PLACE executed in 17.73 seconds
[SUCCESS] Action ActionType.PLACE succeeded for object /column2
[LOG] Transition contains 'unknown' state, not logging to MongoDB.
Selected action: Action(ActionType.PICK, obj=/column1, slot=None,grasp=GraspType.TOP_0) with motion param: top_0
here
[EXEC] Picking /column1 with top_0

[INFO] Found 256 potential configurations.
[WARN] No valid configuration found (all tested configs invalid).
[EXEC] Action ActionType.PICK executed in 7.45 seconds
[ERROR] Action ActionType.PICK failed for object /column1
[LOG] Transition contains 'unknown' state, not logging to MongoDB.
Selected action: Action(ActionType.PICK, obj=/column2, slot=None,grasp=GraspType.LEFT_0) with motion param: front_270
here
[EXEC] Picking /column2 with front_270

[INFO] Found 5504 potential configurations.
[INFO] Motion completed successfully with result: success,in execution time: 1.92 seconds
[INFO] Found a reachable configuration for pick action after 1 attempts.
Tip distance after pick: 0.020868016661965645
[INFO] Pick action completed successfully.in execution time: 1.92 seconds
[EXEC] Action ActionType.PICK executed in 17.65 seconds
[SUCCESS] Action ActionType.PICK succeeded for object /column2
[LOG] Transition contains 'unknown' state, not logging to MongoDB.
Selected action: Action(ActionType.PLACE, obj=/column2, slot=/goal_1,grasp=GraspType.FRONT_270) with motion param: top_0
here
[EXEC] Placing at [-0.2749999999999999, 1.0750000000000006, 0.5] with grasp top_0

[INFO] Found 1088 potential configurations.
[INFO] Motion completed successfully with result: success,in execution time: 7.44 seconds
[INFO] Found a reachable configuration for place action after 1 attempts.
[INFO] Place action completed successfully.
realigning placed object /column2 to target position
[EXEC] Action ActionType.PLACE executed in 19.56 seconds
[SUCCESS] Action ActionType.PLACE succeeded for object /column2
[LOG] Transition contains 'unknown' state, not logging to MongoDB.
Selected action: Action(ActionType.PICK, obj=/column0, slot=None,grasp=GraspType.FRONT_270) with motion param: left_0
here
[EXEC] Picking /column0 with left_0

[INFO] Found 2624 potential configurations.
[INFO] Motion completed successfully with result: success,in execution time: 9.44 seconds
[INFO] Found a reachable configuration for pick action after 1 attempts.
Tip distance after pick: 0.01963670680707394
[INFO] Pick action completed successfully.in execution time: 9.44 seconds
[EXEC] Action ActionType.PICK executed in 29.31 seconds
[SUCCESS] Action ActionType.PICK succeeded for object /column0
[LOG] Transition contains 'unknown' state, not logging to MongoDB.
Selected action: Action(ActionType.PLACE, obj=/column0, slot=/goal_2,grasp=None) with motion param: right_0
here
[EXEC] Placing at [-0.6000000000000001, 0.8250000000000003, 0.5] with grasp right_0

[INFO] Found 2880 potential configurations.
[ERROR] Motion failed (collision or invalid path)
[ERROR] Motion result: no_path
[WARN] Failed to find a path to the selected place config on attempt 1.
[WARN] No path found to selected place config, discarding and trying next valid config...
[ERROR] Motion failed (collision or invalid path)
[ERROR] Motion result: no_path
[WARN] Failed to find a path to the selected place config on attempt 2.
[WARN] No path found to selected place config, discarding and trying next valid config...
[ERROR] Motion failed (collision or invalid path)
[ERROR] Motion result: no_path
[WARN] Failed to find a path to the selected place config on attempt 3.
[WARN] No path found to selected place config, discarding and trying next valid config...
[ERROR] Max IK attempts reached, place action failed.
[EXEC] Action ActionType.PLACE executed in 19.81 seconds
[ERROR] Action ActionType.PLACE failed for object /column0
[LOG] Transition logged to MongoDB: 1bf71acc-373e-4bcd-ad79-58f222d9da6a - Episode 0
Selected action: Action(ActionType.PLACE, obj=/column0, slot=/region_2,grasp=None) with motion param: right_0
here
[EXEC] Placing at [0.6, 0.80001, 0.5] with grasp right_0
[ERROR] No IK configurations found for desired place pose.
[EXEC] Action ActionType.PLACE executed in 1.02 seconds
[ERROR] Action ActionType.PLACE failed for object /column0
[LOG] Transition logged to MongoDB: 1bf71acc-373e-4bcd-ad79-58f222d9da6a - Episode 0
Selected action: Action(ActionType.PLACE, obj=/column0, slot=/goal_0,grasp=GraspType.RIGHT_0) with motion param: right_0
here
[EXEC] Placing at [-0.27499999999999986, 0.8250000000000005, 0.5] with grasp right_0

[INFO] Found 2368 potential configurations.
[ERROR] Motion failed (collision or invalid path)
[ERROR] Motion result: no_path
[WARN] Failed to find a path to the selected place config on attempt 1.
[WARN] No path found to selected place config, discarding and trying next valid config...
[INFO] Motion completed successfully with result: success,in execution time: 6.64 seconds
[INFO] Found a reachable configuration for place action after 2 attempts.
[INFO] Place action completed successfully.
realigning placed object /column0 to target position
[EXEC] Action ActionType.PLACE executed in 26.60 seconds
[SUCCESS] Action ActionType.PLACE succeeded for object /column0
[LOG] Transition logged to MongoDB: 1bf71acc-373e-4bcd-ad79-58f222d9da6a - Episode 0
Selected action: Action(ActionType.PICK, obj=/column2, slot=None,grasp=GraspType.FRONT_270) with motion param: top_0
here
[EXEC] Picking /column2 with top_0

[INFO] Found 1280 potential configurations.
[INFO] Motion completed successfully with result: success,in execution time: 3.12 seconds
[INFO] Found a reachable configuration for pick action after 1 attempts.
Tip distance after pick: 0.025014432708218917
[INFO] Pick action completed successfully.in execution time: 3.12 seconds
[EXEC] Action ActionType.PICK executed in 14.91 seconds
[SUCCESS] Action ActionType.PICK succeeded for object /column2
[LOG] Transition logged to MongoDB: 1bf71acc-373e-4bcd-ad79-58f222d9da6a - Episode 0
Selected action: Action(ActionType.PLACE, obj=/column2, slot=/region_0,grasp=None) with motion param: left_0
here
[EXEC] Placing at [0.35, 0.8, 0.521] with grasp left_0

[INFO] Found 3264 potential configurations.
[ERROR] Motion failed (collision or invalid path)
[ERROR] Motion result: no_path
[WARN] Failed to find a path to the selected place config on attempt 1.
[WARN] No path found to selected place config, discarding and trying next valid config...
[INFO] Motion completed successfully with result: success,in execution time: 3.36 seconds
[INFO] Found a reachable configuration for place action after 2 attempts.
[INFO] Place action completed successfully.
realigning placed object /column2 to target position
[EXEC] Action ActionType.PLACE executed in 23.49 seconds
[SUCCESS] Action ActionType.PLACE succeeded for object /column2
[LOG] Transition logged to MongoDB: 1bf71acc-373e-4bcd-ad79-58f222d9da6a - Episode 0
Selected action: Action(ActionType.PICK, obj=/column0, slot=None,grasp=GraspType.LEFT_0) with motion param: top_0
here
[EXEC] Picking /column0 with top_0

[INFO] Found 6336 potential configurations.
[INFO] Motion completed successfully with result: success,in execution time: 3.36 seconds
[INFO] Found a reachable configuration for pick action after 1 attempts.
Tip distance after pick: 0.028214710584138696
[INFO] Pick action completed successfully.in execution time: 3.36 seconds
[EXEC] Action ActionType.PICK executed in 17.17 seconds
[SUCCESS] Action ActionType.PICK succeeded for object /column0
[LOG] Transition logged to MongoDB: 1bf71acc-373e-4bcd-ad79-58f222d9da6a - Episode 0
Selected action: Action(ActionType.PLACE, obj=/column0, slot=/goal_1,grasp=None) with motion param: front_270
here
[EXEC] Placing at [-0.2749999999999999, 1.0750000000000006, 0.5] with grasp front_270

[INFO] Found 3072 potential configurations.
[INFO] Motion completed successfully with result: success,in execution time: 5.20 seconds
[INFO] Found a reachable configuration for place action after 1 attempts.
[INFO] Place action completed successfully.
realigning placed object /column0 to target position
[EXEC] Action ActionType.PLACE executed in 17.78 seconds
[SUCCESS] Action ActionType.PLACE succeeded for object /column0
[LOG] Transition logged to MongoDB: 1bf71acc-373e-4bcd-ad79-58f222d9da6a - Episode 0
Selected action: Action(ActionType.PICK, obj=/column2, slot=None,grasp=GraspType.TOP_0) with motion param: front_270
here
[EXEC] Picking /column2 with front_270

[INFO] Found 3264 potential configurations.
[ERROR] Motion failed (collision or invalid path)
[ERROR] Motion result: no_path
[WARN] Failed to find a path to the selected pick config on attempt 1.
[WARN] No path found to picked config, discarding and trying next valid config...
[INFO] Motion completed successfully with result: success,in execution time: 9.64 seconds
[INFO] Found a reachable configuration for pick action after 2 attempts.
Tip distance after pick: 0.021504148893753586
[INFO] Pick action completed successfully.in execution time: 9.64 seconds
[EXEC] Action ActionType.PICK executed in 45.36 seconds
[SUCCESS] Action ActionType.PICK succeeded for object /column2
[LOG] Transition logged to MongoDB: 1bf71acc-373e-4bcd-ad79-58f222d9da6a - Episode 0
Selected action: Action(ActionType.PLACE, obj=/column2, slot=/region_2,grasp=GraspType.FRONT_270) with motion param: left_0
here
[EXEC] Placing at [0.6, 0.80001, 0.5] with grasp left_0

[INFO] Found 3072 potential configurations.
[INFO] Motion completed successfully with result: success,in execution time: 5.24 seconds
[INFO] Found a reachable configuration for place action after 1 attempts.
[INFO] Place action completed successfully.
realigning placed object /column2 to target position
[EXEC] Action ActionType.PLACE executed in 23.77 seconds
[SUCCESS] Action ActionType.PLACE succeeded for object /column2
[LOG] Transition logged to MongoDB: 1bf71acc-373e-4bcd-ad79-58f222d9da6a - Episode 0
Selected action: Action(ActionType.PICK, obj=/column0, slot=None,grasp=GraspType.TOP_0) with motion param: top_0
here
[EXEC] Picking /column0 with top_0

[INFO] Found 1408 potential configurations.
[INFO] Motion completed successfully with result: success,in execution time: 6.24 seconds
[INFO] Found a reachable configuration for pick action after 1 attempts.
Tip distance after pick: 0.02627824323265402
[INFO] Pick action completed successfully.in execution time: 6.24 seconds
[EXEC] Action ActionType.PICK executed in 19.13 seconds
[SUCCESS] Action ActionType.PICK succeeded for object /column0
[LOG] Transition logged to MongoDB: 1bf71acc-373e-4bcd-ad79-58f222d9da6a - Episode 0
Selected action: Action(ActionType.PLACE, obj=/column0, slot=/goal_0,grasp=GraspType.RIGHT_0) with motion param: top_0
here
[EXEC] Placing at [-0.27499999999999986, 0.8250000000000005, 0.5] with grasp top_0

[INFO] Found 5632 potential configurations.
[INFO] Motion completed successfully with result: success,in execution time: 5.24 seconds
[INFO] Found a reachable configuration for place action after 1 attempts.
[INFO] Place action completed successfully.
realigning placed object /column0 to target position
[EXEC] Action ActionType.PLACE executed in 28.26 seconds
[SUCCESS] Action ActionType.PLACE succeeded for object /column0
[LOG] Transition logged to MongoDB: 1bf71acc-373e-4bcd-ad79-58f222d9da6a - Episode 0
Selected action: Action(ActionType.PICK, obj=/column0, slot=None,grasp=GraspType.TOP_0) with motion param: right_0
here
[EXEC] Picking /column0 with right_0

[INFO] Found 2176 potential configurations.
[INFO] Motion completed successfully with result: success,in execution time: 4.44 seconds
[INFO] Found a reachable configuration for pick action after 1 attempts.
Tip distance after pick: 0.02101906013380812
[INFO] Pick action completed successfully.in execution time: 4.44 seconds
[EXEC] Action ActionType.PICK executed in 19.36 seconds
[SUCCESS] Action ActionType.PICK succeeded for object /column0
[LOG] Transition logged to MongoDB: 1bf71acc-373e-4bcd-ad79-58f222d9da6a - Episode 0
Selected action: Action(ActionType.PLACE, obj=/column0, slot=/region_0,grasp=GraspType.RIGHT_0) with motion param: front_270
here
[EXEC] Placing at [0.35, 0.8, 0.521] with grasp front_270

[INFO] Found 5568 potential configurations.
[INFO] Motion completed successfully with result: success,in execution time: 2.32 seconds
[INFO] Found a reachable configuration for place action after 1 attempts.
[INFO] Place action completed successfully.
realigning placed object /column0 to target position
[EXEC] Action ActionType.PLACE executed in 14.89 seconds
[SUCCESS] Action ActionType.PLACE succeeded for object /column0
[LOG] Transition logged to MongoDB: 1bf71acc-373e-4bcd-ad79-58f222d9da6a - Episode 0
Selected action: Action(ActionType.PICK, obj=/column2, slot=None,grasp=GraspType.FRONT_270) with motion param: right_0
here
[EXEC] Picking /column2 with right_0
[ERROR] No IK configurations found for desired pick pose.
[EXEC] Action ActionType.PICK executed in 1.02 seconds
[ERROR] Action ActionType.PICK failed for object /column2
[LOG] Transition logged to MongoDB: 1bf71acc-373e-4bcd-ad79-58f222d9da6a - Episode 0
Selected action: Action(ActionType.PICK, obj=/column0, slot=None,grasp=GraspType.RIGHT_0) with motion param: top_0
here
[EXEC] Picking /column0 with top_0

[INFO] Found 5504 potential configurations.
[ERROR] Motion failed (collision or invalid path)
[ERROR] Motion result: no_path
[WARN] Failed to find a path to the selected pick config on attempt 1.
[WARN] No path found to picked config, discarding and trying next valid config...
[INFO] Motion completed successfully with result: success,in execution time: 3.92 seconds
[INFO] Found a reachable configuration for pick action after 2 attempts.
Tip distance after pick: 0.027729553506559656
[INFO] Pick action completed successfully.in execution time: 3.92 seconds
[EXEC] Action ActionType.PICK executed in 28.20 seconds
[SUCCESS] Action ActionType.PICK succeeded for object /column0
[LOG] Transition logged to MongoDB: 1bf71acc-373e-4bcd-ad79-58f222d9da6a - Episode 0
Selected action: Action(ActionType.PLACE, obj=/column0, slot=/goal_0,grasp=GraspType.TOP_0) with motion param: front_270
here
[EXEC] Placing at [-0.27499999999999986, 0.8250000000000005, 0.5] with grasp front_270

[INFO] Found 3520 potential configurations.
[ERROR] Motion failed (collision or invalid path)
[ERROR] Motion result: no_path
[WARN] Failed to find a path to the selected place config on attempt 1.
[WARN] No path found to selected place config, discarding and trying next valid config...
[INFO] Motion completed successfully with result: success,in execution time: 5.16 seconds
[INFO] Found a reachable configuration for place action after 2 attempts.
[INFO] Place action completed successfully.
realigning placed object /column0 to target position
[EXEC] Action ActionType.PLACE executed in 18.52 seconds
[SUCCESS] Action ActionType.PLACE succeeded for object /column0
[LOG] Transition logged to MongoDB: 1bf71acc-373e-4bcd-ad79-58f222d9da6a - Episode 0
Selected action: Action(ActionType.PICK, obj=/column0, slot=None,grasp=GraspType.TOP_0) with motion param: left_0
here
[EXEC] Picking /column0 with left_0

[INFO] Found 3712 potential configurations.
[ERROR] Motion failed (collision or invalid path)
[ERROR] Motion result: no_path
[WARN] Failed to find a path to the selected pick config on attempt 1.
[WARN] No path found to picked config, discarding and trying next valid config...
[INFO] Motion completed successfully with result: success,in execution time: 5.24 seconds
[INFO] Found a reachable configuration for pick action after 2 attempts.
Tip distance after pick: 0.024383112335032958
[INFO] Pick action completed successfully.in execution time: 5.24 seconds
[EXEC] Action ActionType.PICK executed in 20.17 seconds
[SUCCESS] Action ActionType.PICK succeeded for object /column0
[LOG] Transition logged to MongoDB: 1bf71acc-373e-4bcd-ad79-58f222d9da6a - Episode 0
Selected action: Action(ActionType.PLACE, obj=/column0, slot=/goal_1,grasp=GraspType.FRONT_270) with motion param: left_0
here
[EXEC] Placing at [-0.2749999999999999, 1.0750000000000006, 0.5] with grasp left_0

[INFO] Found 960 potential configurations.
[WARN] No valid configuration found (all tested configs invalid).
[EXEC] Action ActionType.PLACE executed in 3.87 seconds
[ERROR] Action ActionType.PLACE failed for object /column0
[LOG] Transition logged to MongoDB: 1bf71acc-373e-4bcd-ad79-58f222d9da6a - Episode 0
Selected action: Action(ActionType.PLACE, obj=/column0, slot=/region_0,grasp=GraspType.FRONT_270) with motion param: left_0
here
[EXEC] Placing at [0.35, 0.8, 0.521] with grasp left_0

[INFO] Found 2688 potential configurations.
[INFO] Motion completed successfully with result: success,in execution time: 2.08 seconds
[INFO] Found a reachable configuration for place action after 1 attempts.
[INFO] Place action completed successfully.
realigning placed object /column0 to target position
[EXEC] Action ActionType.PLACE executed in 13.86 seconds
[SUCCESS] Action ActionType.PLACE succeeded for object /column0
[LOG] Transition logged to MongoDB: 1bf71acc-373e-4bcd-ad79-58f222d9da6a - Episode 0
Selected action: Action(ActionType.PICK, obj=/column1, slot=None,grasp=GraspType.TOP_0) with motion param: right_0
here
[EXEC] Picking /column1 with right_0
[ERROR] No IK configurations found for desired pick pose.
[EXEC] Action ActionType.PICK executed in 1.02 seconds
[ERROR] Action ActionType.PICK failed for object /column1
[LOG] Transition logged to MongoDB: 1bf71acc-373e-4bcd-ad79-58f222d9da6a - Episode 0
Selected action: Action(ActionType.PICK, obj=/column0, slot=None,grasp=GraspType.LEFT_0) with motion param: front_270
here
[EXEC] Picking /column0 with front_270

[INFO] Found 4800 potential configurations.
[INFO] Motion completed successfully with result: success,in execution time: 6.36 seconds
[INFO] Found a reachable configuration for pick action after 1 attempts.
Tip distance after pick: 0.021573474692018795
[INFO] Pick action completed successfully.in execution time: 6.36 seconds
[EXEC] Action ActionType.PICK executed in 22.31 seconds
[SUCCESS] Action ActionType.PICK succeeded for object /column0
[LOG] Transition logged to MongoDB: 1bf71acc-373e-4bcd-ad79-58f222d9da6a - Episode 0
Selected action: Action(ActionType.PLACE, obj=/column0, slot=/goal_0,grasp=GraspType.FRONT_270) with motion param: front_270
here
[EXEC] Placing at [-0.27499999999999986, 0.8250000000000005, 0.5] with grasp front_270

[INFO] Found 4864 potential configurations.
[INFO] Motion completed successfully with result: success,in execution time: 2.52 seconds
[INFO] Found a reachable configuration for place action after 1 attempts.
[INFO] Place action completed successfully.
realigning placed object /column0 to target position
[EXEC] Action ActionType.PLACE executed in 18.19 seconds
[SUCCESS] Action ActionType.PLACE succeeded for object /column0
[LOG] Transition logged to MongoDB: 1bf71acc-373e-4bcd-ad79-58f222d9da6a - Episode 0
Selected action: Action(ActionType.PICK, obj=/column1, slot=None,grasp=GraspType.RIGHT_0) with motion param: top_0
here
[EXEC] Picking /column1 with top_0

[INFO] Found 128 potential configurations.
[WARN] No valid configuration found (all tested configs invalid).
[EXEC] Action ActionType.PICK executed in 4.59 seconds
[ERROR] Action ActionType.PICK failed for object /column1
[LOG] Transition logged to MongoDB: 1bf71acc-373e-4bcd-ad79-58f222d9da6a - Episode 0
Selected action: Action(ActionType.PICK, obj=/column0, slot=None,grasp=GraspType.FRONT_270) with motion param: front_270
here
[EXEC] Picking /column0 with front_270

[INFO] Found 4288 potential configurations.
[INFO] Motion completed successfully with result: success,in execution time: 2.12 seconds
[INFO] Found a reachable configuration for pick action after 1 attempts.
Tip distance after pick: 0.021767847065554354
[INFO] Pick action completed successfully.in execution time: 2.12 seconds
[EXEC] Action ActionType.PICK executed in 14.59 seconds
[SUCCESS] Action ActionType.PICK succeeded for object /column0
[LOG] Transition logged to MongoDB: 1bf71acc-373e-4bcd-ad79-58f222d9da6a - Episode 0
Selected action: Action(ActionType.PLACE, obj=/column0, slot=/goal_0,grasp=GraspType.FRONT_270) with motion param: right_0
here
[EXEC] Placing at [-0.27499999999999986, 0.8250000000000005, 0.5] with grasp right_0

[INFO] Found 2048 potential configurations.
[INFO] Motion completed successfully with result: success,in execution time: 6.96 seconds
[INFO] Found a reachable configuration for place action after 1 attempts.
[INFO] Place action completed successfully.
realigning placed object /column0 to target position
[EXEC] Action ActionType.PLACE executed in 17.75 seconds
[SUCCESS] Action ActionType.PLACE succeeded for object /column0
[LOG] Transition logged to MongoDB: 1bf71acc-373e-4bcd-ad79-58f222d9da6a - Episode 0
Selected action: Action(ActionType.PICK, obj=/column0, slot=None,grasp=GraspType.FRONT_270) with motion param: front_270
here
[EXEC] Picking /column0 with front_270

[INFO] Found 5120 potential configurations.
[INFO] Motion completed successfully with result: success,in execution time: 3.64 seconds
[INFO] Found a reachable configuration for pick action after 1 attempts.
Tip distance after pick: 0.021562306890957884
[INFO] Pick action completed successfully.in execution time: 3.64 seconds
[EXEC] Action ActionType.PICK executed in 24.09 seconds
[SUCCESS] Action ActionType.PICK succeeded for object /column0
[LOG] Transition logged to MongoDB: 1bf71acc-373e-4bcd-ad79-58f222d9da6a - Episode 0
Selected action: Action(ActionType.PLACE, obj=/column0, slot=/goal_2,grasp=GraspType.RIGHT_0) with motion param: top_0
here
[EXEC] Placing at [-0.6000000000000001, 0.8250000000000003, 0.5] with grasp top_0

[INFO] Found 2880 potential configurations.
[WARN] No valid configuration found (all tested configs invalid).
[EXEC] Action ActionType.PLACE executed in 3.19 seconds
[ERROR] Action ActionType.PLACE failed for object /column0
[LOG] Transition logged to MongoDB: 1bf71acc-373e-4bcd-ad79-58f222d9da6a - Episode 0
Selected action: Action(ActionType.PLACE, obj=/column0, slot=/region_0,grasp=GraspType.LEFT_0) with motion param: right_0
here
[EXEC] Placing at [0.35, 0.8, 0.521] with grasp right_0

[INFO] Found 2112 potential configurations.
[ERROR] Motion failed (collision or invalid path)
[ERROR] Motion result: no_path
[WARN] Failed to find a path to the selected place config on attempt 1.
[WARN] No path found to selected place config, discarding and trying next valid config...
[ERROR] Motion failed (collision or invalid path)
[ERROR] Motion result: no_path
[WARN] Failed to find a path to the selected place config on attempt 2.
[WARN] No path found to selected place config, discarding and trying next valid config...
[INFO] Motion completed successfully with result: success,in execution time: 10.52 seconds
[INFO] Found a reachable configuration for place action after 3 attempts.
[INFO] Place action completed successfully.
realigning placed object /column0 to target position
[EXEC] Action ActionType.PLACE executed in 38.69 seconds
[SUCCESS] Action ActionType.PLACE succeeded for object /column0
[LOG] Transition logged to MongoDB: 1bf71acc-373e-4bcd-ad79-58f222d9da6a - Episode 0
Selected action: Action(ActionType.PICK, obj=/column1, slot=None,grasp=GraspType.TOP_0) with motion param: left_0
here
[EXEC] Picking /column1 with left_0

[INFO] Found 1664 potential configurations.
[WARN] No valid configuration found (all tested configs invalid).
[EXEC] Action ActionType.PICK executed in 1.70 seconds
[ERROR] Action ActionType.PICK failed for object /column1
[LOG] Transition logged to MongoDB: 1bf71acc-373e-4bcd-ad79-58f222d9da6a - Episode 0
Selected action: Action(ActionType.PICK, obj=/column2, slot=None,grasp=GraspType.RIGHT_0) with motion param: right_0
here
[EXEC] Picking /column2 with right_0
[ERROR] No IK configurations found for desired pick pose.
[EXEC] Action ActionType.PICK executed in 1.02 seconds
[ERROR] Action ActionType.PICK failed for object /column2
[LOG] Transition logged to MongoDB: 1bf71acc-373e-4bcd-ad79-58f222d9da6a - Episode 0
Selected action: Action(ActionType.PICK, obj=/column2, slot=None,grasp=GraspType.RIGHT_0) with motion param: right_0
here
[EXEC] Picking /column2 with right_0
[ERROR] No IK configurations found for desired pick pose.
[EXEC] Action ActionType.PICK executed in 1.01 seconds
[ERROR] Action ActionType.PICK failed for object /column2
[LOG] Transition logged to MongoDB: 1bf71acc-373e-4bcd-ad79-58f222d9da6a - Episode 0
Selected action: Action(ActionType.PICK, obj=/column0, slot=None,grasp=GraspType.FRONT_270) with motion param: right_0
here
[EXEC] Picking /column0 with right_0

[INFO] Found 3968 potential configurations.
[WARN] No valid configuration found (all tested configs invalid).
[EXEC] Action ActionType.PICK executed in 3.43 seconds
[ERROR] Action ActionType.PICK failed for object /column0
[LOG] Transition logged to MongoDB: 1bf71acc-373e-4bcd-ad79-58f222d9da6a - Episode 0
Selected action: Action(ActionType.PICK, obj=/column1, slot=None,grasp=GraspType.LEFT_0) with motion param: front_270
here
[EXEC] Picking /column1 with front_270

[INFO] Found 2624 potential configurations.
[WARN] No valid configuration found (all tested configs invalid).
[EXEC] Action ActionType.PICK executed in 2.95 seconds
[ERROR] Action ActionType.PICK failed for object /column1
[LOG] Transition logged to MongoDB: 1bf71acc-373e-4bcd-ad79-58f222d9da6a - Episode 0
Selected action: Action(ActionType.PICK, obj=/column2, slot=None,grasp=GraspType.RIGHT_0) with motion param: right_0
here
[EXEC] Picking /column2 with right_0
[ERROR] No IK configurations found for desired pick pose.
[EXEC] Action ActionType.PICK executed in 1.03 seconds
[ERROR] Action ActionType.PICK failed for object /column2
[LOG] Transition logged to MongoDB: 1bf71acc-373e-4bcd-ad79-58f222d9da6a - Episode 0
Selected action: Action(ActionType.PICK, obj=/column1, slot=None,grasp=GraspType.FRONT_270) with motion param: right_0
here
[EXEC] Picking /column1 with right_0
[ERROR] No IK configurations found for desired pick pose.
[EXEC] Action ActionType.PICK executed in 1.03 seconds
[ERROR] Action ActionType.PICK failed for object /column1
[LOG] Transition logged to MongoDB: 1bf71acc-373e-4bcd-ad79-58f222d9da6a - Episode 0
Selected action: Action(ActionType.PICK, obj=/column2, slot=None,grasp=GraspType.RIGHT_0) with motion param: top_0
here
[EXEC] Picking /column2 with top_0

[INFO] Found 2560 potential configurations.
[INFO] Motion completed successfully with result: success,in execution time: 4.24 seconds
[INFO] Found a reachable configuration for pick action after 1 attempts.
Tip distance after pick: 0.0260819033554053
[INFO] Pick action completed successfully.in execution time: 4.24 seconds
[EXEC] Action ActionType.PICK executed in 19.67 seconds
[SUCCESS] Action ActionType.PICK succeeded for object /column2
[LOG] Transition logged to MongoDB: 1bf71acc-373e-4bcd-ad79-58f222d9da6a - Episode 0
Selected action: Action(ActionType.PLACE, obj=/column2, slot=/goal_2,grasp=GraspType.TOP_0) with motion param: right_0
here
[EXEC] Placing at [-0.6000000000000001, 0.8250000000000003, 0.5] with grasp right_0

[INFO] Found 2752 potential configurations.
[INFO] Motion completed successfully with result: success,in execution time: 10.76 seconds
[INFO] Found a reachable configuration for place action after 1 attempts.
[INFO] Place action completed successfully.
realigning placed object /column2 to target position
[EXEC] Action ActionType.PLACE executed in 27.56 seconds
[SUCCESS] Action ActionType.PLACE succeeded for object /column2
[LOG] Transition logged to MongoDB: 1bf71acc-373e-4bcd-ad79-58f222d9da6a - Episode 0
Selected action: Action(ActionType.PICK, obj=/column0, slot=None,grasp=GraspType.RIGHT_0) with motion param: left_0
here
[EXEC] Picking /column0 with left_0

[INFO] Found 3520 potential configurations.
[ERROR] Motion failed (collision or invalid path)
[ERROR] Motion result: no_path
[WARN] Failed to find a path to the selected pick config on attempt 1.
[WARN] No path found to picked config, discarding and trying next valid config...
[INFO] Motion completed successfully with result: success,in execution time: 5.32 seconds
[INFO] Found a reachable configuration for pick action after 2 attempts.
Tip distance after pick: 0.020492611473749846
[INFO] Pick action completed successfully.in execution time: 5.32 seconds
[EXEC] Action ActionType.PICK executed in 37.55 seconds
[SUCCESS] Action ActionType.PICK succeeded for object /column0
[LOG] Transition logged to MongoDB: 1bf71acc-373e-4bcd-ad79-58f222d9da6a - Episode 0
Selected action: Action(ActionType.PLACE, obj=/column0, slot=/region_2,grasp=GraspType.RIGHT_0) with motion param: right_0
here
[EXEC] Placing at [0.6, 0.80001, 0.5] with grasp right_0
[ERROR] No IK configurations found for desired place pose.
[EXEC] Action ActionType.PLACE executed in 1.03 seconds
[ERROR] Action ActionType.PLACE failed for object /column0
[LOG] Transition logged to MongoDB: 1bf71acc-373e-4bcd-ad79-58f222d9da6a - Episode 0
Selected action: Action(ActionType.PLACE, obj=/column0, slot=/region_0,grasp=GraspType.RIGHT_0) with motion param: left_0
here
[EXEC] Placing at [0.35, 0.8, 0.521] with grasp left_0

[INFO] Found 3200 potential configurations.
[INFO] Motion completed successfully with result: success,in execution time: 0.60 seconds
[INFO] Found a reachable configuration for place action after 1 attempts.
[INFO] Place action completed successfully.
realigning placed object /column0 to target position
[EXEC] Action ActionType.PLACE executed in 11.29 seconds
[SUCCESS] Action ActionType.PLACE succeeded for object /column0
[LOG] Transition logged to MongoDB: 1bf71acc-373e-4bcd-ad79-58f222d9da6a - Episode 0
Selected action: Action(ActionType.PICK, obj=/column2, slot=None,grasp=GraspType.TOP_0) with motion param: left_0
here
[EXEC] Picking /column2 with left_0
[ERROR] No IK configurations found for desired pick pose.
[EXEC] Action ActionType.PICK executed in 1.02 seconds
[ERROR] Action ActionType.PICK failed for object /column2
[LOG] Transition logged to MongoDB: 1bf71acc-373e-4bcd-ad79-58f222d9da6a - Episode 0
Selected action: Action(ActionType.PICK, obj=/column1, slot=None,grasp=GraspType.RIGHT_0) with motion param: left_0
here
[EXEC] Picking /column1 with left_0

[INFO] Found 1472 potential configurations.
[WARN] No valid configuration found (all tested configs invalid).
[EXEC] Action ActionType.PICK executed in 1.73 seconds
[ERROR] Action ActionType.PICK failed for object /column1
[LOG] Transition logged to MongoDB: 1bf71acc-373e-4bcd-ad79-58f222d9da6a - Episode 0
Selected action: Action(ActionType.PICK, obj=/column2, slot=None,grasp=GraspType.LEFT_0) with motion param: front_270
here
[EXEC] Picking /column2 with front_270

[INFO] Found 3008 potential configurations.
[WARN] No valid configuration found (all tested configs invalid).
[EXEC] Action ActionType.PICK executed in 3.16 seconds
[ERROR] Action ActionType.PICK failed for object /column2
[LOG] Transition logged to MongoDB: 1bf71acc-373e-4bcd-ad79-58f222d9da6a - Episode 0
Selected action: Action(ActionType.PICK, obj=/column0, slot=None,grasp=GraspType.LEFT_0) with motion param: left_0
here
[EXEC] Picking /column0 with left_0

[INFO] Found 2304 potential configurations.
[INFO] Motion completed successfully with result: success,in execution time: 1.84 seconds
[INFO] Found a reachable configuration for pick action after 1 attempts.
Tip distance after pick: 0.021061968190977443
[INFO] Pick action completed successfully.in execution time: 1.84 seconds
[EXEC] Action ActionType.PICK executed in 16.05 seconds
[SUCCESS] Action ActionType.PICK succeeded for object /column0
[LOG] Transition logged to MongoDB: 1bf71acc-373e-4bcd-ad79-58f222d9da6a - Episode 0
Selected action: Action(ActionType.PLACE, obj=/column0, slot=/region_2,grasp=GraspType.RIGHT_0) with motion param: front_270
here
[EXEC] Placing at [0.6, 0.80001, 0.5] with grasp front_270

[INFO] Found 5120 potential configurations.
[INFO] Motion completed successfully with result: success,in execution time: 5.28 seconds
[INFO] Found a reachable configuration for place action after 1 attempts.
[INFO] Place action completed successfully.
realigning placed object /column0 to target position
[EXEC] Action ActionType.PLACE executed in 25.63 seconds
[SUCCESS] Action ActionType.PLACE succeeded for object /column0
[LOG] Transition logged to MongoDB: 1bf71acc-373e-4bcd-ad79-58f222d9da6a - Episode 0
Selected action: Action(ActionType.PICK, obj=/column0, slot=None,grasp=GraspType.LEFT_0) with motion param: top_0
here
[EXEC] Picking /column0 with top_0

[INFO] Found 1856 potential configurations.
[INFO] Motion completed successfully with result: success,in execution time: 8.80 seconds
[INFO] Found a reachable configuration for pick action after 1 attempts.
Tip distance after pick: 0.026264770216031935
[INFO] Pick action completed successfully.in execution time: 8.80 seconds
[EXEC] Action ActionType.PICK executed in 21.51 seconds
[SUCCESS] Action ActionType.PICK succeeded for object /column0
[LOG] Transition logged to MongoDB: 1bf71acc-373e-4bcd-ad79-58f222d9da6a - Episode 0
Selected action: Action(ActionType.PLACE, obj=/column0, slot=/goal_0,grasp=GraspType.RIGHT_0) with motion param: front_270
here
[EXEC] Placing at [-0.27499999999999986, 0.8250000000000005, 0.5] with grasp front_270

[INFO] Found 4864 potential configurations.
[INFO] Motion completed successfully with result: success,in execution time: 5.20 seconds
[INFO] Found a reachable configuration for place action after 1 attempts.
[INFO] Place action completed successfully.
realigning placed object /column0 to target position
[EXEC] Action ActionType.PLACE executed in 16.94 seconds
[SUCCESS] Action ActionType.PLACE succeeded for object /column0
[LOG] Transition logged to MongoDB: 1bf71acc-373e-4bcd-ad79-58f222d9da6a - Episode 0
Selected action: Action(ActionType.PICK, obj=/column1, slot=None,grasp=GraspType.LEFT_0) with motion param: right_0
here
[EXEC] Picking /column1 with right_0
[ERROR] No IK configurations found for desired pick pose.
[EXEC] Action ActionType.PICK executed in 1.02 seconds
[ERROR] Action ActionType.PICK failed for object /column1
[LOG] Transition logged to MongoDB: 1bf71acc-373e-4bcd-ad79-58f222d9da6a - Episode 0
Selected action: Action(ActionType.PICK, obj=/column2, slot=None,grasp=GraspType.FRONT_270) with motion param: front_270
here
[EXEC] Picking /column2 with front_270

[INFO] Found 5312 potential configurations.
[WARN] No valid configuration found (all tested configs invalid).
[EXEC] Action ActionType.PICK executed in 3.46 seconds
[ERROR] Action ActionType.PICK failed for object /column2
[LOG] Transition logged to MongoDB: 1bf71acc-373e-4bcd-ad79-58f222d9da6a - Episode 0
Selected action: Action(ActionType.PICK, obj=/column1, slot=None,grasp=GraspType.RIGHT_0) with motion param: front_270
here
[EXEC] Picking /column1 with front_270

[INFO] Found 3456 potential configurations.
[INFO] Motion completed successfully with result: success,in execution time: 10.84 seconds
[INFO] Found a reachable configuration for pick action after 1 attempts.
Tip distance after pick: 0.01924413065607126
[INFO] Pick action completed successfully.in execution time: 10.84 seconds
[EXEC] Action ActionType.PICK executed in 19.72 seconds
[SUCCESS] Action ActionType.PICK succeeded for object /column1
[LOG] Transition logged to MongoDB: 1bf71acc-373e-4bcd-ad79-58f222d9da6a - Episode 0
Selected action: Action(ActionType.PLACE, obj=/column1, slot=/region_0,grasp=None) with motion param: right_0
here
[EXEC] Placing at [0.35, 0.8, 0.521] with grasp right_0

[INFO] Found 4416 potential configurations.
[INFO] Motion completed successfully with result: success,in execution time: 7.56 seconds
[INFO] Found a reachable configuration for place action after 1 attempts.
[INFO] Place action completed successfully.
realigning placed object /column1 to target position
[EXEC] Action ActionType.PLACE executed in 28.55 seconds
[SUCCESS] Action ActionType.PLACE succeeded for object /column1
[LOG] Transition logged to MongoDB: 1bf71acc-373e-4bcd-ad79-58f222d9da6a - Episode 0
Selected action: Action(ActionType.PICK, obj=/column0, slot=None,grasp=GraspType.TOP_0) with motion param: top_0
here
[EXEC] Picking /column0 with top_0

[INFO] Found 3776 potential configurations.
[INFO] Motion completed successfully with result: success,in execution time: 6.40 seconds
[INFO] Found a reachable configuration for pick action after 1 attempts.
Tip distance after pick: 0.027758964815148546
[INFO] Pick action completed successfully.in execution time: 6.40 seconds
[EXEC] Action ActionType.PICK executed in 20.82 seconds
[SUCCESS] Action ActionType.PICK succeeded for object /column0
[LOG] Transition logged to MongoDB: 1bf71acc-373e-4bcd-ad79-58f222d9da6a - Episode 0
Selected action: Action(ActionType.PLACE, obj=/column0, slot=/region_1,grasp=None) with motion param: right_0
here
[EXEC] Placing at [0.6, 1.075, 0.5] with grasp right_0
[ERROR] No IK configurations found for desired place pose.
[EXEC] Action ActionType.PLACE executed in 1.03 seconds
[ERROR] Action ActionType.PLACE failed for object /column0
[LOG] Transition logged to MongoDB: 1bf71acc-373e-4bcd-ad79-58f222d9da6a - Episode 0
Selected action: Action(ActionType.PLACE, obj=/column0, slot=/region_1,grasp=GraspType.RIGHT_0) with motion param: left_0
here
[EXEC] Placing at [0.6, 1.075, 0.5] with grasp left_0

[INFO] Found 1472 potential configurations.
[WARN] No valid configuration found (all tested configs invalid).
[EXEC] Action ActionType.PLACE executed in 1.58 seconds
[ERROR] Action ActionType.PLACE failed for object /column0
[LOG] Transition logged to MongoDB: 1bf71acc-373e-4bcd-ad79-58f222d9da6a - Episode 0
Selected action: Action(ActionType.PLACE, obj=/column0, slot=/goal_1,grasp=GraspType.LEFT_0) with motion param: left_0
here
[EXEC] Placing at [-0.2749999999999999, 1.0750000000000006, 0.5] with grasp left_0

[INFO] Found 1024 potential configurations.
[WARN] No valid configuration found (all tested configs invalid).
[EXEC] Action ActionType.PLACE executed in 7.13 seconds
[ERROR] Action ActionType.PLACE failed for object /column0
[LOG] Transition logged to MongoDB: 1bf71acc-373e-4bcd-ad79-58f222d9da6a - Episode 0
Selected action: Action(ActionType.PLACE, obj=/column0, slot=/goal_1,grasp=GraspType.LEFT_0) with motion param: top_0
here
[EXEC] Placing at [-0.2749999999999999, 1.0750000000000006, 0.5] with grasp top_0

[INFO] Found 2240 potential configurations.
[INFO] Motion completed successfully with result: success,in execution time: 5.24 seconds
[INFO] Found a reachable configuration for place action after 1 attempts.
[INFO] Place action completed successfully.
realigning placed object /column0 to target position
[EXEC] Action ActionType.PLACE executed in 15.07 seconds
[SUCCESS] Action ActionType.PLACE succeeded for object /column0
[LOG] Transition logged to MongoDB: 1bf71acc-373e-4bcd-ad79-58f222d9da6a - Episode 0
Selected action: Action(ActionType.PICK, obj=/column2, slot=None,grasp=GraspType.FRONT_270) with motion param: top_0
here
[EXEC] Picking /column2 with top_0

[INFO] Found 5056 potential configurations.
[WARN] No valid configuration found (all tested configs invalid).
[EXEC] Action ActionType.PICK executed in 29.57 seconds
[ERROR] Action ActionType.PICK failed for object /column2
[LOG] Transition logged to MongoDB: 1bf71acc-373e-4bcd-ad79-58f222d9da6a - Episode 0
Selected action: Action(ActionType.PICK, obj=/column1, slot=None,grasp=GraspType.FRONT_270) with motion param: left_0
here
[EXEC] Picking /column1 with left_0

[INFO] Found 4160 potential configurations.
[INFO] Motion completed successfully with result: success,in execution time: 3.28 seconds
[INFO] Found a reachable configuration for pick action after 1 attempts.
Tip distance after pick: 0.020922200376257596
[INFO] Pick action completed successfully.in execution time: 3.28 seconds
[EXEC] Action ActionType.PICK executed in 12.41 seconds
[SUCCESS] Action ActionType.PICK succeeded for object /column1
[LOG] Transition logged to MongoDB: 1bf71acc-373e-4bcd-ad79-58f222d9da6a - Episode 0
Selected action: Action(ActionType.PLACE, obj=/column1, slot=/region_0,grasp=GraspType.RIGHT_0) with motion param: right_0
here
[EXEC] Placing at [0.35, 0.8, 0.521] with grasp right_0

[INFO] Found 3584 potential configurations.
[INFO] Motion completed successfully with result: success,in execution time: 5.28 seconds
[INFO] Found a reachable configuration for place action after 1 attempts.
[INFO] Place action completed successfully.
realigning placed object /column1 to target position
[EXEC] Action ActionType.PLACE executed in 31.54 seconds
[SUCCESS] Action ActionType.PLACE succeeded for object /column1
[LOG] Transition logged to MongoDB: 1bf71acc-373e-4bcd-ad79-58f222d9da6a - Episode 0
Selected action: Action(ActionType.PICK, obj=/column1, slot=None,grasp=GraspType.LEFT_0) with motion param: right_0
here
[EXEC] Picking /column1 with right_0

[INFO] Found 5184 potential configurations.
[INFO] Motion completed successfully with result: success,in execution time: 1.68 seconds
[INFO] Found a reachable configuration for pick action after 1 attempts.
Tip distance after pick: 0.020550717913720446
[INFO] Pick action completed successfully.in execution time: 1.68 seconds
[EXEC] Action ActionType.PICK executed in 14.34 seconds
[SUCCESS] Action ActionType.PICK succeeded for object /column1
[LOG] Transition logged to MongoDB: 1bf71acc-373e-4bcd-ad79-58f222d9da6a - Episode 0
Selected action: Action(ActionType.PLACE, obj=/column1, slot=/region_1,grasp=None) with motion param: front_270
here
[EXEC] Placing at [0.6, 1.075, 0.5] with grasp front_270

[INFO] Found 1664 potential configurations.
[ERROR] Motion failed (collision or invalid path)
[ERROR] Motion result: no_path
[WARN] Failed to find a path to the selected place config on attempt 1.
[WARN] No path found to selected place config, discarding and trying next valid config...
[INFO] Motion completed successfully with result: success,in execution time: 3.08 seconds
[INFO] Found a reachable configuration for place action after 2 attempts.
[INFO] Place action completed successfully.
realigning placed object /column1 to target position
[EXEC] Action ActionType.PLACE executed in 22.48 seconds
[SUCCESS] Action ActionType.PLACE succeeded for object /column1
[LOG] Transition logged to MongoDB: 1bf71acc-373e-4bcd-ad79-58f222d9da6a - Episode 0
Selected action: Action(ActionType.PICK, obj=/column0, slot=None,grasp=GraspType.TOP_0) with motion param: top_0
here
[EXEC] Picking /column0 with top_0

[INFO] Found 1664 potential configurations.
[INFO] Motion completed successfully with result: success,in execution time: 10.44 seconds
[INFO] Found a reachable configuration for pick action after 1 attempts.
Tip distance after pick: 0.026372826252517172
[INFO] Pick action completed successfully.in execution time: 10.44 seconds
[EXEC] Action ActionType.PICK executed in 21.48 seconds
[SUCCESS] Action ActionType.PICK succeeded for object /column0
[LOG] Transition logged to MongoDB: 1bf71acc-373e-4bcd-ad79-58f222d9da6a - Episode 0
Selected action: Action(ActionType.PLACE, obj=/column0, slot=/region_2,grasp=GraspType.FRONT_270) with motion param: left_0
here
[EXEC] Placing at [0.6, 0.80001, 0.5] with grasp left_0

[INFO] Found 2240 potential configurations.
[INFO] Motion completed successfully with result: success,in execution time: 7.76 seconds
[INFO] Found a reachable configuration for place action after 1 attempts.
[INFO] Place action completed successfully.
realigning placed object /column0 to target position
[EXEC] Action ActionType.PLACE executed in 22.40 seconds
[SUCCESS] Action ActionType.PLACE succeeded for object /column0
[LOG] Transition logged to MongoDB: 1bf71acc-373e-4bcd-ad79-58f222d9da6a - Episode 0
Selected action: Action(ActionType.PICK, obj=/column1, slot=None,grasp=GraspType.RIGHT_0) with motion param: top_0
here
[EXEC] Picking /column1 with top_0

[INFO] Found 448 potential configurations.
[WARN] No valid configuration found (all tested configs invalid).
[EXEC] Action ActionType.PICK executed in 12.00 seconds
[ERROR] Action ActionType.PICK failed for object /column1
[LOG] Transition logged to MongoDB: 1bf71acc-373e-4bcd-ad79-58f222d9da6a - Episode 0
Selected action: Action(ActionType.PICK, obj=/column2, slot=None,grasp=GraspType.TOP_0) with motion param: left_0
here
[EXEC] Picking /column2 with left_0
[ERROR] No IK configurations found for desired pick pose.
[EXEC] Action ActionType.PICK executed in 1.03 seconds
[ERROR] Action ActionType.PICK failed for object /column2
[LOG] Transition logged to MongoDB: 1bf71acc-373e-4bcd-ad79-58f222d9da6a - Episode 0
Selected action: Action(ActionType.PICK, obj=/column1, slot=None,grasp=GraspType.TOP_0) with motion param: right_0
here
[EXEC] Picking /column1 with right_0
[ERROR] No IK configurations found for desired pick pose.
[EXEC] Action ActionType.PICK executed in 1.04 seconds
[ERROR] Action ActionType.PICK failed for object /column1
[LOG] Transition logged to MongoDB: 1bf71acc-373e-4bcd-ad79-58f222d9da6a - Episode 0
Selected action: Action(ActionType.PICK, obj=/column1, slot=None,grasp=GraspType.RIGHT_0) with motion param: front_270
here
[EXEC] Picking /column1 with front_270

[INFO] Found 1792 potential configurations.
[WARN] No valid configuration found (all tested configs invalid).
[EXEC] Action ActionType.PICK executed in 2.04 seconds
[ERROR] Action ActionType.PICK failed for object /column1
[LOG] Transition logged to MongoDB: 1bf71acc-373e-4bcd-ad79-58f222d9da6a - Episode 0
Selected action: Action(ActionType.PICK, obj=/column2, slot=None,grasp=GraspType.LEFT_0) with motion param: top_0
here
[EXEC] Picking /column2 with top_0

[INFO] Found 4800 potential configurations.
[WARN] No valid configuration found (all tested configs invalid).
[EXEC] Action ActionType.PICK executed in 32.03 seconds
[ERROR] Action ActionType.PICK failed for object /column2
[LOG] Transition logged to MongoDB: 1bf71acc-373e-4bcd-ad79-58f222d9da6a - Episode 0
Selected action: Action(ActionType.PICK, obj=/column0, slot=None,grasp=GraspType.TOP_0) with motion param: left_0
here
[EXEC] Picking /column0 with left_0

[INFO] Found 1472 potential configurations.
[WARN] No valid configuration found (all tested configs invalid).
[EXEC] Action ActionType.PICK executed in 1.77 seconds
[ERROR] Action ActionType.PICK failed for object /column0
[LOG] Transition logged to MongoDB: 1bf71acc-373e-4bcd-ad79-58f222d9da6a - Episode 0
Selected action: Action(ActionType.PICK, obj=/column2, slot=None,grasp=GraspType.TOP_0) with motion param: right_0
here
[EXEC] Picking /column2 with right_0

[INFO] Found 5120 potential configurations.
[WARN] No valid configuration found (all tested configs invalid).
[EXEC] Action ActionType.PICK executed in 4.78 seconds
[ERROR] Action ActionType.PICK failed for object /column2
[LOG] Transition logged to MongoDB: 1bf71acc-373e-4bcd-ad79-58f222d9da6a - Episode 0
Selected action: Action(ActionType.PICK, obj=/column2, slot=None,grasp=GraspType.RIGHT_0) with motion param: top_0
here
[EXEC] Picking /column2 with top_0

[INFO] Found 5696 potential configurations.
[INFO] Motion completed successfully with result: success,in execution time: 3.44 seconds
[INFO] Found a reachable configuration for pick action after 1 attempts.
Tip distance after pick: 0.028079121914722248
[INFO] Pick action completed successfully.in execution time: 3.44 seconds
[EXEC] Action ActionType.PICK executed in 12.44 seconds
[SUCCESS] Action ActionType.PICK succeeded for object /column2
[LOG] Transition logged to MongoDB: 1bf71acc-373e-4bcd-ad79-58f222d9da6a - Episode 0
Selected action: Action(ActionType.PLACE, obj=/column2, slot=/goal_2,grasp=GraspType.RIGHT_0) with motion param: left_0
here
[EXEC] Placing at [-0.6000000000000001, 0.8250000000000003, 0.5] with grasp left_0

[INFO] Found 2112 potential configurations.
[WARN] No valid configuration found (all tested configs invalid).
[EXEC] Action ActionType.PLACE executed in 2.53 seconds
[ERROR] Action ActionType.PLACE failed for object /column2
[LOG] Transition logged to MongoDB: 1bf71acc-373e-4bcd-ad79-58f222d9da6a - Episode 0
Selected action: Action(ActionType.PLACE, obj=/column2, slot=/goal_0,grasp=GraspType.RIGHT_0) with motion param: right_0
here
[EXEC] Placing at [-0.27499999999999986, 0.8250000000000005, 0.5] with grasp right_0

[INFO] Found 1920 potential configurations.
[ERROR] Motion failed (collision or invalid path)
[ERROR] Motion result: no_path
[WARN] Failed to find a path to the selected place config on attempt 1.
[WARN] No path found to selected place config, discarding and trying next valid config...
[ERROR] Motion failed (collision or invalid path)
[ERROR] Motion result: no_path
[WARN] Failed to find a path to the selected place config on attempt 2.
[WARN] No path found to selected place config, discarding and trying next valid config...
[ERROR] Motion failed (collision or invalid path)
[ERROR] Motion result: no_path
[WARN] Failed to find a path to the selected place config on attempt 3.
[WARN] No path found to selected place config, discarding and trying next valid config...
[ERROR] Max IK attempts reached, place action failed.
[EXEC] Action ActionType.PLACE executed in 20.15 seconds
[ERROR] Action ActionType.PLACE failed for object /column2
[LOG] Transition logged to MongoDB: 1bf71acc-373e-4bcd-ad79-58f222d9da6a - Episode 0
Selected action: Action(ActionType.PLACE, obj=/column2, slot=/region_0,grasp=GraspType.LEFT_0) with motion param: top_0
here
[EXEC] Placing at [0.35, 0.8, 0.521] with grasp top_0

[INFO] Found 3712 potential configurations.
[INFO] Motion completed successfully with result: success,in execution time: 0.56 seconds
[INFO] Found a reachable configuration for place action after 1 attempts.
[INFO] Place action completed successfully.
realigning placed object /column2 to target position
[EXEC] Action ActionType.PLACE executed in 12.26 seconds
[SUCCESS] Action ActionType.PLACE succeeded for object /column2
[LOG] Transition logged to MongoDB: 1bf71acc-373e-4bcd-ad79-58f222d9da6a - Episode 0
Selected action: Action(ActionType.PICK, obj=/column1, slot=None,grasp=GraspType.FRONT_270) with motion param: left_0
here
[EXEC] Picking /column1 with left_0

[INFO] Found 3840 potential configurations.
[WARN] No valid configuration found (all tested configs invalid).
[EXEC] Action ActionType.PICK executed in 3.95 seconds
[ERROR] Action ActionType.PICK failed for object /column1
[LOG] Transition logged to MongoDB: 1bf71acc-373e-4bcd-ad79-58f222d9da6a - Episode 0
Selected action: Action(ActionType.PICK, obj=/column2, slot=None,grasp=GraspType.TOP_0) with motion param: front_270
here
[EXEC] Picking /column2 with front_270

[INFO] Found 5056 potential configurations.
[INFO] Motion completed successfully with result: success,in execution time: 4.52 seconds
[INFO] Found a reachable configuration for pick action after 1 attempts.
Tip distance after pick: 0.02142466130573208
[INFO] Pick action completed successfully.in execution time: 4.52 seconds
[EXEC] Action ActionType.PICK executed in 20.66 seconds
[SUCCESS] Action ActionType.PICK succeeded for object /column2
[LOG] Transition logged to MongoDB: 1bf71acc-373e-4bcd-ad79-58f222d9da6a - Episode 0
Selected action: Action(ActionType.PLACE, obj=/column2, slot=/region_0,grasp=GraspType.TOP_0) with motion param: top_0
here
[EXEC] Placing at [0.35, 0.8, 0.521] with grasp top_0

[INFO] Found 5568 potential configurations.
[INFO] Motion completed successfully with result: success,in execution time: 4.60 seconds
[INFO] Found a reachable configuration for place action after 1 attempts.
[INFO] Place action completed successfully.
realigning placed object /column2 to target position
[EXEC] Action ActionType.PLACE executed in 20.71 seconds
[SUCCESS] Action ActionType.PLACE succeeded for object /column2
[LOG] Transition logged to MongoDB: 1bf71acc-373e-4bcd-ad79-58f222d9da6a - Episode 0
Selected action: Action(ActionType.PICK, obj=/column1, slot=None,grasp=GraspType.LEFT_0) with motion param: left_0
here
[EXEC] Picking /column1 with left_0

[INFO] Found 3072 potential configurations.
[WARN] No valid configuration found (all tested configs invalid).
[EXEC] Action ActionType.PICK executed in 3.20 seconds
[ERROR] Action ActionType.PICK failed for object /column1
[LOG] Transition logged to MongoDB: 1bf71acc-373e-4bcd-ad79-58f222d9da6a - Episode 0
Selected action: Action(ActionType.PICK, obj=/column1, slot=None,grasp=GraspType.LEFT_0) with motion param: left_0
here
[EXEC] Picking /column1 with left_0

[INFO] Found 3712 potential configurations.
[WARN] No valid configuration found (all tested configs invalid).
[EXEC] Action ActionType.PICK executed in 3.32 seconds
[ERROR] Action ActionType.PICK failed for object /column1
[LOG] Transition logged to MongoDB: 1bf71acc-373e-4bcd-ad79-58f222d9da6a - Episode 0
Selected action: Action(ActionType.PICK, obj=/column0, slot=None,grasp=GraspType.LEFT_0) with motion param: right_0
here
[EXEC] Picking /column0 with right_0
[ERROR] No IK configurations found for desired pick pose.
[EXEC] Action ActionType.PICK executed in 1.02 seconds
[ERROR] Action ActionType.PICK failed for object /column0
[LOG] Transition logged to MongoDB: 1bf71acc-373e-4bcd-ad79-58f222d9da6a - Episode 0
Selected action: Action(ActionType.PICK, obj=/column1, slot=None,grasp=GraspType.LEFT_0) with motion param: left_0
here
[EXEC] Picking /column1 with left_0

[INFO] Found 3328 potential configurations.
[WARN] No valid configuration found (all tested configs invalid).
[EXEC] Action ActionType.PICK executed in 3.35 seconds
[ERROR] Action ActionType.PICK failed for object /column1
[LOG] Transition logged to MongoDB: 1bf71acc-373e-4bcd-ad79-58f222d9da6a - Episode 0
Selected action: Action(ActionType.PICK, obj=/column1, slot=None,grasp=GraspType.LEFT_0) with motion param: left_0
here
[EXEC] Picking /column1 with left_0

[INFO] Found 4096 potential configurations.
[WARN] No valid configuration found (all tested configs invalid).
[EXEC] Action ActionType.PICK executed in 4.74 seconds
[ERROR] Action ActionType.PICK failed for object /column1
[LOG] Transition logged to MongoDB: 1bf71acc-373e-4bcd-ad79-58f222d9da6a - Episode 0
Selected action: Action(ActionType.PICK, obj=/column0, slot=None,grasp=GraspType.RIGHT_0) with motion param: front_270
here
[EXEC] Picking /column0 with front_270

[INFO] Found 2368 potential configurations.
[WARN] No valid configuration found (all tested configs invalid).
[EXEC] Action ActionType.PICK executed in 2.58 seconds
[ERROR] Action ActionType.PICK failed for object /column0
[LOG] Transition logged to MongoDB: 1bf71acc-373e-4bcd-ad79-58f222d9da6a - Episode 0
Selected action: Action(ActionType.PICK, obj=/column0, slot=None,grasp=GraspType.FRONT_270) with motion param: front_270
here
[EXEC] Picking /column0 with front_270

[INFO] Found 2304 potential configurations.
[WARN] No valid configuration found (all tested configs invalid).
[EXEC] Action ActionType.PICK executed in 2.10 seconds
[ERROR] Action ActionType.PICK failed for object /column0
[LOG] Transition logged to MongoDB: 1bf71acc-373e-4bcd-ad79-58f222d9da6a - Episode 0
Selected action: Action(ActionType.PICK, obj=/column2, slot=None,grasp=GraspType.FRONT_270) with motion param: right_0
here
[EXEC] Picking /column2 with right_0

[INFO] Found 4288 potential configurations.
[WARN] No valid configuration found (all tested configs invalid).
[EXEC] Action ActionType.PICK executed in 4.87 seconds
[ERROR] Action ActionType.PICK failed for object /column2
[LOG] Transition logged to MongoDB: 1bf71acc-373e-4bcd-ad79-58f222d9da6a - Episode 0
Selected action: Action(ActionType.PICK, obj=/column1, slot=None,grasp=GraspType.LEFT_0) with motion param: right_0
here
[EXEC] Picking /column1 with right_0
[ERROR] No IK configurations found for desired pick pose.
[EXEC] Action ActionType.PICK executed in 1.02 seconds
[ERROR] Action ActionType.PICK failed for object /column1
[LOG] Transition logged to MongoDB: 1bf71acc-373e-4bcd-ad79-58f222d9da6a - Episode 0
Selected action: Action(ActionType.PICK, obj=/column0, slot=None,grasp=GraspType.FRONT_270) with motion param: front_270
here
[EXEC] Picking /column0 with front_270

[INFO] Found 3520 potential configurations.
[WARN] No valid configuration found (all tested configs invalid).
[EXEC] Action ActionType.PICK executed in 2.64 seconds
[ERROR] Action ActionType.PICK failed for object /column0
[LOG] Transition logged to MongoDB: 1bf71acc-373e-4bcd-ad79-58f222d9da6a - Episode 0
Selected action: Action(ActionType.PICK, obj=/column1, slot=None,grasp=GraspType.RIGHT_0) with motion param: front_270
here
[EXEC] Picking /column1 with front_270

[INFO] Found 3776 potential configurations.
[INFO] Motion completed successfully with result: success,in execution time: 4.16 seconds
[INFO] Found a reachable configuration for pick action after 1 attempts.
Tip distance after pick: 0.020552909006600714
[INFO] Pick action completed successfully.in execution time: 4.16 seconds
[EXEC] Action ActionType.PICK executed in 18.33 seconds
[SUCCESS] Action ActionType.PICK succeeded for object /column1
[LOG] Transition logged to MongoDB: 1bf71acc-373e-4bcd-ad79-58f222d9da6a - Episode 0
Selected action: Action(ActionType.PLACE, obj=/column1, slot=/region_2,grasp=None) with motion param: right_0
here
[EXEC] Placing at [0.6, 0.80001, 0.5] with grasp right_0
[ERROR] No IK configurations found for desired place pose.
[EXEC] Action ActionType.PLACE executed in 1.02 seconds
[ERROR] Action ActionType.PLACE failed for object /column1
[LOG] Transition logged to MongoDB: 1bf71acc-373e-4bcd-ad79-58f222d9da6a - Episode 0
Selected action: Action(ActionType.PLACE, obj=/column1, slot=/goal_1,grasp=None) with motion param: top_0
here
[EXEC] Placing at [-0.2749999999999999, 1.0750000000000006, 0.5] with grasp top_0

[INFO] Found 1920 potential configurations.
[INFO] Motion completed successfully with result: success,in execution time: 9.00 seconds
[INFO] Found a reachable configuration for place action after 1 attempts.
[INFO] Place action completed successfully.
realigning placed object /column1 to target position
[EXEC] Action ActionType.PLACE executed in 21.49 seconds
[SUCCESS] Action ActionType.PLACE succeeded for object /column1
[LOG] Transition logged to MongoDB: 1bf71acc-373e-4bcd-ad79-58f222d9da6a - Episode 0
Selected action: Action(ActionType.PICK, obj=/column2, slot=None,grasp=GraspType.RIGHT_0) with motion param: right_0
here
[EXEC] Picking /column2 with right_0

[INFO] Found 3008 potential configurations.
[INFO] Motion completed successfully with result: success,in execution time: 8.28 seconds
[INFO] Found a reachable configuration for pick action after 1 attempts.
Tip distance after pick: 0.019410288166389456
[INFO] Pick action completed successfully.in execution time: 8.28 seconds
[EXEC] Action ActionType.PICK executed in 30.63 seconds
[SUCCESS] Action ActionType.PICK succeeded for object /column2
[LOG] Transition logged to MongoDB: 1bf71acc-373e-4bcd-ad79-58f222d9da6a - Episode 0
Selected action: Action(ActionType.PLACE, obj=/column2, slot=/goal_0,grasp=GraspType.RIGHT_0) with motion param: top_0
here
[EXEC] Placing at [-0.27499999999999986, 0.8250000000000005, 0.5] with grasp top_0

[INFO] Found 3840 potential configurations.
[INFO] Motion completed successfully with result: success,in execution time: 7.64 seconds
[INFO] Found a reachable configuration for place action after 1 attempts.
[INFO] Place action completed successfully.
realigning placed object /column2 to target position
[EXEC] Action ActionType.PLACE executed in 22.43 seconds
[SUCCESS] Action ActionType.PLACE succeeded for object /column2
[LOG] Transition logged to MongoDB: 1bf71acc-373e-4bcd-ad79-58f222d9da6a - Episode 0
Selected action: Action(ActionType.PICK, obj=/column2, slot=None,grasp=GraspType.RIGHT_0) with motion param: top_0
here
[EXEC] Picking /column2 with top_0

[INFO] Found 4352 potential configurations.
[INFO] Motion completed successfully with result: success,in execution time: 1.72 seconds
[INFO] Found a reachable configuration for pick action after 1 attempts.
Tip distance after pick: 0.028421580969441487
[INFO] Pick action completed successfully.in execution time: 1.72 seconds
[EXEC] Action ActionType.PICK executed in 12.37 seconds
[SUCCESS] Action ActionType.PICK succeeded for object /column2
[LOG] Transition logged to MongoDB: 1bf71acc-373e-4bcd-ad79-58f222d9da6a - Episode 0
Selected action: Action(ActionType.PLACE, obj=/column2, slot=/goal_2,grasp=GraspType.LEFT_0) with motion param: left_0
here
[EXEC] Placing at [-0.6000000000000001, 0.8250000000000003, 0.5] with grasp left_0

[INFO] Found 2368 potential configurations.
[WARN] No valid configuration found (all tested configs invalid).
[EXEC] Action ActionType.PLACE executed in 2.14 seconds
[ERROR] Action ActionType.PLACE failed for object /column2
[LOG] Transition logged to MongoDB: 1bf71acc-373e-4bcd-ad79-58f222d9da6a - Episode 0
Selected action: Action(ActionType.PLACE, obj=/column2, slot=/region_0,grasp=GraspType.TOP_0) with motion param: left_0
here
[EXEC] Placing at [0.35, 0.8, 0.521] with grasp left_0

[INFO] Found 2816 potential configurations.
[INFO] Motion completed successfully with result: success,in execution time: 9.40 seconds
[INFO] Found a reachable configuration for place action after 1 attempts.
[INFO] Place action completed successfully.
realigning placed object /column2 to target position
[EXEC] Action ActionType.PLACE executed in 23.58 seconds
[SUCCESS] Action ActionType.PLACE succeeded for object /column2
[LOG] Transition logged to MongoDB: 1bf71acc-373e-4bcd-ad79-58f222d9da6a - Episode 0
Selected action: Action(ActionType.PICK, obj=/column2, slot=None,grasp=GraspType.TOP_0) with motion param: top_0
here
[EXEC] Picking /column2 with top_0

[INFO] Found 3776 potential configurations.
[INFO] Motion completed successfully with result: success,in execution time: 3.36 seconds
[INFO] Found a reachable configuration for pick action after 1 attempts.
Tip distance after pick: 0.027600044054789125
[INFO] Pick action completed successfully.in execution time: 3.36 seconds
[EXEC] Action ActionType.PICK executed in 15.31 seconds
[SUCCESS] Action ActionType.PICK succeeded for object /column2
[LOG] Transition logged to MongoDB: 1bf71acc-373e-4bcd-ad79-58f222d9da6a - Episode 0
Selected action: Action(ActionType.PLACE, obj=/column2, slot=/region_0,grasp=GraspType.LEFT_0) with motion param: left_0
here
[EXEC] Placing at [0.35, 0.8, 0.521] with grasp left_0

[INFO] Found 2752 potential configurations.
[INFO] Motion completed successfully with result: success,in execution time: 3.36 seconds
[INFO] Found a reachable configuration for place action after 1 attempts.
[INFO] Place action completed successfully.
realigning placed object /column2 to target position
[EXEC] Action ActionType.PLACE executed in 14.33 seconds
[SUCCESS] Action ActionType.PLACE succeeded for object /column2
[LOG] Transition logged to MongoDB: 1bf71acc-373e-4bcd-ad79-58f222d9da6a - Episode 0
Selected action: Action(ActionType.PICK, obj=/column1, slot=None,grasp=GraspType.FRONT_270) with motion param: top_0
here
[EXEC] Picking /column1 with top_0

[INFO] Found 2368 potential configurations.
[INFO] Motion completed successfully with result: success,in execution time: 3.08 seconds
[INFO] Found a reachable configuration for pick action after 1 attempts.
Tip distance after pick: 0.025478696962697302
[INFO] Pick action completed successfully.in execution time: 3.08 seconds
[EXEC] Action ActionType.PICK executed in 16.37 seconds
[SUCCESS] Action ActionType.PICK succeeded for object /column1
[LOG] Transition logged to MongoDB: 1bf71acc-373e-4bcd-ad79-58f222d9da6a - Episode 0
Selected action: Action(ActionType.PLACE, obj=/column1, slot=/goal_2,grasp=None) with motion param: right_0
here
[EXEC] Placing at [-0.6000000000000001, 0.8250000000000003, 0.5] with grasp right_0

[INFO] Found 2368 potential configurations.
[INFO] Motion completed successfully with result: success,in execution time: 7.08 seconds
[INFO] Found a reachable configuration for place action after 1 attempts.
[INFO] Place action completed successfully.
realigning placed object /column1 to target position
[EXEC] Action ActionType.PLACE executed in 15.10 seconds
[SUCCESS] Action ActionType.PLACE succeeded for object /column1
[LOG] Transition logged to MongoDB: 1bf71acc-373e-4bcd-ad79-58f222d9da6a - Episode 0
Selected action: Action(ActionType.PICK, obj=/column0, slot=None,grasp=GraspType.FRONT_270) with motion param: top_0
here
[EXEC] Picking /column0 with top_0

[INFO] Found 768 potential configurations.
[WARN] No valid configuration found (all tested configs invalid).
[EXEC] Action ActionType.PICK executed in 19.40 seconds
[ERROR] Action ActionType.PICK failed for object /column0
[LOG] Transition logged to MongoDB: 1bf71acc-373e-4bcd-ad79-58f222d9da6a - Episode 0
Selected action: Action(ActionType.PICK, obj=/column0, slot=None,grasp=GraspType.TOP_0) with motion param: top_0
here
[EXEC] Picking /column0 with top_0

[INFO] Found 704 potential configurations.
[WARN] No valid configuration found (all tested configs invalid).
[EXEC] Action ActionType.PICK executed in 15.56 seconds
[ERROR] Action ActionType.PICK failed for object /column0
[LOG] Transition logged to MongoDB: 1bf71acc-373e-4bcd-ad79-58f222d9da6a - Episode 0
Selected action: Action(ActionType.PICK, obj=/column2, slot=None,grasp=GraspType.TOP_0) with motion param: right_0
here
[EXEC] Picking /column2 with right_0

[INFO] Found 2816 potential configurations.
[INFO] Motion completed successfully with result: success,in execution time: 5.36 seconds
[INFO] Found a reachable configuration for pick action after 1 attempts.
Tip distance after pick: 0.01969151918326833
[INFO] Pick action completed successfully.in execution time: 5.36 seconds
[EXEC] Action ActionType.PICK executed in 14.77 seconds
[SUCCESS] Action ActionType.PICK succeeded for object /column2
[LOG] Transition logged to MongoDB: 1bf71acc-373e-4bcd-ad79-58f222d9da6a - Episode 0
Selected action: Action(ActionType.PLACE, obj=/column2, slot=/region_0,grasp=GraspType.LEFT_0) with motion param: right_0
here
[EXEC] Placing at [0.35, 0.8, 0.521] with grasp right_0

[INFO] Found 5376 potential configurations.
[INFO] Motion completed successfully with result: success,in execution time: 0.72 seconds
[INFO] Found a reachable configuration for place action after 1 attempts.
[INFO] Place action completed successfully.
realigning placed object /column2 to target position
[EXEC] Action ActionType.PLACE executed in 14.93 seconds
[SUCCESS] Action ActionType.PLACE succeeded for object /column2
[LOG] Transition logged to MongoDB: 1bf71acc-373e-4bcd-ad79-58f222d9da6a - Episode 0
Selected action: Action(ActionType.PICK, obj=/column1, slot=None,grasp=GraspType.TOP_0) with motion param: top_0
here
[EXEC] Picking /column1 with top_0

[INFO] Found 4672 potential configurations.
[WARN] No valid configuration found (all tested configs invalid).
[EXEC] Action ActionType.PICK executed in 36.63 seconds
[ERROR] Action ActionType.PICK failed for object /column1
[LOG] Transition logged to MongoDB: 1bf71acc-373e-4bcd-ad79-58f222d9da6a - Episode 0
Selected action: Action(ActionType.PICK, obj=/column0, slot=None,grasp=GraspType.TOP_0) with motion param: front_270
here
[EXEC] Picking /column0 with front_270

[INFO] Found 2880 potential configurations.
[INFO] Motion completed successfully with result: success,in execution time: 3.04 seconds
[INFO] Found a reachable configuration for pick action after 1 attempts.
Tip distance after pick: 0.018632653824742863
[INFO] Pick action completed successfully.in execution time: 3.04 seconds
[EXEC] Action ActionType.PICK executed in 19.43 seconds
[SUCCESS] Action ActionType.PICK succeeded for object /column0
[LOG] Transition logged to MongoDB: 1bf71acc-373e-4bcd-ad79-58f222d9da6a - Episode 0
Selected action: Action(ActionType.PLACE, obj=/column0, slot=/region_1,grasp=GraspType.LEFT_0) with motion param: right_0
here
[EXEC] Placing at [0.6, 1.075, 0.5] with grasp right_0
[ERROR] No IK configurations found for desired place pose.
[EXEC] Action ActionType.PLACE executed in 1.02 seconds
[ERROR] Action ActionType.PLACE failed for object /column0
[LOG] Transition logged to MongoDB: 1bf71acc-373e-4bcd-ad79-58f222d9da6a - Episode 0
Selected action: Action(ActionType.PLACE, obj=/column0, slot=/goal_0,grasp=GraspType.FRONT_270) with motion param: front_270
here
[EXEC] Placing at [-0.27499999999999986, 0.8250000000000005, 0.5] with grasp front_270

[INFO] Found 5696 potential configurations.
[ERROR] Motion failed (collision or invalid path)
[ERROR] Motion result: no_path
[WARN] Failed to find a path to the selected place config on attempt 1.
[WARN] No path found to selected place config, discarding and trying next valid config...
[INFO] Motion completed successfully with result: success,in execution time: 9.80 seconds
[INFO] Found a reachable configuration for place action after 2 attempts.
[INFO] Place action completed successfully.
realigning placed object /column0 to target position
[EXEC] Action ActionType.PLACE executed in 44.89 seconds
[SUCCESS] Action ActionType.PLACE succeeded for object /column0
[LOG] Transition logged to MongoDB: 1bf71acc-373e-4bcd-ad79-58f222d9da6a - Episode 0
Selected action: Action(ActionType.PICK, obj=/column2, slot=None,grasp=GraspType.RIGHT_0) with motion param: front_270
here
[EXEC] Picking /column2 with front_270

[INFO] Found 5056 potential configurations.
[INFO] Motion completed successfully with result: success,in execution time: 2.64 seconds
[INFO] Found a reachable configuration for pick action after 1 attempts.
Tip distance after pick: 0.021195929852725885
[INFO] Pick action completed successfully.in execution time: 2.64 seconds
[EXEC] Action ActionType.PICK executed in 17.33 seconds
[SUCCESS] Action ActionType.PICK succeeded for object /column2
[LOG] Transition logged to MongoDB: 1bf71acc-373e-4bcd-ad79-58f222d9da6a - Episode 0
Selected action: Action(ActionType.PLACE, obj=/column2, slot=/region_0,grasp=GraspType.RIGHT_0) with motion param: right_0
here
[EXEC] Placing at [0.35, 0.8, 0.521] with grasp right_0

[INFO] Found 5312 potential configurations.
[INFO] Motion completed successfully with result: success,in execution time: 3.20 seconds
[INFO] Found a reachable configuration for place action after 1 attempts.
[INFO] Place action completed successfully.
realigning placed object /column2 to target position
[EXEC] Action ActionType.PLACE executed in 15.67 seconds
[SUCCESS] Action ActionType.PLACE succeeded for object /column2
[LOG] Transition logged to MongoDB: 1bf71acc-373e-4bcd-ad79-58f222d9da6a - Episode 0
Selected action: Action(ActionType.PICK, obj=/column0, slot=None,grasp=GraspType.FRONT_270) with motion param: front_270
here
[EXEC] Picking /column0 with front_270

[INFO] Found 3200 potential configurations.
[INFO] Motion completed successfully with result: success,in execution time: 9.00 seconds
[INFO] Found a reachable configuration for pick action after 1 attempts.
Tip distance after pick: 0.021836006499622303
[INFO] Pick action completed successfully.in execution time: 9.00 seconds
[EXEC] Action ActionType.PICK executed in 20.33 seconds
[SUCCESS] Action ActionType.PICK succeeded for object /column0
[LOG] Transition logged to MongoDB: 1bf71acc-373e-4bcd-ad79-58f222d9da6a - Episode 0
Selected action: Action(ActionType.PLACE, obj=/column0, slot=/goal_0,grasp=GraspType.FRONT_270) with motion param: top_0
here
[EXEC] Placing at [-0.27499999999999986, 0.8250000000000005, 0.5] with grasp top_0

[INFO] Found 5056 potential configurations.
[INFO] Motion completed successfully with result: success,in execution time: 9.40 seconds
[INFO] Found a reachable configuration for place action after 1 attempts.
[INFO] Place action completed successfully.
realigning placed object /column0 to target position
[EXEC] Action ActionType.PLACE executed in 25.83 seconds
[SUCCESS] Action ActionType.PLACE succeeded for object /column0
[LOG] Transition logged to MongoDB: 1bf71acc-373e-4bcd-ad79-58f222d9da6a - Episode 0
Selected action: Action(ActionType.PICK, obj=/column2, slot=None,grasp=GraspType.FRONT_270) with motion param: right_0
here
[EXEC] Picking /column2 with right_0

[INFO] Found 4928 potential configurations.
[INFO] Motion completed successfully with result: success,in execution time: 8.00 seconds
[INFO] Found a reachable configuration for pick action after 1 attempts.
Tip distance after pick: 0.01957201502253439
[INFO] Pick action completed successfully.in execution time: 8.00 seconds
[EXEC] Action ActionType.PICK executed in 22.15 seconds
[SUCCESS] Action ActionType.PICK succeeded for object /column2
[LOG] Transition logged to MongoDB: 1bf71acc-373e-4bcd-ad79-58f222d9da6a - Episode 0
Selected action: Action(ActionType.PLACE, obj=/column2, slot=/region_0,grasp=GraspType.RIGHT_0) with motion param: right_0
here
[EXEC] Placing at [0.35, 0.8, 0.521] with grasp right_0

[INFO] Found 3136 potential configurations.
[INFO] Motion completed successfully with result: success,in execution time: 0.56 seconds
[INFO] Found a reachable configuration for place action after 1 attempts.
[INFO] Place action completed successfully.
realigning placed object /column2 to target position
[EXEC] Action ActionType.PLACE executed in 12.97 seconds
[SUCCESS] Action ActionType.PLACE succeeded for object /column2
[LOG] Transition logged to MongoDB: 1bf71acc-373e-4bcd-ad79-58f222d9da6a - Episode 0
Selected action: Action(ActionType.PICK, obj=/column0, slot=None,grasp=GraspType.FRONT_270) with motion param: left_0
here
[EXEC] Picking /column0 with left_0

[INFO] Found 5312 potential configurations.
[WARN] No valid configuration found (all tested configs invalid).
[EXEC] Action ActionType.PICK executed in 3.53 seconds
[ERROR] Action ActionType.PICK failed for object /column0
[LOG] Transition logged to MongoDB: 1bf71acc-373e-4bcd-ad79-58f222d9da6a - Episode 0
Selected action: Action(ActionType.PICK, obj=/column1, slot=None,grasp=GraspType.TOP_0) with motion param: front_270
here
[EXEC] Picking /column1 with front_270

[INFO] Found 4672 potential configurations.
[WARN] No valid configuration found (all tested configs invalid).
[EXEC] Action ActionType.PICK executed in 2.79 seconds
[ERROR] Action ActionType.PICK failed for object /column1
[LOG] Transition logged to MongoDB: 1bf71acc-373e-4bcd-ad79-58f222d9da6a - Episode 0
Selected action: Action(ActionType.PICK, obj=/column1, slot=None,grasp=GraspType.FRONT_270) with motion param: top_0
here
[EXEC] Picking /column1 with top_0

[INFO] Found 3392 potential configurations.
[WARN] No valid configuration found (all tested configs invalid).
[EXEC] Action ActionType.PICK executed in 25.48 seconds
[ERROR] Action ActionType.PICK failed for object /column1
[LOG] Transition logged to MongoDB: 1bf71acc-373e-4bcd-ad79-58f222d9da6a - Episode 0
Selected action: Action(ActionType.PICK, obj=/column0, slot=None,grasp=GraspType.LEFT_0) with motion param: left_0
here
[EXEC] Picking /column0 with left_0

[INFO] Found 5120 potential configurations.
[WARN] No valid configuration found (all tested configs invalid).
[EXEC] Action ActionType.PICK executed in 3.31 seconds
[ERROR] Action ActionType.PICK failed for object /column0
[LOG] Transition logged to MongoDB: 1bf71acc-373e-4bcd-ad79-58f222d9da6a - Episode 0
Selected action: Action(ActionType.PICK, obj=/column1, slot=None,grasp=GraspType.TOP_0) with motion param: front_270
here
[EXEC] Picking /column1 with front_270

[INFO] Found 4352 potential configurations.
[WARN] No valid configuration found (all tested configs invalid).
[EXEC] Action ActionType.PICK executed in 2.83 seconds
[ERROR] Action ActionType.PICK failed for object /column1
[LOG] Transition logged to MongoDB: 1bf71acc-373e-4bcd-ad79-58f222d9da6a - Episode 0
Selected action: Action(ActionType.PICK, obj=/column0, slot=None,grasp=GraspType.LEFT_0) with motion param: left_0
here
[EXEC] Picking /column0 with left_0

[INFO] Found 4864 potential configurations.
[WARN] No valid configuration found (all tested configs invalid).
[EXEC] Action ActionType.PICK executed in 3.71 seconds
[ERROR] Action ActionType.PICK failed for object /column0
[LOG] Transition logged to MongoDB: 1bf71acc-373e-4bcd-ad79-58f222d9da6a - Episode 0
Selected action: Action(ActionType.PICK, obj=/column0, slot=None,grasp=GraspType.LEFT_0) with motion param: left_0
here
[EXEC] Picking /column0 with left_0

[INFO] Found 4672 potential configurations.
[WARN] No valid configuration found (all tested configs invalid).
[EXEC] Action ActionType.PICK executed in 3.58 seconds
[ERROR] Action ActionType.PICK failed for object /column0
[LOG] Transition logged to MongoDB: 1bf71acc-373e-4bcd-ad79-58f222d9da6a - Episode 0
Selected action: Action(ActionType.PICK, obj=/column0, slot=None,grasp=GraspType.LEFT_0) with motion param: top_0
here
[EXEC] Picking /column0 with top_0

[INFO] Found 6080 potential configurations.
[INFO] Motion completed successfully with result: success,in execution time: 6.48 seconds
[INFO] Found a reachable configuration for pick action after 1 attempts.
Tip distance after pick: 0.027902791078712304
[INFO] Pick action completed successfully.in execution time: 6.48 seconds
[EXEC] Action ActionType.PICK executed in 16.96 seconds
[SUCCESS] Action ActionType.PICK succeeded for object /column0
[LOG] Transition logged to MongoDB: 1bf71acc-373e-4bcd-ad79-58f222d9da6a - Episode 0
Selected action: Action(ActionType.PLACE, obj=/column0, slot=/goal_0,grasp=GraspType.TOP_0) with motion param: front_270
here
[EXEC] Placing at [-0.27499999999999986, 0.8250000000000005, 0.5] with grasp front_270

[INFO] Found 3584 potential configurations.
[INFO] Motion completed successfully with result: success,in execution time: 3.80 seconds
[INFO] Found a reachable configuration for place action after 1 attempts.
[INFO] Place action completed successfully.
realigning placed object /column0 to target position
[EXEC] Action ActionType.PLACE executed in 22.62 seconds
[SUCCESS] Action ActionType.PLACE succeeded for object /column0
[LOG] Transition logged to MongoDB: 1bf71acc-373e-4bcd-ad79-58f222d9da6a - Episode 0
Selected action: Action(ActionType.PICK, obj=/column1, slot=None,grasp=GraspType.FRONT_270) with motion param: front_270
here
[EXEC] Picking /column1 with front_270

[INFO] Found 4224 potential configurations.
[WARN] No valid configuration found (all tested configs invalid).
[EXEC] Action ActionType.PICK executed in 2.62 seconds
[ERROR] Action ActionType.PICK failed for object /column1
[LOG] Transition logged to MongoDB: 1bf71acc-373e-4bcd-ad79-58f222d9da6a - Episode 0
Selected action: Action(ActionType.PICK, obj=/column1, slot=None,grasp=GraspType.FRONT_270) with motion param: top_0
here
[EXEC] Picking /column1 with top_0

[INFO] Found 4736 potential configurations.
[WARN] No valid configuration found (all tested configs invalid).
[EXEC] Action ActionType.PICK executed in 30.22 seconds
[ERROR] Action ActionType.PICK failed for object /column1
[LOG] Transition logged to MongoDB: 1bf71acc-373e-4bcd-ad79-58f222d9da6a - Episode 0
Selected action: Action(ActionType.PICK, obj=/column2, slot=None,grasp=GraspType.RIGHT_0) with motion param: left_0
here
[EXEC] Picking /column2 with left_0

[INFO] Found 2688 potential configurations.
[INFO] Motion completed successfully with result: success,in execution time: 8.24 seconds
[INFO] Found a reachable configuration for pick action after 1 attempts.
Tip distance after pick: 0.020875600672984784
[INFO] Pick action completed successfully.in execution time: 8.24 seconds
[EXEC] Action ActionType.PICK executed in 21.83 seconds
[SUCCESS] Action ActionType.PICK succeeded for object /column2
[LOG] Transition logged to MongoDB: 1bf71acc-373e-4bcd-ad79-58f222d9da6a - Episode 0
Selected action: Action(ActionType.PLACE, obj=/column2, slot=/goal_1,grasp=GraspType.TOP_0) with motion param: right_0
here
[EXEC] Placing at [-0.2749999999999999, 1.0750000000000006, 0.5] with grasp right_0

[INFO] Found 960 potential configurations.
[ERROR] Motion failed (collision or invalid path)
[ERROR] Motion result: no_path
[WARN] Failed to find a path to the selected place config on attempt 1.
[WARN] No path found to selected place config, discarding and trying next valid config...
[INFO] Motion completed successfully with result: success,in execution time: 5.24 seconds
[INFO] Found a reachable configuration for place action after 2 attempts.
[INFO] Place action completed successfully.
realigning placed object /column2 to target position
[EXEC] Action ActionType.PLACE executed in 24.21 seconds
[SUCCESS] Action ActionType.PLACE succeeded for object /column2
[LOG] Transition logged to MongoDB: 1bf71acc-373e-4bcd-ad79-58f222d9da6a - Episode 0
[LOG] Saving episode 0 to episode_00000_1bf71acc-373e-4bcd-ad79-58f222d9da6a.yaml
[LOG] Episode saved: rl/dataset/episode_00000_1bf71acc-373e-4bcd-ad79-58f222d9da6a.yaml
[LOG] Episode reset
Selected action: Action(ActionType.PICK, obj=/column2, slot=None,grasp=GraspType.LEFT_0) with motion param: front_270
here
[EXEC] Picking /column2 with front_270

[INFO] Found 4096 potential configurations.
[INFO] Motion completed successfully with result: success,in execution time: 4.52 seconds
[INFO] Found a reachable configuration for pick action after 1 attempts.
Tip distance after pick: 0.021002072243622348
[INFO] Pick action completed successfully.in execution time: 4.52 seconds
[EXEC] Action ActionType.PICK executed in 20.20 seconds
[SUCCESS] Action ActionType.PICK succeeded for object /column2
[LOG] Transition logged to MongoDB: 1bf71acc-373e-4bcd-ad79-58f222d9da6a - Episode 1
Selected action: Action(ActionType.PLACE, obj=/column2, slot=/goal_2,grasp=GraspType.LEFT_0) with motion param: top_0
here
[EXEC] Placing at [-0.6000000000000001, 0.8250000000000003, 0.5] with grasp top_0

[INFO] Found 3520 potential configurations.
[WARN] No valid configuration found (all tested configs invalid).
[EXEC] Action ActionType.PLACE executed in 2.55 seconds
[ERROR] Action ActionType.PLACE failed for object /column2
[LOG] Transition logged to MongoDB: 1bf71acc-373e-4bcd-ad79-58f222d9da6a - Episode 1
Selected action: Action(ActionType.PLACE, obj=/column2, slot=/region_0,grasp=GraspType.RIGHT_0) with motion param: top_0
here
[EXEC] Placing at [0.35, 0.8, 0.521] with grasp top_0

[INFO] Found 5440 potential configurations.
[INFO] Motion completed successfully with result: success,in execution time: 4.68 seconds
[INFO] Found a reachable configuration for place action after 1 attempts.
[INFO] Place action completed successfully.
realigning placed object /column2 to target position
[EXEC] Action ActionType.PLACE executed in 16.04 seconds
[SUCCESS] Action ActionType.PLACE succeeded for object /column2
[LOG] Transition logged to MongoDB: 1bf71acc-373e-4bcd-ad79-58f222d9da6a - Episode 1
Selected action: Action(ActionType.PICK, obj=/column1, slot=None,grasp=GraspType.TOP_0) with motion param: left_0
here
[EXEC] Picking /column1 with left_0

[INFO] Found 2176 potential configurations.
[WARN] No valid configuration found (all tested configs invalid).
[EXEC] Action ActionType.PICK executed in 2.98 seconds
[ERROR] Action ActionType.PICK failed for object /column1
[LOG] Transition logged to MongoDB: 1bf71acc-373e-4bcd-ad79-58f222d9da6a - Episode 1
Selected action: Action(ActionType.PICK, obj=/column1, slot=None,grasp=GraspType.LEFT_0) with motion param: top_0
here
[EXEC] Picking /column1 with top_0

[INFO] Found 2816 potential configurations.
[INFO] Motion completed successfully with result: success,in execution time: 1.60 seconds
[INFO] Found a reachable configuration for pick action after 1 attempts.
Tip distance after pick: 0.027547857796774225
[INFO] Pick action completed successfully.in execution time: 1.60 seconds
[EXEC] Action ActionType.PICK executed in 12.75 seconds
[SUCCESS] Action ActionType.PICK succeeded for object /column1
[LOG] Transition logged to MongoDB: 1bf71acc-373e-4bcd-ad79-58f222d9da6a - Episode 1
Selected action: Action(ActionType.PLACE, obj=/column1, slot=/goal_1,grasp=GraspType.TOP_0) with motion param: right_0
here
[EXEC] Placing at [-0.2749999999999999, 1.0750000000000006, 0.5] with grasp right_0

[INFO] Found 2112 potential configurations.
[ERROR] Motion failed (collision or invalid path)
[ERROR] Motion result: no_path
[WARN] Failed to find a path to the selected place config on attempt 1.
[WARN] No path found to selected place config, discarding and trying next valid config...
[INFO] Motion completed successfully with result: success,in execution time: 8.68 seconds
[INFO] Found a reachable configuration for place action after 2 attempts.
[INFO] Place action completed successfully.
realigning placed object /column1 to target position
[EXEC] Action ActionType.PLACE executed in 33.10 seconds
[SUCCESS] Action ActionType.PLACE succeeded for object /column1
[LOG] Transition logged to MongoDB: 1bf71acc-373e-4bcd-ad79-58f222d9da6a - Episode 1
Selected action: Action(ActionType.PICK, obj=/column0, slot=None,grasp=GraspType.TOP_0) with motion param: top_0
here
[EXEC] Picking /column0 with top_0

[INFO] Found 384 potential configurations.
[WARN] No valid configuration found (all tested configs invalid).
[EXEC] Action ActionType.PICK executed in 9.28 seconds
[ERROR] Action ActionType.PICK failed for object /column0
[LOG] Transition logged to MongoDB: 1bf71acc-373e-4bcd-ad79-58f222d9da6a - Episode 1
Selected action: Action(ActionType.PICK, obj=/column0, slot=None,grasp=GraspType.TOP_0) with motion param: left_0
here
[EXEC] Picking /column0 with left_0

[INFO] Found 1664 potential configurations.
[WARN] No valid configuration found (all tested configs invalid).
[EXEC] Action ActionType.PICK executed in 1.71 seconds
[ERROR] Action ActionType.PICK failed for object /column0
[LOG] Transition logged to MongoDB: 1bf71acc-373e-4bcd-ad79-58f222d9da6a - Episode 1
Selected action: Action(ActionType.PICK, obj=/column2, slot=None,grasp=GraspType.FRONT_270) with motion param: left_0
here
[EXEC] Picking /column2 with left_0

[INFO] Found 2560 potential configurations.
[INFO] Motion completed successfully with result: success,in execution time: 5.32 seconds
[INFO] Found a reachable configuration for pick action after 1 attempts.
Tip distance after pick: 0.021428012656483992
[INFO] Pick action completed successfully.in execution time: 5.32 seconds
[EXEC] Action ActionType.PICK executed in 18.73 seconds
[SUCCESS] Action ActionType.PICK succeeded for object /column2
[LOG] Transition logged to MongoDB: 1bf71acc-373e-4bcd-ad79-58f222d9da6a - Episode 1
Selected action: Action(ActionType.PLACE, obj=/column2, slot=/region_0,grasp=GraspType.TOP_0) with motion param: top_0
here
[EXEC] Placing at [0.35, 0.8, 0.521] with grasp top_0

[INFO] Found 4608 potential configurations.
[INFO] Motion completed successfully with result: success,in execution time: 3.32 seconds
[INFO] Found a reachable configuration for place action after 1 attempts.
[INFO] Place action completed successfully.
realigning placed object /column2 to target position
[EXEC] Action ActionType.PLACE executed in 21.66 seconds
[SUCCESS] Action ActionType.PLACE succeeded for object /column2
[LOG] Transition logged to MongoDB: 1bf71acc-373e-4bcd-ad79-58f222d9da6a - Episode 1
Selected action: Action(ActionType.PICK, obj=/column0, slot=None,grasp=GraspType.LEFT_0) with motion param: left_0
here
[EXEC] Picking /column0 with left_0

[INFO] Found 1536 potential configurations.
[WARN] No valid configuration found (all tested configs invalid).
[EXEC] Action ActionType.PICK executed in 1.80 seconds
[ERROR] Action ActionType.PICK failed for object /column0
[LOG] Transition logged to MongoDB: 1bf71acc-373e-4bcd-ad79-58f222d9da6a - Episode 1
Selected action: Action(ActionType.PICK, obj=/column1, slot=None,grasp=GraspType.TOP_0) with motion param: front_270
here
[EXEC] Picking /column1 with front_270

[INFO] Found 3328 potential configurations.
[INFO] Motion completed successfully with result: success,in execution time: 7.96 seconds
[INFO] Found a reachable configuration for pick action after 1 attempts.
Tip distance after pick: 0.020420293800315865
[INFO] Pick action completed successfully.in execution time: 7.96 seconds
[EXEC] Action ActionType.PICK executed in 27.88 seconds
[SUCCESS] Action ActionType.PICK succeeded for object /column1
[LOG] Transition logged to MongoDB: 1bf71acc-373e-4bcd-ad79-58f222d9da6a - Episode 1
Selected action: Action(ActionType.PLACE, obj=/column1, slot=/goal_2,grasp=GraspType.RIGHT_0) with motion param: left_0
here
[EXEC] Placing at [-0.6000000000000001, 0.8250000000000003, 0.5] with grasp left_0

[INFO] Found 1280 potential configurations.
[WARN] No valid configuration found (all tested configs invalid).
[EXEC] Action ActionType.PLACE executed in 1.88 seconds
[ERROR] Action ActionType.PLACE failed for object /column1
[LOG] Transition logged to MongoDB: 1bf71acc-373e-4bcd-ad79-58f222d9da6a - Episode 1
Selected action: Action(ActionType.PLACE, obj=/column1, slot=/goal_2,grasp=GraspType.LEFT_0) with motion param: right_0
here
[EXEC] Placing at [-0.6000000000000001, 0.8250000000000003, 0.5] with grasp right_0

[INFO] Found 1216 potential configurations.
[INFO] Motion completed successfully with result: success,in execution time: 3.04 seconds
[INFO] Found a reachable configuration for place action after 1 attempts.
[INFO] Place action completed successfully.
realigning placed object /column1 to target position
[EXEC] Action ActionType.PLACE executed in 13.14 seconds
[SUCCESS] Action ActionType.PLACE succeeded for object /column1
[LOG] Transition logged to MongoDB: 1bf71acc-373e-4bcd-ad79-58f222d9da6a - Episode 1
Selected action: Action(ActionType.PICK, obj=/column2, slot=None,grasp=GraspType.LEFT_0) with motion param: right_0
here
[EXEC] Picking /column2 with right_0

[INFO] Found 4928 potential configurations.
[INFO] Motion completed successfully with result: success,in execution time: 6.12 seconds
[INFO] Found a reachable configuration for pick action after 1 attempts.
Tip distance after pick: 0.019360516529680814
[INFO] Pick action completed successfully.in execution time: 6.12 seconds
[EXEC] Action ActionType.PICK executed in 16.94 seconds
[SUCCESS] Action ActionType.PICK succeeded for object /column2
[LOG] Transition logged to MongoDB: 1bf71acc-373e-4bcd-ad79-58f222d9da6a - Episode 1
Selected action: Action(ActionType.PLACE, obj=/column2, slot=/goal_0,grasp=GraspType.TOP_0) with motion param: left_0
here
[EXEC] Placing at [-0.27499999999999986, 0.8250000000000005, 0.5] with grasp left_0

[INFO] Found 4480 potential configurations.
[WARN] No valid configuration found (all tested configs invalid).
[EXEC] Action ActionType.PLACE executed in 28.64 seconds
[ERROR] Action ActionType.PLACE failed for object /column2
[LOG] Transition logged to MongoDB: 1bf71acc-373e-4bcd-ad79-58f222d9da6a - Episode 1
Selected action: Action(ActionType.PLACE, obj=/column2, slot=/region_2,grasp=GraspType.LEFT_0) with motion param: top_0
here
[EXEC] Placing at [0.6, 0.80001, 0.5] with grasp top_0

[INFO] Found 1408 potential configurations.
[INFO] Motion completed successfully with result: success,in execution time: 2.96 seconds
[INFO] Found a reachable configuration for place action after 1 attempts.
[INFO] Place action completed successfully.
realigning placed object /column2 to target position
[EXEC] Action ActionType.PLACE executed in 20.02 seconds
[SUCCESS] Action ActionType.PLACE succeeded for object /column2
[LOG] Transition logged to MongoDB: 1bf71acc-373e-4bcd-ad79-58f222d9da6a - Episode 1
Selected action: Action(ActionType.PICK, obj=/column0, slot=None,grasp=GraspType.LEFT_0) with motion param: left_0
here
[EXEC] Picking /column0 with left_0

[INFO] Found 512 potential configurations.
[WARN] No valid configuration found (all tested configs invalid).
[EXEC] Action ActionType.PICK executed in 1.33 seconds
[ERROR] Action ActionType.PICK failed for object /column0
[LOG] Transition logged to MongoDB: 1bf71acc-373e-4bcd-ad79-58f222d9da6a - Episode 1
Selected action: Action(ActionType.PICK, obj=/column0, slot=None,grasp=GraspType.LEFT_0) with motion param: left_0
here
[EXEC] Picking /column0 with left_0

[INFO] Found 768 potential configurations.
[WARN] No valid configuration found (all tested configs invalid).
[EXEC] Action ActionType.PICK executed in 1.42 seconds
[ERROR] Action ActionType.PICK failed for object /column0
[LOG] Transition logged to MongoDB: 1bf71acc-373e-4bcd-ad79-58f222d9da6a - Episode 1
Selected action: Action(ActionType.PICK, obj=/column2, slot=None,grasp=GraspType.RIGHT_0) with motion param: right_0
here
[EXEC] Picking /column2 with right_0
[ERROR] No IK configurations found for desired pick pose.
[EXEC] Action ActionType.PICK executed in 1.03 seconds
[ERROR] Action ActionType.PICK failed for object /column2
[LOG] Transition logged to MongoDB: 1bf71acc-373e-4bcd-ad79-58f222d9da6a - Episode 1
Selected action: Action(ActionType.PICK, obj=/column0, slot=None,grasp=GraspType.LEFT_0) with motion param: front_270
here
[EXEC] Picking /column0 with front_270

[INFO] Found 1664 potential configurations.
[WARN] No valid configuration found (all tested configs invalid).
[EXEC] Action ActionType.PICK executed in 2.28 seconds
[ERROR] Action ActionType.PICK failed for object /column0
[LOG] Transition logged to MongoDB: 1bf71acc-373e-4bcd-ad79-58f222d9da6a - Episode 1
Selected action: Action(ActionType.PICK, obj=/column0, slot=None,grasp=GraspType.FRONT_270) with motion param: front_270
here
[EXEC] Picking /column0 with front_270

[INFO] Found 3200 potential configurations.
[WARN] No valid configuration found (all tested configs invalid).
[EXEC] Action ActionType.PICK executed in 2.37 seconds
[ERROR] Action ActionType.PICK failed for object /column0
[LOG] Transition logged to MongoDB: 1bf71acc-373e-4bcd-ad79-58f222d9da6a - Episode 1
Selected action: Action(ActionType.PICK, obj=/column0, slot=None,grasp=GraspType.FRONT_270) with motion param: right_0
here
[EXEC] Picking /column0 with right_0
[ERROR] No IK configurations found for desired pick pose.
[EXEC] Action ActionType.PICK executed in 1.02 seconds
[ERROR] Action ActionType.PICK failed for object /column0
[LOG] Transition logged to MongoDB: 1bf71acc-373e-4bcd-ad79-58f222d9da6a - Episode 1
Selected action: Action(ActionType.PICK, obj=/column0, slot=None,grasp=GraspType.RIGHT_0) with motion param: front_270
here
[EXEC] Picking /column0 with front_270

[INFO] Found 3520 potential configurations.
[WARN] No valid configuration found (all tested configs invalid).
[EXEC] Action ActionType.PICK executed in 2.76 seconds
[ERROR] Action ActionType.PICK failed for object /column0
[LOG] Transition logged to MongoDB: 1bf71acc-373e-4bcd-ad79-58f222d9da6a - Episode 1
Selected action: Action(ActionType.PICK, obj=/column2, slot=None,grasp=GraspType.RIGHT_0) with motion param: right_0
here
[EXEC] Picking /column2 with right_0
[ERROR] No IK configurations found for desired pick pose.
[EXEC] Action ActionType.PICK executed in 1.02 seconds
[ERROR] Action ActionType.PICK failed for object /column2
[LOG] Transition logged to MongoDB: 1bf71acc-373e-4bcd-ad79-58f222d9da6a - Episode 1
Selected action: Action(ActionType.PICK, obj=/column1, slot=None,grasp=GraspType.FRONT_270) with motion param: top_0
here
[EXEC] Picking /column1 with top_0

[INFO] Found 4928 potential configurations.
[WARN] No valid configuration found (all tested configs invalid).
[EXEC] Action ActionType.PICK executed in 26.80 seconds
[ERROR] Action ActionType.PICK failed for object /column1
[LOG] Transition logged to MongoDB: 1bf71acc-373e-4bcd-ad79-58f222d9da6a - Episode 1
Selected action: Action(ActionType.PICK, obj=/column0, slot=None,grasp=GraspType.FRONT_270) with motion param: top_0
here
[EXEC] Picking /column0 with top_0

[INFO] Found 448 potential configurations.
[WARN] No valid configuration found (all tested configs invalid).
[EXEC] Action ActionType.PICK executed in 12.94 seconds
[ERROR] Action ActionType.PICK failed for object /column0
[LOG] Transition logged to MongoDB: 1bf71acc-373e-4bcd-ad79-58f222d9da6a - Episode 1
Selected action: Action(ActionType.PICK, obj=/column1, slot=None,grasp=GraspType.TOP_0) with motion param: front_270
here
[EXEC] Picking /column1 with front_270

[INFO] Found 2368 potential configurations.
[WARN] No valid configuration found (all tested configs invalid).
[EXEC] Action ActionType.PICK executed in 2.59 seconds
[ERROR] Action ActionType.PICK failed for object /column1
[LOG] Transition logged to MongoDB: 1bf71acc-373e-4bcd-ad79-58f222d9da6a - Episode 1
Selected action: Action(ActionType.PICK, obj=/column2, slot=None,grasp=GraspType.RIGHT_0) with motion param: right_0
here
[EXEC] Picking /column2 with right_0
[ERROR] No IK configurations found for desired pick pose.
[EXEC] Action ActionType.PICK executed in 1.02 seconds
[ERROR] Action ActionType.PICK failed for object /column2
[LOG] Transition logged to MongoDB: 1bf71acc-373e-4bcd-ad79-58f222d9da6a - Episode 1
Selected action: Action(ActionType.PICK, obj=/column0, slot=None,grasp=GraspType.TOP_0) with motion param: front_270
here
[EXEC] Picking /column0 with front_270

[INFO] Found 2560 potential configurations.
[WARN] No valid configuration found (all tested configs invalid).
[EXEC] Action ActionType.PICK executed in 2.68 seconds
[ERROR] Action ActionType.PICK failed for object /column0
[LOG] Transition logged to MongoDB: 1bf71acc-373e-4bcd-ad79-58f222d9da6a - Episode 1
Selected action: Action(ActionType.PICK, obj=/column0, slot=None,grasp=GraspType.FRONT_270) with motion param: left_0
here
[EXEC] Picking /column0 with left_0

[INFO] Found 1280 potential configurations.
[WARN] No valid configuration found (all tested configs invalid).
[EXEC] Action ActionType.PICK executed in 1.70 seconds
[ERROR] Action ActionType.PICK failed for object /column0
[LOG] Transition logged to MongoDB: 1bf71acc-373e-4bcd-ad79-58f222d9da6a - Episode 1
Selected action: Action(ActionType.PICK, obj=/column1, slot=None,grasp=GraspType.FRONT_270) with motion param: front_270
here
[EXEC] Picking /column1 with front_270

[INFO] Found 4032 potential configurations.
[WARN] No valid configuration found (all tested configs invalid).
[EXEC] Action ActionType.PICK executed in 2.68 seconds
[ERROR] Action ActionType.PICK failed for object /column1
[LOG] Transition logged to MongoDB: 1bf71acc-373e-4bcd-ad79-58f222d9da6a - Episode 1
Selected action: Action(ActionType.PICK, obj=/column0, slot=None,grasp=GraspType.LEFT_0) with motion param: right_0
here
[EXEC] Picking /column0 with right_0
[ERROR] No IK configurations found for desired pick pose.
[EXEC] Action ActionType.PICK executed in 1.02 seconds
[ERROR] Action ActionType.PICK failed for object /column0
[LOG] Transition logged to MongoDB: 1bf71acc-373e-4bcd-ad79-58f222d9da6a - Episode 1
Selected action: Action(ActionType.PICK, obj=/column0, slot=None,grasp=GraspType.RIGHT_0) with motion param: right_0
here
[EXEC] Picking /column0 with right_0
[ERROR] No IK configurations found for desired pick pose.
[EXEC] Action ActionType.PICK executed in 1.02 seconds
[ERROR] Action ActionType.PICK failed for object /column0
[LOG] Transition logged to MongoDB: 1bf71acc-373e-4bcd-ad79-58f222d9da6a - Episode 1
Selected action: Action(ActionType.PICK, obj=/column0, slot=None,grasp=GraspType.RIGHT_0) with motion param: left_0
here
[EXEC] Picking /column0 with left_0

[INFO] Found 1344 potential configurations.
[WARN] No valid configuration found (all tested configs invalid).
[EXEC] Action ActionType.PICK executed in 1.53 seconds
[ERROR] Action ActionType.PICK failed for object /column0
[LOG] Transition logged to MongoDB: 1bf71acc-373e-4bcd-ad79-58f222d9da6a - Episode 1
Selected action: Action(ActionType.PICK, obj=/column2, slot=None,grasp=GraspType.RIGHT_0) with motion param: top_0
here
[EXEC] Picking /column2 with top_0

[INFO] Found 1984 potential configurations.
[INFO] Motion completed successfully with result: success,in execution time: 1.68 seconds
[INFO] Found a reachable configuration for pick action after 1 attempts.
Tip distance after pick: 0.02854619931812335
[INFO] Pick action completed successfully.in execution time: 1.68 seconds
[EXEC] Action ActionType.PICK executed in 16.14 seconds
[SUCCESS] Action ActionType.PICK succeeded for object /column2
[LOG] Transition logged to MongoDB: 1bf71acc-373e-4bcd-ad79-58f222d9da6a - Episode 1
Selected action: Action(ActionType.PLACE, obj=/column2, slot=/region_0,grasp=GraspType.TOP_0) with motion param: right_0
here
[EXEC] Placing at [0.35, 0.8, 0.521] with grasp right_0

[INFO] Found 3840 potential configurations.
[INFO] Motion completed successfully with result: success,in execution time: 3.04 seconds
[INFO] Found a reachable configuration for place action after 1 attempts.
[INFO] Place action completed successfully.
realigning placed object /column2 to target position
[EXEC] Action ActionType.PLACE executed in 22.96 seconds
[SUCCESS] Action ActionType.PLACE succeeded for object /column2
[LOG] Transition logged to MongoDB: 1bf71acc-373e-4bcd-ad79-58f222d9da6a - Episode 1
Selected action: Action(ActionType.PICK, obj=/column1, slot=None,grasp=GraspType.FRONT_270) with motion param: top_0
here
[EXEC] Picking /column1 with top_0

[INFO] Found 4416 potential configurations.
[WARN] No valid configuration found (all tested configs invalid).
[EXEC] Action ActionType.PICK executed in 30.22 seconds
[ERROR] Action ActionType.PICK failed for object /column1
[LOG] Transition logged to MongoDB: 1bf71acc-373e-4bcd-ad79-58f222d9da6a - Episode 1
Selected action: Action(ActionType.PICK, obj=/column1, slot=None,grasp=GraspType.TOP_0) with motion param: left_0
here
[EXEC] Picking /column1 with left_0
[ERROR] No IK configurations found for desired pick pose.
[EXEC] Action ActionType.PICK executed in 1.03 seconds
[ERROR] Action ActionType.PICK failed for object /column1
[LOG] Transition logged to MongoDB: 1bf71acc-373e-4bcd-ad79-58f222d9da6a - Episode 1
Selected action: Action(ActionType.PICK, obj=/column0, slot=None,grasp=GraspType.LEFT_0) with motion param: right_0
here
[EXEC] Picking /column0 with right_0
[ERROR] No IK configurations found for desired pick pose.
[EXEC] Action ActionType.PICK executed in 1.02 seconds
[ERROR] Action ActionType.PICK failed for object /column0
[LOG] Transition logged to MongoDB: 1bf71acc-373e-4bcd-ad79-58f222d9da6a - Episode 1
Selected action: Action(ActionType.PICK, obj=/column0, slot=None,grasp=GraspType.RIGHT_0) with motion param: top_0
here
[EXEC] Picking /column0 with top_0

[INFO] Found 384 potential configurations.
[WARN] No valid configuration found (all tested configs invalid).
[EXEC] Action ActionType.PICK executed in 8.17 seconds
[ERROR] Action ActionType.PICK failed for object /column0
[LOG] Transition logged to MongoDB: 1bf71acc-373e-4bcd-ad79-58f222d9da6a - Episode 1
Selected action: Action(ActionType.PICK, obj=/column2, slot=None,grasp=GraspType.TOP_0) with motion param: left_0
here
[EXEC] Picking /column2 with left_0

[INFO] Found 3456 potential configurations.
[INFO] Motion completed successfully with result: success,in execution time: 9.36 seconds
[INFO] Found a reachable configuration for pick action after 1 attempts.
Tip distance after pick: 0.020982740628158796
[INFO] Pick action completed successfully.in execution time: 9.36 seconds
[EXEC] Action ActionType.PICK executed in 21.94 seconds
[SUCCESS] Action ActionType.PICK succeeded for object /column2
[LOG] Transition logged to MongoDB: 1bf71acc-373e-4bcd-ad79-58f222d9da6a - Episode 1
Selected action: Action(ActionType.PLACE, obj=/column2, slot=/region_0,grasp=GraspType.RIGHT_0) with motion param: top_0
here
[EXEC] Placing at [0.35, 0.8, 0.521] with grasp top_0

[INFO] Found 5440 potential configurations.
[INFO] Motion completed successfully with result: success,in execution time: 3.28 seconds
[INFO] Found a reachable configuration for place action after 1 attempts.
[INFO] Place action completed successfully.
realigning placed object /column2 to target position
[EXEC] Action ActionType.PLACE executed in 28.13 seconds
[SUCCESS] Action ActionType.PLACE succeeded for object /column2
[LOG] Transition logged to MongoDB: 1bf71acc-373e-4bcd-ad79-58f222d9da6a - Episode 1
Selected action: Action(ActionType.PICK, obj=/column0, slot=None,grasp=GraspType.TOP_0) with motion param: top_0
here
[EXEC] Picking /column0 with top_0

[INFO] Found 384 potential configurations.
[WARN] No valid configuration found (all tested configs invalid).
[EXEC] Action ActionType.PICK executed in 8.79 seconds
[ERROR] Action ActionType.PICK failed for object /column0
[LOG] Transition logged to MongoDB: 1bf71acc-373e-4bcd-ad79-58f222d9da6a - Episode 1
Selected action: Action(ActionType.PICK, obj=/column1, slot=None,grasp=GraspType.LEFT_0) with motion param: top_0
here
[EXEC] Picking /column1 with top_0

[INFO] Found 4480 potential configurations.
[WARN] No valid configuration found (all tested configs invalid).
[EXEC] Action ActionType.PICK executed in 26.32 seconds
[ERROR] Action ActionType.PICK failed for object /column1
[LOG] Transition logged to MongoDB: 1bf71acc-373e-4bcd-ad79-58f222d9da6a - Episode 1
Selected action: Action(ActionType.PICK, obj=/column0, slot=None,grasp=GraspType.TOP_0) with motion param: front_270
here
[EXEC] Picking /column0 with front_270

[INFO] Found 2816 potential configurations.
[INFO] Motion completed successfully with result: success,in execution time: 7.96 seconds
[INFO] Found a reachable configuration for pick action after 1 attempts.
Tip distance after pick: 0.018950856257875525
[INFO] Pick action completed successfully.in execution time: 7.96 seconds
[EXEC] Action ActionType.PICK executed in 13.09 seconds
[SUCCESS] Action ActionType.PICK succeeded for object /column0
[LOG] Transition logged to MongoDB: 1bf71acc-373e-4bcd-ad79-58f222d9da6a - Episode 1
Selected action: Action(ActionType.PLACE, obj=/column0, slot=/goal_0,grasp=GraspType.FRONT_270) with motion param: top_0
here
[EXEC] Placing at [-0.27499999999999986, 0.8250000000000005, 0.5] with grasp top_0

[INFO] Found 5376 potential configurations.
[INFO] Motion completed successfully with result: success,in execution time: 6.64 seconds
[INFO] Found a reachable configuration for place action after 1 attempts.
[INFO] Place action completed successfully.
realigning placed object /column0 to target position
[EXEC] Action ActionType.PLACE executed in 25.81 seconds
[SUCCESS] Action ActionType.PLACE succeeded for object /column0
[LOG] Transition logged to MongoDB: 1bf71acc-373e-4bcd-ad79-58f222d9da6a - Episode 1
Selected action: Action(ActionType.PICK, obj=/column2, slot=None,grasp=GraspType.LEFT_0) with motion param: top_0
here
[EXEC] Picking /column2 with top_0

[INFO] Found 4160 potential configurations.
[INFO] Motion completed successfully with result: success,in execution time: 6.64 seconds
[INFO] Found a reachable configuration for pick action after 1 attempts.
Tip distance after pick: 0.028336458057838364
[INFO] Pick action completed successfully.in execution time: 6.64 seconds
[EXEC] Action ActionType.PICK executed in 25.42 seconds
[SUCCESS] Action ActionType.PICK succeeded for object /column2
[LOG] Transition logged to MongoDB: 1bf71acc-373e-4bcd-ad79-58f222d9da6a - Episode 1
Selected action: Action(ActionType.PLACE, obj=/column2, slot=/region_0,grasp=GraspType.TOP_0) with motion param: left_0
here
[EXEC] Placing at [0.35, 0.8, 0.521] with grasp left_0

[INFO] Found 3264 potential configurations.
[INFO] Motion completed successfully with result: success,in execution time: 10.76 seconds
[INFO] Found a reachable configuration for place action after 1 attempts.
[INFO] Place action completed successfully.
realigning placed object /column2 to target position
[EXEC] Action ActionType.PLACE executed in 32.93 seconds
[SUCCESS] Action ActionType.PLACE succeeded for object /column2
[LOG] Transition logged to MongoDB: 1bf71acc-373e-4bcd-ad79-58f222d9da6a - Episode 1
Selected action: Action(ActionType.PICK, obj=/column1, slot=None,grasp=GraspType.TOP_0) with motion param: top_0
here
[EXEC] Picking /column1 with top_0

[INFO] Found 3456 potential configurations.
[WARN] No valid configuration found (all tested configs invalid).
[EXEC] Action ActionType.PICK executed in 23.74 seconds
[ERROR] Action ActionType.PICK failed for object /column1
[LOG] Transition logged to MongoDB: 1bf71acc-373e-4bcd-ad79-58f222d9da6a - Episode 1
Selected action: Action(ActionType.PICK, obj=/column2, slot=None,grasp=GraspType.TOP_0) with motion param: front_270
here
[EXEC] Picking /column2 with front_270

[INFO] Found 4608 potential configurations.
[INFO] Motion completed successfully with result: success,in execution time: 7.36 seconds
[INFO] Found a reachable configuration for pick action after 1 attempts.
Tip distance after pick: 0.02504024691794054
[INFO] Pick action completed successfully.in execution time: 7.36 seconds
[EXEC] Action ActionType.PICK executed in 24.82 seconds
[SUCCESS] Action ActionType.PICK succeeded for object /column2
[LOG] Transition logged to MongoDB: 1bf71acc-373e-4bcd-ad79-58f222d9da6a - Episode 1
Selected action: Action(ActionType.PLACE, obj=/column2, slot=/goal_1,grasp=GraspType.RIGHT_0) with motion param: front_270
here
[EXEC] Placing at [-0.2749999999999999, 1.0750000000000006, 0.5] with grasp front_270

[INFO] Found 3200 potential configurations.
[INFO] Motion completed successfully with result: success,in execution time: 11.16 seconds
[INFO] Found a reachable configuration for place action after 1 attempts.
[INFO] Place action completed successfully.
realigning placed object /column2 to target position
[EXEC] Action ActionType.PLACE executed in 34.46 seconds
[SUCCESS] Action ActionType.PLACE succeeded for object /column2
[LOG] Transition logged to MongoDB: 1bf71acc-373e-4bcd-ad79-58f222d9da6a - Episode 1
[LOG] Saving episode 1 to episode_00001_1bf71acc-373e-4bcd-ad79-58f222d9da6a.yaml
[LOG] Episode saved: rl/dataset/episode_00001_1bf71acc-373e-4bcd-ad79-58f222d9da6a.yaml
[LOG] Episode reset
Time taken for random data collection: 2966.4629740715027 seconds
