Connecting to port 23000
connected to simulation
simulation is explicitly stepped
Joint handles retrieved
[LOG] TransitionLogger initialized with ID: 0fe6c8f8-aac0-463b-8ef8-9e3bfa407804
[LOG] MongoDB connection established
Pilot run 0
Step 0
Selected action: Action(ActionType.PICK, obj=/column1, slot=None,grasp=None) with motion param: top_0
here
Action: Action(ActionType.PICK, obj=/column1, slot=None,grasp=GraspType.TOP_0)
[EXEC] Picking /column1 with top_0

[INFO] Found 512 potential configurations.
[WARN] No valid configuration found (all tested configs invalid).
[EXEC] Action ActionType.PICK executed in 18.04 seconds
[ERROR] Action ActionType.PICK failed for object /column1
Action failed ! time elapsed: 0.001
[LOG] Transition logged to MongoDB: 0fe6c8f8-aac0-463b-8ef8-9e3bfa407804 - Episode 0
Step 1
Selected action: Action(ActionType.PICK, obj=/column2, slot=None,grasp=None) with motion param: right_0
here
Action: Action(ActionType.PICK, obj=/column2, slot=None,grasp=GraspType.RIGHT_0)
[EXEC] Picking /column2 with right_0

[INFO] Found 1984 potential configurations.
[WARN] No valid configuration found (all tested configs invalid).
[EXEC] Action ActionType.PICK executed in 4.09 seconds
[ERROR] Action ActionType.PICK failed for object /column2
Action failed ! time elapsed: 0.001
[LOG] Transition logged to MongoDB: 0fe6c8f8-aac0-463b-8ef8-9e3bfa407804 - Episode 0
Step 2
Selected action: Action(ActionType.PICK, obj=/column1, slot=None,grasp=GraspType.TOP_0) with motion param: front_270
here
Action: Action(ActionType.PICK, obj=/column1, slot=None,grasp=GraspType.FRONT_270)
[EXEC] Picking /column1 with front_270

[INFO] Found 1984 potential configurations.
[WARN] No valid configuration found (all tested configs invalid).
[EXEC] Action ActionType.PICK executed in 2.49 seconds
[ERROR] Action ActionType.PICK failed for object /column1
Action failed ! time elapsed: 0.001
[LOG] Transition logged to MongoDB: 0fe6c8f8-aac0-463b-8ef8-9e3bfa407804 - Episode 0
Step 3
Selected action: Action(ActionType.PICK, obj=/column1, slot=None,grasp=GraspType.FRONT_270) with motion param: front_270
here
Action: Action(ActionType.PICK, obj=/column1, slot=None,grasp=GraspType.FRONT_270)
[EXEC] Picking /column1 with front_270

[INFO] Found 1408 potential configurations.
[WARN] No valid configuration found (all tested configs invalid).
[EXEC] Action ActionType.PICK executed in 2.52 seconds
[ERROR] Action ActionType.PICK failed for object /column1
Action failed ! time elapsed: 0.001
[LOG] Transition logged to MongoDB: 0fe6c8f8-aac0-463b-8ef8-9e3bfa407804 - Episode 0
Step 4
Selected action: Action(ActionType.PICK, obj=/column0, slot=None,grasp=None) with motion param: right_0
here
Action: Action(ActionType.PICK, obj=/column0, slot=None,grasp=GraspType.RIGHT_0)
[EXEC] Picking /column0 with right_0
[ERROR] No IK configurations found for desired pick pose.
[EXEC] Action ActionType.PICK executed in 1.02 seconds
[ERROR] Action ActionType.PICK failed for object /column0
Action failed ! time elapsed: 0.001
[LOG] Transition logged to MongoDB: 0fe6c8f8-aac0-463b-8ef8-9e3bfa407804 - Episode 0
Step 5
Selected action: Action(ActionType.PICK, obj=/column0, slot=None,grasp=GraspType.RIGHT_0) with motion param: top_0
here
Action: Action(ActionType.PICK, obj=/column0, slot=None,grasp=GraspType.TOP_0)
[EXEC] Picking /column0 with top_0

[INFO] Found 2432 potential configurations.
[INFO] Motion completed successfully with result: success,in execution time: 3.88 seconds
[INFO] Found a reachable configuration for pick action after 1 attempts.
Tip distance after pick: 0.026359887077334863
[INFO] Pick action completed successfully.in execution time: 3.88 seconds
[EXEC] Action ActionType.PICK executed in 31.76 seconds
[SUCCESS] Action ActionType.PICK succeeded for object /column0
[LOG] Transition logged to MongoDB: 0fe6c8f8-aac0-463b-8ef8-9e3bfa407804 - Episode 0
Step 6
Selected action: Action(ActionType.PLACE, obj=/column0, slot=/goal_1,grasp=None) with motion param: left_0
here
Action: Action(ActionType.PLACE, obj=/column0, slot=/goal_1,grasp=GraspType.LEFT_0)
[EXEC] Placing at [-0.2749999999999999, 1.0750000000000006, 0.5] with grasp left_0

[INFO] Found 576 potential configurations.
[WARN] No valid configuration found (all tested configs invalid).
[EXEC] Action ActionType.PLACE executed in 4.11 seconds
[ERROR] Action ActionType.PLACE failed for object /column0
Action failed ! time elapsed: 0.001
[LOG] Transition logged to MongoDB: 0fe6c8f8-aac0-463b-8ef8-9e3bfa407804 - Episode 0
Step 7
Selected action: Action(ActionType.PLACE, obj=/column0, slot=/goal_2,grasp=None) with motion param: front_270
here
Action: Action(ActionType.PLACE, obj=/column0, slot=/goal_2,grasp=GraspType.FRONT_270)
[EXEC] Placing at [-0.6000000000000001, 0.8250000000000003, 0.5] with grasp front_270

[INFO] Found 3584 potential configurations.
[WARN] No valid configuration found (all tested configs invalid).
[EXEC] Action ActionType.PLACE executed in 3.17 seconds
[ERROR] Action ActionType.PLACE failed for object /column0
Action failed ! time elapsed: 0.001
[LOG] Transition logged to MongoDB: 0fe6c8f8-aac0-463b-8ef8-9e3bfa407804 - Episode 0
Step 8
Selected action: Action(ActionType.PLACE, obj=/column0, slot=/goal_0,grasp=None) with motion param: front_270
here
Action: Action(ActionType.PLACE, obj=/column0, slot=/goal_0,grasp=GraspType.FRONT_270)
[EXEC] Placing at [-0.27499999999999986, 0.8250000000000005, 0.5] with grasp front_270

[INFO] Found 3968 potential configurations.
[INFO] Motion completed successfully with result: success,in execution time: 4.24 seconds
[INFO] Found a reachable configuration for place action after 1 attempts.
[INFO] Place action completed successfully.
realigning placed object /column0 to target position
[EXEC] Action ActionType.PLACE executed in 16.92 seconds
[SUCCESS] Action ActionType.PLACE succeeded for object /column0
[LOG] Transition logged to MongoDB: 0fe6c8f8-aac0-463b-8ef8-9e3bfa407804 - Episode 0
Step 9
Selected action: Action(ActionType.PICK, obj=/column2, slot=None,grasp=GraspType.RIGHT_0) with motion param: top_0
here
Action: Action(ActionType.PICK, obj=/column2, slot=None,grasp=GraspType.TOP_0)
[EXEC] Picking /column2 with top_0

[INFO] Found 4288 potential configurations.
[INFO] Motion completed successfully with result: success,in execution time: 4.28 seconds
[INFO] Found a reachable configuration for pick action after 1 attempts.
Tip distance after pick: 0.027635011542992974
[INFO] Pick action completed successfully.in execution time: 4.28 seconds
[EXEC] Action ActionType.PICK executed in 21.73 seconds
[SUCCESS] Action ActionType.PICK succeeded for object /column2
[LOG] Transition logged to MongoDB: 0fe6c8f8-aac0-463b-8ef8-9e3bfa407804 - Episode 0
Step 10
Selected action: Action(ActionType.PLACE, obj=/column2, slot=/goal_1,grasp=None) with motion param: left_0
here
Action: Action(ActionType.PLACE, obj=/column2, slot=/goal_1,grasp=GraspType.LEFT_0)
[EXEC] Placing at [-0.2749999999999999, 1.0750000000000006, 0.5] with grasp left_0

[INFO] Found 832 potential configurations.
[WARN] No valid configuration found (all tested configs invalid).
[EXEC] Action ActionType.PLACE executed in 9.34 seconds
[ERROR] Action ActionType.PLACE failed for object /column2
Action failed ! time elapsed: 0.001
[LOG] Transition logged to MongoDB: 0fe6c8f8-aac0-463b-8ef8-9e3bfa407804 - Episode 0
Step 11
Selected action: Action(ActionType.PLACE, obj=/column2, slot=/goal_2,grasp=None) with motion param: front_270
here
Action: Action(ActionType.PLACE, obj=/column2, slot=/goal_2,grasp=GraspType.FRONT_270)
[EXEC] Placing at [-0.6000000000000001, 0.8250000000000003, 0.5] with grasp front_270

[INFO] Found 3456 potential configurations.
[WARN] No valid configuration found (all tested configs invalid).
[EXEC] Action ActionType.PLACE executed in 3.20 seconds
[ERROR] Action ActionType.PLACE failed for object /column2
Action failed ! time elapsed: 0.001
[LOG] Transition logged to MongoDB: 0fe6c8f8-aac0-463b-8ef8-9e3bfa407804 - Episode 0
Step 12
Selected action: Action(ActionType.PLACE, obj=/column2, slot=/region_0,grasp=None) with motion param: top_0
here
Action: Action(ActionType.PLACE, obj=/column2, slot=/region_0,grasp=GraspType.TOP_0)
[EXEC] Placing at [0.35, 0.8, 0.521] with grasp top_0

[INFO] Found 4864 potential configurations.
[INFO] Motion completed successfully with result: success,in execution time: 0.52 seconds
[INFO] Found a reachable configuration for place action after 1 attempts.
[INFO] Place action completed successfully.
realigning placed object /column2 to target position
[EXEC] Action ActionType.PLACE executed in 17.47 seconds
[SUCCESS] Action ActionType.PLACE succeeded for object /column2
[LOG] Transition logged to MongoDB: 0fe6c8f8-aac0-463b-8ef8-9e3bfa407804 - Episode 0
Step 13
Selected action: Action(ActionType.PICK, obj=/column1, slot=None,grasp=GraspType.FRONT_270) with motion param: left_0
here
Action: Action(ActionType.PICK, obj=/column1, slot=None,grasp=GraspType.LEFT_0)
[EXEC] Picking /column1 with left_0

[INFO] Found 2112 potential configurations.
[WARN] No valid configuration found (all tested configs invalid).
[EXEC] Action ActionType.PICK executed in 1.99 seconds
[ERROR] Action ActionType.PICK failed for object /column1
Action failed ! time elapsed: 0.001
[LOG] Transition logged to MongoDB: 0fe6c8f8-aac0-463b-8ef8-9e3bfa407804 - Episode 0
Step 14
Selected action: Action(ActionType.PICK, obj=/column1, slot=None,grasp=GraspType.LEFT_0) with motion param: top_0
here
Action: Action(ActionType.PICK, obj=/column1, slot=None,grasp=GraspType.TOP_0)
[EXEC] Picking /column1 with top_0

[INFO] Found 576 potential configurations.
[WARN] No valid configuration found (all tested configs invalid).
[EXEC] Action ActionType.PICK executed in 16.08 seconds
[ERROR] Action ActionType.PICK failed for object /column1
Action failed ! time elapsed: 0.001
[LOG] Transition logged to MongoDB: 0fe6c8f8-aac0-463b-8ef8-9e3bfa407804 - Episode 0
Step 15
Selected action: Action(ActionType.PICK, obj=/column1, slot=None,grasp=GraspType.TOP_0) with motion param: front_270
here
Action: Action(ActionType.PICK, obj=/column1, slot=None,grasp=GraspType.FRONT_270)
[EXEC] Picking /column1 with front_270

[INFO] Found 2560 potential configurations.
[INFO] Motion completed successfully with result: success,in execution time: 4.44 seconds
[INFO] Found a reachable configuration for pick action after 1 attempts.
Tip distance after pick: 0.02029421242724042
[INFO] Pick action completed successfully.in execution time: 4.44 seconds
[EXEC] Action ActionType.PICK executed in 27.27 seconds
[SUCCESS] Action ActionType.PICK succeeded for object /column1
[LOG] Transition logged to MongoDB: 0fe6c8f8-aac0-463b-8ef8-9e3bfa407804 - Episode 0
Step 16
Selected action: Action(ActionType.PLACE, obj=/column1, slot=/goal_1,grasp=None) with motion param: top_0
here
Action: Action(ActionType.PLACE, obj=/column1, slot=/goal_1,grasp=GraspType.TOP_0)
[EXEC] Placing at [-0.2749999999999999, 1.0750000000000006, 0.5] with grasp top_0

[INFO] Found 1280 potential configurations.
[ERROR] Motion failed (collision or invalid path)
[ERROR] Motion result: no_path
[WARN] Failed to find a path to the selected place config on attempt 1.
[WARN] No path found to selected place config, discarding and trying next valid config...
[INFO] Motion completed successfully with result: success,in execution time: 15.48 seconds
[INFO] Found a reachable configuration for place action after 2 attempts.
[INFO] Place action completed successfully.
realigning placed object /column1 to target position
[EXEC] Action ActionType.PLACE executed in 75.06 seconds
[SUCCESS] Action ActionType.PLACE succeeded for object /column1
[LOG] Transition logged to MongoDB: 0fe6c8f8-aac0-463b-8ef8-9e3bfa407804 - Episode 0
Step 17
Selected action: Action(ActionType.PICK, obj=/column1, slot=None,grasp=GraspType.FRONT_270) with motion param: top_0
here
Action: Action(ActionType.PICK, obj=/column1, slot=None,grasp=GraspType.TOP_0)
[EXEC] Picking /column1 with top_0

[INFO] Found 1152 potential configurations.
[INFO] Motion completed successfully with result: success,in execution time: 1.76 seconds
[INFO] Found a reachable configuration for pick action after 1 attempts.
Tip distance after pick: 0.0263728112962678
[INFO] Pick action completed successfully.in execution time: 1.76 seconds
[EXEC] Action ActionType.PICK executed in 19.74 seconds
[SUCCESS] Action ActionType.PICK succeeded for object /column1
[LOG] Transition logged to MongoDB: 0fe6c8f8-aac0-463b-8ef8-9e3bfa407804 - Episode 0
Step 18
Selected action: Action(ActionType.PLACE, obj=/column1, slot=/goal_1,grasp=GraspType.TOP_0) with motion param: top_0
here
Action: Action(ActionType.PLACE, obj=/column1, slot=/goal_1,grasp=GraspType.TOP_0)
[EXEC] Placing at [-0.2749999999999999, 1.0750000000000006, 0.5] with grasp top_0

[INFO] Found 1792 potential configurations.
[INFO] Motion completed successfully with result: success,in execution time: 0.32 seconds
[INFO] Found a reachable configuration for place action after 1 attempts.
[INFO] Place action completed successfully.
realigning placed object /column1 to target position
[EXEC] Action ActionType.PLACE executed in 16.70 seconds
[SUCCESS] Action ActionType.PLACE succeeded for object /column1
[LOG] Transition logged to MongoDB: 0fe6c8f8-aac0-463b-8ef8-9e3bfa407804 - Episode 0
Step 19
Selected action: Action(ActionType.PICK, obj=/column0, slot=None,grasp=GraspType.TOP_0) with motion param: front_270
here
Action: Action(ActionType.PICK, obj=/column0, slot=None,grasp=GraspType.FRONT_270)
[EXEC] Picking /column0 with front_270

[INFO] Found 3328 potential configurations.
[INFO] Motion completed successfully with result: success,in execution time: 4.24 seconds
[INFO] Found a reachable configuration for pick action after 1 attempts.
Tip distance after pick: 0.02159913001560846
[INFO] Pick action completed successfully.in execution time: 4.24 seconds
[EXEC] Action ActionType.PICK executed in 18.81 seconds
[SUCCESS] Action ActionType.PICK succeeded for object /column0
[LOG] Transition logged to MongoDB: 0fe6c8f8-aac0-463b-8ef8-9e3bfa407804 - Episode 0
Step 20
Selected action: Action(ActionType.PLACE, obj=/column0, slot=/region_2,grasp=None) with motion param: left_0
here
Action: Action(ActionType.PLACE, obj=/column0, slot=/region_2,grasp=GraspType.LEFT_0)
[EXEC] Placing at [0.6, 0.80001, 0.5] with grasp left_0

[INFO] Found 1856 potential configurations.
[INFO] Motion completed successfully with result: success,in execution time: 7.12 seconds
[INFO] Found a reachable configuration for place action after 1 attempts.
[INFO] Place action completed successfully.
realigning placed object /column0 to target position
[EXEC] Action ActionType.PLACE executed in 24.93 seconds
[SUCCESS] Action ActionType.PLACE succeeded for object /column0
[LOG] Transition logged to MongoDB: 0fe6c8f8-aac0-463b-8ef8-9e3bfa407804 - Episode 0
Step 21
Selected action: Action(ActionType.PICK, obj=/column1, slot=None,grasp=GraspType.TOP_0) with motion param: left_0
here
Action: Action(ActionType.PICK, obj=/column1, slot=None,grasp=GraspType.LEFT_0)
[EXEC] Picking /column1 with left_0
[ERROR] No IK configurations found for desired pick pose.
[EXEC] Action ActionType.PICK executed in 1.02 seconds
[ERROR] Action ActionType.PICK failed for object /column1
Action failed ! time elapsed: 0.001
[LOG] Transition logged to MongoDB: 0fe6c8f8-aac0-463b-8ef8-9e3bfa407804 - Episode 0
Step 22
Selected action: Action(ActionType.PICK, obj=/column0, slot=None,grasp=GraspType.FRONT_270) with motion param: front_270
here
Action: Action(ActionType.PICK, obj=/column0, slot=None,grasp=GraspType.FRONT_270)
[EXEC] Picking /column0 with front_270

[INFO] Found 2752 potential configurations.
[INFO] Motion completed successfully with result: success,in execution time: 5.28 seconds
[INFO] Found a reachable configuration for pick action after 1 attempts.
Tip distance after pick: 0.020035427125563332
[INFO] Pick action completed successfully.in execution time: 5.28 seconds
[EXEC] Action ActionType.PICK executed in 20.66 seconds
[SUCCESS] Action ActionType.PICK succeeded for object /column0
[LOG] Transition logged to MongoDB: 0fe6c8f8-aac0-463b-8ef8-9e3bfa407804 - Episode 0
Step 23
Selected action: Action(ActionType.PLACE, obj=/column0, slot=/goal_2,grasp=GraspType.FRONT_270) with motion param: front_270
here
Action: Action(ActionType.PLACE, obj=/column0, slot=/goal_2,grasp=GraspType.FRONT_270)
[EXEC] Placing at [-0.6000000000000001, 0.8250000000000003, 0.5] with grasp front_270

[INFO] Found 2368 potential configurations.
[WARN] No valid configuration found (all tested configs invalid).
[EXEC] Action ActionType.PLACE executed in 2.33 seconds
[ERROR] Action ActionType.PLACE failed for object /column0
Action failed ! time elapsed: 0.001
[LOG] Transition logged to MongoDB: 0fe6c8f8-aac0-463b-8ef8-9e3bfa407804 - Episode 0
Step 24
Selected action: Action(ActionType.PLACE, obj=/column0, slot=/region_1,grasp=None) with motion param: right_0
here
Action: Action(ActionType.PLACE, obj=/column0, slot=/region_1,grasp=GraspType.RIGHT_0)
[EXEC] Placing at [0.6, 1.075, 0.5] with grasp right_0
[ERROR] No IK configurations found for desired place pose.
[EXEC] Action ActionType.PLACE executed in 1.02 seconds
[ERROR] Action ActionType.PLACE failed for object /column0
Action failed ! time elapsed: 0.001
[LOG] Transition logged to MongoDB: 0fe6c8f8-aac0-463b-8ef8-9e3bfa407804 - Episode 0
Step 25
Selected action: Action(ActionType.PLACE, obj=/column0, slot=/goal_0,grasp=GraspType.FRONT_270) with motion param: top_0
here
Action: Action(ActionType.PLACE, obj=/column0, slot=/goal_0,grasp=GraspType.TOP_0)
[EXEC] Placing at [-0.27499999999999986, 0.8250000000000005, 0.5] with grasp top_0

[INFO] Found 4032 potential configurations.
[INFO] Motion completed successfully with result: success,in execution time: 4.24 seconds
[INFO] Found a reachable configuration for place action after 1 attempts.
[INFO] Place action completed successfully.
realigning placed object /column0 to target position
[EXEC] Action ActionType.PLACE executed in 19.49 seconds
[SUCCESS] Action ActionType.PLACE succeeded for object /column0
[LOG] Transition logged to MongoDB: 0fe6c8f8-aac0-463b-8ef8-9e3bfa407804 - Episode 0
Step 26
Selected action: Action(ActionType.PICK, obj=/column2, slot=None,grasp=GraspType.TOP_0) with motion param: top_0
here
Action: Action(ActionType.PICK, obj=/column2, slot=None,grasp=GraspType.TOP_0)
[EXEC] Picking /column2 with top_0

[INFO] Found 5760 potential configurations.
[INFO] Motion completed successfully with result: success,in execution time: 2.08 seconds
[INFO] Found a reachable configuration for pick action after 1 attempts.
Tip distance after pick: 0.02868550102593808
[INFO] Pick action completed successfully.in execution time: 2.08 seconds
[EXEC] Action ActionType.PICK executed in 21.85 seconds
[SUCCESS] Action ActionType.PICK succeeded for object /column2
[LOG] Transition logged to MongoDB: 0fe6c8f8-aac0-463b-8ef8-9e3bfa407804 - Episode 0
Step 27
Selected action: Action(ActionType.PLACE, obj=/column2, slot=/region_1,grasp=None) with motion param: left_0
here
Action: Action(ActionType.PLACE, obj=/column2, slot=/region_1,grasp=GraspType.LEFT_0)
[EXEC] Placing at [0.6, 1.075, 0.5] with grasp left_0

[INFO] Found 896 potential configurations.
[WARN] No valid configuration found (all tested configs invalid).
[EXEC] Action ActionType.PLACE executed in 1.88 seconds
[ERROR] Action ActionType.PLACE failed for object /column2
Action failed ! time elapsed: 0.001
[LOG] Transition logged to MongoDB: 0fe6c8f8-aac0-463b-8ef8-9e3bfa407804 - Episode 0
Step 28
Selected action: Action(ActionType.PLACE, obj=/column2, slot=/region_0,grasp=GraspType.TOP_0) with motion param: front_270
here
Action: Action(ActionType.PLACE, obj=/column2, slot=/region_0,grasp=GraspType.FRONT_270)
[EXEC] Placing at [0.35, 0.8, 0.521] with grasp front_270

[INFO] Found 2112 potential configurations.
[INFO] Motion completed successfully with result: success,in execution time: 4.60 seconds
[INFO] Found a reachable configuration for place action after 1 attempts.
[INFO] Place action completed successfully.
realigning placed object /column2 to target position
[EXEC] Action ActionType.PLACE executed in 21.06 seconds
[SUCCESS] Action ActionType.PLACE succeeded for object /column2
[LOG] Transition logged to MongoDB: 0fe6c8f8-aac0-463b-8ef8-9e3bfa407804 - Episode 0
Step 29
Selected action: Action(ActionType.PICK, obj=/column2, slot=None,grasp=GraspType.TOP_0) with motion param: top_0
here
Action: Action(ActionType.PICK, obj=/column2, slot=None,grasp=GraspType.TOP_0)
[EXEC] Picking /column2 with top_0

[INFO] Found 3008 potential configurations.
[INFO] Motion completed successfully with result: success,in execution time: 4.60 seconds
[INFO] Found a reachable configuration for pick action after 1 attempts.
Tip distance after pick: 0.027322428961635822
[INFO] Pick action completed successfully.in execution time: 4.60 seconds
[EXEC] Action ActionType.PICK executed in 29.63 seconds
[SUCCESS] Action ActionType.PICK succeeded for object /column2
[LOG] Transition logged to MongoDB: 0fe6c8f8-aac0-463b-8ef8-9e3bfa407804 - Episode 0
Pilot run finished, resetting scene
Leaving object if held
Pilot run 1
Step 0
Selected action: Action(ActionType.PICK, obj=/column0, slot=None,grasp=GraspType.FRONT_270) with motion param: top_0
here
Action: Action(ActionType.PICK, obj=/column0, slot=None,grasp=GraspType.TOP_0)
[EXEC] Picking /column0 with top_0

[INFO] Found 512 potential configurations.
[WARN] No valid configuration found (all tested configs invalid).
[EXEC] Action ActionType.PICK executed in 16.96 seconds
[ERROR] Action ActionType.PICK failed for object /column0
Action failed ! time elapsed: 0.001
[LOG] Transition logged to MongoDB: 0fe6c8f8-aac0-463b-8ef8-9e3bfa407804 - Episode 0
Step 1
Selected action: Action(ActionType.PICK, obj=/column2, slot=None,grasp=GraspType.TOP_0) with motion param: left_0
here
Action: Action(ActionType.PICK, obj=/column2, slot=None,grasp=GraspType.LEFT_0)
[EXEC] Picking /column2 with left_0

[INFO] Found 2368 potential configurations.
[WARN] No valid configuration found (all tested configs invalid).
[EXEC] Action ActionType.PICK executed in 3.75 seconds
[ERROR] Action ActionType.PICK failed for object /column2
Action failed ! time elapsed: 0.001
[LOG] Transition logged to MongoDB: 0fe6c8f8-aac0-463b-8ef8-9e3bfa407804 - Episode 0
Step 2
Selected action: Action(ActionType.PICK, obj=/column0, slot=None,grasp=GraspType.TOP_0) with motion param: left_0
here
Action: Action(ActionType.PICK, obj=/column0, slot=None,grasp=GraspType.LEFT_0)
[EXEC] Picking /column0 with left_0

[INFO] Found 1280 potential configurations.
[WARN] No valid configuration found (all tested configs invalid).
[EXEC] Action ActionType.PICK executed in 1.66 seconds
[ERROR] Action ActionType.PICK failed for object /column0
Action failed ! time elapsed: 0.001
[LOG] Transition logged to MongoDB: 0fe6c8f8-aac0-463b-8ef8-9e3bfa407804 - Episode 0
Step 3
Selected action: Action(ActionType.PICK, obj=/column0, slot=None,grasp=GraspType.LEFT_0) with motion param: left_0
here
Action: Action(ActionType.PICK, obj=/column0, slot=None,grasp=GraspType.LEFT_0)
[EXEC] Picking /column0 with left_0

[INFO] Found 960 potential configurations.
[WARN] No valid configuration found (all tested configs invalid).
[EXEC] Action ActionType.PICK executed in 1.50 seconds
[ERROR] Action ActionType.PICK failed for object /column0
Action failed ! time elapsed: 0.001
[LOG] Transition logged to MongoDB: 0fe6c8f8-aac0-463b-8ef8-9e3bfa407804 - Episode 0
Step 4
Selected action: Action(ActionType.PICK, obj=/column0, slot=None,grasp=GraspType.LEFT_0) with motion param: top_0
here
Action: Action(ActionType.PICK, obj=/column0, slot=None,grasp=GraspType.TOP_0)
[EXEC] Picking /column0 with top_0

[INFO] Found 384 potential configurations.
[WARN] No valid configuration found (all tested configs invalid).
[EXEC] Action ActionType.PICK executed in 12.92 seconds
[ERROR] Action ActionType.PICK failed for object /column0
Action failed ! time elapsed: 0.001
[LOG] Transition logged to MongoDB: 0fe6c8f8-aac0-463b-8ef8-9e3bfa407804 - Episode 0
Step 5
Selected action: Action(ActionType.PICK, obj=/column1, slot=None,grasp=GraspType.LEFT_0) with motion param: front_270
here
Action: Action(ActionType.PICK, obj=/column1, slot=None,grasp=GraspType.FRONT_270)
[EXEC] Picking /column1 with front_270

[INFO] Found 4480 potential configurations.
[INFO] Motion completed successfully with result: success,in execution time: 4.52 seconds
[INFO] Found a reachable configuration for pick action after 1 attempts.
Tip distance after pick: 0.02172803319482774
[INFO] Pick action completed successfully.in execution time: 4.52 seconds
[EXEC] Action ActionType.PICK executed in 24.38 seconds
[SUCCESS] Action ActionType.PICK succeeded for object /column1
[LOG] Transition logged to MongoDB: 0fe6c8f8-aac0-463b-8ef8-9e3bfa407804 - Episode 0
Step 6
Selected action: Action(ActionType.PLACE, obj=/column1, slot=/goal_1,grasp=GraspType.TOP_0) with motion param: top_0
here
Action: Action(ActionType.PLACE, obj=/column1, slot=/goal_1,grasp=GraspType.TOP_0)
[EXEC] Placing at [-0.2749999999999999, 1.0750000000000006, 0.5] with grasp top_0

[INFO] Found 1280 potential configurations.
[INFO] Motion completed successfully with result: success,in execution time: 8.80 seconds
[INFO] Found a reachable configuration for place action after 1 attempts.
[INFO] Place action completed successfully.
realigning placed object /column1 to target position
[EXEC] Action ActionType.PLACE executed in 28.54 seconds
[SUCCESS] Action ActionType.PLACE succeeded for object /column1
[LOG] Transition logged to MongoDB: 0fe6c8f8-aac0-463b-8ef8-9e3bfa407804 - Episode 0
Step 7
Selected action: Action(ActionType.PICK, obj=/column1, slot=None,grasp=GraspType.FRONT_270) with motion param: top_0
here
Action: Action(ActionType.PICK, obj=/column1, slot=None,grasp=GraspType.TOP_0)
[EXEC] Picking /column1 with top_0

[INFO] Found 960 potential configurations.
[INFO] Motion completed successfully with result: success,in execution time: 1.80 seconds
[INFO] Found a reachable configuration for pick action after 1 attempts.
Tip distance after pick: 0.026310267623224932
[INFO] Pick action completed successfully.in execution time: 1.80 seconds
[EXEC] Action ActionType.PICK executed in 21.27 seconds
[SUCCESS] Action ActionType.PICK succeeded for object /column1
[LOG] Transition logged to MongoDB: 0fe6c8f8-aac0-463b-8ef8-9e3bfa407804 - Episode 0
Step 8
Selected action: Action(ActionType.PLACE, obj=/column1, slot=/region_0,grasp=None) with motion param: left_0
here
Action: Action(ActionType.PLACE, obj=/column1, slot=/region_0,grasp=GraspType.LEFT_0)
[EXEC] Placing at [0.35, 0.8, 0.521] with grasp left_0

[INFO] Found 3136 potential configurations.
[INFO] Motion completed successfully with result: success,in execution time: 2.96 seconds
[INFO] Found a reachable configuration for place action after 1 attempts.
[INFO] Place action completed successfully.
realigning placed object /column1 to target position
[EXEC] Action ActionType.PLACE executed in 21.15 seconds
[SUCCESS] Action ActionType.PLACE succeeded for object /column1
[LOG] Transition logged to MongoDB: 0fe6c8f8-aac0-463b-8ef8-9e3bfa407804 - Episode 0
Step 9
Selected action: Action(ActionType.PICK, obj=/column2, slot=None,grasp=GraspType.LEFT_0) with motion param: left_0
here
Action: Action(ActionType.PICK, obj=/column2, slot=None,grasp=GraspType.LEFT_0)
[EXEC] Picking /column2 with left_0

[INFO] Found 1792 potential configurations.
[WARN] No valid configuration found (all tested configs invalid).
[EXEC] Action ActionType.PICK executed in 3.35 seconds
[ERROR] Action ActionType.PICK failed for object /column2
Action failed ! time elapsed: 0.001
[LOG] Transition logged to MongoDB: 0fe6c8f8-aac0-463b-8ef8-9e3bfa407804 - Episode 0
Step 10
Selected action: Action(ActionType.PICK, obj=/column0, slot=None,grasp=GraspType.TOP_0) with motion param: front_270
here
Action: Action(ActionType.PICK, obj=/column0, slot=None,grasp=GraspType.FRONT_270)
[EXEC] Picking /column0 with front_270

[INFO] Found 2560 potential configurations.
[WARN] No valid configuration found (all tested configs invalid).
[EXEC] Action ActionType.PICK executed in 2.77 seconds
[ERROR] Action ActionType.PICK failed for object /column0
Action failed ! time elapsed: 0.001
[LOG] Transition logged to MongoDB: 0fe6c8f8-aac0-463b-8ef8-9e3bfa407804 - Episode 0
Step 11
Selected action: Action(ActionType.PICK, obj=/column2, slot=None,grasp=GraspType.LEFT_0) with motion param: left_0
here
Action: Action(ActionType.PICK, obj=/column2, slot=None,grasp=GraspType.LEFT_0)
[EXEC] Picking /column2 with left_0

[INFO] Found 2048 potential configurations.
[WARN] No valid configuration found (all tested configs invalid).
[EXEC] Action ActionType.PICK executed in 3.94 seconds
[ERROR] Action ActionType.PICK failed for object /column2
Action failed ! time elapsed: 0.001
[LOG] Transition logged to MongoDB: 0fe6c8f8-aac0-463b-8ef8-9e3bfa407804 - Episode 0
Step 12
Selected action: Action(ActionType.PICK, obj=/column1, slot=None,grasp=GraspType.TOP_0) with motion param: top_0
here
Action: Action(ActionType.PICK, obj=/column1, slot=None,grasp=GraspType.TOP_0)
[EXEC] Picking /column1 with top_0

[INFO] Found 2560 potential configurations.
[INFO] Motion completed successfully with result: success,in execution time: 3.36 seconds
[INFO] Found a reachable configuration for pick action after 1 attempts.
Tip distance after pick: 0.027532684335223007
[INFO] Pick action completed successfully.in execution time: 3.36 seconds
[EXEC] Action ActionType.PICK executed in 16.54 seconds
[SUCCESS] Action ActionType.PICK succeeded for object /column1
[LOG] Transition logged to MongoDB: 0fe6c8f8-aac0-463b-8ef8-9e3bfa407804 - Episode 0
Step 13
Selected action: Action(ActionType.PLACE, obj=/column1, slot=/goal_2,grasp=None) with motion param: top_0
here
Action: Action(ActionType.PLACE, obj=/column1, slot=/goal_2,grasp=GraspType.TOP_0)
[EXEC] Placing at [-0.6000000000000001, 0.8250000000000003, 0.5] with grasp top_0

[INFO] Found 2880 potential configurations.
[WARN] No valid configuration found (all tested configs invalid).
[EXEC] Action ActionType.PLACE executed in 2.83 seconds
[ERROR] Action ActionType.PLACE failed for object /column1
Action failed ! time elapsed: 0.001
[LOG] Transition logged to MongoDB: 0fe6c8f8-aac0-463b-8ef8-9e3bfa407804 - Episode 0
Step 14
Selected action: Action(ActionType.PLACE, obj=/column1, slot=/region_0,grasp=GraspType.LEFT_0) with motion param: front_270
here
Action: Action(ActionType.PLACE, obj=/column1, slot=/region_0,grasp=GraspType.FRONT_270)
[EXEC] Placing at [0.35, 0.8, 0.521] with grasp front_270

[INFO] Found 4160 potential configurations.
[INFO] Motion completed successfully with result: success,in execution time: 4.56 seconds
[INFO] Found a reachable configuration for place action after 1 attempts.
[INFO] Place action completed successfully.
realigning placed object /column1 to target position
[EXEC] Action ActionType.PLACE executed in 17.86 seconds
[SUCCESS] Action ActionType.PLACE succeeded for object /column1
[LOG] Transition logged to MongoDB: 0fe6c8f8-aac0-463b-8ef8-9e3bfa407804 - Episode 0
Step 15
Selected action: Action(ActionType.PICK, obj=/column0, slot=None,grasp=GraspType.FRONT_270) with motion param: front_270
here
Action: Action(ActionType.PICK, obj=/column0, slot=None,grasp=GraspType.FRONT_270)
[EXEC] Picking /column0 with front_270

[INFO] Found 2880 potential configurations.
[WARN] No valid configuration found (all tested configs invalid).
[EXEC] Action ActionType.PICK executed in 2.55 seconds
[ERROR] Action ActionType.PICK failed for object /column0
Action failed ! time elapsed: 0.001
[LOG] Transition logged to MongoDB: 0fe6c8f8-aac0-463b-8ef8-9e3bfa407804 - Episode 0
Step 16
Selected action: Action(ActionType.PICK, obj=/column2, slot=None,grasp=GraspType.LEFT_0) with motion param: left_0
here
Action: Action(ActionType.PICK, obj=/column2, slot=None,grasp=GraspType.LEFT_0)
[EXEC] Picking /column2 with left_0

[INFO] Found 3776 potential configurations.
[WARN] No valid configuration found (all tested configs invalid).
[EXEC] Action ActionType.PICK executed in 4.26 seconds
[ERROR] Action ActionType.PICK failed for object /column2
Action failed ! time elapsed: 0.001
[LOG] Transition logged to MongoDB: 0fe6c8f8-aac0-463b-8ef8-9e3bfa407804 - Episode 0
Step 17
Selected action: Action(ActionType.PICK, obj=/column2, slot=None,grasp=GraspType.LEFT_0) with motion param: top_0
here
Action: Action(ActionType.PICK, obj=/column2, slot=None,grasp=GraspType.TOP_0)
[EXEC] Picking /column2 with top_0

[INFO] Found 2560 potential configurations.
[INFO] Motion completed successfully with result: success,in execution time: 4.56 seconds
[INFO] Found a reachable configuration for pick action after 1 attempts.
Tip distance after pick: 0.026423617566336106
[INFO] Pick action completed successfully.in execution time: 4.56 seconds
[EXEC] Action ActionType.PICK executed in 21.68 seconds
[SUCCESS] Action ActionType.PICK succeeded for object /column2
[LOG] Transition logged to MongoDB: 0fe6c8f8-aac0-463b-8ef8-9e3bfa407804 - Episode 0
Step 18
Selected action: Action(ActionType.PLACE, obj=/column2, slot=/region_2,grasp=None) with motion param: front_270
here
Action: Action(ActionType.PLACE, obj=/column2, slot=/region_2,grasp=GraspType.FRONT_270)
[EXEC] Placing at [0.6, 0.80001, 0.5] with grasp front_270

[INFO] Found 2432 potential configurations.
[INFO] Motion completed successfully with result: success,in execution time: 4.20 seconds
[INFO] Found a reachable configuration for place action after 1 attempts.
[INFO] Place action completed successfully.
realigning placed object /column2 to target position
[EXEC] Action ActionType.PLACE executed in 17.93 seconds
[SUCCESS] Action ActionType.PLACE succeeded for object /column2
[LOG] Transition logged to MongoDB: 0fe6c8f8-aac0-463b-8ef8-9e3bfa407804 - Episode 0
Step 19
Selected action: Action(ActionType.PICK, obj=/column1, slot=None,grasp=GraspType.TOP_0) with motion param: left_0
here
Action: Action(ActionType.PICK, obj=/column1, slot=None,grasp=GraspType.LEFT_0)
[EXEC] Picking /column1 with left_0

[INFO] Found 2432 potential configurations.
[ERROR] Motion failed (collision or invalid path)
[ERROR] Motion result: no_path
[WARN] Failed to find a path to the selected pick config on attempt 1.
[WARN] No path found to picked config, discarding and trying next valid config...
[ERROR] Motion failed (collision or invalid path)
[ERROR] Motion result: no_path
[WARN] Failed to find a path to the selected pick config on attempt 2.
[WARN] No path found to picked config, discarding and trying next valid config...
[ERROR] Motion failed (collision or invalid path)
[ERROR] Motion result: no_path
[WARN] Failed to find a path to the selected pick config on attempt 3.
[WARN] No path found to picked config, discarding and trying next valid config...
[ERROR] Max IK attempts reached, pick action failed.
[EXEC] Action ActionType.PICK executed in 21.32 seconds
[ERROR] Action ActionType.PICK failed for object /column1
Action failed ! time elapsed: 0.001
[LOG] Transition logged to MongoDB: 0fe6c8f8-aac0-463b-8ef8-9e3bfa407804 - Episode 0
Step 20
Selected action: Action(ActionType.PICK, obj=/column2, slot=None,grasp=GraspType.TOP_0) with motion param: front_270
here
Action: Action(ActionType.PICK, obj=/column2, slot=None,grasp=GraspType.FRONT_270)
[EXEC] Picking /column2 with front_270

[INFO] Found 2560 potential configurations.
[INFO] Motion completed successfully with result: success,in execution time: 1.80 seconds
[INFO] Found a reachable configuration for pick action after 1 attempts.
Tip distance after pick: 0.020400451894284202
[INFO] Pick action completed successfully.in execution time: 1.80 seconds
[EXEC] Action ActionType.PICK executed in 18.69 seconds
[SUCCESS] Action ActionType.PICK succeeded for object /column2
[LOG] Transition logged to MongoDB: 0fe6c8f8-aac0-463b-8ef8-9e3bfa407804 - Episode 0
Step 21
Selected action: Action(ActionType.PLACE, obj=/column2, slot=/goal_2,grasp=GraspType.FRONT_270) with motion param: top_0
here
Action: Action(ActionType.PLACE, obj=/column2, slot=/goal_2,grasp=GraspType.TOP_0)
[EXEC] Placing at [-0.6000000000000001, 0.8250000000000003, 0.5] with grasp top_0

[INFO] Found 2880 potential configurations.
[WARN] No valid configuration found (all tested configs invalid).
[EXEC] Action ActionType.PLACE executed in 3.02 seconds
[ERROR] Action ActionType.PLACE failed for object /column2
Action failed ! time elapsed: 0.001
[LOG] Transition logged to MongoDB: 0fe6c8f8-aac0-463b-8ef8-9e3bfa407804 - Episode 0
Step 22
Selected action: Action(ActionType.PLACE, obj=/column2, slot=/region_2,grasp=GraspType.FRONT_270) with motion param: top_0
here
Action: Action(ActionType.PLACE, obj=/column2, slot=/region_2,grasp=GraspType.TOP_0)
[EXEC] Placing at [0.6, 0.80001, 0.5] with grasp top_0

[INFO] Found 1280 potential configurations.
[INFO] Motion completed successfully with result: success,in execution time: 4.24 seconds
[INFO] Found a reachable configuration for place action after 1 attempts.
[INFO] Place action completed successfully.
realigning placed object /column2 to target position
[EXEC] Action ActionType.PLACE executed in 24.79 seconds
[SUCCESS] Action ActionType.PLACE succeeded for object /column2
[LOG] Transition logged to MongoDB: 0fe6c8f8-aac0-463b-8ef8-9e3bfa407804 - Episode 0
Step 23
Selected action: Action(ActionType.PICK, obj=/column1, slot=None,grasp=GraspType.LEFT_0) with motion param: front_270
here
Action: Action(ActionType.PICK, obj=/column1, slot=None,grasp=GraspType.FRONT_270)
[EXEC] Picking /column1 with front_270

[INFO] Found 1984 potential configurations.
[INFO] Motion completed successfully with result: success,in execution time: 4.56 seconds
[INFO] Found a reachable configuration for pick action after 1 attempts.
Tip distance after pick: 0.021380798022592302
[INFO] Pick action completed successfully.in execution time: 4.56 seconds
[EXEC] Action ActionType.PICK executed in 25.06 seconds
[SUCCESS] Action ActionType.PICK succeeded for object /column1
[LOG] Transition logged to MongoDB: 0fe6c8f8-aac0-463b-8ef8-9e3bfa407804 - Episode 0
Step 24
Selected action: Action(ActionType.PLACE, obj=/column1, slot=/goal_0,grasp=None) with motion param: right_0
here
Action: Action(ActionType.PLACE, obj=/column1, slot=/goal_0,grasp=GraspType.RIGHT_0)
[EXEC] Placing at [-0.27499999999999986, 0.8250000000000005, 0.5] with grasp right_0

[INFO] Found 2560 potential configurations.
[INFO] Motion completed successfully with result: success,in execution time: 2.48 seconds
[INFO] Found a reachable configuration for place action after 1 attempts.
[INFO] Place action completed successfully.
realigning placed object /column1 to target position
[EXEC] Action ActionType.PLACE executed in 38.28 seconds
[SUCCESS] Action ActionType.PLACE succeeded for object /column1
[LOG] Transition logged to MongoDB: 0fe6c8f8-aac0-463b-8ef8-9e3bfa407804 - Episode 0
Step 25
Selected action: Action(ActionType.PICK, obj=/column1, slot=None,grasp=GraspType.FRONT_270) with motion param: front_270
here
Action: Action(ActionType.PICK, obj=/column1, slot=None,grasp=GraspType.FRONT_270)
[EXEC] Picking /column1 with front_270

[INFO] Found 3328 potential configurations.
[INFO] Motion completed successfully with result: success,in execution time: 3.96 seconds
[INFO] Found a reachable configuration for pick action after 1 attempts.
Tip distance after pick: 0.02174359960318771
[INFO] Pick action completed successfully.in execution time: 3.96 seconds
[EXEC] Action ActionType.PICK executed in 32.41 seconds
[SUCCESS] Action ActionType.PICK succeeded for object /column1
[LOG] Transition logged to MongoDB: 0fe6c8f8-aac0-463b-8ef8-9e3bfa407804 - Episode 0
Step 26
Selected action: Action(ActionType.PLACE, obj=/column1, slot=/goal_2,grasp=GraspType.TOP_0) with motion param: right_0
here
Action: Action(ActionType.PLACE, obj=/column1, slot=/goal_2,grasp=GraspType.RIGHT_0)
[EXEC] Placing at [-0.6000000000000001, 0.8250000000000003, 0.5] with grasp right_0

[INFO] Found 1984 potential configurations.
[INFO] Motion completed successfully with result: success,in execution time: 3.24 seconds
[INFO] Found a reachable configuration for place action after 1 attempts.
[INFO] Place action completed successfully.
realigning placed object /column1 to target position
[EXEC] Action ActionType.PLACE executed in 29.73 seconds
[SUCCESS] Action ActionType.PLACE succeeded for object /column1
[LOG] Transition logged to MongoDB: 0fe6c8f8-aac0-463b-8ef8-9e3bfa407804 - Episode 0
Step 27
Selected action: Action(ActionType.PICK, obj=/column0, slot=None,grasp=GraspType.FRONT_270) with motion param: front_270
here
Action: Action(ActionType.PICK, obj=/column0, slot=None,grasp=GraspType.FRONT_270)
[EXEC] Picking /column0 with front_270

[INFO] Found 768 potential configurations.
[WARN] No valid configuration found (all tested configs invalid).
[EXEC] Action ActionType.PICK executed in 2.19 seconds
[ERROR] Action ActionType.PICK failed for object /column0
Action failed ! time elapsed: 0.001
[LOG] Transition logged to MongoDB: 0fe6c8f8-aac0-463b-8ef8-9e3bfa407804 - Episode 0
Step 28
Selected action: Action(ActionType.PICK, obj=/column2, slot=None,grasp=GraspType.FRONT_270) with motion param: right_0
here
Action: Action(ActionType.PICK, obj=/column2, slot=None,grasp=GraspType.RIGHT_0)
[EXEC] Picking /column2 with right_0
[ERROR] No IK configurations found for desired pick pose.
[EXEC] Action ActionType.PICK executed in 1.04 seconds
[ERROR] Action ActionType.PICK failed for object /column2
Action failed ! time elapsed: 0.001
[LOG] Transition logged to MongoDB: 0fe6c8f8-aac0-463b-8ef8-9e3bfa407804 - Episode 0
Step 29
Selected action: Action(ActionType.PICK, obj=/column2, slot=None,grasp=GraspType.RIGHT_0) with motion param: front_270
here
Action: Action(ActionType.PICK, obj=/column2, slot=None,grasp=GraspType.FRONT_270)
[EXEC] Picking /column2 with front_270

[INFO] Found 1408 potential configurations.
[INFO] Motion completed successfully with result: success,in execution time: 4.96 seconds
[INFO] Found a reachable configuration for pick action after 1 attempts.
Tip distance after pick: 0.021153020298092164
[INFO] Pick action completed successfully.in execution time: 4.96 seconds
[EXEC] Action ActionType.PICK executed in 23.84 seconds
[SUCCESS] Action ActionType.PICK succeeded for object /column2
[LOG] Transition logged to MongoDB: 0fe6c8f8-aac0-463b-8ef8-9e3bfa407804 - Episode 0
Pilot run finished, resetting scene
Leaving object if held
Pilot run 2
Step 0
Selected action: Action(ActionType.PICK, obj=/column2, slot=None,grasp=GraspType.FRONT_270) with motion param: top_0
here
Action: Action(ActionType.PICK, obj=/column2, slot=None,grasp=GraspType.TOP_0)
[EXEC] Picking /column2 with top_0

[INFO] Found 1984 potential configurations.
[ERROR] Motion failed (collision or invalid path)
[ERROR] Motion result: no_path
[WARN] Failed to find a path to the selected pick config on attempt 1.
[WARN] No path found to picked config, discarding and trying next valid config...
[INFO] Motion completed successfully with result: success,in execution time: 3.84 seconds
[INFO] Found a reachable configuration for pick action after 2 attempts.
Tip distance after pick: 0.02612612394194896
[INFO] Pick action completed successfully.in execution time: 3.84 seconds
[EXEC] Action ActionType.PICK executed in 28.81 seconds
[SUCCESS] Action ActionType.PICK succeeded for object /column2
[LOG] Transition logged to MongoDB: 0fe6c8f8-aac0-463b-8ef8-9e3bfa407804 - Episode 0
Step 1
Selected action: Action(ActionType.PLACE, obj=/column2, slot=/goal_1,grasp=GraspType.LEFT_0) with motion param: left_0
here
Action: Action(ActionType.PLACE, obj=/column2, slot=/goal_1,grasp=GraspType.LEFT_0)
[EXEC] Placing at [-0.2749999999999999, 1.0750000000000006, 0.5] with grasp left_0

[INFO] Found 512 potential configurations.
[WARN] No valid configuration found (all tested configs invalid).
[EXEC] Action ActionType.PLACE executed in 3.48 seconds
[ERROR] Action ActionType.PLACE failed for object /column2
Action failed ! time elapsed: 0.001
[LOG] Transition logged to MongoDB: 0fe6c8f8-aac0-463b-8ef8-9e3bfa407804 - Episode 0
Step 2
Selected action: Action(ActionType.PLACE, obj=/column2, slot=/goal_2,grasp=GraspType.TOP_0) with motion param: front_270
here
Action: Action(ActionType.PLACE, obj=/column2, slot=/goal_2,grasp=GraspType.FRONT_270)
[EXEC] Placing at [-0.6000000000000001, 0.8250000000000003, 0.5] with grasp front_270

[INFO] Found 1792 potential configurations.
[WARN] No valid configuration found (all tested configs invalid).
[EXEC] Action ActionType.PLACE executed in 2.66 seconds
[ERROR] Action ActionType.PLACE failed for object /column2
Action failed ! time elapsed: 0.001
[LOG] Transition logged to MongoDB: 0fe6c8f8-aac0-463b-8ef8-9e3bfa407804 - Episode 0
Step 3
Selected action: Action(ActionType.PLACE, obj=/column2, slot=/goal_0,grasp=None) with motion param: top_0
here
Action: Action(ActionType.PLACE, obj=/column2, slot=/goal_0,grasp=GraspType.TOP_0)
[EXEC] Placing at [-0.27499999999999986, 0.8250000000000005, 0.5] with grasp top_0

[INFO] Found 3072 potential configurations.
[ERROR] Motion failed (collision or invalid path)
[ERROR] Motion result: no_path
[WARN] Failed to find a path to the selected place config on attempt 1.
[WARN] No path found to selected place config, discarding and trying next valid config...
[INFO] Motion completed successfully with result: success,in execution time: 9.52 seconds
[INFO] Found a reachable configuration for place action after 2 attempts.
[INFO] Place action completed successfully.
realigning placed object /column2 to target position
[EXEC] Action ActionType.PLACE executed in 47.91 seconds
[SUCCESS] Action ActionType.PLACE succeeded for object /column2
[LOG] Transition logged to MongoDB: 0fe6c8f8-aac0-463b-8ef8-9e3bfa407804 - Episode 0
Step 4
Selected action: Action(ActionType.PICK, obj=/column0, slot=None,grasp=GraspType.FRONT_270) with motion param: left_0
here
Action: Action(ActionType.PICK, obj=/column0, slot=None,grasp=GraspType.LEFT_0)
[EXEC] Picking /column0 with left_0

[INFO] Found 1152 potential configurations.
[WARN] No valid configuration found (all tested configs invalid).
[EXEC] Action ActionType.PICK executed in 1.61 seconds
[ERROR] Action ActionType.PICK failed for object /column0
Action failed ! time elapsed: 0.001
[LOG] Transition logged to MongoDB: 0fe6c8f8-aac0-463b-8ef8-9e3bfa407804 - Episode 0
Step 5
Selected action: Action(ActionType.PICK, obj=/column1, slot=None,grasp=GraspType.FRONT_270) with motion param: right_0
here
Action: Action(ActionType.PICK, obj=/column1, slot=None,grasp=GraspType.RIGHT_0)
[EXEC] Picking /column1 with right_0

[INFO] Found 3456 potential configurations.
[INFO] Motion completed successfully with result: success,in execution time: 9.48 seconds
[INFO] Found a reachable configuration for pick action after 1 attempts.
Tip distance after pick: 0.02010946142164633
[INFO] Pick action completed successfully.in execution time: 9.48 seconds
[EXEC] Action ActionType.PICK executed in 25.07 seconds
[SUCCESS] Action ActionType.PICK succeeded for object /column1
[LOG] Transition logged to MongoDB: 0fe6c8f8-aac0-463b-8ef8-9e3bfa407804 - Episode 0
Step 6
Selected action: Action(ActionType.PLACE, obj=/column1, slot=/goal_1,grasp=GraspType.TOP_0) with motion param: front_270
here
Action: Action(ActionType.PLACE, obj=/column1, slot=/goal_1,grasp=GraspType.FRONT_270)
[EXEC] Placing at [-0.2749999999999999, 1.0750000000000006, 0.5] with grasp front_270

[INFO] Found 2496 potential configurations.
[ERROR] Motion failed (collision or invalid path)
[ERROR] Motion result: no_path
[WARN] Failed to find a path to the selected place config on attempt 1.
[WARN] No path found to selected place config, discarding and trying next valid config...
[INFO] Motion completed successfully with result: success,in execution time: 9.20 seconds
[INFO] Found a reachable configuration for place action after 2 attempts.
[INFO] Place action completed successfully.
realigning placed object /column1 to target position
[EXEC] Action ActionType.PLACE executed in 36.94 seconds
[SUCCESS] Action ActionType.PLACE succeeded for object /column1
[LOG] Transition logged to MongoDB: 0fe6c8f8-aac0-463b-8ef8-9e3bfa407804 - Episode 0
Step 7
Selected action: Action(ActionType.PICK, obj=/column2, slot=None,grasp=GraspType.TOP_0) with motion param: right_0
here
Action: Action(ActionType.PICK, obj=/column2, slot=None,grasp=GraspType.RIGHT_0)
[EXEC] Picking /column2 with right_0

[INFO] Found 3136 potential configurations.
[INFO] Motion completed successfully with result: success,in execution time: 3.68 seconds
[INFO] Found a reachable configuration for pick action after 1 attempts.
Tip distance after pick: 0.02105987078135782
[INFO] Pick action completed successfully.in execution time: 3.68 seconds
[EXEC] Action ActionType.PICK executed in 22.11 seconds
[SUCCESS] Action ActionType.PICK succeeded for object /column2
[LOG] Transition logged to MongoDB: 0fe6c8f8-aac0-463b-8ef8-9e3bfa407804 - Episode 0
Step 8
Selected action: Action(ActionType.PLACE, obj=/column2, slot=/goal_2,grasp=GraspType.FRONT_270) with motion param: right_0
here
Action: Action(ActionType.PLACE, obj=/column2, slot=/goal_2,grasp=GraspType.RIGHT_0)
[EXEC] Placing at [-0.6000000000000001, 0.8250000000000003, 0.5] with grasp right_0

[INFO] Found 2112 potential configurations.
[INFO] Motion completed successfully with result: success,in execution time: 1.52 seconds
[INFO] Found a reachable configuration for place action after 1 attempts.
[INFO] Place action completed successfully.
realigning placed object /column2 to target position
[EXEC] Action ActionType.PLACE executed in 27.46 seconds
[SUCCESS] Action ActionType.PLACE succeeded for object /column2
[LOG] Transition logged to MongoDB: 0fe6c8f8-aac0-463b-8ef8-9e3bfa407804 - Episode 0
Step 9
Selected action: Action(ActionType.PICK, obj=/column1, slot=None,grasp=GraspType.RIGHT_0) with motion param: front_270
here
Action: Action(ActionType.PICK, obj=/column1, slot=None,grasp=GraspType.FRONT_270)
[EXEC] Picking /column1 with front_270

[INFO] Found 1984 potential configurations.
[INFO] Motion completed successfully with result: success,in execution time: 3.04 seconds
[INFO] Found a reachable configuration for pick action after 1 attempts.
Tip distance after pick: 0.020429151228810366
[INFO] Pick action completed successfully.in execution time: 3.04 seconds
[EXEC] Action ActionType.PICK executed in 30.91 seconds
[SUCCESS] Action ActionType.PICK succeeded for object /column1
[LOG] Transition logged to MongoDB: 0fe6c8f8-aac0-463b-8ef8-9e3bfa407804 - Episode 0
Step 10
Selected action: Action(ActionType.PLACE, obj=/column1, slot=/region_0,grasp=GraspType.FRONT_270) with motion param: front_270
here
Action: Action(ActionType.PLACE, obj=/column1, slot=/region_0,grasp=GraspType.FRONT_270)
[EXEC] Placing at [0.35, 0.8, 0.521] with grasp front_270

[INFO] Found 4352 potential configurations.
[INFO] Motion completed successfully with result: success,in execution time: 9.28 seconds
[INFO] Found a reachable configuration for place action after 1 attempts.
[INFO] Place action completed successfully.
realigning placed object /column1 to target position
[EXEC] Action ActionType.PLACE executed in 42.77 seconds
[SUCCESS] Action ActionType.PLACE succeeded for object /column1
[LOG] Transition logged to MongoDB: 0fe6c8f8-aac0-463b-8ef8-9e3bfa407804 - Episode 0
Step 11
Selected action: Action(ActionType.PICK, obj=/column0, slot=None,grasp=GraspType.LEFT_0) with motion param: left_0
here
Action: Action(ActionType.PICK, obj=/column0, slot=None,grasp=GraspType.LEFT_0)
[EXEC] Picking /column0 with left_0

[INFO] Found 1152 potential configurations.
[WARN] No valid configuration found (all tested configs invalid).
[EXEC] Action ActionType.PICK executed in 1.96 seconds
[ERROR] Action ActionType.PICK failed for object /column0
Action failed ! time elapsed: 0.001
[LOG] Transition logged to MongoDB: 0fe6c8f8-aac0-463b-8ef8-9e3bfa407804 - Episode 0
Step 12
Selected action: Action(ActionType.PICK, obj=/column2, slot=None,grasp=GraspType.RIGHT_0) with motion param: front_270
here
Action: Action(ActionType.PICK, obj=/column2, slot=None,grasp=GraspType.FRONT_270)
[EXEC] Picking /column2 with front_270

[INFO] Found 1664 potential configurations.
[WARN] No valid configuration found (all tested configs invalid).
[EXEC] Action ActionType.PICK executed in 2.26 seconds
[ERROR] Action ActionType.PICK failed for object /column2
Action failed ! time elapsed: 0.001
[LOG] Transition logged to MongoDB: 0fe6c8f8-aac0-463b-8ef8-9e3bfa407804 - Episode 0
Step 13
Selected action: Action(ActionType.PICK, obj=/column2, slot=None,grasp=GraspType.FRONT_270) with motion param: front_270
here
Action: Action(ActionType.PICK, obj=/column2, slot=None,grasp=GraspType.FRONT_270)
[EXEC] Picking /column2 with front_270

[INFO] Found 1984 potential configurations.
[WARN] No valid configuration found (all tested configs invalid).
[EXEC] Action ActionType.PICK executed in 2.41 seconds
[ERROR] Action ActionType.PICK failed for object /column2
Action failed ! time elapsed: 0.001
[LOG] Transition logged to MongoDB: 0fe6c8f8-aac0-463b-8ef8-9e3bfa407804 - Episode 0
Step 14
Selected action: Action(ActionType.PICK, obj=/column2, slot=None,grasp=GraspType.FRONT_270) with motion param: right_0
here
Action: Action(ActionType.PICK, obj=/column2, slot=None,grasp=GraspType.RIGHT_0)
[EXEC] Picking /column2 with right_0

[INFO] Found 1280 potential configurations.
[INFO] Motion completed successfully with result: success,in execution time: 2.24 seconds
[INFO] Found a reachable configuration for pick action after 1 attempts.
Tip distance after pick: 0.02057461038102561
[INFO] Pick action completed successfully.in execution time: 2.24 seconds
[EXEC] Action ActionType.PICK executed in 19.99 seconds
[SUCCESS] Action ActionType.PICK succeeded for object /column2
[LOG] Transition logged to MongoDB: 0fe6c8f8-aac0-463b-8ef8-9e3bfa407804 - Episode 0
Step 15
Selected action: Action(ActionType.PLACE, obj=/column2, slot=/goal_0,grasp=GraspType.TOP_0) with motion param: right_0
here
Action: Action(ActionType.PLACE, obj=/column2, slot=/goal_0,grasp=GraspType.RIGHT_0)
[EXEC] Placing at [-0.27499999999999986, 0.8250000000000005, 0.5] with grasp right_0

[INFO] Found 2624 potential configurations.
[INFO] Motion completed successfully with result: success,in execution time: 1.52 seconds
[INFO] Found a reachable configuration for place action after 1 attempts.
[INFO] Place action completed successfully.
realigning placed object /column2 to target position
[EXEC] Action ActionType.PLACE executed in 29.72 seconds
[SUCCESS] Action ActionType.PLACE succeeded for object /column2
[LOG] Transition logged to MongoDB: 0fe6c8f8-aac0-463b-8ef8-9e3bfa407804 - Episode 0
Step 16
Selected action: Action(ActionType.PICK, obj=/column0, slot=None,grasp=GraspType.LEFT_0) with motion param: left_0
here
Action: Action(ActionType.PICK, obj=/column0, slot=None,grasp=GraspType.LEFT_0)
[EXEC] Picking /column0 with left_0

[INFO] Found 768 potential configurations.
[WARN] No valid configuration found (all tested configs invalid).
[EXEC] Action ActionType.PICK executed in 1.64 seconds
[ERROR] Action ActionType.PICK failed for object /column0
Action failed ! time elapsed: 0.001
[LOG] Transition logged to MongoDB: 0fe6c8f8-aac0-463b-8ef8-9e3bfa407804 - Episode 0
Step 17
Selected action: Action(ActionType.PICK, obj=/column1, slot=None,grasp=GraspType.FRONT_270) with motion param: right_0
here
Action: Action(ActionType.PICK, obj=/column1, slot=None,grasp=GraspType.RIGHT_0)
[EXEC] Picking /column1 with right_0

[INFO] Found 2816 potential configurations.
[INFO] Motion completed successfully with result: success,in execution time: 4.80 seconds
[INFO] Found a reachable configuration for pick action after 1 attempts.
Tip distance after pick: 0.019374370797595065
[INFO] Pick action completed successfully.in execution time: 4.80 seconds
[EXEC] Action ActionType.PICK executed in 22.96 seconds
[SUCCESS] Action ActionType.PICK succeeded for object /column1
[LOG] Transition logged to MongoDB: 0fe6c8f8-aac0-463b-8ef8-9e3bfa407804 - Episode 0
Step 18
Selected action: Action(ActionType.PLACE, obj=/column1, slot=/region_2,grasp=None) with motion param: right_0
here
Action: Action(ActionType.PLACE, obj=/column1, slot=/region_2,grasp=GraspType.RIGHT_0)
[EXEC] Placing at [0.6, 0.80001, 0.5] with grasp right_0
[ERROR] No IK configurations found for desired place pose.
[EXEC] Action ActionType.PLACE executed in 1.02 seconds
[ERROR] Action ActionType.PLACE failed for object /column1
Action failed ! time elapsed: 0.001
[LOG] Transition logged to MongoDB: 0fe6c8f8-aac0-463b-8ef8-9e3bfa407804 - Episode 0
Step 19
Selected action: Action(ActionType.PLACE, obj=/column1, slot=/goal_2,grasp=GraspType.RIGHT_0) with motion param: front_270
here
Action: Action(ActionType.PLACE, obj=/column1, slot=/goal_2,grasp=GraspType.FRONT_270)
[EXEC] Placing at [-0.6000000000000001, 0.8250000000000003, 0.5] with grasp front_270

[INFO] Found 2240 potential configurations.
[WARN] No valid configuration found (all tested configs invalid).
[EXEC] Action ActionType.PLACE executed in 3.32 seconds
[ERROR] Action ActionType.PLACE failed for object /column1
Action failed ! time elapsed: 0.001
[LOG] Transition logged to MongoDB: 0fe6c8f8-aac0-463b-8ef8-9e3bfa407804 - Episode 0
Step 20
Selected action: Action(ActionType.PLACE, obj=/column1, slot=/goal_1,grasp=GraspType.FRONT_270) with motion param: front_270
here
Action: Action(ActionType.PLACE, obj=/column1, slot=/goal_1,grasp=GraspType.FRONT_270)
[EXEC] Placing at [-0.2749999999999999, 1.0750000000000006, 0.5] with grasp front_270

[INFO] Found 1344 potential configurations.
[INFO] Motion completed successfully with result: success,in execution time: 10.56 seconds
[INFO] Found a reachable configuration for place action after 1 attempts.
[INFO] Place action completed successfully.
realigning placed object /column1 to target position
[EXEC] Action ActionType.PLACE executed in 42.58 seconds
[SUCCESS] Action ActionType.PLACE succeeded for object /column1
[LOG] Transition logged to MongoDB: 0fe6c8f8-aac0-463b-8ef8-9e3bfa407804 - Episode 0
Step 21
Selected action: Action(ActionType.PICK, obj=/column0, slot=None,grasp=GraspType.LEFT_0) with motion param: front_270
here
Action: Action(ActionType.PICK, obj=/column0, slot=None,grasp=GraspType.FRONT_270)
[EXEC] Picking /column0 with front_270

[INFO] Found 1792 potential configurations.
[INFO] Motion completed successfully with result: success,in execution time: 9.28 seconds
[INFO] Found a reachable configuration for pick action after 1 attempts.
Tip distance after pick: 0.0193199731862735
[INFO] Pick action completed successfully.in execution time: 9.28 seconds
[EXEC] Action ActionType.PICK executed in 40.88 seconds
[SUCCESS] Action ActionType.PICK succeeded for object /column0
[LOG] Transition logged to MongoDB: 0fe6c8f8-aac0-463b-8ef8-9e3bfa407804 - Episode 0
Step 22
Selected action: Action(ActionType.PLACE, obj=/column0, slot=/region_2,grasp=GraspType.LEFT_0) with motion param: top_0
here
Action: Action(ActionType.PLACE, obj=/column0, slot=/region_2,grasp=GraspType.TOP_0)
[EXEC] Placing at [0.6, 0.80001, 0.5] with grasp top_0

[INFO] Found 1280 potential configurations.
[ERROR] Motion failed (collision or invalid path)
[ERROR] Motion result: no_path
[WARN] Failed to find a path to the selected place config on attempt 1.
[WARN] No path found to selected place config, discarding and trying next valid config...
[ERROR] Motion failed (collision or invalid path)
[ERROR] Motion result: no_path
[WARN] Failed to find a path to the selected place config on attempt 2.
[WARN] No path found to selected place config, discarding and trying next valid config...
[ERROR] Motion failed (collision or invalid path)
[ERROR] Motion result: no_path
[WARN] Failed to find a path to the selected place config on attempt 3.
[WARN] No path found to selected place config, discarding and trying next valid config...
[ERROR] Max IK attempts reached, place action failed.
[EXEC] Action ActionType.PLACE executed in 22.33 seconds
[ERROR] Action ActionType.PLACE failed for object /column0
Action failed ! time elapsed: 0.001
[LOG] Transition logged to MongoDB: 0fe6c8f8-aac0-463b-8ef8-9e3bfa407804 - Episode 0
Step 23
Selected action: Action(ActionType.PLACE, obj=/column0, slot=/region_0,grasp=None) with motion param: right_0
here
Action: Action(ActionType.PLACE, obj=/column0, slot=/region_0,grasp=GraspType.RIGHT_0)
[EXEC] Placing at [0.35, 0.8, 0.521] with grasp right_0

[INFO] Found 3072 potential configurations.
[ERROR] Motion failed (collision or invalid path)
[ERROR] Motion result: no_path
[WARN] Failed to find a path to the selected place config on attempt 1.
[WARN] No path found to selected place config, discarding and trying next valid config...
[INFO] Motion completed successfully with result: success,in execution time: 7.56 seconds
[INFO] Found a reachable configuration for place action after 2 attempts.
[INFO] Place action completed successfully.
realigning placed object /column0 to target position
[EXEC] Action ActionType.PLACE executed in 36.08 seconds
[SUCCESS] Action ActionType.PLACE succeeded for object /column0
[LOG] Transition logged to MongoDB: 0fe6c8f8-aac0-463b-8ef8-9e3bfa407804 - Episode 0
Step 24
Selected action: Action(ActionType.PICK, obj=/column0, slot=None,grasp=GraspType.FRONT_270) with motion param: right_0
here
Action: Action(ActionType.PICK, obj=/column0, slot=None,grasp=GraspType.RIGHT_0)
[EXEC] Picking /column0 with right_0

[INFO] Found 2944 potential configurations.
[INFO] Motion completed successfully with result: success,in execution time: 1.68 seconds
[INFO] Found a reachable configuration for pick action after 1 attempts.
Tip distance after pick: 0.020541812448053615
[INFO] Pick action completed successfully.in execution time: 1.68 seconds
[EXEC] Action ActionType.PICK executed in 19.90 seconds
[SUCCESS] Action ActionType.PICK succeeded for object /column0
[LOG] Transition logged to MongoDB: 0fe6c8f8-aac0-463b-8ef8-9e3bfa407804 - Episode 0
Step 25
Selected action: Action(ActionType.PLACE, obj=/column0, slot=/goal_2,grasp=GraspType.FRONT_270) with motion param: top_0
here
Action: Action(ActionType.PLACE, obj=/column0, slot=/goal_2,grasp=GraspType.TOP_0)
[EXEC] Placing at [-0.6000000000000001, 0.8250000000000003, 0.5] with grasp top_0

[INFO] Found 3008 potential configurations.
[WARN] No valid configuration found (all tested configs invalid).
[EXEC] Action ActionType.PLACE executed in 3.07 seconds
[ERROR] Action ActionType.PLACE failed for object /column0
Action failed ! time elapsed: 0.001
[LOG] Transition logged to MongoDB: 0fe6c8f8-aac0-463b-8ef8-9e3bfa407804 - Episode 0
Step 26
Selected action: Action(ActionType.PLACE, obj=/column0, slot=/goal_2,grasp=GraspType.TOP_0) with motion param: top_0
here
Action: Action(ActionType.PLACE, obj=/column0, slot=/goal_2,grasp=GraspType.TOP_0)
[EXEC] Placing at [-0.6000000000000001, 0.8250000000000003, 0.5] with grasp top_0

[INFO] Found 3712 potential configurations.
[WARN] No valid configuration found (all tested configs invalid).
[EXEC] Action ActionType.PLACE executed in 5.13 seconds
[ERROR] Action ActionType.PLACE failed for object /column0
Action failed ! time elapsed: 0.001
[LOG] Transition logged to MongoDB: 0fe6c8f8-aac0-463b-8ef8-9e3bfa407804 - Episode 0
Step 27
Selected action: Action(ActionType.PLACE, obj=/column0, slot=/region_0,grasp=GraspType.RIGHT_0) with motion param: right_0
here
Action: Action(ActionType.PLACE, obj=/column0, slot=/region_0,grasp=GraspType.RIGHT_0)
[EXEC] Placing at [0.35, 0.8, 0.521] with grasp right_0

[INFO] Found 1920 potential configurations.
[INFO] Motion completed successfully with result: success,in execution time: 0.56 seconds
[INFO] Found a reachable configuration for place action after 1 attempts.
[INFO] Place action completed successfully.
realigning placed object /column0 to target position
[EXEC] Action ActionType.PLACE executed in 23.21 seconds
[SUCCESS] Action ActionType.PLACE succeeded for object /column0
[LOG] Transition logged to MongoDB: 0fe6c8f8-aac0-463b-8ef8-9e3bfa407804 - Episode 0
Step 28
Selected action: Action(ActionType.PICK, obj=/column0, slot=None,grasp=GraspType.RIGHT_0) with motion param: right_0
here
Action: Action(ActionType.PICK, obj=/column0, slot=None,grasp=GraspType.RIGHT_0)
[EXEC] Picking /column0 with right_0

[INFO] Found 3776 potential configurations.
[INFO] Motion completed successfully with result: success,in execution time: 1.68 seconds
[INFO] Found a reachable configuration for pick action after 1 attempts.
Tip distance after pick: 0.020209534217364645
[INFO] Pick action completed successfully.in execution time: 1.68 seconds
[EXEC] Action ActionType.PICK executed in 17.89 seconds
[SUCCESS] Action ActionType.PICK succeeded for object /column0
[LOG] Transition logged to MongoDB: 0fe6c8f8-aac0-463b-8ef8-9e3bfa407804 - Episode 0
Step 29
Selected action: Action(ActionType.PLACE, obj=/column0, slot=/region_2,grasp=GraspType.TOP_0) with motion param: left_0
here
Action: Action(ActionType.PLACE, obj=/column0, slot=/region_2,grasp=GraspType.LEFT_0)
[EXEC] Placing at [0.6, 0.80001, 0.5] with grasp left_0

[INFO] Found 2944 potential configurations.
[INFO] Motion completed successfully with result: success,in execution time: 5.28 seconds
[INFO] Found a reachable configuration for place action after 1 attempts.
[INFO] Place action completed successfully.
realigning placed object /column0 to target position
[EXEC] Action ActionType.PLACE executed in 28.13 seconds
[SUCCESS] Action ActionType.PLACE succeeded for object /column0
[LOG] Transition logged to MongoDB: 0fe6c8f8-aac0-463b-8ef8-9e3bfa407804 - Episode 0
Pilot run finished, resetting scene
Leaving object if held
Pilot run 3
Step 0
Selected action: Action(ActionType.PICK, obj=/column2, slot=None,grasp=GraspType.RIGHT_0) with motion param: top_0
here
Action: Action(ActionType.PICK, obj=/column2, slot=None,grasp=GraspType.TOP_0)
[EXEC] Picking /column2 with top_0

[INFO] Found 2048 potential configurations.
[INFO] Motion completed successfully with result: success,in execution time: 3.84 seconds
[INFO] Found a reachable configuration for pick action after 1 attempts.
Tip distance after pick: 0.026638901915834682
[INFO] Pick action completed successfully.in execution time: 3.84 seconds
[EXEC] Action ActionType.PICK executed in 27.59 seconds
[SUCCESS] Action ActionType.PICK succeeded for object /column2
[LOG] Transition logged to MongoDB: 0fe6c8f8-aac0-463b-8ef8-9e3bfa407804 - Episode 0
Step 1
Selected action: Action(ActionType.PLACE, obj=/column2, slot=/goal_1,grasp=GraspType.LEFT_0) with motion param: right_0
here
Action: Action(ActionType.PLACE, obj=/column2, slot=/goal_1,grasp=GraspType.RIGHT_0)
[EXEC] Placing at [-0.2749999999999999, 1.0750000000000006, 0.5] with grasp right_0

[INFO] Found 1792 potential configurations.
[INFO] Motion completed successfully with result: success,in execution time: 8.68 seconds
[INFO] Found a reachable configuration for place action after 1 attempts.
[INFO] Place action completed successfully.
realigning placed object /column2 to target position
[EXEC] Action ActionType.PLACE executed in 51.03 seconds
[SUCCESS] Action ActionType.PLACE succeeded for object /column2
[LOG] Transition logged to MongoDB: 0fe6c8f8-aac0-463b-8ef8-9e3bfa407804 - Episode 0
Step 2
Selected action: Action(ActionType.PICK, obj=/column0, slot=None,grasp=GraspType.RIGHT_0) with motion param: top_0
here
Action: Action(ActionType.PICK, obj=/column0, slot=None,grasp=GraspType.TOP_0)
[EXEC] Picking /column0 with top_0

[INFO] Found 128 potential configurations.
[WARN] No valid configuration found (all tested configs invalid).
[EXEC] Action ActionType.PICK executed in 5.95 seconds
[ERROR] Action ActionType.PICK failed for object /column0
Action failed ! time elapsed: 0.001
[LOG] Transition logged to MongoDB: 0fe6c8f8-aac0-463b-8ef8-9e3bfa407804 - Episode 0
Step 3
Selected action: Action(ActionType.PICK, obj=/column0, slot=None,grasp=GraspType.TOP_0) with motion param: front_270
here
Action: Action(ActionType.PICK, obj=/column0, slot=None,grasp=GraspType.FRONT_270)
[EXEC] Picking /column0 with front_270

[INFO] Found 1152 potential configurations.
[INFO] Motion completed successfully with result: success,in execution time: 4.44 seconds
[INFO] Found a reachable configuration for pick action after 1 attempts.
Tip distance after pick: 0.02015952856236653
[INFO] Pick action completed successfully.in execution time: 4.44 seconds
[EXEC] Action ActionType.PICK executed in 20.64 seconds
[SUCCESS] Action ActionType.PICK succeeded for object /column0
[LOG] Transition logged to MongoDB: 0fe6c8f8-aac0-463b-8ef8-9e3bfa407804 - Episode 0
Step 4
Selected action: Action(ActionType.PLACE, obj=/column0, slot=/region_2,grasp=GraspType.LEFT_0) with motion param: top_0
here
Action: Action(ActionType.PLACE, obj=/column0, slot=/region_2,grasp=GraspType.TOP_0)
[EXEC] Placing at [0.6, 0.80001, 0.5] with grasp top_0

[INFO] Found 1152 potential configurations.
[INFO] Motion completed successfully with result: success,in execution time: 4.04 seconds
[INFO] Found a reachable configuration for place action after 1 attempts.
[INFO] Place action completed successfully.
realigning placed object /column0 to target position
[EXEC] Action ActionType.PLACE executed in 23.64 seconds
[SUCCESS] Action ActionType.PLACE succeeded for object /column0
[LOG] Transition logged to MongoDB: 0fe6c8f8-aac0-463b-8ef8-9e3bfa407804 - Episode 0
Step 5
Selected action: Action(ActionType.PICK, obj=/column2, slot=None,grasp=GraspType.TOP_0) with motion param: right_0
here
Action: Action(ActionType.PICK, obj=/column2, slot=None,grasp=GraspType.RIGHT_0)
[EXEC] Picking /column2 with right_0

[INFO] Found 1216 potential configurations.
[WARN] No valid configuration found (all tested configs invalid).
[EXEC] Action ActionType.PICK executed in 1.54 seconds
[ERROR] Action ActionType.PICK failed for object /column2
Action failed ! time elapsed: 0.001
[LOG] Transition logged to MongoDB: 0fe6c8f8-aac0-463b-8ef8-9e3bfa407804 - Episode 0
Step 6
Selected action: Action(ActionType.PICK, obj=/column0, slot=None,grasp=GraspType.FRONT_270) with motion param: top_0
here
Action: Action(ActionType.PICK, obj=/column0, slot=None,grasp=GraspType.TOP_0)
[EXEC] Picking /column0 with top_0

[INFO] Found 2496 potential configurations.
[INFO] Motion completed successfully with result: success,in execution time: 1.76 seconds
[INFO] Found a reachable configuration for pick action after 1 attempts.
Tip distance after pick: 0.026515653526074583
[INFO] Pick action completed successfully.in execution time: 1.76 seconds
[EXEC] Action ActionType.PICK executed in 13.65 seconds
[SUCCESS] Action ActionType.PICK succeeded for object /column0
[LOG] Transition logged to MongoDB: 0fe6c8f8-aac0-463b-8ef8-9e3bfa407804 - Episode 0
Step 7
Selected action: Action(ActionType.PLACE, obj=/column0, slot=/region_1,grasp=GraspType.RIGHT_0) with motion param: top_0
here
Action: Action(ActionType.PLACE, obj=/column0, slot=/region_1,grasp=GraspType.TOP_0)
[EXEC] Placing at [0.6, 1.075, 0.5] with grasp top_0

[INFO] Found 384 potential configurations.
[WARN] No valid configuration found (all tested configs invalid).
[EXEC] Action ActionType.PLACE executed in 1.27 seconds
[ERROR] Action ActionType.PLACE failed for object /column0
Action failed ! time elapsed: 0.001
[LOG] Transition logged to MongoDB: 0fe6c8f8-aac0-463b-8ef8-9e3bfa407804 - Episode 0
Step 8
Selected action: Action(ActionType.PLACE, obj=/column0, slot=/region_2,grasp=GraspType.TOP_0) with motion param: top_0
here
Action: Action(ActionType.PLACE, obj=/column0, slot=/region_2,grasp=GraspType.TOP_0)
[EXEC] Placing at [0.6, 0.80001, 0.5] with grasp top_0

[INFO] Found 1984 potential configurations.
[INFO] Motion completed successfully with result: success,in execution time: 0.36 seconds
[INFO] Found a reachable configuration for place action after 1 attempts.
[INFO] Place action completed successfully.
realigning placed object /column0 to target position
[EXEC] Action ActionType.PLACE executed in 16.13 seconds
[SUCCESS] Action ActionType.PLACE succeeded for object /column0
[LOG] Transition logged to MongoDB: 0fe6c8f8-aac0-463b-8ef8-9e3bfa407804 - Episode 0
Step 9
Selected action: Action(ActionType.PICK, obj=/column1, slot=None,grasp=GraspType.RIGHT_0) with motion param: right_0
here
Action: Action(ActionType.PICK, obj=/column1, slot=None,grasp=GraspType.RIGHT_0)
[EXEC] Picking /column1 with right_0

[INFO] Found 2816 potential configurations.
[WARN] No valid configuration found (all tested configs invalid).
[EXEC] Action ActionType.PICK executed in 3.61 seconds
[ERROR] Action ActionType.PICK failed for object /column1
Action failed ! time elapsed: 0.001
[LOG] Transition logged to MongoDB: 0fe6c8f8-aac0-463b-8ef8-9e3bfa407804 - Episode 0
Step 10
Selected action: Action(ActionType.PICK, obj=/column2, slot=None,grasp=GraspType.RIGHT_0) with motion param: left_0
here
Action: Action(ActionType.PICK, obj=/column2, slot=None,grasp=GraspType.LEFT_0)
[EXEC] Picking /column2 with left_0
[ERROR] No IK configurations found for desired pick pose.
[EXEC] Action ActionType.PICK executed in 1.02 seconds
[ERROR] Action ActionType.PICK failed for object /column2
Action failed ! time elapsed: 0.001
[LOG] Transition logged to MongoDB: 0fe6c8f8-aac0-463b-8ef8-9e3bfa407804 - Episode 0
Step 11
Selected action: Action(ActionType.PICK, obj=/column1, slot=None,grasp=GraspType.RIGHT_0) with motion param: front_270
here
Action: Action(ActionType.PICK, obj=/column1, slot=None,grasp=GraspType.FRONT_270)
[EXEC] Picking /column1 with front_270

[INFO] Found 2304 potential configurations.
[INFO] Motion completed successfully with result: success,in execution time: 3.72 seconds
[INFO] Found a reachable configuration for pick action after 1 attempts.
Tip distance after pick: 0.02146285308231796
[INFO] Pick action completed successfully.in execution time: 3.72 seconds
[EXEC] Action ActionType.PICK executed in 19.63 seconds
[SUCCESS] Action ActionType.PICK succeeded for object /column1
[LOG] Transition logged to MongoDB: 0fe6c8f8-aac0-463b-8ef8-9e3bfa407804 - Episode 0
Step 12
Selected action: Action(ActionType.PLACE, obj=/column1, slot=/region_0,grasp=GraspType.FRONT_270) with motion param: top_0
here
Action: Action(ActionType.PLACE, obj=/column1, slot=/region_0,grasp=GraspType.TOP_0)
[EXEC] Placing at [0.35, 0.8, 0.521] with grasp top_0

[INFO] Found 4032 potential configurations.
[INFO] Motion completed successfully with result: success,in execution time: 3.80 seconds
[INFO] Found a reachable configuration for place action after 1 attempts.
[INFO] Place action completed successfully.
realigning placed object /column1 to target position
[EXEC] Action ActionType.PLACE executed in 26.78 seconds
[SUCCESS] Action ActionType.PLACE succeeded for object /column1
[LOG] Transition logged to MongoDB: 0fe6c8f8-aac0-463b-8ef8-9e3bfa407804 - Episode 0
Step 13
Selected action: Action(ActionType.PICK, obj=/column0, slot=None,grasp=GraspType.TOP_0) with motion param: top_0
here
Action: Action(ActionType.PICK, obj=/column0, slot=None,grasp=GraspType.TOP_0)
[EXEC] Picking /column0 with top_0

[INFO] Found 1728 potential configurations.
[INFO] Motion completed successfully with result: success,in execution time: 1.56 seconds
[INFO] Found a reachable configuration for pick action after 1 attempts.
Tip distance after pick: 0.027206560688606427
[INFO] Pick action completed successfully.in execution time: 1.56 seconds
[EXEC] Action ActionType.PICK executed in 21.89 seconds
[SUCCESS] Action ActionType.PICK succeeded for object /column0
[LOG] Transition logged to MongoDB: 0fe6c8f8-aac0-463b-8ef8-9e3bfa407804 - Episode 0
Step 14
Selected action: Action(ActionType.PLACE, obj=/column0, slot=/region_1,grasp=GraspType.TOP_0) with motion param: top_0
here
Action: Action(ActionType.PLACE, obj=/column0, slot=/region_1,grasp=GraspType.TOP_0)
[EXEC] Placing at [0.6, 1.075, 0.5] with grasp top_0

[INFO] Found 192 potential configurations.
[WARN] No valid configuration found (all tested configs invalid).
[EXEC] Action ActionType.PLACE executed in 1.20 seconds
[ERROR] Action ActionType.PLACE failed for object /column0
Action failed ! time elapsed: 0.001
[LOG] Transition logged to MongoDB: 0fe6c8f8-aac0-463b-8ef8-9e3bfa407804 - Episode 0
Step 15
Selected action: Action(ActionType.PLACE, obj=/column0, slot=/region_1,grasp=GraspType.TOP_0) with motion param: front_270
here
Action: Action(ActionType.PLACE, obj=/column0, slot=/region_1,grasp=GraspType.FRONT_270)
[EXEC] Placing at [0.6, 1.075, 0.5] with grasp front_270

[INFO] Found 1152 potential configurations.
[INFO] Motion completed successfully with result: success,in execution time: 4.00 seconds
[INFO] Found a reachable configuration for place action after 1 attempts.
[INFO] Place action completed successfully.
realigning placed object /column0 to target position
[EXEC] Action ActionType.PLACE executed in 28.97 seconds
[SUCCESS] Action ActionType.PLACE succeeded for object /column0
[LOG] Transition logged to MongoDB: 0fe6c8f8-aac0-463b-8ef8-9e3bfa407804 - Episode 0
Step 16
Selected action: Action(ActionType.PICK, obj=/column2, slot=None,grasp=GraspType.LEFT_0) with motion param: front_270
here
Action: Action(ActionType.PICK, obj=/column2, slot=None,grasp=GraspType.FRONT_270)
[EXEC] Picking /column2 with front_270

[INFO] Found 2688 potential configurations.
[INFO] Motion completed successfully with result: success,in execution time: 9.08 seconds
[INFO] Found a reachable configuration for pick action after 1 attempts.
Tip distance after pick: 0.0205958217117275
[INFO] Pick action completed successfully.in execution time: 9.08 seconds
[EXEC] Action ActionType.PICK executed in 47.85 seconds
[SUCCESS] Action ActionType.PICK succeeded for object /column2
[LOG] Transition logged to MongoDB: 0fe6c8f8-aac0-463b-8ef8-9e3bfa407804 - Episode 0
Step 17
Selected action: Action(ActionType.PLACE, obj=/column2, slot=/goal_2,grasp=GraspType.RIGHT_0) with motion param: front_270
here
Action: Action(ActionType.PLACE, obj=/column2, slot=/goal_2,grasp=GraspType.FRONT_270)
[EXEC] Placing at [-0.6000000000000001, 0.8250000000000003, 0.5] with grasp front_270

[INFO] Found 2816 potential configurations.
[WARN] No valid configuration found (all tested configs invalid).
[EXEC] Action ActionType.PLACE executed in 3.40 seconds
[ERROR] Action ActionType.PLACE failed for object /column2
Action failed ! time elapsed: 0.001
[LOG] Transition logged to MongoDB: 0fe6c8f8-aac0-463b-8ef8-9e3bfa407804 - Episode 0
Step 18
Selected action: Action(ActionType.PLACE, obj=/column2, slot=/region_2,grasp=GraspType.TOP_0) with motion param: right_0
here
Action: Action(ActionType.PLACE, obj=/column2, slot=/region_2,grasp=GraspType.RIGHT_0)
[EXEC] Placing at [0.6, 0.80001, 0.5] with grasp right_0
[ERROR] No IK configurations found for desired place pose.
[EXEC] Action ActionType.PLACE executed in 1.02 seconds
[ERROR] Action ActionType.PLACE failed for object /column2
Action failed ! time elapsed: 0.001
[LOG] Transition logged to MongoDB: 0fe6c8f8-aac0-463b-8ef8-9e3bfa407804 - Episode 0
Step 19
Selected action: Action(ActionType.PLACE, obj=/column2, slot=/goal_1,grasp=GraspType.RIGHT_0) with motion param: front_270
here
Action: Action(ActionType.PLACE, obj=/column2, slot=/goal_1,grasp=GraspType.FRONT_270)
[EXEC] Placing at [-0.2749999999999999, 1.0750000000000006, 0.5] with grasp front_270

[INFO] Found 2368 potential configurations.
[INFO] Motion completed successfully with result: success,in execution time: 0.48 seconds
[INFO] Found a reachable configuration for place action after 1 attempts.
[INFO] Place action completed successfully.
realigning placed object /column2 to target position
[EXEC] Action ActionType.PLACE executed in 14.41 seconds
[SUCCESS] Action ActionType.PLACE succeeded for object /column2
[LOG] Transition logged to MongoDB: 0fe6c8f8-aac0-463b-8ef8-9e3bfa407804 - Episode 0
Step 20
Selected action: Action(ActionType.PICK, obj=/column2, slot=None,grasp=GraspType.FRONT_270) with motion param: right_0
here
Action: Action(ActionType.PICK, obj=/column2, slot=None,grasp=GraspType.RIGHT_0)
[EXEC] Picking /column2 with right_0

[INFO] Found 960 potential configurations.
[ERROR] Motion failed (collision or invalid path)
[ERROR] Motion result: no_path
[WARN] Failed to find a path to the selected pick config on attempt 1.
[WARN] No path found to picked config, discarding and trying next valid config...
[ERROR] Motion failed (collision or invalid path)
[ERROR] Motion result: no_path
[WARN] Failed to find a path to the selected pick config on attempt 2.
[WARN] No path found to picked config, discarding and trying next valid config...
[ERROR] Motion failed (collision or invalid path)
[ERROR] Motion result: no_path
[WARN] Failed to find a path to the selected pick config on attempt 3.
[WARN] No path found to picked config, discarding and trying next valid config...
[ERROR] Max IK attempts reached, pick action failed.
[EXEC] Action ActionType.PICK executed in 20.75 seconds
[ERROR] Action ActionType.PICK failed for object /column2
Action failed ! time elapsed: 0.001
[LOG] Transition logged to MongoDB: 0fe6c8f8-aac0-463b-8ef8-9e3bfa407804 - Episode 0
Step 21
Selected action: Action(ActionType.PICK, obj=/column1, slot=None,grasp=GraspType.FRONT_270) with motion param: top_0
here
Action: Action(ActionType.PICK, obj=/column1, slot=None,grasp=GraspType.TOP_0)
[EXEC] Picking /column1 with top_0

[INFO] Found 3136 potential configurations.
[INFO] Motion completed successfully with result: success,in execution time: 5.20 seconds
[INFO] Found a reachable configuration for pick action after 1 attempts.
Tip distance after pick: 0.028145653154411535
[INFO] Pick action completed successfully.in execution time: 5.20 seconds
[EXEC] Action ActionType.PICK executed in 21.47 seconds
[SUCCESS] Action ActionType.PICK succeeded for object /column1
[LOG] Transition logged to MongoDB: 0fe6c8f8-aac0-463b-8ef8-9e3bfa407804 - Episode 0
Step 22
Selected action: Action(ActionType.PLACE, obj=/column1, slot=/region_0,grasp=GraspType.TOP_0) with motion param: right_0
here
Action: Action(ActionType.PLACE, obj=/column1, slot=/region_0,grasp=GraspType.RIGHT_0)
[EXEC] Placing at [0.35, 0.8, 0.521] with grasp right_0

[INFO] Found 3392 potential configurations.
[INFO] Motion completed successfully with result: success,in execution time: 3.12 seconds
[INFO] Found a reachable configuration for place action after 1 attempts.
[INFO] Place action completed successfully.
realigning placed object /column1 to target position
[EXEC] Action ActionType.PLACE executed in 33.98 seconds
[SUCCESS] Action ActionType.PLACE succeeded for object /column1
[LOG] Transition logged to MongoDB: 0fe6c8f8-aac0-463b-8ef8-9e3bfa407804 - Episode 0
Step 23
Selected action: Action(ActionType.PICK, obj=/column1, slot=None,grasp=GraspType.TOP_0) with motion param: right_0
here
Action: Action(ActionType.PICK, obj=/column1, slot=None,grasp=GraspType.RIGHT_0)
[EXEC] Picking /column1 with right_0

[INFO] Found 2368 potential configurations.
[INFO] Motion completed successfully with result: success,in execution time: 1.68 seconds
[INFO] Found a reachable configuration for pick action after 1 attempts.
Tip distance after pick: 0.020671810124067217
[INFO] Pick action completed successfully.in execution time: 1.68 seconds
[EXEC] Action ActionType.PICK executed in 25.57 seconds
[SUCCESS] Action ActionType.PICK succeeded for object /column1
[LOG] Transition logged to MongoDB: 0fe6c8f8-aac0-463b-8ef8-9e3bfa407804 - Episode 0
Step 24
Selected action: Action(ActionType.PLACE, obj=/column1, slot=/region_0,grasp=GraspType.RIGHT_0) with motion param: left_0
here
Action: Action(ActionType.PLACE, obj=/column1, slot=/region_0,grasp=GraspType.LEFT_0)
[EXEC] Placing at [0.35, 0.8, 0.521] with grasp left_0

[INFO] Found 2240 potential configurations.
[INFO] Motion completed successfully with result: success,in execution time: 5.32 seconds
[INFO] Found a reachable configuration for place action after 1 attempts.
[INFO] Place action completed successfully.
realigning placed object /column1 to target position
[EXEC] Action ActionType.PLACE executed in 29.70 seconds
[SUCCESS] Action ActionType.PLACE succeeded for object /column1
[LOG] Transition logged to MongoDB: 0fe6c8f8-aac0-463b-8ef8-9e3bfa407804 - Episode 0
Step 25
Selected action: Action(ActionType.PICK, obj=/column1, slot=None,grasp=GraspType.RIGHT_0) with motion param: right_0
here
Action: Action(ActionType.PICK, obj=/column1, slot=None,grasp=GraspType.RIGHT_0)
[EXEC] Picking /column1 with right_0

[INFO] Found 1792 potential configurations.
[INFO] Motion completed successfully with result: success,in execution time: 5.32 seconds
[INFO] Found a reachable configuration for pick action after 1 attempts.
Tip distance after pick: 0.01985068963246521
[INFO] Pick action completed successfully.in execution time: 5.32 seconds
[EXEC] Action ActionType.PICK executed in 28.72 seconds
[SUCCESS] Action ActionType.PICK succeeded for object /column1
[LOG] Transition logged to MongoDB: 0fe6c8f8-aac0-463b-8ef8-9e3bfa407804 - Episode 0
Step 26
Selected action: Action(ActionType.PLACE, obj=/column1, slot=/goal_2,grasp=GraspType.FRONT_270) with motion param: front_270
here
Action: Action(ActionType.PLACE, obj=/column1, slot=/goal_2,grasp=GraspType.FRONT_270)
[EXEC] Placing at [-0.6000000000000001, 0.8250000000000003, 0.5] with grasp front_270

[INFO] Found 1856 potential configurations.
[WARN] No valid configuration found (all tested configs invalid).
[EXEC] Action ActionType.PLACE executed in 3.53 seconds
[ERROR] Action ActionType.PLACE failed for object /column1
Action failed ! time elapsed: 0.001
[LOG] Transition logged to MongoDB: 0fe6c8f8-aac0-463b-8ef8-9e3bfa407804 - Episode 0
Step 27
Selected action: Action(ActionType.PLACE, obj=/column1, slot=/goal_2,grasp=GraspType.FRONT_270) with motion param: top_0
here
Action: Action(ActionType.PLACE, obj=/column1, slot=/goal_2,grasp=GraspType.TOP_0)
[EXEC] Placing at [-0.6000000000000001, 0.8250000000000003, 0.5] with grasp top_0

[INFO] Found 1344 potential configurations.
[WARN] No valid configuration found (all tested configs invalid).
[EXEC] Action ActionType.PLACE executed in 2.61 seconds
[ERROR] Action ActionType.PLACE failed for object /column1
Action failed ! time elapsed: 0.001
[LOG] Transition logged to MongoDB: 0fe6c8f8-aac0-463b-8ef8-9e3bfa407804 - Episode 0
Step 28
Selected action: Action(ActionType.PLACE, obj=/column1, slot=/region_0,grasp=GraspType.LEFT_0) with motion param: right_0
here
Action: Action(ActionType.PLACE, obj=/column1, slot=/region_0,grasp=GraspType.RIGHT_0)
[EXEC] Placing at [0.35, 0.8, 0.521] with grasp right_0

[INFO] Found 2496 potential configurations.
[INFO] Motion completed successfully with result: success,in execution time: 0.64 seconds
[INFO] Found a reachable configuration for place action after 1 attempts.
[INFO] Place action completed successfully.
realigning placed object /column1 to target position
[EXEC] Action ActionType.PLACE executed in 25.50 seconds
[SUCCESS] Action ActionType.PLACE succeeded for object /column1
[LOG] Transition logged to MongoDB: 0fe6c8f8-aac0-463b-8ef8-9e3bfa407804 - Episode 0
Step 29
Selected action: Action(ActionType.PICK, obj=/column1, slot=None,grasp=GraspType.RIGHT_0) with motion param: right_0
here
Action: Action(ActionType.PICK, obj=/column1, slot=None,grasp=GraspType.RIGHT_0)
[EXEC] Picking /column1 with right_0

[INFO] Found 2880 potential configurations.
[INFO] Motion completed successfully with result: success,in execution time: 1.68 seconds
[INFO] Found a reachable configuration for pick action after 1 attempts.
Tip distance after pick: 0.0202269007804793
[INFO] Pick action completed successfully.in execution time: 1.68 seconds
[EXEC] Action ActionType.PICK executed in 18.32 seconds
[SUCCESS] Action ActionType.PICK succeeded for object /column1
[LOG] Transition logged to MongoDB: 0fe6c8f8-aac0-463b-8ef8-9e3bfa407804 - Episode 0
Pilot run finished, resetting scene
Leaving object if held
Pilot run 4
Step 0
Selected action: Action(ActionType.PICK, obj=/column2, slot=None,grasp=GraspType.RIGHT_0) with motion param: top_0
here
Action: Action(ActionType.PICK, obj=/column2, slot=None,grasp=GraspType.TOP_0)
[EXEC] Picking /column2 with top_0

[INFO] Found 1600 potential configurations.
[INFO] Motion completed successfully with result: success,in execution time: 3.84 seconds
[INFO] Found a reachable configuration for pick action after 1 attempts.
Tip distance after pick: 0.027591076351826022
[INFO] Pick action completed successfully.in execution time: 3.84 seconds
[EXEC] Action ActionType.PICK executed in 17.83 seconds
[SUCCESS] Action ActionType.PICK succeeded for object /column2
[LOG] Transition logged to MongoDB: 0fe6c8f8-aac0-463b-8ef8-9e3bfa407804 - Episode 0
Step 1
Selected action: Action(ActionType.PLACE, obj=/column2, slot=/goal_1,grasp=GraspType.FRONT_270) with motion param: right_0
here
Action: Action(ActionType.PLACE, obj=/column2, slot=/goal_1,grasp=GraspType.RIGHT_0)
[EXEC] Placing at [-0.2749999999999999, 1.0750000000000006, 0.5] with grasp right_0

[INFO] Found 2048 potential configurations.
[ERROR] Motion failed (collision or invalid path)
[ERROR] Motion result: no_path
[WARN] Failed to find a path to the selected place config on attempt 1.
[WARN] No path found to selected place config, discarding and trying next valid config...
[INFO] Motion completed successfully with result: success,in execution time: 6.56 seconds
[INFO] Found a reachable configuration for place action after 2 attempts.
[INFO] Place action completed successfully.
realigning placed object /column2 to target position
[EXEC] Action ActionType.PLACE executed in 28.71 seconds
[SUCCESS] Action ActionType.PLACE succeeded for object /column2
[LOG] Transition logged to MongoDB: 0fe6c8f8-aac0-463b-8ef8-9e3bfa407804 - Episode 0
Step 2
Selected action: Action(ActionType.PICK, obj=/column2, slot=None,grasp=GraspType.TOP_0) with motion param: front_270
here
Action: Action(ActionType.PICK, obj=/column2, slot=None,grasp=GraspType.FRONT_270)
[EXEC] Picking /column2 with front_270

[INFO] Found 4032 potential configurations.
[INFO] Motion completed successfully with result: success,in execution time: 3.68 seconds
[INFO] Found a reachable configuration for pick action after 1 attempts.
Tip distance after pick: 0.02116074512227672
[INFO] Pick action completed successfully.in execution time: 3.68 seconds
[EXEC] Action ActionType.PICK executed in 20.54 seconds
[SUCCESS] Action ActionType.PICK succeeded for object /column2
[LOG] Transition logged to MongoDB: 0fe6c8f8-aac0-463b-8ef8-9e3bfa407804 - Episode 0
Step 3
Selected action: Action(ActionType.PLACE, obj=/column2, slot=/goal_1,grasp=GraspType.RIGHT_0) with motion param: left_0
here
Action: Action(ActionType.PLACE, obj=/column2, slot=/goal_1,grasp=GraspType.LEFT_0)
[EXEC] Placing at [-0.2749999999999999, 1.0750000000000006, 0.5] with grasp left_0

[INFO] Found 576 potential configurations.
[WARN] No valid configuration found (all tested configs invalid).
[EXEC] Action ActionType.PLACE executed in 6.06 seconds
[ERROR] Action ActionType.PLACE failed for object /column2
Action failed ! time elapsed: 0.001
[LOG] Transition logged to MongoDB: 0fe6c8f8-aac0-463b-8ef8-9e3bfa407804 - Episode 0
Step 4
Selected action: Action(ActionType.PLACE, obj=/column2, slot=/goal_0,grasp=GraspType.RIGHT_0) with motion param: front_270
here
Action: Action(ActionType.PLACE, obj=/column2, slot=/goal_0,grasp=GraspType.FRONT_270)
[EXEC] Placing at [-0.27499999999999986, 0.8250000000000005, 0.5] with grasp front_270

[INFO] Found 3584 potential configurations.
[INFO] Motion completed successfully with result: success,in execution time: 1.68 seconds
[INFO] Found a reachable configuration for place action after 1 attempts.
[INFO] Place action completed successfully.
realigning placed object /column2 to target position
[EXEC] Action ActionType.PLACE executed in 17.84 seconds
[SUCCESS] Action ActionType.PLACE succeeded for object /column2
[LOG] Transition logged to MongoDB: 0fe6c8f8-aac0-463b-8ef8-9e3bfa407804 - Episode 0
Step 5
Selected action: Action(ActionType.PICK, obj=/column1, slot=None,grasp=GraspType.RIGHT_0) with motion param: left_0
here
Action: Action(ActionType.PICK, obj=/column1, slot=None,grasp=GraspType.LEFT_0)
[EXEC] Picking /column1 with left_0

[INFO] Found 1152 potential configurations.
[WARN] No valid configuration found (all tested configs invalid).
[EXEC] Action ActionType.PICK executed in 1.81 seconds
[ERROR] Action ActionType.PICK failed for object /column1
Action failed ! time elapsed: 0.001
[LOG] Transition logged to MongoDB: 0fe6c8f8-aac0-463b-8ef8-9e3bfa407804 - Episode 0
Step 6
Selected action: Action(ActionType.PICK, obj=/column0, slot=None,grasp=GraspType.TOP_0) with motion param: top_0
here
Action: Action(ActionType.PICK, obj=/column0, slot=None,grasp=GraspType.TOP_0)
[EXEC] Picking /column0 with top_0

[INFO] Found 3200 potential configurations.
[INFO] Motion completed successfully with result: success,in execution time: 6.28 seconds
[INFO] Found a reachable configuration for pick action after 1 attempts.
Tip distance after pick: 0.02819410284172389
[INFO] Pick action completed successfully.in execution time: 6.28 seconds
[EXEC] Action ActionType.PICK executed in 24.69 seconds
[SUCCESS] Action ActionType.PICK succeeded for object /column0
[LOG] Transition logged to MongoDB: 0fe6c8f8-aac0-463b-8ef8-9e3bfa407804 - Episode 0
Step 7
Selected action: Action(ActionType.PLACE, obj=/column0, slot=/region_2,grasp=GraspType.TOP_0) with motion param: front_270
here
Action: Action(ActionType.PLACE, obj=/column0, slot=/region_2,grasp=GraspType.FRONT_270)
[EXEC] Placing at [0.6, 0.80001, 0.5] with grasp front_270

[INFO] Found 2432 potential configurations.
[INFO] Motion completed successfully with result: success,in execution time: 4.20 seconds
[INFO] Found a reachable configuration for place action after 1 attempts.
[INFO] Place action completed successfully.
realigning placed object /column0 to target position
[EXEC] Action ActionType.PLACE executed in 32.79 seconds
[SUCCESS] Action ActionType.PLACE succeeded for object /column0
[LOG] Transition logged to MongoDB: 0fe6c8f8-aac0-463b-8ef8-9e3bfa407804 - Episode 0
Step 8
Selected action: Action(ActionType.PICK, obj=/column0, slot=None,grasp=GraspType.TOP_0) with motion param: left_0
here
Action: Action(ActionType.PICK, obj=/column0, slot=None,grasp=GraspType.LEFT_0)
[EXEC] Picking /column0 with left_0

[INFO] Found 2176 potential configurations.
[INFO] Motion completed successfully with result: success,in execution time: 5.24 seconds
[INFO] Found a reachable configuration for pick action after 1 attempts.
Tip distance after pick: 0.020327525649465675
[INFO] Pick action completed successfully.in execution time: 5.24 seconds
[EXEC] Action ActionType.PICK executed in 19.61 seconds
[SUCCESS] Action ActionType.PICK succeeded for object /column0
[LOG] Transition logged to MongoDB: 0fe6c8f8-aac0-463b-8ef8-9e3bfa407804 - Episode 0
Step 9
Selected action: Action(ActionType.PLACE, obj=/column0, slot=/region_0,grasp=GraspType.RIGHT_0) with motion param: left_0
here
Action: Action(ActionType.PLACE, obj=/column0, slot=/region_0,grasp=GraspType.LEFT_0)
[EXEC] Placing at [0.35, 0.8, 0.521] with grasp left_0

[INFO] Found 1856 potential configurations.
[INFO] Motion completed successfully with result: success,in execution time: 10.44 seconds
[INFO] Found a reachable configuration for place action after 1 attempts.
[INFO] Place action completed successfully.
realigning placed object /column0 to target position
[EXEC] Action ActionType.PLACE executed in 31.01 seconds
[SUCCESS] Action ActionType.PLACE succeeded for object /column0
[LOG] Transition logged to MongoDB: 0fe6c8f8-aac0-463b-8ef8-9e3bfa407804 - Episode 0
Step 10
Selected action: Action(ActionType.PICK, obj=/column1, slot=None,grasp=GraspType.LEFT_0) with motion param: top_0
here
Action: Action(ActionType.PICK, obj=/column1, slot=None,grasp=GraspType.TOP_0)
[EXEC] Picking /column1 with top_0

[INFO] Found 256 potential configurations.
[WARN] No valid configuration found (all tested configs invalid).
[EXEC] Action ActionType.PICK executed in 7.76 seconds
[ERROR] Action ActionType.PICK failed for object /column1
Action failed ! time elapsed: 0.001
[LOG] Transition logged to MongoDB: 0fe6c8f8-aac0-463b-8ef8-9e3bfa407804 - Episode 0
Step 11
Selected action: Action(ActionType.PICK, obj=/column1, slot=None,grasp=GraspType.TOP_0) with motion param: top_0
here
Action: Action(ActionType.PICK, obj=/column1, slot=None,grasp=GraspType.TOP_0)
[EXEC] Picking /column1 with top_0

[INFO] Found 320 potential configurations.
[WARN] No valid configuration found (all tested configs invalid).
[EXEC] Action ActionType.PICK executed in 10.62 seconds
[ERROR] Action ActionType.PICK failed for object /column1
Action failed ! time elapsed: 0.001
[LOG] Transition logged to MongoDB: 0fe6c8f8-aac0-463b-8ef8-9e3bfa407804 - Episode 0
Step 12
Selected action: Action(ActionType.PICK, obj=/column1, slot=None,grasp=GraspType.TOP_0) with motion param: top_0
here
Action: Action(ActionType.PICK, obj=/column1, slot=None,grasp=GraspType.TOP_0)
[EXEC] Picking /column1 with top_0

[INFO] Found 256 potential configurations.
[WARN] No valid configuration found (all tested configs invalid).
[EXEC] Action ActionType.PICK executed in 7.80 seconds
[ERROR] Action ActionType.PICK failed for object /column1
Action failed ! time elapsed: 0.001
[LOG] Transition logged to MongoDB: 0fe6c8f8-aac0-463b-8ef8-9e3bfa407804 - Episode 0
Step 13
Selected action: Action(ActionType.PICK, obj=/column0, slot=None,grasp=GraspType.LEFT_0) with motion param: left_0
here
Action: Action(ActionType.PICK, obj=/column0, slot=None,grasp=GraspType.LEFT_0)
[EXEC] Picking /column0 with left_0

[INFO] Found 1984 potential configurations.
[INFO] Motion completed successfully with result: success,in execution time: 1.88 seconds
[INFO] Found a reachable configuration for pick action after 1 attempts.
Tip distance after pick: 0.021096181187064928
[INFO] Pick action completed successfully.in execution time: 1.88 seconds
[EXEC] Action ActionType.PICK executed in 12.56 seconds
[SUCCESS] Action ActionType.PICK succeeded for object /column0
[LOG] Transition logged to MongoDB: 0fe6c8f8-aac0-463b-8ef8-9e3bfa407804 - Episode 0
Step 14
Selected action: Action(ActionType.PLACE, obj=/column0, slot=/region_0,grasp=GraspType.LEFT_0) with motion param: top_0
here
Action: Action(ActionType.PLACE, obj=/column0, slot=/region_0,grasp=GraspType.TOP_0)
[EXEC] Placing at [0.35, 0.8, 0.521] with grasp top_0

[INFO] Found 4608 potential configurations.
[INFO] Motion completed successfully with result: success,in execution time: 3.28 seconds
[INFO] Found a reachable configuration for place action after 1 attempts.
[INFO] Place action completed successfully.
realigning placed object /column0 to target position
[EXEC] Action ActionType.PLACE executed in 20.08 seconds
[SUCCESS] Action ActionType.PLACE succeeded for object /column0
[LOG] Transition logged to MongoDB: 0fe6c8f8-aac0-463b-8ef8-9e3bfa407804 - Episode 0
Step 15
Selected action: Action(ActionType.PICK, obj=/column0, slot=None,grasp=GraspType.LEFT_0) with motion param: top_0
here
Action: Action(ActionType.PICK, obj=/column0, slot=None,grasp=GraspType.TOP_0)
[EXEC] Picking /column0 with top_0

[INFO] Found 3904 potential configurations.
[INFO] Motion completed successfully with result: success,in execution time: 1.80 seconds
[INFO] Found a reachable configuration for pick action after 1 attempts.
Tip distance after pick: 0.028983517428126312
[INFO] Pick action completed successfully.in execution time: 1.80 seconds
[EXEC] Action ActionType.PICK executed in 20.70 seconds
[SUCCESS] Action ActionType.PICK succeeded for object /column0
[LOG] Transition logged to MongoDB: 0fe6c8f8-aac0-463b-8ef8-9e3bfa407804 - Episode 0
Step 16
Selected action: Action(ActionType.PLACE, obj=/column0, slot=/goal_2,grasp=GraspType.TOP_0) with motion param: top_0
here
Action: Action(ActionType.PLACE, obj=/column0, slot=/goal_2,grasp=GraspType.TOP_0)
[EXEC] Placing at [-0.6000000000000001, 0.8250000000000003, 0.5] with grasp top_0

[INFO] Found 2304 potential configurations.
[WARN] No valid configuration found (all tested configs invalid).
[EXEC] Action ActionType.PLACE executed in 3.35 seconds
[ERROR] Action ActionType.PLACE failed for object /column0
Action failed ! time elapsed: 0.001
[LOG] Transition logged to MongoDB: 0fe6c8f8-aac0-463b-8ef8-9e3bfa407804 - Episode 0
Step 17
Selected action: Action(ActionType.PLACE, obj=/column0, slot=/goal_2,grasp=GraspType.TOP_0) with motion param: right_0
here
Action: Action(ActionType.PLACE, obj=/column0, slot=/goal_2,grasp=GraspType.RIGHT_0)
[EXEC] Placing at [-0.6000000000000001, 0.8250000000000003, 0.5] with grasp right_0

[INFO] Found 1856 potential configurations.
[INFO] Motion completed successfully with result: success,in execution time: 3.68 seconds
[INFO] Found a reachable configuration for place action after 1 attempts.
[INFO] Place action completed successfully.
realigning placed object /column0 to target position
[EXEC] Action ActionType.PLACE executed in 21.54 seconds
[SUCCESS] Action ActionType.PLACE succeeded for object /column0
[LOG] Transition logged to MongoDB: 0fe6c8f8-aac0-463b-8ef8-9e3bfa407804 - Episode 0
Step 18
Selected action: Action(ActionType.PICK, obj=/column2, slot=None,grasp=GraspType.FRONT_270) with motion param: top_0
here
Action: Action(ActionType.PICK, obj=/column2, slot=None,grasp=GraspType.TOP_0)
[EXEC] Picking /column2 with top_0

[INFO] Found 4992 potential configurations.
[INFO] Motion completed successfully with result: success,in execution time: 2.96 seconds
[INFO] Found a reachable configuration for pick action after 1 attempts.
Tip distance after pick: 0.027814435881138924
[INFO] Pick action completed successfully.in execution time: 2.96 seconds
[EXEC] Action ActionType.PICK executed in 14.58 seconds
[SUCCESS] Action ActionType.PICK succeeded for object /column2
[LOG] Transition logged to MongoDB: 0fe6c8f8-aac0-463b-8ef8-9e3bfa407804 - Episode 0
Step 19
Selected action: Action(ActionType.PLACE, obj=/column2, slot=/goal_0,grasp=GraspType.FRONT_270) with motion param: right_0
here
Action: Action(ActionType.PLACE, obj=/column2, slot=/goal_0,grasp=GraspType.RIGHT_0)
[EXEC] Placing at [-0.27499999999999986, 0.8250000000000005, 0.5] with grasp right_0

[INFO] Found 2560 potential configurations.
[ERROR] Motion failed (collision or invalid path)
[ERROR] Motion result: no_path
[WARN] Failed to find a path to the selected place config on attempt 1.
[WARN] No path found to selected place config, discarding and trying next valid config...
[INFO] Motion completed successfully with result: success,in execution time: 10.08 seconds
[INFO] Found a reachable configuration for place action after 2 attempts.
[INFO] Place action completed successfully.
realigning placed object /column2 to target position
[EXEC] Action ActionType.PLACE executed in 41.26 seconds
[SUCCESS] Action ActionType.PLACE succeeded for object /column2
[LOG] Transition logged to MongoDB: 0fe6c8f8-aac0-463b-8ef8-9e3bfa407804 - Episode 0
Step 20
Selected action: Action(ActionType.PICK, obj=/column0, slot=None,grasp=GraspType.TOP_0) with motion param: left_0
here
Action: Action(ActionType.PICK, obj=/column0, slot=None,grasp=GraspType.LEFT_0)
[EXEC] Picking /column0 with left_0
[ERROR] No IK configurations found for desired pick pose.
[EXEC] Action ActionType.PICK executed in 1.02 seconds
[ERROR] Action ActionType.PICK failed for object /column0
Action failed ! time elapsed: 0.001
[LOG] Transition logged to MongoDB: 0fe6c8f8-aac0-463b-8ef8-9e3bfa407804 - Episode 0
Step 21
Selected action: Action(ActionType.PICK, obj=/column1, slot=None,grasp=GraspType.TOP_0) with motion param: front_270
here
Action: Action(ActionType.PICK, obj=/column1, slot=None,grasp=GraspType.FRONT_270)
[EXEC] Picking /column1 with front_270

[INFO] Found 2688 potential configurations.
[INFO] Motion completed successfully with result: success,in execution time: 8.44 seconds
[INFO] Found a reachable configuration for pick action after 1 attempts.
Tip distance after pick: 0.01942907203885192
[INFO] Pick action completed successfully.in execution time: 8.44 seconds
[EXEC] Action ActionType.PICK executed in 30.88 seconds
[SUCCESS] Action ActionType.PICK succeeded for object /column1
[LOG] Transition logged to MongoDB: 0fe6c8f8-aac0-463b-8ef8-9e3bfa407804 - Episode 0
Step 22
Selected action: Action(ActionType.PLACE, obj=/column1, slot=/goal_1,grasp=GraspType.FRONT_270) with motion param: top_0
here
Action: Action(ActionType.PLACE, obj=/column1, slot=/goal_1,grasp=GraspType.TOP_0)
[EXEC] Placing at [-0.2749999999999999, 1.0750000000000006, 0.5] with grasp top_0

[INFO] Found 1728 potential configurations.
[INFO] Motion completed successfully with result: success,in execution time: 9.44 seconds
[INFO] Found a reachable configuration for place action after 1 attempts.
[INFO] Place action completed successfully.
realigning placed object /column1 to target position
[EXEC] Action ActionType.PLACE executed in 38.24 seconds
[SUCCESS] Action ActionType.PLACE succeeded for object /column1
[LOG] Transition logged to MongoDB: 0fe6c8f8-aac0-463b-8ef8-9e3bfa407804 - Episode 0
[LOG] Saving episode 0 to episode_00000_0fe6c8f8-aac0-463b-8ef8-9e3bfa407804.yaml
[LOG] Episode saved: rl/dataset/episode_00000_0fe6c8f8-aac0-463b-8ef8-9e3bfa407804.yaml
[LOG] Episode reset
Step 23
Selected action: Action(ActionType.PICK, obj=/column2, slot=None,grasp=GraspType.TOP_0) with motion param: right_0
here
Action: Action(ActionType.PICK, obj=/column2, slot=None,grasp=GraspType.RIGHT_0)
[EXEC] Picking /column2 with right_0

[INFO] Found 1472 potential configurations.
[INFO] Motion completed successfully with result: success,in execution time: 3.12 seconds
[INFO] Found a reachable configuration for pick action after 1 attempts.
Tip distance after pick: 0.02121795172453145
[INFO] Pick action completed successfully.in execution time: 3.12 seconds
[EXEC] Action ActionType.PICK executed in 20.42 seconds
[SUCCESS] Action ActionType.PICK succeeded for object /column2
[LOG] Transition logged to MongoDB: 0fe6c8f8-aac0-463b-8ef8-9e3bfa407804 - Episode 1
[LOG] Saving episode 1 to episode_00001_0fe6c8f8-aac0-463b-8ef8-9e3bfa407804.yaml
[LOG] Episode saved: rl/dataset/episode_00001_0fe6c8f8-aac0-463b-8ef8-9e3bfa407804.yaml
[LOG] Episode reset
Step 24
Selected action: Action(ActionType.PLACE, obj=/column2, slot=/goal_0,grasp=GraspType.RIGHT_0) with motion param: top_0
here
Action: Action(ActionType.PLACE, obj=/column2, slot=/goal_0,grasp=GraspType.TOP_0)
[EXEC] Placing at [-0.27499999999999986, 0.8250000000000005, 0.5] with grasp top_0

[INFO] Found 4480 potential configurations.
[INFO] Motion completed successfully with result: success,in execution time: 3.12 seconds
[INFO] Found a reachable configuration for place action after 1 attempts.
[INFO] Place action completed successfully.
realigning placed object /column2 to target position
[EXEC] Action ActionType.PLACE executed in 26.93 seconds
[SUCCESS] Action ActionType.PLACE succeeded for object /column2
[LOG] Transition logged to MongoDB: 0fe6c8f8-aac0-463b-8ef8-9e3bfa407804 - Episode 2
[LOG] Saving episode 2 to episode_00002_0fe6c8f8-aac0-463b-8ef8-9e3bfa407804.yaml
[LOG] Episode saved: rl/dataset/episode_00002_0fe6c8f8-aac0-463b-8ef8-9e3bfa407804.yaml
[LOG] Episode reset
Step 25
Selected action: Action(ActionType.PICK, obj=/column1, slot=None,grasp=GraspType.FRONT_270) with motion param: right_0
here
Action: Action(ActionType.PICK, obj=/column1, slot=None,grasp=GraspType.RIGHT_0)
[EXEC] Picking /column1 with right_0

[INFO] Found 1088 potential configurations.
[WARN] No valid configuration found (all tested configs invalid).
[EXEC] Action ActionType.PICK executed in 1.97 seconds
[ERROR] Action ActionType.PICK failed for object /column1
Action failed ! time elapsed: 0.001
[LOG] Transition logged to MongoDB: 0fe6c8f8-aac0-463b-8ef8-9e3bfa407804 - Episode 3
[LOG] Saving episode 3 to episode_00003_0fe6c8f8-aac0-463b-8ef8-9e3bfa407804.yaml
[LOG] Episode saved: rl/dataset/episode_00003_0fe6c8f8-aac0-463b-8ef8-9e3bfa407804.yaml
[LOG] Episode reset
Step 26
Selected action: Action(ActionType.PICK, obj=/column2, slot=None,grasp=GraspType.RIGHT_0) with motion param: left_0
here
Action: Action(ActionType.PICK, obj=/column2, slot=None,grasp=GraspType.LEFT_0)
[EXEC] Picking /column2 with left_0

[INFO] Found 2304 potential configurations.
[WARN] No valid configuration found (all tested configs invalid).
[EXEC] Action ActionType.PICK executed in 3.44 seconds
[ERROR] Action ActionType.PICK failed for object /column2
Action failed ! time elapsed: 0.001
[LOG] Transition logged to MongoDB: 0fe6c8f8-aac0-463b-8ef8-9e3bfa407804 - Episode 4
[LOG] Saving episode 4 to episode_00004_0fe6c8f8-aac0-463b-8ef8-9e3bfa407804.yaml
[LOG] Episode saved: rl/dataset/episode_00004_0fe6c8f8-aac0-463b-8ef8-9e3bfa407804.yaml
[LOG] Episode reset
Step 27
Selected action: Action(ActionType.PICK, obj=/column0, slot=None,grasp=GraspType.LEFT_0) with motion param: front_270
here
Action: Action(ActionType.PICK, obj=/column0, slot=None,grasp=GraspType.FRONT_270)
[EXEC] Picking /column0 with front_270

[INFO] Found 1984 potential configurations.
[WARN] No valid configuration found (all tested configs invalid).
[EXEC] Action ActionType.PICK executed in 2.82 seconds
[ERROR] Action ActionType.PICK failed for object /column0
Action failed ! time elapsed: 0.001
[LOG] Transition logged to MongoDB: 0fe6c8f8-aac0-463b-8ef8-9e3bfa407804 - Episode 5
[LOG] Saving episode 5 to episode_00005_0fe6c8f8-aac0-463b-8ef8-9e3bfa407804.yaml
[LOG] Episode saved: rl/dataset/episode_00005_0fe6c8f8-aac0-463b-8ef8-9e3bfa407804.yaml
[LOG] Episode reset
Step 28
Selected action: Action(ActionType.PICK, obj=/column1, slot=None,grasp=GraspType.RIGHT_0) with motion param: front_270
here
Action: Action(ActionType.PICK, obj=/column1, slot=None,grasp=GraspType.FRONT_270)
[EXEC] Picking /column1 with front_270

[INFO] Found 1792 potential configurations.
[WARN] No valid configuration found (all tested configs invalid).
[EXEC] Action ActionType.PICK executed in 3.49 seconds
[ERROR] Action ActionType.PICK failed for object /column1
Action failed ! time elapsed: 0.001
[LOG] Transition logged to MongoDB: 0fe6c8f8-aac0-463b-8ef8-9e3bfa407804 - Episode 6
[LOG] Saving episode 6 to episode_00006_0fe6c8f8-aac0-463b-8ef8-9e3bfa407804.yaml
[LOG] Episode saved: rl/dataset/episode_00006_0fe6c8f8-aac0-463b-8ef8-9e3bfa407804.yaml
[LOG] Episode reset
Step 29
Selected action: Action(ActionType.PICK, obj=/column0, slot=None,grasp=GraspType.FRONT_270) with motion param: front_270
here
Action: Action(ActionType.PICK, obj=/column0, slot=None,grasp=GraspType.FRONT_270)
[EXEC] Picking /column0 with front_270

[INFO] Found 3008 potential configurations.
[WARN] No valid configuration found (all tested configs invalid).
[EXEC] Action ActionType.PICK executed in 2.94 seconds
[ERROR] Action ActionType.PICK failed for object /column0
Action failed ! time elapsed: 0.001
[LOG] Transition logged to MongoDB: 0fe6c8f8-aac0-463b-8ef8-9e3bfa407804 - Episode 7
[LOG] Saving episode 7 to episode_00007_0fe6c8f8-aac0-463b-8ef8-9e3bfa407804.yaml
[LOG] Episode saved: rl/dataset/episode_00007_0fe6c8f8-aac0-463b-8ef8-9e3bfa407804.yaml
[LOG] Episode reset
Pilot run finished, resetting scene
Leaving object if held
Pilot run 5
Step 0
Selected action: Action(ActionType.PICK, obj=/column2, slot=None,grasp=GraspType.LEFT_0) with motion param: top_0
here
Action: Action(ActionType.PICK, obj=/column2, slot=None,grasp=GraspType.TOP_0)
[EXEC] Picking /column2 with top_0

[INFO] Found 3840 potential configurations.
[INFO] Motion completed successfully with result: success,in execution time: 3.44 seconds
[INFO] Found a reachable configuration for pick action after 1 attempts.
Tip distance after pick: 0.028628124974699177
[INFO] Pick action completed successfully.in execution time: 3.44 seconds
[EXEC] Action ActionType.PICK executed in 16.83 seconds
[SUCCESS] Action ActionType.PICK succeeded for object /column2
[LOG] Transition logged to MongoDB: 0fe6c8f8-aac0-463b-8ef8-9e3bfa407804 - Episode 8
Step 1
Selected action: Action(ActionType.PLACE, obj=/column2, slot=/goal_1,grasp=GraspType.LEFT_0) with motion param: left_0
here
Action: Action(ActionType.PLACE, obj=/column2, slot=/goal_1,grasp=GraspType.LEFT_0)
[EXEC] Placing at [-0.2749999999999999, 1.0750000000000006, 0.5] with grasp left_0

[INFO] Found 192 potential configurations.
[WARN] No valid configuration found (all tested configs invalid).
[EXEC] Action ActionType.PLACE executed in 3.44 seconds
[ERROR] Action ActionType.PLACE failed for object /column2
Action failed ! time elapsed: 0.001
[LOG] Transition logged to MongoDB: 0fe6c8f8-aac0-463b-8ef8-9e3bfa407804 - Episode 8
Step 2
Selected action: Action(ActionType.PLACE, obj=/column2, slot=/goal_0,grasp=GraspType.TOP_0) with motion param: left_0
here
Action: Action(ActionType.PLACE, obj=/column2, slot=/goal_0,grasp=GraspType.LEFT_0)
[EXEC] Placing at [-0.27499999999999986, 0.8250000000000005, 0.5] with grasp left_0

[INFO] Found 4672 potential configurations.
[WARN] No valid configuration found (all tested configs invalid).
[EXEC] Action ActionType.PLACE executed in 59.14 seconds
[ERROR] Action ActionType.PLACE failed for object /column2
Action failed ! time elapsed: 0.001
[LOG] Transition logged to MongoDB: 0fe6c8f8-aac0-463b-8ef8-9e3bfa407804 - Episode 8
Step 3
Selected action: Action(ActionType.PLACE, obj=/column2, slot=/goal_1,grasp=GraspType.LEFT_0) with motion param: left_0
here
Action: Action(ActionType.PLACE, obj=/column2, slot=/goal_1,grasp=GraspType.LEFT_0)
[EXEC] Placing at [-0.2749999999999999, 1.0750000000000006, 0.5] with grasp left_0

[INFO] Found 512 potential configurations.
[WARN] No valid configuration found (all tested configs invalid).
[EXEC] Action ActionType.PLACE executed in 5.49 seconds
[ERROR] Action ActionType.PLACE failed for object /column2
Action failed ! time elapsed: 0.001
[LOG] Transition logged to MongoDB: 0fe6c8f8-aac0-463b-8ef8-9e3bfa407804 - Episode 8
Step 4
Selected action: Action(ActionType.PLACE, obj=/column2, slot=/region_0,grasp=GraspType.FRONT_270) with motion param: top_0
here
Action: Action(ActionType.PLACE, obj=/column2, slot=/region_0,grasp=GraspType.TOP_0)
[EXEC] Placing at [0.35, 0.8, 0.521] with grasp top_0

[INFO] Found 3456 potential configurations.
[INFO] Motion completed successfully with result: success,in execution time: 0.52 seconds
[INFO] Found a reachable configuration for place action after 1 attempts.
[INFO] Place action completed successfully.
realigning placed object /column2 to target position
[EXEC] Action ActionType.PLACE executed in 22.15 seconds
[SUCCESS] Action ActionType.PLACE succeeded for object /column2
[LOG] Transition logged to MongoDB: 0fe6c8f8-aac0-463b-8ef8-9e3bfa407804 - Episode 8
Step 5
Selected action: Action(ActionType.PICK, obj=/column1, slot=None,grasp=GraspType.FRONT_270) with motion param: right_0
here
Action: Action(ActionType.PICK, obj=/column1, slot=None,grasp=GraspType.RIGHT_0)
[EXEC] Picking /column1 with right_0
[ERROR] No IK configurations found for desired pick pose.
[EXEC] Action ActionType.PICK executed in 1.02 seconds
[ERROR] Action ActionType.PICK failed for object /column1
Action failed ! time elapsed: 0.001
[LOG] Transition logged to MongoDB: 0fe6c8f8-aac0-463b-8ef8-9e3bfa407804 - Episode 8
Step 6
Selected action: Action(ActionType.PICK, obj=/column0, slot=None,grasp=GraspType.FRONT_270) with motion param: front_270
here
Action: Action(ActionType.PICK, obj=/column0, slot=None,grasp=GraspType.FRONT_270)
[EXEC] Picking /column0 with front_270

[INFO] Found 1728 potential configurations.
[WARN] No valid configuration found (all tested configs invalid).
[EXEC] Action ActionType.PICK executed in 2.14 seconds
[ERROR] Action ActionType.PICK failed for object /column0
Action failed ! time elapsed: 0.001
[LOG] Transition logged to MongoDB: 0fe6c8f8-aac0-463b-8ef8-9e3bfa407804 - Episode 8
Step 7
Selected action: Action(ActionType.PICK, obj=/column0, slot=None,grasp=GraspType.FRONT_270) with motion param: front_270
here
Action: Action(ActionType.PICK, obj=/column0, slot=None,grasp=GraspType.FRONT_270)
[EXEC] Picking /column0 with front_270

[INFO] Found 2240 potential configurations.
[WARN] No valid configuration found (all tested configs invalid).
[EXEC] Action ActionType.PICK executed in 2.49 seconds
[ERROR] Action ActionType.PICK failed for object /column0
Action failed ! time elapsed: 0.001
[LOG] Transition logged to MongoDB: 0fe6c8f8-aac0-463b-8ef8-9e3bfa407804 - Episode 8
Step 8
Selected action: Action(ActionType.PICK, obj=/column0, slot=None,grasp=GraspType.FRONT_270) with motion param: top_0
here
Action: Action(ActionType.PICK, obj=/column0, slot=None,grasp=GraspType.TOP_0)
[EXEC] Picking /column0 with top_0

[INFO] Found 320 potential configurations.
[WARN] No valid configuration found (all tested configs invalid).
[EXEC] Action ActionType.PICK executed in 13.41 seconds
[ERROR] Action ActionType.PICK failed for object /column0
Action failed ! time elapsed: 0.001
[LOG] Transition logged to MongoDB: 0fe6c8f8-aac0-463b-8ef8-9e3bfa407804 - Episode 8
Step 9
Selected action: Action(ActionType.PICK, obj=/column2, slot=None,grasp=GraspType.TOP_0) with motion param: left_0
here
Action: Action(ActionType.PICK, obj=/column2, slot=None,grasp=GraspType.LEFT_0)
[EXEC] Picking /column2 with left_0

[INFO] Found 1920 potential configurations.
[INFO] Motion completed successfully with result: success,in execution time: 3.28 seconds
[INFO] Found a reachable configuration for pick action after 1 attempts.
Tip distance after pick: 0.021142518226909254
[INFO] Pick action completed successfully.in execution time: 3.28 seconds
[EXEC] Action ActionType.PICK executed in 19.27 seconds
[SUCCESS] Action ActionType.PICK succeeded for object /column2
[LOG] Transition logged to MongoDB: 0fe6c8f8-aac0-463b-8ef8-9e3bfa407804 - Episode 8
Step 10
Selected action: Action(ActionType.PLACE, obj=/column2, slot=/region_0,grasp=GraspType.TOP_0) with motion param: left_0
here
Action: Action(ActionType.PLACE, obj=/column2, slot=/region_0,grasp=GraspType.LEFT_0)
[EXEC] Placing at [0.35, 0.8, 0.521] with grasp left_0

[INFO] Found 1856 potential configurations.
[INFO] Motion completed successfully with result: success,in execution time: 0.64 seconds
[INFO] Found a reachable configuration for place action after 1 attempts.
[INFO] Place action completed successfully.
realigning placed object /column2 to target position
[EXEC] Action ActionType.PLACE executed in 12.98 seconds
[SUCCESS] Action ActionType.PLACE succeeded for object /column2
[LOG] Transition logged to MongoDB: 0fe6c8f8-aac0-463b-8ef8-9e3bfa407804 - Episode 8
Step 11
Selected action: Action(ActionType.PICK, obj=/column1, slot=None,grasp=GraspType.RIGHT_0) with motion param: front_270
here
Action: Action(ActionType.PICK, obj=/column1, slot=None,grasp=GraspType.FRONT_270)
[EXEC] Picking /column1 with front_270

[INFO] Found 3008 potential configurations.
[INFO] Motion completed successfully with result: success,in execution time: 5.36 seconds
[INFO] Found a reachable configuration for pick action after 1 attempts.
Tip distance after pick: 0.02135110146931551
[INFO] Pick action completed successfully.in execution time: 5.36 seconds
[EXEC] Action ActionType.PICK executed in 27.73 seconds
[SUCCESS] Action ActionType.PICK succeeded for object /column1
[LOG] Transition logged to MongoDB: 0fe6c8f8-aac0-463b-8ef8-9e3bfa407804 - Episode 8
Step 12
Selected action: Action(ActionType.PLACE, obj=/column1, slot=/region_2,grasp=GraspType.RIGHT_0) with motion param: top_0
here
Action: Action(ActionType.PLACE, obj=/column1, slot=/region_2,grasp=GraspType.TOP_0)
[EXEC] Placing at [0.6, 0.80001, 0.5] with grasp top_0

[INFO] Found 1408 potential configurations.
[INFO] Motion completed successfully with result: success,in execution time: 8.36 seconds
[INFO] Found a reachable configuration for place action after 1 attempts.
[INFO] Place action completed successfully.
realigning placed object /column1 to target position
[EXEC] Action ActionType.PLACE executed in 36.50 seconds
[SUCCESS] Action ActionType.PLACE succeeded for object /column1
[LOG] Transition logged to MongoDB: 0fe6c8f8-aac0-463b-8ef8-9e3bfa407804 - Episode 8
Step 13
Selected action: Action(ActionType.PICK, obj=/column0, slot=None,grasp=GraspType.TOP_0) with motion param: top_0
here
Action: Action(ActionType.PICK, obj=/column0, slot=None,grasp=GraspType.TOP_0)
[EXEC] Picking /column0 with top_0

[INFO] Found 256 potential configurations.
[WARN] No valid configuration found (all tested configs invalid).
[EXEC] Action ActionType.PICK executed in 10.46 seconds
[ERROR] Action ActionType.PICK failed for object /column0
Action failed ! time elapsed: 0.001
[LOG] Transition logged to MongoDB: 0fe6c8f8-aac0-463b-8ef8-9e3bfa407804 - Episode 8
Step 14
Selected action: Action(ActionType.PICK, obj=/column2, slot=None,grasp=GraspType.LEFT_0) with motion param: top_0
here
Action: Action(ActionType.PICK, obj=/column2, slot=None,grasp=GraspType.TOP_0)
[EXEC] Picking /column2 with top_0

[INFO] Found 3904 potential configurations.
[INFO] Motion completed successfully with result: success,in execution time: 2.08 seconds
[INFO] Found a reachable configuration for pick action after 1 attempts.
Tip distance after pick: 0.02822763481489061
[INFO] Pick action completed successfully.in execution time: 2.08 seconds
[EXEC] Action ActionType.PICK executed in 22.67 seconds
[SUCCESS] Action ActionType.PICK succeeded for object /column2
[LOG] Transition logged to MongoDB: 0fe6c8f8-aac0-463b-8ef8-9e3bfa407804 - Episode 8
Step 15
Selected action: Action(ActionType.PLACE, obj=/column2, slot=/goal_2,grasp=GraspType.FRONT_270) with motion param: top_0
here
Action: Action(ActionType.PLACE, obj=/column2, slot=/goal_2,grasp=GraspType.TOP_0)
[EXEC] Placing at [-0.6000000000000001, 0.8250000000000003, 0.5] with grasp top_0

[INFO] Found 2496 potential configurations.
[WARN] No valid configuration found (all tested configs invalid).
[EXEC] Action ActionType.PLACE executed in 3.20 seconds
[ERROR] Action ActionType.PLACE failed for object /column2
Action failed ! time elapsed: 0.001
[LOG] Transition logged to MongoDB: 0fe6c8f8-aac0-463b-8ef8-9e3bfa407804 - Episode 8
Step 16
Selected action: Action(ActionType.PLACE, obj=/column2, slot=/goal_2,grasp=GraspType.TOP_0) with motion param: left_0
here
Action: Action(ActionType.PLACE, obj=/column2, slot=/goal_2,grasp=GraspType.LEFT_0)
[EXEC] Placing at [-0.6000000000000001, 0.8250000000000003, 0.5] with grasp left_0

[INFO] Found 1600 potential configurations.
[WARN] No valid configuration found (all tested configs invalid).
[EXEC] Action ActionType.PLACE executed in 2.72 seconds
[ERROR] Action ActionType.PLACE failed for object /column2
Action failed ! time elapsed: 0.001
[LOG] Transition logged to MongoDB: 0fe6c8f8-aac0-463b-8ef8-9e3bfa407804 - Episode 8
Step 17
Selected action: Action(ActionType.PLACE, obj=/column2, slot=/goal_0,grasp=GraspType.LEFT_0) with motion param: top_0
here
Action: Action(ActionType.PLACE, obj=/column2, slot=/goal_0,grasp=GraspType.TOP_0)
[EXEC] Placing at [-0.27499999999999986, 0.8250000000000005, 0.5] with grasp top_0

[INFO] Found 2496 potential configurations.
[INFO] Motion completed successfully with result: success,in execution time: 2.12 seconds
[INFO] Found a reachable configuration for place action after 1 attempts.
[INFO] Place action completed successfully.
realigning placed object /column2 to target position
[EXEC] Action ActionType.PLACE executed in 29.63 seconds
[SUCCESS] Action ActionType.PLACE succeeded for object /column2
[LOG] Transition logged to MongoDB: 0fe6c8f8-aac0-463b-8ef8-9e3bfa407804 - Episode 8
Step 18
Selected action: Action(ActionType.PICK, obj=/column0, slot=None,grasp=GraspType.TOP_0) with motion param: right_0
here
Action: Action(ActionType.PICK, obj=/column0, slot=None,grasp=GraspType.RIGHT_0)
[EXEC] Picking /column0 with right_0
[ERROR] No IK configurations found for desired pick pose.
[EXEC] Action ActionType.PICK executed in 1.02 seconds
[ERROR] Action ActionType.PICK failed for object /column0
Action failed ! time elapsed: 0.001
[LOG] Transition logged to MongoDB: 0fe6c8f8-aac0-463b-8ef8-9e3bfa407804 - Episode 8
Step 19
Selected action: Action(ActionType.PICK, obj=/column0, slot=None,grasp=GraspType.RIGHT_0) with motion param: top_0
here
Action: Action(ActionType.PICK, obj=/column0, slot=None,grasp=GraspType.TOP_0)
[EXEC] Picking /column0 with top_0

[INFO] Found 448 potential configurations.
[WARN] No valid configuration found (all tested configs invalid).
[EXEC] Action ActionType.PICK executed in 17.49 seconds
[ERROR] Action ActionType.PICK failed for object /column0
Action failed ! time elapsed: 0.001
[LOG] Transition logged to MongoDB: 0fe6c8f8-aac0-463b-8ef8-9e3bfa407804 - Episode 8
Step 20
Selected action: Action(ActionType.PICK, obj=/column0, slot=None,grasp=GraspType.TOP_0) with motion param: left_0
here
Action: Action(ActionType.PICK, obj=/column0, slot=None,grasp=GraspType.LEFT_0)
[EXEC] Picking /column0 with left_0

[INFO] Found 768 potential configurations.
[WARN] No valid configuration found (all tested configs invalid).
[EXEC] Action ActionType.PICK executed in 1.67 seconds
[ERROR] Action ActionType.PICK failed for object /column0
Action failed ! time elapsed: 0.001
[LOG] Transition logged to MongoDB: 0fe6c8f8-aac0-463b-8ef8-9e3bfa407804 - Episode 8
Step 21
Selected action: Action(ActionType.PICK, obj=/column2, slot=None,grasp=GraspType.TOP_0) with motion param: top_0
here
Action: Action(ActionType.PICK, obj=/column2, slot=None,grasp=GraspType.TOP_0)
[EXEC] Picking /column2 with top_0

[INFO] Found 2816 potential configurations.
[INFO] Motion completed successfully with result: success,in execution time: 1.76 seconds
[INFO] Found a reachable configuration for pick action after 1 attempts.
Tip distance after pick: 0.02825284568323163
[INFO] Pick action completed successfully.in execution time: 1.76 seconds
[EXEC] Action ActionType.PICK executed in 20.43 seconds
[SUCCESS] Action ActionType.PICK succeeded for object /column2
[LOG] Transition logged to MongoDB: 0fe6c8f8-aac0-463b-8ef8-9e3bfa407804 - Episode 8
Step 22
Selected action: Action(ActionType.PLACE, obj=/column2, slot=/goal_2,grasp=GraspType.LEFT_0) with motion param: left_0
here
Action: Action(ActionType.PLACE, obj=/column2, slot=/goal_2,grasp=GraspType.LEFT_0)
[EXEC] Placing at [-0.6000000000000001, 0.8250000000000003, 0.5] with grasp left_0

[INFO] Found 2240 potential configurations.
[WARN] No valid configuration found (all tested configs invalid).
[EXEC] Action ActionType.PLACE executed in 2.35 seconds
[ERROR] Action ActionType.PLACE failed for object /column2
Action failed ! time elapsed: 0.001
[LOG] Transition logged to MongoDB: 0fe6c8f8-aac0-463b-8ef8-9e3bfa407804 - Episode 8
Step 23
Selected action: Action(ActionType.PLACE, obj=/column2, slot=/goal_1,grasp=GraspType.LEFT_0) with motion param: left_0
here
Action: Action(ActionType.PLACE, obj=/column2, slot=/goal_1,grasp=GraspType.LEFT_0)
[EXEC] Placing at [-0.2749999999999999, 1.0750000000000006, 0.5] with grasp left_0

[INFO] Found 512 potential configurations.
[WARN] No valid configuration found (all tested configs invalid).
[EXEC] Action ActionType.PLACE executed in 3.73 seconds
[ERROR] Action ActionType.PLACE failed for object /column2
Action failed ! time elapsed: 0.001
[LOG] Transition logged to MongoDB: 0fe6c8f8-aac0-463b-8ef8-9e3bfa407804 - Episode 8
Step 24
Selected action: Action(ActionType.PLACE, obj=/column2, slot=/goal_2,grasp=GraspType.LEFT_0) with motion param: left_0
here
Action: Action(ActionType.PLACE, obj=/column2, slot=/goal_2,grasp=GraspType.LEFT_0)
[EXEC] Placing at [-0.6000000000000001, 0.8250000000000003, 0.5] with grasp left_0

[INFO] Found 1600 potential configurations.
[WARN] No valid configuration found (all tested configs invalid).
[EXEC] Action ActionType.PLACE executed in 1.81 seconds
[ERROR] Action ActionType.PLACE failed for object /column2
Action failed ! time elapsed: 0.001
[LOG] Transition logged to MongoDB: 0fe6c8f8-aac0-463b-8ef8-9e3bfa407804 - Episode 8
Step 25
Selected action: Action(ActionType.PLACE, obj=/column2, slot=/goal_1,grasp=GraspType.LEFT_0) with motion param: left_0
here
Action: Action(ActionType.PLACE, obj=/column2, slot=/goal_1,grasp=GraspType.LEFT_0)
[EXEC] Placing at [-0.2749999999999999, 1.0750000000000006, 0.5] with grasp left_0

[INFO] Found 384 potential configurations.
[WARN] No valid configuration found (all tested configs invalid).
[EXEC] Action ActionType.PLACE executed in 5.81 seconds
[ERROR] Action ActionType.PLACE failed for object /column2
Action failed ! time elapsed: 0.001
[LOG] Transition logged to MongoDB: 0fe6c8f8-aac0-463b-8ef8-9e3bfa407804 - Episode 8
Step 26
Selected action: Action(ActionType.PLACE, obj=/column2, slot=/goal_1,grasp=GraspType.LEFT_0) with motion param: left_0
here
Action: Action(ActionType.PLACE, obj=/column2, slot=/goal_1,grasp=GraspType.LEFT_0)
[EXEC] Placing at [-0.2749999999999999, 1.0750000000000006, 0.5] with grasp left_0

[INFO] Found 768 potential configurations.
[WARN] No valid configuration found (all tested configs invalid).
[EXEC] Action ActionType.PLACE executed in 7.34 seconds
[ERROR] Action ActionType.PLACE failed for object /column2
Action failed ! time elapsed: 0.001
[LOG] Transition logged to MongoDB: 0fe6c8f8-aac0-463b-8ef8-9e3bfa407804 - Episode 8
Step 27
Selected action: Action(ActionType.PLACE, obj=/column2, slot=/goal_1,grasp=GraspType.LEFT_0) with motion param: top_0
here
Action: Action(ActionType.PLACE, obj=/column2, slot=/goal_1,grasp=GraspType.TOP_0)
[EXEC] Placing at [-0.2749999999999999, 1.0750000000000006, 0.5] with grasp top_0

[INFO] Found 1088 potential configurations.
[INFO] Motion completed successfully with result: success,in execution time: 1.92 seconds
[INFO] Found a reachable configuration for place action after 1 attempts.
[INFO] Place action completed successfully.
realigning placed object /column2 to target position
[EXEC] Action ActionType.PLACE executed in 23.26 seconds
[SUCCESS] Action ActionType.PLACE succeeded for object /column2
[LOG] Transition logged to MongoDB: 0fe6c8f8-aac0-463b-8ef8-9e3bfa407804 - Episode 8
Step 28
Selected action: Action(ActionType.PICK, obj=/column2, slot=None,grasp=GraspType.TOP_0) with motion param: left_0
here
Action: Action(ActionType.PICK, obj=/column2, slot=None,grasp=GraspType.LEFT_0)
[EXEC] Picking /column2 with left_0
[ERROR] No IK configurations found for desired pick pose.
[EXEC] Action ActionType.PICK executed in 1.02 seconds
[ERROR] Action ActionType.PICK failed for object /column2
Action failed ! time elapsed: 0.001
[LOG] Transition logged to MongoDB: 0fe6c8f8-aac0-463b-8ef8-9e3bfa407804 - Episode 8
Step 29
Selected action: Action(ActionType.PICK, obj=/column0, slot=None,grasp=GraspType.LEFT_0) with motion param: top_0
here
Action: Action(ActionType.PICK, obj=/column0, slot=None,grasp=GraspType.TOP_0)
[EXEC] Picking /column0 with top_0

[INFO] Found 192 potential configurations.
[WARN] No valid configuration found (all tested configs invalid).
[EXEC] Action ActionType.PICK executed in 8.01 seconds
[ERROR] Action ActionType.PICK failed for object /column0
Action failed ! time elapsed: 0.001
[LOG] Transition logged to MongoDB: 0fe6c8f8-aac0-463b-8ef8-9e3bfa407804 - Episode 8
Pilot run finished, resetting scene
Leaving object if held
Pilot run 6
Step 0
Selected action: Action(ActionType.PICK, obj=/column1, slot=None,grasp=GraspType.FRONT_270) with motion param: right_0
here
Action: Action(ActionType.PICK, obj=/column1, slot=None,grasp=GraspType.RIGHT_0)
[EXEC] Picking /column1 with right_0

[INFO] Found 3840 potential configurations.
[WARN] No valid configuration found (all tested configs invalid).
[EXEC] Action ActionType.PICK executed in 5.38 seconds
[ERROR] Action ActionType.PICK failed for object /column1
Action failed ! time elapsed: 0.001
[LOG] Transition logged to MongoDB: 0fe6c8f8-aac0-463b-8ef8-9e3bfa407804 - Episode 8
Step 1
Selected action: Action(ActionType.PICK, obj=/column0, slot=None,grasp=GraspType.TOP_0) with motion param: left_0
here
Action: Action(ActionType.PICK, obj=/column0, slot=None,grasp=GraspType.LEFT_0)
[EXEC] Picking /column0 with left_0

[INFO] Found 1472 potential configurations.
[WARN] No valid configuration found (all tested configs invalid).
[EXEC] Action ActionType.PICK executed in 1.77 seconds
[ERROR] Action ActionType.PICK failed for object /column0
Action failed ! time elapsed: 0.001
[LOG] Transition logged to MongoDB: 0fe6c8f8-aac0-463b-8ef8-9e3bfa407804 - Episode 8
Step 2
Selected action: Action(ActionType.PICK, obj=/column1, slot=None,grasp=GraspType.RIGHT_0) with motion param: right_0
here
Action: Action(ActionType.PICK, obj=/column1, slot=None,grasp=GraspType.RIGHT_0)
[EXEC] Picking /column1 with right_0

[INFO] Found 3328 potential configurations.
[WARN] No valid configuration found (all tested configs invalid).
[EXEC] Action ActionType.PICK executed in 5.58 seconds
[ERROR] Action ActionType.PICK failed for object /column1
Action failed ! time elapsed: 0.001
[LOG] Transition logged to MongoDB: 0fe6c8f8-aac0-463b-8ef8-9e3bfa407804 - Episode 8
Step 3
Selected action: Action(ActionType.PICK, obj=/column2, slot=None,grasp=GraspType.LEFT_0) with motion param: right_0
here
Action: Action(ActionType.PICK, obj=/column2, slot=None,grasp=GraspType.RIGHT_0)
[EXEC] Picking /column2 with right_0
[ERROR] No IK configurations found for desired pick pose.
[EXEC] Action ActionType.PICK executed in 1.02 seconds
[ERROR] Action ActionType.PICK failed for object /column2
Action failed ! time elapsed: 0.001
[LOG] Transition logged to MongoDB: 0fe6c8f8-aac0-463b-8ef8-9e3bfa407804 - Episode 8
Step 4
Selected action: Action(ActionType.PICK, obj=/column0, slot=None,grasp=GraspType.LEFT_0) with motion param: front_270
here
Action: Action(ActionType.PICK, obj=/column0, slot=None,grasp=GraspType.FRONT_270)
[EXEC] Picking /column0 with front_270

[INFO] Found 1728 potential configurations.
[WARN] No valid configuration found (all tested configs invalid).
[EXEC] Action ActionType.PICK executed in 2.08 seconds
[ERROR] Action ActionType.PICK failed for object /column0
Action failed ! time elapsed: 0.001
[LOG] Transition logged to MongoDB: 0fe6c8f8-aac0-463b-8ef8-9e3bfa407804 - Episode 8
Step 5
Selected action: Action(ActionType.PICK, obj=/column1, slot=None,grasp=GraspType.RIGHT_0) with motion param: right_0
here
Action: Action(ActionType.PICK, obj=/column1, slot=None,grasp=GraspType.RIGHT_0)
[EXEC] Picking /column1 with right_0

[INFO] Found 3456 potential configurations.
[WARN] No valid configuration found (all tested configs invalid).
[EXEC] Action ActionType.PICK executed in 4.38 seconds
[ERROR] Action ActionType.PICK failed for object /column1
Action failed ! time elapsed: 0.001
Too many failures, resetting scene
Pilot run finished, resetting scene
Leaving object if held
Pilot run 7
Step 0
Selected action: Action(ActionType.PICK, obj=/column1, slot=None,grasp=GraspType.RIGHT_0) with motion param: right_0
here
Action: Action(ActionType.PICK, obj=/column1, slot=None,grasp=GraspType.RIGHT_0)
[EXEC] Picking /column1 with right_0

[INFO] Found 2368 potential configurations.
[WARN] No valid configuration found (all tested configs invalid).
[EXEC] Action ActionType.PICK executed in 3.52 seconds
[ERROR] Action ActionType.PICK failed for object /column1
Action failed ! time elapsed: 0.001
[LOG] Transition logged to MongoDB: 0fe6c8f8-aac0-463b-8ef8-9e3bfa407804 - Episode 8
Step 1
Selected action: Action(ActionType.PICK, obj=/column2, slot=None,grasp=GraspType.RIGHT_0) with motion param: left_0
here
Action: Action(ActionType.PICK, obj=/column2, slot=None,grasp=GraspType.LEFT_0)
[EXEC] Picking /column2 with left_0

[INFO] Found 2944 potential configurations.
[WARN] No valid configuration found (all tested configs invalid).
[EXEC] Action ActionType.PICK executed in 4.32 seconds
[ERROR] Action ActionType.PICK failed for object /column2
Action failed ! time elapsed: 0.001
[LOG] Transition logged to MongoDB: 0fe6c8f8-aac0-463b-8ef8-9e3bfa407804 - Episode 8
Step 2
Selected action: Action(ActionType.PICK, obj=/column1, slot=None,grasp=GraspType.RIGHT_0) with motion param: right_0
here
Action: Action(ActionType.PICK, obj=/column1, slot=None,grasp=GraspType.RIGHT_0)
[EXEC] Picking /column1 with right_0

[INFO] Found 2496 potential configurations.
[WARN] No valid configuration found (all tested configs invalid).
[EXEC] Action ActionType.PICK executed in 3.32 seconds
[ERROR] Action ActionType.PICK failed for object /column1
Action failed ! time elapsed: 0.001
[LOG] Transition logged to MongoDB: 0fe6c8f8-aac0-463b-8ef8-9e3bfa407804 - Episode 8
Step 3
Selected action: Action(ActionType.PICK, obj=/column1, slot=None,grasp=GraspType.RIGHT_0) with motion param: right_0
here
Action: Action(ActionType.PICK, obj=/column1, slot=None,grasp=GraspType.RIGHT_0)
[EXEC] Picking /column1 with right_0

[INFO] Found 3200 potential configurations.
[WARN] No valid configuration found (all tested configs invalid).
[EXEC] Action ActionType.PICK executed in 5.83 seconds
[ERROR] Action ActionType.PICK failed for object /column1
Action failed ! time elapsed: 0.001
[LOG] Transition logged to MongoDB: 0fe6c8f8-aac0-463b-8ef8-9e3bfa407804 - Episode 8
Step 4
Selected action: Action(ActionType.PICK, obj=/column2, slot=None,grasp=GraspType.LEFT_0) with motion param: right_0
here
Action: Action(ActionType.PICK, obj=/column2, slot=None,grasp=GraspType.RIGHT_0)
[EXEC] Picking /column2 with right_0
[ERROR] No IK configurations found for desired pick pose.
[EXEC] Action ActionType.PICK executed in 1.02 seconds
[ERROR] Action ActionType.PICK failed for object /column2
Action failed ! time elapsed: 0.001
[LOG] Transition logged to MongoDB: 0fe6c8f8-aac0-463b-8ef8-9e3bfa407804 - Episode 8
Step 5
Selected action: Action(ActionType.PICK, obj=/column1, slot=None,grasp=GraspType.RIGHT_0) with motion param: left_0
here
Action: Action(ActionType.PICK, obj=/column1, slot=None,grasp=GraspType.LEFT_0)
[EXEC] Picking /column1 with left_0

[INFO] Found 2176 potential configurations.
[INFO] Motion completed successfully with result: success,in execution time: 4.00 seconds
[INFO] Found a reachable configuration for pick action after 1 attempts.
Tip distance after pick: 0.020883134458809263
[INFO] Pick action completed successfully.in execution time: 4.00 seconds
[EXEC] Action ActionType.PICK executed in 21.03 seconds
[SUCCESS] Action ActionType.PICK succeeded for object /column1
[LOG] Transition logged to MongoDB: 0fe6c8f8-aac0-463b-8ef8-9e3bfa407804 - Episode 8
Step 6
Selected action: Action(ActionType.PLACE, obj=/column1, slot=/goal_1,grasp=GraspType.TOP_0) with motion param: left_0
here
Action: Action(ActionType.PLACE, obj=/column1, slot=/goal_1,grasp=GraspType.LEFT_0)
[EXEC] Placing at [-0.2749999999999999, 1.0750000000000006, 0.5] with grasp left_0

[INFO] Found 896 potential configurations.
[WARN] No valid configuration found (all tested configs invalid).
[EXEC] Action ActionType.PLACE executed in 4.24 seconds
[ERROR] Action ActionType.PLACE failed for object /column1
Action failed ! time elapsed: 0.001
[LOG] Transition logged to MongoDB: 0fe6c8f8-aac0-463b-8ef8-9e3bfa407804 - Episode 8
Step 7
Selected action: Action(ActionType.PLACE, obj=/column1, slot=/region_0,grasp=GraspType.RIGHT_0) with motion param: top_0
here
Action: Action(ActionType.PLACE, obj=/column1, slot=/region_0,grasp=GraspType.TOP_0)
[EXEC] Placing at [0.35, 0.8, 0.521] with grasp top_0

[INFO] Found 4608 potential configurations.
[INFO] Motion completed successfully with result: success,in execution time: 3.28 seconds
[INFO] Found a reachable configuration for place action after 1 attempts.
[INFO] Place action completed successfully.
realigning placed object /column1 to target position
[EXEC] Action ActionType.PLACE executed in 18.34 seconds
[SUCCESS] Action ActionType.PLACE succeeded for object /column1
[LOG] Transition logged to MongoDB: 0fe6c8f8-aac0-463b-8ef8-9e3bfa407804 - Episode 8
Step 8
Selected action: Action(ActionType.PICK, obj=/column1, slot=None,grasp=GraspType.LEFT_0) with motion param: top_0
here
Action: Action(ActionType.PICK, obj=/column1, slot=None,grasp=GraspType.TOP_0)
[EXEC] Picking /column1 with top_0

[INFO] Found 2752 potential configurations.
[INFO] Motion completed successfully with result: success,in execution time: 1.84 seconds
[INFO] Found a reachable configuration for pick action after 1 attempts.
Tip distance after pick: 0.028429000197433864
[INFO] Pick action completed successfully.in execution time: 1.84 seconds
[EXEC] Action ActionType.PICK executed in 17.71 seconds
[SUCCESS] Action ActionType.PICK succeeded for object /column1
[LOG] Transition logged to MongoDB: 0fe6c8f8-aac0-463b-8ef8-9e3bfa407804 - Episode 8
Step 9
Selected action: Action(ActionType.PLACE, obj=/column1, slot=/region_0,grasp=GraspType.TOP_0) with motion param: top_0
here
Action: Action(ActionType.PLACE, obj=/column1, slot=/region_0,grasp=GraspType.TOP_0)
[EXEC] Placing at [0.35, 0.8, 0.521] with grasp top_0

[INFO] Found 2560 potential configurations.
[INFO] Motion completed successfully with result: success,in execution time: 0.56 seconds
[INFO] Found a reachable configuration for place action after 1 attempts.
[INFO] Place action completed successfully.
realigning placed object /column1 to target position
[EXEC] Action ActionType.PLACE executed in 14.27 seconds
[SUCCESS] Action ActionType.PLACE succeeded for object /column1
[LOG] Transition logged to MongoDB: 0fe6c8f8-aac0-463b-8ef8-9e3bfa407804 - Episode 8
Step 10
Selected action: Action(ActionType.PICK, obj=/column1, slot=None,grasp=GraspType.TOP_0) with motion param: front_270
here
Action: Action(ActionType.PICK, obj=/column1, slot=None,grasp=GraspType.FRONT_270)
[EXEC] Picking /column1 with front_270

[INFO] Found 4224 potential configurations.
[INFO] Motion completed successfully with result: success,in execution time: 4.52 seconds
[INFO] Found a reachable configuration for pick action after 1 attempts.
Tip distance after pick: 0.021587130751580867
[INFO] Pick action completed successfully.in execution time: 4.52 seconds
[EXEC] Action ActionType.PICK executed in 23.22 seconds
[SUCCESS] Action ActionType.PICK succeeded for object /column1
[LOG] Transition logged to MongoDB: 0fe6c8f8-aac0-463b-8ef8-9e3bfa407804 - Episode 8
Step 11
Selected action: Action(ActionType.PLACE, obj=/column1, slot=/goal_0,grasp=GraspType.RIGHT_0) with motion param: right_0
here
Action: Action(ActionType.PLACE, obj=/column1, slot=/goal_0,grasp=GraspType.RIGHT_0)
[EXEC] Placing at [-0.27499999999999986, 0.8250000000000005, 0.5] with grasp right_0

[INFO] Found 1984 potential configurations.
[ERROR] Motion failed (collision or invalid path)
[ERROR] Motion result: no_path
[WARN] Failed to find a path to the selected place config on attempt 1.
[WARN] No path found to selected place config, discarding and trying next valid config...
[ERROR] Motion failed (collision or invalid path)
[ERROR] Motion result: no_path
[WARN] Failed to find a path to the selected place config on attempt 2.
[WARN] No path found to selected place config, discarding and trying next valid config...
[ERROR] Motion failed (collision or invalid path)
[ERROR] Motion result: no_path
[WARN] Failed to find a path to the selected place config on attempt 3.
[WARN] No path found to selected place config, discarding and trying next valid config...
[ERROR] Max IK attempts reached, place action failed.
[EXEC] Action ActionType.PLACE executed in 21.94 seconds
[ERROR] Action ActionType.PLACE failed for object /column1
Action failed ! time elapsed: 0.001
[LOG] Transition logged to MongoDB: 0fe6c8f8-aac0-463b-8ef8-9e3bfa407804 - Episode 8
Step 12
Selected action: Action(ActionType.PLACE, obj=/column1, slot=/goal_2,grasp=GraspType.TOP_0) with motion param: left_0
here
Action: Action(ActionType.PLACE, obj=/column1, slot=/goal_2,grasp=GraspType.LEFT_0)
[EXEC] Placing at [-0.6000000000000001, 0.8250000000000003, 0.5] with grasp left_0

[INFO] Found 1472 potential configurations.
[WARN] No valid configuration found (all tested configs invalid).
[EXEC] Action ActionType.PLACE executed in 2.37 seconds
[ERROR] Action ActionType.PLACE failed for object /column1
Action failed ! time elapsed: 0.001
[LOG] Transition logged to MongoDB: 0fe6c8f8-aac0-463b-8ef8-9e3bfa407804 - Episode 8
Step 13
Selected action: Action(ActionType.PLACE, obj=/column1, slot=/goal_1,grasp=GraspType.LEFT_0) with motion param: left_0
here
Action: Action(ActionType.PLACE, obj=/column1, slot=/goal_1,grasp=GraspType.LEFT_0)
[EXEC] Placing at [-0.2749999999999999, 1.0750000000000006, 0.5] with grasp left_0

[INFO] Found 384 potential configurations.
[WARN] No valid configuration found (all tested configs invalid).
[EXEC] Action ActionType.PLACE executed in 4.78 seconds
[ERROR] Action ActionType.PLACE failed for object /column1
Action failed ! time elapsed: 0.001
[LOG] Transition logged to MongoDB: 0fe6c8f8-aac0-463b-8ef8-9e3bfa407804 - Episode 8
Step 14
Selected action: Action(ActionType.PLACE, obj=/column1, slot=/goal_1,grasp=GraspType.LEFT_0) with motion param: front_270
here
Action: Action(ActionType.PLACE, obj=/column1, slot=/goal_1,grasp=GraspType.FRONT_270)
[EXEC] Placing at [-0.2749999999999999, 1.0750000000000006, 0.5] with grasp front_270

[INFO] Found 1472 potential configurations.
[INFO] Motion completed successfully with result: success,in execution time: 4.80 seconds
[INFO] Found a reachable configuration for place action after 1 attempts.
[INFO] Place action completed successfully.
realigning placed object /column1 to target position
[EXEC] Action ActionType.PLACE executed in 25.47 seconds
[SUCCESS] Action ActionType.PLACE succeeded for object /column1
[LOG] Transition logged to MongoDB: 0fe6c8f8-aac0-463b-8ef8-9e3bfa407804 - Episode 8
Step 15
Selected action: Action(ActionType.PICK, obj=/column2, slot=None,grasp=GraspType.RIGHT_0) with motion param: front_270
here
Action: Action(ActionType.PICK, obj=/column2, slot=None,grasp=GraspType.FRONT_270)
[EXEC] Picking /column2 with front_270

[INFO] Found 3520 potential configurations.
[INFO] Motion completed successfully with result: success,in execution time: 5.88 seconds
[INFO] Found a reachable configuration for pick action after 1 attempts.
Tip distance after pick: 0.04357231168303646
[INFO] Pick action completed successfully.in execution time: 5.88 seconds
[EXEC] Action ActionType.PICK executed in 22.66 seconds
[SUCCESS] Action ActionType.PICK succeeded for object /column2
[LOG] Transition logged to MongoDB: 0fe6c8f8-aac0-463b-8ef8-9e3bfa407804 - Episode 8
Step 16
Selected action: Action(ActionType.PLACE, obj=/column2, slot=/goal_0,grasp=GraspType.TOP_0) with motion param: top_0
here
Action: Action(ActionType.PLACE, obj=/column2, slot=/goal_0,grasp=GraspType.TOP_0)
[EXEC] Placing at [-0.27499999999999986, 0.8250000000000005, 0.5] with grasp top_0

[INFO] Found 3840 potential configurations.
[ERROR] Motion failed (collision or invalid path)
[ERROR] Motion result: no_path
[WARN] Failed to find a path to the selected place config on attempt 1.
[WARN] No path found to selected place config, discarding and trying next valid config...
[INFO] Motion completed successfully with result: success,in execution time: 4.20 seconds
[INFO] Found a reachable configuration for place action after 2 attempts.
[INFO] Place action completed successfully.
realigning placed object /column2 to target position
[EXEC] Action ActionType.PLACE executed in 44.32 seconds
[SUCCESS] Action ActionType.PLACE succeeded for object /column2
[LOG] Transition logged to MongoDB: 0fe6c8f8-aac0-463b-8ef8-9e3bfa407804 - Episode 8
Step 17
Selected action: Action(ActionType.PICK, obj=/column2, slot=None,grasp=GraspType.FRONT_270) with motion param: left_0
here
Action: Action(ActionType.PICK, obj=/column2, slot=None,grasp=GraspType.LEFT_0)
[EXEC] Picking /column2 with left_0

[INFO] Found 3200 potential configurations.
[ERROR] Motion failed (collision or invalid path)
[ERROR] Motion result: no_path
[WARN] Failed to find a path to the selected pick config on attempt 1.
[WARN] No path found to picked config, discarding and trying next valid config...
[INFO] Motion completed successfully with result: success,in execution time: 6.36 seconds
[INFO] Found a reachable configuration for pick action after 2 attempts.
Tip distance after pick: 0.019760662995710946
[INFO] Pick action completed successfully.in execution time: 6.36 seconds
[EXEC] Action ActionType.PICK executed in 33.26 seconds
[SUCCESS] Action ActionType.PICK succeeded for object /column2
[LOG] Transition logged to MongoDB: 0fe6c8f8-aac0-463b-8ef8-9e3bfa407804 - Episode 8
Step 18
Selected action: Action(ActionType.PLACE, obj=/column2, slot=/goal_2,grasp=GraspType.LEFT_0) with motion param: left_0
here
Action: Action(ActionType.PLACE, obj=/column2, slot=/goal_2,grasp=GraspType.LEFT_0)
[EXEC] Placing at [-0.6000000000000001, 0.8250000000000003, 0.5] with grasp left_0

[INFO] Found 1472 potential configurations.
[WARN] No valid configuration found (all tested configs invalid).
[EXEC] Action ActionType.PLACE executed in 2.31 seconds
[ERROR] Action ActionType.PLACE failed for object /column2
Action failed ! time elapsed: 0.001
[LOG] Transition logged to MongoDB: 0fe6c8f8-aac0-463b-8ef8-9e3bfa407804 - Episode 8
Step 19
Selected action: Action(ActionType.PLACE, obj=/column2, slot=/goal_0,grasp=GraspType.TOP_0) with motion param: right_0
here
Action: Action(ActionType.PLACE, obj=/column2, slot=/goal_0,grasp=GraspType.RIGHT_0)
[EXEC] Placing at [-0.27499999999999986, 0.8250000000000005, 0.5] with grasp right_0

[INFO] Found 2048 potential configurations.
[INFO] Motion completed successfully with result: success,in execution time: 5.20 seconds
[INFO] Found a reachable configuration for place action after 1 attempts.
[INFO] Place action completed successfully.
realigning placed object /column2 to target position
[EXEC] Action ActionType.PLACE executed in 38.38 seconds
[SUCCESS] Action ActionType.PLACE succeeded for object /column2
[LOG] Transition logged to MongoDB: 0fe6c8f8-aac0-463b-8ef8-9e3bfa407804 - Episode 8
Step 20
Selected action: Action(ActionType.PICK, obj=/column2, slot=None,grasp=GraspType.LEFT_0) with motion param: front_270
here
Action: Action(ActionType.PICK, obj=/column2, slot=None,grasp=GraspType.FRONT_270)
[EXEC] Picking /column2 with front_270

[INFO] Found 3136 potential configurations.
[INFO] Motion completed successfully with result: success,in execution time: 3.96 seconds
[INFO] Found a reachable configuration for pick action after 1 attempts.
Tip distance after pick: 0.021710531682008365
[INFO] Pick action completed successfully.in execution time: 3.96 seconds
[EXEC] Action ActionType.PICK executed in 25.51 seconds
[SUCCESS] Action ActionType.PICK succeeded for object /column2
[LOG] Transition logged to MongoDB: 0fe6c8f8-aac0-463b-8ef8-9e3bfa407804 - Episode 8
Step 21
Selected action: Action(ActionType.PLACE, obj=/column2, slot=/region_0,grasp=GraspType.LEFT_0) with motion param: top_0
here
Action: Action(ActionType.PLACE, obj=/column2, slot=/region_0,grasp=GraspType.TOP_0)
[EXEC] Placing at [0.35, 0.8, 0.521] with grasp top_0

[INFO] Found 4032 potential configurations.
[INFO] Motion completed successfully with result: success,in execution time: 7.96 seconds
[INFO] Found a reachable configuration for place action after 1 attempts.
[INFO] Place action completed successfully.
realigning placed object /column2 to target position
[EXEC] Action ActionType.PLACE executed in 33.40 seconds
[SUCCESS] Action ActionType.PLACE succeeded for object /column2
[LOG] Transition logged to MongoDB: 0fe6c8f8-aac0-463b-8ef8-9e3bfa407804 - Episode 8
Step 22
Selected action: Action(ActionType.PICK, obj=/column2, slot=None,grasp=GraspType.FRONT_270) with motion param: front_270
here
Action: Action(ActionType.PICK, obj=/column2, slot=None,grasp=GraspType.FRONT_270)
[EXEC] Picking /column2 with front_270

[INFO] Found 4096 potential configurations.
[ERROR] Motion failed (collision or invalid path)
[ERROR] Motion result: no_path
[WARN] Failed to find a path to the selected pick config on attempt 1.
[WARN] No path found to picked config, discarding and trying next valid config...
[INFO] Motion completed successfully with result: success,in execution time: 4.52 seconds
[INFO] Found a reachable configuration for pick action after 2 attempts.
Tip distance after pick: 0.021204451315365195
[INFO] Pick action completed successfully.in execution time: 4.52 seconds
[EXEC] Action ActionType.PICK executed in 29.10 seconds
[SUCCESS] Action ActionType.PICK succeeded for object /column2
[LOG] Transition logged to MongoDB: 0fe6c8f8-aac0-463b-8ef8-9e3bfa407804 - Episode 8
Step 23
Selected action: Action(ActionType.PLACE, obj=/column2, slot=/region_2,grasp=GraspType.RIGHT_0) with motion param: front_270
here
Action: Action(ActionType.PLACE, obj=/column2, slot=/region_2,grasp=GraspType.FRONT_270)
[EXEC] Placing at [0.6, 0.80001, 0.5] with grasp front_270

[INFO] Found 1984 potential configurations.
[INFO] Motion completed successfully with result: success,in execution time: 1.52 seconds
[INFO] Found a reachable configuration for place action after 1 attempts.
[INFO] Place action completed successfully.
realigning placed object /column2 to target position
[EXEC] Action ActionType.PLACE executed in 19.76 seconds
[SUCCESS] Action ActionType.PLACE succeeded for object /column2
[LOG] Transition logged to MongoDB: 0fe6c8f8-aac0-463b-8ef8-9e3bfa407804 - Episode 8
Step 24
Selected action: Action(ActionType.PICK, obj=/column0, slot=None,grasp=GraspType.FRONT_270) with motion param: top_0
here
Action: Action(ActionType.PICK, obj=/column0, slot=None,grasp=GraspType.TOP_0)
[EXEC] Picking /column0 with top_0

[INFO] Found 256 potential configurations.
[WARN] No valid configuration found (all tested configs invalid).
[EXEC] Action ActionType.PICK executed in 8.59 seconds
[ERROR] Action ActionType.PICK failed for object /column0
Action failed ! time elapsed: 0.001
[LOG] Transition logged to MongoDB: 0fe6c8f8-aac0-463b-8ef8-9e3bfa407804 - Episode 8
Step 25
Selected action: Action(ActionType.PICK, obj=/column2, slot=None,grasp=GraspType.FRONT_270) with motion param: left_0
here
Action: Action(ActionType.PICK, obj=/column2, slot=None,grasp=GraspType.LEFT_0)
[EXEC] Picking /column2 with left_0

[INFO] Found 1664 potential configurations.
[ERROR] Motion failed (collision or invalid path)
[ERROR] Motion result: no_path
[WARN] Failed to find a path to the selected pick config on attempt 1.
[WARN] No path found to picked config, discarding and trying next valid config...
[INFO] Motion completed successfully with result: success,in execution time: 5.36 seconds
[INFO] Found a reachable configuration for pick action after 2 attempts.
Tip distance after pick: 0.020419878989184407
[INFO] Pick action completed successfully.in execution time: 5.36 seconds
[EXEC] Action ActionType.PICK executed in 38.23 seconds
[SUCCESS] Action ActionType.PICK succeeded for object /column2
[LOG] Transition logged to MongoDB: 0fe6c8f8-aac0-463b-8ef8-9e3bfa407804 - Episode 8
Step 26
Selected action: Action(ActionType.PLACE, obj=/column2, slot=/region_0,grasp=GraspType.TOP_0) with motion param: top_0
here
Action: Action(ActionType.PLACE, obj=/column2, slot=/region_0,grasp=GraspType.TOP_0)
[EXEC] Placing at [0.35, 0.8, 0.521] with grasp top_0

[INFO] Found 3328 potential configurations.
[ERROR] Motion failed (collision or invalid path)
[ERROR] Motion result: no_path
[WARN] Failed to find a path to the selected place config on attempt 1.
[WARN] No path found to selected place config, discarding and trying next valid config...
[INFO] Motion completed successfully with result: success,in execution time: 8.48 seconds
[INFO] Found a reachable configuration for place action after 2 attempts.
[INFO] Place action completed successfully.
realigning placed object /column2 to target position
[EXEC] Action ActionType.PLACE executed in 48.02 seconds
[SUCCESS] Action ActionType.PLACE succeeded for object /column2
[LOG] Transition logged to MongoDB: 0fe6c8f8-aac0-463b-8ef8-9e3bfa407804 - Episode 8
Step 27
Selected action: Action(ActionType.PICK, obj=/column0, slot=None,grasp=GraspType.TOP_0) with motion param: top_0
here
Action: Action(ActionType.PICK, obj=/column0, slot=None,grasp=GraspType.TOP_0)
[EXEC] Picking /column0 with top_0

[INFO] Found 192 potential configurations.
[WARN] No valid configuration found (all tested configs invalid).
[EXEC] Action ActionType.PICK executed in 5.19 seconds
[ERROR] Action ActionType.PICK failed for object /column0
Action failed ! time elapsed: 0.001
[LOG] Transition logged to MongoDB: 0fe6c8f8-aac0-463b-8ef8-9e3bfa407804 - Episode 8
Step 28
Selected action: Action(ActionType.PICK, obj=/column2, slot=None,grasp=GraspType.LEFT_0) with motion param: right_0
here
Action: Action(ActionType.PICK, obj=/column2, slot=None,grasp=GraspType.RIGHT_0)
[EXEC] Picking /column2 with right_0

[INFO] Found 4416 potential configurations.
[INFO] Motion completed successfully with result: success,in execution time: 8.00 seconds
[INFO] Found a reachable configuration for pick action after 1 attempts.
Tip distance after pick: 0.019158516495161426
[INFO] Pick action completed successfully.in execution time: 8.00 seconds
[EXEC] Action ActionType.PICK executed in 34.92 seconds
[SUCCESS] Action ActionType.PICK succeeded for object /column2
[LOG] Transition logged to MongoDB: 0fe6c8f8-aac0-463b-8ef8-9e3bfa407804 - Episode 8
Step 29
Selected action: Action(ActionType.PLACE, obj=/column2, slot=/goal_0,grasp=GraspType.RIGHT_0) with motion param: front_270
here
Action: Action(ActionType.PLACE, obj=/column2, slot=/goal_0,grasp=GraspType.FRONT_270)
[EXEC] Placing at [-0.27499999999999986, 0.8250000000000005, 0.5] with grasp front_270

[INFO] Found 2432 potential configurations.
[INFO] Motion completed successfully with result: success,in execution time: 7.24 seconds
[INFO] Found a reachable configuration for place action after 1 attempts.
[INFO] Place action completed successfully.
realigning placed object /column2 to target position
[EXEC] Action ActionType.PLACE executed in 24.92 seconds
[SUCCESS] Action ActionType.PLACE succeeded for object /column2
[LOG] Transition logged to MongoDB: 0fe6c8f8-aac0-463b-8ef8-9e3bfa407804 - Episode 8
Pilot run finished, resetting scene
Leaving object if held
Pilot run 8
Step 0
Selected action: Action(ActionType.PICK, obj=/column2, slot=None,grasp=GraspType.RIGHT_0) with motion param: front_270
here
Action: Action(ActionType.PICK, obj=/column2, slot=None,grasp=GraspType.FRONT_270)
[EXEC] Picking /column2 with front_270

[INFO] Found 4224 potential configurations.
[INFO] Motion completed successfully with result: success,in execution time: 4.52 seconds
[INFO] Found a reachable configuration for pick action after 1 attempts.
Tip distance after pick: 0.021771326948196397
[INFO] Pick action completed successfully.in execution time: 4.52 seconds
[EXEC] Action ActionType.PICK executed in 22.31 seconds
[SUCCESS] Action ActionType.PICK succeeded for object /column2
[LOG] Transition logged to MongoDB: 0fe6c8f8-aac0-463b-8ef8-9e3bfa407804 - Episode 8
Step 1
Selected action: Action(ActionType.PLACE, obj=/column2, slot=/goal_1,grasp=GraspType.TOP_0) with motion param: left_0
here
Action: Action(ActionType.PLACE, obj=/column2, slot=/goal_1,grasp=GraspType.LEFT_0)
[EXEC] Placing at [-0.2749999999999999, 1.0750000000000006, 0.5] with grasp left_0

[INFO] Found 384 potential configurations.
[WARN] No valid configuration found (all tested configs invalid).
[EXEC] Action ActionType.PLACE executed in 3.32 seconds
[ERROR] Action ActionType.PLACE failed for object /column2
Action failed ! time elapsed: 0.001
[LOG] Transition logged to MongoDB: 0fe6c8f8-aac0-463b-8ef8-9e3bfa407804 - Episode 8
Step 2
Selected action: Action(ActionType.PLACE, obj=/column2, slot=/goal_0,grasp=GraspType.FRONT_270) with motion param: left_0
here
Action: Action(ActionType.PLACE, obj=/column2, slot=/goal_0,grasp=GraspType.LEFT_0)
[EXEC] Placing at [-0.27499999999999986, 0.8250000000000005, 0.5] with grasp left_0

[INFO] Found 3968 potential configurations.
[WARN] No valid configuration found (all tested configs invalid).
[EXEC] Action ActionType.PLACE executed in 58.49 seconds
[ERROR] Action ActionType.PLACE failed for object /column2
Action failed ! time elapsed: 0.001
[LOG] Transition logged to MongoDB: 0fe6c8f8-aac0-463b-8ef8-9e3bfa407804 - Episode 8
Step 3
Selected action: Action(ActionType.PLACE, obj=/column2, slot=/region_0,grasp=GraspType.TOP_0) with motion param: top_0
here
Action: Action(ActionType.PLACE, obj=/column2, slot=/region_0,grasp=GraspType.TOP_0)
[EXEC] Placing at [0.35, 0.8, 0.521] with grasp top_0

[INFO] Found 2688 potential configurations.
[INFO] Motion completed successfully with result: success,in execution time: 4.60 seconds
[INFO] Found a reachable configuration for place action after 1 attempts.
[INFO] Place action completed successfully.
realigning placed object /column2 to target position
[EXEC] Action ActionType.PLACE executed in 24.60 seconds
[SUCCESS] Action ActionType.PLACE succeeded for object /column2
[LOG] Transition logged to MongoDB: 0fe6c8f8-aac0-463b-8ef8-9e3bfa407804 - Episode 8
Step 4
Selected action: Action(ActionType.PICK, obj=/column1, slot=None,grasp=GraspType.FRONT_270) with motion param: front_270
here
Action: Action(ActionType.PICK, obj=/column1, slot=None,grasp=GraspType.FRONT_270)
[EXEC] Picking /column1 with front_270

[INFO] Found 1664 potential configurations.
[WARN] No valid configuration found (all tested configs invalid).
[EXEC] Action ActionType.PICK executed in 2.22 seconds
[ERROR] Action ActionType.PICK failed for object /column1
Action failed ! time elapsed: 0.001
[LOG] Transition logged to MongoDB: 0fe6c8f8-aac0-463b-8ef8-9e3bfa407804 - Episode 8
Step 5
Selected action: Action(ActionType.PICK, obj=/column0, slot=None,grasp=GraspType.TOP_0) with motion param: front_270
here
Action: Action(ActionType.PICK, obj=/column0, slot=None,grasp=GraspType.FRONT_270)
[EXEC] Picking /column0 with front_270

[INFO] Found 2112 potential configurations.
[INFO] Motion completed successfully with result: success,in execution time: 4.16 seconds
[INFO] Found a reachable configuration for pick action after 1 attempts.
Tip distance after pick: 0.020656069405092858
[INFO] Pick action completed successfully.in execution time: 4.16 seconds
[EXEC] Action ActionType.PICK executed in 20.94 seconds
[SUCCESS] Action ActionType.PICK succeeded for object /column0
[LOG] Transition logged to MongoDB: 0fe6c8f8-aac0-463b-8ef8-9e3bfa407804 - Episode 8
Step 6
Selected action: Action(ActionType.PLACE, obj=/column0, slot=/goal_2,grasp=GraspType.RIGHT_0) with motion param: front_270
here
Action: Action(ActionType.PLACE, obj=/column0, slot=/goal_2,grasp=GraspType.FRONT_270)
[EXEC] Placing at [-0.6000000000000001, 0.8250000000000003, 0.5] with grasp front_270

[INFO] Found 2240 potential configurations.
[WARN] No valid configuration found (all tested configs invalid).
[EXEC] Action ActionType.PLACE executed in 3.31 seconds
[ERROR] Action ActionType.PLACE failed for object /column0
Action failed ! time elapsed: 0.001
[LOG] Transition logged to MongoDB: 0fe6c8f8-aac0-463b-8ef8-9e3bfa407804 - Episode 8
Step 7
Selected action: Action(ActionType.PLACE, obj=/column0, slot=/region_2,grasp=GraspType.FRONT_270) with motion param: right_0
here
Action: Action(ActionType.PLACE, obj=/column0, slot=/region_2,grasp=GraspType.RIGHT_0)
[EXEC] Placing at [0.6, 0.80001, 0.5] with grasp right_0
[ERROR] No IK configurations found for desired place pose.
[EXEC] Action ActionType.PLACE executed in 1.02 seconds
[ERROR] Action ActionType.PLACE failed for object /column0
Action failed ! time elapsed: 0.001
[LOG] Transition logged to MongoDB: 0fe6c8f8-aac0-463b-8ef8-9e3bfa407804 - Episode 8
Step 8
Selected action: Action(ActionType.PLACE, obj=/column0, slot=/goal_0,grasp=GraspType.TOP_0) with motion param: right_0
here
Action: Action(ActionType.PLACE, obj=/column0, slot=/goal_0,grasp=GraspType.RIGHT_0)
[EXEC] Placing at [-0.27499999999999986, 0.8250000000000005, 0.5] with grasp right_0

[INFO] Found 1472 potential configurations.
[INFO] Motion completed successfully with result: success,in execution time: 11.52 seconds
[INFO] Found a reachable configuration for place action after 1 attempts.
[INFO] Place action completed successfully.
realigning placed object /column0 to target position
[EXEC] Action ActionType.PLACE executed in 34.64 seconds
[SUCCESS] Action ActionType.PLACE succeeded for object /column0
[LOG] Transition logged to MongoDB: 0fe6c8f8-aac0-463b-8ef8-9e3bfa407804 - Episode 8
Step 9
Selected action: Action(ActionType.PICK, obj=/column2, slot=None,grasp=GraspType.FRONT_270) with motion param: right_0
here
Action: Action(ActionType.PICK, obj=/column2, slot=None,grasp=GraspType.RIGHT_0)
[EXEC] Picking /column2 with right_0

[INFO] Found 2368 potential configurations.
[INFO] Motion completed successfully with result: success,in execution time: 12.04 seconds
[INFO] Found a reachable configuration for pick action after 1 attempts.
Tip distance after pick: 0.019087852339282296
[INFO] Pick action completed successfully.in execution time: 12.04 seconds
[EXEC] Action ActionType.PICK executed in 39.98 seconds
[SUCCESS] Action ActionType.PICK succeeded for object /column2
[LOG] Transition logged to MongoDB: 0fe6c8f8-aac0-463b-8ef8-9e3bfa407804 - Episode 8
Step 10
Selected action: Action(ActionType.PLACE, obj=/column2, slot=/goal_2,grasp=GraspType.LEFT_0) with motion param: top_0
here
Action: Action(ActionType.PLACE, obj=/column2, slot=/goal_2,grasp=GraspType.TOP_0)
[EXEC] Placing at [-0.6000000000000001, 0.8250000000000003, 0.5] with grasp top_0

[INFO] Found 3136 potential configurations.
[WARN] No valid configuration found (all tested configs invalid).
[EXEC] Action ActionType.PLACE executed in 4.02 seconds
[ERROR] Action ActionType.PLACE failed for object /column2
Action failed ! time elapsed: 0.001
[LOG] Transition logged to MongoDB: 0fe6c8f8-aac0-463b-8ef8-9e3bfa407804 - Episode 8
Step 11
Selected action: Action(ActionType.PLACE, obj=/column2, slot=/goal_1,grasp=GraspType.LEFT_0) with motion param: front_270
here
Action: Action(ActionType.PLACE, obj=/column2, slot=/goal_1,grasp=GraspType.FRONT_270)
[EXEC] Placing at [-0.2749999999999999, 1.0750000000000006, 0.5] with grasp front_270

[INFO] Found 1920 potential configurations.
[INFO] Motion completed successfully with result: success,in execution time: 14.72 seconds
[INFO] Found a reachable configuration for place action after 1 attempts.
[INFO] Place action completed successfully.
realigning placed object /column2 to target position
[EXEC] Action ActionType.PLACE executed in 49.76 seconds
[SUCCESS] Action ActionType.PLACE succeeded for object /column2
[LOG] Transition logged to MongoDB: 0fe6c8f8-aac0-463b-8ef8-9e3bfa407804 - Episode 8
Step 12
Selected action: Action(ActionType.PICK, obj=/column0, slot=None,grasp=GraspType.FRONT_270) with motion param: left_0
here
Action: Action(ActionType.PICK, obj=/column0, slot=None,grasp=GraspType.LEFT_0)
[EXEC] Picking /column0 with left_0

[INFO] Found 3136 potential configurations.
[INFO] Motion completed successfully with result: success,in execution time: 9.84 seconds
[INFO] Found a reachable configuration for pick action after 1 attempts.
Tip distance after pick: 0.019185706111526608
[INFO] Pick action completed successfully.in execution time: 9.84 seconds
[EXEC] Action ActionType.PICK executed in 43.89 seconds
[SUCCESS] Action ActionType.PICK succeeded for object /column0
[LOG] Transition logged to MongoDB: 0fe6c8f8-aac0-463b-8ef8-9e3bfa407804 - Episode 8
Step 13
Selected action: Action(ActionType.PLACE, obj=/column0, slot=/goal_0,grasp=GraspType.RIGHT_0) with motion param: right_0
here
Action: Action(ActionType.PLACE, obj=/column0, slot=/goal_0,grasp=GraspType.RIGHT_0)
[EXEC] Placing at [-0.27499999999999986, 0.8250000000000005, 0.5] with grasp right_0

[INFO] Found 2752 potential configurations.
[ERROR] Motion failed (collision or invalid path)
[ERROR] Motion result: no_path
[WARN] Failed to find a path to the selected place config on attempt 1.
[WARN] No path found to selected place config, discarding and trying next valid config...
[ERROR] Motion failed (collision or invalid path)
[ERROR] Motion result: no_path
[WARN] Failed to find a path to the selected place config on attempt 2.
[WARN] No path found to selected place config, discarding and trying next valid config...
[ERROR] Motion failed (collision or invalid path)
[ERROR] Motion result: no_path
[WARN] Failed to find a path to the selected place config on attempt 3.
[WARN] No path found to selected place config, discarding and trying next valid config...
[ERROR] Max IK attempts reached, place action failed.
[EXEC] Action ActionType.PLACE executed in 23.79 seconds
[ERROR] Action ActionType.PLACE failed for object /column0
Action failed ! time elapsed: 0.001
[LOG] Transition logged to MongoDB: 0fe6c8f8-aac0-463b-8ef8-9e3bfa407804 - Episode 8
Step 14
Selected action: Action(ActionType.PLACE, obj=/column0, slot=/goal_0,grasp=GraspType.RIGHT_0) with motion param: top_0
here
Action: Action(ActionType.PLACE, obj=/column0, slot=/goal_0,grasp=GraspType.TOP_0)
[EXEC] Placing at [-0.27499999999999986, 0.8250000000000005, 0.5] with grasp top_0

[INFO] Found 3264 potential configurations.
[INFO] Motion completed successfully with result: success,in execution time: 3.40 seconds
[INFO] Found a reachable configuration for place action after 1 attempts.
[INFO] Place action completed successfully.
realigning placed object /column0 to target position
[EXEC] Action ActionType.PLACE executed in 30.80 seconds
[SUCCESS] Action ActionType.PLACE succeeded for object /column0
[LOG] Transition logged to MongoDB: 0fe6c8f8-aac0-463b-8ef8-9e3bfa407804 - Episode 8
Step 15
Selected action: Action(ActionType.PICK, obj=/column0, slot=None,grasp=GraspType.LEFT_0) with motion param: left_0
here
Action: Action(ActionType.PICK, obj=/column0, slot=None,grasp=GraspType.LEFT_0)
[EXEC] Picking /column0 with left_0

[INFO] Found 2176 potential configurations.
[INFO] Motion completed successfully with result: success,in execution time: 4.04 seconds
[INFO] Found a reachable configuration for pick action after 1 attempts.
Tip distance after pick: 0.019697794483694103
[INFO] Pick action completed successfully.in execution time: 4.04 seconds
[EXEC] Action ActionType.PICK executed in 22.63 seconds
[SUCCESS] Action ActionType.PICK succeeded for object /column0
[LOG] Transition logged to MongoDB: 0fe6c8f8-aac0-463b-8ef8-9e3bfa407804 - Episode 8
Step 16
Selected action: Action(ActionType.PLACE, obj=/column0, slot=/goal_2,grasp=GraspType.FRONT_270) with motion param: right_0
here
Action: Action(ActionType.PLACE, obj=/column0, slot=/goal_2,grasp=GraspType.RIGHT_0)
[EXEC] Placing at [-0.6000000000000001, 0.8250000000000003, 0.5] with grasp right_0

[INFO] Found 1152 potential configurations.
[INFO] Motion completed successfully with result: success,in execution time: 5.68 seconds
[INFO] Found a reachable configuration for place action after 1 attempts.
[INFO] Place action completed successfully.
realigning placed object /column0 to target position
[EXEC] Action ActionType.PLACE executed in 30.46 seconds
[SUCCESS] Action ActionType.PLACE succeeded for object /column0
[LOG] Transition logged to MongoDB: 0fe6c8f8-aac0-463b-8ef8-9e3bfa407804 - Episode 8
Step 17
Selected action: Action(ActionType.PICK, obj=/column0, slot=None,grasp=GraspType.LEFT_0) with motion param: right_0
here
Action: Action(ActionType.PICK, obj=/column0, slot=None,grasp=GraspType.RIGHT_0)
[EXEC] Picking /column0 with right_0

[INFO] Found 1152 potential configurations.
[INFO] Motion completed successfully with result: success,in execution time: 1.84 seconds
[INFO] Found a reachable configuration for pick action after 1 attempts.
Tip distance after pick: 0.02144448359956765
[INFO] Pick action completed successfully.in execution time: 1.84 seconds
[EXEC] Action ActionType.PICK executed in 25.96 seconds
[SUCCESS] Action ActionType.PICK succeeded for object /column0
[LOG] Transition logged to MongoDB: 0fe6c8f8-aac0-463b-8ef8-9e3bfa407804 - Episode 8
Step 18
Selected action: Action(ActionType.PLACE, obj=/column0, slot=/goal_2,grasp=GraspType.RIGHT_0) with motion param: right_0
here
Action: Action(ActionType.PLACE, obj=/column0, slot=/goal_2,grasp=GraspType.RIGHT_0)
[EXEC] Placing at [-0.6000000000000001, 0.8250000000000003, 0.5] with grasp right_0

[INFO] Found 1216 potential configurations.
[INFO] Motion completed successfully with result: success,in execution time: 0.52 seconds
[INFO] Found a reachable configuration for place action after 1 attempts.
[INFO] Place action completed successfully.
realigning placed object /column0 to target position
[EXEC] Action ActionType.PLACE executed in 14.54 seconds
[SUCCESS] Action ActionType.PLACE succeeded for object /column0
[LOG] Transition logged to MongoDB: 0fe6c8f8-aac0-463b-8ef8-9e3bfa407804 - Episode 8
Step 19
Selected action: Action(ActionType.PICK, obj=/column2, slot=None,grasp=GraspType.RIGHT_0) with motion param: front_270
here
Action: Action(ActionType.PICK, obj=/column2, slot=None,grasp=GraspType.FRONT_270)
[EXEC] Picking /column2 with front_270

[INFO] Found 1984 potential configurations.
[INFO] Motion completed successfully with result: success,in execution time: 3.04 seconds
[INFO] Found a reachable configuration for pick action after 1 attempts.
Tip distance after pick: 0.02020177031579448
[INFO] Pick action completed successfully.in execution time: 3.04 seconds
[EXEC] Action ActionType.PICK executed in 31.86 seconds
[SUCCESS] Action ActionType.PICK succeeded for object /column2
[LOG] Transition logged to MongoDB: 0fe6c8f8-aac0-463b-8ef8-9e3bfa407804 - Episode 8
Step 20
Selected action: Action(ActionType.PLACE, obj=/column2, slot=/region_2,grasp=GraspType.FRONT_270) with motion param: right_0
here
Action: Action(ActionType.PLACE, obj=/column2, slot=/region_2,grasp=GraspType.RIGHT_0)
[EXEC] Placing at [0.6, 0.80001, 0.5] with grasp right_0
[ERROR] No IK configurations found for desired place pose.
[EXEC] Action ActionType.PLACE executed in 1.02 seconds
[ERROR] Action ActionType.PLACE failed for object /column2
Action failed ! time elapsed: 0.001
[LOG] Transition logged to MongoDB: 0fe6c8f8-aac0-463b-8ef8-9e3bfa407804 - Episode 8
Step 21
Selected action: Action(ActionType.PLACE, obj=/column2, slot=/region_0,grasp=GraspType.TOP_0) with motion param: right_0
here
Action: Action(ActionType.PLACE, obj=/column2, slot=/region_0,grasp=GraspType.RIGHT_0)
[EXEC] Placing at [0.35, 0.8, 0.521] with grasp right_0

[INFO] Found 3584 potential configurations.
[INFO] Motion completed successfully with result: success,in execution time: 7.60 seconds
[INFO] Found a reachable configuration for place action after 1 attempts.
[INFO] Place action completed successfully.
realigning placed object /column2 to target position
[EXEC] Action ActionType.PLACE executed in 26.13 seconds
[SUCCESS] Action ActionType.PLACE succeeded for object /column2
[LOG] Transition logged to MongoDB: 0fe6c8f8-aac0-463b-8ef8-9e3bfa407804 - Episode 8
Step 22
Selected action: Action(ActionType.PICK, obj=/column0, slot=None,grasp=GraspType.RIGHT_0) with motion param: top_0
here
Action: Action(ActionType.PICK, obj=/column0, slot=None,grasp=GraspType.TOP_0)
[EXEC] Picking /column0 with top_0

[INFO] Found 3648 potential configurations.
[WARN] No valid configuration found (all tested configs invalid).
[EXEC] Action ActionType.PICK executed in 34.69 seconds
[ERROR] Action ActionType.PICK failed for object /column0
Action failed ! time elapsed: 0.001
[LOG] Transition logged to MongoDB: 0fe6c8f8-aac0-463b-8ef8-9e3bfa407804 - Episode 8
Step 23
Selected action: Action(ActionType.PICK, obj=/column2, slot=None,grasp=GraspType.FRONT_270) with motion param: top_0
here
Action: Action(ActionType.PICK, obj=/column2, slot=None,grasp=GraspType.TOP_0)
[EXEC] Picking /column2 with top_0

[INFO] Found 3328 potential configurations.
[INFO] Motion completed successfully with result: success,in execution time: 4.24 seconds
[INFO] Found a reachable configuration for pick action after 1 attempts.
Tip distance after pick: 0.028020390337921152
[INFO] Pick action completed successfully.in execution time: 4.24 seconds
[EXEC] Action ActionType.PICK executed in 25.76 seconds
[SUCCESS] Action ActionType.PICK succeeded for object /column2
[LOG] Transition logged to MongoDB: 0fe6c8f8-aac0-463b-8ef8-9e3bfa407804 - Episode 8
Step 24
Selected action: Action(ActionType.PLACE, obj=/column2, slot=/goal_1,grasp=GraspType.FRONT_270) with motion param: left_0
here
Action: Action(ActionType.PLACE, obj=/column2, slot=/goal_1,grasp=GraspType.LEFT_0)
[EXEC] Placing at [-0.2749999999999999, 1.0750000000000006, 0.5] with grasp left_0

[INFO] Found 896 potential configurations.
[WARN] No valid configuration found (all tested configs invalid).
[EXEC] Action ActionType.PLACE executed in 8.98 seconds
[ERROR] Action ActionType.PLACE failed for object /column2
Action failed ! time elapsed: 0.001
[LOG] Transition logged to MongoDB: 0fe6c8f8-aac0-463b-8ef8-9e3bfa407804 - Episode 8
Step 25
Selected action: Action(ActionType.PLACE, obj=/column2, slot=/region_0,grasp=GraspType.RIGHT_0) with motion param: front_270
here
Action: Action(ActionType.PLACE, obj=/column2, slot=/region_0,grasp=GraspType.FRONT_270)
[EXEC] Placing at [0.35, 0.8, 0.521] with grasp front_270

[INFO] Found 2944 potential configurations.
[INFO] Motion completed successfully with result: success,in execution time: 3.96 seconds
[INFO] Found a reachable configuration for place action after 1 attempts.
[INFO] Place action completed successfully.
realigning placed object /column2 to target position
[EXEC] Action ActionType.PLACE executed in 31.99 seconds
[SUCCESS] Action ActionType.PLACE succeeded for object /column2
[LOG] Transition logged to MongoDB: 0fe6c8f8-aac0-463b-8ef8-9e3bfa407804 - Episode 8
Step 26
Selected action: Action(ActionType.PICK, obj=/column0, slot=None,grasp=GraspType.TOP_0) with motion param: left_0
here
Action: Action(ActionType.PICK, obj=/column0, slot=None,grasp=GraspType.LEFT_0)
[EXEC] Picking /column0 with left_0
[ERROR] No IK configurations found for desired pick pose.
[EXEC] Action ActionType.PICK executed in 1.02 seconds
[ERROR] Action ActionType.PICK failed for object /column0
Action failed ! time elapsed: 0.001
[LOG] Transition logged to MongoDB: 0fe6c8f8-aac0-463b-8ef8-9e3bfa407804 - Episode 8
Step 27
Selected action: Action(ActionType.PICK, obj=/column0, slot=None,grasp=GraspType.LEFT_0) with motion param: right_0
here
Action: Action(ActionType.PICK, obj=/column0, slot=None,grasp=GraspType.RIGHT_0)
[EXEC] Picking /column0 with right_0

[INFO] Found 1024 potential configurations.
[ERROR] Motion failed (collision or invalid path)
[ERROR] Motion result: no_path
[WARN] Failed to find a path to the selected pick config on attempt 1.
[WARN] No path found to picked config, discarding and trying next valid config...
[ERROR] Motion failed (collision or invalid path)
[ERROR] Motion result: no_path
[WARN] Failed to find a path to the selected pick config on attempt 2.
[WARN] No path found to picked config, discarding and trying next valid config...
[ERROR] Motion failed (collision or invalid path)
[ERROR] Motion result: no_path
[WARN] Failed to find a path to the selected pick config on attempt 3.
[WARN] No path found to picked config, discarding and trying next valid config...
[ERROR] Max IK attempts reached, pick action failed.
[EXEC] Action ActionType.PICK executed in 19.56 seconds
[ERROR] Action ActionType.PICK failed for object /column0
Action failed ! time elapsed: 0.001
[LOG] Transition logged to MongoDB: 0fe6c8f8-aac0-463b-8ef8-9e3bfa407804 - Episode 8
Step 28
Selected action: Action(ActionType.PICK, obj=/column1, slot=None,grasp=GraspType.FRONT_270) with motion param: right_0
here
Action: Action(ActionType.PICK, obj=/column1, slot=None,grasp=GraspType.RIGHT_0)
[EXEC] Picking /column1 with right_0
[ERROR] No IK configurations found for desired pick pose.
[EXEC] Action ActionType.PICK executed in 1.02 seconds
[ERROR] Action ActionType.PICK failed for object /column1
Action failed ! time elapsed: 0.001
[LOG] Transition logged to MongoDB: 0fe6c8f8-aac0-463b-8ef8-9e3bfa407804 - Episode 8
Step 29
Selected action: Action(ActionType.PICK, obj=/column1, slot=None,grasp=GraspType.RIGHT_0) with motion param: right_0
here
Action: Action(ActionType.PICK, obj=/column1, slot=None,grasp=GraspType.RIGHT_0)
[EXEC] Picking /column1 with right_0
[ERROR] No IK configurations found for desired pick pose.
[EXEC] Action ActionType.PICK executed in 1.02 seconds
[ERROR] Action ActionType.PICK failed for object /column1
Action failed ! time elapsed: 0.001
[LOG] Transition logged to MongoDB: 0fe6c8f8-aac0-463b-8ef8-9e3bfa407804 - Episode 8
Pilot run finished, resetting scene
Leaving object if held
Pilot run 9
Step 0
Selected action: Action(ActionType.PICK, obj=/column0, slot=None,grasp=GraspType.RIGHT_0) with motion param: front_270
here
Action: Action(ActionType.PICK, obj=/column0, slot=None,grasp=GraspType.FRONT_270)
[EXEC] Picking /column0 with front_270

[INFO] Found 1664 potential configurations.
[INFO] Motion completed successfully with result: success,in execution time: 4.52 seconds
[INFO] Found a reachable configuration for pick action after 1 attempts.
Tip distance after pick: 0.021692194842632295
[INFO] Pick action completed successfully.in execution time: 4.52 seconds
[EXEC] Action ActionType.PICK executed in 28.09 seconds
[SUCCESS] Action ActionType.PICK succeeded for object /column0
[LOG] Transition logged to MongoDB: 0fe6c8f8-aac0-463b-8ef8-9e3bfa407804 - Episode 8
Step 1
Selected action: Action(ActionType.PLACE, obj=/column0, slot=/region_0,grasp=GraspType.TOP_0) with motion param: right_0
here
Action: Action(ActionType.PLACE, obj=/column0, slot=/region_0,grasp=GraspType.RIGHT_0)
[EXEC] Placing at [0.35, 0.8, 0.521] with grasp right_0

[INFO] Found 3968 potential configurations.
[INFO] Motion completed successfully with result: success,in execution time: 3.12 seconds
[INFO] Found a reachable configuration for place action after 1 attempts.
[INFO] Place action completed successfully.
realigning placed object /column0 to target position
[EXEC] Action ActionType.PLACE executed in 19.57 seconds
[SUCCESS] Action ActionType.PLACE succeeded for object /column0
[LOG] Transition logged to MongoDB: 0fe6c8f8-aac0-463b-8ef8-9e3bfa407804 - Episode 8
Step 2
Selected action: Action(ActionType.PICK, obj=/column0, slot=None,grasp=GraspType.FRONT_270) with motion param: left_0
here
Action: Action(ActionType.PICK, obj=/column0, slot=None,grasp=GraspType.LEFT_0)
[EXEC] Picking /column0 with left_0

[INFO] Found 2176 potential configurations.
[INFO] Motion completed successfully with result: success,in execution time: 5.68 seconds
[INFO] Found a reachable configuration for pick action after 1 attempts.
Tip distance after pick: 0.021221700529670113
[INFO] Pick action completed successfully.in execution time: 5.68 seconds
[EXEC] Action ActionType.PICK executed in 24.83 seconds
[SUCCESS] Action ActionType.PICK succeeded for object /column0
[LOG] Transition logged to MongoDB: 0fe6c8f8-aac0-463b-8ef8-9e3bfa407804 - Episode 8
Step 3
Selected action: Action(ActionType.PLACE, obj=/column0, slot=/goal_1,grasp=GraspType.LEFT_0) with motion param: top_0
here
Action: Action(ActionType.PLACE, obj=/column0, slot=/goal_1,grasp=GraspType.TOP_0)
[EXEC] Placing at [-0.2749999999999999, 1.0750000000000006, 0.5] with grasp top_0

[INFO] Found 1536 potential configurations.
[ERROR] Motion failed (collision or invalid path)
[ERROR] Motion result: no_path
[WARN] Failed to find a path to the selected place config on attempt 1.
[WARN] No path found to selected place config, discarding and trying next valid config...
[INFO] Motion completed successfully with result: success,in execution time: 2.96 seconds
[INFO] Found a reachable configuration for place action after 2 attempts.
[INFO] Place action completed successfully.
realigning placed object /column0 to target position
[EXEC] Action ActionType.PLACE executed in 26.71 seconds
[SUCCESS] Action ActionType.PLACE succeeded for object /column0
[LOG] Transition logged to MongoDB: 0fe6c8f8-aac0-463b-8ef8-9e3bfa407804 - Episode 8
Step 4
Selected action: Action(ActionType.PICK, obj=/column1, slot=None,grasp=GraspType.RIGHT_0) with motion param: right_0
here
Action: Action(ActionType.PICK, obj=/column1, slot=None,grasp=GraspType.RIGHT_0)
[EXEC] Picking /column1 with right_0
[ERROR] No IK configurations found for desired pick pose.
[EXEC] Action ActionType.PICK executed in 1.02 seconds
[ERROR] Action ActionType.PICK failed for object /column1
Action failed ! time elapsed: 0.001
[LOG] Transition logged to MongoDB: 0fe6c8f8-aac0-463b-8ef8-9e3bfa407804 - Episode 8
Step 5
Selected action: Action(ActionType.PICK, obj=/column2, slot=None,grasp=GraspType.TOP_0) with motion param: left_0
here
Action: Action(ActionType.PICK, obj=/column2, slot=None,grasp=GraspType.LEFT_0)
[EXEC] Picking /column2 with left_0

[INFO] Found 1344 potential configurations.
[WARN] No valid configuration found (all tested configs invalid).
[EXEC] Action ActionType.PICK executed in 1.61 seconds
[ERROR] Action ActionType.PICK failed for object /column2
Action failed ! time elapsed: 0.001
[LOG] Transition logged to MongoDB: 0fe6c8f8-aac0-463b-8ef8-9e3bfa407804 - Episode 8
Step 6
Selected action: Action(ActionType.PICK, obj=/column1, slot=None,grasp=GraspType.RIGHT_0) with motion param: front_270
here
Action: Action(ActionType.PICK, obj=/column1, slot=None,grasp=GraspType.FRONT_270)
[EXEC] Picking /column1 with front_270

[INFO] Found 1856 potential configurations.
[INFO] Motion completed successfully with result: success,in execution time: 10.84 seconds
[INFO] Found a reachable configuration for pick action after 1 attempts.
Tip distance after pick: 0.02006807109451837
[INFO] Pick action completed successfully.in execution time: 10.84 seconds
[EXEC] Action ActionType.PICK executed in 38.46 seconds
[SUCCESS] Action ActionType.PICK succeeded for object /column1
[LOG] Transition logged to MongoDB: 0fe6c8f8-aac0-463b-8ef8-9e3bfa407804 - Episode 8
Step 7
Selected action: Action(ActionType.PLACE, obj=/column1, slot=/region_2,grasp=GraspType.TOP_0) with motion param: top_0
here
Action: Action(ActionType.PLACE, obj=/column1, slot=/region_2,grasp=GraspType.TOP_0)
[EXEC] Placing at [0.6, 0.80001, 0.5] with grasp top_0

[INFO] Found 1920 potential configurations.
[INFO] Motion completed successfully with result: success,in execution time: 4.12 seconds
[INFO] Found a reachable configuration for place action after 1 attempts.
[INFO] Place action completed successfully.
realigning placed object /column1 to target position
[EXEC] Action ActionType.PLACE executed in 27.34 seconds
[SUCCESS] Action ActionType.PLACE succeeded for object /column1
[LOG] Transition logged to MongoDB: 0fe6c8f8-aac0-463b-8ef8-9e3bfa407804 - Episode 8
Step 8
Selected action: Action(ActionType.PICK, obj=/column0, slot=None,grasp=GraspType.LEFT_0) with motion param: right_0
here
Action: Action(ActionType.PICK, obj=/column0, slot=None,grasp=GraspType.RIGHT_0)
[EXEC] Picking /column0 with right_0

[INFO] Found 1472 potential configurations.
[WARN] No valid configuration found (all tested configs invalid).
[EXEC] Action ActionType.PICK executed in 2.28 seconds
[ERROR] Action ActionType.PICK failed for object /column0
Action failed ! time elapsed: 0.001
[LOG] Transition logged to MongoDB: 0fe6c8f8-aac0-463b-8ef8-9e3bfa407804 - Episode 8
Step 9
Selected action: Action(ActionType.PICK, obj=/column0, slot=None,grasp=GraspType.RIGHT_0) with motion param: left_0
here
Action: Action(ActionType.PICK, obj=/column0, slot=None,grasp=GraspType.LEFT_0)
[EXEC] Picking /column0 with left_0
[ERROR] No IK configurations found for desired pick pose.
[EXEC] Action ActionType.PICK executed in 1.02 seconds
[ERROR] Action ActionType.PICK failed for object /column0
Action failed ! time elapsed: 0.001
[LOG] Transition logged to MongoDB: 0fe6c8f8-aac0-463b-8ef8-9e3bfa407804 - Episode 8
Step 10
Selected action: Action(ActionType.PICK, obj=/column1, slot=None,grasp=GraspType.FRONT_270) with motion param: left_0
here
Action: Action(ActionType.PICK, obj=/column1, slot=None,grasp=GraspType.LEFT_0)
[EXEC] Picking /column1 with left_0

[INFO] Found 2304 potential configurations.
[INFO] Motion completed successfully with result: success,in execution time: 3.72 seconds
[INFO] Found a reachable configuration for pick action after 1 attempts.
Tip distance after pick: 0.02065113674550862
[INFO] Pick action completed successfully.in execution time: 3.72 seconds
[EXEC] Action ActionType.PICK executed in 31.29 seconds
[SUCCESS] Action ActionType.PICK succeeded for object /column1
[LOG] Transition logged to MongoDB: 0fe6c8f8-aac0-463b-8ef8-9e3bfa407804 - Episode 8
Step 11
Selected action: Action(ActionType.PLACE, obj=/column1, slot=/goal_2,grasp=GraspType.LEFT_0) with motion param: front_270
here
Action: Action(ActionType.PLACE, obj=/column1, slot=/goal_2,grasp=GraspType.FRONT_270)
[EXEC] Placing at [-0.6000000000000001, 0.8250000000000003, 0.5] with grasp front_270

[INFO] Found 3328 potential configurations.
[WARN] No valid configuration found (all tested configs invalid).
[EXEC] Action ActionType.PLACE executed in 3.70 seconds
[ERROR] Action ActionType.PLACE failed for object /column1
Action failed ! time elapsed: 0.001
[LOG] Transition logged to MongoDB: 0fe6c8f8-aac0-463b-8ef8-9e3bfa407804 - Episode 8
Step 12
Selected action: Action(ActionType.PLACE, obj=/column1, slot=/goal_0,grasp=GraspType.RIGHT_0) with motion param: front_270
here
Action: Action(ActionType.PLACE, obj=/column1, slot=/goal_0,grasp=GraspType.FRONT_270)
[EXEC] Placing at [-0.27499999999999986, 0.8250000000000005, 0.5] with grasp front_270

[INFO] Found 2944 potential configurations.
[INFO] Motion completed successfully with result: success,in execution time: 7.24 seconds
[INFO] Found a reachable configuration for place action after 1 attempts.
[INFO] Place action completed successfully.
realigning placed object /column1 to target position
[EXEC] Action ActionType.PLACE executed in 34.88 seconds
[SUCCESS] Action ActionType.PLACE succeeded for object /column1
[LOG] Transition logged to MongoDB: 0fe6c8f8-aac0-463b-8ef8-9e3bfa407804 - Episode 8
Step 13
Selected action: Action(ActionType.PICK, obj=/column1, slot=None,grasp=GraspType.LEFT_0) with motion param: top_0
here
Action: Action(ActionType.PICK, obj=/column1, slot=None,grasp=GraspType.TOP_0)
[EXEC] Picking /column1 with top_0

[INFO] Found 4736 potential configurations.
[INFO] Motion completed successfully with result: success,in execution time: 4.24 seconds
[INFO] Found a reachable configuration for pick action after 1 attempts.
Tip distance after pick: 0.028152825508453487
[INFO] Pick action completed successfully.in execution time: 4.24 seconds
[EXEC] Action ActionType.PICK executed in 23.52 seconds
[SUCCESS] Action ActionType.PICK succeeded for object /column1
[LOG] Transition logged to MongoDB: 0fe6c8f8-aac0-463b-8ef8-9e3bfa407804 - Episode 8
Step 14
Selected action: Action(ActionType.PLACE, obj=/column1, slot=/region_2,grasp=GraspType.TOP_0) with motion param: right_0
here
Action: Action(ActionType.PLACE, obj=/column1, slot=/region_2,grasp=GraspType.RIGHT_0)
[EXEC] Placing at [0.6, 0.80001, 0.5] with grasp right_0
[ERROR] No IK configurations found for desired place pose.
[EXEC] Action ActionType.PLACE executed in 1.02 seconds
[ERROR] Action ActionType.PLACE failed for object /column1
Action failed ! time elapsed: 0.001
[LOG] Transition logged to MongoDB: 0fe6c8f8-aac0-463b-8ef8-9e3bfa407804 - Episode 8
Step 15
Selected action: Action(ActionType.PLACE, obj=/column1, slot=/goal_0,grasp=GraspType.FRONT_270) with motion param: left_0
here
Action: Action(ActionType.PLACE, obj=/column1, slot=/goal_0,grasp=GraspType.LEFT_0)
[EXEC] Placing at [-0.27499999999999986, 0.8250000000000005, 0.5] with grasp left_0

[INFO] Found 3136 potential configurations.
[WARN] No valid configuration found (all tested configs invalid).
[EXEC] Action ActionType.PLACE executed in 31.84 seconds
[ERROR] Action ActionType.PLACE failed for object /column1
Action failed ! time elapsed: 0.001
[LOG] Transition logged to MongoDB: 0fe6c8f8-aac0-463b-8ef8-9e3bfa407804 - Episode 8
Step 16
Selected action: Action(ActionType.PLACE, obj=/column1, slot=/region_2,grasp=GraspType.RIGHT_0) with motion param: top_0
here
Action: Action(ActionType.PLACE, obj=/column1, slot=/region_2,grasp=GraspType.TOP_0)
[EXEC] Placing at [0.6, 0.80001, 0.5] with grasp top_0

[INFO] Found 1408 potential configurations.
[INFO] Motion completed successfully with result: success,in execution time: 6.72 seconds
[INFO] Found a reachable configuration for place action after 1 attempts.
[INFO] Place action completed successfully.
realigning placed object /column1 to target position
[EXEC] Action ActionType.PLACE executed in 25.82 seconds
[SUCCESS] Action ActionType.PLACE succeeded for object /column1
[LOG] Transition logged to MongoDB: 0fe6c8f8-aac0-463b-8ef8-9e3bfa407804 - Episode 8
Step 17
Selected action: Action(ActionType.PICK, obj=/column1, slot=None,grasp=GraspType.TOP_0) with motion param: top_0
here
Action: Action(ActionType.PICK, obj=/column1, slot=None,grasp=GraspType.TOP_0)
[EXEC] Picking /column1 with top_0

[INFO] Found 1792 potential configurations.
[INFO] Motion completed successfully with result: success,in execution time: 1.76 seconds
[INFO] Found a reachable configuration for pick action after 1 attempts.
Tip distance after pick: 0.027441920179864968
[INFO] Pick action completed successfully.in execution time: 1.76 seconds
[EXEC] Action ActionType.PICK executed in 15.55 seconds
[SUCCESS] Action ActionType.PICK succeeded for object /column1
[LOG] Transition logged to MongoDB: 0fe6c8f8-aac0-463b-8ef8-9e3bfa407804 - Episode 8
Step 18
Selected action: Action(ActionType.PLACE, obj=/column1, slot=/region_2,grasp=GraspType.TOP_0) with motion param: front_270
here
Action: Action(ActionType.PLACE, obj=/column1, slot=/region_2,grasp=GraspType.FRONT_270)
[EXEC] Placing at [0.6, 0.80001, 0.5] with grasp front_270

[INFO] Found 2240 potential configurations.
[INFO] Motion completed successfully with result: success,in execution time: 4.24 seconds
[INFO] Found a reachable configuration for place action after 1 attempts.
[INFO] Place action completed successfully.
realigning placed object /column1 to target position
[EXEC] Action ActionType.PLACE executed in 22.24 seconds
[SUCCESS] Action ActionType.PLACE succeeded for object /column1
[LOG] Transition logged to MongoDB: 0fe6c8f8-aac0-463b-8ef8-9e3bfa407804 - Episode 8
Step 19
Selected action: Action(ActionType.PICK, obj=/column1, slot=None,grasp=GraspType.TOP_0) with motion param: left_0
here
Action: Action(ActionType.PICK, obj=/column1, slot=None,grasp=GraspType.LEFT_0)
[EXEC] Picking /column1 with left_0

[INFO] Found 1920 potential configurations.
[INFO] Motion completed successfully with result: success,in execution time: 5.28 seconds
[INFO] Found a reachable configuration for pick action after 1 attempts.
Tip distance after pick: 0.019886815242418462
[INFO] Pick action completed successfully.in execution time: 5.28 seconds
[EXEC] Action ActionType.PICK executed in 26.26 seconds
[SUCCESS] Action ActionType.PICK succeeded for object /column1
[LOG] Transition logged to MongoDB: 0fe6c8f8-aac0-463b-8ef8-9e3bfa407804 - Episode 8
Step 20
Selected action: Action(ActionType.PLACE, obj=/column1, slot=/region_2,grasp=GraspType.FRONT_270) with motion param: right_0
here
Action: Action(ActionType.PLACE, obj=/column1, slot=/region_2,grasp=GraspType.RIGHT_0)
[EXEC] Placing at [0.6, 0.80001, 0.5] with grasp right_0
[ERROR] No IK configurations found for desired place pose.
[EXEC] Action ActionType.PLACE executed in 1.02 seconds
[ERROR] Action ActionType.PLACE failed for object /column1
Action failed ! time elapsed: 0.001
[LOG] Transition logged to MongoDB: 0fe6c8f8-aac0-463b-8ef8-9e3bfa407804 - Episode 8
Step 21
Selected action: Action(ActionType.PLACE, obj=/column1, slot=/goal_2,grasp=GraspType.FRONT_270) with motion param: front_270
here
Action: Action(ActionType.PLACE, obj=/column1, slot=/goal_2,grasp=GraspType.FRONT_270)
[EXEC] Placing at [-0.6000000000000001, 0.8250000000000003, 0.5] with grasp front_270

[INFO] Found 2048 potential configurations.
[WARN] No valid configuration found (all tested configs invalid).
[EXEC] Action ActionType.PLACE executed in 2.87 seconds
[ERROR] Action ActionType.PLACE failed for object /column1
Action failed ! time elapsed: 0.001
[LOG] Transition logged to MongoDB: 0fe6c8f8-aac0-463b-8ef8-9e3bfa407804 - Episode 8
Step 22
Selected action: Action(ActionType.PLACE, obj=/column1, slot=/goal_2,grasp=GraspType.FRONT_270) with motion param: top_0
here
Action: Action(ActionType.PLACE, obj=/column1, slot=/goal_2,grasp=GraspType.TOP_0)
[EXEC] Placing at [-0.6000000000000001, 0.8250000000000003, 0.5] with grasp top_0

[INFO] Found 2368 potential configurations.
[WARN] No valid configuration found (all tested configs invalid).
[EXEC] Action ActionType.PLACE executed in 3.08 seconds
[ERROR] Action ActionType.PLACE failed for object /column1
Action failed ! time elapsed: 0.001
[LOG] Transition logged to MongoDB: 0fe6c8f8-aac0-463b-8ef8-9e3bfa407804 - Episode 8
Step 23
Selected action: Action(ActionType.PLACE, obj=/column1, slot=/goal_2,grasp=GraspType.TOP_0) with motion param: front_270
here
Action: Action(ActionType.PLACE, obj=/column1, slot=/goal_2,grasp=GraspType.FRONT_270)
[EXEC] Placing at [-0.6000000000000001, 0.8250000000000003, 0.5] with grasp front_270

[INFO] Found 3008 potential configurations.
[WARN] No valid configuration found (all tested configs invalid).
[EXEC] Action ActionType.PLACE executed in 3.34 seconds
[ERROR] Action ActionType.PLACE failed for object /column1
Action failed ! time elapsed: 0.001
[LOG] Transition logged to MongoDB: 0fe6c8f8-aac0-463b-8ef8-9e3bfa407804 - Episode 8
Step 24
Selected action: Action(ActionType.PLACE, obj=/column1, slot=/region_0,grasp=GraspType.TOP_0) with motion param: left_0
here
Action: Action(ActionType.PLACE, obj=/column1, slot=/region_0,grasp=GraspType.LEFT_0)
[EXEC] Placing at [0.35, 0.8, 0.521] with grasp left_0

[INFO] Found 2496 potential configurations.
[INFO] Motion completed successfully with result: success,in execution time: 10.80 seconds
[INFO] Found a reachable configuration for place action after 1 attempts.
[INFO] Place action completed successfully.
realigning placed object /column1 to target position
[EXEC] Action ActionType.PLACE executed in 27.17 seconds
[SUCCESS] Action ActionType.PLACE succeeded for object /column1
[LOG] Transition logged to MongoDB: 0fe6c8f8-aac0-463b-8ef8-9e3bfa407804 - Episode 8
Step 25
Selected action: Action(ActionType.PICK, obj=/column1, slot=None,grasp=GraspType.LEFT_0) with motion param: right_0
here
Action: Action(ActionType.PICK, obj=/column1, slot=None,grasp=GraspType.RIGHT_0)
[EXEC] Picking /column1 with right_0

[INFO] Found 3072 potential configurations.
[ERROR] Motion failed (collision or invalid path)
[ERROR] Motion result: no_path
[WARN] Failed to find a path to the selected pick config on attempt 1.
[WARN] No path found to picked config, discarding and trying next valid config...
[INFO] Motion completed successfully with result: success,in execution time: 8.72 seconds
[INFO] Found a reachable configuration for pick action after 2 attempts.
Tip distance after pick: 0.019215807150452895
[INFO] Pick action completed successfully.in execution time: 8.72 seconds
[EXEC] Action ActionType.PICK executed in 41.01 seconds
[SUCCESS] Action ActionType.PICK succeeded for object /column1
[LOG] Transition logged to MongoDB: 0fe6c8f8-aac0-463b-8ef8-9e3bfa407804 - Episode 8
Step 26
Selected action: Action(ActionType.PLACE, obj=/column1, slot=/goal_2,grasp=GraspType.FRONT_270) with motion param: left_0
here
Action: Action(ActionType.PLACE, obj=/column1, slot=/goal_2,grasp=GraspType.LEFT_0)
[EXEC] Placing at [-0.6000000000000001, 0.8250000000000003, 0.5] with grasp left_0

[INFO] Found 1600 potential configurations.
[WARN] No valid configuration found (all tested configs invalid).
[EXEC] Action ActionType.PLACE executed in 2.01 seconds
[ERROR] Action ActionType.PLACE failed for object /column1
Action failed ! time elapsed: 0.001
[LOG] Transition logged to MongoDB: 0fe6c8f8-aac0-463b-8ef8-9e3bfa407804 - Episode 8
Step 27
Selected action: Action(ActionType.PLACE, obj=/column1, slot=/region_2,grasp=GraspType.RIGHT_0) with motion param: right_0
here
Action: Action(ActionType.PLACE, obj=/column1, slot=/region_2,grasp=GraspType.RIGHT_0)
[EXEC] Placing at [0.6, 0.80001, 0.5] with grasp right_0
[ERROR] No IK configurations found for desired place pose.
[EXEC] Action ActionType.PLACE executed in 1.02 seconds
[ERROR] Action ActionType.PLACE failed for object /column1
Action failed ! time elapsed: 0.001
[LOG] Transition logged to MongoDB: 0fe6c8f8-aac0-463b-8ef8-9e3bfa407804 - Episode 8
Step 28
Selected action: Action(ActionType.PLACE, obj=/column1, slot=/goal_0,grasp=GraspType.LEFT_0) with motion param: top_0
here
Action: Action(ActionType.PLACE, obj=/column1, slot=/goal_0,grasp=GraspType.TOP_0)
[EXEC] Placing at [-0.27499999999999986, 0.8250000000000005, 0.5] with grasp top_0

[INFO] Found 4096 potential configurations.
[INFO] Motion completed successfully with result: success,in execution time: 5.12 seconds
[INFO] Found a reachable configuration for place action after 1 attempts.
[INFO] Place action completed successfully.
realigning placed object /column1 to target position
[EXEC] Action ActionType.PLACE executed in 25.87 seconds
[SUCCESS] Action ActionType.PLACE succeeded for object /column1
[LOG] Transition logged to MongoDB: 0fe6c8f8-aac0-463b-8ef8-9e3bfa407804 - Episode 8
Step 29
Selected action: Action(ActionType.PICK, obj=/column2, slot=None,grasp=GraspType.LEFT_0) with motion param: front_270
here
Action: Action(ActionType.PICK, obj=/column2, slot=None,grasp=GraspType.FRONT_270)
[EXEC] Picking /column2 with front_270

[INFO] Found 1600 potential configurations.
[ERROR] Motion failed (collision or invalid path)
[ERROR] Motion result: no_path
[WARN] Failed to find a path to the selected pick config on attempt 1.
[WARN] No path found to picked config, discarding and trying next valid config...
[INFO] Motion completed successfully with result: success,in execution time: 12.40 seconds
[INFO] Found a reachable configuration for pick action after 2 attempts.
Tip distance after pick: 0.01825120542444529
[INFO] Pick action completed successfully.in execution time: 12.40 seconds
[EXEC] Action ActionType.PICK executed in 45.48 seconds
[SUCCESS] Action ActionType.PICK succeeded for object /column2
[LOG] Transition logged to MongoDB: 0fe6c8f8-aac0-463b-8ef8-9e3bfa407804 - Episode 8
Pilot run finished, resetting scene
Leaving object if held
Pilot run 10
Step 0
Selected action: Action(ActionType.PICK, obj=/column2, slot=None,grasp=GraspType.FRONT_270) with motion param: left_0
here
Action: Action(ActionType.PICK, obj=/column2, slot=None,grasp=GraspType.LEFT_0)
[EXEC] Picking /column2 with left_0

[INFO] Found 1472 potential configurations.
[WARN] No valid configuration found (all tested configs invalid).
[EXEC] Action ActionType.PICK executed in 2.19 seconds
[ERROR] Action ActionType.PICK failed for object /column2
Action failed ! time elapsed: 0.001
[LOG] Transition logged to MongoDB: 0fe6c8f8-aac0-463b-8ef8-9e3bfa407804 - Episode 8
Step 1
Selected action: Action(ActionType.PICK, obj=/column1, slot=None,grasp=GraspType.RIGHT_0) with motion param: left_0
here
Action: Action(ActionType.PICK, obj=/column1, slot=None,grasp=GraspType.LEFT_0)
[EXEC] Picking /column1 with left_0

[INFO] Found 1984 potential configurations.
[WARN] No valid configuration found (all tested configs invalid).
[EXEC] Action ActionType.PICK executed in 3.82 seconds
[ERROR] Action ActionType.PICK failed for object /column1
Action failed ! time elapsed: 0.001
[LOG] Transition logged to MongoDB: 0fe6c8f8-aac0-463b-8ef8-9e3bfa407804 - Episode 8
Step 2
Selected action: Action(ActionType.PICK, obj=/column0, slot=None,grasp=GraspType.LEFT_0) with motion param: left_0
here
Action: Action(ActionType.PICK, obj=/column0, slot=None,grasp=GraspType.LEFT_0)
[EXEC] Picking /column0 with left_0

[INFO] Found 1856 potential configurations.
[INFO] Motion completed successfully with result: success,in execution time: 4.00 seconds
[INFO] Found a reachable configuration for pick action after 1 attempts.
Tip distance after pick: 0.021455011722420248
[INFO] Pick action completed successfully.in execution time: 4.00 seconds
[EXEC] Action ActionType.PICK executed in 20.47 seconds
[SUCCESS] Action ActionType.PICK succeeded for object /column0
[LOG] Transition logged to MongoDB: 0fe6c8f8-aac0-463b-8ef8-9e3bfa407804 - Episode 8
Step 3
Selected action: Action(ActionType.PLACE, obj=/column0, slot=/goal_1,grasp=GraspType.TOP_0) with motion param: top_0
here
Action: Action(ActionType.PLACE, obj=/column0, slot=/goal_1,grasp=GraspType.TOP_0)
[EXEC] Placing at [-0.2749999999999999, 1.0750000000000006, 0.5] with grasp top_0

[INFO] Found 1536 potential configurations.
[ERROR] Motion failed (collision or invalid path)
[ERROR] Motion result: no_path
[WARN] Failed to find a path to the selected place config on attempt 1.
[WARN] No path found to selected place config, discarding and trying next valid config...
[INFO] Motion completed successfully with result: success,in execution time: 2.96 seconds
[INFO] Found a reachable configuration for place action after 2 attempts.
[INFO] Place action completed successfully.
realigning placed object /column0 to target position
[EXEC] Action ActionType.PLACE executed in 42.51 seconds
[SUCCESS] Action ActionType.PLACE succeeded for object /column0
[LOG] Transition logged to MongoDB: 0fe6c8f8-aac0-463b-8ef8-9e3bfa407804 - Episode 8
Step 4
Selected action: Action(ActionType.PICK, obj=/column0, slot=None,grasp=GraspType.LEFT_0) with motion param: left_0
here
Action: Action(ActionType.PICK, obj=/column0, slot=None,grasp=GraspType.LEFT_0)
[EXEC] Picking /column0 with left_0
[ERROR] No IK configurations found for desired pick pose.
[EXEC] Action ActionType.PICK executed in 1.02 seconds
[ERROR] Action ActionType.PICK failed for object /column0
Action failed ! time elapsed: 0.001
[LOG] Transition logged to MongoDB: 0fe6c8f8-aac0-463b-8ef8-9e3bfa407804 - Episode 8
Step 5
Selected action: Action(ActionType.PICK, obj=/column1, slot=None,grasp=GraspType.LEFT_0) with motion param: top_0
here
Action: Action(ActionType.PICK, obj=/column1, slot=None,grasp=GraspType.TOP_0)
[EXEC] Picking /column1 with top_0

[INFO] Found 2688 potential configurations.
[INFO] Motion completed successfully with result: success,in execution time: 6.00 seconds
[INFO] Found a reachable configuration for pick action after 1 attempts.
Tip distance after pick: 0.026719824521159345
[INFO] Pick action completed successfully.in execution time: 6.00 seconds
[EXEC] Action ActionType.PICK executed in 20.53 seconds
[SUCCESS] Action ActionType.PICK succeeded for object /column1
[LOG] Transition logged to MongoDB: 0fe6c8f8-aac0-463b-8ef8-9e3bfa407804 - Episode 8
Step 6
Selected action: Action(ActionType.PLACE, obj=/column1, slot=/region_2,grasp=GraspType.RIGHT_0) with motion param: left_0
here
Action: Action(ActionType.PLACE, obj=/column1, slot=/region_2,grasp=GraspType.LEFT_0)
[EXEC] Placing at [0.6, 0.80001, 0.5] with grasp left_0

[INFO] Found 2688 potential configurations.
[INFO] Motion completed successfully with result: success,in execution time: 3.76 seconds
[INFO] Found a reachable configuration for place action after 1 attempts.
[INFO] Place action completed successfully.
realigning placed object /column1 to target position
[EXEC] Action ActionType.PLACE executed in 26.73 seconds
[SUCCESS] Action ActionType.PLACE succeeded for object /column1
[LOG] Transition logged to MongoDB: 0fe6c8f8-aac0-463b-8ef8-9e3bfa407804 - Episode 8
Step 7
Selected action: Action(ActionType.PICK, obj=/column0, slot=None,grasp=GraspType.LEFT_0) with motion param: left_0
here
Action: Action(ActionType.PICK, obj=/column0, slot=None,grasp=GraspType.LEFT_0)
[EXEC] Picking /column0 with left_0
[ERROR] No IK configurations found for desired pick pose.
[EXEC] Action ActionType.PICK executed in 1.02 seconds
[ERROR] Action ActionType.PICK failed for object /column0
Action failed ! time elapsed: 0.001
[LOG] Transition logged to MongoDB: 0fe6c8f8-aac0-463b-8ef8-9e3bfa407804 - Episode 8
Step 8
Selected action: Action(ActionType.PICK, obj=/column0, slot=None,grasp=GraspType.LEFT_0) with motion param: front_270
here
Action: Action(ActionType.PICK, obj=/column0, slot=None,grasp=GraspType.FRONT_270)
[EXEC] Picking /column0 with front_270

[INFO] Found 3072 potential configurations.
[INFO] Motion completed successfully with result: success,in execution time: 6.24 seconds
[INFO] Found a reachable configuration for pick action after 1 attempts.
Tip distance after pick: 0.020464949726715687
[INFO] Pick action completed successfully.in execution time: 6.24 seconds
[EXEC] Action ActionType.PICK executed in 25.07 seconds
[SUCCESS] Action ActionType.PICK succeeded for object /column0
[LOG] Transition logged to MongoDB: 0fe6c8f8-aac0-463b-8ef8-9e3bfa407804 - Episode 8
Step 9
Selected action: Action(ActionType.PLACE, obj=/column0, slot=/region_0,grasp=GraspType.RIGHT_0) with motion param: top_0
here
Action: Action(ActionType.PLACE, obj=/column0, slot=/region_0,grasp=GraspType.TOP_0)
[EXEC] Placing at [0.35, 0.8, 0.521] with grasp top_0

[INFO] Found 3200 potential configurations.
[INFO] Motion completed successfully with result: success,in execution time: 7.36 seconds
[INFO] Found a reachable configuration for place action after 1 attempts.
[INFO] Place action completed successfully.
realigning placed object /column0 to target position
[EXEC] Action ActionType.PLACE executed in 40.36 seconds
[SUCCESS] Action ActionType.PLACE succeeded for object /column0
[LOG] Transition logged to MongoDB: 0fe6c8f8-aac0-463b-8ef8-9e3bfa407804 - Episode 8
Step 10
Selected action: Action(ActionType.PICK, obj=/column2, slot=None,grasp=GraspType.LEFT_0) with motion param: top_0
here
Action: Action(ActionType.PICK, obj=/column2, slot=None,grasp=GraspType.TOP_0)
[EXEC] Picking /column2 with top_0

[INFO] Found 384 potential configurations.
[WARN] No valid configuration found (all tested configs invalid).
[EXEC] Action ActionType.PICK executed in 9.98 seconds
[ERROR] Action ActionType.PICK failed for object /column2
Action failed ! time elapsed: 0.001
[LOG] Transition logged to MongoDB: 0fe6c8f8-aac0-463b-8ef8-9e3bfa407804 - Episode 8
Step 11
Selected action: Action(ActionType.PICK, obj=/column2, slot=None,grasp=GraspType.TOP_0) with motion param: front_270
here
Action: Action(ActionType.PICK, obj=/column2, slot=None,grasp=GraspType.FRONT_270)
[EXEC] Picking /column2 with front_270

[INFO] Found 2112 potential configurations.
[WARN] No valid configuration found (all tested configs invalid).
[EXEC] Action ActionType.PICK executed in 2.46 seconds
[ERROR] Action ActionType.PICK failed for object /column2
Action failed ! time elapsed: 0.001
[LOG] Transition logged to MongoDB: 0fe6c8f8-aac0-463b-8ef8-9e3bfa407804 - Episode 8
Step 12
Selected action: Action(ActionType.PICK, obj=/column2, slot=None,grasp=GraspType.FRONT_270) with motion param: right_0
here
Action: Action(ActionType.PICK, obj=/column2, slot=None,grasp=GraspType.RIGHT_0)
[EXEC] Picking /column2 with right_0
[ERROR] No IK configurations found for desired pick pose.
[EXEC] Action ActionType.PICK executed in 1.02 seconds
[ERROR] Action ActionType.PICK failed for object /column2
Action failed ! time elapsed: 0.001
[LOG] Transition logged to MongoDB: 0fe6c8f8-aac0-463b-8ef8-9e3bfa407804 - Episode 8
Step 13
Selected action: Action(ActionType.PICK, obj=/column0, slot=None,grasp=GraspType.FRONT_270) with motion param: right_0
here
Action: Action(ActionType.PICK, obj=/column0, slot=None,grasp=GraspType.RIGHT_0)
[EXEC] Picking /column0 with right_0

[INFO] Found 3008 potential configurations.
[WARN] No valid configuration found (all tested configs invalid).
[EXEC] Action ActionType.PICK executed in 3.50 seconds
[ERROR] Action ActionType.PICK failed for object /column0
Action failed ! time elapsed: 0.001
[LOG] Transition logged to MongoDB: 0fe6c8f8-aac0-463b-8ef8-9e3bfa407804 - Episode 8
Step 14
Selected action: Action(ActionType.PICK, obj=/column2, slot=None,grasp=GraspType.RIGHT_0) with motion param: left_0
here
Action: Action(ActionType.PICK, obj=/column2, slot=None,grasp=GraspType.LEFT_0)
[EXEC] Picking /column2 with left_0

[INFO] Found 1152 potential configurations.
[WARN] No valid configuration found (all tested configs invalid).
[EXEC] Action ActionType.PICK executed in 1.67 seconds
[ERROR] Action ActionType.PICK failed for object /column2
Action failed ! time elapsed: 0.001
[LOG] Transition logged to MongoDB: 0fe6c8f8-aac0-463b-8ef8-9e3bfa407804 - Episode 8
Step 15
Selected action: Action(ActionType.PICK, obj=/column0, slot=None,grasp=GraspType.RIGHT_0) with motion param: top_0
here
Action: Action(ActionType.PICK, obj=/column0, slot=None,grasp=GraspType.TOP_0)
[EXEC] Picking /column0 with top_0

[INFO] Found 3136 potential configurations.
[INFO] Motion completed successfully with result: success,in execution time: 1.76 seconds
[INFO] Found a reachable configuration for pick action after 1 attempts.
Tip distance after pick: 0.028180900033768386
[INFO] Pick action completed successfully.in execution time: 1.76 seconds
[EXEC] Action ActionType.PICK executed in 18.66 seconds
[SUCCESS] Action ActionType.PICK succeeded for object /column0
[LOG] Transition logged to MongoDB: 0fe6c8f8-aac0-463b-8ef8-9e3bfa407804 - Episode 8
Step 16
Selected action: Action(ActionType.PLACE, obj=/column0, slot=/goal_1,grasp=GraspType.TOP_0) with motion param: top_0
here
Action: Action(ActionType.PLACE, obj=/column0, slot=/goal_1,grasp=GraspType.TOP_0)
[EXEC] Placing at [-0.2749999999999999, 1.0750000000000006, 0.5] with grasp top_0

[INFO] Found 1408 potential configurations.
[INFO] Motion completed successfully with result: success,in execution time: 11.40 seconds
[INFO] Found a reachable configuration for place action after 1 attempts.
[INFO] Place action completed successfully.
realigning placed object /column0 to target position
[EXEC] Action ActionType.PLACE executed in 32.11 seconds
[SUCCESS] Action ActionType.PLACE succeeded for object /column0
[LOG] Transition logged to MongoDB: 0fe6c8f8-aac0-463b-8ef8-9e3bfa407804 - Episode 8
Step 17
Selected action: Action(ActionType.PICK, obj=/column1, slot=None,grasp=GraspType.TOP_0) with motion param: front_270
here
Action: Action(ActionType.PICK, obj=/column1, slot=None,grasp=GraspType.FRONT_270)
[EXEC] Picking /column1 with front_270

[INFO] Found 1536 potential configurations.
[INFO] Motion completed successfully with result: success,in execution time: 7.40 seconds
[INFO] Found a reachable configuration for pick action after 1 attempts.
Tip distance after pick: 0.020871531662214608
[INFO] Pick action completed successfully.in execution time: 7.40 seconds
[EXEC] Action ActionType.PICK executed in 22.57 seconds
[SUCCESS] Action ActionType.PICK succeeded for object /column1
[LOG] Transition logged to MongoDB: 0fe6c8f8-aac0-463b-8ef8-9e3bfa407804 - Episode 8
Step 18
Selected action: Action(ActionType.PLACE, obj=/column1, slot=/goal_0,grasp=GraspType.TOP_0) with motion param: left_0
here
Action: Action(ActionType.PLACE, obj=/column1, slot=/goal_0,grasp=GraspType.LEFT_0)
[EXEC] Placing at [-0.27499999999999986, 0.8250000000000005, 0.5] with grasp left_0

[INFO] Found 3584 potential configurations.
[WARN] No valid configuration found (all tested configs invalid).
[EXEC] Action ActionType.PLACE executed in 21.99 seconds
[ERROR] Action ActionType.PLACE failed for object /column1
Action failed ! time elapsed: 0.001
[LOG] Transition logged to MongoDB: 0fe6c8f8-aac0-463b-8ef8-9e3bfa407804 - Episode 8
Step 19
Selected action: Action(ActionType.PLACE, obj=/column1, slot=/goal_0,grasp=GraspType.LEFT_0) with motion param: top_0
here
Action: Action(ActionType.PLACE, obj=/column1, slot=/goal_0,grasp=GraspType.TOP_0)
[EXEC] Placing at [-0.27499999999999986, 0.8250000000000005, 0.5] with grasp top_0

[INFO] Found 4416 potential configurations.
[INFO] Motion completed successfully with result: success,in execution time: 4.12 seconds
[INFO] Found a reachable configuration for place action after 1 attempts.
[INFO] Place action completed successfully.
realigning placed object /column1 to target position
[EXEC] Action ActionType.PLACE executed in 32.52 seconds
[SUCCESS] Action ActionType.PLACE succeeded for object /column1
[LOG] Transition logged to MongoDB: 0fe6c8f8-aac0-463b-8ef8-9e3bfa407804 - Episode 8
Step 20
Selected action: Action(ActionType.PICK, obj=/column2, slot=None,grasp=GraspType.LEFT_0) with motion param: left_0
here
Action: Action(ActionType.PICK, obj=/column2, slot=None,grasp=GraspType.LEFT_0)
[EXEC] Picking /column2 with left_0

[INFO] Found 1344 potential configurations.
[WARN] No valid configuration found (all tested configs invalid).
[EXEC] Action ActionType.PICK executed in 1.65 seconds
[ERROR] Action ActionType.PICK failed for object /column2
Action failed ! time elapsed: 0.001
[LOG] Transition logged to MongoDB: 0fe6c8f8-aac0-463b-8ef8-9e3bfa407804 - Episode 8
Step 21
Selected action: Action(ActionType.PICK, obj=/column0, slot=None,grasp=GraspType.TOP_0) with motion param: top_0
here
Action: Action(ActionType.PICK, obj=/column0, slot=None,grasp=GraspType.TOP_0)
[EXEC] Picking /column0 with top_0

[INFO] Found 1152 potential configurations.
[INFO] Motion completed successfully with result: success,in execution time: 1.76 seconds
[INFO] Found a reachable configuration for pick action after 1 attempts.
Tip distance after pick: 0.02699058587778995
[INFO] Pick action completed successfully.in execution time: 1.76 seconds
[EXEC] Action ActionType.PICK executed in 14.18 seconds
[SUCCESS] Action ActionType.PICK succeeded for object /column0
[LOG] Transition logged to MongoDB: 0fe6c8f8-aac0-463b-8ef8-9e3bfa407804 - Episode 8
Step 22
Selected action: Action(ActionType.PLACE, obj=/column0, slot=/goal_2,grasp=GraspType.RIGHT_0) with motion param: front_270
here
Action: Action(ActionType.PLACE, obj=/column0, slot=/goal_2,grasp=GraspType.FRONT_270)
[EXEC] Placing at [-0.6000000000000001, 0.8250000000000003, 0.5] with grasp front_270

[INFO] Found 2688 potential configurations.
[WARN] No valid configuration found (all tested configs invalid).
[EXEC] Action ActionType.PLACE executed in 2.96 seconds
[ERROR] Action ActionType.PLACE failed for object /column0
Action failed ! time elapsed: 0.001
[LOG] Transition logged to MongoDB: 0fe6c8f8-aac0-463b-8ef8-9e3bfa407804 - Episode 8
Step 23
Selected action: Action(ActionType.PLACE, obj=/column0, slot=/region_2,grasp=GraspType.RIGHT_0) with motion param: right_0
here
Action: Action(ActionType.PLACE, obj=/column0, slot=/region_2,grasp=GraspType.RIGHT_0)
[EXEC] Placing at [0.6, 0.80001, 0.5] with grasp right_0
[ERROR] No IK configurations found for desired place pose.
[EXEC] Action ActionType.PLACE executed in 1.02 seconds
[ERROR] Action ActionType.PLACE failed for object /column0
Action failed ! time elapsed: 0.001
[LOG] Transition logged to MongoDB: 0fe6c8f8-aac0-463b-8ef8-9e3bfa407804 - Episode 8
Step 24
Selected action: Action(ActionType.PLACE, obj=/column0, slot=/goal_2,grasp=GraspType.FRONT_270) with motion param: right_0
here
Action: Action(ActionType.PLACE, obj=/column0, slot=/goal_2,grasp=GraspType.RIGHT_0)
[EXEC] Placing at [-0.6000000000000001, 0.8250000000000003, 0.5] with grasp right_0

[INFO] Found 1344 potential configurations.
[INFO] Motion completed successfully with result: success,in execution time: 3.68 seconds
[INFO] Found a reachable configuration for place action after 1 attempts.
[INFO] Place action completed successfully.
realigning placed object /column0 to target position
[EXEC] Action ActionType.PLACE executed in 16.85 seconds
[SUCCESS] Action ActionType.PLACE succeeded for object /column0
[LOG] Transition logged to MongoDB: 0fe6c8f8-aac0-463b-8ef8-9e3bfa407804 - Episode 8
Step 25
Selected action: Action(ActionType.PICK, obj=/column1, slot=None,grasp=GraspType.FRONT_270) with motion param: top_0
here
Action: Action(ActionType.PICK, obj=/column1, slot=None,grasp=GraspType.TOP_0)
[EXEC] Picking /column1 with top_0

[INFO] Found 3072 potential configurations.
[INFO] Motion completed successfully with result: success,in execution time: 2.96 seconds
[INFO] Found a reachable configuration for pick action after 1 attempts.
Tip distance after pick: 0.027746805092926465
[INFO] Pick action completed successfully.in execution time: 2.96 seconds
[EXEC] Action ActionType.PICK executed in 23.26 seconds
[SUCCESS] Action ActionType.PICK succeeded for object /column1
[LOG] Transition logged to MongoDB: 0fe6c8f8-aac0-463b-8ef8-9e3bfa407804 - Episode 8
Step 26
Selected action: Action(ActionType.PLACE, obj=/column1, slot=/region_0,grasp=GraspType.LEFT_0) with motion param: left_0
here
Action: Action(ActionType.PLACE, obj=/column1, slot=/region_0,grasp=GraspType.LEFT_0)
[EXEC] Placing at [0.35, 0.8, 0.521] with grasp left_0

[INFO] Found 2816 potential configurations.
[INFO] Motion completed successfully with result: success,in execution time: 10.48 seconds
[INFO] Found a reachable configuration for place action after 1 attempts.
[INFO] Place action completed successfully.
realigning placed object /column1 to target position
[EXEC] Action ActionType.PLACE executed in 27.86 seconds
[SUCCESS] Action ActionType.PLACE succeeded for object /column1
[LOG] Transition logged to MongoDB: 0fe6c8f8-aac0-463b-8ef8-9e3bfa407804 - Episode 8
Step 27
Selected action: Action(ActionType.PICK, obj=/column1, slot=None,grasp=GraspType.TOP_0) with motion param: front_270
here
Action: Action(ActionType.PICK, obj=/column1, slot=None,grasp=GraspType.FRONT_270)
[EXEC] Picking /column1 with front_270

[INFO] Found 3392 potential configurations.
[INFO] Motion completed successfully with result: success,in execution time: 6.56 seconds
[INFO] Found a reachable configuration for pick action after 1 attempts.
Tip distance after pick: 0.02240109625605396
[INFO] Pick action completed successfully.in execution time: 6.56 seconds
[EXEC] Action ActionType.PICK executed in 21.87 seconds
[SUCCESS] Action ActionType.PICK succeeded for object /column1
[LOG] Transition logged to MongoDB: 0fe6c8f8-aac0-463b-8ef8-9e3bfa407804 - Episode 8
Step 28
Selected action: Action(ActionType.PLACE, obj=/column1, slot=/region_0,grasp=GraspType.LEFT_0) with motion param: right_0
here
Action: Action(ActionType.PLACE, obj=/column1, slot=/region_0,grasp=GraspType.RIGHT_0)
[EXEC] Placing at [0.35, 0.8, 0.521] with grasp right_0

[INFO] Found 3136 potential configurations.
[INFO] Motion completed successfully with result: success,in execution time: 3.12 seconds
[INFO] Found a reachable configuration for place action after 1 attempts.
[INFO] Place action completed successfully.
realigning placed object /column1 to target position
[EXEC] Action ActionType.PLACE executed in 16.72 seconds
[SUCCESS] Action ActionType.PLACE succeeded for object /column1
[LOG] Transition logged to MongoDB: 0fe6c8f8-aac0-463b-8ef8-9e3bfa407804 - Episode 8
Step 29
Selected action: Action(ActionType.PICK, obj=/column0, slot=None,grasp=GraspType.TOP_0) with motion param: left_0
here
Action: Action(ActionType.PICK, obj=/column0, slot=None,grasp=GraspType.LEFT_0)
[EXEC] Picking /column0 with left_0
[ERROR] No IK configurations found for desired pick pose.
[EXEC] Action ActionType.PICK executed in 1.02 seconds
[ERROR] Action ActionType.PICK failed for object /column0
Action failed ! time elapsed: 0.001
[LOG] Transition logged to MongoDB: 0fe6c8f8-aac0-463b-8ef8-9e3bfa407804 - Episode 8
Pilot run finished, resetting scene
Leaving object if held
Pilot run 11
Step 0
Selected action: Action(ActionType.PICK, obj=/column2, slot=None,grasp=GraspType.LEFT_0) with motion param: right_0
here
Action: Action(ActionType.PICK, obj=/column2, slot=None,grasp=GraspType.RIGHT_0)
[EXEC] Picking /column2 with right_0
[ERROR] No IK configurations found for desired pick pose.
[EXEC] Action ActionType.PICK executed in 1.02 seconds
[ERROR] Action ActionType.PICK failed for object /column2
Action failed ! time elapsed: 0.001
[LOG] Transition logged to MongoDB: 0fe6c8f8-aac0-463b-8ef8-9e3bfa407804 - Episode 8
Step 1
Selected action: Action(ActionType.PICK, obj=/column2, slot=None,grasp=GraspType.RIGHT_0) with motion param: front_270
here
Action: Action(ActionType.PICK, obj=/column2, slot=None,grasp=GraspType.FRONT_270)
[EXEC] Picking /column2 with front_270

[INFO] Found 2752 potential configurations.
[WARN] No valid configuration found (all tested configs invalid).
[EXEC] Action ActionType.PICK executed in 2.57 seconds
[ERROR] Action ActionType.PICK failed for object /column2
Action failed ! time elapsed: 0.001
[LOG] Transition logged to MongoDB: 0fe6c8f8-aac0-463b-8ef8-9e3bfa407804 - Episode 8
Step 2
Selected action: Action(ActionType.PICK, obj=/column0, slot=None,grasp=GraspType.LEFT_0) with motion param: front_270
here
Action: Action(ActionType.PICK, obj=/column0, slot=None,grasp=GraspType.FRONT_270)
[EXEC] Picking /column0 with front_270

[INFO] Found 2816 potential configurations.
[INFO] Motion completed successfully with result: success,in execution time: 4.16 seconds
[INFO] Found a reachable configuration for pick action after 1 attempts.
Tip distance after pick: 0.021251520015212147
[INFO] Pick action completed successfully.in execution time: 4.16 seconds
[EXEC] Action ActionType.PICK executed in 15.48 seconds
[SUCCESS] Action ActionType.PICK succeeded for object /column0
[LOG] Transition logged to MongoDB: 0fe6c8f8-aac0-463b-8ef8-9e3bfa407804 - Episode 8
Step 3
Selected action: Action(ActionType.PLACE, obj=/column0, slot=/goal_0,grasp=GraspType.TOP_0) with motion param: front_270
here
Action: Action(ActionType.PLACE, obj=/column0, slot=/goal_0,grasp=GraspType.FRONT_270)
[EXEC] Placing at [-0.27499999999999986, 0.8250000000000005, 0.5] with grasp front_270

[INFO] Found 5184 potential configurations.
[INFO] Motion completed successfully with result: success,in execution time: 6.68 seconds
[INFO] Found a reachable configuration for place action after 1 attempts.
[INFO] Place action completed successfully.
realigning placed object /column0 to target position
[EXEC] Action ActionType.PLACE executed in 27.63 seconds
[SUCCESS] Action ActionType.PLACE succeeded for object /column0
[LOG] Transition logged to MongoDB: 0fe6c8f8-aac0-463b-8ef8-9e3bfa407804 - Episode 8
Step 4
Selected action: Action(ActionType.PICK, obj=/column1, slot=None,grasp=GraspType.FRONT_270) with motion param: right_0
here
Action: Action(ActionType.PICK, obj=/column1, slot=None,grasp=GraspType.RIGHT_0)
[EXEC] Picking /column1 with right_0

[INFO] Found 3264 potential configurations.
[INFO] Motion completed successfully with result: success,in execution time: 8.08 seconds
[INFO] Found a reachable configuration for pick action after 1 attempts.
Tip distance after pick: 0.01909961329728146
[INFO] Pick action completed successfully.in execution time: 8.08 seconds
[EXEC] Action ActionType.PICK executed in 34.01 seconds
[SUCCESS] Action ActionType.PICK succeeded for object /column1
[LOG] Transition logged to MongoDB: 0fe6c8f8-aac0-463b-8ef8-9e3bfa407804 - Episode 8
Step 5
Selected action: Action(ActionType.PLACE, obj=/column1, slot=/region_0,grasp=GraspType.RIGHT_0) with motion param: front_270
here
Action: Action(ActionType.PLACE, obj=/column1, slot=/region_0,grasp=GraspType.FRONT_270)
[EXEC] Placing at [0.35, 0.8, 0.521] with grasp front_270

[INFO] Found 4864 potential configurations.
[INFO] Motion completed successfully with result: success,in execution time: 3.20 seconds
[INFO] Found a reachable configuration for place action after 1 attempts.
[INFO] Place action completed successfully.
realigning placed object /column1 to target position
[EXEC] Action ActionType.PLACE executed in 37.02 seconds
[SUCCESS] Action ActionType.PLACE succeeded for object /column1
[LOG] Transition logged to MongoDB: 0fe6c8f8-aac0-463b-8ef8-9e3bfa407804 - Episode 8
Step 6
Selected action: Action(ActionType.PICK, obj=/column1, slot=None,grasp=GraspType.RIGHT_0) with motion param: right_0
here
Action: Action(ActionType.PICK, obj=/column1, slot=None,grasp=GraspType.RIGHT_0)
[EXEC] Picking /column1 with right_0

[INFO] Found 3648 potential configurations.
[ERROR] Motion failed (collision or invalid path)
[ERROR] Motion result: no_path
[WARN] Failed to find a path to the selected pick config on attempt 1.
[WARN] No path found to picked config, discarding and trying next valid config...
[INFO] Motion completed successfully with result: success,in execution time: 3.20 seconds
[INFO] Found a reachable configuration for pick action after 2 attempts.
Tip distance after pick: 0.019610058770674867
[INFO] Pick action completed successfully.in execution time: 3.20 seconds
[EXEC] Action ActionType.PICK executed in 35.46 seconds
[SUCCESS] Action ActionType.PICK succeeded for object /column1
[LOG] Transition logged to MongoDB: 0fe6c8f8-aac0-463b-8ef8-9e3bfa407804 - Episode 8
Step 7
Selected action: Action(ActionType.PLACE, obj=/column1, slot=/goal_1,grasp=GraspType.FRONT_270) with motion param: front_270
here
Action: Action(ActionType.PLACE, obj=/column1, slot=/goal_1,grasp=GraspType.FRONT_270)
[EXEC] Placing at [-0.2749999999999999, 1.0750000000000006, 0.5] with grasp front_270

[INFO] Found 3200 potential configurations.
[INFO] Motion completed successfully with result: success,in execution time: 11.40 seconds
[INFO] Found a reachable configuration for place action after 1 attempts.
[INFO] Place action completed successfully.
realigning placed object /column1 to target position
[EXEC] Action ActionType.PLACE executed in 42.55 seconds
[SUCCESS] Action ActionType.PLACE succeeded for object /column1
[LOG] Transition logged to MongoDB: 0fe6c8f8-aac0-463b-8ef8-9e3bfa407804 - Episode 8
Step 8
Selected action: Action(ActionType.PICK, obj=/column2, slot=None,grasp=GraspType.FRONT_270) with motion param: right_0
here
Action: Action(ActionType.PICK, obj=/column2, slot=None,grasp=GraspType.RIGHT_0)
[EXEC] Picking /column2 with right_0
[ERROR] No IK configurations found for desired pick pose.
[EXEC] Action ActionType.PICK executed in 1.02 seconds
[ERROR] Action ActionType.PICK failed for object /column2
Action failed ! time elapsed: 0.001
[LOG] Transition logged to MongoDB: 0fe6c8f8-aac0-463b-8ef8-9e3bfa407804 - Episode 8
Step 9
Selected action: Action(ActionType.PICK, obj=/column0, slot=None,grasp=GraspType.FRONT_270) with motion param: right_0
here
Action: Action(ActionType.PICK, obj=/column0, slot=None,grasp=GraspType.RIGHT_0)
[EXEC] Picking /column0 with right_0

[INFO] Found 1984 potential configurations.
[INFO] Motion completed successfully with result: success,in execution time: 3.68 seconds
[INFO] Found a reachable configuration for pick action after 1 attempts.
Tip distance after pick: 0.020232794910196906
[INFO] Pick action completed successfully.in execution time: 3.68 seconds
[EXEC] Action ActionType.PICK executed in 17.71 seconds
[SUCCESS] Action ActionType.PICK succeeded for object /column0
[LOG] Transition logged to MongoDB: 0fe6c8f8-aac0-463b-8ef8-9e3bfa407804 - Episode 8
Step 10
Selected action: Action(ActionType.PLACE, obj=/column0, slot=/goal_0,grasp=GraspType.FRONT_270) with motion param: top_0
here
Action: Action(ActionType.PLACE, obj=/column0, slot=/goal_0,grasp=GraspType.TOP_0)
[EXEC] Placing at [-0.27499999999999986, 0.8250000000000005, 0.5] with grasp top_0

[INFO] Found 4352 potential configurations.
[INFO] Motion completed successfully with result: success,in execution time: 3.68 seconds
[INFO] Found a reachable configuration for place action after 1 attempts.
[INFO] Place action completed successfully.
realigning placed object /column0 to target position
[EXEC] Action ActionType.PLACE executed in 22.65 seconds
[SUCCESS] Action ActionType.PLACE succeeded for object /column0
[LOG] Transition logged to MongoDB: 0fe6c8f8-aac0-463b-8ef8-9e3bfa407804 - Episode 8
Step 11
Selected action: Action(ActionType.PICK, obj=/column1, slot=None,grasp=GraspType.RIGHT_0) with motion param: left_0
here
Action: Action(ActionType.PICK, obj=/column1, slot=None,grasp=GraspType.LEFT_0)
[EXEC] Picking /column1 with left_0
[ERROR] No IK configurations found for desired pick pose.
[EXEC] Action ActionType.PICK executed in 1.02 seconds
[ERROR] Action ActionType.PICK failed for object /column1
Action failed ! time elapsed: 0.001
[LOG] Transition logged to MongoDB: 0fe6c8f8-aac0-463b-8ef8-9e3bfa407804 - Episode 8
Step 12
Selected action: Action(ActionType.PICK, obj=/column0, slot=None,grasp=GraspType.RIGHT_0) with motion param: left_0
here
Action: Action(ActionType.PICK, obj=/column0, slot=None,grasp=GraspType.LEFT_0)
[EXEC] Picking /column0 with left_0

[INFO] Found 3200 potential configurations.
[INFO] Motion completed successfully with result: success,in execution time: 10.36 seconds
[INFO] Found a reachable configuration for pick action after 1 attempts.
Tip distance after pick: 0.019455791184712103
[INFO] Pick action completed successfully.in execution time: 10.36 seconds
[EXEC] Action ActionType.PICK executed in 23.81 seconds
[SUCCESS] Action ActionType.PICK succeeded for object /column0
[LOG] Transition logged to MongoDB: 0fe6c8f8-aac0-463b-8ef8-9e3bfa407804 - Episode 8
Step 13
Selected action: Action(ActionType.PLACE, obj=/column0, slot=/region_0,grasp=GraspType.TOP_0) with motion param: left_0
here
Action: Action(ActionType.PLACE, obj=/column0, slot=/region_0,grasp=GraspType.LEFT_0)
[EXEC] Placing at [0.35, 0.8, 0.521] with grasp left_0

[INFO] Found 2752 potential configurations.
[INFO] Motion completed successfully with result: success,in execution time: 2.08 seconds
[INFO] Found a reachable configuration for place action after 1 attempts.
[INFO] Place action completed successfully.
realigning placed object /column0 to target position
[EXEC] Action ActionType.PLACE executed in 26.13 seconds
[SUCCESS] Action ActionType.PLACE succeeded for object /column0
[LOG] Transition logged to MongoDB: 0fe6c8f8-aac0-463b-8ef8-9e3bfa407804 - Episode 8
Step 14
Selected action: Action(ActionType.PICK, obj=/column0, slot=None,grasp=GraspType.LEFT_0) with motion param: front_270
here
Action: Action(ActionType.PICK, obj=/column0, slot=None,grasp=GraspType.FRONT_270)
[EXEC] Picking /column0 with front_270

[INFO] Found 4096 potential configurations.
[INFO] Motion completed successfully with result: success,in execution time: 8.56 seconds
[INFO] Found a reachable configuration for pick action after 1 attempts.
Tip distance after pick: 0.02125048718530982
[INFO] Pick action completed successfully.in execution time: 8.56 seconds
[EXEC] Action ActionType.PICK executed in 22.27 seconds
[SUCCESS] Action ActionType.PICK succeeded for object /column0
[LOG] Transition logged to MongoDB: 0fe6c8f8-aac0-463b-8ef8-9e3bfa407804 - Episode 8
Step 15
Selected action: Action(ActionType.PLACE, obj=/column0, slot=/goal_2,grasp=GraspType.RIGHT_0) with motion param: top_0
here
Action: Action(ActionType.PLACE, obj=/column0, slot=/goal_2,grasp=GraspType.TOP_0)
[EXEC] Placing at [-0.6000000000000001, 0.8250000000000003, 0.5] with grasp top_0

[INFO] Found 4096 potential configurations.
[WARN] No valid configuration found (all tested configs invalid).
[EXEC] Action ActionType.PLACE executed in 3.67 seconds
[ERROR] Action ActionType.PLACE failed for object /column0
Action failed ! time elapsed: 0.001
[LOG] Transition logged to MongoDB: 0fe6c8f8-aac0-463b-8ef8-9e3bfa407804 - Episode 8
Step 16
Selected action: Action(ActionType.PLACE, obj=/column0, slot=/goal_2,grasp=GraspType.TOP_0) with motion param: top_0
here
Action: Action(ActionType.PLACE, obj=/column0, slot=/goal_2,grasp=GraspType.TOP_0)
[EXEC] Placing at [-0.6000000000000001, 0.8250000000000003, 0.5] with grasp top_0

[INFO] Found 2880 potential configurations.
[WARN] No valid configuration found (all tested configs invalid).
[EXEC] Action ActionType.PLACE executed in 3.09 seconds
[ERROR] Action ActionType.PLACE failed for object /column0
Action failed ! time elapsed: 0.001
[LOG] Transition logged to MongoDB: 0fe6c8f8-aac0-463b-8ef8-9e3bfa407804 - Episode 8
Step 17
Selected action: Action(ActionType.PLACE, obj=/column0, slot=/goal_0,grasp=GraspType.TOP_0) with motion param: top_0
here
Action: Action(ActionType.PLACE, obj=/column0, slot=/goal_0,grasp=GraspType.TOP_0)
[EXEC] Placing at [-0.27499999999999986, 0.8250000000000005, 0.5] with grasp top_0

[INFO] Found 5248 potential configurations.
[INFO] Motion completed successfully with result: success,in execution time: 7.56 seconds
[INFO] Found a reachable configuration for place action after 1 attempts.
[INFO] Place action completed successfully.
realigning placed object /column0 to target position
[EXEC] Action ActionType.PLACE executed in 25.19 seconds
[SUCCESS] Action ActionType.PLACE succeeded for object /column0
[LOG] Transition logged to MongoDB: 0fe6c8f8-aac0-463b-8ef8-9e3bfa407804 - Episode 8
Step 18
Selected action: Action(ActionType.PICK, obj=/column2, slot=None,grasp=GraspType.RIGHT_0) with motion param: left_0
here
Action: Action(ActionType.PICK, obj=/column2, slot=None,grasp=GraspType.LEFT_0)
[EXEC] Picking /column2 with left_0

[INFO] Found 1536 potential configurations.
[WARN] No valid configuration found (all tested configs invalid).
[EXEC] Action ActionType.PICK executed in 1.81 seconds
[ERROR] Action ActionType.PICK failed for object /column2
Action failed ! time elapsed: 0.001
[LOG] Transition logged to MongoDB: 0fe6c8f8-aac0-463b-8ef8-9e3bfa407804 - Episode 8
Step 19
Selected action: Action(ActionType.PICK, obj=/column0, slot=None,grasp=GraspType.FRONT_270) with motion param: right_0
here
Action: Action(ActionType.PICK, obj=/column0, slot=None,grasp=GraspType.RIGHT_0)
[EXEC] Picking /column0 with right_0

[INFO] Found 3200 potential configurations.
[INFO] Motion completed successfully with result: success,in execution time: 3.12 seconds
[INFO] Found a reachable configuration for pick action after 1 attempts.
Tip distance after pick: 0.020778065474453124
[INFO] Pick action completed successfully.in execution time: 3.12 seconds
[EXEC] Action ActionType.PICK executed in 27.90 seconds
[SUCCESS] Action ActionType.PICK succeeded for object /column0
[LOG] Transition logged to MongoDB: 0fe6c8f8-aac0-463b-8ef8-9e3bfa407804 - Episode 8
Step 20
Selected action: Action(ActionType.PLACE, obj=/column0, slot=/goal_0,grasp=GraspType.TOP_0) with motion param: top_0
here
Action: Action(ActionType.PLACE, obj=/column0, slot=/goal_0,grasp=GraspType.TOP_0)
[EXEC] Placing at [-0.27499999999999986, 0.8250000000000005, 0.5] with grasp top_0

[INFO] Found 3776 potential configurations.
[INFO] Motion completed successfully with result: success,in execution time: 3.12 seconds
[INFO] Found a reachable configuration for place action after 1 attempts.
[INFO] Place action completed successfully.
realigning placed object /column0 to target position
[EXEC] Action ActionType.PLACE executed in 21.48 seconds
[SUCCESS] Action ActionType.PLACE succeeded for object /column0
[LOG] Transition logged to MongoDB: 0fe6c8f8-aac0-463b-8ef8-9e3bfa407804 - Episode 8
Step 21
Selected action: Action(ActionType.PICK, obj=/column0, slot=None,grasp=GraspType.RIGHT_0) with motion param: left_0
here
Action: Action(ActionType.PICK, obj=/column0, slot=None,grasp=GraspType.LEFT_0)
[EXEC] Picking /column0 with left_0

[INFO] Found 3584 potential configurations.
[INFO] Motion completed successfully with result: success,in execution time: 2.96 seconds
[INFO] Found a reachable configuration for pick action after 1 attempts.
Tip distance after pick: 0.020272158672933006
[INFO] Pick action completed successfully.in execution time: 2.96 seconds
[EXEC] Action ActionType.PICK executed in 15.73 seconds
[SUCCESS] Action ActionType.PICK succeeded for object /column0
[LOG] Transition logged to MongoDB: 0fe6c8f8-aac0-463b-8ef8-9e3bfa407804 - Episode 8
Step 22
Selected action: Action(ActionType.PLACE, obj=/column0, slot=/goal_0,grasp=GraspType.TOP_0) with motion param: front_270
here
Action: Action(ActionType.PLACE, obj=/column0, slot=/goal_0,grasp=GraspType.FRONT_270)
[EXEC] Placing at [-0.27499999999999986, 0.8250000000000005, 0.5] with grasp front_270

[INFO] Found 3840 potential configurations.
[ERROR] Motion failed (collision or invalid path)
[ERROR] Motion result: no_path
[WARN] Failed to find a path to the selected place config on attempt 1.
[WARN] No path found to selected place config, discarding and trying next valid config...
[INFO] Motion completed successfully with result: success,in execution time: 5.28 seconds
[INFO] Found a reachable configuration for place action after 2 attempts.
[INFO] Place action completed successfully.
realigning placed object /column0 to target position
[EXEC] Action ActionType.PLACE executed in 26.65 seconds
[SUCCESS] Action ActionType.PLACE succeeded for object /column0
[LOG] Transition logged to MongoDB: 0fe6c8f8-aac0-463b-8ef8-9e3bfa407804 - Episode 8
Step 23
Selected action: Action(ActionType.PICK, obj=/column2, slot=None,grasp=GraspType.LEFT_0) with motion param: right_0
here
Action: Action(ActionType.PICK, obj=/column2, slot=None,grasp=GraspType.RIGHT_0)
[EXEC] Picking /column2 with right_0
[ERROR] No IK configurations found for desired pick pose.
[EXEC] Action ActionType.PICK executed in 1.02 seconds
[ERROR] Action ActionType.PICK failed for object /column2
Action failed ! time elapsed: 0.001
[LOG] Transition logged to MongoDB: 0fe6c8f8-aac0-463b-8ef8-9e3bfa407804 - Episode 8
Step 24
Selected action: Action(ActionType.PICK, obj=/column2, slot=None,grasp=GraspType.RIGHT_0) with motion param: front_270
here
Action: Action(ActionType.PICK, obj=/column2, slot=None,grasp=GraspType.FRONT_270)
[EXEC] Picking /column2 with front_270

[INFO] Found 1600 potential configurations.
[INFO] Motion completed successfully with result: success,in execution time: 16.12 seconds
[INFO] Found a reachable configuration for pick action after 1 attempts.
Tip distance after pick: 0.018905920528148632
[INFO] Pick action completed successfully.in execution time: 16.12 seconds
[EXEC] Action ActionType.PICK executed in 49.60 seconds
[SUCCESS] Action ActionType.PICK succeeded for object /column2
[LOG] Transition logged to MongoDB: 0fe6c8f8-aac0-463b-8ef8-9e3bfa407804 - Episode 8
Step 25
Selected action: Action(ActionType.PLACE, obj=/column2, slot=/region_2,grasp=GraspType.RIGHT_0) with motion param: right_0
here
Action: Action(ActionType.PLACE, obj=/column2, slot=/region_2,grasp=GraspType.RIGHT_0)
[EXEC] Placing at [0.6, 0.80001, 0.5] with grasp right_0
[ERROR] No IK configurations found for desired place pose.
[EXEC] Action ActionType.PLACE executed in 1.02 seconds
[ERROR] Action ActionType.PLACE failed for object /column2
Action failed ! time elapsed: 0.001
[LOG] Transition logged to MongoDB: 0fe6c8f8-aac0-463b-8ef8-9e3bfa407804 - Episode 8
Step 26
Selected action: Action(ActionType.PLACE, obj=/column2, slot=/goal_2,grasp=GraspType.TOP_0) with motion param: right_0
here
Action: Action(ActionType.PLACE, obj=/column2, slot=/goal_2,grasp=GraspType.RIGHT_0)
[EXEC] Placing at [-0.6000000000000001, 0.8250000000000003, 0.5] with grasp right_0

[INFO] Found 1344 potential configurations.
[INFO] Motion completed successfully with result: success,in execution time: 12.52 seconds
[INFO] Found a reachable configuration for place action after 1 attempts.
[INFO] Place action completed successfully.
realigning placed object /column2 to target position
[EXEC] Action ActionType.PLACE executed in 31.87 seconds
[SUCCESS] Action ActionType.PLACE succeeded for object /column2
[LOG] Transition logged to MongoDB: 0fe6c8f8-aac0-463b-8ef8-9e3bfa407804 - Episode 8
[LOG] Saving episode 8 to episode_00008_0fe6c8f8-aac0-463b-8ef8-9e3bfa407804.yaml
[LOG] Episode saved: rl/dataset/episode_00008_0fe6c8f8-aac0-463b-8ef8-9e3bfa407804.yaml
[LOG] Episode reset
Step 27
Selected action: Action(ActionType.PICK, obj=/column0, slot=None,grasp=GraspType.LEFT_0) with motion param: front_270
here
Action: Action(ActionType.PICK, obj=/column0, slot=None,grasp=GraspType.FRONT_270)
[EXEC] Picking /column0 with front_270

[INFO] Found 3328 potential configurations.
[INFO] Motion completed successfully with result: success,in execution time: 3.04 seconds
[INFO] Found a reachable configuration for pick action after 1 attempts.
Tip distance after pick: 0.026205282969331153
[INFO] Pick action completed successfully.in execution time: 3.04 seconds
[EXEC] Action ActionType.PICK executed in 19.45 seconds
[SUCCESS] Action ActionType.PICK succeeded for object /column0
[LOG] Transition logged to MongoDB: 0fe6c8f8-aac0-463b-8ef8-9e3bfa407804 - Episode 9
[LOG] Saving episode 9 to episode_00009_0fe6c8f8-aac0-463b-8ef8-9e3bfa407804.yaml
[LOG] Episode saved: rl/dataset/episode_00009_0fe6c8f8-aac0-463b-8ef8-9e3bfa407804.yaml
[LOG] Episode reset
Step 28
Selected action: Action(ActionType.PLACE, obj=/column0, slot=/region_2,grasp=GraspType.RIGHT_0) with motion param: front_270
here
Action: Action(ActionType.PLACE, obj=/column0, slot=/region_2,grasp=GraspType.FRONT_270)
[EXEC] Placing at [0.6, 0.80001, 0.5] with grasp front_270

[INFO] Found 2176 potential configurations.
[INFO] Motion completed successfully with result: success,in execution time: 11.48 seconds
[INFO] Found a reachable configuration for place action after 1 attempts.
[INFO] Place action completed successfully.
realigning placed object /column0 to target position
[EXEC] Action ActionType.PLACE executed in 34.51 seconds
[SUCCESS] Action ActionType.PLACE succeeded for object /column0
[LOG] Transition logged to MongoDB: 0fe6c8f8-aac0-463b-8ef8-9e3bfa407804 - Episode 10
Step 29
Selected action: Action(ActionType.PICK, obj=/column0, slot=None,grasp=GraspType.FRONT_270) with motion param: right_0
here
Action: Action(ActionType.PICK, obj=/column0, slot=None,grasp=GraspType.RIGHT_0)
[EXEC] Picking /column0 with right_0
[ERROR] No IK configurations found for desired pick pose.
[EXEC] Action ActionType.PICK executed in 1.02 seconds
[ERROR] Action ActionType.PICK failed for object /column0
Action failed ! time elapsed: 0.001
[LOG] Transition logged to MongoDB: 0fe6c8f8-aac0-463b-8ef8-9e3bfa407804 - Episode 10
Pilot run finished, resetting scene
Leaving object if held
Pilot run 12
Step 0
Selected action: Action(ActionType.PICK, obj=/column1, slot=None,grasp=GraspType.LEFT_0) with motion param: top_0
here
Action: Action(ActionType.PICK, obj=/column1, slot=None,grasp=GraspType.TOP_0)
[EXEC] Picking /column1 with top_0

[INFO] Found 4224 potential configurations.
[INFO] Motion completed successfully with result: success,in execution time: 3.48 seconds
[INFO] Found a reachable configuration for pick action after 1 attempts.
Tip distance after pick: 0.027422143407900113
[INFO] Pick action completed successfully.in execution time: 3.48 seconds
[EXEC] Action ActionType.PICK executed in 15.75 seconds
[SUCCESS] Action ActionType.PICK succeeded for object /column1
[LOG] Transition logged to MongoDB: 0fe6c8f8-aac0-463b-8ef8-9e3bfa407804 - Episode 10
Step 1
Selected action: Action(ActionType.PLACE, obj=/column1, slot=/goal_1,grasp=GraspType.FRONT_270) with motion param: front_270
here
Action: Action(ActionType.PLACE, obj=/column1, slot=/goal_1,grasp=GraspType.FRONT_270)
[EXEC] Placing at [-0.2749999999999999, 1.0750000000000006, 0.5] with grasp front_270

[INFO] Found 2752 potential configurations.
[ERROR] Motion failed (collision or invalid path)
[ERROR] Motion result: no_path
[WARN] Failed to find a path to the selected place config on attempt 1.
[WARN] No path found to selected place config, discarding and trying next valid config...
[INFO] Motion completed successfully with result: success,in execution time: 6.44 seconds
[INFO] Found a reachable configuration for place action after 2 attempts.
[INFO] Place action completed successfully.
realigning placed object /column1 to target position
[EXEC] Action ActionType.PLACE executed in 30.32 seconds
[SUCCESS] Action ActionType.PLACE succeeded for object /column1
[LOG] Transition logged to MongoDB: 0fe6c8f8-aac0-463b-8ef8-9e3bfa407804 - Episode 10
Step 2
Selected action: Action(ActionType.PICK, obj=/column2, slot=None,grasp=GraspType.FRONT_270) with motion param: front_270
here
Action: Action(ActionType.PICK, obj=/column2, slot=None,grasp=GraspType.FRONT_270)
[EXEC] Picking /column2 with front_270

[INFO] Found 3200 potential configurations.
[INFO] Motion completed successfully with result: success,in execution time: 6.64 seconds
[INFO] Found a reachable configuration for pick action after 1 attempts.
Tip distance after pick: 0.019112305987743886
[INFO] Pick action completed successfully.in execution time: 6.64 seconds
[EXEC] Action ActionType.PICK executed in 20.91 seconds
[SUCCESS] Action ActionType.PICK succeeded for object /column2
[LOG] Transition logged to MongoDB: 0fe6c8f8-aac0-463b-8ef8-9e3bfa407804 - Episode 10
Step 3
Selected action: Action(ActionType.PLACE, obj=/column2, slot=/goal_0,grasp=GraspType.LEFT_0) with motion param: front_270
here
Action: Action(ActionType.PLACE, obj=/column2, slot=/goal_0,grasp=GraspType.FRONT_270)
[EXEC] Placing at [-0.27499999999999986, 0.8250000000000005, 0.5] with grasp front_270

[INFO] Found 3136 potential configurations.
[INFO] Motion completed successfully with result: success,in execution time: 8.84 seconds
[INFO] Found a reachable configuration for place action after 1 attempts.
[INFO] Place action completed successfully.
realigning placed object /column2 to target position
[EXEC] Action ActionType.PLACE executed in 34.24 seconds
[SUCCESS] Action ActionType.PLACE succeeded for object /column2
[LOG] Transition logged to MongoDB: 0fe6c8f8-aac0-463b-8ef8-9e3bfa407804 - Episode 10
Step 4
Selected action: Action(ActionType.PICK, obj=/column0, slot=None,grasp=GraspType.RIGHT_0) with motion param: right_0
here
Action: Action(ActionType.PICK, obj=/column0, slot=None,grasp=GraspType.RIGHT_0)
[EXEC] Picking /column0 with right_0
[ERROR] No IK configurations found for desired pick pose.
[EXEC] Action ActionType.PICK executed in 1.02 seconds
[ERROR] Action ActionType.PICK failed for object /column0
Action failed ! time elapsed: 0.001
[LOG] Transition logged to MongoDB: 0fe6c8f8-aac0-463b-8ef8-9e3bfa407804 - Episode 10
Step 5
Selected action: Action(ActionType.PICK, obj=/column0, slot=None,grasp=GraspType.RIGHT_0) with motion param: right_0
here
Action: Action(ActionType.PICK, obj=/column0, slot=None,grasp=GraspType.RIGHT_0)
[EXEC] Picking /column0 with right_0
[ERROR] No IK configurations found for desired pick pose.
[EXEC] Action ActionType.PICK executed in 1.02 seconds
[ERROR] Action ActionType.PICK failed for object /column0
Action failed ! time elapsed: 0.001
[LOG] Transition logged to MongoDB: 0fe6c8f8-aac0-463b-8ef8-9e3bfa407804 - Episode 10
Step 6
Selected action: Action(ActionType.PICK, obj=/column1, slot=None,grasp=GraspType.TOP_0) with motion param: right_0
here
Action: Action(ActionType.PICK, obj=/column1, slot=None,grasp=GraspType.RIGHT_0)
[EXEC] Picking /column1 with right_0

[INFO] Found 768 potential configurations.
[INFO] Motion completed successfully with result: success,in execution time: 3.96 seconds
[INFO] Found a reachable configuration for pick action after 1 attempts.
Tip distance after pick: 0.01887886604263142
[INFO] Pick action completed successfully.in execution time: 3.96 seconds
[EXEC] Action ActionType.PICK executed in 22.59 seconds
[SUCCESS] Action ActionType.PICK succeeded for object /column1
[LOG] Transition logged to MongoDB: 0fe6c8f8-aac0-463b-8ef8-9e3bfa407804 - Episode 10
Step 7
Selected action: Action(ActionType.PLACE, obj=/column1, slot=/goal_2,grasp=GraspType.LEFT_0) with motion param: front_270
here
Action: Action(ActionType.PLACE, obj=/column1, slot=/goal_2,grasp=GraspType.FRONT_270)
[EXEC] Placing at [-0.6000000000000001, 0.8250000000000003, 0.5] with grasp front_270

[INFO] Found 3008 potential configurations.
[WARN] No valid configuration found (all tested configs invalid).
[EXEC] Action ActionType.PLACE executed in 3.55 seconds
[ERROR] Action ActionType.PLACE failed for object /column1
Action failed ! time elapsed: 0.001
[LOG] Transition logged to MongoDB: 0fe6c8f8-aac0-463b-8ef8-9e3bfa407804 - Episode 10
Step 8
Selected action: Action(ActionType.PLACE, obj=/column1, slot=/region_0,grasp=GraspType.FRONT_270) with motion param: left_0
here
Action: Action(ActionType.PLACE, obj=/column1, slot=/region_0,grasp=GraspType.LEFT_0)
[EXEC] Placing at [0.35, 0.8, 0.521] with grasp left_0

[INFO] Found 1664 potential configurations.
[INFO] Motion completed successfully with result: success,in execution time: 11.12 seconds
[INFO] Found a reachable configuration for place action after 1 attempts.
[INFO] Place action completed successfully.
realigning placed object /column1 to target position
[EXEC] Action ActionType.PLACE executed in 39.10 seconds
[SUCCESS] Action ActionType.PLACE succeeded for object /column1
[LOG] Transition logged to MongoDB: 0fe6c8f8-aac0-463b-8ef8-9e3bfa407804 - Episode 10
Step 9
Selected action: Action(ActionType.PICK, obj=/column1, slot=None,grasp=GraspType.RIGHT_0) with motion param: front_270
here
Action: Action(ActionType.PICK, obj=/column1, slot=None,grasp=GraspType.FRONT_270)
[EXEC] Picking /column1 with front_270

[INFO] Found 2880 potential configurations.
[INFO] Motion completed successfully with result: success,in execution time: 6.16 seconds
[INFO] Found a reachable configuration for pick action after 1 attempts.
Tip distance after pick: 0.021212835179317505
[INFO] Pick action completed successfully.in execution time: 6.16 seconds
[EXEC] Action ActionType.PICK executed in 27.75 seconds
[SUCCESS] Action ActionType.PICK succeeded for object /column1
[LOG] Transition logged to MongoDB: 0fe6c8f8-aac0-463b-8ef8-9e3bfa407804 - Episode 10
Step 10
Selected action: Action(ActionType.PLACE, obj=/column1, slot=/goal_2,grasp=GraspType.FRONT_270) with motion param: front_270
here
Action: Action(ActionType.PLACE, obj=/column1, slot=/goal_2,grasp=GraspType.FRONT_270)
[EXEC] Placing at [-0.6000000000000001, 0.8250000000000003, 0.5] with grasp front_270

[INFO] Found 3328 potential configurations.
[WARN] No valid configuration found (all tested configs invalid).
[EXEC] Action ActionType.PLACE executed in 3.25 seconds
[ERROR] Action ActionType.PLACE failed for object /column1
Action failed ! time elapsed: 0.001
[LOG] Transition logged to MongoDB: 0fe6c8f8-aac0-463b-8ef8-9e3bfa407804 - Episode 10
Step 11
Selected action: Action(ActionType.PLACE, obj=/column1, slot=/goal_1,grasp=GraspType.FRONT_270) with motion param: top_0
here
Action: Action(ActionType.PLACE, obj=/column1, slot=/goal_1,grasp=GraspType.TOP_0)
[EXEC] Placing at [-0.2749999999999999, 1.0750000000000006, 0.5] with grasp top_0

[INFO] Found 1472 potential configurations.
[INFO] Motion completed successfully with result: success,in execution time: 9.84 seconds
[INFO] Found a reachable configuration for place action after 1 attempts.
[INFO] Place action completed successfully.
realigning placed object /column1 to target position
[EXEC] Action ActionType.PLACE executed in 49.66 seconds
[SUCCESS] Action ActionType.PLACE succeeded for object /column1
[LOG] Transition logged to MongoDB: 0fe6c8f8-aac0-463b-8ef8-9e3bfa407804 - Episode 10
Step 12
Selected action: Action(ActionType.PICK, obj=/column1, slot=None,grasp=GraspType.FRONT_270) with motion param: right_0
here
Action: Action(ActionType.PICK, obj=/column1, slot=None,grasp=GraspType.RIGHT_0)
[EXEC] Picking /column1 with right_0

[INFO] Found 1984 potential configurations.
[WARN] No valid configuration found (all tested configs invalid).
[EXEC] Action ActionType.PICK executed in 2.00 seconds
[ERROR] Action ActionType.PICK failed for object /column1
Action failed ! time elapsed: 0.001
[LOG] Transition logged to MongoDB: 0fe6c8f8-aac0-463b-8ef8-9e3bfa407804 - Episode 10
Step 13
Selected action: Action(ActionType.PICK, obj=/column1, slot=None,grasp=GraspType.RIGHT_0) with motion param: top_0
here
Action: Action(ActionType.PICK, obj=/column1, slot=None,grasp=GraspType.TOP_0)
[EXEC] Picking /column1 with top_0

[INFO] Found 2112 potential configurations.
[INFO] Motion completed successfully with result: success,in execution time: 1.80 seconds
[INFO] Found a reachable configuration for pick action after 1 attempts.
Tip distance after pick: 0.026581330624493825
[INFO] Pick action completed successfully.in execution time: 1.80 seconds
[EXEC] Action ActionType.PICK executed in 14.85 seconds
[SUCCESS] Action ActionType.PICK succeeded for object /column1
[LOG] Transition logged to MongoDB: 0fe6c8f8-aac0-463b-8ef8-9e3bfa407804 - Episode 10
Step 14
Selected action: Action(ActionType.PLACE, obj=/column1, slot=/goal_1,grasp=GraspType.TOP_0) with motion param: left_0
here
Action: Action(ActionType.PLACE, obj=/column1, slot=/goal_1,grasp=GraspType.LEFT_0)
[EXEC] Placing at [-0.2749999999999999, 1.0750000000000006, 0.5] with grasp left_0

[INFO] Found 768 potential configurations.
[WARN] No valid configuration found (all tested configs invalid).
[EXEC] Action ActionType.PLACE executed in 8.60 seconds
[ERROR] Action ActionType.PLACE failed for object /column1
Action failed ! time elapsed: 0.001
[LOG] Transition logged to MongoDB: 0fe6c8f8-aac0-463b-8ef8-9e3bfa407804 - Episode 10
Step 15
Selected action: Action(ActionType.PLACE, obj=/column1, slot=/goal_1,grasp=GraspType.LEFT_0) with motion param: front_270
here
Action: Action(ActionType.PLACE, obj=/column1, slot=/goal_1,grasp=GraspType.FRONT_270)
[EXEC] Placing at [-0.2749999999999999, 1.0750000000000006, 0.5] with grasp front_270

[INFO] Found 2496 potential configurations.
[ERROR] Motion failed (collision or invalid path)
[ERROR] Motion result: no_path
[WARN] Failed to find a path to the selected place config on attempt 1.
[WARN] No path found to selected place config, discarding and trying next valid config...
[INFO] Motion completed successfully with result: success,in execution time: 6.00 seconds
[INFO] Found a reachable configuration for place action after 2 attempts.
[INFO] Place action completed successfully.
realigning placed object /column1 to target position
[EXEC] Action ActionType.PLACE executed in 22.97 seconds
[SUCCESS] Action ActionType.PLACE succeeded for object /column1
[LOG] Transition logged to MongoDB: 0fe6c8f8-aac0-463b-8ef8-9e3bfa407804 - Episode 10
Step 16
Selected action: Action(ActionType.PICK, obj=/column2, slot=None,grasp=GraspType.FRONT_270) with motion param: left_0
here
Action: Action(ActionType.PICK, obj=/column2, slot=None,grasp=GraspType.LEFT_0)
[EXEC] Picking /column2 with left_0

[INFO] Found 3968 potential configurations.
[ERROR] Motion failed (collision or invalid path)
[ERROR] Motion result: no_path
[WARN] Failed to find a path to the selected pick config on attempt 1.
[WARN] No path found to picked config, discarding and trying next valid config...
[INFO] Motion completed successfully with result: success,in execution time: 10.48 seconds
[INFO] Found a reachable configuration for pick action after 2 attempts.
Tip distance after pick: 0.03669118719008961
[INFO] Pick action completed successfully.in execution time: 10.48 seconds
[EXEC] Action ActionType.PICK executed in 56.73 seconds
[SUCCESS] Action ActionType.PICK succeeded for object /column2
[LOG] Transition logged to MongoDB: 0fe6c8f8-aac0-463b-8ef8-9e3bfa407804 - Episode 10
Step 17
Selected action: Action(ActionType.PLACE, obj=/column2, slot=/goal_2,grasp=GraspType.RIGHT_0) with motion param: left_0
here
Action: Action(ActionType.PLACE, obj=/column2, slot=/goal_2,grasp=GraspType.LEFT_0)
[EXEC] Placing at [-0.6000000000000001, 0.8250000000000003, 0.5] with grasp left_0

[INFO] Found 1536 potential configurations.
[WARN] No valid configuration found (all tested configs invalid).
[EXEC] Action ActionType.PLACE executed in 2.07 seconds
[ERROR] Action ActionType.PLACE failed for object /column2
Action failed ! time elapsed: 0.001
[LOG] Transition logged to MongoDB: 0fe6c8f8-aac0-463b-8ef8-9e3bfa407804 - Episode 10
Step 18
Selected action: Action(ActionType.PLACE, obj=/column2, slot=/region_0,grasp=GraspType.FRONT_270) with motion param: front_270
here
Action: Action(ActionType.PLACE, obj=/column2, slot=/region_0,grasp=GraspType.FRONT_270)
[EXEC] Placing at [0.35, 0.8, 0.521] with grasp front_270

[INFO] Found 2944 potential configurations.
[INFO] Motion completed successfully with result: success,in execution time: 13.96 seconds
[INFO] Found a reachable configuration for place action after 1 attempts.
[INFO] Place action completed successfully.
realigning placed object /column2 to target position
[EXEC] Action ActionType.PLACE executed in 40.15 seconds
[SUCCESS] Action ActionType.PLACE succeeded for object /column2
[LOG] Transition logged to MongoDB: 0fe6c8f8-aac0-463b-8ef8-9e3bfa407804 - Episode 10
Step 19
Selected action: Action(ActionType.PICK, obj=/column1, slot=None,grasp=GraspType.TOP_0) with motion param: front_270
here
Action: Action(ActionType.PICK, obj=/column1, slot=None,grasp=GraspType.FRONT_270)
[EXEC] Picking /column1 with front_270

[INFO] Found 2496 potential configurations.
[INFO] Motion completed successfully with result: success,in execution time: 5.00 seconds
[INFO] Found a reachable configuration for pick action after 1 attempts.
Tip distance after pick: 0.020287751053051577
[INFO] Pick action completed successfully.in execution time: 5.00 seconds
[EXEC] Action ActionType.PICK executed in 29.39 seconds
[SUCCESS] Action ActionType.PICK succeeded for object /column1
[LOG] Transition logged to MongoDB: 0fe6c8f8-aac0-463b-8ef8-9e3bfa407804 - Episode 10
Step 20
Selected action: Action(ActionType.PLACE, obj=/column1, slot=/goal_2,grasp=GraspType.FRONT_270) with motion param: right_0
here
Action: Action(ActionType.PLACE, obj=/column1, slot=/goal_2,grasp=GraspType.RIGHT_0)
[EXEC] Placing at [-0.6000000000000001, 0.8250000000000003, 0.5] with grasp right_0

[INFO] Found 2560 potential configurations.
[ERROR] Motion failed (collision or invalid path)
[ERROR] Motion result: no_path
[WARN] Failed to find a path to the selected place config on attempt 1.
[WARN] No path found to selected place config, discarding and trying next valid config...
[INFO] Motion completed successfully with result: success,in execution time: 3.04 seconds
[INFO] Found a reachable configuration for place action after 2 attempts.
[INFO] Place action completed successfully.
realigning placed object /column1 to target position
[EXEC] Action ActionType.PLACE executed in 31.46 seconds
[SUCCESS] Action ActionType.PLACE succeeded for object /column1
[LOG] Transition logged to MongoDB: 0fe6c8f8-aac0-463b-8ef8-9e3bfa407804 - Episode 10
Step 21
Selected action: Action(ActionType.PICK, obj=/column1, slot=None,grasp=GraspType.FRONT_270) with motion param: top_0
here
Action: Action(ActionType.PICK, obj=/column1, slot=None,grasp=GraspType.TOP_0)
[EXEC] Picking /column1 with top_0

[INFO] Found 2112 potential configurations.
[WARN] No valid configuration found (all tested configs invalid).
[EXEC] Action ActionType.PICK executed in 18.71 seconds
[ERROR] Action ActionType.PICK failed for object /column1
Action failed ! time elapsed: 0.001
[LOG] Transition logged to MongoDB: 0fe6c8f8-aac0-463b-8ef8-9e3bfa407804 - Episode 10
Step 22
Selected action: Action(ActionType.PICK, obj=/column2, slot=None,grasp=GraspType.LEFT_0) with motion param: front_270
here
Action: Action(ActionType.PICK, obj=/column2, slot=None,grasp=GraspType.FRONT_270)
[EXEC] Picking /column2 with front_270

[INFO] Found 2304 potential configurations.
[INFO] Motion completed successfully with result: success,in execution time: 2.56 seconds
[INFO] Found a reachable configuration for pick action after 1 attempts.
Tip distance after pick: 0.02920430996116653
[INFO] Pick action completed successfully.in execution time: 2.56 seconds
[EXEC] Action ActionType.PICK executed in 21.57 seconds
[SUCCESS] Action ActionType.PICK succeeded for object /column2
[LOG] Transition logged to MongoDB: 0fe6c8f8-aac0-463b-8ef8-9e3bfa407804 - Episode 10
Step 23
Selected action: Action(ActionType.PLACE, obj=/column2, slot=/goal_1,grasp=GraspType.LEFT_0) with motion param: front_270
here
Action: Action(ActionType.PLACE, obj=/column2, slot=/goal_1,grasp=GraspType.FRONT_270)
[EXEC] Placing at [-0.2749999999999999, 1.0750000000000006, 0.5] with grasp front_270

[INFO] Found 2624 potential configurations.
[INFO] Motion completed successfully with result: success,in execution time: 10.00 seconds
[INFO] Found a reachable configuration for place action after 1 attempts.
[INFO] Place action completed successfully.
realigning placed object /column2 to target position
[EXEC] Action ActionType.PLACE executed in 47.65 seconds
[SUCCESS] Action ActionType.PLACE succeeded for object /column2
[LOG] Transition logged to MongoDB: 0fe6c8f8-aac0-463b-8ef8-9e3bfa407804 - Episode 10
Step 24
Selected action: Action(ActionType.PICK, obj=/column1, slot=None,grasp=GraspType.TOP_0) with motion param: top_0
here
Action: Action(ActionType.PICK, obj=/column1, slot=None,grasp=GraspType.TOP_0)
[EXEC] Picking /column1 with top_0

[INFO] Found 2176 potential configurations.
[WARN] No valid configuration found (all tested configs invalid).
[EXEC] Action ActionType.PICK executed in 22.79 seconds
[ERROR] Action ActionType.PICK failed for object /column1
Action failed ! time elapsed: 0.001
[LOG] Transition logged to MongoDB: 0fe6c8f8-aac0-463b-8ef8-9e3bfa407804 - Episode 10
Step 25
Selected action: Action(ActionType.PICK, obj=/column2, slot=None,grasp=GraspType.FRONT_270) with motion param: left_0
here
Action: Action(ActionType.PICK, obj=/column2, slot=None,grasp=GraspType.LEFT_0)
[EXEC] Picking /column2 with left_0

[INFO] Found 224 potential configurations.
[WARN] No valid configuration found (all tested configs invalid).
[EXEC] Action ActionType.PICK executed in 1.41 seconds
[ERROR] Action ActionType.PICK failed for object /column2
Action failed ! time elapsed: 0.001
[LOG] Transition logged to MongoDB: 0fe6c8f8-aac0-463b-8ef8-9e3bfa407804 - Episode 10
Step 26
Selected action: Action(ActionType.PICK, obj=/column2, slot=None,grasp=GraspType.LEFT_0) with motion param: right_0
here
Action: Action(ActionType.PICK, obj=/column2, slot=None,grasp=GraspType.RIGHT_0)
[EXEC] Picking /column2 with right_0

[INFO] Found 1280 potential configurations.
[WARN] No valid configuration found (all tested configs invalid).
[EXEC] Action ActionType.PICK executed in 1.89 seconds
[ERROR] Action ActionType.PICK failed for object /column2
Action failed ! time elapsed: 0.001
[LOG] Transition logged to MongoDB: 0fe6c8f8-aac0-463b-8ef8-9e3bfa407804 - Episode 10
Step 27
Selected action: Action(ActionType.PICK, obj=/column0, slot=None,grasp=GraspType.RIGHT_0) with motion param: left_0
here
Action: Action(ActionType.PICK, obj=/column0, slot=None,grasp=GraspType.LEFT_0)
[EXEC] Picking /column0 with left_0

[INFO] Found 960 potential configurations.
[WARN] No valid configuration found (all tested configs invalid).
[EXEC] Action ActionType.PICK executed in 1.64 seconds
[ERROR] Action ActionType.PICK failed for object /column0
Action failed ! time elapsed: 0.001
[LOG] Transition logged to MongoDB: 0fe6c8f8-aac0-463b-8ef8-9e3bfa407804 - Episode 10
Step 28
Selected action: Action(ActionType.PICK, obj=/column2, slot=None,grasp=GraspType.RIGHT_0) with motion param: left_0
here
Action: Action(ActionType.PICK, obj=/column2, slot=None,grasp=GraspType.LEFT_0)
[EXEC] Picking /column2 with left_0

[INFO] Found 96 potential configurations.
[WARN] No valid configuration found (all tested configs invalid).
[EXEC] Action ActionType.PICK executed in 1.14 seconds
[ERROR] Action ActionType.PICK failed for object /column2
Action failed ! time elapsed: 0.001
[LOG] Transition logged to MongoDB: 0fe6c8f8-aac0-463b-8ef8-9e3bfa407804 - Episode 10
Step 29
Selected action: Action(ActionType.PICK, obj=/column1, slot=None,grasp=GraspType.TOP_0) with motion param: left_0
here
Action: Action(ActionType.PICK, obj=/column1, slot=None,grasp=GraspType.LEFT_0)
[EXEC] Picking /column1 with left_0
[ERROR] No IK configurations found for desired pick pose.
[EXEC] Action ActionType.PICK executed in 1.03 seconds
[ERROR] Action ActionType.PICK failed for object /column1
Action failed ! time elapsed: 0.001
Too many failures, resetting scene
Pilot run finished, resetting scene
Leaving object if held
Pilot run 13
Step 0
Selected action: Action(ActionType.PICK, obj=/column2, slot=None,grasp=GraspType.LEFT_0) with motion param: front_270
here
Action: Action(ActionType.PICK, obj=/column2, slot=None,grasp=GraspType.FRONT_270)
[EXEC] Picking /column2 with front_270

[INFO] Found 4416 potential configurations.
[INFO] Motion completed successfully with result: success,in execution time: 4.56 seconds
[INFO] Found a reachable configuration for pick action after 1 attempts.
Tip distance after pick: 0.02076790531040117
[INFO] Pick action completed successfully.in execution time: 4.56 seconds
[EXEC] Action ActionType.PICK executed in 23.78 seconds
[SUCCESS] Action ActionType.PICK succeeded for object /column2
[LOG] Transition logged to MongoDB: 0fe6c8f8-aac0-463b-8ef8-9e3bfa407804 - Episode 10
Step 1
Selected action: Action(ActionType.PLACE, obj=/column2, slot=/goal_0,grasp=GraspType.FRONT_270) with motion param: left_0
here
Action: Action(ActionType.PLACE, obj=/column2, slot=/goal_0,grasp=GraspType.LEFT_0)
[EXEC] Placing at [-0.27499999999999986, 0.8250000000000005, 0.5] with grasp left_0

[INFO] Found 3520 potential configurations.
[WARN] No valid configuration found (all tested configs invalid).
[EXEC] Action ActionType.PLACE executed in 49.02 seconds
[ERROR] Action ActionType.PLACE failed for object /column2
Action failed ! time elapsed: 0.001
[LOG] Transition logged to MongoDB: 0fe6c8f8-aac0-463b-8ef8-9e3bfa407804 - Episode 10
Step 2
Selected action: Action(ActionType.PLACE, obj=/column2, slot=/goal_0,grasp=GraspType.LEFT_0) with motion param: top_0
here
Action: Action(ActionType.PLACE, obj=/column2, slot=/goal_0,grasp=GraspType.TOP_0)
[EXEC] Placing at [-0.27499999999999986, 0.8250000000000005, 0.5] with grasp top_0

[INFO] Found 3776 potential configurations.
[ERROR] Motion failed (collision or invalid path)
[ERROR] Motion result: no_path
[WARN] Failed to find a path to the selected place config on attempt 1.
[WARN] No path found to selected place config, discarding and trying next valid config...
[INFO] Motion completed successfully with result: success,in execution time: 4.60 seconds
[INFO] Found a reachable configuration for place action after 2 attempts.
[INFO] Place action completed successfully.
realigning placed object /column2 to target position
[EXEC] Action ActionType.PLACE executed in 38.84 seconds
[SUCCESS] Action ActionType.PLACE succeeded for object /column2
[LOG] Transition logged to MongoDB: 0fe6c8f8-aac0-463b-8ef8-9e3bfa407804 - Episode 10
Step 3
Selected action: Action(ActionType.PICK, obj=/column1, slot=None,grasp=GraspType.LEFT_0) with motion param: right_0
here
Action: Action(ActionType.PICK, obj=/column1, slot=None,grasp=GraspType.RIGHT_0)
[EXEC] Picking /column1 with right_0
[ERROR] No IK configurations found for desired pick pose.
[EXEC] Action ActionType.PICK executed in 1.02 seconds
[ERROR] Action ActionType.PICK failed for object /column1
Action failed ! time elapsed: 0.001
[LOG] Transition logged to MongoDB: 0fe6c8f8-aac0-463b-8ef8-9e3bfa407804 - Episode 10
Step 4
Selected action: Action(ActionType.PICK, obj=/column1, slot=None,grasp=GraspType.RIGHT_0) with motion param: front_270
here
Action: Action(ActionType.PICK, obj=/column1, slot=None,grasp=GraspType.FRONT_270)
[EXEC] Picking /column1 with front_270

[INFO] Found 1600 potential configurations.
[WARN] No valid configuration found (all tested configs invalid).
[EXEC] Action ActionType.PICK executed in 2.31 seconds
[ERROR] Action ActionType.PICK failed for object /column1
Action failed ! time elapsed: 0.001
[LOG] Transition logged to MongoDB: 0fe6c8f8-aac0-463b-8ef8-9e3bfa407804 - Episode 10
Step 5
Selected action: Action(ActionType.PICK, obj=/column1, slot=None,grasp=GraspType.FRONT_270) with motion param: top_0
here
Action: Action(ActionType.PICK, obj=/column1, slot=None,grasp=GraspType.TOP_0)
[EXEC] Picking /column1 with top_0

[INFO] Found 256 potential configurations.
[WARN] No valid configuration found (all tested configs invalid).
[EXEC] Action ActionType.PICK executed in 10.01 seconds
[ERROR] Action ActionType.PICK failed for object /column1
Action failed ! time elapsed: 0.001
[LOG] Transition logged to MongoDB: 0fe6c8f8-aac0-463b-8ef8-9e3bfa407804 - Episode 10
Step 6
Selected action: Action(ActionType.PICK, obj=/column2, slot=None,grasp=GraspType.FRONT_270) with motion param: right_0
here
Action: Action(ActionType.PICK, obj=/column2, slot=None,grasp=GraspType.RIGHT_0)
[EXEC] Picking /column2 with right_0

[INFO] Found 2688 potential configurations.
[INFO] Motion completed successfully with result: success,in execution time: 3.52 seconds
[INFO] Found a reachable configuration for pick action after 1 attempts.
Tip distance after pick: 0.021104313473837066
[INFO] Pick action completed successfully.in execution time: 3.52 seconds
[EXEC] Action ActionType.PICK executed in 20.98 seconds
[SUCCESS] Action ActionType.PICK succeeded for object /column2
[LOG] Transition logged to MongoDB: 0fe6c8f8-aac0-463b-8ef8-9e3bfa407804 - Episode 10
Step 7
Selected action: Action(ActionType.PLACE, obj=/column2, slot=/goal_2,grasp=GraspType.LEFT_0) with motion param: right_0
here
Action: Action(ActionType.PLACE, obj=/column2, slot=/goal_2,grasp=GraspType.RIGHT_0)
[EXEC] Placing at [-0.6000000000000001, 0.8250000000000003, 0.5] with grasp right_0

[INFO] Found 1600 potential configurations.
[ERROR] Motion failed (collision or invalid path)
[ERROR] Motion result: no_path
[WARN] Failed to find a path to the selected place config on attempt 1.
[WARN] No path found to selected place config, discarding and trying next valid config...
[ERROR] Motion failed (collision or invalid path)
[ERROR] Motion result: no_path
[WARN] Failed to find a path to the selected place config on attempt 2.
[WARN] No path found to selected place config, discarding and trying next valid config...
[INFO] Motion completed successfully with result: success,in execution time: 1.60 seconds
[INFO] Found a reachable configuration for place action after 3 attempts.
[INFO] Place action completed successfully.
realigning placed object /column2 to target position
[EXEC] Action ActionType.PLACE executed in 38.50 seconds
[SUCCESS] Action ActionType.PLACE succeeded for object /column2
[LOG] Transition logged to MongoDB: 0fe6c8f8-aac0-463b-8ef8-9e3bfa407804 - Episode 10
Step 8
Selected action: Action(ActionType.PICK, obj=/column2, slot=None,grasp=GraspType.RIGHT_0) with motion param: top_0
here
Action: Action(ActionType.PICK, obj=/column2, slot=None,grasp=GraspType.TOP_0)
[EXEC] Picking /column2 with top_0

[INFO] Found 2176 potential configurations.
[WARN] No valid configuration found (all tested configs invalid).
[EXEC] Action ActionType.PICK executed in 17.95 seconds
[ERROR] Action ActionType.PICK failed for object /column2
Action failed ! time elapsed: 0.001
[LOG] Transition logged to MongoDB: 0fe6c8f8-aac0-463b-8ef8-9e3bfa407804 - Episode 10
Step 9
Selected action: Action(ActionType.PICK, obj=/column2, slot=None,grasp=GraspType.TOP_0) with motion param: right_0
here
Action: Action(ActionType.PICK, obj=/column2, slot=None,grasp=GraspType.RIGHT_0)
[EXEC] Picking /column2 with right_0

[INFO] Found 1536 potential configurations.
[INFO] Motion completed successfully with result: success,in execution time: 1.84 seconds
[INFO] Found a reachable configuration for pick action after 1 attempts.
Tip distance after pick: 0.020159674145872167
[INFO] Pick action completed successfully.in execution time: 1.84 seconds
[EXEC] Action ActionType.PICK executed in 29.30 seconds
[SUCCESS] Action ActionType.PICK succeeded for object /column2
[LOG] Transition logged to MongoDB: 0fe6c8f8-aac0-463b-8ef8-9e3bfa407804 - Episode 10
Step 10
Selected action: Action(ActionType.PLACE, obj=/column2, slot=/goal_2,grasp=GraspType.RIGHT_0) with motion param: top_0
here
Action: Action(ActionType.PLACE, obj=/column2, slot=/goal_2,grasp=GraspType.TOP_0)
[EXEC] Placing at [-0.6000000000000001, 0.8250000000000003, 0.5] with grasp top_0

[INFO] Found 1664 potential configurations.
[WARN] No valid configuration found (all tested configs invalid).
[EXEC] Action ActionType.PLACE executed in 2.52 seconds
[ERROR] Action ActionType.PLACE failed for object /column2
Action failed ! time elapsed: 0.001
[LOG] Transition logged to MongoDB: 0fe6c8f8-aac0-463b-8ef8-9e3bfa407804 - Episode 10
Step 11
Selected action: Action(ActionType.PLACE, obj=/column2, slot=/goal_0,grasp=GraspType.TOP_0) with motion param: left_0
here
Action: Action(ActionType.PLACE, obj=/column2, slot=/goal_0,grasp=GraspType.LEFT_0)
[EXEC] Placing at [-0.27499999999999986, 0.8250000000000005, 0.5] with grasp left_0

[INFO] Found 3200 potential configurations.
[WARN] No valid configuration found (all tested configs invalid).
[EXEC] Action ActionType.PLACE executed in 32.35 seconds
[ERROR] Action ActionType.PLACE failed for object /column2
Action failed ! time elapsed: 0.001
[LOG] Transition logged to MongoDB: 0fe6c8f8-aac0-463b-8ef8-9e3bfa407804 - Episode 10
Step 12
Selected action: Action(ActionType.PLACE, obj=/column2, slot=/region_0,grasp=GraspType.FRONT_270) with motion param: front_270
here
Action: Action(ActionType.PLACE, obj=/column2, slot=/region_0,grasp=GraspType.FRONT_270)
[EXEC] Placing at [0.35, 0.8, 0.521] with grasp front_270

[INFO] Found 3904 potential configurations.
[INFO] Motion completed successfully with result: success,in execution time: 2.32 seconds
[INFO] Found a reachable configuration for place action after 1 attempts.
[INFO] Place action completed successfully.
realigning placed object /column2 to target position
[EXEC] Action ActionType.PLACE executed in 23.41 seconds
[SUCCESS] Action ActionType.PLACE succeeded for object /column2
[LOG] Transition logged to MongoDB: 0fe6c8f8-aac0-463b-8ef8-9e3bfa407804 - Episode 10
Step 13
Selected action: Action(ActionType.PICK, obj=/column2, slot=None,grasp=GraspType.RIGHT_0) with motion param: left_0
here
Action: Action(ActionType.PICK, obj=/column2, slot=None,grasp=GraspType.LEFT_0)
[EXEC] Picking /column2 with left_0

[INFO] Found 1984 potential configurations.
[INFO] Motion completed successfully with result: success,in execution time: 6.72 seconds
[INFO] Found a reachable configuration for pick action after 1 attempts.
Tip distance after pick: 0.020259518540576105
[INFO] Pick action completed successfully.in execution time: 6.72 seconds
[EXEC] Action ActionType.PICK executed in 22.14 seconds
[SUCCESS] Action ActionType.PICK succeeded for object /column2
[LOG] Transition logged to MongoDB: 0fe6c8f8-aac0-463b-8ef8-9e3bfa407804 - Episode 10
Step 14
Selected action: Action(ActionType.PLACE, obj=/column2, slot=/goal_0,grasp=GraspType.LEFT_0) with motion param: front_270
here
Action: Action(ActionType.PLACE, obj=/column2, slot=/goal_0,grasp=GraspType.FRONT_270)
[EXEC] Placing at [-0.27499999999999986, 0.8250000000000005, 0.5] with grasp front_270

[INFO] Found 4672 potential configurations.
[INFO] Motion completed successfully with result: success,in execution time: 5.20 seconds
[INFO] Found a reachable configuration for place action after 1 attempts.
[INFO] Place action completed successfully.
realigning placed object /column2 to target position
[EXEC] Action ActionType.PLACE executed in 21.34 seconds
[SUCCESS] Action ActionType.PLACE succeeded for object /column2
[LOG] Transition logged to MongoDB: 0fe6c8f8-aac0-463b-8ef8-9e3bfa407804 - Episode 10
Step 15
Selected action: Action(ActionType.PICK, obj=/column1, slot=None,grasp=GraspType.TOP_0) with motion param: top_0
here
Action: Action(ActionType.PICK, obj=/column1, slot=None,grasp=GraspType.TOP_0)
[EXEC] Picking /column1 with top_0

[INFO] Found 448 potential configurations.
[WARN] No valid configuration found (all tested configs invalid).
[EXEC] Action ActionType.PICK executed in 13.28 seconds
[ERROR] Action ActionType.PICK failed for object /column1
Action failed ! time elapsed: 0.001
[LOG] Transition logged to MongoDB: 0fe6c8f8-aac0-463b-8ef8-9e3bfa407804 - Episode 10
Step 16
Selected action: Action(ActionType.PICK, obj=/column2, slot=None,grasp=GraspType.LEFT_0) with motion param: left_0
here
Action: Action(ActionType.PICK, obj=/column2, slot=None,grasp=GraspType.LEFT_0)
[EXEC] Picking /column2 with left_0

[INFO] Found 5056 potential configurations.
[INFO] Motion completed successfully with result: success,in execution time: 7.52 seconds
[INFO] Found a reachable configuration for pick action after 1 attempts.
Tip distance after pick: 0.019704465851424817
[INFO] Pick action completed successfully.in execution time: 7.52 seconds
[EXEC] Action ActionType.PICK executed in 38.95 seconds
[SUCCESS] Action ActionType.PICK succeeded for object /column2
[LOG] Transition logged to MongoDB: 0fe6c8f8-aac0-463b-8ef8-9e3bfa407804 - Episode 10
Step 17
Selected action: Action(ActionType.PLACE, obj=/column2, slot=/goal_2,grasp=GraspType.TOP_0) with motion param: right_0
here
Action: Action(ActionType.PLACE, obj=/column2, slot=/goal_2,grasp=GraspType.RIGHT_0)
[EXEC] Placing at [-0.6000000000000001, 0.8250000000000003, 0.5] with grasp right_0

[INFO] Found 2752 potential configurations.
[INFO] Motion completed successfully with result: success,in execution time: 14.96 seconds
[INFO] Found a reachable configuration for place action after 1 attempts.
[INFO] Place action completed successfully.
realigning placed object /column2 to target position
[EXEC] Action ActionType.PLACE executed in 33.14 seconds
[SUCCESS] Action ActionType.PLACE succeeded for object /column2
[LOG] Transition logged to MongoDB: 0fe6c8f8-aac0-463b-8ef8-9e3bfa407804 - Episode 10
Step 18
Selected action: Action(ActionType.PICK, obj=/column0, slot=None,grasp=GraspType.LEFT_0) with motion param: top_0
here
Action: Action(ActionType.PICK, obj=/column0, slot=None,grasp=GraspType.TOP_0)
[EXEC] Picking /column0 with top_0

[INFO] Found 1536 potential configurations.
[INFO] Motion completed successfully with result: success,in execution time: 10.32 seconds
[INFO] Found a reachable configuration for pick action after 1 attempts.
Tip distance after pick: 0.02666396005539904
[INFO] Pick action completed successfully.in execution time: 10.32 seconds
[EXEC] Action ActionType.PICK executed in 51.06 seconds
[SUCCESS] Action ActionType.PICK succeeded for object /column0
[LOG] Transition logged to MongoDB: 0fe6c8f8-aac0-463b-8ef8-9e3bfa407804 - Episode 10
Step 19
Selected action: Action(ActionType.PLACE, obj=/column0, slot=/goal_1,grasp=GraspType.TOP_0) with motion param: top_0
here
Action: Action(ActionType.PLACE, obj=/column0, slot=/goal_1,grasp=GraspType.TOP_0)
[EXEC] Placing at [-0.2749999999999999, 1.0750000000000006, 0.5] with grasp top_0

[INFO] Found 896 potential configurations.
[INFO] Motion completed successfully with result: success,in execution time: 7.36 seconds
[INFO] Found a reachable configuration for place action after 1 attempts.
[INFO] Place action completed successfully.
realigning placed object /column0 to target position
[EXEC] Action ActionType.PLACE executed in 37.04 seconds
[SUCCESS] Action ActionType.PLACE succeeded for object /column0
[LOG] Transition logged to MongoDB: 0fe6c8f8-aac0-463b-8ef8-9e3bfa407804 - Episode 10
Step 20
Selected action: Action(ActionType.PICK, obj=/column2, slot=None,grasp=GraspType.LEFT_0) with motion param: front_270
here
Action: Action(ActionType.PICK, obj=/column2, slot=None,grasp=GraspType.FRONT_270)
[EXEC] Picking /column2 with front_270

[INFO] Found 1856 potential configurations.
[WARN] No valid configuration found (all tested configs invalid).
[EXEC] Action ActionType.PICK executed in 2.74 seconds
[ERROR] Action ActionType.PICK failed for object /column2
Action failed ! time elapsed: 0.001
[LOG] Transition logged to MongoDB: 0fe6c8f8-aac0-463b-8ef8-9e3bfa407804 - Episode 10
Step 21
Selected action: Action(ActionType.PICK, obj=/column2, slot=None,grasp=GraspType.FRONT_270) with motion param: top_0
here
Action: Action(ActionType.PICK, obj=/column2, slot=None,grasp=GraspType.TOP_0)
[EXEC] Picking /column2 with top_0

[INFO] Found 2368 potential configurations.
[WARN] No valid configuration found (all tested configs invalid).
[EXEC] Action ActionType.PICK executed in 19.67 seconds
[ERROR] Action ActionType.PICK failed for object /column2
Action failed ! time elapsed: 0.001
[LOG] Transition logged to MongoDB: 0fe6c8f8-aac0-463b-8ef8-9e3bfa407804 - Episode 10
Step 22
Selected action: Action(ActionType.PICK, obj=/column1, slot=None,grasp=GraspType.TOP_0) with motion param: right_0
here
Action: Action(ActionType.PICK, obj=/column1, slot=None,grasp=GraspType.RIGHT_0)
[EXEC] Picking /column1 with right_0
[ERROR] No IK configurations found for desired pick pose.
[EXEC] Action ActionType.PICK executed in 1.02 seconds
[ERROR] Action ActionType.PICK failed for object /column1
Action failed ! time elapsed: 0.001
[LOG] Transition logged to MongoDB: 0fe6c8f8-aac0-463b-8ef8-9e3bfa407804 - Episode 10
Step 23
Selected action: Action(ActionType.PICK, obj=/column0, slot=None,grasp=GraspType.TOP_0) with motion param: front_270
here
Action: Action(ActionType.PICK, obj=/column0, slot=None,grasp=GraspType.FRONT_270)
[EXEC] Picking /column0 with front_270

[INFO] Found 1280 potential configurations.
[ERROR] Motion failed (collision or invalid path)
[ERROR] Motion result: no_path
[WARN] Failed to find a path to the selected pick config on attempt 1.
[WARN] No path found to picked config, discarding and trying next valid config...
[INFO] Motion completed successfully with result: success,in execution time: 5.32 seconds
[INFO] Found a reachable configuration for pick action after 2 attempts.
Tip distance after pick: 0.020702354034089456
[INFO] Pick action completed successfully.in execution time: 5.32 seconds
[EXEC] Action ActionType.PICK executed in 28.23 seconds
[SUCCESS] Action ActionType.PICK succeeded for object /column0
[LOG] Transition logged to MongoDB: 0fe6c8f8-aac0-463b-8ef8-9e3bfa407804 - Episode 10
Step 24
Selected action: Action(ActionType.PLACE, obj=/column0, slot=/goal_0,grasp=GraspType.FRONT_270) with motion param: right_0
here
Action: Action(ActionType.PLACE, obj=/column0, slot=/goal_0,grasp=GraspType.RIGHT_0)
[EXEC] Placing at [-0.27499999999999986, 0.8250000000000005, 0.5] with grasp right_0

[INFO] Found 2880 potential configurations.
[INFO] Motion completed successfully with result: success,in execution time: 3.40 seconds
[INFO] Found a reachable configuration for place action after 1 attempts.
[INFO] Place action completed successfully.
realigning placed object /column0 to target position
[EXEC] Action ActionType.PLACE executed in 17.36 seconds
[SUCCESS] Action ActionType.PLACE succeeded for object /column0
[LOG] Transition logged to MongoDB: 0fe6c8f8-aac0-463b-8ef8-9e3bfa407804 - Episode 10
Step 25
Selected action: Action(ActionType.PICK, obj=/column2, slot=None,grasp=GraspType.TOP_0) with motion param: right_0
here
Action: Action(ActionType.PICK, obj=/column2, slot=None,grasp=GraspType.RIGHT_0)
[EXEC] Picking /column2 with right_0

[INFO] Found 1600 potential configurations.
[WARN] No valid configuration found (all tested configs invalid).
[EXEC] Action ActionType.PICK executed in 2.41 seconds
[ERROR] Action ActionType.PICK failed for object /column2
Action failed ! time elapsed: 0.001
[LOG] Transition logged to MongoDB: 0fe6c8f8-aac0-463b-8ef8-9e3bfa407804 - Episode 10
Step 26
Selected action: Action(ActionType.PICK, obj=/column2, slot=None,grasp=GraspType.RIGHT_0) with motion param: left_0
here
Action: Action(ActionType.PICK, obj=/column2, slot=None,grasp=GraspType.LEFT_0)
[EXEC] Picking /column2 with left_0
[ERROR] No IK configurations found for desired pick pose.
[EXEC] Action ActionType.PICK executed in 1.02 seconds
[ERROR] Action ActionType.PICK failed for object /column2
Action failed ! time elapsed: 0.001
[LOG] Transition logged to MongoDB: 0fe6c8f8-aac0-463b-8ef8-9e3bfa407804 - Episode 10
Step 27
Selected action: Action(ActionType.PICK, obj=/column0, slot=None,grasp=GraspType.FRONT_270) with motion param: right_0
here
Action: Action(ActionType.PICK, obj=/column0, slot=None,grasp=GraspType.RIGHT_0)
[EXEC] Picking /column0 with right_0

[INFO] Found 1984 potential configurations.
[INFO] Motion completed successfully with result: success,in execution time: 1.76 seconds
[INFO] Found a reachable configuration for pick action after 1 attempts.
Tip distance after pick: 0.021965242790644997
[INFO] Pick action completed successfully.in execution time: 1.76 seconds
[EXEC] Action ActionType.PICK executed in 15.54 seconds
[SUCCESS] Action ActionType.PICK succeeded for object /column0
[LOG] Transition logged to MongoDB: 0fe6c8f8-aac0-463b-8ef8-9e3bfa407804 - Episode 10
Step 28
Selected action: Action(ActionType.PLACE, obj=/column0, slot=/goal_0,grasp=GraspType.RIGHT_0) with motion param: top_0
here
Action: Action(ActionType.PLACE, obj=/column0, slot=/goal_0,grasp=GraspType.TOP_0)
[EXEC] Placing at [-0.27499999999999986, 0.8250000000000005, 0.5] with grasp top_0

[INFO] Found 3712 potential configurations.
[INFO] Motion completed successfully with result: success,in execution time: 3.12 seconds
[INFO] Found a reachable configuration for place action after 1 attempts.
[INFO] Place action completed successfully.
realigning placed object /column0 to target position
[EXEC] Action ActionType.PLACE executed in 23.10 seconds
[SUCCESS] Action ActionType.PLACE succeeded for object /column0
[LOG] Transition logged to MongoDB: 0fe6c8f8-aac0-463b-8ef8-9e3bfa407804 - Episode 10
Step 29
Selected action: Action(ActionType.PICK, obj=/column1, slot=None,grasp=GraspType.RIGHT_0) with motion param: front_270
here
Action: Action(ActionType.PICK, obj=/column1, slot=None,grasp=GraspType.FRONT_270)
[EXEC] Picking /column1 with front_270

[INFO] Found 3072 potential configurations.
[INFO] Motion completed successfully with result: success,in execution time: 7.68 seconds
[INFO] Found a reachable configuration for pick action after 1 attempts.
Tip distance after pick: 0.020610784803188942
[INFO] Pick action completed successfully.in execution time: 7.68 seconds
[EXEC] Action ActionType.PICK executed in 21.25 seconds
[SUCCESS] Action ActionType.PICK succeeded for object /column1
[LOG] Transition logged to MongoDB: 0fe6c8f8-aac0-463b-8ef8-9e3bfa407804 - Episode 10
Pilot run finished, resetting scene
Leaving object if held
Pilot run 14
Step 0
Selected action: Action(ActionType.PICK, obj=/column1, slot=None,grasp=GraspType.FRONT_270) with motion param: right_0
here
Action: Action(ActionType.PICK, obj=/column1, slot=None,grasp=GraspType.RIGHT_0)
[EXEC] Picking /column1 with right_0

[INFO] Found 3008 potential configurations.
[WARN] No valid configuration found (all tested configs invalid).
[EXEC] Action ActionType.PICK executed in 4.20 seconds
[ERROR] Action ActionType.PICK failed for object /column1
Action failed ! time elapsed: 0.001
[LOG] Transition logged to MongoDB: 0fe6c8f8-aac0-463b-8ef8-9e3bfa407804 - Episode 10
Step 1
Selected action: Action(ActionType.PICK, obj=/column0, slot=None,grasp=GraspType.RIGHT_0) with motion param: left_0
here
Action: Action(ActionType.PICK, obj=/column0, slot=None,grasp=GraspType.LEFT_0)
[EXEC] Picking /column0 with left_0

[INFO] Found 1472 potential configurations.
[WARN] No valid configuration found (all tested configs invalid).
[EXEC] Action ActionType.PICK executed in 1.90 seconds
[ERROR] Action ActionType.PICK failed for object /column0
Action failed ! time elapsed: 0.001
[LOG] Transition logged to MongoDB: 0fe6c8f8-aac0-463b-8ef8-9e3bfa407804 - Episode 10
Step 2
Selected action: Action(ActionType.PICK, obj=/column2, slot=None,grasp=GraspType.LEFT_0) with motion param: left_0
here
Action: Action(ActionType.PICK, obj=/column2, slot=None,grasp=GraspType.LEFT_0)
[EXEC] Picking /column2 with left_0

[INFO] Found 2304 potential configurations.
[WARN] No valid configuration found (all tested configs invalid).
[EXEC] Action ActionType.PICK executed in 3.55 seconds
[ERROR] Action ActionType.PICK failed for object /column2
Action failed ! time elapsed: 0.001
[LOG] Transition logged to MongoDB: 0fe6c8f8-aac0-463b-8ef8-9e3bfa407804 - Episode 10
Step 3
Selected action: Action(ActionType.PICK, obj=/column2, slot=None,grasp=GraspType.LEFT_0) with motion param: top_0
here
Action: Action(ActionType.PICK, obj=/column2, slot=None,grasp=GraspType.TOP_0)
[EXEC] Picking /column2 with top_0

[INFO] Found 1024 potential configurations.
[INFO] Motion completed successfully with result: success,in execution time: 3.84 seconds
[INFO] Found a reachable configuration for pick action after 1 attempts.
Tip distance after pick: 0.027494395864228062
[INFO] Pick action completed successfully.in execution time: 3.84 seconds
[EXEC] Action ActionType.PICK executed in 27.58 seconds
[SUCCESS] Action ActionType.PICK succeeded for object /column2
[LOG] Transition logged to MongoDB: 0fe6c8f8-aac0-463b-8ef8-9e3bfa407804 - Episode 10
Step 4
Selected action: Action(ActionType.PLACE, obj=/column2, slot=/goal_2,grasp=GraspType.RIGHT_0) with motion param: right_0
here
Action: Action(ActionType.PLACE, obj=/column2, slot=/goal_2,grasp=GraspType.RIGHT_0)
[EXEC] Placing at [-0.6000000000000001, 0.8250000000000003, 0.5] with grasp right_0

[INFO] Found 1728 potential configurations.
[ERROR] Motion failed (collision or invalid path)
[ERROR] Motion result: no_path
[WARN] Failed to find a path to the selected place config on attempt 1.
[WARN] No path found to selected place config, discarding and trying next valid config...
[INFO] Motion completed successfully with result: success,in execution time: 15.64 seconds
[INFO] Found a reachable configuration for place action after 2 attempts.
[INFO] Place action completed successfully.
realigning placed object /column2 to target position
[EXEC] Action ActionType.PLACE executed in 50.41 seconds
[SUCCESS] Action ActionType.PLACE succeeded for object /column2
[LOG] Transition logged to MongoDB: 0fe6c8f8-aac0-463b-8ef8-9e3bfa407804 - Episode 10
Step 5
Selected action: Action(ActionType.PICK, obj=/column1, slot=None,grasp=GraspType.RIGHT_0) with motion param: front_270
here
Action: Action(ActionType.PICK, obj=/column1, slot=None,grasp=GraspType.FRONT_270)
[EXEC] Picking /column1 with front_270

[INFO] Found 3712 potential configurations.
[INFO] Motion completed successfully with result: success,in execution time: 3.76 seconds
[INFO] Found a reachable configuration for pick action after 1 attempts.
Tip distance after pick: 0.022829454721763908
[INFO] Pick action completed successfully.in execution time: 3.76 seconds
[EXEC] Action ActionType.PICK executed in 23.95 seconds
[SUCCESS] Action ActionType.PICK succeeded for object /column1
[LOG] Transition logged to MongoDB: 0fe6c8f8-aac0-463b-8ef8-9e3bfa407804 - Episode 10
Step 6
Selected action: Action(ActionType.PLACE, obj=/column1, slot=/region_2,grasp=GraspType.LEFT_0) with motion param: top_0
here
Action: Action(ActionType.PLACE, obj=/column1, slot=/region_2,grasp=GraspType.TOP_0)
[EXEC] Placing at [0.6, 0.80001, 0.5] with grasp top_0

[INFO] Found 2624 potential configurations.
[INFO] Motion completed successfully with result: success,in execution time: 4.60 seconds
[INFO] Found a reachable configuration for place action after 1 attempts.
[INFO] Place action completed successfully.
realigning placed object /column1 to target position
[EXEC] Action ActionType.PLACE executed in 18.44 seconds
[SUCCESS] Action ActionType.PLACE succeeded for object /column1
[LOG] Transition logged to MongoDB: 0fe6c8f8-aac0-463b-8ef8-9e3bfa407804 - Episode 10
Step 7
Selected action: Action(ActionType.PICK, obj=/column0, slot=None,grasp=GraspType.LEFT_0) with motion param: front_270
here
Action: Action(ActionType.PICK, obj=/column0, slot=None,grasp=GraspType.FRONT_270)
[EXEC] Picking /column0 with front_270

[INFO] Found 2112 potential configurations.
[WARN] No valid configuration found (all tested configs invalid).
[EXEC] Action ActionType.PICK executed in 2.36 seconds
[ERROR] Action ActionType.PICK failed for object /column0
Action failed ! time elapsed: 0.001
[LOG] Transition logged to MongoDB: 0fe6c8f8-aac0-463b-8ef8-9e3bfa407804 - Episode 10
Step 8
Selected action: Action(ActionType.PICK, obj=/column0, slot=None,grasp=GraspType.FRONT_270) with motion param: left_0
here
Action: Action(ActionType.PICK, obj=/column0, slot=None,grasp=GraspType.LEFT_0)
[EXEC] Picking /column0 with left_0

[INFO] Found 960 potential configurations.
[WARN] No valid configuration found (all tested configs invalid).
[EXEC] Action ActionType.PICK executed in 1.58 seconds
[ERROR] Action ActionType.PICK failed for object /column0
Action failed ! time elapsed: 0.001
[LOG] Transition logged to MongoDB: 0fe6c8f8-aac0-463b-8ef8-9e3bfa407804 - Episode 10
Step 9
Selected action: Action(ActionType.PICK, obj=/column2, slot=None,grasp=GraspType.TOP_0) with motion param: left_0
here
Action: Action(ActionType.PICK, obj=/column2, slot=None,grasp=GraspType.LEFT_0)
[EXEC] Picking /column2 with left_0
[ERROR] No IK configurations found for desired pick pose.
[EXEC] Action ActionType.PICK executed in 1.02 seconds
[ERROR] Action ActionType.PICK failed for object /column2
Action failed ! time elapsed: 0.001
[LOG] Transition logged to MongoDB: 0fe6c8f8-aac0-463b-8ef8-9e3bfa407804 - Episode 10
Step 10
Selected action: Action(ActionType.PICK, obj=/column0, slot=None,grasp=GraspType.LEFT_0) with motion param: front_270
here
Action: Action(ActionType.PICK, obj=/column0, slot=None,grasp=GraspType.FRONT_270)
[EXEC] Picking /column0 with front_270

[INFO] Found 2304 potential configurations.
[WARN] No valid configuration found (all tested configs invalid).
[EXEC] Action ActionType.PICK executed in 2.41 seconds
[ERROR] Action ActionType.PICK failed for object /column0
Action failed ! time elapsed: 0.001
[LOG] Transition logged to MongoDB: 0fe6c8f8-aac0-463b-8ef8-9e3bfa407804 - Episode 10
Step 11
Selected action: Action(ActionType.PICK, obj=/column1, slot=None,grasp=GraspType.FRONT_270) with motion param: front_270
here
Action: Action(ActionType.PICK, obj=/column1, slot=None,grasp=GraspType.FRONT_270)
[EXEC] Picking /column1 with front_270

[INFO] Found 2624 potential configurations.
[INFO] Motion completed successfully with result: success,in execution time: 4.04 seconds
[INFO] Found a reachable configuration for pick action after 1 attempts.
Tip distance after pick: 0.02014019079836354
[INFO] Pick action completed successfully.in execution time: 4.04 seconds
[EXEC] Action ActionType.PICK executed in 14.71 seconds
[SUCCESS] Action ActionType.PICK succeeded for object /column1
[LOG] Transition logged to MongoDB: 0fe6c8f8-aac0-463b-8ef8-9e3bfa407804 - Episode 10
Step 12
Selected action: Action(ActionType.PLACE, obj=/column1, slot=/goal_1,grasp=GraspType.FRONT_270) with motion param: left_0
here
Action: Action(ActionType.PLACE, obj=/column1, slot=/goal_1,grasp=GraspType.LEFT_0)
[EXEC] Placing at [-0.2749999999999999, 1.0750000000000006, 0.5] with grasp left_0

[INFO] Found 896 potential configurations.
[WARN] No valid configuration found (all tested configs invalid).
[EXEC] Action ActionType.PLACE executed in 8.54 seconds
[ERROR] Action ActionType.PLACE failed for object /column1
Action failed ! time elapsed: 0.001
[LOG] Transition logged to MongoDB: 0fe6c8f8-aac0-463b-8ef8-9e3bfa407804 - Episode 10
Step 13
Selected action: Action(ActionType.PLACE, obj=/column1, slot=/goal_1,grasp=GraspType.LEFT_0) with motion param: right_0
here
Action: Action(ActionType.PLACE, obj=/column1, slot=/goal_1,grasp=GraspType.RIGHT_0)
[EXEC] Placing at [-0.2749999999999999, 1.0750000000000006, 0.5] with grasp right_0

[INFO] Found 1408 potential configurations.
[INFO] Motion completed successfully with result: success,in execution time: 10.52 seconds
[INFO] Found a reachable configuration for place action after 1 attempts.
[INFO] Place action completed successfully.
realigning placed object /column1 to target position
[EXEC] Action ActionType.PLACE executed in 33.48 seconds
[SUCCESS] Action ActionType.PLACE succeeded for object /column1
[LOG] Transition logged to MongoDB: 0fe6c8f8-aac0-463b-8ef8-9e3bfa407804 - Episode 10
Step 14
Selected action: Action(ActionType.PICK, obj=/column0, slot=None,grasp=GraspType.FRONT_270) with motion param: top_0
here
Action: Action(ActionType.PICK, obj=/column0, slot=None,grasp=GraspType.TOP_0)
[EXEC] Picking /column0 with top_0

[INFO] Found 448 potential configurations.
[WARN] No valid configuration found (all tested configs invalid).
[EXEC] Action ActionType.PICK executed in 16.02 seconds
[ERROR] Action ActionType.PICK failed for object /column0
Action failed ! time elapsed: 0.001
[LOG] Transition logged to MongoDB: 0fe6c8f8-aac0-463b-8ef8-9e3bfa407804 - Episode 10
Step 15
Selected action: Action(ActionType.PICK, obj=/column1, slot=None,grasp=GraspType.FRONT_270) with motion param: left_0
here
Action: Action(ActionType.PICK, obj=/column1, slot=None,grasp=GraspType.LEFT_0)
[EXEC] Picking /column1 with left_0
[ERROR] No IK configurations found for desired pick pose.
[EXEC] Action ActionType.PICK executed in 1.02 seconds
[ERROR] Action ActionType.PICK failed for object /column1
Action failed ! time elapsed: 0.001
[LOG] Transition logged to MongoDB: 0fe6c8f8-aac0-463b-8ef8-9e3bfa407804 - Episode 10
Step 16
Selected action: Action(ActionType.PICK, obj=/column1, slot=None,grasp=GraspType.LEFT_0) with motion param: front_270
here
Action: Action(ActionType.PICK, obj=/column1, slot=None,grasp=GraspType.FRONT_270)
[EXEC] Picking /column1 with front_270

[INFO] Found 2816 potential configurations.
[INFO] Motion completed successfully with result: success,in execution time: 3.68 seconds
[INFO] Found a reachable configuration for pick action after 1 attempts.
Tip distance after pick: 0.02079090983572843
[INFO] Pick action completed successfully.in execution time: 3.68 seconds
[EXEC] Action ActionType.PICK executed in 21.65 seconds
[SUCCESS] Action ActionType.PICK succeeded for object /column1
[LOG] Transition logged to MongoDB: 0fe6c8f8-aac0-463b-8ef8-9e3bfa407804 - Episode 10
Step 17
Selected action: Action(ActionType.PLACE, obj=/column1, slot=/region_0,grasp=GraspType.LEFT_0) with motion param: right_0
here
Action: Action(ActionType.PLACE, obj=/column1, slot=/region_0,grasp=GraspType.RIGHT_0)
[EXEC] Placing at [0.35, 0.8, 0.521] with grasp right_0

[INFO] Found 2944 potential configurations.
[INFO] Motion completed successfully with result: success,in execution time: 9.36 seconds
[INFO] Found a reachable configuration for place action after 1 attempts.
[INFO] Place action completed successfully.
realigning placed object /column1 to target position
[EXEC] Action ActionType.PLACE executed in 28.00 seconds
[SUCCESS] Action ActionType.PLACE succeeded for object /column1
[LOG] Transition logged to MongoDB: 0fe6c8f8-aac0-463b-8ef8-9e3bfa407804 - Episode 10
Step 18
Selected action: Action(ActionType.PICK, obj=/column1, slot=None,grasp=GraspType.FRONT_270) with motion param: left_0
here
Action: Action(ActionType.PICK, obj=/column1, slot=None,grasp=GraspType.LEFT_0)
[EXEC] Picking /column1 with left_0

[INFO] Found 2112 potential configurations.
[INFO] Motion completed successfully with result: success,in execution time: 6.20 seconds
[INFO] Found a reachable configuration for pick action after 1 attempts.
Tip distance after pick: 0.021705418907041436
[INFO] Pick action completed successfully.in execution time: 6.20 seconds
[EXEC] Action ActionType.PICK executed in 26.58 seconds
[SUCCESS] Action ActionType.PICK succeeded for object /column1
[LOG] Transition logged to MongoDB: 0fe6c8f8-aac0-463b-8ef8-9e3bfa407804 - Episode 10
Step 19
Selected action: Action(ActionType.PLACE, obj=/column1, slot=/goal_0,grasp=GraspType.TOP_0) with motion param: left_0
here
Action: Action(ActionType.PLACE, obj=/column1, slot=/goal_0,grasp=GraspType.LEFT_0)
[EXEC] Placing at [-0.27499999999999986, 0.8250000000000005, 0.5] with grasp left_0

[INFO] Found 4224 potential configurations.
[WARN] No valid configuration found (all tested configs invalid).
[EXEC] Action ActionType.PLACE executed in 41.73 seconds
[ERROR] Action ActionType.PLACE failed for object /column1
Action failed ! time elapsed: 0.001
[LOG] Transition logged to MongoDB: 0fe6c8f8-aac0-463b-8ef8-9e3bfa407804 - Episode 10
Step 20
Selected action: Action(ActionType.PLACE, obj=/column1, slot=/goal_0,grasp=GraspType.LEFT_0) with motion param: left_0
here
Action: Action(ActionType.PLACE, obj=/column1, slot=/goal_0,grasp=GraspType.LEFT_0)
[EXEC] Placing at [-0.27499999999999986, 0.8250000000000005, 0.5] with grasp left_0

[INFO] Found 3968 potential configurations.
[WARN] No valid configuration found (all tested configs invalid).
[EXEC] Action ActionType.PLACE executed in 42.84 seconds
[ERROR] Action ActionType.PLACE failed for object /column1
Action failed ! time elapsed: 0.001
[LOG] Transition logged to MongoDB: 0fe6c8f8-aac0-463b-8ef8-9e3bfa407804 - Episode 10
Step 21
Selected action: Action(ActionType.PLACE, obj=/column1, slot=/goal_0,grasp=GraspType.LEFT_0) with motion param: top_0
here
Action: Action(ActionType.PLACE, obj=/column1, slot=/goal_0,grasp=GraspType.TOP_0)
[EXEC] Placing at [-0.27499999999999986, 0.8250000000000005, 0.5] with grasp top_0

[INFO] Found 3968 potential configurations.
[INFO] Motion completed successfully with result: success,in execution time: 2.96 seconds
[INFO] Found a reachable configuration for place action after 1 attempts.
[INFO] Place action completed successfully.
realigning placed object /column1 to target position
[EXEC] Action ActionType.PLACE executed in 18.56 seconds
[SUCCESS] Action ActionType.PLACE succeeded for object /column1
[LOG] Transition logged to MongoDB: 0fe6c8f8-aac0-463b-8ef8-9e3bfa407804 - Episode 10
Step 22
Selected action: Action(ActionType.PICK, obj=/column0, slot=None,grasp=GraspType.TOP_0) with motion param: left_0
here
Action: Action(ActionType.PICK, obj=/column0, slot=None,grasp=GraspType.LEFT_0)
[EXEC] Picking /column0 with left_0

[INFO] Found 960 potential configurations.
[WARN] No valid configuration found (all tested configs invalid).
[EXEC] Action ActionType.PICK executed in 1.71 seconds
[ERROR] Action ActionType.PICK failed for object /column0
Action failed ! time elapsed: 0.001
[LOG] Transition logged to MongoDB: 0fe6c8f8-aac0-463b-8ef8-9e3bfa407804 - Episode 10
Step 23
Selected action: Action(ActionType.PICK, obj=/column2, slot=None,grasp=GraspType.LEFT_0) with motion param: front_270
here
Action: Action(ActionType.PICK, obj=/column2, slot=None,grasp=GraspType.FRONT_270)
[EXEC] Picking /column2 with front_270

[INFO] Found 3456 potential configurations.
[WARN] No valid configuration found (all tested configs invalid).
[EXEC] Action ActionType.PICK executed in 2.66 seconds
[ERROR] Action ActionType.PICK failed for object /column2
Action failed ! time elapsed: 0.001
[LOG] Transition logged to MongoDB: 0fe6c8f8-aac0-463b-8ef8-9e3bfa407804 - Episode 10
Step 24
Selected action: Action(ActionType.PICK, obj=/column1, slot=None,grasp=GraspType.LEFT_0) with motion param: top_0
here
Action: Action(ActionType.PICK, obj=/column1, slot=None,grasp=GraspType.TOP_0)
[EXEC] Picking /column1 with top_0

[INFO] Found 4544 potential configurations.
[INFO] Motion completed successfully with result: success,in execution time: 1.80 seconds
[INFO] Found a reachable configuration for pick action after 1 attempts.
Tip distance after pick: 0.02820277409480699
[INFO] Pick action completed successfully.in execution time: 1.80 seconds
[EXEC] Action ActionType.PICK executed in 19.96 seconds
[SUCCESS] Action ActionType.PICK succeeded for object /column1
[LOG] Transition logged to MongoDB: 0fe6c8f8-aac0-463b-8ef8-9e3bfa407804 - Episode 10
Step 25
Selected action: Action(ActionType.PLACE, obj=/column1, slot=/goal_1,grasp=GraspType.RIGHT_0) with motion param: top_0
here
Action: Action(ActionType.PLACE, obj=/column1, slot=/goal_1,grasp=GraspType.TOP_0)
[EXEC] Placing at [-0.2749999999999999, 1.0750000000000006, 0.5] with grasp top_0

[INFO] Found 960 potential configurations.
[INFO] Motion completed successfully with result: success,in execution time: 1.92 seconds
[INFO] Found a reachable configuration for place action after 1 attempts.
[INFO] Place action completed successfully.
realigning placed object /column1 to target position
[EXEC] Action ActionType.PLACE executed in 15.02 seconds
[SUCCESS] Action ActionType.PLACE succeeded for object /column1
[LOG] Transition logged to MongoDB: 0fe6c8f8-aac0-463b-8ef8-9e3bfa407804 - Episode 10
Step 26
Selected action: Action(ActionType.PICK, obj=/column0, slot=None,grasp=GraspType.LEFT_0) with motion param: right_0
here
Action: Action(ActionType.PICK, obj=/column0, slot=None,grasp=GraspType.RIGHT_0)
[EXEC] Picking /column0 with right_0
[ERROR] No IK configurations found for desired pick pose.
[EXEC] Action ActionType.PICK executed in 1.02 seconds
[ERROR] Action ActionType.PICK failed for object /column0
Action failed ! time elapsed: 0.001
[LOG] Transition logged to MongoDB: 0fe6c8f8-aac0-463b-8ef8-9e3bfa407804 - Episode 10
Step 27
Selected action: Action(ActionType.PICK, obj=/column2, slot=None,grasp=GraspType.FRONT_270) with motion param: right_0
here
Action: Action(ActionType.PICK, obj=/column2, slot=None,grasp=GraspType.RIGHT_0)
[EXEC] Picking /column2 with right_0

[INFO] Found 2368 potential configurations.
[INFO] Motion completed successfully with result: success,in execution time: 7.08 seconds
[INFO] Found a reachable configuration for pick action after 1 attempts.
Tip distance after pick: 0.020485993133796312
[INFO] Pick action completed successfully.in execution time: 7.08 seconds
[EXEC] Action ActionType.PICK executed in 22.12 seconds
[SUCCESS] Action ActionType.PICK succeeded for object /column2
[LOG] Transition logged to MongoDB: 0fe6c8f8-aac0-463b-8ef8-9e3bfa407804 - Episode 10
Step 28
Selected action: Action(ActionType.PLACE, obj=/column2, slot=/goal_2,grasp=GraspType.RIGHT_0) with motion param: right_0
here
Action: Action(ActionType.PLACE, obj=/column2, slot=/goal_2,grasp=GraspType.RIGHT_0)
[EXEC] Placing at [-0.6000000000000001, 0.8250000000000003, 0.5] with grasp right_0

[INFO] Found 2240 potential configurations.
[INFO] Motion completed successfully with result: success,in execution time: 0.40 seconds
[INFO] Found a reachable configuration for place action after 1 attempts.
[INFO] Place action completed successfully.
realigning placed object /column2 to target position
[EXEC] Action ActionType.PLACE executed in 21.31 seconds
[SUCCESS] Action ActionType.PLACE succeeded for object /column2
[LOG] Transition logged to MongoDB: 0fe6c8f8-aac0-463b-8ef8-9e3bfa407804 - Episode 10
Step 29
Selected action: Action(ActionType.PICK, obj=/column0, slot=None,grasp=GraspType.RIGHT_0) with motion param: top_0
here
Action: Action(ActionType.PICK, obj=/column0, slot=None,grasp=GraspType.TOP_0)
[EXEC] Picking /column0 with top_0

[INFO] Found 384 potential configurations.
[WARN] No valid configuration found (all tested configs invalid).
[EXEC] Action ActionType.PICK executed in 9.50 seconds
[ERROR] Action ActionType.PICK failed for object /column0
Action failed ! time elapsed: 0.001
[LOG] Transition logged to MongoDB: 0fe6c8f8-aac0-463b-8ef8-9e3bfa407804 - Episode 10
Pilot run finished, resetting scene
Leaving object if held
Pilot run 15
Step 0
Selected action: Action(ActionType.PICK, obj=/column1, slot=None,grasp=GraspType.TOP_0) with motion param: top_0
here
Action: Action(ActionType.PICK, obj=/column1, slot=None,grasp=GraspType.TOP_0)
[EXEC] Picking /column1 with top_0

[INFO] Found 1152 potential configurations.
[INFO] Motion completed successfully with result: success,in execution time: 3.88 seconds
[INFO] Found a reachable configuration for pick action after 1 attempts.
Tip distance after pick: 0.025700635468996782
[INFO] Pick action completed successfully.in execution time: 3.88 seconds
[EXEC] Action ActionType.PICK executed in 15.36 seconds
[SUCCESS] Action ActionType.PICK succeeded for object /column1
[LOG] Transition logged to MongoDB: 0fe6c8f8-aac0-463b-8ef8-9e3bfa407804 - Episode 10
Step 1
Selected action: Action(ActionType.PLACE, obj=/column1, slot=/goal_1,grasp=GraspType.TOP_0) with motion param: left_0
here
Action: Action(ActionType.PLACE, obj=/column1, slot=/goal_1,grasp=GraspType.LEFT_0)
[EXEC] Placing at [-0.2749999999999999, 1.0750000000000006, 0.5] with grasp left_0

[INFO] Found 960 potential configurations.
[WARN] No valid configuration found (all tested configs invalid).
[EXEC] Action ActionType.PLACE executed in 10.53 seconds
[ERROR] Action ActionType.PLACE failed for object /column1
Action failed ! time elapsed: 0.001
[LOG] Transition logged to MongoDB: 0fe6c8f8-aac0-463b-8ef8-9e3bfa407804 - Episode 10
Step 2
Selected action: Action(ActionType.PLACE, obj=/column1, slot=/goal_2,grasp=GraspType.RIGHT_0) with motion param: front_270
here
Action: Action(ActionType.PLACE, obj=/column1, slot=/goal_2,grasp=GraspType.FRONT_270)
[EXEC] Placing at [-0.6000000000000001, 0.8250000000000003, 0.5] with grasp front_270

[INFO] Found 2880 potential configurations.
[WARN] No valid configuration found (all tested configs invalid).
[EXEC] Action ActionType.PLACE executed in 3.11 seconds
[ERROR] Action ActionType.PLACE failed for object /column1
Action failed ! time elapsed: 0.001
[LOG] Transition logged to MongoDB: 0fe6c8f8-aac0-463b-8ef8-9e3bfa407804 - Episode 10
Step 3
Selected action: Action(ActionType.PLACE, obj=/column1, slot=/region_2,grasp=GraspType.TOP_0) with motion param: top_0
here
Action: Action(ActionType.PLACE, obj=/column1, slot=/region_2,grasp=GraspType.TOP_0)
[EXEC] Placing at [0.6, 0.80001, 0.5] with grasp top_0

[INFO] Found 1408 potential configurations.
[INFO] Motion completed successfully with result: success,in execution time: 0.32 seconds
[INFO] Found a reachable configuration for place action after 1 attempts.
[INFO] Place action completed successfully.
realigning placed object /column1 to target position
[EXEC] Action ActionType.PLACE executed in 22.04 seconds
[SUCCESS] Action ActionType.PLACE succeeded for object /column1
[LOG] Transition logged to MongoDB: 0fe6c8f8-aac0-463b-8ef8-9e3bfa407804 - Episode 10
Step 4
Selected action: Action(ActionType.PICK, obj=/column1, slot=None,grasp=GraspType.TOP_0) with motion param: right_0
here
Action: Action(ActionType.PICK, obj=/column1, slot=None,grasp=GraspType.RIGHT_0)
[EXEC] Picking /column1 with right_0
[ERROR] No IK configurations found for desired pick pose.
[EXEC] Action ActionType.PICK executed in 1.02 seconds
[ERROR] Action ActionType.PICK failed for object /column1
Action failed ! time elapsed: 0.001
[LOG] Transition logged to MongoDB: 0fe6c8f8-aac0-463b-8ef8-9e3bfa407804 - Episode 10
Step 5
Selected action: Action(ActionType.PICK, obj=/column1, slot=None,grasp=GraspType.RIGHT_0) with motion param: left_0
here
Action: Action(ActionType.PICK, obj=/column1, slot=None,grasp=GraspType.LEFT_0)
[EXEC] Picking /column1 with left_0

[INFO] Found 3072 potential configurations.
[WARN] No valid configuration found (all tested configs invalid).
[EXEC] Action ActionType.PICK executed in 4.64 seconds
[ERROR] Action ActionType.PICK failed for object /column1
Action failed ! time elapsed: 0.001
[LOG] Transition logged to MongoDB: 0fe6c8f8-aac0-463b-8ef8-9e3bfa407804 - Episode 10
Step 6
Selected action: Action(ActionType.PICK, obj=/column0, slot=None,grasp=GraspType.TOP_0) with motion param: left_0
here
Action: Action(ActionType.PICK, obj=/column0, slot=None,grasp=GraspType.LEFT_0)
[EXEC] Picking /column0 with left_0

[INFO] Found 1088 potential configurations.
[WARN] No valid configuration found (all tested configs invalid).
[EXEC] Action ActionType.PICK executed in 1.69 seconds
[ERROR] Action ActionType.PICK failed for object /column0
Action failed ! time elapsed: 0.001
[LOG] Transition logged to MongoDB: 0fe6c8f8-aac0-463b-8ef8-9e3bfa407804 - Episode 10
Step 7
Selected action: Action(ActionType.PICK, obj=/column1, slot=None,grasp=GraspType.LEFT_0) with motion param: front_270
here
Action: Action(ActionType.PICK, obj=/column1, slot=None,grasp=GraspType.FRONT_270)
[EXEC] Picking /column1 with front_270

[INFO] Found 2368 potential configurations.
[INFO] Motion completed successfully with result: success,in execution time: 4.16 seconds
[INFO] Found a reachable configuration for pick action after 1 attempts.
Tip distance after pick: 0.020693029094574437
[INFO] Pick action completed successfully.in execution time: 4.16 seconds
[EXEC] Action ActionType.PICK executed in 17.25 seconds
[SUCCESS] Action ActionType.PICK succeeded for object /column1
[LOG] Transition logged to MongoDB: 0fe6c8f8-aac0-463b-8ef8-9e3bfa407804 - Episode 10
Step 8
Selected action: Action(ActionType.PLACE, obj=/column1, slot=/region_2,grasp=GraspType.TOP_0) with motion param: left_0
here
Action: Action(ActionType.PLACE, obj=/column1, slot=/region_2,grasp=GraspType.LEFT_0)
[EXEC] Placing at [0.6, 0.80001, 0.5] with grasp left_0

[INFO] Found 2816 potential configurations.
[INFO] Motion completed successfully with result: success,in execution time: 5.28 seconds
[INFO] Found a reachable configuration for place action after 1 attempts.
[INFO] Place action completed successfully.
realigning placed object /column1 to target position
[EXEC] Action ActionType.PLACE executed in 23.77 seconds
[SUCCESS] Action ActionType.PLACE succeeded for object /column1
[LOG] Transition logged to MongoDB: 0fe6c8f8-aac0-463b-8ef8-9e3bfa407804 - Episode 10
Step 9
Selected action: Action(ActionType.PICK, obj=/column1, slot=None,grasp=GraspType.FRONT_270) with motion param: left_0
here
Action: Action(ActionType.PICK, obj=/column1, slot=None,grasp=GraspType.LEFT_0)
[EXEC] Picking /column1 with left_0

[INFO] Found 2816 potential configurations.
[WARN] No valid configuration found (all tested configs invalid).
[EXEC] Action ActionType.PICK executed in 2.78 seconds
[ERROR] Action ActionType.PICK failed for object /column1
Action failed ! time elapsed: 0.001
[LOG] Transition logged to MongoDB: 0fe6c8f8-aac0-463b-8ef8-9e3bfa407804 - Episode 10
Step 10
Selected action: Action(ActionType.PICK, obj=/column0, slot=None,grasp=GraspType.LEFT_0) with motion param: right_0
here
Action: Action(ActionType.PICK, obj=/column0, slot=None,grasp=GraspType.RIGHT_0)
[EXEC] Picking /column0 with right_0
[ERROR] No IK configurations found for desired pick pose.
[EXEC] Action ActionType.PICK executed in 1.02 seconds
[ERROR] Action ActionType.PICK failed for object /column0
Action failed ! time elapsed: 0.001
[LOG] Transition logged to MongoDB: 0fe6c8f8-aac0-463b-8ef8-9e3bfa407804 - Episode 10
Step 11
Selected action: Action(ActionType.PICK, obj=/column1, slot=None,grasp=GraspType.LEFT_0) with motion param: top_0
here
Action: Action(ActionType.PICK, obj=/column1, slot=None,grasp=GraspType.TOP_0)
[EXEC] Picking /column1 with top_0

[INFO] Found 2624 potential configurations.
[INFO] Motion completed successfully with result: success,in execution time: 8.48 seconds
[INFO] Found a reachable configuration for pick action after 1 attempts.
Tip distance after pick: 0.02663673277362141
[INFO] Pick action completed successfully.in execution time: 8.48 seconds
[EXEC] Action ActionType.PICK executed in 21.98 seconds
[SUCCESS] Action ActionType.PICK succeeded for object /column1
[LOG] Transition logged to MongoDB: 0fe6c8f8-aac0-463b-8ef8-9e3bfa407804 - Episode 10
Step 12
Selected action: Action(ActionType.PLACE, obj=/column1, slot=/region_2,grasp=GraspType.LEFT_0) with motion param: left_0
here
Action: Action(ActionType.PLACE, obj=/column1, slot=/region_2,grasp=GraspType.LEFT_0)
[EXEC] Placing at [0.6, 0.80001, 0.5] with grasp left_0

[INFO] Found 2304 potential configurations.
[INFO] Motion completed successfully with result: success,in execution time: 3.76 seconds
[INFO] Found a reachable configuration for place action after 1 attempts.
[INFO] Place action completed successfully.
realigning placed object /column1 to target position
[EXEC] Action ActionType.PLACE executed in 15.64 seconds
[SUCCESS] Action ActionType.PLACE succeeded for object /column1
[LOG] Transition logged to MongoDB: 0fe6c8f8-aac0-463b-8ef8-9e3bfa407804 - Episode 10
Step 13
Selected action: Action(ActionType.PICK, obj=/column2, slot=None,grasp=GraspType.RIGHT_0) with motion param: front_270
here
Action: Action(ActionType.PICK, obj=/column2, slot=None,grasp=GraspType.FRONT_270)
[EXEC] Picking /column2 with front_270

[INFO] Found 4352 potential configurations.
[INFO] Motion completed successfully with result: success,in execution time: 6.84 seconds
[INFO] Found a reachable configuration for pick action after 1 attempts.
Tip distance after pick: 0.021122816836974735
[INFO] Pick action completed successfully.in execution time: 6.84 seconds
[EXEC] Action ActionType.PICK executed in 24.86 seconds
[SUCCESS] Action ActionType.PICK succeeded for object /column2
[LOG] Transition logged to MongoDB: 0fe6c8f8-aac0-463b-8ef8-9e3bfa407804 - Episode 10
Step 14
Selected action: Action(ActionType.PLACE, obj=/column2, slot=/goal_0,grasp=GraspType.FRONT_270) with motion param: left_0
here
Action: Action(ActionType.PLACE, obj=/column2, slot=/goal_0,grasp=GraspType.LEFT_0)
[EXEC] Placing at [-0.27499999999999986, 0.8250000000000005, 0.5] with grasp left_0

[INFO] Found 4096 potential configurations.
[WARN] No valid configuration found (all tested configs invalid).
[EXEC] Action ActionType.PLACE executed in 35.87 seconds
[ERROR] Action ActionType.PLACE failed for object /column2
Action failed ! time elapsed: 0.001
[LOG] Transition logged to MongoDB: 0fe6c8f8-aac0-463b-8ef8-9e3bfa407804 - Episode 10
Step 15
Selected action: Action(ActionType.PLACE, obj=/column2, slot=/goal_1,grasp=GraspType.FRONT_270) with motion param: right_0
here
Action: Action(ActionType.PLACE, obj=/column2, slot=/goal_1,grasp=GraspType.RIGHT_0)
[EXEC] Placing at [-0.2749999999999999, 1.0750000000000006, 0.5] with grasp right_0

[INFO] Found 1088 potential configurations.
[WARN] No valid configuration found (all tested configs invalid).
[EXEC] Action ActionType.PLACE executed in 2.34 seconds
[ERROR] Action ActionType.PLACE failed for object /column2
Action failed ! time elapsed: 0.001
[LOG] Transition logged to MongoDB: 0fe6c8f8-aac0-463b-8ef8-9e3bfa407804 - Episode 10
Step 16
Selected action: Action(ActionType.PLACE, obj=/column2, slot=/goal_1,grasp=GraspType.RIGHT_0) with motion param: front_270
here
Action: Action(ActionType.PLACE, obj=/column2, slot=/goal_1,grasp=GraspType.FRONT_270)
[EXEC] Placing at [-0.2749999999999999, 1.0750000000000006, 0.5] with grasp front_270

[INFO] Found 3520 potential configurations.
[ERROR] Motion failed (collision or invalid path)
[ERROR] Motion result: no_path
[WARN] Failed to find a path to the selected place config on attempt 1.
[WARN] No path found to selected place config, discarding and trying next valid config...
[INFO] Motion completed successfully with result: success,in execution time: 6.64 seconds
[INFO] Found a reachable configuration for place action after 2 attempts.
[INFO] Place action completed successfully.
realigning placed object /column2 to target position
[EXEC] Action ActionType.PLACE executed in 27.45 seconds
[SUCCESS] Action ActionType.PLACE succeeded for object /column2
[LOG] Transition logged to MongoDB: 0fe6c8f8-aac0-463b-8ef8-9e3bfa407804 - Episode 10
Step 17
Selected action: Action(ActionType.PICK, obj=/column0, slot=None,grasp=GraspType.RIGHT_0) with motion param: top_0
here
Action: Action(ActionType.PICK, obj=/column0, slot=None,grasp=GraspType.TOP_0)
[EXEC] Picking /column0 with top_0

[INFO] Found 448 potential configurations.
[WARN] No valid configuration found (all tested configs invalid).
[EXEC] Action ActionType.PICK executed in 11.78 seconds
[ERROR] Action ActionType.PICK failed for object /column0
Action failed ! time elapsed: 0.001
[LOG] Transition logged to MongoDB: 0fe6c8f8-aac0-463b-8ef8-9e3bfa407804 - Episode 10
Step 18
Selected action: Action(ActionType.PICK, obj=/column2, slot=None,grasp=GraspType.FRONT_270) with motion param: front_270
here
Action: Action(ActionType.PICK, obj=/column2, slot=None,grasp=GraspType.FRONT_270)
[EXEC] Picking /column2 with front_270

[INFO] Found 3136 potential configurations.
[INFO] Motion completed successfully with result: success,in execution time: 1.88 seconds
[INFO] Found a reachable configuration for pick action after 1 attempts.
Tip distance after pick: 0.021183875582473814
[INFO] Pick action completed successfully.in execution time: 1.88 seconds
[EXEC] Action ActionType.PICK executed in 17.57 seconds
[SUCCESS] Action ActionType.PICK succeeded for object /column2
[LOG] Transition logged to MongoDB: 0fe6c8f8-aac0-463b-8ef8-9e3bfa407804 - Episode 10
Step 19
Selected action: Action(ActionType.PLACE, obj=/column2, slot=/goal_1,grasp=GraspType.FRONT_270) with motion param: right_0
here
Action: Action(ActionType.PLACE, obj=/column2, slot=/goal_1,grasp=GraspType.RIGHT_0)
[EXEC] Placing at [-0.2749999999999999, 1.0750000000000006, 0.5] with grasp right_0

[INFO] Found 1984 potential configurations.
[INFO] Motion completed successfully with result: success,in execution time: 3.40 seconds
[INFO] Found a reachable configuration for place action after 1 attempts.
[INFO] Place action completed successfully.
realigning placed object /column2 to target position
[EXEC] Action ActionType.PLACE executed in 18.43 seconds
[SUCCESS] Action ActionType.PLACE succeeded for object /column2
[LOG] Transition logged to MongoDB: 0fe6c8f8-aac0-463b-8ef8-9e3bfa407804 - Episode 10
Step 20
Selected action: Action(ActionType.PICK, obj=/column1, slot=None,grasp=GraspType.TOP_0) with motion param: left_0
here
Action: Action(ActionType.PICK, obj=/column1, slot=None,grasp=GraspType.LEFT_0)
[EXEC] Picking /column1 with left_0

[INFO] Found 2048 potential configurations.
[INFO] Motion completed successfully with result: success,in execution time: 9.76 seconds
[INFO] Found a reachable configuration for pick action after 1 attempts.
Tip distance after pick: 0.02064022122167996
[INFO] Pick action completed successfully.in execution time: 9.76 seconds
[EXEC] Action ActionType.PICK executed in 33.30 seconds
[SUCCESS] Action ActionType.PICK succeeded for object /column1
[LOG] Transition logged to MongoDB: 0fe6c8f8-aac0-463b-8ef8-9e3bfa407804 - Episode 10
Step 21
Selected action: Action(ActionType.PLACE, obj=/column1, slot=/region_2,grasp=GraspType.LEFT_0) with motion param: top_0
here
Action: Action(ActionType.PLACE, obj=/column1, slot=/region_2,grasp=GraspType.TOP_0)
[EXEC] Placing at [0.6, 0.80001, 0.5] with grasp top_0

[INFO] Found 2304 potential configurations.
[INFO] Motion completed successfully with result: success,in execution time: 3.76 seconds
[INFO] Found a reachable configuration for place action after 1 attempts.
[INFO] Place action completed successfully.
realigning placed object /column1 to target position
[EXEC] Action ActionType.PLACE executed in 22.17 seconds
[SUCCESS] Action ActionType.PLACE succeeded for object /column1
[LOG] Transition logged to MongoDB: 0fe6c8f8-aac0-463b-8ef8-9e3bfa407804 - Episode 10
Step 22
Selected action: Action(ActionType.PICK, obj=/column0, slot=None,grasp=GraspType.TOP_0) with motion param: right_0
here
Action: Action(ActionType.PICK, obj=/column0, slot=None,grasp=GraspType.RIGHT_0)
[EXEC] Picking /column0 with right_0
[ERROR] No IK configurations found for desired pick pose.
[EXEC] Action ActionType.PICK executed in 1.03 seconds
[ERROR] Action ActionType.PICK failed for object /column0
Action failed ! time elapsed: 0.001
[LOG] Transition logged to MongoDB: 0fe6c8f8-aac0-463b-8ef8-9e3bfa407804 - Episode 10
Step 23
Selected action: Action(ActionType.PICK, obj=/column0, slot=None,grasp=GraspType.RIGHT_0) with motion param: left_0
here
Action: Action(ActionType.PICK, obj=/column0, slot=None,grasp=GraspType.LEFT_0)
[EXEC] Picking /column0 with left_0

[INFO] Found 1536 potential configurations.
[WARN] No valid configuration found (all tested configs invalid).
[EXEC] Action ActionType.PICK executed in 1.77 seconds
[ERROR] Action ActionType.PICK failed for object /column0
Action failed ! time elapsed: 0.001
[LOG] Transition logged to MongoDB: 0fe6c8f8-aac0-463b-8ef8-9e3bfa407804 - Episode 10
Step 24
Selected action: Action(ActionType.PICK, obj=/column2, slot=None,grasp=GraspType.FRONT_270) with motion param: front_270
here
Action: Action(ActionType.PICK, obj=/column2, slot=None,grasp=GraspType.FRONT_270)
[EXEC] Picking /column2 with front_270

[INFO] Found 3456 potential configurations.
[INFO] Motion completed successfully with result: success,in execution time: 8.76 seconds
[INFO] Found a reachable configuration for pick action after 1 attempts.
Tip distance after pick: 0.020600591313002518
[INFO] Pick action completed successfully.in execution time: 8.76 seconds
[EXEC] Action ActionType.PICK executed in 30.49 seconds
[SUCCESS] Action ActionType.PICK succeeded for object /column2
[LOG] Transition logged to MongoDB: 0fe6c8f8-aac0-463b-8ef8-9e3bfa407804 - Episode 10
Step 25
Selected action: Action(ActionType.PLACE, obj=/column2, slot=/goal_2,grasp=GraspType.RIGHT_0) with motion param: right_0
here
Action: Action(ActionType.PLACE, obj=/column2, slot=/goal_2,grasp=GraspType.RIGHT_0)
[EXEC] Placing at [-0.6000000000000001, 0.8250000000000003, 0.5] with grasp right_0

[INFO] Found 1728 potential configurations.
[INFO] Motion completed successfully with result: success,in execution time: 3.04 seconds
[INFO] Found a reachable configuration for place action after 1 attempts.
[INFO] Place action completed successfully.
realigning placed object /column2 to target position
[EXEC] Action ActionType.PLACE executed in 22.74 seconds
[SUCCESS] Action ActionType.PLACE succeeded for object /column2
[LOG] Transition logged to MongoDB: 0fe6c8f8-aac0-463b-8ef8-9e3bfa407804 - Episode 10
Step 26
Selected action: Action(ActionType.PICK, obj=/column1, slot=None,grasp=GraspType.LEFT_0) with motion param: front_270
here
Action: Action(ActionType.PICK, obj=/column1, slot=None,grasp=GraspType.FRONT_270)
[EXEC] Picking /column1 with front_270

[INFO] Found 2304 potential configurations.
[INFO] Motion completed successfully with result: success,in execution time: 7.84 seconds
[INFO] Found a reachable configuration for pick action after 1 attempts.
Tip distance after pick: 0.021355862679395828
[INFO] Pick action completed successfully.in execution time: 7.84 seconds
[EXEC] Action ActionType.PICK executed in 36.69 seconds
[SUCCESS] Action ActionType.PICK succeeded for object /column1
[LOG] Transition logged to MongoDB: 0fe6c8f8-aac0-463b-8ef8-9e3bfa407804 - Episode 10
Step 27
Selected action: Action(ActionType.PLACE, obj=/column1, slot=/region_0,grasp=GraspType.RIGHT_0) with motion param: right_0
here
Action: Action(ActionType.PLACE, obj=/column1, slot=/region_0,grasp=GraspType.RIGHT_0)
[EXEC] Placing at [0.35, 0.8, 0.521] with grasp right_0

[INFO] Found 3648 potential configurations.
[INFO] Motion completed successfully with result: success,in execution time: 2.92 seconds
[INFO] Found a reachable configuration for place action after 1 attempts.
[INFO] Place action completed successfully.
realigning placed object /column1 to target position
[EXEC] Action ActionType.PLACE executed in 23.62 seconds
[SUCCESS] Action ActionType.PLACE succeeded for object /column1
[LOG] Transition logged to MongoDB: 0fe6c8f8-aac0-463b-8ef8-9e3bfa407804 - Episode 10
Step 28
Selected action: Action(ActionType.PICK, obj=/column2, slot=None,grasp=GraspType.FRONT_270) with motion param: right_0
here
Action: Action(ActionType.PICK, obj=/column2, slot=None,grasp=GraspType.RIGHT_0)
[EXEC] Picking /column2 with right_0

[INFO] Found 1984 potential configurations.
[INFO] Motion completed successfully with result: success,in execution time: 10.48 seconds
[INFO] Found a reachable configuration for pick action after 1 attempts.
Tip distance after pick: 0.020285115117956727
[INFO] Pick action completed successfully.in execution time: 10.48 seconds
[EXEC] Action ActionType.PICK executed in 30.08 seconds
[SUCCESS] Action ActionType.PICK succeeded for object /column2
[LOG] Transition logged to MongoDB: 0fe6c8f8-aac0-463b-8ef8-9e3bfa407804 - Episode 10
Step 29
Selected action: Action(ActionType.PLACE, obj=/column2, slot=/goal_1,grasp=GraspType.RIGHT_0) with motion param: top_0
here
Action: Action(ActionType.PLACE, obj=/column2, slot=/goal_1,grasp=GraspType.TOP_0)
[EXEC] Placing at [-0.2749999999999999, 1.0750000000000006, 0.5] with grasp top_0

[INFO] Found 1344 potential configurations.
[INFO] Motion completed successfully with result: success,in execution time: 3.68 seconds
[INFO] Found a reachable configuration for place action after 1 attempts.
[INFO] Place action completed successfully.
realigning placed object /column2 to target position
[EXEC] Action ActionType.PLACE executed in 25.99 seconds
[SUCCESS] Action ActionType.PLACE succeeded for object /column2
[LOG] Transition logged to MongoDB: 0fe6c8f8-aac0-463b-8ef8-9e3bfa407804 - Episode 10
Pilot run finished, resetting scene
Leaving object if held
Pilot run 16
Step 0
Selected action: Action(ActionType.PICK, obj=/column0, slot=None,grasp=GraspType.LEFT_0) with motion param: right_0
here
Action: Action(ActionType.PICK, obj=/column0, slot=None,grasp=GraspType.RIGHT_0)
[EXEC] Picking /column0 with right_0

[INFO] Found 3648 potential configurations.
[WARN] No valid configuration found (all tested configs invalid).
[EXEC] Action ActionType.PICK executed in 5.74 seconds
[ERROR] Action ActionType.PICK failed for object /column0
Action failed ! time elapsed: 0.001
[LOG] Transition logged to MongoDB: 0fe6c8f8-aac0-463b-8ef8-9e3bfa407804 - Episode 10
Step 1
Selected action: Action(ActionType.PICK, obj=/column2, slot=None,grasp=GraspType.RIGHT_0) with motion param: top_0
here
Action: Action(ActionType.PICK, obj=/column2, slot=None,grasp=GraspType.TOP_0)
[EXEC] Picking /column2 with top_0

[INFO] Found 1472 potential configurations.
[INFO] Motion completed successfully with result: success,in execution time: 3.84 seconds
[INFO] Found a reachable configuration for pick action after 1 attempts.
Tip distance after pick: 0.026047920446013458
[INFO] Pick action completed successfully.in execution time: 3.84 seconds
[EXEC] Action ActionType.PICK executed in 27.71 seconds
[SUCCESS] Action ActionType.PICK succeeded for object /column2
[LOG] Transition logged to MongoDB: 0fe6c8f8-aac0-463b-8ef8-9e3bfa407804 - Episode 10
Step 2
Selected action: Action(ActionType.PLACE, obj=/column2, slot=/goal_1,grasp=GraspType.TOP_0) with motion param: front_270
here
Action: Action(ActionType.PLACE, obj=/column2, slot=/goal_1,grasp=GraspType.FRONT_270)
[EXEC] Placing at [-0.2749999999999999, 1.0750000000000006, 0.5] with grasp front_270

[INFO] Found 2880 potential configurations.
[INFO] Motion completed successfully with result: success,in execution time: 6.76 seconds
[INFO] Found a reachable configuration for place action after 1 attempts.
[INFO] Place action completed successfully.
realigning placed object /column2 to target position
[EXEC] Action ActionType.PLACE executed in 23.10 seconds
[SUCCESS] Action ActionType.PLACE succeeded for object /column2
[LOG] Transition logged to MongoDB: 0fe6c8f8-aac0-463b-8ef8-9e3bfa407804 - Episode 10
Step 3
Selected action: Action(ActionType.PICK, obj=/column0, slot=None,grasp=GraspType.RIGHT_0) with motion param: front_270
here
Action: Action(ActionType.PICK, obj=/column0, slot=None,grasp=GraspType.FRONT_270)
[EXEC] Picking /column0 with front_270

[INFO] Found 4160 potential configurations.
[INFO] Motion completed successfully with result: success,in execution time: 5.52 seconds
[INFO] Found a reachable configuration for pick action after 1 attempts.
Tip distance after pick: 0.021427090654010713
[INFO] Pick action completed successfully.in execution time: 5.52 seconds
[EXEC] Action ActionType.PICK executed in 28.02 seconds
[SUCCESS] Action ActionType.PICK succeeded for object /column0
[LOG] Transition logged to MongoDB: 0fe6c8f8-aac0-463b-8ef8-9e3bfa407804 - Episode 10
Step 4
Selected action: Action(ActionType.PLACE, obj=/column0, slot=/region_0,grasp=GraspType.LEFT_0) with motion param: right_0
here
Action: Action(ActionType.PLACE, obj=/column0, slot=/region_0,grasp=GraspType.RIGHT_0)
[EXEC] Placing at [0.35, 0.8, 0.521] with grasp right_0

[INFO] Found 2560 potential configurations.
[INFO] Motion completed successfully with result: success,in execution time: 3.16 seconds
[INFO] Found a reachable configuration for place action after 1 attempts.
[INFO] Place action completed successfully.
realigning placed object /column0 to target position
[EXEC] Action ActionType.PLACE executed in 24.24 seconds
[SUCCESS] Action ActionType.PLACE succeeded for object /column0
[LOG] Transition logged to MongoDB: 0fe6c8f8-aac0-463b-8ef8-9e3bfa407804 - Episode 10
Step 5
Selected action: Action(ActionType.PICK, obj=/column1, slot=None,grasp=GraspType.FRONT_270) with motion param: right_0
here
Action: Action(ActionType.PICK, obj=/column1, slot=None,grasp=GraspType.RIGHT_0)
[EXEC] Picking /column1 with right_0
[ERROR] No IK configurations found for desired pick pose.
[EXEC] Action ActionType.PICK executed in 1.02 seconds
[ERROR] Action ActionType.PICK failed for object /column1
Action failed ! time elapsed: 0.001
[LOG] Transition logged to MongoDB: 0fe6c8f8-aac0-463b-8ef8-9e3bfa407804 - Episode 10
Step 6
Selected action: Action(ActionType.PICK, obj=/column1, slot=None,grasp=GraspType.RIGHT_0) with motion param: top_0
here
Action: Action(ActionType.PICK, obj=/column1, slot=None,grasp=GraspType.TOP_0)
[EXEC] Picking /column1 with top_0

[INFO] Found 448 potential configurations.
[WARN] No valid configuration found (all tested configs invalid).
[EXEC] Action ActionType.PICK executed in 17.03 seconds
[ERROR] Action ActionType.PICK failed for object /column1
Action failed ! time elapsed: 0.001
[LOG] Transition logged to MongoDB: 0fe6c8f8-aac0-463b-8ef8-9e3bfa407804 - Episode 10
Step 7
Selected action: Action(ActionType.PICK, obj=/column1, slot=None,grasp=GraspType.TOP_0) with motion param: left_0
here
Action: Action(ActionType.PICK, obj=/column1, slot=None,grasp=GraspType.LEFT_0)
[EXEC] Picking /column1 with left_0

[INFO] Found 1088 potential configurations.
[WARN] No valid configuration found (all tested configs invalid).
[EXEC] Action ActionType.PICK executed in 1.89 seconds
[ERROR] Action ActionType.PICK failed for object /column1
Action failed ! time elapsed: 0.001
[LOG] Transition logged to MongoDB: 0fe6c8f8-aac0-463b-8ef8-9e3bfa407804 - Episode 10
Step 8
Selected action: Action(ActionType.PICK, obj=/column2, slot=None,grasp=GraspType.TOP_0) with motion param: right_0
here
Action: Action(ActionType.PICK, obj=/column2, slot=None,grasp=GraspType.RIGHT_0)
[EXEC] Picking /column2 with right_0

[INFO] Found 576 potential configurations.
[WARN] No valid configuration found (all tested configs invalid).
[EXEC] Action ActionType.PICK executed in 1.47 seconds
[ERROR] Action ActionType.PICK failed for object /column2
Action failed ! time elapsed: 0.001
[LOG] Transition logged to MongoDB: 0fe6c8f8-aac0-463b-8ef8-9e3bfa407804 - Episode 10
Step 9
Selected action: Action(ActionType.PICK, obj=/column2, slot=None,grasp=GraspType.RIGHT_0) with motion param: left_0
here
Action: Action(ActionType.PICK, obj=/column2, slot=None,grasp=GraspType.LEFT_0)
[EXEC] Picking /column2 with left_0
[ERROR] No IK configurations found for desired pick pose.
[EXEC] Action ActionType.PICK executed in 1.02 seconds
[ERROR] Action ActionType.PICK failed for object /column2
Action failed ! time elapsed: 0.001
[LOG] Transition logged to MongoDB: 0fe6c8f8-aac0-463b-8ef8-9e3bfa407804 - Episode 10
Step 10
Selected action: Action(ActionType.PICK, obj=/column2, slot=None,grasp=GraspType.LEFT_0) with motion param: right_0
here
Action: Action(ActionType.PICK, obj=/column2, slot=None,grasp=GraspType.RIGHT_0)
[EXEC] Picking /column2 with right_0

[INFO] Found 1408 potential configurations.
[WARN] No valid configuration found (all tested configs invalid).
[EXEC] Action ActionType.PICK executed in 2.15 seconds
[ERROR] Action ActionType.PICK failed for object /column2
Action failed ! time elapsed: 0.001
Too many failures, resetting scene
Pilot run finished, resetting scene
Leaving object if held
Pilot run 17
Step 0
Selected action: Action(ActionType.PICK, obj=/column2, slot=None,grasp=GraspType.RIGHT_0) with motion param: right_0
here
Action: Action(ActionType.PICK, obj=/column2, slot=None,grasp=GraspType.RIGHT_0)
[EXEC] Picking /column2 with right_0
[ERROR] No IK configurations found for desired pick pose.
[EXEC] Action ActionType.PICK executed in 1.04 seconds
[ERROR] Action ActionType.PICK failed for object /column2
Action failed ! time elapsed: 0.001
[LOG] Transition logged to MongoDB: 0fe6c8f8-aac0-463b-8ef8-9e3bfa407804 - Episode 10
Step 1
Selected action: Action(ActionType.PICK, obj=/column1, slot=None,grasp=GraspType.LEFT_0) with motion param: right_0
here
Action: Action(ActionType.PICK, obj=/column1, slot=None,grasp=GraspType.RIGHT_0)
[EXEC] Picking /column1 with right_0

[INFO] Found 2688 potential configurations.
[WARN] No valid configuration found (all tested configs invalid).
[EXEC] Action ActionType.PICK executed in 4.00 seconds
[ERROR] Action ActionType.PICK failed for object /column1
Action failed ! time elapsed: 0.001
[LOG] Transition logged to MongoDB: 0fe6c8f8-aac0-463b-8ef8-9e3bfa407804 - Episode 10
Step 2
Selected action: Action(ActionType.PICK, obj=/column1, slot=None,grasp=GraspType.RIGHT_0) with motion param: left_0
here
Action: Action(ActionType.PICK, obj=/column1, slot=None,grasp=GraspType.LEFT_0)
[EXEC] Picking /column1 with left_0

[INFO] Found 2624 potential configurations.
[INFO] Motion completed successfully with result: success,in execution time: 4.04 seconds
[INFO] Found a reachable configuration for pick action after 1 attempts.
Tip distance after pick: 0.0210169507188084
[INFO] Pick action completed successfully.in execution time: 4.04 seconds
[EXEC] Action ActionType.PICK executed in 27.86 seconds
[SUCCESS] Action ActionType.PICK succeeded for object /column1
[LOG] Transition logged to MongoDB: 0fe6c8f8-aac0-463b-8ef8-9e3bfa407804 - Episode 10
Step 3
Selected action: Action(ActionType.PLACE, obj=/column1, slot=/goal_1,grasp=GraspType.LEFT_0) with motion param: right_0
here
Action: Action(ActionType.PLACE, obj=/column1, slot=/goal_1,grasp=GraspType.RIGHT_0)
[EXEC] Placing at [-0.2749999999999999, 1.0750000000000006, 0.5] with grasp right_0

[INFO] Found 1984 potential configurations.
[INFO] Motion completed successfully with result: success,in execution time: 9.72 seconds
[INFO] Found a reachable configuration for place action after 1 attempts.
[INFO] Place action completed successfully.
realigning placed object /column1 to target position
[EXEC] Action ActionType.PLACE executed in 27.34 seconds
[SUCCESS] Action ActionType.PLACE succeeded for object /column1
[LOG] Transition logged to MongoDB: 0fe6c8f8-aac0-463b-8ef8-9e3bfa407804 - Episode 10
Step 4
Selected action: Action(ActionType.PICK, obj=/column0, slot=None,grasp=GraspType.FRONT_270) with motion param: right_0
here
Action: Action(ActionType.PICK, obj=/column0, slot=None,grasp=GraspType.RIGHT_0)
[EXEC] Picking /column0 with right_0
[ERROR] No IK configurations found for desired pick pose.
[EXEC] Action ActionType.PICK executed in 1.02 seconds
[ERROR] Action ActionType.PICK failed for object /column0
Action failed ! time elapsed: 0.001
[LOG] Transition logged to MongoDB: 0fe6c8f8-aac0-463b-8ef8-9e3bfa407804 - Episode 10
Step 5
Selected action: Action(ActionType.PICK, obj=/column2, slot=None,grasp=GraspType.RIGHT_0) with motion param: front_270
here
Action: Action(ActionType.PICK, obj=/column2, slot=None,grasp=GraspType.FRONT_270)
[EXEC] Picking /column2 with front_270

[INFO] Found 1024 potential configurations.
[WARN] No valid configuration found (all tested configs invalid).
[EXEC] Action ActionType.PICK executed in 1.86 seconds
[ERROR] Action ActionType.PICK failed for object /column2
Action failed ! time elapsed: 0.001
[LOG] Transition logged to MongoDB: 0fe6c8f8-aac0-463b-8ef8-9e3bfa407804 - Episode 10
Step 6
Selected action: Action(ActionType.PICK, obj=/column0, slot=None,grasp=GraspType.RIGHT_0) with motion param: top_0
here
Action: Action(ActionType.PICK, obj=/column0, slot=None,grasp=GraspType.TOP_0)
[EXEC] Picking /column0 with top_0

[INFO] Found 1984 potential configurations.
[ERROR] Motion failed (collision or invalid path)
[ERROR] Motion result: no_path
[WARN] Failed to find a path to the selected pick config on attempt 1.
[WARN] No path found to picked config, discarding and trying next valid config...
[INFO] Motion completed successfully with result: success,in execution time: 9.04 seconds
[INFO] Found a reachable configuration for pick action after 2 attempts.
Tip distance after pick: 0.026728002447059102
[INFO] Pick action completed successfully.in execution time: 9.04 seconds
[EXEC] Action ActionType.PICK executed in 40.25 seconds
[SUCCESS] Action ActionType.PICK succeeded for object /column0
[LOG] Transition logged to MongoDB: 0fe6c8f8-aac0-463b-8ef8-9e3bfa407804 - Episode 10
Step 7
Selected action: Action(ActionType.PLACE, obj=/column0, slot=/goal_0,grasp=GraspType.TOP_0) with motion param: right_0
here
Action: Action(ActionType.PLACE, obj=/column0, slot=/goal_0,grasp=GraspType.RIGHT_0)
[EXEC] Placing at [-0.27499999999999986, 0.8250000000000005, 0.5] with grasp right_0

[INFO] Found 2176 potential configurations.
[INFO] Motion completed successfully with result: success,in execution time: 13.36 seconds
[INFO] Found a reachable configuration for place action after 1 attempts.
[INFO] Place action completed successfully.
realigning placed object /column0 to target position
[EXEC] Action ActionType.PLACE executed in 46.03 seconds
[SUCCESS] Action ActionType.PLACE succeeded for object /column0
[LOG] Transition logged to MongoDB: 0fe6c8f8-aac0-463b-8ef8-9e3bfa407804 - Episode 10
Step 8
Selected action: Action(ActionType.PICK, obj=/column0, slot=None,grasp=GraspType.TOP_0) with motion param: left_0
here
Action: Action(ActionType.PICK, obj=/column0, slot=None,grasp=GraspType.LEFT_0)
[EXEC] Picking /column0 with left_0

[INFO] Found 3840 potential configurations.
[ERROR] Motion failed (collision or invalid path)
[ERROR] Motion result: no_path
[WARN] Failed to find a path to the selected pick config on attempt 1.
[WARN] No path found to picked config, discarding and trying next valid config...
[ERROR] Motion failed (collision or invalid path)
[ERROR] Motion result: no_path
[WARN] Failed to find a path to the selected pick config on attempt 2.
[WARN] No path found to picked config, discarding and trying next valid config...
[ERROR] Motion failed (collision or invalid path)
[ERROR] Motion result: no_path
[WARN] Failed to find a path to the selected pick config on attempt 3.
[WARN] No path found to picked config, discarding and trying next valid config...
[ERROR] Max IK attempts reached, pick action failed.
[EXEC] Action ActionType.PICK executed in 20.96 seconds
[ERROR] Action ActionType.PICK failed for object /column0
Action failed ! time elapsed: 0.001
[LOG] Transition logged to MongoDB: 0fe6c8f8-aac0-463b-8ef8-9e3bfa407804 - Episode 10
Step 9
Selected action: Action(ActionType.PICK, obj=/column0, slot=None,grasp=GraspType.LEFT_0) with motion param: right_0
here
Action: Action(ActionType.PICK, obj=/column0, slot=None,grasp=GraspType.RIGHT_0)
[EXEC] Picking /column0 with right_0

[INFO] Found 2368 potential configurations.
[INFO] Motion completed successfully with result: success,in execution time: 1.76 seconds
[INFO] Found a reachable configuration for pick action after 1 attempts.
Tip distance after pick: 0.020900152231867954
[INFO] Pick action completed successfully.in execution time: 1.76 seconds
[EXEC] Action ActionType.PICK executed in 19.48 seconds
[SUCCESS] Action ActionType.PICK succeeded for object /column0
[LOG] Transition logged to MongoDB: 0fe6c8f8-aac0-463b-8ef8-9e3bfa407804 - Episode 10
Step 10
Selected action: Action(ActionType.PLACE, obj=/column0, slot=/region_2,grasp=GraspType.FRONT_270) with motion param: front_270
here
Action: Action(ActionType.PLACE, obj=/column0, slot=/region_2,grasp=GraspType.FRONT_270)
[EXEC] Placing at [0.6, 0.80001, 0.5] with grasp front_270

[INFO] Found 2880 potential configurations.
[INFO] Motion completed successfully with result: success,in execution time: 12.52 seconds
[INFO] Found a reachable configuration for place action after 1 attempts.
[INFO] Place action completed successfully.
realigning placed object /column0 to target position
[EXEC] Action ActionType.PLACE executed in 46.75 seconds
[SUCCESS] Action ActionType.PLACE succeeded for object /column0
[LOG] Transition logged to MongoDB: 0fe6c8f8-aac0-463b-8ef8-9e3bfa407804 - Episode 10
Step 11
Selected action: Action(ActionType.PICK, obj=/column2, slot=None,grasp=GraspType.FRONT_270) with motion param: front_270
here
Action: Action(ActionType.PICK, obj=/column2, slot=None,grasp=GraspType.FRONT_270)
[EXEC] Picking /column2 with front_270

[INFO] Found 2112 potential configurations.
[WARN] No valid configuration found (all tested configs invalid).
[EXEC] Action ActionType.PICK executed in 2.34 seconds
[ERROR] Action ActionType.PICK failed for object /column2
Action failed ! time elapsed: 0.001
[LOG] Transition logged to MongoDB: 0fe6c8f8-aac0-463b-8ef8-9e3bfa407804 - Episode 10
Step 12
Selected action: Action(ActionType.PICK, obj=/column0, slot=None,grasp=GraspType.RIGHT_0) with motion param: left_0
here
Action: Action(ActionType.PICK, obj=/column0, slot=None,grasp=GraspType.LEFT_0)
[EXEC] Picking /column0 with left_0

[INFO] Found 2752 potential configurations.
[INFO] Motion completed successfully with result: success,in execution time: 5.24 seconds
[INFO] Found a reachable configuration for pick action after 1 attempts.
Tip distance after pick: 0.020647883830898345
[INFO] Pick action completed successfully.in execution time: 5.24 seconds
[EXEC] Action ActionType.PICK executed in 30.37 seconds
[SUCCESS] Action ActionType.PICK succeeded for object /column0
[LOG] Transition logged to MongoDB: 0fe6c8f8-aac0-463b-8ef8-9e3bfa407804 - Episode 10
Step 13
Selected action: Action(ActionType.PLACE, obj=/column0, slot=/goal_2,grasp=GraspType.TOP_0) with motion param: front_270
here
Action: Action(ActionType.PLACE, obj=/column0, slot=/goal_2,grasp=GraspType.FRONT_270)
[EXEC] Placing at [-0.6000000000000001, 0.8250000000000003, 0.5] with grasp front_270

[INFO] Found 2752 potential configurations.
[WARN] No valid configuration found (all tested configs invalid).
[EXEC] Action ActionType.PLACE executed in 2.96 seconds
[ERROR] Action ActionType.PLACE failed for object /column0
Action failed ! time elapsed: 0.001
[LOG] Transition logged to MongoDB: 0fe6c8f8-aac0-463b-8ef8-9e3bfa407804 - Episode 10
Step 14
Selected action: Action(ActionType.PLACE, obj=/column0, slot=/goal_2,grasp=GraspType.FRONT_270) with motion param: right_0
here
Action: Action(ActionType.PLACE, obj=/column0, slot=/goal_2,grasp=GraspType.RIGHT_0)
[EXEC] Placing at [-0.6000000000000001, 0.8250000000000003, 0.5] with grasp right_0

[INFO] Found 2048 potential configurations.
[ERROR] Motion failed (collision or invalid path)
[ERROR] Motion result: no_path
[WARN] Failed to find a path to the selected place config on attempt 1.
[WARN] No path found to selected place config, discarding and trying next valid config...
[INFO] Motion completed successfully with result: success,in execution time: 9.44 seconds
[INFO] Found a reachable configuration for place action after 2 attempts.
[INFO] Place action completed successfully.
realigning placed object /column0 to target position
[EXEC] Action ActionType.PLACE executed in 60.71 seconds
[SUCCESS] Action ActionType.PLACE succeeded for object /column0
[LOG] Transition logged to MongoDB: 0fe6c8f8-aac0-463b-8ef8-9e3bfa407804 - Episode 10
Step 15
Selected action: Action(ActionType.PICK, obj=/column0, slot=None,grasp=GraspType.LEFT_0) with motion param: left_0
here
Action: Action(ActionType.PICK, obj=/column0, slot=None,grasp=GraspType.LEFT_0)
[EXEC] Picking /column0 with left_0
[ERROR] No IK configurations found for desired pick pose.
[EXEC] Action ActionType.PICK executed in 1.02 seconds
[ERROR] Action ActionType.PICK failed for object /column0
Action failed ! time elapsed: 0.001
[LOG] Transition logged to MongoDB: 0fe6c8f8-aac0-463b-8ef8-9e3bfa407804 - Episode 10
Step 16
Selected action: Action(ActionType.PICK, obj=/column0, slot=None,grasp=GraspType.LEFT_0) with motion param: front_270
here
Action: Action(ActionType.PICK, obj=/column0, slot=None,grasp=GraspType.FRONT_270)
[EXEC] Picking /column0 with front_270

[INFO] Found 3392 potential configurations.
[WARN] No valid configuration found (all tested configs invalid).
[EXEC] Action ActionType.PICK executed in 2.91 seconds
[ERROR] Action ActionType.PICK failed for object /column0
Action failed ! time elapsed: 0.001
[LOG] Transition logged to MongoDB: 0fe6c8f8-aac0-463b-8ef8-9e3bfa407804 - Episode 10
Step 17
Selected action: Action(ActionType.PICK, obj=/column0, slot=None,grasp=GraspType.FRONT_270) with motion param: left_0
here
Action: Action(ActionType.PICK, obj=/column0, slot=None,grasp=GraspType.LEFT_0)
[EXEC] Picking /column0 with left_0
[ERROR] No IK configurations found for desired pick pose.
[EXEC] Action ActionType.PICK executed in 1.02 seconds
[ERROR] Action ActionType.PICK failed for object /column0
Action failed ! time elapsed: 0.001
[LOG] Transition logged to MongoDB: 0fe6c8f8-aac0-463b-8ef8-9e3bfa407804 - Episode 10
Step 18
Selected action: Action(ActionType.PICK, obj=/column0, slot=None,grasp=GraspType.LEFT_0) with motion param: left_0
here
Action: Action(ActionType.PICK, obj=/column0, slot=None,grasp=GraspType.LEFT_0)
[EXEC] Picking /column0 with left_0
[ERROR] No IK configurations found for desired pick pose.
[EXEC] Action ActionType.PICK executed in 1.02 seconds
[ERROR] Action ActionType.PICK failed for object /column0
Action failed ! time elapsed: 0.001
[LOG] Transition logged to MongoDB: 0fe6c8f8-aac0-463b-8ef8-9e3bfa407804 - Episode 10
Step 19
Selected action: Action(ActionType.PICK, obj=/column1, slot=None,grasp=GraspType.LEFT_0) with motion param: top_0
here
Action: Action(ActionType.PICK, obj=/column1, slot=None,grasp=GraspType.TOP_0)
[EXEC] Picking /column1 with top_0

[INFO] Found 1792 potential configurations.
[INFO] Motion completed successfully with result: success,in execution time: 3.68 seconds
[INFO] Found a reachable configuration for pick action after 1 attempts.
Tip distance after pick: 0.026255321689993824
[INFO] Pick action completed successfully.in execution time: 3.68 seconds
[EXEC] Action ActionType.PICK executed in 16.53 seconds
[SUCCESS] Action ActionType.PICK succeeded for object /column1
[LOG] Transition logged to MongoDB: 0fe6c8f8-aac0-463b-8ef8-9e3bfa407804 - Episode 10
Step 20
Selected action: Action(ActionType.PLACE, obj=/column1, slot=/goal_0,grasp=GraspType.TOP_0) with motion param: top_0
here
Action: Action(ActionType.PLACE, obj=/column1, slot=/goal_0,grasp=GraspType.TOP_0)
[EXEC] Placing at [-0.27499999999999986, 0.8250000000000005, 0.5] with grasp top_0

[INFO] Found 4544 potential configurations.
[INFO] Motion completed successfully with result: success,in execution time: 5.28 seconds
[INFO] Found a reachable configuration for place action after 1 attempts.
[INFO] Place action completed successfully.
realigning placed object /column1 to target position
[EXEC] Action ActionType.PLACE executed in 31.75 seconds
[SUCCESS] Action ActionType.PLACE succeeded for object /column1
[LOG] Transition logged to MongoDB: 0fe6c8f8-aac0-463b-8ef8-9e3bfa407804 - Episode 10
Step 21
Selected action: Action(ActionType.PICK, obj=/column2, slot=None,grasp=GraspType.FRONT_270) with motion param: right_0
here
Action: Action(ActionType.PICK, obj=/column2, slot=None,grasp=GraspType.RIGHT_0)
[EXEC] Picking /column2 with right_0
[ERROR] No IK configurations found for desired pick pose.
[EXEC] Action ActionType.PICK executed in 1.02 seconds
[ERROR] Action ActionType.PICK failed for object /column2
Action failed ! time elapsed: 0.001
[LOG] Transition logged to MongoDB: 0fe6c8f8-aac0-463b-8ef8-9e3bfa407804 - Episode 10
Step 22
Selected action: Action(ActionType.PICK, obj=/column0, slot=None,grasp=GraspType.LEFT_0) with motion param: left_0
here
Action: Action(ActionType.PICK, obj=/column0, slot=None,grasp=GraspType.LEFT_0)
[EXEC] Picking /column0 with left_0
[ERROR] No IK configurations found for desired pick pose.
[EXEC] Action ActionType.PICK executed in 1.02 seconds
[ERROR] Action ActionType.PICK failed for object /column0
Action failed ! time elapsed: 0.001
[LOG] Transition logged to MongoDB: 0fe6c8f8-aac0-463b-8ef8-9e3bfa407804 - Episode 10
Step 23
Selected action: Action(ActionType.PICK, obj=/column2, slot=None,grasp=GraspType.RIGHT_0) with motion param: top_0
here
Action: Action(ActionType.PICK, obj=/column2, slot=None,grasp=GraspType.TOP_0)
[EXEC] Picking /column2 with top_0

[INFO] Found 320 potential configurations.
[WARN] No valid configuration found (all tested configs invalid).
[EXEC] Action ActionType.PICK executed in 10.21 seconds
[ERROR] Action ActionType.PICK failed for object /column2
Action failed ! time elapsed: 0.001
[LOG] Transition logged to MongoDB: 0fe6c8f8-aac0-463b-8ef8-9e3bfa407804 - Episode 10
Step 24
Selected action: Action(ActionType.PICK, obj=/column1, slot=None,grasp=GraspType.TOP_0) with motion param: left_0
here
Action: Action(ActionType.PICK, obj=/column1, slot=None,grasp=GraspType.LEFT_0)
[EXEC] Picking /column1 with left_0

[INFO] Found 4416 potential configurations.
[WARN] No valid configuration found (all tested configs invalid).
[EXEC] Action ActionType.PICK executed in 3.33 seconds
[ERROR] Action ActionType.PICK failed for object /column1
Action failed ! time elapsed: 0.001
[LOG] Transition logged to MongoDB: 0fe6c8f8-aac0-463b-8ef8-9e3bfa407804 - Episode 10
Step 25
Selected action: Action(ActionType.PICK, obj=/column2, slot=None,grasp=GraspType.TOP_0) with motion param: left_0
here
Action: Action(ActionType.PICK, obj=/column2, slot=None,grasp=GraspType.LEFT_0)
[EXEC] Picking /column2 with left_0

[INFO] Found 1216 potential configurations.
[WARN] No valid configuration found (all tested configs invalid).
[EXEC] Action ActionType.PICK executed in 1.75 seconds
[ERROR] Action ActionType.PICK failed for object /column2
Action failed ! time elapsed: 0.001
[LOG] Transition logged to MongoDB: 0fe6c8f8-aac0-463b-8ef8-9e3bfa407804 - Episode 10
Step 26
Selected action: Action(ActionType.PICK, obj=/column2, slot=None,grasp=GraspType.LEFT_0) with motion param: left_0
here
Action: Action(ActionType.PICK, obj=/column2, slot=None,grasp=GraspType.LEFT_0)
[EXEC] Picking /column2 with left_0

[INFO] Found 1152 potential configurations.
[WARN] No valid configuration found (all tested configs invalid).
[EXEC] Action ActionType.PICK executed in 1.63 seconds
[ERROR] Action ActionType.PICK failed for object /column2
Action failed ! time elapsed: 0.001
Too many failures, resetting scene
Pilot run finished, resetting scene
Leaving object if held
Pilot run 18
Step 0
Selected action: Action(ActionType.PICK, obj=/column1, slot=None,grasp=GraspType.LEFT_0) with motion param: top_0
here
Action: Action(ActionType.PICK, obj=/column1, slot=None,grasp=GraspType.TOP_0)
[EXEC] Picking /column1 with top_0

[INFO] Found 3456 potential configurations.
[INFO] Motion completed successfully with result: success,in execution time: 3.44 seconds
[INFO] Found a reachable configuration for pick action after 1 attempts.
Tip distance after pick: 0.028338910092411348
[INFO] Pick action completed successfully.in execution time: 3.44 seconds
[EXEC] Action ActionType.PICK executed in 17.38 seconds
[SUCCESS] Action ActionType.PICK succeeded for object /column1
[LOG] Transition logged to MongoDB: 0fe6c8f8-aac0-463b-8ef8-9e3bfa407804 - Episode 10
Step 1
Selected action: Action(ActionType.PLACE, obj=/column1, slot=/region_0,grasp=GraspType.RIGHT_0) with motion param: front_270
here
Action: Action(ActionType.PLACE, obj=/column1, slot=/region_0,grasp=GraspType.FRONT_270)
[EXEC] Placing at [0.35, 0.8, 0.521] with grasp front_270

[INFO] Found 4544 potential configurations.
[INFO] Motion completed successfully with result: success,in execution time: 4.60 seconds
[INFO] Found a reachable configuration for place action after 1 attempts.
[INFO] Place action completed successfully.
realigning placed object /column1 to target position
[EXEC] Action ActionType.PLACE executed in 30.25 seconds
[SUCCESS] Action ActionType.PLACE succeeded for object /column1
[LOG] Transition logged to MongoDB: 0fe6c8f8-aac0-463b-8ef8-9e3bfa407804 - Episode 10
Step 2
Selected action: Action(ActionType.PICK, obj=/column1, slot=None,grasp=GraspType.TOP_0) with motion param: right_0
here
Action: Action(ActionType.PICK, obj=/column1, slot=None,grasp=GraspType.RIGHT_0)
[EXEC] Picking /column1 with right_0

[INFO] Found 3008 potential configurations.
[WARN] No valid configuration found (all tested configs invalid).
[EXEC] Action ActionType.PICK executed in 4.25 seconds
[ERROR] Action ActionType.PICK failed for object /column1
Action failed ! time elapsed: 0.001
[LOG] Transition logged to MongoDB: 0fe6c8f8-aac0-463b-8ef8-9e3bfa407804 - Episode 10
Step 3
Selected action: Action(ActionType.PICK, obj=/column1, slot=None,grasp=GraspType.RIGHT_0) with motion param: top_0
here
Action: Action(ActionType.PICK, obj=/column1, slot=None,grasp=GraspType.TOP_0)
[EXEC] Picking /column1 with top_0

[INFO] Found 3392 potential configurations.
[INFO] Motion completed successfully with result: success,in execution time: 4.60 seconds
[INFO] Found a reachable configuration for pick action after 1 attempts.
Tip distance after pick: 0.027625847914182416
[INFO] Pick action completed successfully.in execution time: 4.60 seconds
[EXEC] Action ActionType.PICK executed in 25.91 seconds
[SUCCESS] Action ActionType.PICK succeeded for object /column1
[LOG] Transition logged to MongoDB: 0fe6c8f8-aac0-463b-8ef8-9e3bfa407804 - Episode 10
Step 4
Selected action: Action(ActionType.PLACE, obj=/column1, slot=/goal_1,grasp=GraspType.RIGHT_0) with motion param: front_270
here
Action: Action(ActionType.PLACE, obj=/column1, slot=/goal_1,grasp=GraspType.FRONT_270)
[EXEC] Placing at [-0.2749999999999999, 1.0750000000000006, 0.5] with grasp front_270

[INFO] Found 2944 potential configurations.
[INFO] Motion completed successfully with result: success,in execution time: 7.80 seconds
[INFO] Found a reachable configuration for place action after 1 attempts.
[INFO] Place action completed successfully.
realigning placed object /column1 to target position
[EXEC] Action ActionType.PLACE executed in 31.49 seconds
[SUCCESS] Action ActionType.PLACE succeeded for object /column1
[LOG] Transition logged to MongoDB: 0fe6c8f8-aac0-463b-8ef8-9e3bfa407804 - Episode 10
Step 5
Selected action: Action(ActionType.PICK, obj=/column2, slot=None,grasp=GraspType.LEFT_0) with motion param: front_270
here
Action: Action(ActionType.PICK, obj=/column2, slot=None,grasp=GraspType.FRONT_270)
[EXEC] Picking /column2 with front_270

[INFO] Found 1856 potential configurations.
[WARN] No valid configuration found (all tested configs invalid).
[EXEC] Action ActionType.PICK executed in 2.46 seconds
[ERROR] Action ActionType.PICK failed for object /column2
Action failed ! time elapsed: 0.001
[LOG] Transition logged to MongoDB: 0fe6c8f8-aac0-463b-8ef8-9e3bfa407804 - Episode 10
Step 6
Selected action: Action(ActionType.PICK, obj=/column2, slot=None,grasp=GraspType.FRONT_270) with motion param: left_0
here
Action: Action(ActionType.PICK, obj=/column2, slot=None,grasp=GraspType.LEFT_0)
[EXEC] Picking /column2 with left_0

[INFO] Found 896 potential configurations.
[WARN] No valid configuration found (all tested configs invalid).
[EXEC] Action ActionType.PICK executed in 1.59 seconds
[ERROR] Action ActionType.PICK failed for object /column2
Action failed ! time elapsed: 0.001
[LOG] Transition logged to MongoDB: 0fe6c8f8-aac0-463b-8ef8-9e3bfa407804 - Episode 10
Step 7
Selected action: Action(ActionType.PICK, obj=/column2, slot=None,grasp=GraspType.LEFT_0) with motion param: top_0
here
Action: Action(ActionType.PICK, obj=/column2, slot=None,grasp=GraspType.TOP_0)
[EXEC] Picking /column2 with top_0

[INFO] Found 384 potential configurations.
[WARN] No valid configuration found (all tested configs invalid).
[EXEC] Action ActionType.PICK executed in 12.77 seconds
[ERROR] Action ActionType.PICK failed for object /column2
Action failed ! time elapsed: 0.001
[LOG] Transition logged to MongoDB: 0fe6c8f8-aac0-463b-8ef8-9e3bfa407804 - Episode 10
Step 8
Selected action: Action(ActionType.PICK, obj=/column2, slot=None,grasp=GraspType.TOP_0) with motion param: top_0
here
Action: Action(ActionType.PICK, obj=/column2, slot=None,grasp=GraspType.TOP_0)
[EXEC] Picking /column2 with top_0

[INFO] Found 704 potential configurations.
[WARN] No valid configuration found (all tested configs invalid).
[EXEC] Action ActionType.PICK executed in 18.60 seconds
[ERROR] Action ActionType.PICK failed for object /column2
Action failed ! time elapsed: 0.001
[LOG] Transition logged to MongoDB: 0fe6c8f8-aac0-463b-8ef8-9e3bfa407804 - Episode 10
Step 9
Selected action: Action(ActionType.PICK, obj=/column0, slot=None,grasp=GraspType.LEFT_0) with motion param: top_0
here
Action: Action(ActionType.PICK, obj=/column0, slot=None,grasp=GraspType.TOP_0)
[EXEC] Picking /column0 with top_0

[INFO] Found 896 potential configurations.
[INFO] Motion completed successfully with result: success,in execution time: 6.56 seconds
[INFO] Found a reachable configuration for pick action after 1 attempts.
Tip distance after pick: 0.027986113087318878
[INFO] Pick action completed successfully.in execution time: 6.56 seconds
[EXEC] Action ActionType.PICK executed in 22.22 seconds
[SUCCESS] Action ActionType.PICK succeeded for object /column0
[LOG] Transition logged to MongoDB: 0fe6c8f8-aac0-463b-8ef8-9e3bfa407804 - Episode 10
Step 10
Selected action: Action(ActionType.PLACE, obj=/column0, slot=/region_0,grasp=GraspType.RIGHT_0) with motion param: front_270
here
Action: Action(ActionType.PLACE, obj=/column0, slot=/region_0,grasp=GraspType.FRONT_270)
[EXEC] Placing at [0.35, 0.8, 0.521] with grasp front_270

[INFO] Found 2496 potential configurations.
[INFO] Motion completed successfully with result: success,in execution time: 4.56 seconds
[INFO] Found a reachable configuration for place action after 1 attempts.
[INFO] Place action completed successfully.
realigning placed object /column0 to target position
[EXEC] Action ActionType.PLACE executed in 25.84 seconds
[SUCCESS] Action ActionType.PLACE succeeded for object /column0
[LOG] Transition logged to MongoDB: 0fe6c8f8-aac0-463b-8ef8-9e3bfa407804 - Episode 10
Step 11
Selected action: Action(ActionType.PICK, obj=/column1, slot=None,grasp=GraspType.TOP_0) with motion param: left_0
here
Action: Action(ActionType.PICK, obj=/column1, slot=None,grasp=GraspType.LEFT_0)
[EXEC] Picking /column1 with left_0
[ERROR] No IK configurations found for desired pick pose.
[EXEC] Action ActionType.PICK executed in 1.03 seconds
[ERROR] Action ActionType.PICK failed for object /column1
Action failed ! time elapsed: 0.001
[LOG] Transition logged to MongoDB: 0fe6c8f8-aac0-463b-8ef8-9e3bfa407804 - Episode 10
Step 12
Selected action: Action(ActionType.PICK, obj=/column0, slot=None,grasp=GraspType.TOP_0) with motion param: top_0
here
Action: Action(ActionType.PICK, obj=/column0, slot=None,grasp=GraspType.TOP_0)
[EXEC] Picking /column0 with top_0

[INFO] Found 2752 potential configurations.
[INFO] Motion completed successfully with result: success,in execution time: 4.56 seconds
[INFO] Found a reachable configuration for pick action after 1 attempts.
Tip distance after pick: 0.02790975801224974
[INFO] Pick action completed successfully.in execution time: 4.56 seconds
[EXEC] Action ActionType.PICK executed in 14.74 seconds
[SUCCESS] Action ActionType.PICK succeeded for object /column0
[LOG] Transition logged to MongoDB: 0fe6c8f8-aac0-463b-8ef8-9e3bfa407804 - Episode 10
Step 13
Selected action: Action(ActionType.PLACE, obj=/column0, slot=/region_0,grasp=GraspType.FRONT_270) with motion param: left_0
here
Action: Action(ActionType.PLACE, obj=/column0, slot=/region_0,grasp=GraspType.LEFT_0)
[EXEC] Placing at [0.35, 0.8, 0.521] with grasp left_0

[INFO] Found 2048 potential configurations.
[INFO] Motion completed successfully with result: success,in execution time: 3.28 seconds
[INFO] Found a reachable configuration for place action after 1 attempts.
[INFO] Place action completed successfully.
realigning placed object /column0 to target position
[EXEC] Action ActionType.PLACE executed in 45.99 seconds
[SUCCESS] Action ActionType.PLACE succeeded for object /column0
[LOG] Transition logged to MongoDB: 0fe6c8f8-aac0-463b-8ef8-9e3bfa407804 - Episode 10
Step 14
Selected action: Action(ActionType.PICK, obj=/column0, slot=None,grasp=GraspType.TOP_0) with motion param: top_0
here
Action: Action(ActionType.PICK, obj=/column0, slot=None,grasp=GraspType.TOP_0)
[EXEC] Picking /column0 with top_0

[INFO] Found 5376 potential configurations.
[INFO] Motion completed successfully with result: success,in execution time: 3.32 seconds
[INFO] Found a reachable configuration for pick action after 1 attempts.
Tip distance after pick: 0.027582568482713038
[INFO] Pick action completed successfully.in execution time: 3.32 seconds
[EXEC] Action ActionType.PICK executed in 21.80 seconds
[SUCCESS] Action ActionType.PICK succeeded for object /column0
[LOG] Transition logged to MongoDB: 0fe6c8f8-aac0-463b-8ef8-9e3bfa407804 - Episode 10
Step 15
Selected action: Action(ActionType.PLACE, obj=/column0, slot=/goal_0,grasp=GraspType.RIGHT_0) with motion param: left_0
here
Action: Action(ActionType.PLACE, obj=/column0, slot=/goal_0,grasp=GraspType.LEFT_0)
[EXEC] Placing at [-0.27499999999999986, 0.8250000000000005, 0.5] with grasp left_0

[INFO] Found 4416 potential configurations.
[WARN] No valid configuration found (all tested configs invalid).
[EXEC] Action ActionType.PLACE executed in 50.20 seconds
[ERROR] Action ActionType.PLACE failed for object /column0
Action failed ! time elapsed: 0.001
[LOG] Transition logged to MongoDB: 0fe6c8f8-aac0-463b-8ef8-9e3bfa407804 - Episode 10
Step 16
Selected action: Action(ActionType.PLACE, obj=/column0, slot=/goal_0,grasp=GraspType.LEFT_0) with motion param: left_0
here
Action: Action(ActionType.PLACE, obj=/column0, slot=/goal_0,grasp=GraspType.LEFT_0)
[EXEC] Placing at [-0.27499999999999986, 0.8250000000000005, 0.5] with grasp left_0

[INFO] Found 4544 potential configurations.
[WARN] No valid configuration found (all tested configs invalid).
[EXEC] Action ActionType.PLACE executed in 48.50 seconds
[ERROR] Action ActionType.PLACE failed for object /column0
Action failed ! time elapsed: 0.001
[LOG] Transition logged to MongoDB: 0fe6c8f8-aac0-463b-8ef8-9e3bfa407804 - Episode 10
Step 17
Selected action: Action(ActionType.PLACE, obj=/column0, slot=/region_0,grasp=GraspType.LEFT_0) with motion param: front_270
here
Action: Action(ActionType.PLACE, obj=/column0, slot=/region_0,grasp=GraspType.FRONT_270)
[EXEC] Placing at [0.35, 0.8, 0.521] with grasp front_270

[INFO] Found 2944 potential configurations.
[INFO] Motion completed successfully with result: success,in execution time: 4.56 seconds
[INFO] Found a reachable configuration for place action after 1 attempts.
[INFO] Place action completed successfully.
realigning placed object /column0 to target position
[EXEC] Action ActionType.PLACE executed in 15.87 seconds
[SUCCESS] Action ActionType.PLACE succeeded for object /column0
[LOG] Transition logged to MongoDB: 0fe6c8f8-aac0-463b-8ef8-9e3bfa407804 - Episode 10
Step 18
Selected action: Action(ActionType.PICK, obj=/column1, slot=None,grasp=GraspType.LEFT_0) with motion param: top_0
here
Action: Action(ActionType.PICK, obj=/column1, slot=None,grasp=GraspType.TOP_0)
[EXEC] Picking /column1 with top_0

[INFO] Found 1984 potential configurations.
[INFO] Motion completed successfully with result: success,in execution time: 11.12 seconds
[INFO] Found a reachable configuration for pick action after 1 attempts.
Tip distance after pick: 0.026090103454242796
[INFO] Pick action completed successfully.in execution time: 11.12 seconds
[EXEC] Action ActionType.PICK executed in 22.99 seconds
[SUCCESS] Action ActionType.PICK succeeded for object /column1
[LOG] Transition logged to MongoDB: 0fe6c8f8-aac0-463b-8ef8-9e3bfa407804 - Episode 10
Step 19
Selected action: Action(ActionType.PLACE, obj=/column1, slot=/region_2,grasp=GraspType.TOP_0) with motion param: top_0
here
Action: Action(ActionType.PLACE, obj=/column1, slot=/region_2,grasp=GraspType.TOP_0)
[EXEC] Placing at [0.6, 0.80001, 0.5] with grasp top_0

[INFO] Found 1728 potential configurations.
[INFO] Motion completed successfully with result: success,in execution time: 8.08 seconds
[INFO] Found a reachable configuration for place action after 1 attempts.
[INFO] Place action completed successfully.
realigning placed object /column1 to target position
[EXEC] Action ActionType.PLACE executed in 22.80 seconds
[SUCCESS] Action ActionType.PLACE succeeded for object /column1
[LOG] Transition logged to MongoDB: 0fe6c8f8-aac0-463b-8ef8-9e3bfa407804 - Episode 10
Step 20
Selected action: Action(ActionType.PICK, obj=/column0, slot=None,grasp=GraspType.TOP_0) with motion param: front_270
here
Action: Action(ActionType.PICK, obj=/column0, slot=None,grasp=GraspType.FRONT_270)
[EXEC] Picking /column0 with front_270

[INFO] Found 3840 potential configurations.
[INFO] Motion completed successfully with result: success,in execution time: 4.64 seconds
[INFO] Found a reachable configuration for pick action after 1 attempts.
Tip distance after pick: 0.02186385782630529
[INFO] Pick action completed successfully.in execution time: 4.64 seconds
[EXEC] Action ActionType.PICK executed in 29.40 seconds
[SUCCESS] Action ActionType.PICK succeeded for object /column0
[LOG] Transition logged to MongoDB: 0fe6c8f8-aac0-463b-8ef8-9e3bfa407804 - Episode 10
Step 21
Selected action: Action(ActionType.PLACE, obj=/column0, slot=/goal_2,grasp=GraspType.RIGHT_0) with motion param: top_0
here
Action: Action(ActionType.PLACE, obj=/column0, slot=/goal_2,grasp=GraspType.TOP_0)
[EXEC] Placing at [-0.6000000000000001, 0.8250000000000003, 0.5] with grasp top_0

[INFO] Found 3456 potential configurations.
[WARN] No valid configuration found (all tested configs invalid).
[EXEC] Action ActionType.PLACE executed in 3.22 seconds
[ERROR] Action ActionType.PLACE failed for object /column0
Action failed ! time elapsed: 0.001
[LOG] Transition logged to MongoDB: 0fe6c8f8-aac0-463b-8ef8-9e3bfa407804 - Episode 10
Step 22
Selected action: Action(ActionType.PLACE, obj=/column0, slot=/goal_2,grasp=GraspType.TOP_0) with motion param: right_0
here
Action: Action(ActionType.PLACE, obj=/column0, slot=/goal_2,grasp=GraspType.RIGHT_0)
[EXEC] Placing at [-0.6000000000000001, 0.8250000000000003, 0.5] with grasp right_0

[INFO] Found 1984 potential configurations.
[INFO] Motion completed successfully with result: success,in execution time: 5.88 seconds
[INFO] Found a reachable configuration for place action after 1 attempts.
[INFO] Place action completed successfully.
realigning placed object /column0 to target position
[EXEC] Action ActionType.PLACE executed in 32.29 seconds
[SUCCESS] Action ActionType.PLACE succeeded for object /column0
[LOG] Transition logged to MongoDB: 0fe6c8f8-aac0-463b-8ef8-9e3bfa407804 - Episode 10
Step 23
Selected action: Action(ActionType.PICK, obj=/column2, slot=None,grasp=GraspType.TOP_0) with motion param: top_0
here
Action: Action(ActionType.PICK, obj=/column2, slot=None,grasp=GraspType.TOP_0)
[EXEC] Picking /column2 with top_0

[INFO] Found 64 potential configurations.
[WARN] No valid configuration found (all tested configs invalid).
[EXEC] Action ActionType.PICK executed in 2.65 seconds
[ERROR] Action ActionType.PICK failed for object /column2
Action failed ! time elapsed: 0.001
[LOG] Transition logged to MongoDB: 0fe6c8f8-aac0-463b-8ef8-9e3bfa407804 - Episode 10
Step 24
Selected action: Action(ActionType.PICK, obj=/column1, slot=None,grasp=GraspType.TOP_0) with motion param: top_0
here
Action: Action(ActionType.PICK, obj=/column1, slot=None,grasp=GraspType.TOP_0)
[EXEC] Picking /column1 with top_0

[INFO] Found 1600 potential configurations.
[INFO] Motion completed successfully with result: success,in execution time: 7.96 seconds
[INFO] Found a reachable configuration for pick action after 1 attempts.
Tip distance after pick: 0.026724278863695054
[INFO] Pick action completed successfully.in execution time: 7.96 seconds
[EXEC] Action ActionType.PICK executed in 28.81 seconds
[SUCCESS] Action ActionType.PICK succeeded for object /column1
[LOG] Transition logged to MongoDB: 0fe6c8f8-aac0-463b-8ef8-9e3bfa407804 - Episode 10
Step 25
Selected action: Action(ActionType.PLACE, obj=/column1, slot=/goal_1,grasp=GraspType.FRONT_270) with motion param: top_0
here
Action: Action(ActionType.PLACE, obj=/column1, slot=/goal_1,grasp=GraspType.TOP_0)
[EXEC] Placing at [-0.2749999999999999, 1.0750000000000006, 0.5] with grasp top_0

[INFO] Found 1792 potential configurations.
[INFO] Motion completed successfully with result: success,in execution time: 4.36 seconds
[INFO] Found a reachable configuration for place action after 1 attempts.
[INFO] Place action completed successfully.
realigning placed object /column1 to target position
[EXEC] Action ActionType.PLACE executed in 17.50 seconds
[SUCCESS] Action ActionType.PLACE succeeded for object /column1
[LOG] Transition logged to MongoDB: 0fe6c8f8-aac0-463b-8ef8-9e3bfa407804 - Episode 10
Step 26
Selected action: Action(ActionType.PICK, obj=/column1, slot=None,grasp=GraspType.TOP_0) with motion param: front_270
here
Action: Action(ActionType.PICK, obj=/column1, slot=None,grasp=GraspType.FRONT_270)
[EXEC] Picking /column1 with front_270

[INFO] Found 2880 potential configurations.
[INFO] Motion completed successfully with result: success,in execution time: 4.52 seconds
[INFO] Found a reachable configuration for pick action after 1 attempts.
Tip distance after pick: 0.020565859003320173
[INFO] Pick action completed successfully.in execution time: 4.52 seconds
[EXEC] Action ActionType.PICK executed in 18.05 seconds
[SUCCESS] Action ActionType.PICK succeeded for object /column1
[LOG] Transition logged to MongoDB: 0fe6c8f8-aac0-463b-8ef8-9e3bfa407804 - Episode 10
Step 27
Selected action: Action(ActionType.PLACE, obj=/column1, slot=/region_2,grasp=GraspType.TOP_0) with motion param: top_0
here
Action: Action(ActionType.PLACE, obj=/column1, slot=/region_2,grasp=GraspType.TOP_0)
[EXEC] Placing at [0.6, 0.80001, 0.5] with grasp top_0

[INFO] Found 1600 potential configurations.
[INFO] Motion completed successfully with result: success,in execution time: 7.64 seconds
[INFO] Found a reachable configuration for place action after 1 attempts.
[INFO] Place action completed successfully.
realigning placed object /column1 to target position
[EXEC] Action ActionType.PLACE executed in 23.76 seconds
[SUCCESS] Action ActionType.PLACE succeeded for object /column1
[LOG] Transition logged to MongoDB: 0fe6c8f8-aac0-463b-8ef8-9e3bfa407804 - Episode 10
Step 28
Selected action: Action(ActionType.PICK, obj=/column2, slot=None,grasp=GraspType.TOP_0) with motion param: front_270
here
Action: Action(ActionType.PICK, obj=/column2, slot=None,grasp=GraspType.FRONT_270)
[EXEC] Picking /column2 with front_270

[INFO] Found 2560 potential configurations.
[WARN] No valid configuration found (all tested configs invalid).
[EXEC] Action ActionType.PICK executed in 2.34 seconds
[ERROR] Action ActionType.PICK failed for object /column2
Action failed ! time elapsed: 0.001
[LOG] Transition logged to MongoDB: 0fe6c8f8-aac0-463b-8ef8-9e3bfa407804 - Episode 10
Step 29
Selected action: Action(ActionType.PICK, obj=/column2, slot=None,grasp=GraspType.FRONT_270) with motion param: front_270
here
Action: Action(ActionType.PICK, obj=/column2, slot=None,grasp=GraspType.FRONT_270)
[EXEC] Picking /column2 with front_270

[INFO] Found 2240 potential configurations.
[WARN] No valid configuration found (all tested configs invalid).
[EXEC] Action ActionType.PICK executed in 2.27 seconds
[ERROR] Action ActionType.PICK failed for object /column2
Action failed ! time elapsed: 0.001
[LOG] Transition logged to MongoDB: 0fe6c8f8-aac0-463b-8ef8-9e3bfa407804 - Episode 10
Pilot run finished, resetting scene
Leaving object if held
Pilot run 19
Step 0
Selected action: Action(ActionType.PICK, obj=/column0, slot=None,grasp=GraspType.FRONT_270) with motion param: right_0
here
Action: Action(ActionType.PICK, obj=/column0, slot=None,grasp=GraspType.RIGHT_0)
[EXEC] Picking /column0 with right_0
[ERROR] No IK configurations found for desired pick pose.
[EXEC] Action ActionType.PICK executed in 1.02 seconds
[ERROR] Action ActionType.PICK failed for object /column0
Action failed ! time elapsed: 0.001
[LOG] Transition logged to MongoDB: 0fe6c8f8-aac0-463b-8ef8-9e3bfa407804 - Episode 10
Step 1
Selected action: Action(ActionType.PICK, obj=/column2, slot=None,grasp=GraspType.FRONT_270) with motion param: front_270
here
Action: Action(ActionType.PICK, obj=/column2, slot=None,grasp=GraspType.FRONT_270)
[EXEC] Picking /column2 with front_270

[INFO] Found 4544 potential configurations.
[INFO] Motion completed successfully with result: success,in execution time: 4.52 seconds
[INFO] Found a reachable configuration for pick action after 1 attempts.
Tip distance after pick: 0.021587007845624225
[INFO] Pick action completed successfully.in execution time: 4.52 seconds
[EXEC] Action ActionType.PICK executed in 21.23 seconds
[SUCCESS] Action ActionType.PICK succeeded for object /column2
[LOG] Transition logged to MongoDB: 0fe6c8f8-aac0-463b-8ef8-9e3bfa407804 - Episode 10
Step 2
Selected action: Action(ActionType.PLACE, obj=/column2, slot=/goal_2,grasp=GraspType.RIGHT_0) with motion param: right_0
here
Action: Action(ActionType.PLACE, obj=/column2, slot=/goal_2,grasp=GraspType.RIGHT_0)
[EXEC] Placing at [-0.6000000000000001, 0.8250000000000003, 0.5] with grasp right_0

[INFO] Found 2368 potential configurations.
[INFO] Motion completed successfully with result: success,in execution time: 2.32 seconds
[INFO] Found a reachable configuration for place action after 1 attempts.
[INFO] Place action completed successfully.
realigning placed object /column2 to target position
[EXEC] Action ActionType.PLACE executed in 17.88 seconds
[SUCCESS] Action ActionType.PLACE succeeded for object /column2
[LOG] Transition logged to MongoDB: 0fe6c8f8-aac0-463b-8ef8-9e3bfa407804 - Episode 10
Step 3
Selected action: Action(ActionType.PICK, obj=/column1, slot=None,grasp=GraspType.FRONT_270) with motion param: right_0
here
Action: Action(ActionType.PICK, obj=/column1, slot=None,grasp=GraspType.RIGHT_0)
[EXEC] Picking /column1 with right_0
[ERROR] No IK configurations found for desired pick pose.
[EXEC] Action ActionType.PICK executed in 1.02 seconds
[ERROR] Action ActionType.PICK failed for object /column1
Action failed ! time elapsed: 0.001
[LOG] Transition logged to MongoDB: 0fe6c8f8-aac0-463b-8ef8-9e3bfa407804 - Episode 10
Step 4
Selected action: Action(ActionType.PICK, obj=/column0, slot=None,grasp=GraspType.RIGHT_0) with motion param: right_0
here
Action: Action(ActionType.PICK, obj=/column0, slot=None,grasp=GraspType.RIGHT_0)
[EXEC] Picking /column0 with right_0
[ERROR] No IK configurations found for desired pick pose.
[EXEC] Action ActionType.PICK executed in 1.01 seconds
[ERROR] Action ActionType.PICK failed for object /column0
Action failed ! time elapsed: 0.001
[LOG] Transition logged to MongoDB: 0fe6c8f8-aac0-463b-8ef8-9e3bfa407804 - Episode 10
Step 5
Selected action: Action(ActionType.PICK, obj=/column1, slot=None,grasp=GraspType.RIGHT_0) with motion param: left_0
here
Action: Action(ActionType.PICK, obj=/column1, slot=None,grasp=GraspType.LEFT_0)
[EXEC] Picking /column1 with left_0

[INFO] Found 3136 potential configurations.
[INFO] Motion completed successfully with result: success,in execution time: 7.32 seconds
[INFO] Found a reachable configuration for pick action after 1 attempts.
Tip distance after pick: 0.021026714106068847
[INFO] Pick action completed successfully.in execution time: 7.32 seconds
[EXEC] Action ActionType.PICK executed in 22.75 seconds
[SUCCESS] Action ActionType.PICK succeeded for object /column1
[LOG] Transition logged to MongoDB: 0fe6c8f8-aac0-463b-8ef8-9e3bfa407804 - Episode 10
Step 6
Selected action: Action(ActionType.PLACE, obj=/column1, slot=/goal_1,grasp=GraspType.TOP_0) with motion param: right_0
here
Action: Action(ActionType.PLACE, obj=/column1, slot=/goal_1,grasp=GraspType.RIGHT_0)
[EXEC] Placing at [-0.2749999999999999, 1.0750000000000006, 0.5] with grasp right_0

[INFO] Found 1600 potential configurations.
[ERROR] Motion failed (collision or invalid path)
[ERROR] Motion result: no_path
[WARN] Failed to find a path to the selected place config on attempt 1.
[WARN] No path found to selected place config, discarding and trying next valid config...
[INFO] Motion completed successfully with result: success,in execution time: 15.80 seconds
[INFO] Found a reachable configuration for place action after 2 attempts.
[INFO] Place action completed successfully.
realigning placed object /column1 to target position
[EXEC] Action ActionType.PLACE executed in 41.84 seconds
[SUCCESS] Action ActionType.PLACE succeeded for object /column1
[LOG] Transition logged to MongoDB: 0fe6c8f8-aac0-463b-8ef8-9e3bfa407804 - Episode 10
Step 7
Selected action: Action(ActionType.PICK, obj=/column2, slot=None,grasp=GraspType.FRONT_270) with motion param: left_0
here
Action: Action(ActionType.PICK, obj=/column2, slot=None,grasp=GraspType.LEFT_0)
[EXEC] Picking /column2 with left_0
[ERROR] No IK configurations found for desired pick pose.
[EXEC] Action ActionType.PICK executed in 1.02 seconds
[ERROR] Action ActionType.PICK failed for object /column2
Action failed ! time elapsed: 0.001
[LOG] Transition logged to MongoDB: 0fe6c8f8-aac0-463b-8ef8-9e3bfa407804 - Episode 10
Step 8
Selected action: Action(ActionType.PICK, obj=/column2, slot=None,grasp=GraspType.LEFT_0) with motion param: right_0
here
Action: Action(ActionType.PICK, obj=/column2, slot=None,grasp=GraspType.RIGHT_0)
[EXEC] Picking /column2 with right_0

[INFO] Found 2688 potential configurations.
[INFO] Motion completed successfully with result: success,in execution time: 2.44 seconds
[INFO] Found a reachable configuration for pick action after 1 attempts.
Tip distance after pick: 0.020633478408513446
[INFO] Pick action completed successfully.in execution time: 2.44 seconds
[EXEC] Action ActionType.PICK executed in 24.59 seconds
[SUCCESS] Action ActionType.PICK succeeded for object /column2
[LOG] Transition logged to MongoDB: 0fe6c8f8-aac0-463b-8ef8-9e3bfa407804 - Episode 10
Step 9
Selected action: Action(ActionType.PLACE, obj=/column2, slot=/region_0,grasp=GraspType.FRONT_270) with motion param: top_0
here
Action: Action(ActionType.PLACE, obj=/column2, slot=/region_0,grasp=GraspType.TOP_0)
[EXEC] Placing at [0.35, 0.8, 0.521] with grasp top_0

[INFO] Found 3008 potential configurations.
[INFO] Motion completed successfully with result: success,in execution time: 7.96 seconds
[INFO] Found a reachable configuration for place action after 1 attempts.
[INFO] Place action completed successfully.
realigning placed object /column2 to target position
[EXEC] Action ActionType.PLACE executed in 26.71 seconds
[SUCCESS] Action ActionType.PLACE succeeded for object /column2
[LOG] Transition logged to MongoDB: 0fe6c8f8-aac0-463b-8ef8-9e3bfa407804 - Episode 10
Step 10
Selected action: Action(ActionType.PICK, obj=/column2, slot=None,grasp=GraspType.RIGHT_0) with motion param: right_0
here
Action: Action(ActionType.PICK, obj=/column2, slot=None,grasp=GraspType.RIGHT_0)
[EXEC] Picking /column2 with right_0

[INFO] Found 2752 potential configurations.
[INFO] Motion completed successfully with result: success,in execution time: 2.72 seconds
[INFO] Found a reachable configuration for pick action after 1 attempts.
Tip distance after pick: 0.019256093790001948
[INFO] Pick action completed successfully.in execution time: 2.72 seconds
[EXEC] Action ActionType.PICK executed in 18.39 seconds
[SUCCESS] Action ActionType.PICK succeeded for object /column2
[LOG] Transition logged to MongoDB: 0fe6c8f8-aac0-463b-8ef8-9e3bfa407804 - Episode 10
Step 11
Selected action: Action(ActionType.PLACE, obj=/column2, slot=/region_0,grasp=GraspType.TOP_0) with motion param: left_0
here
Action: Action(ActionType.PLACE, obj=/column2, slot=/region_0,grasp=GraspType.LEFT_0)
[EXEC] Placing at [0.35, 0.8, 0.521] with grasp left_0

[INFO] Found 2432 potential configurations.
[INFO] Motion completed successfully with result: success,in execution time: 5.32 seconds
[INFO] Found a reachable configuration for place action after 1 attempts.
[INFO] Place action completed successfully.
realigning placed object /column2 to target position
[EXEC] Action ActionType.PLACE executed in 22.96 seconds
[SUCCESS] Action ActionType.PLACE succeeded for object /column2
[LOG] Transition logged to MongoDB: 0fe6c8f8-aac0-463b-8ef8-9e3bfa407804 - Episode 10
Step 12
Selected action: Action(ActionType.PICK, obj=/column0, slot=None,grasp=GraspType.RIGHT_0) with motion param: left_0
here
Action: Action(ActionType.PICK, obj=/column0, slot=None,grasp=GraspType.LEFT_0)
[EXEC] Picking /column0 with left_0

[INFO] Found 1600 potential configurations.
[WARN] No valid configuration found (all tested configs invalid).
[EXEC] Action ActionType.PICK executed in 1.77 seconds
[ERROR] Action ActionType.PICK failed for object /column0
Action failed ! time elapsed: 0.001
[LOG] Transition logged to MongoDB: 0fe6c8f8-aac0-463b-8ef8-9e3bfa407804 - Episode 10
Step 13
Selected action: Action(ActionType.PICK, obj=/column0, slot=None,grasp=GraspType.LEFT_0) with motion param: right_0
here
Action: Action(ActionType.PICK, obj=/column0, slot=None,grasp=GraspType.RIGHT_0)
[EXEC] Picking /column0 with right_0
[ERROR] No IK configurations found for desired pick pose.
[EXEC] Action ActionType.PICK executed in 1.02 seconds
[ERROR] Action ActionType.PICK failed for object /column0
Action failed ! time elapsed: 0.001
[LOG] Transition logged to MongoDB: 0fe6c8f8-aac0-463b-8ef8-9e3bfa407804 - Episode 10
Step 14
Selected action: Action(ActionType.PICK, obj=/column1, slot=None,grasp=GraspType.LEFT_0) with motion param: front_270
here
Action: Action(ActionType.PICK, obj=/column1, slot=None,grasp=GraspType.FRONT_270)
[EXEC] Picking /column1 with front_270

[INFO] Found 4096 potential configurations.
[INFO] Motion completed successfully with result: success,in execution time: 5.20 seconds
[INFO] Found a reachable configuration for pick action after 1 attempts.
Tip distance after pick: 0.020577793264578967
[INFO] Pick action completed successfully.in execution time: 5.20 seconds
[EXEC] Action ActionType.PICK executed in 15.73 seconds
[SUCCESS] Action ActionType.PICK succeeded for object /column1
[LOG] Transition logged to MongoDB: 0fe6c8f8-aac0-463b-8ef8-9e3bfa407804 - Episode 10
Step 15
Selected action: Action(ActionType.PLACE, obj=/column1, slot=/goal_0,grasp=GraspType.TOP_0) with motion param: right_0
here
Action: Action(ActionType.PLACE, obj=/column1, slot=/goal_0,grasp=GraspType.RIGHT_0)
[EXEC] Placing at [-0.27499999999999986, 0.8250000000000005, 0.5] with grasp right_0

[INFO] Found 2880 potential configurations.
[INFO] Motion completed successfully with result: success,in execution time: 3.40 seconds
[INFO] Found a reachable configuration for place action after 1 attempts.
[INFO] Place action completed successfully.
realigning placed object /column1 to target position
[EXEC] Action ActionType.PLACE executed in 12.54 seconds
[SUCCESS] Action ActionType.PLACE succeeded for object /column1
[LOG] Transition logged to MongoDB: 0fe6c8f8-aac0-463b-8ef8-9e3bfa407804 - Episode 10
Step 16
Selected action: Action(ActionType.PICK, obj=/column2, slot=None,grasp=GraspType.RIGHT_0) with motion param: top_0
here
Action: Action(ActionType.PICK, obj=/column2, slot=None,grasp=GraspType.TOP_0)
[EXEC] Picking /column2 with top_0

[INFO] Found 5504 potential configurations.
[INFO] Motion completed successfully with result: success,in execution time: 3.28 seconds
[INFO] Found a reachable configuration for pick action after 1 attempts.
Tip distance after pick: 0.027912976303972745
[INFO] Pick action completed successfully.in execution time: 3.28 seconds
[EXEC] Action ActionType.PICK executed in 19.89 seconds
[SUCCESS] Action ActionType.PICK succeeded for object /column2
[LOG] Transition logged to MongoDB: 0fe6c8f8-aac0-463b-8ef8-9e3bfa407804 - Episode 10
Step 17
Selected action: Action(ActionType.PLACE, obj=/column2, slot=/goal_2,grasp=GraspType.RIGHT_0) with motion param: left_0
here
Action: Action(ActionType.PLACE, obj=/column2, slot=/goal_2,grasp=GraspType.LEFT_0)
[EXEC] Placing at [-0.6000000000000001, 0.8250000000000003, 0.5] with grasp left_0

[INFO] Found 1920 potential configurations.
[WARN] No valid configuration found (all tested configs invalid).
[EXEC] Action ActionType.PLACE executed in 2.09 seconds
[ERROR] Action ActionType.PLACE failed for object /column2
Action failed ! time elapsed: 0.001
[LOG] Transition logged to MongoDB: 0fe6c8f8-aac0-463b-8ef8-9e3bfa407804 - Episode 10
Step 18
Selected action: Action(ActionType.PLACE, obj=/column2, slot=/region_2,grasp=GraspType.RIGHT_0) with motion param: right_0
here
Action: Action(ActionType.PLACE, obj=/column2, slot=/region_2,grasp=GraspType.RIGHT_0)
[EXEC] Placing at [0.6, 0.80001, 0.5] with grasp right_0
[ERROR] No IK configurations found for desired place pose.
[EXEC] Action ActionType.PLACE executed in 1.01 seconds
[ERROR] Action ActionType.PLACE failed for object /column2
Action failed ! time elapsed: 0.001
[LOG] Transition logged to MongoDB: 0fe6c8f8-aac0-463b-8ef8-9e3bfa407804 - Episode 10
Step 19
Selected action: Action(ActionType.PLACE, obj=/column2, slot=/region_2,grasp=GraspType.RIGHT_0) with motion param: left_0
here
Action: Action(ActionType.PLACE, obj=/column2, slot=/region_2,grasp=GraspType.LEFT_0)
[EXEC] Placing at [0.6, 0.80001, 0.5] with grasp left_0

[INFO] Found 3392 potential configurations.
[INFO] Motion completed successfully with result: success,in execution time: 7.36 seconds
[INFO] Found a reachable configuration for place action after 1 attempts.
[INFO] Place action completed successfully.
realigning placed object /column2 to target position
[EXEC] Action ActionType.PLACE executed in 26.03 seconds
[SUCCESS] Action ActionType.PLACE succeeded for object /column2
[LOG] Transition logged to MongoDB: 0fe6c8f8-aac0-463b-8ef8-9e3bfa407804 - Episode 10
Step 20
Selected action: Action(ActionType.PICK, obj=/column0, slot=None,grasp=GraspType.RIGHT_0) with motion param: left_0
here
Action: Action(ActionType.PICK, obj=/column0, slot=None,grasp=GraspType.LEFT_0)
[EXEC] Picking /column0 with left_0

[INFO] Found 1152 potential configurations.
[WARN] No valid configuration found (all tested configs invalid).
[EXEC] Action ActionType.PICK executed in 1.55 seconds
[ERROR] Action ActionType.PICK failed for object /column0
Action failed ! time elapsed: 0.001
[LOG] Transition logged to MongoDB: 0fe6c8f8-aac0-463b-8ef8-9e3bfa407804 - Episode 10
Step 21
Selected action: Action(ActionType.PICK, obj=/column0, slot=None,grasp=GraspType.LEFT_0) with motion param: right_0
here
Action: Action(ActionType.PICK, obj=/column0, slot=None,grasp=GraspType.RIGHT_0)
[EXEC] Picking /column0 with right_0
[ERROR] No IK configurations found for desired pick pose.
[EXEC] Action ActionType.PICK executed in 1.02 seconds
[ERROR] Action ActionType.PICK failed for object /column0
Action failed ! time elapsed: 0.001
[LOG] Transition logged to MongoDB: 0fe6c8f8-aac0-463b-8ef8-9e3bfa407804 - Episode 10
Step 22
Selected action: Action(ActionType.PICK, obj=/column0, slot=None,grasp=GraspType.RIGHT_0) with motion param: left_0
here
Action: Action(ActionType.PICK, obj=/column0, slot=None,grasp=GraspType.LEFT_0)
[EXEC] Picking /column0 with left_0

[INFO] Found 1088 potential configurations.
[WARN] No valid configuration found (all tested configs invalid).
[EXEC] Action ActionType.PICK executed in 1.63 seconds
[ERROR] Action ActionType.PICK failed for object /column0
Action failed ! time elapsed: 0.001
[LOG] Transition logged to MongoDB: 0fe6c8f8-aac0-463b-8ef8-9e3bfa407804 - Episode 10
Step 23
Selected action: Action(ActionType.PICK, obj=/column0, slot=None,grasp=GraspType.LEFT_0) with motion param: front_270
here
Action: Action(ActionType.PICK, obj=/column0, slot=None,grasp=GraspType.FRONT_270)
[EXEC] Picking /column0 with front_270

[INFO] Found 2688 potential configurations.
[WARN] No valid configuration found (all tested configs invalid).
[EXEC] Action ActionType.PICK executed in 2.95 seconds
[ERROR] Action ActionType.PICK failed for object /column0
Action failed ! time elapsed: 0.001
[LOG] Transition logged to MongoDB: 0fe6c8f8-aac0-463b-8ef8-9e3bfa407804 - Episode 10
Step 24
Selected action: Action(ActionType.PICK, obj=/column2, slot=None,grasp=GraspType.TOP_0) with motion param: left_0
here
Action: Action(ActionType.PICK, obj=/column2, slot=None,grasp=GraspType.LEFT_0)
[EXEC] Picking /column2 with left_0

[INFO] Found 1984 potential configurations.
[INFO] Motion completed successfully with result: success,in execution time: 1.76 seconds
[INFO] Found a reachable configuration for pick action after 1 attempts.
Tip distance after pick: 0.021891158997783378
[INFO] Pick action completed successfully.in execution time: 1.76 seconds
[EXEC] Action ActionType.PICK executed in 17.46 seconds
[SUCCESS] Action ActionType.PICK succeeded for object /column2
[LOG] Transition logged to MongoDB: 0fe6c8f8-aac0-463b-8ef8-9e3bfa407804 - Episode 10
Step 25
Selected action: Action(ActionType.PLACE, obj=/column2, slot=/goal_2,grasp=GraspType.LEFT_0) with motion param: top_0
here
Action: Action(ActionType.PLACE, obj=/column2, slot=/goal_2,grasp=GraspType.TOP_0)
[EXEC] Placing at [-0.6000000000000001, 0.8250000000000003, 0.5] with grasp top_0

[INFO] Found 4480 potential configurations.
[WARN] No valid configuration found (all tested configs invalid).
[EXEC] Action ActionType.PLACE executed in 3.57 seconds
[ERROR] Action ActionType.PLACE failed for object /column2
Action failed ! time elapsed: 0.001
[LOG] Transition logged to MongoDB: 0fe6c8f8-aac0-463b-8ef8-9e3bfa407804 - Episode 10
Step 26
Selected action: Action(ActionType.PLACE, obj=/column2, slot=/region_2,grasp=GraspType.LEFT_0) with motion param: top_0
here
Action: Action(ActionType.PLACE, obj=/column2, slot=/region_2,grasp=GraspType.TOP_0)
[EXEC] Placing at [0.6, 0.80001, 0.5] with grasp top_0

[INFO] Found 1472 potential configurations.
[INFO] Motion completed successfully with result: success,in execution time: 3.76 seconds
[INFO] Found a reachable configuration for place action after 1 attempts.
[INFO] Place action completed successfully.
realigning placed object /column2 to target position
[EXEC] Action ActionType.PLACE executed in 14.29 seconds
[SUCCESS] Action ActionType.PLACE succeeded for object /column2
[LOG] Transition logged to MongoDB: 0fe6c8f8-aac0-463b-8ef8-9e3bfa407804 - Episode 10
Step 27
Selected action: Action(ActionType.PICK, obj=/column0, slot=None,grasp=GraspType.FRONT_270) with motion param: top_0
here
Action: Action(ActionType.PICK, obj=/column0, slot=None,grasp=GraspType.TOP_0)
[EXEC] Picking /column0 with top_0

[INFO] Found 64 potential configurations.
[WARN] No valid configuration found (all tested configs invalid).
[EXEC] Action ActionType.PICK executed in 2.76 seconds
[ERROR] Action ActionType.PICK failed for object /column0
Action failed ! time elapsed: 0.001
[LOG] Transition logged to MongoDB: 0fe6c8f8-aac0-463b-8ef8-9e3bfa407804 - Episode 10
Step 28
Selected action: Action(ActionType.PICK, obj=/column2, slot=None,grasp=GraspType.LEFT_0) with motion param: right_0
here
Action: Action(ActionType.PICK, obj=/column2, slot=None,grasp=GraspType.RIGHT_0)
[EXEC] Picking /column2 with right_0
[ERROR] No IK configurations found for desired pick pose.
[EXEC] Action ActionType.PICK executed in 1.02 seconds
[ERROR] Action ActionType.PICK failed for object /column2
Action failed ! time elapsed: 0.001
[LOG] Transition logged to MongoDB: 0fe6c8f8-aac0-463b-8ef8-9e3bfa407804 - Episode 10
Step 29
Selected action: Action(ActionType.PICK, obj=/column0, slot=None,grasp=GraspType.TOP_0) with motion param: front_270
here
Action: Action(ActionType.PICK, obj=/column0, slot=None,grasp=GraspType.FRONT_270)
[EXEC] Picking /column0 with front_270

[INFO] Found 3072 potential configurations.
[WARN] No valid configuration found (all tested configs invalid).
[EXEC] Action ActionType.PICK executed in 2.63 seconds
[ERROR] Action ActionType.PICK failed for object /column0
Action failed ! time elapsed: 0.001
[LOG] Transition logged to MongoDB: 0fe6c8f8-aac0-463b-8ef8-9e3bfa407804 - Episode 10
Pilot run finished, resetting scene
Leaving object if held
Random runs complete
Time taken for random data collection: 9572.921577692032 seconds
