Warning: Ignoring XDG_SESSION_TYPE=wayland on Gnome. Use QT_QPA_PLATFORM=wayland to run on Wayland anyway.
Warning: Ignoring XDG_SESSION_TYPE=wayland on Gnome. Use QT_QPA_PLATFORM=wayland to run on Wayland anyway.
[CoppeliaSimClient]   loading the CoppeliaSim library...
[CoppeliaSimClient:loadinfo]   done.
[CoppeliaSimClient:loadinfo]   launching CoppeliaSim...
[CoppeliaSim:loadinfo]   Application directory is /home/kolletms/CoppeliaSim_Edu_V4_10_0_rev0_Ubuntu22_04
[CoppeliaSim:loadinfo]   user settings file is /home/kolletms/.CoppeliaSim/usrset.txt
[CoppeliaSim:loadinfo]   CoppeliaSim v4.10.0 (rev. 0), flavor: 1, linux
[CoppeliaSim:loadinfo]   ds:   0
[CoppeliaSim:loadinfo]   msnd: 1
[CoppeliaSim:loadinfo]   ms:   1
[CoppeliaSim:loadinfo]   midx: 5000-91EB-FFC4-9CCA-F764-C71D
[CoppeliaSim:loadinfo]   did:  
[CoppeliaSim:loadinfo]   mid0: FC97-7379-1C16-0023-1C17-0101
[CoppeliaSim:loadinfo]   mid1: FC9773791C1600231C17
[CoppeliaSim:loadinfo]   mid2: 7AB7966CC9EF9BB7FD7FEC7D769DC7BA
[CoppeliaSim:loadinfo]   mid3: 04E3981EA27E99B4CE66
[CoppeliaSim:loadinfo]   k:    687FFE88B3DF088E5DDD414A
[CoppeliaSim:loadinfo]   plugin simIK0: loading...
[CoppeliaSim:loadinfo]   plugin simIK0: done.
[CoppeliaSim:loadinfo]   primary screen physical dots per inch: 165
[CoppeliaSim:loadinfo]   display scaling (guessed): 100
[CoppeliaSim:loadinfo]   simulator launched.
[CoppeliaSim:loadinfo]   plugin 'BWF': loading...
[CoppeliaSim:loadinfo]   plugin 'BWF': load succeeded.
[CoppeliaSim:loadinfo]   plugin 'RemoteApi': loading...
[CoppeliaSim:loadinfo]   plugin 'RemoteApi': load succeeded.
[CoppeliaSim:loadinfo]   SK:   687FFE88B3DF088E5DDD414A
[CoppeliaSim:loadinfo]   initializing the sandbox script...
[sandboxScript:loadinfo]   plugin simZMQ: loading...
[sandboxScript:loadinfo]   plugin simZMQ: done.
[sandboxScript:loadinfo]   plugin simSubprocess: loading...
[sandboxScript:loadinfo]   plugin simSubprocess: done.
[sandboxScript:info]   Simulator launched, welcome! 
[CoppeliaSim:loadinfo]   sandbox script initialized.
[CoppeliaSim:loadinfo]   add-on '3D text generator.lua' was loaded.
[CoppeliaSim:loadinfo]   add-on 'Add-on edit.lua' was loaded.
[CoppeliaSim:loadinfo]   add-on 'Alias change.lua' was loaded.
[CoppeliaSim:loadinfo]   add-on 'Animation capture.lua' was loaded.
[CoppeliaSim:loadinfo]   add-on 'B0 remote Api server.lua' was loaded.
[CoppeliaSim:loadinfo]   add-on 'Button action.lua' was loaded.
[CoppeliaSim:loadinfo]   add-on 'Collision check.lua' was loaded.
[CoppeliaSim:loadinfo]   add-on 'Color changer.lua' was loaded.
[CoppeliaSim:loadinfo]   add-on 'Commander.lua' was loaded.
[CoppeliaSim:loadinfo]   add-on 'Contact display.lua' was loaded.
[CoppeliaSim:loadinfo]   add-on 'Convex decomposition hacd.lua' was loaded.
[CoppeliaSim:loadinfo]   add-on 'Convex decomposition vhacd.lua' was loaded.
[CoppeliaSim:loadinfo]   add-on 'Convex hull.lua' was loaded.
[CoppeliaSim:loadinfo]   add-on 'Create dummies on mesh surface.lua' was loaded.
[CoppeliaSim:loadinfo]   add-on 'Define joint group.lua' was loaded.
[CoppeliaSim:loadinfo]   add-on 'Denavit Hartenberg creator.lua' was loaded.
[CoppeliaSim:loadinfo]   add-on 'Denavit Hartenberg extractor.lua' was loaded.
[CoppeliaSim:loadinfo]   add-on 'Distance check.lua' was loaded.
[CoppeliaSim:loadinfo]   add-on 'Distribute objects uniformly.lua' was loaded.
[CoppeliaSim:loadinfo]   add-on 'Event viewer.lua' was loaded.
[CoppeliaSim:loadinfo]   add-on 'Events capture.lua' was loaded.
[CoppeliaSim:loadinfo]   add-on 'Events dump exporter.lua' was loaded.
[CoppeliaSim:loadinfo]   add-on 'External model auto reload.lua' was loaded.
[CoppeliaSim:loadinfo]   add-on 'External model auto save.lua' was loaded.
[CoppeliaSim:loadinfo]   add-on 'External model load.lua' was loaded.
[CoppeliaSim:loadinfo]   add-on 'External model reload selected.lua' was loaded.
[CoppeliaSim:loadinfo]   add-on 'External model save.lua' was loaded.
[CoppeliaSim:loadinfo]   add-on 'Find in scripts.lua' was loaded.
[CoppeliaSim:loadinfo]   add-on 'Find midpoint.lua' was loaded.
[CoppeliaSim:loadinfo]   add-on 'Floor plan importer.lua' was loaded.
[CoppeliaSim:loadinfo]   add-on 'GLTF animation exporter.lua' was loaded.
[CoppeliaSim:loadinfo]   add-on 'GLTF exporter.lua' was loaded.
[CoppeliaSim:loadinfo]   add-on 'Inverse Kinematics > generator.lua' was loaded.
[CoppeliaSim:loadinfo]   add-on 'Isometric scaling.lua' was loaded.
[CoppeliaSim:loadinfo]   add-on 'Joint tool.lua' was loaded.
[CoppeliaSim:loadinfo]   add-on 'LDraw importer.lua' was loaded.
[CoppeliaSim:loadinfo]   add-on 'Make objects same appearance.lua' was loaded.
[CoppeliaSim:loadinfo]   add-on 'Measure distance and direction.lua' was loaded.
[CoppeliaSim:loadinfo]   add-on 'Mesh decimation.lua' was loaded.
[CoppeliaSim:loadinfo]   add-on 'Mesh difference.lua' was loaded.
[CoppeliaSim:loadinfo]   add-on 'Mesh intersection.lua' was loaded.
[CoppeliaSim:loadinfo]   add-on 'Mesh subdivision.lua' was loaded.
[CoppeliaSim:loadinfo]   add-on 'Mesh symmetric difference.lua' was loaded.
[CoppeliaSim:loadinfo]   add-on 'Mesh union.lua' was loaded.
[CoppeliaSim:loadinfo]   add-on 'Message viewer.lua' was loaded.
[CoppeliaSim:loadinfo]   add-on 'Minimalistic exporter.lua' was loaded.
[CoppeliaSim:loadinfo]   add-on 'Minimalistic importer.lua' was loaded.
[CoppeliaSim:loadinfo]   add-on 'Motion Planning generator.lua' was loaded.
[CoppeliaSim:loadinfo]   add-on 'Notepad++ autocompletion.lua' was loaded.
[CoppeliaSim:loadinfo]   add-on 'Pause Stop Simulation on Condition.lua' was loaded.
[CoppeliaSim:loadinfo]   add-on 'Plugin enumerator.lua' was loaded.
[CoppeliaSim:loadinfo]   add-on 'Point cloud importer.lua' was loaded.
[CoppeliaSim:loadinfo]   add-on 'Point sampler interactive.lua' was loaded.
[CoppeliaSim:loadinfo]   add-on 'Point sampler service.lua' was loaded.
[CoppeliaSim:loadinfo]   add-on 'Property explorer.lua' was loaded.
[CoppeliaSim:loadinfo]   add-on 'PyRep.lua' was loaded.
[CoppeliaSim:loadinfo]   add-on 'Referenced handles explorer.lua' was loaded.
[CoppeliaSim:loadinfo]   add-on 'Referenced handles highlight.lua' was loaded.
[CoppeliaSim:loadinfo]   add-on 'Screenshot tool.lua' was loaded.
[CoppeliaSim:loadinfo]   add-on 'Script capture.lua' was loaded.
[CoppeliaSim:loadinfo]   add-on 'SDF importer.lua' was loaded.
[CoppeliaSim:loadinfo]   add-on 'Simulation stepper.lua' was loaded.
[CoppeliaSim:loadinfo]   add-on 'Subdivide large triangles.lua' was loaded.
[CoppeliaSim:loadinfo]   add-on 'Surface reconstruction.lua' was loaded.
[CoppeliaSim:loadinfo]   add-on 'Translate to align vertex.lua' was loaded.
[CoppeliaSim:loadinfo]   add-on 'URDF exporter.lua' was loaded.
[CoppeliaSim:loadinfo]   add-on 'URDF importer.lua' was loaded.
[CoppeliaSim:loadinfo]   add-on 'URL drop service.lua' was loaded.
[CoppeliaSim:loadinfo]   add-on 'Video recorder.lua' was loaded.
[CoppeliaSim:loadinfo]   add-on 'Visualization stream.lua' was loaded.
[CoppeliaSim:loadinfo]   add-on 'WS remote API server.lua' was loaded.
[CoppeliaSim:loadinfo]   add-on 'ZMQ remote API server.lua' was loaded.
[CoppeliaSim:loadinfo]   add-on 'Convex decomposition coacd.py' was loaded.
[Developer tools >> Commander >> Commander@addOnScript:loadinfo]   plugin simCmd: loading...
[simCmd:warning]   Selected script: Sandbox (Python)
[Developer tools >> Commander >> Commander@addOnScript:loadinfo]   plugin simCmd: done.
[Connectivity >> WebSocket remote API server@addOnScript:loadinfo]   plugin simWS: loading...
[Connectivity >> WebSocket remote API server@addOnScript:loadinfo]   plugin simWS: done.
[Connectivity >> WebSocket remote API server@addOnScript:info]   WebSocket Remote API server starting (port=23050)...
[Connectivity >> ZMQ remote API server@addOnScript:info]   ZeroMQ Remote API server starting (rpcPort=23005)...
[CoppeliaSim:warning]   If CoppeliaSim crashed in previous session, you can find auto-saved scenes in /home/kolletms/.CoppeliaSim/autoSavedScenes
[/UR10/followPath:loadinfo]   plugin simIK: loading...
[/UR10/followPath:loadinfo]   plugin simIK: done.
[/UR10/followPath:loadinfo]   plugin simOMPL: loading...
[/UR10/followPath:loadinfo]   plugin simOMPL: done.
/Floor, 13
/MPO_700, 86
/assembly_table, 88
/obs1, 133
/obs2, 135
/obs0, 137
/column0, 141
/column1, 143
/column2, 139
[/UR10/followPath:warning]   sim.switchThread is deprecated. please use sim.step instead. (control verbosity via notifyDeprecated in usrset.txt)
[/moveToPose:warning]   sim.setThreadSwitchTiming is deprecated. please use sim.setAutoYieldDelay instead. (control verbosity via notifyDeprecated in usrset.txt)
[/moveToPose:warning]   sim.switchThread is deprecated. please use sim.step instead. (control verbosity via notifyDeprecated in usrset.txt)
[sandboxScript:info]   Simulation started.
[CoppeliaSim:loadinfo]   plugin simGeom: loading...
[CoppeliaSim:loadinfo]   plugin simGeom: done.
[CoppeliaSim:loadinfo]   plugin simBullet-2-83: loading...
[CoppeliaSim:loadinfo]   plugin simBullet-2-83: done.
[CoppeliaSim:warning]   Detected non-default settings (time steps and/or dyn. engine global settings).
[sandboxScript:info]   Simulation stopping...
[sandboxScript:info]   Simulation stopped.
[sandboxScript:info]   Simulation started.
[CoppeliaSim:warning]   Detected non-default settings (time steps and/or dyn. engine global settings).
[sandboxScript:info]   Simulation stopping...
[sandboxScript:info]   Simulation stopped.
[sandboxScript:info]   Simulation started.
[CoppeliaSim:warning]   Detected non-default settings (time steps and/or dyn. engine global settings).
Goal signal recieved..
Planning ...
Collision pairs set
goal state set
Using RRT Connect
task setup complete
solving task...
OMPL states:, 200.
path found
valid path found, generating trajectory...
[/UR10/followPath:warning]   module 'matrix' was implicitly loaded.
[/UR10/followPath:warning]   "matrix" module is deprecated. please use simEigen
Trajectory points:, 1000.
Duration:, 3.575226
excecuting path...
current error: , 0.104102
current error: , 0.104102
current error: , 0.020359
current error: , 0.000287
Final error:, 0.001127
Execution successful
[CoppeliaSim:loadinfo]   plugin simRuckig: loading...
[CoppeliaSim:loadinfo]   plugin simRuckig: done.
Goal signal recieved..
Planning ...
Collision pairs set
goal state set
Using RRT Connect
task setup complete
solving task...
OMPL states:, 200.
path found
valid path found, generating trajectory...
Trajectory points:, 1000.
Duration:, 0.260192
excecuting path...
current error: , 0.002084
Final error:, 0.002084
Execution successful
Goal signal recieved..
Planning ...
Collision pairs set
goal state set
Using RRT Connect
task setup complete
solving task...
OMPL states:, 200.
path found
valid path found, generating trajectory...
Trajectory points:, 1000.
Duration:, 1.694018
excecuting path...
current error: , 0.003491
Final error:, 0.003491
Execution successful
Goal signal recieved..
Planning ...
Collision pairs set
goal state set
Using RRT Connect
task setup complete
solving task...
OMPL states:, 200.
path found
valid path found, generating trajectory...
Trajectory points:, 1000.
Duration:, 0.252356
excecuting path...
current error: , 0.002152
Final error:, 0.002152
Execution successful
Goal signal recieved..
Planning ...
Collision pairs set
goal state set
Using RRT Connect
task setup complete
solving task...
OMPL states:, 200.
path found
valid path found, generating trajectory...
Trajectory points:, 1000.
Duration:, 1.693867
excecuting path...
current error: , 0.002015
Final error:, 0.002015
Execution successful
Goal signal recieved..
Planning ...
Collision pairs set
goal state set
Using RRT Connect
task setup complete
solving task...
OMPL states:, 200.
path found
valid path found, generating trajectory...
Trajectory points:, 1000.
Duration:, 0.261173
excecuting path...
current error: , 0.002504
Final error:, 0.002504
Execution successful
Goal signal recieved..
Planning ...
Collision pairs set
goal state set
Using RRT Connect
task setup complete
solving task...
OMPL states:, 200.
path found
valid path found, generating trajectory...
Trajectory points:, 1000.
Duration:, 1.693082
excecuting path...
current error: , 0.001984
Final error:, 0.001984
Execution successful
Goal signal recieved..
Planning ...
Collision pairs set
goal state set
Using RRT Connect
task setup complete
solving task...
OMPL states:, 200.
path found
valid path found, generating trajectory...
Trajectory points:, 1000.
Duration:, 0.265992
excecuting path...
current error: , 0.003122
Final error:, 0.003122
Execution successful
Goal signal recieved..
Planning ...
Collision pairs set
goal state set
Using RRT Connect
task setup complete
solving task...
OMPL states:, 200.
path found
valid path found, generating trajectory...
Trajectory points:, 1000.
Duration:, 1.693528
excecuting path...
current error: , 0.002046
Final error:, 0.002046
Execution successful
Goal signal recieved..
Planning ...
Collision pairs set
goal state set
Using RRT Connect
task setup complete
solving task...
OMPL states:, 200.
path found
valid path found, generating trajectory...
Trajectory points:, 1000.
Duration:, 0.244838
excecuting path...
current error: , 0.002221
Final error:, 0.002221
Execution successful
Goal signal recieved..
Planning ...
Collision pairs set
goal state set
Using RRT Connect
task setup complete
solving task...
OMPL states:, 200.
path found
valid path found, generating trajectory...
Trajectory points:, 1000.
Duration:, 1.691438
excecuting path...
current error: , 0.001878
Final error:, 0.001878
Execution successful
Goal signal recieved..
Planning ...
Collision pairs set
goal state set
Using RRT Connect
task setup complete
solving task...
OMPL states:, 200.
path found
valid path found, generating trajectory...
Trajectory points:, 1000.
Duration:, 0.259461
excecuting path...
current error: , 0.003371
Final error:, 0.003371
Execution successful
Goal signal recieved..
Planning ...
Collision pairs set
goal state set
Using RRT Connect
task setup complete
solving task...
OMPL states:, 200.
path found
valid path found, generating trajectory...
Trajectory points:, 1000.
Duration:, 1.693603
excecuting path...
current error: , 0.002426
Final error:, 0.002426
Execution successful
Goal signal recieved..
Planning ...
Collision pairs set
goal state set
Using RRT Connect
task setup complete
solving task...
OMPL states:, 200.
path found
valid path found, generating trajectory...
Trajectory points:, 1000.
Duration:, 0.259563
excecuting path...
current error: , 0.003087
Final error:, 0.003087
Execution successful
Goal signal recieved..
Planning ...
Collision pairs set
goal state set
Using RRT Connect
task setup complete
solving task...
OMPL states:, 200.
path found
valid path found, generating trajectory...
Trajectory points:, 1000.
Duration:, 1.693354
excecuting path...
current error: , 0.001673
Final error:, 0.001673
Execution successful
Goal signal recieved..
Planning ...
Collision pairs set
goal state set
Using RRT Connect
task setup complete
solving task...
OMPL states:, 200.
path found
valid path found, generating trajectory...
Trajectory points:, 1000.
Duration:, 0.260171
excecuting path...
current error: , 0.002428
Final error:, 0.002428
Execution successful
Goal signal recieved..
Planning ...
Collision pairs set
goal state set
Using RRT Connect
task setup complete
solving task...
OMPL states:, 200.
path found
valid path found, generating trajectory...
Trajectory points:, 1000.
Duration:, 1.693372
excecuting path...
current error: , 0.001381
Final error:, 0.001381
Execution successful
Goal signal recieved..
Planning ...
Collision pairs set
goal state set
Using RRT Connect
task setup complete
solving task...
OMPL states:, 200.
path found
valid path found, generating trajectory...
Trajectory points:, 1000.
Duration:, 0.258685
excecuting path...
current error: , 0.002545
Final error:, 0.002545
Execution successful
Goal signal recieved..
Planning ...
Collision pairs set
goal state set
Using RRT Connect
task setup complete
solving task...
OMPL states:, 200.
path found
valid path found, generating trajectory...
Trajectory points:, 1000.
Duration:, 1.693598
excecuting path...
current error: , 0.001673
Final error:, 0.001673
Execution successful
Goal signal recieved..
Planning ...
Collision pairs set
goal state set
Using RRT Connect
task setup complete
solving task...
OMPL states:, 200.
path found
valid path found, generating trajectory...
Trajectory points:, 1000.
Duration:, 0.263723
excecuting path...
current error: , 0.002437
Final error:, 0.002437
Execution successful
Goal signal recieved..
Planning ...
Collision pairs set
goal state set
Using RRT Connect
task setup complete
solving task...
OMPL states:, 200.
path found
valid path found, generating trajectory...
Trajectory points:, 1000.
Duration:, 1.694163
excecuting path...
current error: , 0.001591
Final error:, 0.001591
Execution successful
Goal signal recieved..
Planning ...
Collision pairs set
goal state set
Using RRT Connect
task setup complete
solving task...
OMPL states:, 200.
path found
valid path found, generating trajectory...
Trajectory points:, 1000.
Duration:, 0.261021
excecuting path...
current error: , 0.002604
Final error:, 0.002604
Execution successful
Goal signal recieved..
Planning ...
Collision pairs set
goal state set
Using RRT Connect
task setup complete
solving task...
OMPL states:, 200.
path found
valid path found, generating trajectory...
Trajectory points:, 1000.
Duration:, 1.693703
excecuting path...
current error: , 0.001713
Final error:, 0.001713
Execution successful
Goal signal recieved..
Planning ...
Collision pairs set
goal state set
Using RRT Connect
task setup complete
solving task...
OMPL states:, 200.
path found
valid path found, generating trajectory...
Trajectory points:, 1000.
Duration:, 0.252684
excecuting path...
current error: , 0.0023
Final error:, 0.0023
Execution successful
Goal signal recieved..
Planning ...
Collision pairs set
goal state set
Using RRT Connect
task setup complete
solving task...
OMPL states:, 200.
path found
valid path found, generating trajectory...
Trajectory points:, 1000.
Duration:, 1.692716
excecuting path...
current error: , 0.001734
Final error:, 0.001734
Execution successful
Goal signal recieved..
Planning ...
Collision pairs set
goal state set
Using RRT Connect
task setup complete
solving task...
OMPL states:, 200.
path found
valid path found, generating trajectory...
Trajectory points:, 1000.
Duration:, 0.260073
excecuting path...
current error: , 0.002565
Final error:, 0.002565
Execution successful
Goal signal recieved..
Planning ...
Collision pairs set
goal state set
Using RRT Connect
task setup complete
solving task...
OMPL states:, 200.
path found
valid path found, generating trajectory...
Trajectory points:, 1000.
Duration:, 1.693301
excecuting path...
current error: , 0.002167
Final error:, 0.002167
Execution successful
Goal signal recieved..
Planning ...
Collision pairs set
goal state set
Using RRT Connect
task setup complete
solving task...
OMPL states:, 200.
path found
valid path found, generating trajectory...
Trajectory points:, 1000.
Duration:, 0.252606
excecuting path...
current error: , 0.0021
Final error:, 0.0021
Execution successful
Goal signal recieved..
Planning ...
Collision pairs set
goal state set
Using RRT Connect
task setup complete
solving task...
OMPL states:, 200.
path found
valid path found, generating trajectory...
Trajectory points:, 1000.
Duration:, 1.695191
excecuting path...
current error: , 0.002335
Final error:, 0.002335
Execution successful
Goal signal recieved..
Planning ...
Collision pairs set
goal state set
Using RRT Connect
task setup complete
solving task...
OMPL states:, 200.
path found
valid path found, generating trajectory...
Trajectory points:, 1000.
Duration:, 0.272463
excecuting path...
current error: , 0.003373
Final error:, 0.003373
Execution successful
[sandboxScript:info]   Simulation stopping...
[sandboxScript:info]   Simulation stopped.
[sandboxScript:info]   Simulation started.
[CoppeliaSim:warning]   Detected non-default settings (time steps and/or dyn. engine global settings).
Goal signal recieved..
Planning ...
Collision pairs set
goal state set
Using RRT Connect
task setup complete
solving task...
OMPL states:, 200.
path found
valid path found, generating trajectory...
Trajectory points:, 1000.
Duration:, 3.402378
excecuting path...
current error: , 0.014698
Final error:, 0.014698
Execution successful
Goal signal recieved..
Planning ...
Collision pairs set
goal state set
Using RRT Connect
task setup complete
solving task...
OMPL states:, 200.
path found
valid path found, generating trajectory...
Trajectory points:, 1000.
Duration:, 8.681268
excecuting path...
current error: , 0.784177
current error: , 0.784177
current error: , 0.700133
current error: , 0.616243
current error: , 0.532285
current error: , 0.448396
current error: , 0.364469
current error: , 0.280534
current error: , 0.196654
current error: , 0.112762
current error: , 0.029238
current error: , 0.002865
Final error:, 0.001175
Execution successful
Goal signal recieved..
Planning ...
Collision pairs set
goal state set
Using RRT Connect
task setup complete
solving task...
OMPL states:, 200.
path found
valid path found, generating trajectory...
Trajectory points:, 1000.
Duration:, 6.698829
excecuting path...
current error: , 0.103024
current error: , 0.103024
current error: , 0.022232
current error: , 0.003151
Final error:, 0.002172
Execution successful
Goal signal recieved..
Planning ...
Collision pairs set
goal state set
Using RRT Connect
task setup complete
solving task...
OMPL states:, 200.
path found
valid path found, generating trajectory...
Trajectory points:, 1000.
Duration:, 3.475306
excecuting path...
current error: , 0.083497
current error: , 0.083497
current error: , 0.012706
Final error:, 0.001836
Execution successful
Goal signal recieved..
Planning ...
Collision pairs set
goal state set
Using RRT Connect
task setup complete
solving task...
OMPL states:, 200.
path found
valid path found, generating trajectory...
Trajectory points:, 1000.
Duration:, 3.49212
excecuting path...
current error: , 0.075006
current error: , 0.075006
current error: , 0.010517
Final error:, 0.002245
Execution successful
Goal signal recieved..
Planning ...
Collision pairs set
goal state set
Using RRT Connect
task setup complete
solving task...
OMPL states:, 200.
path found
valid path found, generating trajectory...
Trajectory points:, 1000.
Duration:, 3.491554
excecuting path...
current error: , 0.080414
current error: , 0.080414
current error: , 0.01143
Final error:, 0.001727
Execution successful
Goal signal recieved..
Planning ...
Collision pairs set
goal state set
Using RRT Connect
task setup complete
solving task...
OMPL states:, 200.
path found
valid path found, generating trajectory...
Trajectory points:, 1000.
Duration:, 3.492566
excecuting path...
current error: , 0.079815
current error: , 0.079815
current error: , 0.011213
Final error:, 0.001805
Execution successful
Goal signal recieved..
Planning ...
Collision pairs set
goal state set
Using RRT Connect
task setup complete
solving task...
OMPL states:, 200.
path found
valid path found, generating trajectory...
Trajectory points:, 1000.
Duration:, 3.492435
excecuting path...
current error: , 0.08059
current error: , 0.08059
current error: , 0.011426
Final error:, 0.001663
Execution successful
Goal signal recieved..
Planning ...
Collision pairs set
goal state set
Using RRT Connect
task setup complete
solving task...
OMPL states:, 200.
path found
valid path found, generating trajectory...
Trajectory points:, 1000.
Duration:, 3.491984
excecuting path...
current error: , 0.079395
current error: , 0.079395
current error: , 0.011052
Final error:, 0.001646
Execution successful
Goal signal recieved..
Planning ...
Collision pairs set
goal state set
Using RRT Connect
task setup complete
solving task...
OMPL states:, 200.
path found
valid path found, generating trajectory...
Trajectory points:, 1000.
Duration:, 3.492175
excecuting path...
current error: , 0.081709
current error: , 0.081709
current error: , 0.011876
Final error:, 0.001729
Execution successful
Goal signal recieved..
Planning ...
Collision pairs set
goal state set
Using RRT Connect
task setup complete
solving task...
OMPL states:, 200.
path found
valid path found, generating trajectory...
Trajectory points:, 1000.
Duration:, 3.492927
excecuting path...
current error: , 0.075338
current error: , 0.075338
current error: , 0.009798
Final error:, 0.001867
Execution successful
Goal signal recieved..
Planning ...
Collision pairs set
goal state set
Using RRT Connect
task setup complete
solving task...
OMPL states:, 200.
path found
valid path found, generating trajectory...
Trajectory points:, 1000.
Duration:, 3.493085
excecuting path...
current error: , 0.105572
current error: , 0.105572
current error: , 0.024388
current error: , 0.003399
Final error:, 0.002138
Execution successful
Goal signal recieved..
Planning ...
Collision pairs set
goal state set
Using RRT Connect
task setup complete
solving task...
OMPL states:, 200.
path found
valid path found, generating trajectory...
Trajectory points:, 1000.
Duration:, 3.491618
excecuting path...
current error: , 0.102007
current error: , 0.102007
current error: , 0.021852
current error: , 0.003213
Final error:, 0.001946
Execution successful
Goal signal recieved..
Planning ...
Collision pairs set
goal state set
Using RRT Connect
task setup complete
solving task...
OMPL states:, 200.
path found
valid path found, generating trajectory...
Trajectory points:, 1000.
Duration:, 3.491899
excecuting path...
current error: , 0.10368
current error: , 0.10368
current error: , 0.022943
current error: , 0.003443
Final error:, 0.002
Execution successful
Goal signal recieved..
Planning ...
Collision pairs set
goal state set
Using RRT Connect
task setup complete
solving task...
OMPL states:, 200.
path found
valid path found, generating trajectory...
Trajectory points:, 1000.
Duration:, 3.492727
excecuting path...
current error: , 0.10336
current error: , 0.10336
current error: , 0.022905
current error: , 0.003281
Final error:, 0.00202
Execution successful
Goal signal recieved..
Planning ...
Collision pairs set
goal state set
Using RRT Connect
task setup complete
solving task...
OMPL states:, 200.
path found
valid path found, generating trajectory...
Trajectory points:, 1000.
Duration:, 3.49176
excecuting path...
current error: , 0.103657
current error: , 0.103657
current error: , 0.023024
current error: , 0.003225
Final error:, 0.002
Execution successful
Goal signal recieved..
Planning ...
Collision pairs set
goal state set
Using RRT Connect
task setup complete
solving task...
OMPL states:, 200.
path found
valid path found, generating trajectory...
Trajectory points:, 1000.
Duration:, 3.491035
excecuting path...
current error: , 0.101326
current error: , 0.101326
current error: , 0.021451
current error: , 0.002998
Final error:, 0.001898
Execution successful
Goal signal recieved..
Planning ...
Collision pairs set
goal state set
Using RRT Connect
task setup complete
solving task...
OMPL states:, 200.
path found
valid path found, generating trajectory...
Trajectory points:, 1000.
Duration:, 3.490953
excecuting path...
current error: , 0.102179
current error: , 0.102179
current error: , 0.022136
current error: , 0.002909
Final error:, 0.001756
Execution successful
Goal signal recieved..
Planning ...
Collision pairs set
goal state set
Using RRT Connect
task setup complete
solving task...
OMPL states:, 200.
path found
valid path found, generating trajectory...
Trajectory points:, 1000.
Duration:, 3.49133
excecuting path...
current error: , 0.073931
current error: , 0.073931
current error: , 0.009393
Final error:, 0.00169
Execution successful
Goal signal recieved..
Planning ...
Collision pairs set
goal state set
Using RRT Connect
task setup complete
solving task...
OMPL states:, 200.
path found
valid path found, generating trajectory...
Trajectory points:, 1000.
Duration:, 3.491542
excecuting path...
current error: , 0.048569
current error: , 0.048569
current error: , 0.004626
Final error:, 0.001018
Execution successful
Goal signal recieved..
Planning ...
Collision pairs set
goal state set
Using RRT Connect
task setup complete
solving task...
OMPL states:, 200.
path found
valid path found, generating trajectory...
Trajectory points:, 1000.
Duration:, 3.492109
excecuting path...
current error: , 0.10246
current error: , 0.10246
current error: , 0.022174
current error: , 0.003294
Final error:, 0.001949
Execution successful
Goal signal recieved..
Planning ...
Collision pairs set
goal state set
Using RRT Connect
task setup complete
solving task...
OMPL states:, 200.
path found
valid path found, generating trajectory...
Trajectory points:, 1000.
Duration:, 3.491921
excecuting path...
current error: , 0.080586
current error: , 0.080586
current error: , 0.011368
Final error:, 0.001672
Execution successful
Goal signal recieved..
Planning ...
Collision pairs set
goal state set
Using RRT Connect
task setup complete
solving task...
OMPL states:, 200.
path found
valid path found, generating trajectory...
Trajectory points:, 1000.
Duration:, 3.492109
excecuting path...
current error: , 0.079607
current error: , 0.079607
current error: , 0.011798
Final error:, 0.002638
Execution successful
Goal signal recieved..
Planning ...
Collision pairs set
goal state set
Using RRT Connect
task setup complete
solving task...
OMPL states:, 200.
path found
valid path found, generating trajectory...
Trajectory points:, 1000.
Duration:, 3.492903
excecuting path...
current error: , 0.082365
current error: , 0.082365
current error: , 0.012209
Final error:, 0.001551
Execution successful
Goal signal recieved..
Planning ...
Collision pairs set
goal state set
Using RRT Connect
task setup complete
solving task...
OMPL states:, 200.
path found
valid path found, generating trajectory...
Trajectory points:, 1000.
Duration:, 3.493828
excecuting path...
current error: , 0.081326
current error: , 0.081326
current error: , 0.011712
Final error:, 0.001773
Execution successful
Goal signal recieved..
Planning ...
Collision pairs set
goal state set
Using RRT Connect
task setup complete
solving task...
OMPL states:, 200.
path found
valid path found, generating trajectory...
Trajectory points:, 1000.
Duration:, 3.49673
excecuting path...
current error: , 0.086655
current error: , 0.086655
current error: , 0.013809
Final error:, 0.001962
Execution successful
Goal signal recieved..
Planning ...
Collision pairs set
goal state set
Using RRT Connect
task setup complete
solving task...
OMPL states:, 200.
path found
valid path found, generating trajectory...
Trajectory points:, 1000.
Duration:, 3.496172
excecuting path...
current error: , 0.084483
current error: , 0.084483
current error: , 0.012856
Final error:, 0.001908
Execution successful
Goal signal recieved..
Planning ...
Collision pairs set
goal state set
Using RRT Connect
task setup complete
solving task...
OMPL states:, 200.
path found
valid path found, generating trajectory...
Trajectory points:, 1000.
Duration:, 3.489192
excecuting path...
current error: , 0.077024
current error: , 0.077024
current error: , 0.010422
Final error:, 0.001662
Execution successful
Goal signal recieved..
Planning ...
Collision pairs set
goal state set
Using RRT Connect
task setup complete
solving task...
OMPL states:, 200.
path found
valid path found, generating trajectory...
Trajectory points:, 1000.
Duration:, 3.489842
excecuting path...
current error: , 0.076429
current error: , 0.076429
current error: , 0.010056
Final error:, 0.001554
Execution successful
Goal signal recieved..
Planning ...
Collision pairs set
goal state set
Using RRT Connect
task setup complete
solving task...
OMPL states:, 200.
path found
valid path found, generating trajectory...
Trajectory points:, 1000.
Duration:, 3.492333
excecuting path...
current error: , 0.081774
current error: , 0.081774
current error: , 0.01182
Final error:, 0.001822
Execution successful
[sandboxScript:info]   Simulation stopping...
[sandboxScript:info]   Simulation stopped.
[sandboxScript:info]   Simulation started.
[CoppeliaSim:warning]   Detected non-default settings (time steps and/or dyn. engine global settings).
Goal signal recieved..
Planning ...
Collision pairs set
goal state set
Using RRT Connect
task setup complete
solving task...
OMPL states:, 200.
path found
valid path found, generating trajectory...
Trajectory points:, 1000.
Duration:, 3.575109
excecuting path...
current error: , 0.104
current error: , 0.104
current error: , 0.020121
current error: , 0.000499
Final error:, 0.000853
Execution successful
Goal signal recieved..
Planning ...
Collision pairs set
goal state set
Using RRT Connect
task setup complete
solving task...
OMPL states:, 200.
path found
valid path found, generating trajectory...
Trajectory points:, 1000.
Duration:, 4.57244
excecuting path...
current error: , 0.001753
Final error:, 0.001753
Execution successful
Goal signal recieved..
Planning ...
Collision pairs set
goal state set
Using RRT Connect
task setup complete
solving task...
OMPL states:, 200.
path found
valid path found, generating trajectory...
Trajectory points:, 1000.
Duration:, 3.221589
excecuting path...
current error: , 0.003644
Final error:, 0.003644
Execution successful
Goal signal recieved..
Planning ...
Collision pairs set
goal state set
Using RRT Connect
task setup complete
solving task...
OMPL states:, 200.
path found
valid path found, generating trajectory...
Trajectory points:, 1000.
Duration:, 6.822606
excecuting path...
current error: , 0.040924
current error: , 0.040924
current error: , 0.004611
Final error:, 0.002193
Execution successful
Goal signal recieved..
Planning ...
Collision pairs set
goal state set
Using RRT Connect
task setup complete
solving task...
OMPL states:, 200.
path found
valid path found, generating trajectory...
Trajectory points:, 1000.
Duration:, 3.324674
excecuting path...
current error: , 0.020298
current error: , 0.020298
current error: , 0.002743
Final error:, 0.002034
Execution successful
Goal signal recieved..
Planning ...
Collision pairs set
goal state set
Using RRT Connect
task setup complete
solving task...
OMPL states:, 200.
path found
valid path found, generating trajectory...
Trajectory points:, 1000.
Duration:, 3.317469
excecuting path...
current error: , 0.017414
Final error:, 0.017414
Execution successful
[sandboxScript:info]   Simulation stopping...
[sandboxScript:info]   Simulation stopped.
[sandboxScript:info]   Simulation started.
[CoppeliaSim:warning]   Detected non-default settings (time steps and/or dyn. engine global settings).
Goal signal recieved..
Planning ...
Collision pairs set
goal state set
Using RRT Connect
task setup complete
solving task...
OMPL states:, 200.
path found
valid path found, generating trajectory...
Trajectory points:, 1000.
Duration:, 3.574924
excecuting path...
current error: , 0.074299
current error: , 0.074299
current error: , 0.007253
Final error:, 0.000443
Execution successful
Goal signal recieved..
Planning ...
Collision pairs set
goal state set
Using RRT Connect
task setup complete
solving task...
OMPL states:, 200.
path found
valid path found, generating trajectory...
Trajectory points:, 1000.
Duration:, 11.253438
excecuting path...
current error: , 2.593644
current error: , 2.593644
current error: , 2.492057
current error: , 2.392005
current error: , 2.293715
current error: , 2.197263
current error: , 2.102999
current error: , 2.01126
current error: , 1.922286
current error: , 1.836765
current error: , 1.75282
current error: , 1.668949
current error: , 1.585092
current error: , 1.501228
current error: , 1.417342
current error: , 1.333447
current error: , 1.249546
current error: , 1.165639
current error: , 1.081755
current error: , 0.997911
current error: , 0.914079
current error: , 0.83026
current error: , 0.746415
current error: , 0.662585
current error: , 0.578721
current error: , 0.494865
current error: , 0.411016
current error: , 0.327286
current error: , 0.243517
current error: , 0.159783
current error: , 0.076022
current error: , 0.010459
Final error:, 0.002168
Execution successful
Goal signal recieved..
Planning ...
Collision pairs set
goal state set
Using RRT Connect
task setup complete
solving task...
OMPL states:, 200.
path found
valid path found, generating trajectory...
Trajectory points:, 1000.
Duration:, 7.821979
excecuting path...
current error: , 0.004233
Final error:, 0.004233
Execution successful
Goal signal recieved..
Planning ...
Collision pairs set
goal state set
Using RRT Connect
task setup complete
solving task...
OMPL states:, 200.
path found
valid path found, generating trajectory...
Trajectory points:, 1000.
Duration:, 6.428922
excecuting path...
current error: , 0.001895
Final error:, 0.001895
Execution successful
Goal signal recieved..
Planning ...
Collision pairs set
goal state set
Using RRT Connect
task setup complete
solving task...
OMPL states:, 200.
path found
valid path found, generating trajectory...
Trajectory points:, 1000.
Duration:, 3.909604
excecuting path...
current error: , 0.33119
current error: , 0.33119
current error: , 0.247418
current error: , 0.163635
current error: , 0.079892
current error: , 0.011154
Final error:, 0.002147
Execution successful
Goal signal recieved..
Planning ...
Collision pairs set
goal state set
Using RRT Connect
task setup complete
solving task...
OMPL states:, 200.
path found
valid path found, generating trajectory...
Trajectory points:, 1000.
Duration:, 3.909422
excecuting path...
current error: , 0.335021
current error: , 0.335021
current error: , 0.251339
current error: , 0.167623
current error: , 0.083886
current error: , 0.01247
Final error:, 0.001818
Execution successful
Goal signal recieved..
Planning ...
Collision pairs set
goal state set
Using RRT Connect
task setup complete
solving task...
OMPL states:, 200.
path found
valid path found, generating trajectory...
Trajectory points:, 1000.
Duration:, 3.909603
excecuting path...
current error: , 0.330962
current error: , 0.330962
current error: , 0.247175
current error: , 0.163391
current error: , 0.079591
current error: , 0.011051
Final error:, 0.001752
Execution successful
Goal signal recieved..
Planning ...
Collision pairs set
goal state set
Using RRT Connect
task setup complete
solving task...
Goal signal recieved..
Planning ...
Collision pairs set
goal state set
Using RRT Connect
task setup complete
solving task...
OMPL states:, 200.
path found
valid path found, generating trajectory...
Trajectory points:, 1000.
Duration:, 3.909574
excecuting path...
current error: , 0.335717
current error: , 0.335717
current error: , 0.251999
current error: , 0.168298
current error: , 0.0846
current error: , 0.012772
Final error:, 0.001681
Execution successful
Goal signal recieved..
Planning ...
Collision pairs set
goal state set
Using RRT Connect
task setup complete
solving task...
OMPL states:, 200.
path found
valid path found, generating trajectory...
Trajectory points:, 1000.
Duration:, 3.909887
excecuting path...
current error: , 0.331624
current error: , 0.331624
current error: , 0.247834
current error: , 0.16408
current error: , 0.080363
current error: , 0.011246
Final error:, 0.001741
Execution successful
Goal signal recieved..
Planning ...
Collision pairs set
goal state set
Using RRT Connect
task setup complete
solving task...
OMPL states:, 200.
path found
valid path found, generating trajectory...
Trajectory points:, 1000.
Duration:, 3.909869
excecuting path...
current error: , 0.331193
current error: , 0.331193
current error: , 0.247513
current error: , 0.163848
current error: , 0.08019
current error: , 0.011198
Final error:, 0.001508
Execution successful
Goal signal recieved..
Planning ...
Collision pairs set
goal state set
Using RRT Connect
task setup complete
solving task...
OMPL states:, 200.
path found
valid path found, generating trajectory...
Trajectory points:, 1000.
Duration:, 3.90932
excecuting path...
current error: , 0.354237
current error: , 0.354237
current error: , 0.270438
current error: , 0.186676
current error: , 0.102926
current error: , 0.022372
current error: , 0.003983
Final error:, 0.002808
Execution successful
Goal signal recieved..
Planning ...
Collision pairs set
goal state set
Using RRT Connect
task setup complete
solving task...
OMPL states:, 200.
path found
valid path found, generating trajectory...
Trajectory points:, 1000.
Duration:, 3.908211
excecuting path...
current error: , 0.357098
current error: , 0.357098
current error: , 0.273377
current error: , 0.189707
current error: , 0.106042
current error: , 0.024472
current error: , 0.003823
Final error:, 0.002433
Execution successful
Goal signal recieved..
Planning ...
Collision pairs set
goal state set
Using RRT Connect
task setup complete
solving task...
OMPL states:, 200.
path found
valid path found, generating trajectory...
Trajectory points:, 1000.
Duration:, 3.908776
excecuting path...
current error: , 0.353481
current error: , 0.353481
current error: , 0.269693
current error: , 0.185912
current error: , 0.102168
current error: , 0.021981
current error: , 0.003965
Final error:, 0.002991
Execution successful
Goal signal recieved..
Planning ...
Collision pairs set
goal state set
Using RRT Connect
task setup complete
solving task...
OMPL states:, 200.
path found
valid path found, generating trajectory...
Trajectory points:, 1000.
Duration:, 3.908555
excecuting path...
current error: , 0.3298
current error: , 0.3298
current error: , 0.246091
current error: , 0.162437
current error: , 0.078692
current error: , 0.010744
Final error:, 0.001639
Execution successful
Goal signal recieved..
Planning ...
Collision pairs set
goal state set
Using RRT Connect
task setup complete
solving task...
OMPL states:, 200.
path found
valid path found, generating trajectory...
Trajectory points:, 1000.
Duration:, 3.909474
excecuting path...
current error: , 0.354865
current error: , 0.354865
current error: , 0.271115
current error: , 0.18729
current error: , 0.103521
current error: , 0.022811
current error: , 0.003836
Final error:, 0.002716
Execution successful
Goal signal recieved..
Planning ...
Collision pairs set
goal state set
Using RRT Connect
task setup complete
solving task...
OMPL states:, 200.
path found
valid path found, generating trajectory...
Trajectory points:, 1000.
Duration:, 3.908509
excecuting path...
current error: , 0.357403
current error: , 0.357403
current error: , 0.273681
current error: , 0.189971
current error: , 0.106273
current error: , 0.024578
current error: , 0.003804
Final error:, 0.002615
Execution successful
Goal signal recieved..
Planning ...
Collision pairs set
goal state set
Using RRT Connect
task setup complete
solving task...
OMPL states:, 200.
path found
valid path found, generating trajectory...
Trajectory points:, 1000.
Duration:, 3.908763
excecuting path...
current error: , 0.353304
current error: , 0.353304
current error: , 0.269515
current error: , 0.18571
current error: , 0.101916
current error: , 0.021762
current error: , 0.003831
Final error:, 0.002841
Execution successful
Goal signal recieved..
Planning ...
Collision pairs set
goal state set
Using RRT Connect
task setup complete
solving task...
OMPL states:, 200.
path found
valid path found, generating trajectory...
Trajectory points:, 1000.
Duration:, 3.908491
excecuting path...
current error: , 0.357408
current error: , 0.357408
current error: , 0.273704
current error: , 0.190007
current error: , 0.106354
current error: , 0.024651
current error: , 0.004056
Final error:, 0.002553
Execution successful
Goal signal recieved..
Planning ...
Collision pairs set
goal state set
Using RRT Connect
task setup complete
solving task...
OMPL states:, 200.
path found
valid path found, generating trajectory...
Trajectory points:, 1000.
Duration:, 3.908612
excecuting path...
current error: , 0.353626
current error: , 0.353626
current error: , 0.26985
current error: , 0.186126
current error: , 0.102402
current error: , 0.02205
current error: , 0.003758
Final error:, 0.002931
Execution successful
Goal signal recieved..
Planning ...
Collision pairs set
goal state set
Using RRT Connect
task setup complete
solving task...
OMPL states:, 200.
path found
valid path found, generating trajectory...
Trajectory points:, 1000.
Duration:, 3.908431
excecuting path...
current error: , 0.333996
current error: , 0.333996
current error: , 0.250299
current error: , 0.166625
current error: , 0.082952
current error: , 0.012103
Final error:, 0.001808
Execution successful
Goal signal recieved..
Planning ...
Collision pairs set
goal state set
Using RRT Connect
task setup complete
solving task...
OMPL states:, 200.
path found
valid path found, generating trajectory...
Trajectory points:, 1000.
Duration:, 3.909422
excecuting path...
current error: , 0.330994
current error: , 0.330994
current error: , 0.247222
current error: , 0.163476
current error: , 0.079732
current error: , 0.011144
Final error:, 0.002037
Execution successful
Goal signal recieved..
Planning ...
Collision pairs set
goal state set
Using RRT Connect
task setup complete
solving task...
OMPL states:, 200.
path found
valid path found, generating trajectory...
Trajectory points:, 1000.
Duration:, 3.909346
excecuting path...
current error: , 0.335767
current error: , 0.335767
current error: , 0.252045
current error: , 0.168347
current error: , 0.08465
current error: , 0.012768
Final error:, 0.001809
Execution successful
Goal signal recieved..
Planning ...
Collision pairs set
goal state set
Using RRT Connect
task setup complete
solving task...
OMPL states:, 200.
path found
valid path found, generating trajectory...
Trajectory points:, 1000.
Duration:, 3.909244
excecuting path...
current error: , 0.330734
current error: , 0.330734
current error: , 0.246943
current error: , 0.163195
current error: , 0.079427
current error: , 0.011022
Final error:, 0.002096
Execution successful
Goal signal recieved..
Planning ...
Collision pairs set
goal state set
Using RRT Connect
task setup complete
solving task...
OMPL states:, 200.
path found
valid path found, generating trajectory...
Trajectory points:, 1000.
Duration:, 3.90875
excecuting path...
current error: , 0.334236
current error: , 0.334236
current error: , 0.250529
current error: , 0.166851
current error: , 0.083156
current error: , 0.012185
Final error:, 0.001525
Execution successful
Goal signal recieved..
Planning ...
Collision pairs set
goal state set
Using RRT Connect
task setup complete
solving task...
OMPL states:, 200.
path found
valid path found, generating trajectory...
Trajectory points:, 1000.
Duration:, 3.90904
excecuting path...
current error: , 0.302993
current error: , 0.302993
current error: , 0.219144
current error: , 0.13538
current error: , 0.051622
current error: , 0.005123
Final error:, 0.001463
Execution successful
Goal signal recieved..
Planning ...
Collision pairs set
goal state set
Using RRT Connect
task setup complete
solving task...
OMPL states:, 200.
path found
valid path found, generating trajectory...
Trajectory points:, 1000.
Duration:, 3.909458
excecuting path...
current error: , 0.335408
current error: , 0.335408
current error: , 0.251683
current error: , 0.168026
current error: , 0.08436
current error: , 0.012638
Final error:, 0.001621
Execution successful
Goal signal recieved..
Planning ...
Collision pairs set
goal state set
Using RRT Connect
task setup complete
solving task...
OMPL states:, 200.
path found
valid path found, generating trajectory...
Trajectory points:, 1000.
Duration:, 3.909527
excecuting path...
current error: , 0.33114
current error: , 0.33114
current error: , 0.24733
current error: , 0.163577
current error: , 0.079765
current error: , 0.011141
Final error:, 0.002028
Execution successful
Goal signal recieved..
Planning ...
Collision pairs set
goal state set
Using RRT Connect
task setup complete
solving task...
OMPL states:, 200.
path found
valid path found, generating trajectory...
Trajectory points:, 1000.
Duration:, 3.909525
excecuting path...
current error: , 0.335215
current error: , 0.335215
current error: , 0.251471
current error: , 0.167744
current error: , 0.083994
current error: , 0.012509
Final error:, 0.001874
Execution successful
Goal signal recieved..
Planning ...
Collision pairs set
goal state set
Using RRT Connect
task setup complete
solving task...
OMPL states:, 200.
path found
valid path found, generating trajectory...
Trajectory points:, 1000.
Duration:, 3.909464
excecuting path...
current error: , 0.331431
current error: , 0.331431
current error: , 0.247628
current error: , 0.163859
current error: , 0.080109
current error: , 0.011264
Final error:, 0.002137
Execution successful
Goal signal recieved..
Planning ...
Collision pairs set
goal state set
Using RRT Connect
task setup complete
solving task...
Goal signal recieved..
Planning ...
Collision pairs set
goal state set
Using RRT Connect
task setup complete
solving task...
OMPL states:, 200.
path found
valid path found, generating trajectory...
Trajectory points:, 1000.
Duration:, 3.909517
excecuting path...
current error: , 0.335507
current error: , 0.335507
current error: , 0.251815
current error: , 0.168147
current error: , 0.084466
current error: , 0.012717
Final error:, 0.0018
Execution successful
[sandboxScript:info]   Simulation stopping...
[sandboxScript:info]   Simulation stopped.
[sandboxScript:info]   Simulation started.
[CoppeliaSim:warning]   Detected non-default settings (time steps and/or dyn. engine global settings).
Goal signal recieved..
Planning ...
Collision pairs set
goal state set
Using RRT Connect
task setup complete
solving task...
OMPL states:, 200.
path found
valid path found, generating trajectory...
Trajectory points:, 1000.
Duration:, 3.575051
excecuting path...
current error: , 0.103922
current error: , 0.103922
current error: , 0.020071
current error: , 0.000495
Final error:, 0.000853
Execution successful
Goal signal recieved..
Planning ...
Collision pairs set
goal state set
Using RRT Connect
task setup complete
solving task...
OMPL states:, 200.
path found
valid path found, generating trajectory...
Trajectory points:, 1000.
Duration:, 7.324791
excecuting path...
current error: , 0.541917
current error: , 0.541917
current error: , 0.458226
current error: , 0.374543
current error: , 0.290805
current error: , 0.207123
current error: , 0.123443
current error: , 0.03976
current error: , 0.005778
Final error:, 0.00319
Execution successful
Goal signal recieved..
Planning ...
Collision pairs set
goal state set
Using RRT Connect
task setup complete
solving task...
OMPL states:, 200.
path found
valid path found, generating trajectory...
Trajectory points:, 1000.
Duration:, 10.415068
excecuting path...
current error: , 0.001725
Final error:, 0.001725
Execution successful
Goal signal recieved..
Planning ...
Collision pairs set
goal state set
Using RRT Connect
task setup complete
solving task...
OMPL states:, 200.
path found
valid path found, generating trajectory...
Trajectory points:, 1000.
Duration:, 1.416052
excecuting path...
current error: , 0.003765
Final error:, 0.003765
Execution successful
Goal signal recieved..
Planning ...
Collision pairs set
goal state set
Using RRT Connect
task setup complete
solving task...
OMPL states:, 200.
path found
valid path found, generating trajectory...
Trajectory points:, 1000.
Duration:, 7.3716
excecuting path...
current error: , 0.178788
current error: , 0.178788
current error: , 0.095204
current error: , 0.017856
Final error:, 0.002897
Execution successful
Goal signal recieved..
Planning ...
Collision pairs set
goal state set
Using RRT Connect
task setup complete
solving task...
OMPL states:, 200.
path found
valid path found, generating trajectory...
Trajectory points:, 1000.
Duration:, 3.427785
excecuting path...
current error: , 0.053416
current error: , 0.053416
current error: , 0.005296
Final error:, 0.001189
Execution successful
[sandboxScript:info]   Simulation stopping...
[sandboxScript:info]   Simulation stopped.
[sandboxScript:info]   Simulation started.
[CoppeliaSim:warning]   Detected non-default settings (time steps and/or dyn. engine global settings).
Goal signal recieved..
Planning ...
Collision pairs set
goal state set
Using RRT Connect
task setup complete
solving task...
OMPL states:, 200.
path found
valid path found, generating trajectory...
Trajectory points:, 1000.
Duration:, 3.67647
excecuting path...
current error: , 0.227209
current error: , 0.227209
current error: , 0.114936
current error: , 0.027267
current error: , 0.002672
Final error:, 0.00087
Execution successful
Goal signal recieved..
Planning ...
Collision pairs set
goal state set
Using RRT Connect
task setup complete
solving task...
OMPL states:, 200.
path found
valid path found, generating trajectory...
Trajectory points:, 1000.
Duration:, 0.429926
excecuting path...
current error: , 0.004766
Final error:, 0.004766
Execution successful
Goal signal recieved..
Planning ...
Collision pairs set
goal state set
Using RRT Connect
task setup complete
solving task...
OMPL states:, 200.
path found
valid path found, generating trajectory...
Trajectory points:, 1000.
Duration:, 1.807838
excecuting path...
current error: , 0.002466
Final error:, 0.002466
Execution successful
Goal signal recieved..
Planning ...
Collision pairs set
goal state set
Using RRT Connect
task setup complete
solving task...
OMPL states:, 200.
path found
valid path found, generating trajectory...
Trajectory points:, 1000.
Duration:, 0.363576
excecuting path...
current error: , 0.00342
Final error:, 0.00342
Execution successful
Goal signal recieved..
Planning ...
Collision pairs set
goal state set
Using RRT Connect
task setup complete
solving task...
OMPL states:, 200.
path found
valid path found, generating trajectory...
Trajectory points:, 1000.
Duration:, 3.715881
excecuting path...
current error: , 0.210202
current error: , 0.210202
current error: , 0.126472
current error: , 0.04279
current error: , 0.004299
Final error:, 0.001606
Execution successful
Goal signal recieved..
Planning ...
Collision pairs set
goal state set
Using RRT Connect
task setup complete
solving task...
OMPL states:, 200.
path found
valid path found, generating trajectory...
Trajectory points:, 1000.
Duration:, 3.090971
excecuting path...
current error: , 0.002347
Final error:, 0.002347
Execution successful
Goal signal recieved..
Planning ...
Collision pairs set
goal state set
Using RRT Connect
task setup complete
solving task...
OMPL states:, 200.
path found
valid path found, generating trajectory...
Trajectory points:, 1000.
Duration:, 2.23516
excecuting path...
current error: , 0.003248
Final error:, 0.003248
Execution successful
Goal signal recieved..
Planning ...
Collision pairs set
goal state set
Using RRT Connect
task setup complete
solving task...
OMPL states:, 200.
path found
valid path found, generating trajectory...
Trajectory points:, 1000.
Duration:, 8.785274
excecuting path...
current error: , 0.078675
current error: , 0.078675
current error: , 0.01072
Final error:, 0.00167
Execution successful
[sandboxScript:info]   Simulation stopping...
[sandboxScript:info]   Simulation stopped.
[sandboxScript:info]   Simulation started.
[CoppeliaSim:warning]   Detected non-default settings (time steps and/or dyn. engine global settings).
Goal signal recieved..
Planning ...
Collision pairs set
goal state set
Using RRT Connect
task setup complete
solving task...
OMPL states:, 200.
path found
valid path found, generating trajectory...
Trajectory points:, 1000.
Duration:, 3.402919
excecuting path...
current error: , 0.005658
Final error:, 0.005658
Execution successful
Goal signal recieved..
Planning ...
Collision pairs set
goal state set
Using RRT Connect
task setup complete
solving task...
OMPL states:, 200.
path found
valid path found, generating trajectory...
Trajectory points:, 1000.
Duration:, 2.065964
excecuting path...
current error: , 0.004643
Final error:, 0.004643
Execution successful
Goal signal recieved..
Planning ...
Collision pairs set
goal state set
Using RRT Connect
task setup complete
solving task...
OMPL states:, 200.
path found
valid path found, generating trajectory...
Trajectory points:, 1000.
Duration:, 9.596183
excecuting path...
current error: , 0.668749
current error: , 0.668749
current error: , 0.566212
current error: , 0.471387
current error: , 0.386645
current error: , 0.303476
current error: , 0.220603
current error: , 0.137555
current error: , 0.054748
current error: , 0.005693
Final error:, 0.001484
Execution successful
Goal signal recieved..
Planning ...
Collision pairs set
goal state set
Using RRT Connect
task setup complete
solving task...
OMPL states:, 200.
path found
valid path found, generating trajectory...
Trajectory points:, 1000.
Duration:, 9.245758
excecuting path...
current error: , 0.214268
current error: , 0.214268
current error: , 0.130441
current error: , 0.046767
current error: , 0.004829
Final error:, 0.001571
Execution successful
Goal signal recieved..
Planning ...
Collision pairs set
goal state set
Using RRT Connect
task setup complete
solving task...
OMPL states:, 200.
path found
valid path found, generating trajectory...
Trajectory points:, 1000.
Duration:, 3.696962
excecuting path...
current error: , 0.192654
current error: , 0.192654
current error: , 0.108993
current error: , 0.026138
current error: , 0.00224
Final error:, 0.000613
Execution successful
Goal signal recieved..
Planning ...
Collision pairs set
goal state set
Using RRT Connect
task setup complete
solving task...
OMPL states:, 200.
path found
valid path found, generating trajectory...
Trajectory points:, 1000.
Duration:, 3.519424
excecuting path...
current error: , 0.107419
current error: , 0.107419
current error: , 0.025094
current error: , 0.002869
Final error:, 0.001051
Execution successful
Goal signal recieved..
Planning ...
Collision pairs set
goal state set
Using RRT Connect
task setup complete
solving task...
OMPL states:, 200.
path found
valid path found, generating trajectory...
Trajectory points:, 1000.
Duration:, 3.58774
excecuting path...
current error: , 0.135549
current error: , 0.135549
current error: , 0.051847
current error: , 0.004945
Final error:, 0.000862
Execution successful
Goal signal recieved..
Planning ...
Collision pairs set
goal state set
Using RRT Connect
task setup complete
solving task...
OMPL states:, 200.
path found
valid path found, generating trajectory...
Trajectory points:, 1000.
Duration:, 3.534646
excecuting path...
current error: , 0.097688
current error: , 0.097688
current error: , 0.0186
Final error:, 0.001951
Execution successful
Goal signal recieved..
Planning ...
Collision pairs set
goal state set
Using RRT Connect
task setup complete
solving task...
OMPL states:, 200.
path found
valid path found, generating trajectory...
Trajectory points:, 1000.
Duration:, 3.587758
excecuting path...
current error: , 0.136067
current error: , 0.136067
current error: , 0.052379
current error: , 0.004985
Final error:, 0.00081
Execution successful
Goal signal recieved..
Planning ...
Collision pairs set
goal state set
Using RRT Connect
task setup complete
solving task...
Goal signal recieved..
Planning ...
Collision pairs set
goal state set
Using RRT Connect
task setup complete
solving task...
Goal signal recieved..
Planning ...
Collision pairs set
goal state set
Using RRT Connect
task setup complete
solving task...
Goal signal recieved..
Planning ...
Collision pairs set
goal state set
Using RRT Connect
task setup complete
solving task...
OMPL states:, 200.
path found
valid path found, generating trajectory...
Trajectory points:, 1000.
Duration:, 3.53338
excecuting path...
current error: , 0.096451
current error: , 0.096451
current error: , 0.018401
Final error:, 0.002808
Execution successful
Goal signal recieved..
Planning ...
Collision pairs set
goal state set
Using RRT Connect
task setup complete
solving task...
OMPL states:, 200.
path found
valid path found, generating trajectory...
Trajectory points:, 1000.
Duration:, 3.587366
excecuting path...
current error: , 0.159142
current error: , 0.159142
current error: , 0.075426
current error: , 0.010678
Final error:, 0.002554
Execution successful
Goal signal recieved..
Planning ...
Collision pairs set
goal state set
Using RRT Connect
task setup complete
solving task...
OMPL states:, 200.
path found
valid path found, generating trajectory...
Trajectory points:, 1000.
Duration:, 3.533696
excecuting path...
current error: , 0.09226
current error: , 0.09226
current error: , 0.015843
Final error:, 0.001775
Execution successful
Goal signal recieved..
Planning ...
Collision pairs set
goal state set
Using RRT Connect
task setup complete
solving task...
OMPL states:, 200.
path found
valid path found, generating trajectory...
Trajectory points:, 1000.
Duration:, 3.587296
excecuting path...
current error: , 0.159301
current error: , 0.159301
current error: , 0.075567
current error: , 0.010709
Final error:, 0.002539
Execution successful
Goal signal recieved..
Planning ...
Collision pairs set
goal state set
Using RRT Connect
task setup complete
solving task...
OMPL states:, 200.
path found
valid path found, generating trajectory...
Trajectory points:, 1000.
Duration:, 3.532947
excecuting path...
current error: , 0.091014
current error: , 0.091014
current error: , 0.01524
Final error:, 0.001673
Execution successful
Goal signal recieved..
Planning ...
Collision pairs set
goal state set
Using RRT Connect
task setup complete
solving task...
OMPL states:, 200.
path found
valid path found, generating trajectory...
Trajectory points:, 1000.
Duration:, 3.586991
excecuting path...
current error: , 0.158785
current error: , 0.158785
current error: , 0.075077
current error: , 0.010571
Final error:, 0.002553
Execution successful
Goal signal recieved..
Planning ...
Collision pairs set
goal state set
Using RRT Connect
task setup complete
solving task...
Goal signal recieved..
Planning ...
Collision pairs set
goal state set
Using RRT Connect
task setup complete
solving task...
Goal signal recieved..
Planning ...
Collision pairs set
goal state set
Using RRT Connect
task setup complete
solving task...
OMPL states:, 200.
path found
valid path found, generating trajectory...
Trajectory points:, 1000.
Duration:, 6.25093
excecuting path...
current error: , 2.328042
current error: , 2.328042
current error: , 2.244856
current error: , 2.162053
current error: , 2.07898
current error: , 1.995916
current error: , 1.912637
current error: , 1.829293
current error: , 1.746037
current error: , 1.662949
current error: , 1.57991
current error: , 1.49696
current error: , 1.413668
current error: , 1.330682
current error: , 1.247697
current error: , 1.164444
current error: , 1.081251
current error: , 0.998087
current error: , 0.91478
current error: , 0.831712
current error: , 0.748689
current error: , 0.665514
current error: , 0.582376
current error: , 0.499146
current error: , 0.415839
current error: , 0.332666
current error: , 0.249596
current error: , 0.166431
current error: , 0.083423
current error: , 0.012261
Final error:, 0.001455
Execution successful
Goal signal recieved..
Planning ...
Collision pairs set
goal state set
Using RRT Connect
task setup complete
solving task...
OMPL states:, 200.
path found
valid path found, generating trajectory...
Trajectory points:, 1000.
Duration:, 3.587366
excecuting path...
current error: , 0.158763
current error: , 0.158763
current error: , 0.075051
current error: , 0.010567
Final error:, 0.002564
Execution successful
Goal signal recieved..
Planning ...
Collision pairs set
goal state set
Using RRT Connect
task setup complete
solving task...
OMPL states:, 200.
path found
valid path found, generating trajectory...
Trajectory points:, 1000.
Duration:, 3.532732
excecuting path...
current error: , 0.091145
current error: , 0.091145
current error: , 0.015299
Final error:, 0.001572
Execution successful
Goal signal recieved..
Planning ...
Collision pairs set
goal state set
Using RRT Connect
task setup complete
solving task...
OMPL states:, 200.
path found
valid path found, generating trajectory...
Trajectory points:, 1000.
Duration:, 3.587322
excecuting path...
current error: , 0.130839
current error: , 0.130839
current error: , 0.047137
current error: , 0.005515
Final error:, 0.002175
Execution successful
Goal signal recieved..
Planning ...
Collision pairs set
goal state set
Using RRT Connect
task setup complete
solving task...
OMPL states:, 200.
path found
valid path found, generating trajectory...
Trajectory points:, 1000.
Duration:, 3.532806
excecuting path...
current error: , 0.119043
current error: , 0.119043
current error: , 0.035375
current error: , 0.003155
Final error:, 0.001137
Execution successful
Goal signal recieved..
Planning ...
Collision pairs set
goal state set
Using RRT Connect
task setup complete
solving task...
OMPL states:, 200.
path found
valid path found, generating trajectory...
Trajectory points:, 1000.
Duration:, 3.587284
excecuting path...
current error: , 0.135561
current error: , 0.135561
current error: , 0.051817
current error: , 0.006132
Final error:, 0.002301
Execution successful
Goal signal recieved..
Planning ...
Collision pairs set
goal state set
Using RRT Connect
task setup complete
solving task...
OMPL states:, 200.
path found
valid path found, generating trajectory...
Trajectory points:, 1000.
Duration:, 3.532845
excecuting path...
current error: , 0.095647
current error: , 0.095647
current error: , 0.017531
Final error:, 0.002009
Execution successful
Goal signal recieved..
Planning ...
Collision pairs set
goal state set
Using RRT Connect
task setup complete
solving task...
Goal signal recieved..
Planning ...
Collision pairs set
goal state set
Using RRT Connect
task setup complete
solving task...
OMPL states:, 200.
path found
valid path found, generating trajectory...
Trajectory points:, 1000.
Duration:, 3.587064
excecuting path...
current error: , 0.135278
current error: , 0.135278
current error: , 0.051569
current error: , 0.00487
Final error:, 0.000947
Execution successful
Goal signal recieved..
Planning ...
Collision pairs set
goal state set
Using RRT Connect
task setup complete
solving task...
OMPL states:, 200.
path found
valid path found, generating trajectory...
Trajectory points:, 1000.
Duration:, 3.533578
excecuting path...
current error: , 0.09655
current error: , 0.09655
current error: , 0.018017
Final error:, 0.001827
Execution successful
Goal signal recieved..
Planning ...
Collision pairs set
goal state set
Using RRT Connect
task setup complete
solving task...
OMPL states:, 200.
path found
valid path found, generating trajectory...
Trajectory points:, 1000.
Duration:, 3.587623
excecuting path...
current error: , 0.135822
current error: , 0.135822
current error: , 0.052084
current error: , 0.004926
Final error:, 0.000855
Execution successful
Goal signal recieved..
Planning ...
Collision pairs set
goal state set
Using RRT Connect
task setup complete
solving task...
OMPL states:, 200.
path found
valid path found, generating trajectory...
Trajectory points:, 1000.
Duration:, 4.963937
excecuting path...
current error: , 1.185159
current error: , 1.185159
current error: , 1.101978
current error: , 1.018972
current error: , 0.93588
current error: , 0.85269
current error: , 0.769532
current error: , 0.68637
current error: , 0.603205
current error: , 0.520278
current error: , 0.437368
current error: , 0.354374
current error: , 0.271556
current error: , 0.188652
current error: , 0.105676
current error: , 0.024043
current error: , 0.002249
Final error:, 0.000949
Execution successful
Goal signal recieved..
Planning ...
Collision pairs set
goal state set
Using RRT Connect
task setup complete
solving task...
Goal signal recieved..
Planning ...
Collision pairs set
goal state set
Using RRT Connect
task setup complete
solving task...
OMPL states:, 200.
path found
valid path found, generating trajectory...
Trajectory points:, 1000.
Duration:, 3.717392
excecuting path...
current error: , 0.219174
current error: , 0.219174
current error: , 0.135476
current error: , 0.051788
current error: , 0.005139
Final error:, 0.001189
Execution successful
Goal signal recieved..
Planning ...
Collision pairs set
goal state set
Using RRT Connect
task setup complete
solving task...
OMPL states:, 200.
path found
valid path found, generating trajectory...
Trajectory points:, 1000.
Duration:, 3.766647
excecuting path...
current error: , 0.223779
current error: , 0.223779
current error: , 0.139991
current error: , 0.056231
current error: , 0.005405
Final error:, 0.001181
Execution successful
Goal signal recieved..
Planning ...
Collision pairs set
goal state set
Using RRT Connect
task setup complete
solving task...
Goal signal recieved..
Planning ...
Collision pairs set
goal state set
Using RRT Connect
task setup complete
solving task...
OMPL states:, 200.
path found
valid path found, generating trajectory...
Trajectory points:, 1000.
Duration:, 3.717949
excecuting path...
current error: , 0.219722
current error: , 0.219722
current error: , 0.136007
current error: , 0.052325
current error: , 0.00521
Final error:, 0.001082
Execution successful
[sandboxScript:info]   Simulation stopping...
[sandboxScript:info]   Simulation stopped.
[sandboxScript:info]   Simulation started.
[CoppeliaSim:warning]   Detected non-default settings (time steps and/or dyn. engine global settings).
Goal signal recieved..
Planning ...
Collision pairs set
goal state set
Using RRT Connect
task setup complete
solving task...
OMPL states:, 200.
path found
valid path found, generating trajectory...
Trajectory points:, 1000.
Duration:, 3.574864
excecuting path...
current error: , 0.101543
current error: , 0.101543
current error: , 0.017993
Final error:, 0.001291
Execution successful
Goal signal recieved..
Planning ...
Collision pairs set
goal state set
Using RRT Connect
task setup complete
solving task...
OMPL states:, 200.
path found
valid path found, generating trajectory...
Trajectory points:, 1000.
Duration:, 5.448241
excecuting path...
current error: , 0.00316
Final error:, 0.00316
Execution successful
Goal signal recieved..
Planning ...
Collision pairs set
goal state set
Using RRT Connect
task setup complete
solving task...
OMPL states:, 200.
path found
valid path found, generating trajectory...
Trajectory points:, 1000.
Duration:, 3.427292
excecuting path...
current error: , 0.073997
current error: , 0.073997
current error: , 0.01048
Final error:, 0.003126
Execution successful
Goal signal recieved..
Planning ...
Collision pairs set
goal state set
Using RRT Connect
task setup complete
solving task...
OMPL states:, 200.
path found
valid path found, generating trajectory...
Trajectory points:, 1000.
Duration:, 6.948952
excecuting path...
current error: , 0.004317
Final error:, 0.004317
Execution successful
[sandboxScript:info]   Simulation stopping...
[sandboxScript:info]   Simulation stopped.
[sandboxScript:info]   Simulation started.
[CoppeliaSim:warning]   Detected non-default settings (time steps and/or dyn. engine global settings).
Goal signal recieved..
Planning ...
Collision pairs set
goal state set
Using RRT Connect
task setup complete
solving task...
OMPL states:, 200.
path found
valid path found, generating trajectory...
Trajectory points:, 1000.
Duration:, 3.388747
excecuting path...
current error: , 0.008832
Final error:, 0.008832
Execution successful
Goal signal recieved..
Planning ...
Collision pairs set
goal state set
Using RRT Connect
task setup complete
solving task...
OMPL states:, 200.
path found
valid path found, generating trajectory...
Trajectory points:, 1000.
Duration:, 3.092084
excecuting path...
current error: , 0.003955
Final error:, 0.003955
Execution successful
Goal signal recieved..
Planning ...
Collision pairs set
goal state set
Using RRT Connect
task setup complete
solving task...
OMPL states:, 200.
path found
valid path found, generating trajectory...
Trajectory points:, 1000.
Duration:, 3.099787
excecuting path...
current error: , 0.005208
Final error:, 0.005208
Execution successful
Goal signal recieved..
Planning ...
Collision pairs set
goal state set
Using RRT Connect
task setup complete
solving task...
OMPL states:, 200.
path found
valid path found, generating trajectory...
Trajectory points:, 1000.
Duration:, 5.944282
excecuting path...
current error: , 0.001808
Final error:, 0.001808
Execution successful
Goal signal recieved..
Planning ...
Collision pairs set
goal state set
Using RRT Connect
task setup complete
solving task...
OMPL states:, 200.
path found
valid path found, generating trajectory...
Trajectory points:, 1000.
Duration:, 1.721515
excecuting path...
current error: , 0.002773
Final error:, 0.002773
Execution successful
Goal signal recieved..
Planning ...
Collision pairs set
goal state set
Using RRT Connect
task setup complete
solving task...
OMPL states:, 200.
path found
valid path found, generating trajectory...
Trajectory points:, 1000.
Duration:, 0.252171
excecuting path...
current error: , 0.00214
Final error:, 0.00214
Execution successful
Goal signal recieved..
Planning ...
Collision pairs set
goal state set
Using RRT Connect
task setup complete
solving task...
OMPL states:, 200.
path found
valid path found, generating trajectory...
Trajectory points:, 1000.
Duration:, 1.722149
excecuting path...
current error: , 0.001791
Final error:, 0.001791
Execution successful
Goal signal recieved..
Planning ...
Collision pairs set
goal state set
Using RRT Connect
task setup complete
solving task...
OMPL states:, 200.
path found
valid path found, generating trajectory...
Trajectory points:, 1000.
Duration:, 0.259028
excecuting path...
current error: , 0.003408
Final error:, 0.003408
Execution successful
Goal signal recieved..
Planning ...
Collision pairs set
goal state set
Using RRT Connect
task setup complete
solving task...
OMPL states:, 200.
path found
valid path found, generating trajectory...
Trajectory points:, 1000.
Duration:, 1.721671
excecuting path...
current error: , 0.002729
Final error:, 0.002729
Execution successful
Goal signal recieved..
Planning ...
Collision pairs set
goal state set
Using RRT Connect
task setup complete
solving task...
OMPL states:, 200.
path found
valid path found, generating trajectory...
Trajectory points:, 1000.
Duration:, 0.253809
excecuting path...
current error: , 0.003026
Final error:, 0.003026
Execution successful
Goal signal recieved..
Planning ...
Collision pairs set
goal state set
Using RRT Connect
task setup complete
solving task...
OMPL states:, 200.
path found
valid path found, generating trajectory...
Trajectory points:, 1000.
Duration:, 1.721737
excecuting path...
current error: , 0.001969
Final error:, 0.001969
Execution successful
Goal signal recieved..
Planning ...
Collision pairs set
goal state set
Using RRT Connect
task setup complete
solving task...
OMPL states:, 200.
path found
valid path found, generating trajectory...
Trajectory points:, 1000.
Duration:, 0.260188
excecuting path...
current error: , 0.002982
Final error:, 0.002982
Execution successful
Goal signal recieved..
Planning ...
Collision pairs set
goal state set
Using RRT Connect
task setup complete
solving task...
OMPL states:, 200.
path found
valid path found, generating trajectory...
Trajectory points:, 1000.
Duration:, 1.722716
excecuting path...
current error: , 0.003353
Final error:, 0.003353
Execution successful
Goal signal recieved..
Planning ...
Collision pairs set
goal state set
Using RRT Connect
task setup complete
solving task...
OMPL states:, 200.
path found
valid path found, generating trajectory...
Trajectory points:, 1000.
Duration:, 0.253581
excecuting path...
current error: , 0.002343
Final error:, 0.002343
Execution successful
Goal signal recieved..
Planning ...
Collision pairs set
goal state set
Using RRT Connect
task setup complete
solving task...
OMPL states:, 200.
path found
valid path found, generating trajectory...
Trajectory points:, 1000.
Duration:, 1.722827
excecuting path...
current error: , 0.001453
Final error:, 0.001453
Execution successful
Goal signal recieved..
Planning ...
Collision pairs set
goal state set
Using RRT Connect
task setup complete
solving task...
OMPL states:, 200.
path found
valid path found, generating trajectory...
Trajectory points:, 1000.
Duration:, 0.253208
excecuting path...
current error: , 0.00243
Final error:, 0.00243
Execution successful
Goal signal recieved..
Planning ...
Collision pairs set
goal state set
Using RRT Connect
task setup complete
solving task...
OMPL states:, 200.
path found
valid path found, generating trajectory...
Trajectory points:, 1000.
Duration:, 1.721668
excecuting path...
current error: , 0.002728
Final error:, 0.002728
Execution successful
Goal signal recieved..
Planning ...
Collision pairs set
goal state set
Using RRT Connect
task setup complete
solving task...
OMPL states:, 200.
path found
valid path found, generating trajectory...
Trajectory points:, 1000.
Duration:, 0.246796
excecuting path...
current error: , 0.002557
Final error:, 0.002557
Execution successful
Goal signal recieved..
Planning ...
Collision pairs set
goal state set
Using RRT Connect
task setup complete
solving task...
OMPL states:, 200.
path found
valid path found, generating trajectory...
Trajectory points:, 1000.
Duration:, 1.721668
excecuting path...
current error: , 0.00225
Final error:, 0.00225
Execution successful
Goal signal recieved..
Planning ...
Collision pairs set
goal state set
Using RRT Connect
task setup complete
solving task...
OMPL states:, 200.
path found
valid path found, generating trajectory...
Trajectory points:, 1000.
Duration:, 0.256746
excecuting path...
current error: , 0.001831
Final error:, 0.001831
Execution successful
Goal signal recieved..
Planning ...
Collision pairs set
goal state set
Using RRT Connect
task setup complete
solving task...
OMPL states:, 200.
path found
valid path found, generating trajectory...
Trajectory points:, 1000.
Duration:, 1.721356
excecuting path...
current error: , 0.002857
Final error:, 0.002857
Execution successful
Goal signal recieved..
Planning ...
Collision pairs set
goal state set
Using RRT Connect
task setup complete
solving task...
OMPL states:, 200.
path found
valid path found, generating trajectory...
Trajectory points:, 1000.
Duration:, 0.258692
excecuting path...
current error: , 0.001977
Final error:, 0.001977
Execution successful
Goal signal recieved..
Planning ...
Collision pairs set
goal state set
Using RRT Connect
task setup complete
solving task...
OMPL states:, 200.
path found
valid path found, generating trajectory...
Trajectory points:, 1000.
Duration:, 1.72284
excecuting path...
current error: , 0.001772
Final error:, 0.001772
Execution successful
Goal signal recieved..
Planning ...
Collision pairs set
goal state set
Using RRT Connect
task setup complete
solving task...
OMPL states:, 200.
path found
valid path found, generating trajectory...
Trajectory points:, 1000.
Duration:, 0.263094
excecuting path...
current error: , 0.002742
Final error:, 0.002742
Execution successful
Goal signal recieved..
Planning ...
Collision pairs set
goal state set
Using RRT Connect
task setup complete
solving task...
OMPL states:, 200.
path found
valid path found, generating trajectory...
Trajectory points:, 1000.
Duration:, 1.722413
excecuting path...
current error: , 0.002685
Final error:, 0.002685
Execution successful
Goal signal recieved..
Planning ...
Collision pairs set
goal state set
Using RRT Connect
task setup complete
solving task...
OMPL states:, 200.
path found
valid path found, generating trajectory...
Trajectory points:, 1000.
Duration:, 0.250867
excecuting path...
current error: , 0.002446
Final error:, 0.002446
Execution successful
Goal signal recieved..
Planning ...
Collision pairs set
goal state set
Using RRT Connect
task setup complete
solving task...
OMPL states:, 200.
path found
valid path found, generating trajectory...
Trajectory points:, 1000.
Duration:, 1.722684
excecuting path...
current error: , 0.00229
Final error:, 0.00229
Execution successful
Goal signal recieved..
Planning ...
Collision pairs set
goal state set
Using RRT Connect
task setup complete
solving task...
OMPL states:, 200.
path found
valid path found, generating trajectory...
Trajectory points:, 1000.
Duration:, 0.255712
excecuting path...
current error: , 0.003224
Final error:, 0.003224
Execution successful
Goal signal recieved..
Planning ...
Collision pairs set
goal state set
Using RRT Connect
task setup complete
solving task...
OMPL states:, 200.
path found
valid path found, generating trajectory...
Trajectory points:, 1000.
Duration:, 1.721993
excecuting path...
current error: , 0.001794
Final error:, 0.001794
Execution successful
Goal signal recieved..
Planning ...
Collision pairs set
goal state set
Using RRT Connect
task setup complete
solving task...
OMPL states:, 200.
path found
valid path found, generating trajectory...
Trajectory points:, 1000.
Duration:, 0.248368
excecuting path...
current error: , 0.002776
Final error:, 0.002776
Execution successful
[sandboxScript:info]   Simulation stopping...
[sandboxScript:info]   Simulation stopped.
[sandboxScript:info]   Simulation started.
[CoppeliaSim:warning]   Detected non-default settings (time steps and/or dyn. engine global settings).
Goal signal recieved..
Planning ...
Collision pairs set
goal state set
Using RRT Connect
task setup complete
solving task...
OMPL states:, 200.
path found
valid path found, generating trajectory...
Trajectory points:, 1000.
Duration:, 3.574758
excecuting path...
current error: , 0.100819
current error: , 0.100819
current error: , 0.01944
Final error:, 0.001231
Execution successful
Goal signal recieved..
Planning ...
Collision pairs set
goal state set
Using RRT Connect
task setup complete
solving task...
OMPL states:, 200.
path found
valid path found, generating trajectory...
Trajectory points:, 1000.
Duration:, 3.474321
excecuting path...
current error: , 0.109552
current error: , 0.109552
current error: , 0.027669
current error: , 0.004623
Final error:, 0.003167
Execution successful
Goal signal recieved..
Planning ...
Collision pairs set
goal state set
Using RRT Connect
task setup complete
solving task...
OMPL states:, 200.
path found
valid path found, generating trajectory...
Trajectory points:, 1000.
Duration:, 3.491815
excecuting path...
current error: , 0.102697
current error: , 0.102697
current error: , 0.022578
current error: , 0.003084
Final error:, 0.002166
Execution successful
Goal signal recieved..
Planning ...
Collision pairs set
goal state set
Using RRT Connect
task setup complete
solving task...
OMPL states:, 200.
path found
valid path found, generating trajectory...
Trajectory points:, 1000.
Duration:, 3.492803
excecuting path...
current error: , 0.077123
current error: , 0.077123
current error: , 0.010388
Final error:, 0.001429
Execution successful
Goal signal recieved..
Planning ...
Collision pairs set
goal state set
Using RRT Connect
task setup complete
solving task...
OMPL states:, 200.
path found
valid path found, generating trajectory...
Trajectory points:, 1000.
Duration:, 3.493208
excecuting path...
current error: , 0.104174
current error: , 0.104174
current error: , 0.023354
current error: , 0.003424
Final error:, 0.001926
Execution successful
Goal signal recieved..
Planning ...
Collision pairs set
goal state set
Using RRT Connect
task setup complete
solving task...
OMPL states:, 200.
path found
valid path found, generating trajectory...
Trajectory points:, 1000.
Duration:, 3.491787
excecuting path...
current error: , 0.080833
current error: , 0.080833
current error: , 0.01153
Final error:, 0.001304
Execution successful
Goal signal recieved..
Planning ...
Collision pairs set
goal state set
Using RRT Connect
task setup complete
solving task...
OMPL states:, 200.
path found
valid path found, generating trajectory...
Trajectory points:, 1000.
Duration:, 3.491486
excecuting path...
current error: , 0.07837
current error: , 0.07837
current error: , 0.010645
Final error:, 0.001465
Execution successful
Goal signal recieved..
Planning ...
Collision pairs set
goal state set
Using RRT Connect
task setup complete
solving task...
OMPL states:, 200.
path found
valid path found, generating trajectory...
Trajectory points:, 1000.
Duration:, 3.49172
excecuting path...
current error: , 0.080699
current error: , 0.080699
current error: , 0.011454
Final error:, 0.001466
Execution successful
Goal signal recieved..
Planning ...
Collision pairs set
goal state set
Using RRT Connect
task setup complete
solving task...
OMPL states:, 200.
path found
valid path found, generating trajectory...
Trajectory points:, 1000.
Duration:, 3.492683
excecuting path...
current error: , 0.080437
current error: , 0.080437
current error: , 0.011259
Final error:, 0.00206
Execution successful
Goal signal recieved..
Planning ...
Collision pairs set
goal state set
Using RRT Connect
task setup complete
solving task...
OMPL states:, 200.
path found
valid path found, generating trajectory...
Trajectory points:, 1000.
Duration:, 3.49229
excecuting path...
current error: , 0.080863
current error: , 0.080863
current error: , 0.011477
Final error:, 0.001741
Execution successful
Goal signal recieved..
Planning ...
Collision pairs set
goal state set
Using RRT Connect
task setup complete
solving task...
OMPL states:, 200.
path found
valid path found, generating trajectory...
Trajectory points:, 1000.
Duration:, 3.492292
excecuting path...
current error: , 0.079915
current error: , 0.079915
current error: , 0.011236
Final error:, 0.001934
Execution successful
Goal signal recieved..
Planning ...
Collision pairs set
goal state set
Using RRT Connect
task setup complete
solving task...
OMPL states:, 200.
path found
valid path found, generating trajectory...
Trajectory points:, 1000.
Duration:, 3.49411
excecuting path...
current error: , 0.106566
current error: , 0.106566
current error: , 0.025207
current error: , 0.003422
Final error:, 0.001953
Execution successful
Goal signal recieved..
Planning ...
Collision pairs set
goal state set
Using RRT Connect
task setup complete
solving task...
OMPL states:, 200.
path found
valid path found, generating trajectory...
Trajectory points:, 1000.
Duration:, 3.49379
excecuting path...
current error: , 0.10464
current error: , 0.10464
current error: , 0.024743
current error: , 0.006121
Final error:, 0.005126
Execution successful
Goal signal recieved..
Planning ...
Collision pairs set
goal state set
Using RRT Connect
task setup complete
solving task...
OMPL states:, 200.
path found
valid path found, generating trajectory...
Trajectory points:, 1000.
Duration:, 3.492602
excecuting path...
current error: , 0.104744
current error: , 0.104744
current error: , 0.023954
current error: , 0.003294
Final error:, 0.001774
Execution successful
Goal signal recieved..
Planning ...
Collision pairs set
goal state set
Using RRT Connect
task setup complete
solving task...
OMPL states:, 200.
path found
valid path found, generating trajectory...
Trajectory points:, 1000.
Duration:, 3.493624
excecuting path...
current error: , 0.104185
current error: , 0.104185
current error: , 0.02344
current error: , 0.003339
Final error:, 0.002423
Execution successful
Goal signal recieved..
Planning ...
Collision pairs set
goal state set
Using RRT Connect
task setup complete
solving task...
OMPL states:, 200.
path found
valid path found, generating trajectory...
Trajectory points:, 1000.
Duration:, 3.491262
excecuting path...
current error: , 0.103378
current error: , 0.103378
current error: , 0.022761
current error: , 0.003277
Final error:, 0.001758
Execution successful
Goal signal recieved..
Planning ...
Collision pairs set
goal state set
Using RRT Connect
task setup complete
solving task...
OMPL states:, 200.
path found
valid path found, generating trajectory...
Trajectory points:, 1000.
Duration:, 3.491412
excecuting path...
current error: , 0.101907
current error: , 0.101907
current error: , 0.021877
current error: , 0.003245
Final error:, 0.002244
Execution successful
Goal signal recieved..
Planning ...
Collision pairs set
goal state set
Using RRT Connect
task setup complete
solving task...
OMPL states:, 200.
path found
valid path found, generating trajectory...
Trajectory points:, 1000.
Duration:, 3.494109
excecuting path...
current error: , 0.078548
current error: , 0.078548
current error: , 0.0108
Final error:, 0.001655
Execution successful
Goal signal recieved..
Planning ...
Collision pairs set
goal state set
Using RRT Connect
task setup complete
solving task...
OMPL states:, 200.
path found
valid path found, generating trajectory...
Trajectory points:, 1000.
Duration:, 3.49591
excecuting path...
current error: , 0.106846
current error: , 0.106846
current error: , 0.025331
current error: , 0.003583
Final error:, 0.001857
Execution successful
Goal signal recieved..
Planning ...
Collision pairs set
goal state set
Using RRT Connect
task setup complete
solving task...
OMPL states:, 200.
path found
valid path found, generating trajectory...
Trajectory points:, 1000.
Duration:, 3.492009
excecuting path...
current error: , 0.104038
current error: , 0.104038
current error: , 0.023321
current error: , 0.003307
Final error:, 0.002158
Execution successful
Goal signal recieved..
Planning ...
Collision pairs set
goal state set
Using RRT Connect
task setup complete
solving task...
OMPL states:, 200.
path found
valid path found, generating trajectory...
Trajectory points:, 1000.
Duration:, 3.491808
excecuting path...
current error: , 0.102738
current error: , 0.102738
current error: , 0.022469
current error: , 0.003034
Final error:, 0.002306
Execution successful
Goal signal recieved..
Planning ...
Collision pairs set
goal state set
Using RRT Connect
task setup complete
solving task...
OMPL states:, 200.
path found
valid path found, generating trajectory...
Trajectory points:, 1000.
Duration:, 3.493498
excecuting path...
current error: , 0.07769
current error: , 0.07769
current error: , 0.010598
Final error:, 0.001684
Execution successful
Goal signal recieved..
Planning ...
Collision pairs set
goal state set
Using RRT Connect
task setup complete
solving task...
OMPL states:, 200.
path found
valid path found, generating trajectory...
Trajectory points:, 1000.
Duration:, 3.494191
excecuting path...
current error: , 0.082196
current error: , 0.082196
current error: , 0.011927
Final error:, 0.001541
Execution successful
Goal signal recieved..
Planning ...
Collision pairs set
goal state set
Using RRT Connect
task setup complete
solving task...
OMPL states:, 200.
path found
valid path found, generating trajectory...
Trajectory points:, 1000.
Duration:, 3.492248
excecuting path...
current error: , 0.080936
current error: , 0.080936
current error: , 0.011548
Final error:, 0.002021
Execution successful
Goal signal recieved..
Planning ...
Collision pairs set
goal state set
Using RRT Connect
task setup complete
solving task...
OMPL states:, 200.
path found
valid path found, generating trajectory...
Trajectory points:, 1000.
Duration:, 3.492619
excecuting path...
current error: , 0.080386
current error: , 0.080386
current error: , 0.011237
Final error:, 0.001381
Execution successful
Goal signal recieved..
Planning ...
Collision pairs set
goal state set
Using RRT Connect
task setup complete
solving task...
OMPL states:, 200.
path found
valid path found, generating trajectory...
Trajectory points:, 1000.
Duration:, 3.493024
excecuting path...
current error: , 0.082139
current error: , 0.082139
current error: , 0.011976
Final error:, 0.001613
Execution successful
Goal signal recieved..
Planning ...
Collision pairs set
goal state set
Using RRT Connect
task setup complete
solving task...
OMPL states:, 200.
path found
valid path found, generating trajectory...
Trajectory points:, 1000.
Duration:, 3.492984
excecuting path...
current error: , 0.080678
current error: , 0.080678
current error: , 0.011437
Final error:, 0.001558
Execution successful
Goal signal recieved..
Planning ...
Collision pairs set
goal state set
Using RRT Connect
task setup complete
solving task...
OMPL states:, 200.
path found
valid path found, generating trajectory...
Trajectory points:, 1000.
Duration:, 3.493578
excecuting path...
current error: , 0.082508
current error: , 0.082508
current error: , 0.012171
Final error:, 0.001663
Execution successful
[sandboxScript:info]   Simulation stopping...
[sandboxScript:info]   Simulation stopped.
[sandboxScript:info]   Simulation started.
[CoppeliaSim:warning]   Detected non-default settings (time steps and/or dyn. engine global settings).
Goal signal recieved..
Planning ...
Collision pairs set
goal state set
Using RRT Connect
task setup complete
solving task...
OMPL states:, 200.
path found
valid path found, generating trajectory...
Trajectory points:, 1000.
Duration:, 3.574705
excecuting path...
current error: , 0.101497
current error: , 0.101497
current error: , 0.019278
Final error:, 0.001293
Execution successful
Goal signal recieved..
Planning ...
Collision pairs set
goal state set
Using RRT Connect
task setup complete
solving task...
OMPL states:, 200.
path found
valid path found, generating trajectory...
Trajectory points:, 1000.
Duration:, 5.191163
excecuting path...
current error: , 0.00623
Final error:, 0.00623
Execution successful
Goal signal recieved..
Planning ...
Collision pairs set
goal state set
Using RRT Connect
task setup complete
solving task...
OMPL states:, 200.
path found
valid path found, generating trajectory...
Trajectory points:, 1000.
Duration:, 4.996266
excecuting path...
current error: , 0.002165
Final error:, 0.002165
Execution successful
Goal signal recieved..
Planning ...
Collision pairs set
goal state set
Using RRT Connect
task setup complete
solving task...
OMPL states:, 200.
path found
valid path found, generating trajectory...
Trajectory points:, 1000.
Duration:, 1.659908
excecuting path...
current error: , 0.004414
Final error:, 0.004414
Execution successful
Goal signal recieved..
Planning ...
Collision pairs set
goal state set
Using RRT Connect
task setup complete
solving task...
OMPL states:, 200.
path found
valid path found, generating trajectory...
Trajectory points:, 1000.
Duration:, 3.717155
excecuting path...
current error: , 0.211931
current error: , 0.211931
current error: , 0.128228
current error: , 0.044549
current error: , 0.004355
Final error:, 0.002072
Execution successful
Goal signal recieved..
Planning ...
Collision pairs set
goal state set
Using RRT Connect
task setup complete
solving task...
OMPL states:, 200.
path found
valid path found, generating trajectory...
Trajectory points:, 1000.
Duration:, 3.716192
excecuting path...
current error: , 0.217076
current error: , 0.217076
current error: , 0.133389
current error: , 0.049719
current error: , 0.004885
Final error:, 0.001353
Execution successful
Goal signal recieved..
Planning ...
Collision pairs set
goal state set
Using RRT Connect
task setup complete
solving task...
OMPL states:, 200.
path found
valid path found, generating trajectory...
Trajectory points:, 1000.
Duration:, 3.716324
excecuting path...
current error: , 0.215325
current error: , 0.215325
current error: , 0.131568
current error: , 0.047867
current error: , 0.004816
Final error:, 0.001465
Execution successful
Goal signal recieved..
Planning ...
Collision pairs set
goal state set
Using RRT Connect
task setup complete
solving task...
OMPL states:, 200.
path found
valid path found, generating trajectory...
Trajectory points:, 1000.
Duration:, 3.716255
excecuting path...
current error: , 0.217441
current error: , 0.217441
current error: , 0.133725
current error: , 0.050054
current error: , 0.004921
Final error:, 0.00164
Execution successful
Goal signal recieved..
Planning ...
Collision pairs set
goal state set
Using RRT Connect
task setup complete
solving task...
OMPL states:, 200.
path found
valid path found, generating trajectory...
Trajectory points:, 1000.
Duration:, 3.716338
excecuting path...
current error: , 0.215187
current error: , 0.215187
current error: , 0.131464
current error: , 0.047771
current error: , 0.004767
Final error:, 0.001502
Execution successful
Goal signal recieved..
Planning ...
Collision pairs set
goal state set
Using RRT Connect
task setup complete
solving task...
OMPL states:, 200.
path found
valid path found, generating trajectory...
Trajectory points:, 1000.
Duration:, 3.716212
excecuting path...
current error: , 0.217477
current error: , 0.217477
current error: , 0.133796
current error: , 0.0501
current error: , 0.00494
Final error:, 0.00152
Execution successful
Goal signal recieved..
Planning ...
Collision pairs set
goal state set
Using RRT Connect
task setup complete
solving task...
OMPL states:, 200.
path found
valid path found, generating trajectory...
Trajectory points:, 1000.
Duration:, 3.716377
excecuting path...
current error: , 0.215298
current error: , 0.215298
current error: , 0.131612
current error: , 0.048007
current error: , 0.00626
Final error:, 0.003406
Execution successful
Goal signal recieved..
Planning ...
Collision pairs set
goal state set
Using RRT Connect
task setup complete
solving task...
OMPL states:, 200.
path found
valid path found, generating trajectory...
Trajectory points:, 1000.
Duration:, 3.71511
excecuting path...
current error: , 0.211247
current error: , 0.211247
current error: , 0.127555
current error: , 0.043875
current error: , 0.004199
Final error:, 0.000972
Execution successful
Goal signal recieved..
Planning ...
Collision pairs set
goal state set
Using RRT Connect
task setup complete
solving task...
OMPL states:, 200.
path found
valid path found, generating trajectory...
Trajectory points:, 1000.
Duration:, 3.716294
excecuting path...
current error: , 0.210664
current error: , 0.210664
current error: , 0.126933
current error: , 0.043211
current error: , 0.00419
Final error:, 0.001698
Execution successful
Goal signal recieved..
Planning ...
Collision pairs set
goal state set
Using RRT Connect
task setup complete
solving task...
OMPL states:, 200.
path found
valid path found, generating trajectory...
Trajectory points:, 1000.
Duration:, 3.716173
excecuting path...
current error: , 0.212764
current error: , 0.212764
current error: , 0.12906
current error: , 0.045391
current error: , 0.004348
Final error:, 0.000987
Execution successful
Goal signal recieved..
Planning ...
Collision pairs set
goal state set
Using RRT Connect
task setup complete
solving task...
OMPL states:, 200.
path found
valid path found, generating trajectory...
Trajectory points:, 1000.
Duration:, 3.716345
excecuting path...
current error: , 0.210688
current error: , 0.210688
current error: , 0.126962
current error: , 0.04327
current error: , 0.004314
Final error:, 0.001595
Execution successful
Goal signal recieved..
Planning ...
Collision pairs set
goal state set
Using RRT Connect
task setup complete
solving task...
OMPL states:, 200.
path found
valid path found, generating trajectory...
Trajectory points:, 1000.
Duration:, 3.716239
excecuting path...
current error: , 0.212833
current error: , 0.212833
current error: , 0.129169
current error: , 0.045451
current error: , 0.004317
Final error:, 0.001198
Execution successful
Goal signal recieved..
Planning ...
Collision pairs set
goal state set
Using RRT Connect
task setup complete
solving task...
OMPL states:, 200.
path found
valid path found, generating trajectory...
Trajectory points:, 1000.
Duration:, 3.716432
excecuting path...
current error: , 0.210527
current error: , 0.210527
current error: , 0.126793
current error: , 0.043085
current error: , 0.004277
Final error:, 0.001166
Execution successful
Goal signal recieved..
Planning ...
Collision pairs set
goal state set
Using RRT Connect
task setup complete
solving task...
OMPL states:, 200.
path found
valid path found, generating trajectory...
Trajectory points:, 1000.
Duration:, 3.71641
excecuting path...
current error: , 0.213059
current error: , 0.213059
current error: , 0.129374
current error: , 0.045682
current error: , 0.004486
Final error:, 0.001806
Execution successful
Goal signal recieved..
Planning ...
Collision pairs set
goal state set
Using RRT Connect
task setup complete
solving task...
OMPL states:, 200.
path found
valid path found, generating trajectory...
Trajectory points:, 1000.
Duration:, 3.716309
excecuting path...
current error: , 0.238719
current error: , 0.238719
current error: , 0.154996
current error: , 0.071286
current error: , 0.010122
Final error:, 0.003428
Execution successful
Goal signal recieved..
Planning ...
Collision pairs set
goal state set
Using RRT Connect
task setup complete
solving task...
OMPL states:, 200.
path found
valid path found, generating trajectory...
Trajectory points:, 1000.
Duration:, 3.71493
excecuting path...
current error: , 0.211128
current error: , 0.211128
current error: , 0.127443
current error: , 0.043753
current error: , 0.004103
Final error:, 0.001286
Execution successful
Goal signal recieved..
Planning ...
Collision pairs set
goal state set
Using RRT Connect
task setup complete
solving task...
OMPL states:, 200.
path found
valid path found, generating trajectory...
Trajectory points:, 1000.
Duration:, 3.716253
excecuting path...
current error: , 0.210605
current error: , 0.210605
current error: , 0.126944
current error: , 0.0432
current error: , 0.004362
Final error:, 0.002065
Execution successful
Goal signal recieved..
Planning ...
Collision pairs set
goal state set
Using RRT Connect
task setup complete
solving task...
OMPL states:, 200.
path found
valid path found, generating trajectory...
Trajectory points:, 1000.
Duration:, 3.716196
excecuting path...
current error: , 0.217386
current error: , 0.217386
current error: , 0.133668
current error: , 0.049973
current error: , 0.004878
Final error:, 0.001489
Execution successful
Goal signal recieved..
Planning ...
Collision pairs set
goal state set
Using RRT Connect
task setup complete
solving task...
OMPL states:, 200.
path found
valid path found, generating trajectory...
Trajectory points:, 1000.
Duration:, 3.716328
excecuting path...
current error: , 0.215171
current error: , 0.215171
current error: , 0.131472
current error: , 0.047766
current error: , 0.004804
Final error:, 0.001528
Execution successful
Goal signal recieved..
Planning ...
Collision pairs set
goal state set
Using RRT Connect
task setup complete
solving task...
OMPL states:, 200.
path found
valid path found, generating trajectory...
Trajectory points:, 1000.
Duration:, 3.716246
excecuting path...
current error: , 0.21745
current error: , 0.21745
current error: , 0.133757
current error: , 0.050051
current error: , 0.004982
Final error:, 0.001335
Execution successful
Goal signal recieved..
Planning ...
Collision pairs set
goal state set
Using RRT Connect
task setup complete
solving task...
OMPL states:, 200.
path found
valid path found, generating trajectory...
Trajectory points:, 1000.
Duration:, 3.715912
excecuting path...
current error: , 0.186804
current error: , 0.186804
current error: , 0.103032
current error: , 0.022596
current error: , 0.004122
Final error:, 0.003223
Execution successful
Goal signal recieved..
Planning ...
Collision pairs set
goal state set
Using RRT Connect
task setup complete
solving task...
OMPL states:, 200.
path found
valid path found, generating trajectory...
Trajectory points:, 1000.
Duration:, 3.71468
excecuting path...
current error: , 0.215506
current error: , 0.215506
current error: , 0.131803
current error: , 0.0481
current error: , 0.004643
Final error:, 0.001498
Execution successful
Goal signal recieved..
Planning ...
Collision pairs set
goal state set
Using RRT Connect
task setup complete
solving task...
OMPL states:, 200.
path found
valid path found, generating trajectory...
Trajectory points:, 1000.
Duration:, 3.716547
excecuting path...
current error: , 0.215803
current error: , 0.215803
current error: , 0.132066
current error: , 0.048335
current error: , 0.004849
Final error:, 0.001649
Execution successful
Goal signal recieved..
Planning ...
Collision pairs set
goal state set
Using RRT Connect
task setup complete
solving task...
OMPL states:, 200.
path found
valid path found, generating trajectory...
Trajectory points:, 1000.
Duration:, 3.716382
excecuting path...
current error: , 0.161705
current error: , 0.161705
current error: , 0.078002
current error: , 0.010654
Final error:, 0.001656
Execution successful
Goal signal recieved..
Planning ...
Collision pairs set
goal state set
Using RRT Connect
task setup complete
solving task...
OMPL states:, 200.
path found
valid path found, generating trajectory...
Trajectory points:, 1000.
Duration:, 3.716249
excecuting path...
current error: , 0.215131
current error: , 0.215131
current error: , 0.131436
current error: , 0.0477
current error: , 0.004792
Final error:, 0.00134
Execution successful
Goal signal recieved..
Planning ...
Collision pairs set
goal state set
Using RRT Connect
task setup complete
solving task...
OMPL states:, 200.
path found
valid path found, generating trajectory...
Trajectory points:, 1000.
Duration:, 3.716197
excecuting path...
current error: , 0.2174
current error: , 0.2174
current error: , 0.133703
current error: , 0.050006
current error: , 0.005019
Final error:, 0.001658
Execution successful
[sandboxScript:info]   Simulation stopping...
[sandboxScript:info]   Simulation stopped.
[sandboxScript:info]   Simulation started.
[CoppeliaSim:warning]   Detected non-default settings (time steps and/or dyn. engine global settings).
[sandboxScript:info]   Simulation stopping...
[sandboxScript:info]   Simulation stopped.
[sandboxScript:info]   Simulation started.
[CoppeliaSim:warning]   Detected non-default settings (time steps and/or dyn. engine global settings).
Goal signal recieved..
Planning ...
Collision pairs set
goal state set
Using RRT Connect
task setup complete
solving task...
OMPL states:, 200.
path found
valid path found, generating trajectory...
Trajectory points:, 1000.
Duration:, 3.574676
excecuting path...
current error: , 0.102697
current error: , 0.102697
current error: , 0.018795
Final error:, 0.00032
Execution successful
Goal signal recieved..
Planning ...
Collision pairs set
goal state set
Using RRT Connect
task setup complete
solving task...
OMPL states:, 200.
path found
valid path found, generating trajectory...
Trajectory points:, 1000.
Duration:, 3.716809
excecuting path...
current error: , 0.213626
current error: , 0.213626
current error: , 0.129941
current error: , 0.04629
current error: , 0.004532
Final error:, 0.001461
Execution successful
Goal signal recieved..
Planning ...
Collision pairs set
goal state set
Using RRT Connect
task setup complete
solving task...
OMPL states:, 200.
path found
valid path found, generating trajectory...
Trajectory points:, 1000.
Duration:, 3.716189
excecuting path...
current error: , 0.210612
current error: , 0.210612
current error: , 0.126904
current error: , 0.043242
current error: , 0.004143
Final error:, 0.002197
Execution successful
Goal signal recieved..
Planning ...
Collision pairs set
goal state set
Using RRT Connect
task setup complete
solving task...
OMPL states:, 200.
path found
valid path found, generating trajectory...
Trajectory points:, 1000.
Duration:, 3.716174
excecuting path...
current error: , 0.212428
current error: , 0.212428
current error: , 0.128696
current error: , 0.04497
current error: , 0.004351
Final error:, 0.001182
Execution successful
Goal signal recieved..
Planning ...
Collision pairs set
goal state set
Using RRT Connect
task setup complete
solving task...
OMPL states:, 200.
path found
valid path found, generating trajectory...
Trajectory points:, 1000.
Duration:, 3.716324
excecuting path...
current error: , 0.210739
current error: , 0.210739
current error: , 0.126996
current error: , 0.043337
current error: , 0.004243
Final error:, 0.001639
Execution successful
Goal signal recieved..
Planning ...
Collision pairs set
goal state set
Using RRT Connect
task setup complete
solving task...
OMPL states:, 200.
path found
valid path found, generating trajectory...
Trajectory points:, 1000.
Duration:, 3.716319
excecuting path...
current error: , 0.240928
current error: , 0.240928
current error: , 0.15725
current error: , 0.073552
current error: , 0.009384
Final error:, 0.001422
Execution successful
Goal signal recieved..
Planning ...
Collision pairs set
goal state set
Using RRT Connect
task setup complete
solving task...
OMPL states:, 200.
path found
valid path found, generating trajectory...
Trajectory points:, 1000.
Duration:, 3.716202
excecuting path...
current error: , 0.215243
current error: , 0.215243
current error: , 0.13153
current error: , 0.047844
current error: , 0.004739
Final error:, 0.001625
Execution successful
Goal signal recieved..
Planning ...
Collision pairs set
goal state set
Using RRT Connect
task setup complete
solving task...
OMPL states:, 200.
path found
valid path found, generating trajectory...
Trajectory points:, 1000.
Duration:, 3.716199
excecuting path...
current error: , 0.217395
current error: , 0.217395
current error: , 0.133658
current error: , 0.049979
current error: , 0.004869
Final error:, 0.001316
Execution successful
Goal signal recieved..
Planning ...
Collision pairs set
goal state set
Using RRT Connect
task setup complete
solving task...
OMPL states:, 200.
path found
valid path found, generating trajectory...
Trajectory points:, 1000.
Duration:, 3.716298
excecuting path...
current error: , 0.215086
current error: , 0.215086
current error: , 0.13138
current error: , 0.047767
current error: , 0.00476
Final error:, 0.001954
Execution successful
Goal signal recieved..
Planning ...
Collision pairs set
goal state set
Using RRT Connect
task setup complete
solving task...
OMPL states:, 200.
path found
valid path found, generating trajectory...
Trajectory points:, 1000.
Duration:, 3.716143
excecuting path...
current error: , 0.217373
current error: , 0.217373
current error: , 0.133657
current error: , 0.049965
current error: , 0.004981
Final error:, 0.001477
Execution successful
Goal signal recieved..
Planning ...
Collision pairs set
goal state set
Using RRT Connect
task setup complete
solving task...
OMPL states:, 200.
path found
valid path found, generating trajectory...
Trajectory points:, 1000.
Duration:, 3.71618
excecuting path...
current error: , 0.215148
current error: , 0.215148
current error: , 0.131413
current error: , 0.04773
current error: , 0.004645
Final error:, 0.001376
Execution successful
Goal signal recieved..
Planning ...
Collision pairs set
goal state set
Using RRT Connect
task setup complete
solving task...
OMPL states:, 200.
path found
valid path found, generating trajectory...
Trajectory points:, 1000.
Duration:, 3.716134
excecuting path...
current error: , 0.212564
current error: , 0.212564
current error: , 0.128864
current error: , 0.045188
current error: , 0.004395
Final error:, 0.001487
Execution successful
Goal signal recieved..
Planning ...
Collision pairs set
goal state set
Using RRT Connect
task setup complete
solving task...
OMPL states:, 200.
path found
valid path found, generating trajectory...
Trajectory points:, 1000.
Duration:, 3.716457
excecuting path...
current error: , 0.210503
current error: , 0.210503
current error: , 0.126796
current error: , 0.04311
current error: , 0.00424
Final error:, 0.001597
Execution successful
Goal signal recieved..
Planning ...
Collision pairs set
goal state set
Using RRT Connect
task setup complete
solving task...
OMPL states:, 200.
path found
valid path found, generating trajectory...
Trajectory points:, 1000.
Duration:, 3.716367
excecuting path...
current error: , 0.240735
current error: , 0.240735
current error: , 0.157017
current error: , 0.073325
current error: , 0.010584
Final error:, 0.0032
Execution successful
Goal signal recieved..
Planning ...
Collision pairs set
goal state set
Using RRT Connect
task setup complete
solving task...
OMPL states:, 200.
path found
valid path found, generating trajectory...
Trajectory points:, 1000.
Duration:, 3.714853
excecuting path...
current error: , 0.2085
current error: , 0.2085
current error: , 0.124749
current error: , 0.041095
current error: , 0.003867
Final error:, 0.00196
Execution successful
Goal signal recieved..
Planning ...
Collision pairs set
goal state set
Using RRT Connect
task setup complete
solving task...
OMPL states:, 200.
path found
valid path found, generating trajectory...
Trajectory points:, 1000.
Duration:, 3.716246
excecuting path...
current error: , 0.212821
current error: , 0.212821
current error: , 0.129113
current error: , 0.04541
current error: , 0.004327
Final error:, 0.001294
Execution successful
Goal signal recieved..
Planning ...
Collision pairs set
goal state set
Using RRT Connect
task setup complete
solving task...
OMPL states:, 200.
path found
valid path found, generating trajectory...
Trajectory points:, 1000.
Duration:, 3.716621
excecuting path...
current error: , 0.21093
current error: , 0.21093
current error: , 0.127244
current error: , 0.043478
current error: , 0.004289
Final error:, 0.001349
Execution successful
Goal signal recieved..
Planning ...
Collision pairs set
goal state set
Using RRT Connect
task setup complete
solving task...
OMPL states:, 200.
path found
valid path found, generating trajectory...
Trajectory points:, 1000.
Duration:, 3.716481
excecuting path...
current error: , 0.213383
current error: , 0.213383
current error: , 0.129675
current error: , 0.045975
current error: , 0.004448
Final error:, 0.001592
Execution successful
[sandboxScript:info]   Simulation stopping...
[sandboxScript:info]   Simulation stopped.
[sandboxScript:info]   Simulation started.
[CoppeliaSim:warning]   Detected non-default settings (time steps and/or dyn. engine global settings).
Goal signal recieved..
Planning ...
Collision pairs set
goal state set
Using RRT Connect
task setup complete
solving task...
OMPL states:, 200.
path found
valid path found, generating trajectory...
Trajectory points:, 1000.
Duration:, 3.574721
excecuting path...
current error: , 0.103848
current error: , 0.103848
current error: , 0.019233
Final error:, 0.000469
Execution successful
Goal signal recieved..
Planning ...
Collision pairs set
goal state set
Using RRT Connect
task setup complete
solving task...
OMPL states:, 200.
path found
valid path found, generating trajectory...
Trajectory points:, 1000.
Duration:, 9.208523
excecuting path...
current error: , 1.330841
current error: , 1.330841
current error: , 1.247159
current error: , 1.163487
current error: , 1.079766
current error: , 0.996078
current error: , 0.912351
current error: , 0.828671
current error: , 0.744971
current error: , 0.661261
current error: , 0.577586
current error: , 0.493872
current error: , 0.410175
current error: , 0.326461
current error: , 0.242769
current error: , 0.159059
current error: , 0.075362
current error: , 0.009616
Final error:, 0.001387
Execution successful
[sandboxScript:info]   Simulation stopping...
[sandboxScript:info]   Simulation stopped.
[sandboxScript:info]   Simulation started.
[CoppeliaSim:warning]   Detected non-default settings (time steps and/or dyn. engine global settings).
Goal signal recieved..
Planning ...
Collision pairs set
goal state set
Using RRT Connect
task setup complete
solving task...
OMPL states:, 200.
path found
valid path found, generating trajectory...
Trajectory points:, 1000.
Duration:, 3.575112
excecuting path...
current error: , 0.103418
current error: , 0.103418
current error: , 0.019646
Final error:, 0.000808
Execution successful
Goal signal recieved..
Planning ...
Collision pairs set
goal state set
Using RRT Connect
task setup complete
solving task...
OMPL states:, 200.
path found
valid path found, generating trajectory...
Trajectory points:, 1000.
Duration:, 6.351429
excecuting path...
current error: , 0.330155
current error: , 0.330155
current error: , 0.246466
current error: , 0.162777
current error: , 0.07909
current error: , 0.011912
Final error:, 0.003028
Execution successful
Goal signal recieved..
Planning ...
Collision pairs set
goal state set
Using RRT Connect
task setup complete
solving task...
OMPL states:, 200.
path found
valid path found, generating trajectory...
Trajectory points:, 1000.
Duration:, 2.382348
excecuting path...
current error: , 0.004571
Final error:, 0.004571
Execution successful
Goal signal recieved..
Planning ...
Collision pairs set
goal state set
Using RRT Connect
task setup complete
solving task...
OMPL states:, 200.
path found
valid path found, generating trajectory...
Trajectory points:, 1000.
Duration:, 2.302433
excecuting path...
current error: , 0.003872
Final error:, 0.003872
Execution successful
[sandboxScript:info]   Simulation stopping...
[sandboxScript:info]   Simulation stopped.
[sandboxScript:info]   Simulation started.
[CoppeliaSim:warning]   Detected non-default settings (time steps and/or dyn. engine global settings).
[sandboxScript:info]   Simulation stopping...
[sandboxScript:info]   Simulation stopped.
[sandboxScript:info]   Simulation started.
[CoppeliaSim:warning]   Detected non-default settings (time steps and/or dyn. engine global settings).
Goal signal recieved..
Planning ...
Collision pairs set
goal state set
Using RRT Connect
task setup complete
solving task...
OMPL states:, 200.
path found
valid path found, generating trajectory...
Trajectory points:, 1000.
Duration:, 3.403032
excecuting path...
current error: , 0.015702
Final error:, 0.015702
Execution successful
Goal signal recieved..
Planning ...
Collision pairs set
goal state set
Using RRT Connect
task setup complete
solving task...
OMPL states:, 200.
path found
valid path found, generating trajectory...
Trajectory points:, 1000.
Duration:, 3.934644
excecuting path...
current error: , 0.33685
current error: , 0.33685
current error: , 0.253135
current error: , 0.169393
current error: , 0.085703
current error: , 0.013027
Final error:, 0.001314
Execution successful
Goal signal recieved..
Planning ...
Collision pairs set
goal state set
Using RRT Connect
task setup complete
solving task...
OMPL states:, 200.
path found
valid path found, generating trajectory...
Trajectory points:, 1000.
Duration:, 3.9345
excecuting path...
current error: , 0.334186
current error: , 0.334186
current error: , 0.250413
current error: , 0.166754
current error: , 0.083069
current error: , 0.012048
Final error:, 0.001563
Execution successful
Goal signal recieved..
Planning ...
Collision pairs set
goal state set
Using RRT Connect
task setup complete
solving task...
OMPL states:, 200.
path found
valid path found, generating trajectory...
Trajectory points:, 1000.
Duration:, 3.934385
excecuting path...
current error: , 0.336979
current error: , 0.336979
current error: , 0.253285
current error: , 0.16957
current error: , 0.08589
current error: , 0.013095
Final error:, 0.001394
Execution successful
Goal signal recieved..
Planning ...
Collision pairs set
goal state set
Using RRT Connect
task setup complete
solving task...
OMPL states:, 200.
path found
valid path found, generating trajectory...
Trajectory points:, 1000.
Duration:, 3.934664
excecuting path...
current error: , 0.334543
current error: , 0.334543
current error: , 0.250832
current error: , 0.167116
current error: , 0.083399
current error: , 0.012188
Final error:, 0.001327
Execution successful
Goal signal recieved..
Planning ...
Collision pairs set
goal state set
Using RRT Connect
task setup complete
solving task...
OMPL states:, 200.
path found
valid path found, generating trajectory...
Trajectory points:, 1000.
Duration:, 3.934692
excecuting path...
current error: , 0.365125
current error: , 0.365125
current error: , 0.281404
current error: , 0.197682
current error: , 0.113996
current error: , 0.030438
current error: , 0.002589
Final error:, 0.000677
Execution successful
Goal signal recieved..
Planning ...
Collision pairs set
goal state set
Using RRT Connect
task setup complete
solving task...
OMPL states:, 200.
path found
valid path found, generating trajectory...
Trajectory points:, 1000.
Duration:, 3.934523
excecuting path...
current error: , 0.339108
current error: , 0.339108
current error: , 0.255338
current error: , 0.171628
current error: , 0.087927
current error: , 0.013914
Final error:, 0.001971
Execution successful
Goal signal recieved..
Planning ...
Collision pairs set
goal state set
Using RRT Connect
task setup complete
solving task...
OMPL states:, 200.
path found
valid path found, generating trajectory...
Trajectory points:, 1000.
Duration:, 3.934362
excecuting path...
current error: , 0.341301
current error: , 0.341301
current error: , 0.257584
current error: , 0.173869
current error: , 0.090163
current error: , 0.014864
Final error:, 0.00135
Execution successful
Goal signal recieved..
Planning ...
Collision pairs set
goal state set
Using RRT Connect
task setup complete
solving task...
OMPL states:, 200.
path found
valid path found, generating trajectory...
Trajectory points:, 1000.
Duration:, 3.934632
excecuting path...
current error: , 0.339095
current error: , 0.339095
current error: , 0.255366
current error: , 0.171633
current error: , 0.087963
current error: , 0.013926
Final error:, 0.001793
Execution successful
Goal signal recieved..
Planning ...
Collision pairs set
goal state set
Using RRT Connect
task setup complete
solving task...
OMPL states:, 200.
path found
valid path found, generating trajectory...
Trajectory points:, 1000.
Duration:, 3.934597
excecuting path...
current error: , 0.341543
current error: , 0.341543
current error: , 0.257828
current error: , 0.174134
current error: , 0.090445
current error: , 0.014977
Final error:, 0.001519
Execution successful
Goal signal recieved..
Planning ...
Collision pairs set
goal state set
Using RRT Connect
task setup complete
solving task...
OMPL states:, 200.
path found
valid path found, generating trajectory...
Trajectory points:, 1000.
Duration:, 3.934506
excecuting path...
current error: , 0.339092
current error: , 0.339092
current error: , 0.255351
current error: , 0.17163
current error: , 0.08788
current error: , 0.013897
Final error:, 0.001539
Execution successful
Goal signal recieved..
Planning ...
Collision pairs set
goal state set
Using RRT Connect
task setup complete
solving task...
OMPL states:, 200.
path found
valid path found, generating trajectory...
Trajectory points:, 1000.
Duration:, 3.934396
excecuting path...
current error: , 0.336867
current error: , 0.336867
current error: , 0.253161
current error: , 0.169448
current error: , 0.08573
current error: , 0.012992
Final error:, 0.001335
Execution successful
Goal signal recieved..
Planning ...
Collision pairs set
goal state set
Using RRT Connect
task setup complete
solving task...
OMPL states:, 200.
path found
valid path found, generating trajectory...
Trajectory points:, 1000.
Duration:, 3.934634
excecuting path...
current error: , 0.334651
current error: , 0.334651
current error: , 0.250935
current error: , 0.167177
current error: , 0.083475
current error: , 0.012207
Final error:, 0.001529
Execution successful
Goal signal recieved..
Planning ...
Collision pairs set
goal state set
Using RRT Connect
task setup complete
solving task...
OMPL states:, 200.
path found
valid path found, generating trajectory...
Trajectory points:, 1000.
Duration:, 3.934571
excecuting path...
current error: , 0.336869
current error: , 0.336869
current error: , 0.253151
current error: , 0.169439
current error: , 0.085746
current error: , 0.013014
Final error:, 0.001365
Execution successful
Goal signal recieved..
Planning ...
Collision pairs set
goal state set
Using RRT Connect
task setup complete
solving task...
OMPL states:, 200.
path found
valid path found, generating trajectory...
Trajectory points:, 1000.
Duration:, 3.93467
excecuting path...
current error: , 0.334655
current error: , 0.334655
current error: , 0.250922
current error: , 0.167198
current error: , 0.083535
current error: , 0.012208
Final error:, 0.001613
Execution successful
Goal signal recieved..
Planning ...
Collision pairs set
goal state set
Using RRT Connect
task setup complete
solving task...
OMPL states:, 200.
path found
valid path found, generating trajectory...
Trajectory points:, 1000.
Duration:, 3.934527
excecuting path...
current error: , 0.336747
current error: , 0.336747
current error: , 0.253054
current error: , 0.169361
current error: , 0.085664
current error: , 0.01299
Final error:, 0.001545
Execution successful
Goal signal recieved..
Planning ...
Collision pairs set
goal state set
Using RRT Connect
task setup complete
solving task...
OMPL states:, 200.
path found
valid path found, generating trajectory...
Trajectory points:, 1000.
Duration:, 3.934496
excecuting path...
current error: , 0.33453
current error: , 0.33453
current error: , 0.250808
current error: , 0.16708
current error: , 0.083311
current error: , 0.012141
Final error:, 0.001362
Execution successful
Goal signal recieved..
Planning ...
Collision pairs set
goal state set
Using RRT Connect
task setup complete
solving task...
OMPL states:, 200.
path found
valid path found, generating trajectory...
Trajectory points:, 1000.
Duration:, 3.934437
excecuting path...
current error: , 0.336555
current error: , 0.336555
current error: , 0.252848
current error: , 0.169157
current error: , 0.085464
current error: , 0.012916
Final error:, 0.001279
Execution successful
Goal signal recieved..
Planning ...
Collision pairs set
goal state set
Using RRT Connect
task setup complete
solving task...
OMPL states:, 200.
path found
valid path found, generating trajectory...
Trajectory points:, 1000.
Duration:, 3.934085
excecuting path...
current error: , 0.333974
current error: , 0.333974
current error: , 0.250255
current error: , 0.166541
current error: , 0.082806
current error: , 0.011942
Final error:, 0.001327
Execution successful
Goal signal recieved..
Planning ...
Collision pairs set
goal state set
Using RRT Connect
task setup complete
solving task...
OMPL states:, 200.
path found
valid path found, generating trajectory...
Trajectory points:, 1000.
Duration:, 3.934023
excecuting path...
current error: , 0.33629
current error: , 0.33629
current error: , 0.252577
current error: , 0.168887
current error: , 0.085201
current error: , 0.012813
Final error:, 0.001444
Execution successful
Goal signal recieved..
Planning ...
Collision pairs set
goal state set
Using RRT Connect
task setup complete
solving task...
OMPL states:, 200.
path found
valid path found, generating trajectory...
Trajectory points:, 1000.
Duration:, 3.93447
excecuting path...
current error: , 0.334319
current error: , 0.334319
current error: , 0.250568
current error: , 0.166842
current error: , 0.083173
current error: , 0.012099
Final error:, 0.001976
Execution successful
Goal signal recieved..
Planning ...
Collision pairs set
goal state set
Using RRT Connect
task setup complete
solving task...
OMPL states:, 200.
path found
valid path found, generating trajectory...
Trajectory points:, 1000.
Duration:, 9.754328
excecuting path...
current error: , 0.851644
current error: , 0.851644
current error: , 0.7678
current error: , 0.683962
current error: , 0.600122
current error: , 0.516326
current error: , 0.432493
current error: , 0.348699
current error: , 0.264916
current error: , 0.181167
current error: , 0.097386
current error: , 0.018616
Final error:, 0.002337
Execution successful
Goal signal recieved..
Planning ...
Collision pairs set
goal state set
Using RRT Connect
task setup complete
solving task...
OMPL states:, 200.
path found
valid path found, generating trajectory...
Trajectory points:, 1000.
Duration:, 7.298061
excecuting path...
current error: , 0.07366
current error: , 0.07366
current error: , 0.010026
Final error:, 0.002435
Execution successful
Goal signal recieved..
Planning ...
Collision pairs set
goal state set
Using RRT Connect
task setup complete
solving task...
OMPL states:, 200.
path found
valid path found, generating trajectory...
Trajectory points:, 1000.
Duration:, 8.745078
excecuting path...
current error: , 0.014051
Final error:, 0.014051
Execution successful
[sandboxScript:info]   Simulation stopping...
[sandboxScript:info]   Simulation stopped.
[sandboxScript:info]   Simulation started.
[CoppeliaSim:warning]   Detected non-default settings (time steps and/or dyn. engine global settings).
Goal signal recieved..
Planning ...
Collision pairs set
goal state set
Using RRT Connect
task setup complete
solving task...
OMPL states:, 200.
path found
valid path found, generating trajectory...
Trajectory points:, 1000.
Duration:, 3.574695
excecuting path...
current error: , 0.103907
current error: , 0.103907
current error: , 0.019937
Final error:, 0.000239
Execution successful
Goal signal recieved..
Planning ...
Collision pairs set
goal state set
Using RRT Connect
task setup complete
solving task...
OMPL states:, 200.
path found
valid path found, generating trajectory...
Trajectory points:, 1000.
Duration:, 7.939639
excecuting path...
current error: , 0.162103
current error: , 0.162103
current error: , 0.078322
current error: , 0.01132
Final error:, 0.002608
Execution successful
Goal signal recieved..
Planning ...
Collision pairs set
goal state set
Using RRT Connect
task setup complete
solving task...
OMPL states:, 200.
path found
valid path found, generating trajectory...
Trajectory points:, 1000.
Duration:, 3.427007
excecuting path...
current error: , 0.072647
current error: , 0.072647
current error: , 0.010099
Final error:, 0.00326
Execution successful
Goal signal recieved..
Planning ...
Collision pairs set
goal state set
Using RRT Connect
task setup complete
solving task...
OMPL states:, 200.
path found
valid path found, generating trajectory...
Trajectory points:, 1000.
Duration:, 2.067457
excecuting path...
current error: , 0.004641
Final error:, 0.004641
Execution successful

> 
> 
> 
> 
> 
> 
> 
> 
> 
> 
> 
> 
> 
> 
> 
> 
> 
> 
> 
> 
> 
> 
> 
> 
> 
> 
> 
> 
> 
> 
> 
> 
> 
> 
> 
> 
> 
> 
> 
> 
> 
> 
> 
> 
> 
> 
> 
> 
> 
> 
> 
> 
> 
> 
> 
> 
> 
> 
> 
> 
> 
> 
> 
> 
> 
> 
> 
> 
> 
> 
> 
> 
> 
> 
> 
> 
> 
> 
> 
> 
> 
> 
> 
> 
> 
> 
> 
> 
> 
> 
> 
> 
> 
> 
> 
> 
> 
> 
> 
> 
> 
> 
> 
> 
> 
> 
> 
> 
> 
> 
> 
> 
> 
> 
> 
> 
> 
> 
> 
> 
> 
> 
> 
> 
> 
> 
> 
> 
> 
> 
> 
> 
> 
> 
> 
> 
> 
> 
> 
> 
> 
> 
> 
> 
> 
> 
> 
> 
> 
> 
> 
> 
> 
> 
> 
> 
> 
> 
> 
> 
> 
> 
> 
> 
> 
> 
> 
> 
> 
> 
> 
> 
> 
> 
> 
> 
> 
> 
> 
> 
> 
> 
> 
> 
> 
> 
> 
> 
> 
> 
> 
> 
> 
> 
> 
> 
> 
> 
> 
> 
> 
> 
> 
> 
> 
> 
> 
> 
> 
> 
> 
> 
> 
> 
> 
> 
> 
> 
> 
> 
> 
> 
> 
> 
> 
> 
> 
> 
> 
> 
> 
> 
> 
> 
> 
> 
> 
> 
> 
> 
> 
> 
> 
> 
> 
> 
> 
> 
> 
> 
> 
> 
