Warning: Ignoring XDG_SESSION_TYPE=wayland on Gnome. Use QT_QPA_PLATFORM=wayland to run on Wayland anyway.
Warning: Ignoring XDG_SESSION_TYPE=wayland on Gnome. Use QT_QPA_PLATFORM=wayland to run on Wayland anyway.
[CoppeliaSimClient]   loading the CoppeliaSim library...
[CoppeliaSimClient:loadinfo]   done.
[CoppeliaSimClient:loadinfo]   launching CoppeliaSim...
[CoppeliaSim:loadinfo]   Application directory is /home/kolletms/CoppeliaSim_Edu_V4_10_0_rev0_Ubuntu22_04
[CoppeliaSim:loadinfo]   user settings file is /home/kolletms/.CoppeliaSim/usrset.txt
[CoppeliaSim:loadinfo]   CoppeliaSim v4.10.0 (rev. 0), flavor: 1, linux
[CoppeliaSim:loadinfo]   ds:   0
[CoppeliaSim:loadinfo]   msnd: 1
[CoppeliaSim:loadinfo]   ms:   1
[CoppeliaSim:loadinfo]   midx: 5000-91EB-FFC4-9CCA-F764-C71D
[CoppeliaSim:loadinfo]   did:  
[CoppeliaSim:loadinfo]   mid0: FC97-7379-1C16-0023-1C17-0101
[CoppeliaSim:loadinfo]   mid1: FC9773791C1600231C17
[CoppeliaSim:loadinfo]   mid2: 7AB7966CC9EF9BB7FD7FEC7D769DC7BA
[CoppeliaSim:loadinfo]   mid3: 04E3981EA27E99B4CE66
[CoppeliaSim:loadinfo]   k:    687FFE88B3DF088E5DDD414A
[CoppeliaSim:loadinfo]   plugin simIK0: loading...
[CoppeliaSim:loadinfo]   plugin simIK0: done.
[CoppeliaSim:loadinfo]   primary screen physical dots per inch: 165
[CoppeliaSim:loadinfo]   display scaling (guessed): 100
[CoppeliaSim:loadinfo]   simulator launched.
[CoppeliaSim:loadinfo]   plugin 'BWF': loading...
[CoppeliaSim:loadinfo]   plugin 'BWF': load succeeded.
[CoppeliaSim:loadinfo]   plugin 'RemoteApi': loading...
[CoppeliaSim:loadinfo]   plugin 'RemoteApi': load succeeded.
[CoppeliaSim:loadinfo]   SK:   687FFE88B3DF088E5DDD414A
[CoppeliaSim:loadinfo]   initializing the sandbox script...
[sandboxScript:loadinfo]   plugin simZMQ: loading...
[sandboxScript:loadinfo]   plugin simZMQ: done.
[sandboxScript:loadinfo]   plugin simSubprocess: loading...
[sandboxScript:loadinfo]   plugin simSubprocess: done.
[sandboxScript:info]   Simulator launched, welcome! 
[CoppeliaSim:loadinfo]   sandbox script initialized.
[CoppeliaSim:loadinfo]   add-on '3D text generator.lua' was loaded.
[CoppeliaSim:loadinfo]   add-on 'Add-on edit.lua' was loaded.
[CoppeliaSim:loadinfo]   add-on 'Alias change.lua' was loaded.
[CoppeliaSim:loadinfo]   add-on 'Animation capture.lua' was loaded.
[CoppeliaSim:loadinfo]   add-on 'B0 remote Api server.lua' was loaded.
[CoppeliaSim:loadinfo]   add-on 'Button action.lua' was loaded.
[CoppeliaSim:loadinfo]   add-on 'Collision check.lua' was loaded.
[CoppeliaSim:loadinfo]   add-on 'Color changer.lua' was loaded.
[CoppeliaSim:loadinfo]   add-on 'Commander.lua' was loaded.
[CoppeliaSim:loadinfo]   add-on 'Contact display.lua' was loaded.
[CoppeliaSim:loadinfo]   add-on 'Convex decomposition hacd.lua' was loaded.
[CoppeliaSim:loadinfo]   add-on 'Convex decomposition vhacd.lua' was loaded.
[CoppeliaSim:loadinfo]   add-on 'Convex hull.lua' was loaded.
[CoppeliaSim:loadinfo]   add-on 'Create dummies on mesh surface.lua' was loaded.
[CoppeliaSim:loadinfo]   add-on 'Define joint group.lua' was loaded.
[CoppeliaSim:loadinfo]   add-on 'Denavit Hartenberg creator.lua' was loaded.
[CoppeliaSim:loadinfo]   add-on 'Denavit Hartenberg extractor.lua' was loaded.
[CoppeliaSim:loadinfo]   add-on 'Distance check.lua' was loaded.
[CoppeliaSim:loadinfo]   add-on 'Distribute objects uniformly.lua' was loaded.
[CoppeliaSim:loadinfo]   add-on 'Event viewer.lua' was loaded.
[CoppeliaSim:loadinfo]   add-on 'Events capture.lua' was loaded.
[CoppeliaSim:loadinfo]   add-on 'Events dump exporter.lua' was loaded.
[CoppeliaSim:loadinfo]   add-on 'External model auto reload.lua' was loaded.
[CoppeliaSim:loadinfo]   add-on 'External model auto save.lua' was loaded.
[CoppeliaSim:loadinfo]   add-on 'External model load.lua' was loaded.
[CoppeliaSim:loadinfo]   add-on 'External model reload selected.lua' was loaded.
[CoppeliaSim:loadinfo]   add-on 'External model save.lua' was loaded.
[CoppeliaSim:loadinfo]   add-on 'Find in scripts.lua' was loaded.
[CoppeliaSim:loadinfo]   add-on 'Find midpoint.lua' was loaded.
[CoppeliaSim:loadinfo]   add-on 'Floor plan importer.lua' was loaded.
[CoppeliaSim:loadinfo]   add-on 'GLTF animation exporter.lua' was loaded.
[CoppeliaSim:loadinfo]   add-on 'GLTF exporter.lua' was loaded.
[CoppeliaSim:loadinfo]   add-on 'Inverse Kinematics > generator.lua' was loaded.
[CoppeliaSim:loadinfo]   add-on 'Isometric scaling.lua' was loaded.
[CoppeliaSim:loadinfo]   add-on 'Joint tool.lua' was loaded.
[CoppeliaSim:loadinfo]   add-on 'LDraw importer.lua' was loaded.
[CoppeliaSim:loadinfo]   add-on 'Make objects same appearance.lua' was loaded.
[CoppeliaSim:loadinfo]   add-on 'Measure distance and direction.lua' was loaded.
[CoppeliaSim:loadinfo]   add-on 'Mesh decimation.lua' was loaded.
[CoppeliaSim:loadinfo]   add-on 'Mesh difference.lua' was loaded.
[CoppeliaSim:loadinfo]   add-on 'Mesh intersection.lua' was loaded.
[CoppeliaSim:loadinfo]   add-on 'Mesh subdivision.lua' was loaded.
[CoppeliaSim:loadinfo]   add-on 'Mesh symmetric difference.lua' was loaded.
[CoppeliaSim:loadinfo]   add-on 'Mesh union.lua' was loaded.
[CoppeliaSim:loadinfo]   add-on 'Message viewer.lua' was loaded.
[CoppeliaSim:loadinfo]   add-on 'Minimalistic exporter.lua' was loaded.
[CoppeliaSim:loadinfo]   add-on 'Minimalistic importer.lua' was loaded.
[CoppeliaSim:loadinfo]   add-on 'Motion Planning generator.lua' was loaded.
[CoppeliaSim:loadinfo]   add-on 'Notepad++ autocompletion.lua' was loaded.
[CoppeliaSim:loadinfo]   add-on 'Pause Stop Simulation on Condition.lua' was loaded.
[CoppeliaSim:loadinfo]   add-on 'Plugin enumerator.lua' was loaded.
[CoppeliaSim:loadinfo]   add-on 'Point cloud importer.lua' was loaded.
[CoppeliaSim:loadinfo]   add-on 'Point sampler interactive.lua' was loaded.
[CoppeliaSim:loadinfo]   add-on 'Point sampler service.lua' was loaded.
[CoppeliaSim:loadinfo]   add-on 'Property explorer.lua' was loaded.
[CoppeliaSim:loadinfo]   add-on 'PyRep.lua' was loaded.
[CoppeliaSim:loadinfo]   add-on 'Referenced handles explorer.lua' was loaded.
[CoppeliaSim:loadinfo]   add-on 'Referenced handles highlight.lua' was loaded.
[CoppeliaSim:loadinfo]   add-on 'Screenshot tool.lua' was loaded.
[CoppeliaSim:loadinfo]   add-on 'Script capture.lua' was loaded.
[CoppeliaSim:loadinfo]   add-on 'SDF importer.lua' was loaded.
[CoppeliaSim:loadinfo]   add-on 'Simulation stepper.lua' was loaded.
[CoppeliaSim:loadinfo]   add-on 'Subdivide large triangles.lua' was loaded.
[CoppeliaSim:loadinfo]   add-on 'Surface reconstruction.lua' was loaded.
[CoppeliaSim:loadinfo]   add-on 'Translate to align vertex.lua' was loaded.
[CoppeliaSim:loadinfo]   add-on 'URDF exporter.lua' was loaded.
[CoppeliaSim:loadinfo]   add-on 'URDF importer.lua' was loaded.
[CoppeliaSim:loadinfo]   add-on 'URL drop service.lua' was loaded.
[CoppeliaSim:loadinfo]   add-on 'Video recorder.lua' was loaded.
[CoppeliaSim:loadinfo]   add-on 'Visualization stream.lua' was loaded.
[CoppeliaSim:loadinfo]   add-on 'WS remote API server.lua' was loaded.
[CoppeliaSim:loadinfo]   add-on 'ZMQ remote API server.lua' was loaded.
[CoppeliaSim:loadinfo]   add-on 'Convex decomposition coacd.py' was loaded.
[Developer tools >> Commander >> Commander@addOnScript:loadinfo]   plugin simCmd: loading...
[simCmd:warning]   Selected script: Sandbox (Python)
[Developer tools >> Commander >> Commander@addOnScript:loadinfo]   plugin simCmd: done.
[Connectivity >> WebSocket remote API server@addOnScript:loadinfo]   plugin simWS: loading...
[Connectivity >> WebSocket remote API server@addOnScript:loadinfo]   plugin simWS: done.
[Connectivity >> WebSocket remote API server@addOnScript:info]   WebSocket Remote API server starting (port=23052)...
[Connectivity >> ZMQ remote API server@addOnScript:info]   ZeroMQ Remote API server starting (rpcPort=23001)...
[/UR10/followPath:loadinfo]   plugin simIK: loading...
[/UR10/followPath:loadinfo]   plugin simIK: done.
[/UR10/followPath:loadinfo]   plugin simOMPL: loading...
[/UR10/followPath:loadinfo]   plugin simOMPL: done.
/Floor, 13
/MPO_700, 86
/assembly_table, 88
/obs1, 133
/obs2, 135
/obs0, 137
/column0, 141
/column1, 143
/column2, 139
[/UR10/followPath:warning]   sim.switchThread is deprecated. please use sim.step instead. (control verbosity via notifyDeprecated in usrset.txt)
[/moveToPose:warning]   sim.setThreadSwitchTiming is deprecated. please use sim.setAutoYieldDelay instead. (control verbosity via notifyDeprecated in usrset.txt)
[/moveToPose:warning]   sim.switchThread is deprecated. please use sim.step instead. (control verbosity via notifyDeprecated in usrset.txt)
[sandboxScript:info]   Simulation started.
[CoppeliaSim:loadinfo]   plugin simGeom: loading...
[CoppeliaSim:loadinfo]   plugin simGeom: done.
[CoppeliaSim:loadinfo]   plugin simBullet-2-83: loading...
[CoppeliaSim:loadinfo]   plugin simBullet-2-83: done.
[CoppeliaSim:warning]   Detected non-default settings (time steps and/or dyn. engine global settings).
[sandboxScript:info]   Simulation stopping...
[sandboxScript:info]   Simulation stopped.
[sandboxScript:info]   Simulation started.
[CoppeliaSim:warning]   Detected non-default settings (time steps and/or dyn. engine global settings).
[sandboxScript:info]   Simulation stopping...
[sandboxScript:info]   Simulation stopped.
[sandboxScript:info]   Simulation started.
[CoppeliaSim:warning]   Detected non-default settings (time steps and/or dyn. engine global settings).
Goal signal recieved..
Planning ...
Collision pairs set
goal state set
Using RRT Connect
task setup complete
solving task...
OMPL states:, 200.
path found
valid path found, generating trajectory...
[/UR10/followPath:warning]   module 'matrix' was implicitly loaded.
[/UR10/followPath:warning]   "matrix" module is deprecated. please use simEigen
Trajectory points:, 1000.
Duration:, 3.402806
excecuting path...
current error: , 0.014105
Final error:, 0.014105
Execution successful
[CoppeliaSim:loadinfo]   plugin simRuckig: loading...
[CoppeliaSim:loadinfo]   plugin simRuckig: done.
Goal signal recieved..
Planning ...
Collision pairs set
goal state set
Using RRT Connect
task setup complete
solving task...
OMPL states:, 200.
path found
valid path found, generating trajectory...
Trajectory points:, 1000.
Duration:, 7.34487
excecuting path...
current error: , 0.031122
current error: , 0.031122
current error: , 0.004041
Final error:, 0.001868
Execution successful
Goal signal recieved..
Planning ...
Collision pairs set
goal state set
Using RRT Connect
task setup complete
solving task...
OMPL states:, 200.
path found
valid path found, generating trajectory...
Trajectory points:, 1000.
Duration:, 7.831775
excecuting path...
current error: , 0.993352
current error: , 0.993352
current error: , 0.909411
current error: , 0.825538
current error: , 0.741693
current error: , 0.657775
current error: , 0.573909
current error: , 0.490103
current error: , 0.406277
current error: , 0.322498
current error: , 0.238705
current error: , 0.15491
current error: , 0.071136
current error: , 0.009808
Final error:, 0.003185
Execution successful
Goal signal recieved..
Planning ...
Collision pairs set
goal state set
Using RRT Connect
task setup complete
solving task...
OMPL states:, 200.
path found
valid path found, generating trajectory...
Trajectory points:, 1000.
Duration:, 9.625287
excecuting path...
current error: , 0.145751
current error: , 0.145751
current error: , 0.062029
current error: , 0.007725
Final error:, 0.00265
Execution successful
[sandboxScript:info]   Simulation stopping...
[sandboxScript:info]   Simulation stopped.
[sandboxScript:info]   Simulation started.
[CoppeliaSim:warning]   Detected non-default settings (time steps and/or dyn. engine global settings).
Goal signal recieved..
Planning ...
Collision pairs set
goal state set
Using RRT Connect
task setup complete
solving task...
OMPL states:, 200.
path found
valid path found, generating trajectory...
Trajectory points:, 1000.
Duration:, 3.575115
excecuting path...
current error: , 0.100525
current error: , 0.100525
current error: , 0.017873
Final error:, 0.000368
Execution successful
Goal signal recieved..
Planning ...
Collision pairs set
goal state set
Using RRT Connect
task setup complete
solving task...
Goal signal recieved..
Planning ...
Collision pairs set
goal state set
Using RRT Connect
task setup complete
solving task...
OMPL states:, 200.
path found
valid path found, generating trajectory...
Trajectory points:, 1000.
Duration:, 7.614258
excecuting path...
current error: , 0.353564
current error: , 0.353564
current error: , 0.270593
current error: , 0.187595
current error: , 0.10449
current error: , 0.02336
current error: , 0.002574
Final error:, 0.001197
Execution successful
Goal signal recieved..
Planning ...
Collision pairs set
goal state set
Using RRT Connect
task setup complete
solving task...
OMPL states:, 200.
path found
valid path found, generating trajectory...
Trajectory points:, 1000.
Duration:, 5.008438
excecuting path...
current error: , 1.246334
current error: , 1.246334
current error: , 1.163151
current error: , 1.079894
current error: , 0.996831
current error: , 0.913998
current error: , 0.830875
current error: , 0.747986
current error: , 0.664864
current error: , 0.581869
current error: , 0.498747
current error: , 0.415685
current error: , 0.332725
current error: , 0.249687
current error: , 0.16654
current error: , 0.083421
current error: , 0.012497
Final error:, 0.002013
Execution successful
Goal signal recieved..
Planning ...
Collision pairs set
goal state set
Using RRT Connect
task setup complete
solving task...
OMPL states:, 200.
path found
valid path found, generating trajectory...
Trajectory points:, 1000.
Duration:, 3.338682
excecuting path...
current error: , 0.031662
current error: , 0.031662
current error: , 0.004269
Final error:, 0.00307
Execution successful
Goal signal recieved..
Planning ...
Collision pairs set
goal state set
Using RRT Connect
task setup complete
solving task...
OMPL states:, 200.
path found
valid path found, generating trajectory...
Trajectory points:, 1000.
Duration:, 3.337486
excecuting path...
current error: , 0.037863
current error: , 0.037863
current error: , 0.005034
Final error:, 0.00281
Execution successful
Goal signal recieved..
Planning ...
Collision pairs set
goal state set
Using RRT Connect
task setup complete
solving task...
OMPL states:, 200.
path found
valid path found, generating trajectory...
Trajectory points:, 1000.
Duration:, 3.33911
excecuting path...
current error: , 0.016166
Final error:, 0.016166
Execution successful
Goal signal recieved..
Planning ...
Collision pairs set
goal state set
Using RRT Connect
task setup complete
solving task...
OMPL states:, 200.
path found
valid path found, generating trajectory...
Trajectory points:, 1000.
Duration:, 3.338566
excecuting path...
current error: , 0.01959
Final error:, 0.01959
Execution successful
Goal signal recieved..
Planning ...
Collision pairs set
goal state set
Using RRT Connect
task setup complete
solving task...
OMPL states:, 200.
path found
valid path found, generating trajectory...
Trajectory points:, 1000.
Duration:, 3.337148
excecuting path...
current error: , 0.01497
Final error:, 0.01497
Execution successful
Goal signal recieved..
Planning ...
Collision pairs set
goal state set
Using RRT Connect
task setup complete
solving task...
OMPL states:, 200.
path found
valid path found, generating trajectory...
Trajectory points:, 1000.
Duration:, 3.336971
excecuting path...
current error: , 0.018259
Final error:, 0.018259
Execution successful
Goal signal recieved..
Planning ...
Collision pairs set
goal state set
Using RRT Connect
task setup complete
solving task...
OMPL states:, 200.
path found
valid path found, generating trajectory...
Trajectory points:, 1000.
Duration:, 3.337386
excecuting path...
current error: , 0.015234
Final error:, 0.015234
Execution successful
Goal signal recieved..
Planning ...
Collision pairs set
goal state set
Using RRT Connect
task setup complete
solving task...
OMPL states:, 200.
path found
valid path found, generating trajectory...
Trajectory points:, 1000.
Duration:, 3.337588
excecuting path...
current error: , 0.018968
Final error:, 0.018968
Execution successful
Goal signal recieved..
Planning ...
Collision pairs set
goal state set
Using RRT Connect
task setup complete
solving task...
OMPL states:, 200.
path found
valid path found, generating trajectory...
Trajectory points:, 1000.
Duration:, 3.335586
excecuting path...
current error: , 0.028562
current error: , 0.028562
current error: , 0.003923
Final error:, 0.002213
Execution successful
Goal signal recieved..
Planning ...
Collision pairs set
goal state set
Using RRT Connect
task setup complete
solving task...
OMPL states:, 200.
path found
valid path found, generating trajectory...
Trajectory points:, 1000.
Duration:, 3.336305
excecuting path...
current error: , 0.035888
current error: , 0.035888
current error: , 0.004568
Final error:, 0.002866
Execution successful
Goal signal recieved..
Planning ...
Collision pairs set
goal state set
Using RRT Connect
task setup complete
solving task...
OMPL states:, 200.
path found
valid path found, generating trajectory...
Trajectory points:, 1000.
Duration:, 3.338048
excecuting path...
current error: , 0.013865
Final error:, 0.013865
Execution successful
Goal signal recieved..
Planning ...
Collision pairs set
goal state set
Using RRT Connect
task setup complete
solving task...
OMPL states:, 200.
path found
valid path found, generating trajectory...
Trajectory points:, 1000.
Duration:, 3.337434
excecuting path...
current error: , 0.037344
current error: , 0.037344
current error: , 0.005158
Final error:, 0.002738
Execution successful
Goal signal recieved..
Planning ...
Collision pairs set
goal state set
Using RRT Connect
task setup complete
solving task...
OMPL states:, 200.
path found
valid path found, generating trajectory...
Trajectory points:, 1000.
Duration:, 3.337465
excecuting path...
current error: , 0.030633
current error: , 0.030633
current error: , 0.004092
Final error:, 0.002317
Execution successful
Goal signal recieved..
Planning ...
Collision pairs set
goal state set
Using RRT Connect
task setup complete
solving task...
OMPL states:, 200.
path found
valid path found, generating trajectory...
Trajectory points:, 1000.
Duration:, 3.338052
excecuting path...
current error: , 0.037747
current error: , 0.037747
current error: , 0.005012
Final error:, 0.0029
Execution successful
Goal signal recieved..
Planning ...
Collision pairs set
goal state set
Using RRT Connect
task setup complete
solving task...
OMPL states:, 200.
path found
valid path found, generating trajectory...
Trajectory points:, 1000.
Duration:, 3.337813
excecuting path...
current error: , 0.030984
current error: , 0.030984
current error: , 0.004291
Final error:, 0.002299
Execution successful
Goal signal recieved..
Planning ...
Collision pairs set
goal state set
Using RRT Connect
task setup complete
solving task...
OMPL states:, 200.
path found
valid path found, generating trajectory...
Trajectory points:, 1000.
Duration:, 3.337313
excecuting path...
current error: , 0.037043
current error: , 0.037043
current error: , 0.004995
Final error:, 0.002905
Execution successful
Goal signal recieved..
Planning ...
Collision pairs set
goal state set
Using RRT Connect
task setup complete
solving task...
OMPL states:, 200.
path found
valid path found, generating trajectory...
Trajectory points:, 1000.
Duration:, 3.336878
excecuting path...
current error: , 0.0301
current error: , 0.0301
current error: , 0.004051
Final error:, 0.002513
Execution successful
Goal signal recieved..
Planning ...
Collision pairs set
goal state set
Using RRT Connect
task setup complete
solving task...
OMPL states:, 200.
path found
valid path found, generating trajectory...
Trajectory points:, 1000.
Duration:, 3.41842
excecuting path...
current error: , 0.063723
current error: , 0.063723
current error: , 0.007729
Final error:, 0.002405
Execution successful
Goal signal recieved..
Planning ...
Collision pairs set
goal state set
Using RRT Connect
task setup complete
solving task...
OMPL states:, 200.
path found
valid path found, generating trajectory...
Trajectory points:, 1000.
Duration:, 3.388697
excecuting path...
current error: , 0.029054
current error: , 0.029054
current error: , 0.003117
Final error:, 0.001336
Execution successful
Goal signal recieved..
Planning ...
Collision pairs set
goal state set
Using RRT Connect
task setup complete
solving task...
OMPL states:, 200.
path found
valid path found, generating trajectory...
Trajectory points:, 1000.
Duration:, 3.401137
excecuting path...
current error: , 0.043209
current error: , 0.043209
current error: , 0.003694
Final error:, 0.000822
Execution successful
Goal signal recieved..
Planning ...
Collision pairs set
goal state set
Using RRT Connect
task setup complete
solving task...
OMPL states:, 200.
path found
valid path found, generating trajectory...
Trajectory points:, 1000.
Duration:, 3.374131
excecuting path...
current error: , 0.020038
current error: , 0.020038
current error: , 0.002071
Final error:, 0.001775
Execution successful
Goal signal recieved..
Planning ...
Collision pairs set
goal state set
Using RRT Connect
task setup complete
solving task...
OMPL states:, 200.
path found
valid path found, generating trajectory...
Trajectory points:, 1000.
Duration:, 3.401744
excecuting path...
current error: , 0.022806
current error: , 0.022806
current error: , 0.002361
Final error:, 0.001254
Execution successful
Goal signal recieved..
Planning ...
Collision pairs set
goal state set
Using RRT Connect
task setup complete
solving task...
OMPL states:, 200.
path found
valid path found, generating trajectory...
Trajectory points:, 1000.
Duration:, 3.374444
excecuting path...
current error: , 0.02012
current error: , 0.02012
current error: , 0.00226
Final error:, 0.001228
Execution successful
Goal signal recieved..
Planning ...
Collision pairs set
goal state set
Using RRT Connect
task setup complete
solving task...
OMPL states:, 200.
path found
valid path found, generating trajectory...
Trajectory points:, 1000.
Duration:, 3.401855
excecuting path...
current error: , 0.022981
current error: , 0.022981
current error: , 0.001976
Final error:, 0.000743
Execution successful
Goal signal recieved..
Planning ...
Collision pairs set
goal state set
Using RRT Connect
task setup complete
solving task...
OMPL states:, 200.
path found
valid path found, generating trajectory...
Trajectory points:, 1000.
Duration:, 3.374665
excecuting path...
current error: , 0.02026
current error: , 0.02026
current error: , 0.002633
Final error:, 0.002214
Execution successful
Goal signal recieved..
Planning ...
Collision pairs set
goal state set
Using RRT Connect
task setup complete
solving task...
OMPL states:, 200.
path found
valid path found, generating trajectory...
Trajectory points:, 1000.
Duration:, 9.311802
excecuting path...
current error: , 0.80298
current error: , 0.80298
current error: , 0.719838
current error: , 0.636699
current error: , 0.553682
current error: , 0.47053
current error: , 0.387469
current error: , 0.304418
current error: , 0.22146
current error: , 0.138507
current error: , 0.055087
current error: , 0.00686
Final error:, 0.002436
Execution successful
[sandboxScript:info]   Simulation stopping...
[sandboxScript:info]   Simulation stopped.
[sandboxScript:info]   Simulation started.
[CoppeliaSim:warning]   Detected non-default settings (time steps and/or dyn. engine global settings).
Goal signal recieved..
Planning ...
Collision pairs set
goal state set
Using RRT Connect
task setup complete
solving task...
OMPL states:, 200.
path found
valid path found, generating trajectory...
Trajectory points:, 1000.
Duration:, 3.388615
excecuting path...
current error: , 0.021068
current error: , 0.021068
current error: , 0.001265
Final error:, 0.000524
Execution successful
Goal signal recieved..
Planning ...
Collision pairs set
goal state set
Using RRT Connect
task setup complete
solving task...
Goal signal recieved..
Planning ...
Collision pairs set
goal state set
Using RRT Connect
task setup complete
solving task...
OMPL states:, 200.
path found
valid path found, generating trajectory...
Trajectory points:, 1000.
Duration:, 8.920139
excecuting path...
current error: , 0.679004
current error: , 0.679004
current error: , 0.59528
current error: , 0.511573
current error: , 0.427886
current error: , 0.344171
current error: , 0.260441
current error: , 0.176735
current error: , 0.093027
current error: , 0.016535
Final error:, 0.002241
Execution successful
Goal signal recieved..
Planning ...
Collision pairs set
goal state set
Using RRT Connect
task setup complete
solving task...
OMPL states:, 200.
path found
valid path found, generating trajectory...
Trajectory points:, 1000.
Duration:, 1.648947
excecuting path...
current error: , 0.002505
Final error:, 0.002505
Execution successful
Goal signal recieved..
Planning ...
Collision pairs set
goal state set
Using RRT Connect
task setup complete
solving task...
OMPL states:, 200.
path found
valid path found, generating trajectory...
Trajectory points:, 1000.
Duration:, 0.308141
excecuting path...
current error: , 0.006752
Final error:, 0.006752
Execution successful
Goal signal recieved..
Planning ...
Collision pairs set
goal state set
Using RRT Connect
task setup complete
solving task...
OMPL states:, 200.
path found
valid path found, generating trajectory...
Trajectory points:, 1000.
Duration:, 1.674651
excecuting path...
current error: , 0.004247
Final error:, 0.004247
Execution successful
Goal signal recieved..
Planning ...
Collision pairs set
goal state set
Using RRT Connect
task setup complete
solving task...
OMPL states:, 200.
path found
valid path found, generating trajectory...
Trajectory points:, 1000.
Duration:, 0.361872
excecuting path...
current error: , 0.003285
Final error:, 0.003285
Execution successful
Goal signal recieved..
Planning ...
Collision pairs set
goal state set
Using RRT Connect
task setup complete
solving task...
OMPL states:, 200.
path found
valid path found, generating trajectory...
Trajectory points:, 1000.
Duration:, 1.676523
excecuting path...
current error: , 0.002739
Final error:, 0.002739
Execution successful
Goal signal recieved..
Planning ...
Collision pairs set
goal state set
Using RRT Connect
task setup complete
solving task...
OMPL states:, 200.
path found
valid path found, generating trajectory...
Trajectory points:, 1000.
Duration:, 0.35266
excecuting path...
current error: , 0.004157
Final error:, 0.004157
Execution successful
Goal signal recieved..
Planning ...
Collision pairs set
goal state set
Using RRT Connect
task setup complete
solving task...
OMPL states:, 200.
path found
valid path found, generating trajectory...
Trajectory points:, 1000.
Duration:, 1.678117
excecuting path...
current error: , 0.002729
Final error:, 0.002729
Execution successful
Goal signal recieved..
Planning ...
Collision pairs set
goal state set
Using RRT Connect
task setup complete
solving task...
OMPL states:, 200.
path found
valid path found, generating trajectory...
Trajectory points:, 1000.
Duration:, 0.361603
excecuting path...
current error: , 0.002202
Final error:, 0.002202
Execution successful
Goal signal recieved..
Planning ...
Collision pairs set
goal state set
Using RRT Connect
task setup complete
solving task...
OMPL states:, 200.
path found
valid path found, generating trajectory...
Trajectory points:, 1000.
Duration:, 1.672848
excecuting path...
current error: , 0.002638
Final error:, 0.002638
Execution successful
Goal signal recieved..
Planning ...
Collision pairs set
goal state set
Using RRT Connect
task setup complete
solving task...
OMPL states:, 200.
path found
valid path found, generating trajectory...
Trajectory points:, 1000.
Duration:, 0.346274
excecuting path...
current error: , 0.003706
Final error:, 0.003706
Execution successful
Goal signal recieved..
Planning ...
Collision pairs set
goal state set
Using RRT Connect
task setup complete
solving task...
OMPL states:, 200.
path found
valid path found, generating trajectory...
Trajectory points:, 1000.
Duration:, 1.673168
excecuting path...
current error: , 0.002616
Final error:, 0.002616
Execution successful
Goal signal recieved..
Planning ...
Collision pairs set
goal state set
Using RRT Connect
task setup complete
solving task...
OMPL states:, 200.
path found
valid path found, generating trajectory...
Trajectory points:, 1000.
Duration:, 0.346285
excecuting path...
current error: , 0.003491
Final error:, 0.003491
Execution successful
Goal signal recieved..
Planning ...
Collision pairs set
goal state set
Using RRT Connect
task setup complete
solving task...
OMPL states:, 200.
path found
valid path found, generating trajectory...
Trajectory points:, 1000.
Duration:, 1.673624
excecuting path...
current error: , 0.004167
Final error:, 0.004167
Execution successful
Goal signal recieved..
Planning ...
Collision pairs set
goal state set
Using RRT Connect
task setup complete
solving task...
OMPL states:, 200.
path found
valid path found, generating trajectory...
Trajectory points:, 1000.
Duration:, 0.339392
excecuting path...
current error: , 0.002637
Final error:, 0.002637
Execution successful
Goal signal recieved..
Planning ...
Collision pairs set
goal state set
Using RRT Connect
task setup complete
solving task...
OMPL states:, 200.
path found
valid path found, generating trajectory...
Trajectory points:, 1000.
Duration:, 1.676628
excecuting path...
current error: , 0.004465
Final error:, 0.004465
Execution successful
Goal signal recieved..
Planning ...
Collision pairs set
goal state set
Using RRT Connect
task setup complete
solving task...
OMPL states:, 200.
path found
valid path found, generating trajectory...
Trajectory points:, 1000.
Duration:, 0.340601
excecuting path...
current error: , 0.002696
Final error:, 0.002696
Execution successful
Goal signal recieved..
Planning ...
Collision pairs set
goal state set
Using RRT Connect
task setup complete
solving task...
OMPL states:, 200.
path found
valid path found, generating trajectory...
Trajectory points:, 1000.
Duration:, 1.675241
excecuting path...
current error: , 0.004246
Final error:, 0.004246
Execution successful
Goal signal recieved..
Planning ...
Collision pairs set
goal state set
Using RRT Connect
task setup complete
solving task...
OMPL states:, 200.
path found
valid path found, generating trajectory...
Trajectory points:, 1000.
Duration:, 0.345864
excecuting path...
current error: , 0.002918
Final error:, 0.002918
Execution successful
Goal signal recieved..
Planning ...
Collision pairs set
goal state set
Using RRT Connect
task setup complete
solving task...
OMPL states:, 200.
path found
valid path found, generating trajectory...
Trajectory points:, 1000.
Duration:, 1.672558
excecuting path...
current error: , 0.004053
Final error:, 0.004053
Execution successful
Goal signal recieved..
Planning ...
Collision pairs set
goal state set
Using RRT Connect
task setup complete
solving task...
OMPL states:, 200.
path found
valid path found, generating trajectory...
Trajectory points:, 1000.
Duration:, 0.32445
excecuting path...
current error: , 0.002374
Final error:, 0.002374
Execution successful
Goal signal recieved..
Planning ...
Collision pairs set
goal state set
Using RRT Connect
task setup complete
solving task...
OMPL states:, 200.
path found
valid path found, generating trajectory...
Trajectory points:, 1000.
Duration:, 1.671122
excecuting path...
current error: , 0.003932
Final error:, 0.003932
Execution successful
Goal signal recieved..
Planning ...
Collision pairs set
goal state set
Using RRT Connect
task setup complete
solving task...
OMPL states:, 200.
path found
valid path found, generating trajectory...
Trajectory points:, 1000.
Duration:, 0.375642
excecuting path...
current error: , 0.004377
Final error:, 0.004377
Execution successful
Goal signal recieved..
Planning ...
Collision pairs set
goal state set
Using RRT Connect
task setup complete
solving task...
OMPL states:, 200.
path found
valid path found, generating trajectory...
Trajectory points:, 1000.
Duration:, 1.626063
excecuting path...
current error: , 0.001935
Final error:, 0.001935
Execution successful
Goal signal recieved..
Planning ...
Collision pairs set
goal state set
Using RRT Connect
task setup complete
solving task...
OMPL states:, 200.
path found
valid path found, generating trajectory...
Trajectory points:, 1000.
Duration:, 0.323122
excecuting path...
current error: , 0.002403
Final error:, 0.002403
Execution successful
Goal signal recieved..
Planning ...
Collision pairs set
goal state set
Using RRT Connect
task setup complete
solving task...
OMPL states:, 200.
path found
valid path found, generating trajectory...
Trajectory points:, 1000.
Duration:, 1.675872
excecuting path...
current error: , 0.004344
Final error:, 0.004344
Execution successful
Goal signal recieved..
Planning ...
Collision pairs set
goal state set
Using RRT Connect
task setup complete
solving task...
OMPL states:, 200.
path found
valid path found, generating trajectory...
Trajectory points:, 1000.
Duration:, 0.326085
excecuting path...
current error: , 0.002678
Final error:, 0.002678
Execution successful
Goal signal recieved..
Planning ...
Collision pairs set
goal state set
Using RRT Connect
task setup complete
solving task...
OMPL states:, 200.
path found
valid path found, generating trajectory...
Trajectory points:, 1000.
Duration:, 1.691511
excecuting path...
current error: , 0.002179
Final error:, 0.002179
Execution successful
[sandboxScript:info]   Simulation stopping...
[sandboxScript:info]   Simulation stopped.
[sandboxScript:info]   Simulation started.
[CoppeliaSim:warning]   Detected non-default settings (time steps and/or dyn. engine global settings).
Goal signal recieved..
Planning ...
Collision pairs set
goal state set
Using RRT Connect
task setup complete
solving task...
OMPL states:, 200.
path found
valid path found, generating trajectory...
Trajectory points:, 1000.
Duration:, 3.402588
excecuting path...
current error: , 0.014801
Final error:, 0.014801
Execution successful
Goal signal recieved..
Planning ...
Collision pairs set
goal state set
Using RRT Connect
task setup complete
solving task...
OMPL states:, 200.
path found
valid path found, generating trajectory...
Trajectory points:, 1000.
Duration:, 3.2729
excecuting path...
current error: , 0.018656
Final error:, 0.018656
Execution successful
Goal signal recieved..
Planning ...
Collision pairs set
goal state set
Using RRT Connect
task setup complete
solving task...
OMPL states:, 200.
path found
valid path found, generating trajectory...
Trajectory points:, 1000.
Duration:, 3.29687
excecuting path...
current error: , 0.007774
Final error:, 0.007774
Execution successful
Goal signal recieved..
Planning ...
Collision pairs set
goal state set
Using RRT Connect
task setup complete
solving task...
OMPL states:, 200.
path found
valid path found, generating trajectory...
Trajectory points:, 1000.
Duration:, 3.2973
excecuting path...
current error: , 0.007716
Final error:, 0.007716
Execution successful
Goal signal recieved..
Planning ...
Collision pairs set
goal state set
Using RRT Connect
task setup complete
solving task...
OMPL states:, 200.
path found
valid path found, generating trajectory...
Trajectory points:, 1000.
Duration:, 3.295266
excecuting path...
current error: , 0.00752
Final error:, 0.00752
Execution successful
Goal signal recieved..
Planning ...
Collision pairs set
goal state set
Using RRT Connect
task setup complete
solving task...
OMPL states:, 200.
path found
valid path found, generating trajectory...
Trajectory points:, 1000.
Duration:, 3.290019
excecuting path...
current error: , 0.006191
Final error:, 0.006191
Execution successful
Goal signal recieved..
Planning ...
Collision pairs set
goal state set
Using RRT Connect
task setup complete
solving task...
OMPL states:, 200.
path found
valid path found, generating trajectory...
Trajectory points:, 1000.
Duration:, 3.290037
excecuting path...
current error: , 0.007486
Final error:, 0.007486
Execution successful
Goal signal recieved..
Planning ...
Collision pairs set
goal state set
Using RRT Connect
task setup complete
solving task...
OMPL states:, 200.
path found
valid path found, generating trajectory...
Trajectory points:, 1000.
Duration:, 3.295939
excecuting path...
current error: , 0.00877
Final error:, 0.00877
Execution successful
Goal signal recieved..
Planning ...
Collision pairs set
goal state set
Using RRT Connect
task setup complete
solving task...
OMPL states:, 200.
path found
valid path found, generating trajectory...
Trajectory points:, 1000.
Duration:, 3.295145
excecuting path...
current error: , 0.008659
Final error:, 0.008659
Execution successful
Goal signal recieved..
Planning ...
Collision pairs set
goal state set
Using RRT Connect
task setup complete
solving task...
OMPL states:, 200.
path found
valid path found, generating trajectory...
Trajectory points:, 1000.
Duration:, 3.291507
excecuting path...
current error: , 0.007457
Final error:, 0.007457
Execution successful
Goal signal recieved..
Planning ...
Collision pairs set
goal state set
Using RRT Connect
task setup complete
solving task...
OMPL states:, 200.
path found
valid path found, generating trajectory...
Trajectory points:, 1000.
Duration:, 3.291554
excecuting path...
current error: , 0.007904
Final error:, 0.007904
Execution successful
Goal signal recieved..
Planning ...
Collision pairs set
goal state set
Using RRT Connect
task setup complete
solving task...
OMPL states:, 200.
path found
valid path found, generating trajectory...
Trajectory points:, 1000.
Duration:, 3.306143
excecuting path...
current error: , 0.012138
Final error:, 0.012138
Execution successful
Goal signal recieved..
Planning ...
Collision pairs set
goal state set
Using RRT Connect
task setup complete
solving task...
OMPL states:, 200.
path found
valid path found, generating trajectory...
Trajectory points:, 1000.
Duration:, 3.305123
excecuting path...
current error: , 0.010266
Final error:, 0.010266
Execution successful
Goal signal recieved..
Planning ...
Collision pairs set
goal state set
Using RRT Connect
task setup complete
solving task...
OMPL states:, 200.
path found
valid path found, generating trajectory...
Trajectory points:, 1000.
Duration:, 3.281669
excecuting path...
current error: , 0.00476
Final error:, 0.00476
Execution successful
Goal signal recieved..
Planning ...
Collision pairs set
goal state set
Using RRT Connect
task setup complete
solving task...
OMPL states:, 200.
path found
valid path found, generating trajectory...
Trajectory points:, 1000.
Duration:, 3.281923
excecuting path...
current error: , 0.004827
Final error:, 0.004827
Execution successful
Goal signal recieved..
Planning ...
Collision pairs set
goal state set
Using RRT Connect
task setup complete
solving task...
OMPL states:, 200.
path found
valid path found, generating trajectory...
Trajectory points:, 1000.
Duration:, 3.29584
excecuting path...
current error: , 0.007487
Final error:, 0.007487
Execution successful
Goal signal recieved..
Planning ...
Collision pairs set
goal state set
Using RRT Connect
task setup complete
solving task...
OMPL states:, 200.
path found
valid path found, generating trajectory...
Trajectory points:, 1000.
Duration:, 3.29536
excecuting path...
current error: , 0.007364
Final error:, 0.007364
Execution successful
Goal signal recieved..
Planning ...
Collision pairs set
goal state set
Using RRT Connect
task setup complete
solving task...
OMPL states:, 200.
path found
valid path found, generating trajectory...
Trajectory points:, 1000.
Duration:, 3.296176
excecuting path...
current error: , 0.007485
Final error:, 0.007485
Execution successful
Goal signal recieved..
Planning ...
Collision pairs set
goal state set
Using RRT Connect
task setup complete
solving task...
OMPL states:, 200.
path found
valid path found, generating trajectory...
Trajectory points:, 1000.
Duration:, 3.296393
excecuting path...
current error: , 0.018051
Final error:, 0.018051
Execution successful
Goal signal recieved..
Planning ...
Collision pairs set
goal state set
Using RRT Connect
task setup complete
solving task...
OMPL states:, 200.
path found
valid path found, generating trajectory...
Trajectory points:, 1000.
Duration:, 3.295228
excecuting path...
current error: , 0.007283
Final error:, 0.007283
Execution successful
Goal signal recieved..
Planning ...
Collision pairs set
goal state set
Using RRT Connect
task setup complete
solving task...
OMPL states:, 200.
path found
valid path found, generating trajectory...
Trajectory points:, 1000.
Duration:, 3.295439
excecuting path...
current error: , 0.007558
Final error:, 0.007558
Execution successful
Goal signal recieved..
Planning ...
Collision pairs set
goal state set
Using RRT Connect
task setup complete
solving task...
Goal signal recieved..
Planning ...
Collision pairs set
goal state set
Using RRT Connect
task setup complete
solving task...
OMPL states:, 200.
path found
valid path found, generating trajectory...
Trajectory points:, 1000.
Duration:, 3.298852
excecuting path...
current error: , 0.019043
Final error:, 0.019043
Execution successful
Goal signal recieved..
Planning ...
Collision pairs set
goal state set
Using RRT Connect
task setup complete
solving task...
OMPL states:, 200.
path found
valid path found, generating trajectory...
Trajectory points:, 1000.
Duration:, 3.296998
excecuting path...
current error: , 0.007812
Final error:, 0.007812
Execution successful
Goal signal recieved..
Planning ...
Collision pairs set
goal state set
Using RRT Connect
task setup complete
solving task...
OMPL states:, 200.
path found
valid path found, generating trajectory...
Trajectory points:, 1000.
Duration:, 3.294078
excecuting path...
current error: , 0.008248
Final error:, 0.008248
Execution successful
Goal signal recieved..
Planning ...
Collision pairs set
goal state set
Using RRT Connect
task setup complete
solving task...
OMPL states:, 200.
path found
valid path found, generating trajectory...
Trajectory points:, 1000.
Duration:, 3.294347
excecuting path...
current error: , 0.008499
Final error:, 0.008499
Execution successful
Goal signal recieved..
Planning ...
Collision pairs set
goal state set
Using RRT Connect
task setup complete
solving task...
OMPL states:, 200.
path found
valid path found, generating trajectory...
Trajectory points:, 1000.
Duration:, 3.296381
excecuting path...
current error: , 0.008894
Final error:, 0.008894
Execution successful
Goal signal recieved..
Planning ...
Collision pairs set
goal state set
Using RRT Connect
task setup complete
solving task...
OMPL states:, 200.
path found
valid path found, generating trajectory...
Trajectory points:, 1000.
Duration:, 3.295499
excecuting path...
current error: , 0.008749
Final error:, 0.008749
Execution successful
Goal signal recieved..
Planning ...
Collision pairs set
goal state set
Using RRT Connect
task setup complete
solving task...
OMPL states:, 200.
path found
valid path found, generating trajectory...
Trajectory points:, 1000.
Duration:, 3.297539
excecuting path...
current error: , 0.00916
Final error:, 0.00916
Execution successful
Goal signal recieved..
Planning ...
Collision pairs set
goal state set
Using RRT Connect
task setup complete
solving task...
OMPL states:, 200.
path found
valid path found, generating trajectory...
Trajectory points:, 1000.
Duration:, 3.297352
excecuting path...
current error: , 0.009169
Final error:, 0.009169
Execution successful
Goal signal recieved..
Planning ...
Collision pairs set
goal state set
Using RRT Connect
task setup complete
solving task...
OMPL states:, 200.
path found
valid path found, generating trajectory...
Trajectory points:, 1000.
Duration:, 3.29711
excecuting path...
current error: , 0.009116
Final error:, 0.009116
Execution successful
[sandboxScript:info]   Simulation stopping...
[sandboxScript:info]   Simulation stopped.
[sandboxScript:info]   Simulation started.
[CoppeliaSim:warning]   Detected non-default settings (time steps and/or dyn. engine global settings).
Goal signal recieved..
Planning ...
Collision pairs set
goal state set
Using RRT Connect
task setup complete
solving task...
OMPL states:, 200.
path found
valid path found, generating trajectory...
Trajectory points:, 1000.
Duration:, 3.402857
excecuting path...
current error: , 0.01483
Final error:, 0.01483
Execution successful
Goal signal recieved..
Planning ...
Collision pairs set
goal state set
Using RRT Connect
task setup complete
solving task...
Goal signal recieved..
Planning ...
Collision pairs set
goal state set
Using RRT Connect
task setup complete
solving task...
Goal signal recieved..
Planning ...
Collision pairs set
goal state set
Using RRT Connect
task setup complete
solving task...
OMPL states:, 200.
path found
valid path found, generating trajectory...
Trajectory points:, 1000.
Duration:, 8.427461
excecuting path...
current error: , 0.94258
current error: , 0.94258
current error: , 0.858869
current error: , 0.775161
current error: , 0.691473
current error: , 0.607788
current error: , 0.524078
current error: , 0.440359
current error: , 0.356638
current error: , 0.27293
current error: , 0.189234
current error: , 0.105538
current error: , 0.023677
current error: , 0.002967
Final error:, 0.001678
Execution successful
Goal signal recieved..
Planning ...
Collision pairs set
goal state set
Using RRT Connect
task setup complete
solving task...
OMPL states:, 200.
path found
valid path found, generating trajectory...
Trajectory points:, 1000.
Duration:, 1.696489
excecuting path...
current error: , 0.001681
Final error:, 0.001681
Execution successful
Goal signal recieved..
Planning ...
Collision pairs set
goal state set
Using RRT Connect
task setup complete
solving task...
OMPL states:, 200.
path found
valid path found, generating trajectory...
Trajectory points:, 1000.
Duration:, 0.3944
excecuting path...
current error: , 0.006151
Final error:, 0.006151
Execution successful
Goal signal recieved..
Planning ...
Collision pairs set
goal state set
Using RRT Connect
task setup complete
solving task...
OMPL states:, 200.
path found
valid path found, generating trajectory...
Trajectory points:, 1000.
Duration:, 1.66171
excecuting path...
current error: , 0.00331
Final error:, 0.00331
Execution successful
Goal signal recieved..
Planning ...
Collision pairs set
goal state set
Using RRT Connect
task setup complete
solving task...
OMPL states:, 200.
path found
valid path found, generating trajectory...
Trajectory points:, 1000.
Duration:, 0.354693
excecuting path...
current error: , 0.003487
Final error:, 0.003487
Execution successful
Goal signal recieved..
Planning ...
Collision pairs set
goal state set
Using RRT Connect
task setup complete
solving task...
OMPL states:, 200.
path found
valid path found, generating trajectory...
Trajectory points:, 1000.
Duration:, 1.676455
excecuting path...
current error: , 0.002875
Final error:, 0.002875
Execution successful
Goal signal recieved..
Planning ...
Collision pairs set
goal state set
Using RRT Connect
task setup complete
solving task...
OMPL states:, 200.
path found
valid path found, generating trajectory...
Trajectory points:, 1000.
Duration:, 0.364629
excecuting path...
current error: , 0.0025
Final error:, 0.0025
Execution successful
Goal signal recieved..
Planning ...
Collision pairs set
goal state set
Using RRT Connect
task setup complete
solving task...
OMPL states:, 200.
path found
valid path found, generating trajectory...
Trajectory points:, 1000.
Duration:, 1.670718
excecuting path...
current error: , 0.002442
Final error:, 0.002442
Execution successful
Goal signal recieved..
Planning ...
Collision pairs set
goal state set
Using RRT Connect
task setup complete
solving task...
OMPL states:, 200.
path found
valid path found, generating trajectory...
Trajectory points:, 1000.
Duration:, 0.36978
excecuting path...
current error: , 0.003002
Final error:, 0.003002
Execution successful
Goal signal recieved..
Planning ...
Collision pairs set
goal state set
Using RRT Connect
task setup complete
solving task...
OMPL states:, 200.
path found
valid path found, generating trajectory...
Trajectory points:, 1000.
Duration:, 1.673453
excecuting path...
current error: , 0.00272
Final error:, 0.00272
Execution successful
Goal signal recieved..
Planning ...
Collision pairs set
goal state set
Using RRT Connect
task setup complete
solving task...
OMPL states:, 200.
path found
valid path found, generating trajectory...
Trajectory points:, 1000.
Duration:, 0.337218
excecuting path...
current error: , 0.003107
Final error:, 0.003107
Execution successful
Goal signal recieved..
Planning ...
Collision pairs set
goal state set
Using RRT Connect
task setup complete
solving task...
OMPL states:, 200.
path found
valid path found, generating trajectory...
Trajectory points:, 1000.
Duration:, 1.656163
excecuting path...
current error: , 0.001822
Final error:, 0.001822
Execution successful
Goal signal recieved..
Planning ...
Collision pairs set
goal state set
Using RRT Connect
task setup complete
solving task...
OMPL states:, 200.
path found
valid path found, generating trajectory...
Trajectory points:, 1000.
Duration:, 0.321029
excecuting path...
current error: , 0.002417
Final error:, 0.002417
Execution successful
Goal signal recieved..
Planning ...
Collision pairs set
goal state set
Using RRT Connect
task setup complete
solving task...
OMPL states:, 200.
path found
valid path found, generating trajectory...
Trajectory points:, 1000.
Duration:, 1.669958
excecuting path...
current error: , 0.003976
Final error:, 0.003976
Execution successful
Goal signal recieved..
Planning ...
Collision pairs set
goal state set
Using RRT Connect
task setup complete
solving task...
OMPL states:, 200.
path found
valid path found, generating trajectory...
Trajectory points:, 1000.
Duration:, 0.342097
excecuting path...
current error: , 0.002964
Final error:, 0.002964
Execution successful
Goal signal recieved..
Planning ...
Collision pairs set
goal state set
Using RRT Connect
task setup complete
solving task...
OMPL states:, 200.
path found
valid path found, generating trajectory...
Trajectory points:, 1000.
Duration:, 1.655343
excecuting path...
current error: , 0.002901
Final error:, 0.002901
Execution successful
Goal signal recieved..
Planning ...
Collision pairs set
goal state set
Using RRT Connect
task setup complete
solving task...
OMPL states:, 200.
path found
valid path found, generating trajectory...
Trajectory points:, 1000.
Duration:, 0.320372
excecuting path...
current error: , 0.002415
Final error:, 0.002415
Execution successful
Goal signal recieved..
Planning ...
Collision pairs set
goal state set
Using RRT Connect
task setup complete
solving task...
OMPL states:, 200.
path found
valid path found, generating trajectory...
Trajectory points:, 1000.
Duration:, 1.677933
excecuting path...
current error: , 0.004475
Final error:, 0.004475
Execution successful
Goal signal recieved..
Planning ...
Collision pairs set
goal state set
Using RRT Connect
task setup complete
solving task...
OMPL states:, 200.
path found
valid path found, generating trajectory...
Trajectory points:, 1000.
Duration:, 0.347987
excecuting path...
current error: , 0.003007
Final error:, 0.003007
Execution successful
Goal signal recieved..
Planning ...
Collision pairs set
goal state set
Using RRT Connect
task setup complete
solving task...
OMPL states:, 200.
path found
valid path found, generating trajectory...
Trajectory points:, 1000.
Duration:, 1.67574
excecuting path...
current error: , 0.004387
Final error:, 0.004387
Execution successful
Goal signal recieved..
Planning ...
Collision pairs set
goal state set
Using RRT Connect
task setup complete
solving task...
OMPL states:, 200.
path found
valid path found, generating trajectory...
Trajectory points:, 1000.
Duration:, 0.351903
excecuting path...
current error: , 0.005195
Final error:, 0.005195
Execution successful
[sandboxScript:info]   Simulation stopping...
[sandboxScript:info]   Simulation stopped.
[sandboxScript:info]   Simulation started.
[CoppeliaSim:warning]   Detected non-default settings (time steps and/or dyn. engine global settings).
Goal signal recieved..
Planning ...
Collision pairs set
goal state set
Using RRT Connect
task setup complete
solving task...
OMPL states:, 200.
path found
valid path found, generating trajectory...
Trajectory points:, 1000.
Duration:, 3.388713
excecuting path...
current error: , 0.021017
current error: , 0.021017
current error: , 0.000855
Final error:, 0.000439
Execution successful
Goal signal recieved..
Planning ...
Collision pairs set
goal state set
Using RRT Connect
task setup complete
solving task...
OMPL states:, 200.
path found
valid path found, generating trajectory...
Trajectory points:, 1000.
Duration:, 7.48013
excecuting path...
current error: , 0.001595
Final error:, 0.001595
Execution successful
Goal signal recieved..
Planning ...
Collision pairs set
goal state set
Using RRT Connect
task setup complete
solving task...
OMPL states:, 200.
path found
valid path found, generating trajectory...
Trajectory points:, 1000.
Duration:, 6.330894
excecuting path...
current error: , 0.668544
current error: , 0.668544
current error: , 0.584718
current error: , 0.500912
current error: , 0.417114
current error: , 0.333302
current error: , 0.249519
current error: , 0.165726
current error: , 0.081968
current error: , 0.01363
Final error:, 0.00426
Execution successful
Goal signal recieved..
Planning ...
Collision pairs set
goal state set
Using RRT Connect
task setup complete
solving task...
OMPL states:, 200.
path found
valid path found, generating trajectory...
Trajectory points:, 1000.
Duration:, 3.719074
excecuting path...
current error: , 0.21694
current error: , 0.21694
current error: , 0.133228
current error: , 0.049539
current error: , 0.004978
Final error:, 0.001318
Execution successful
Goal signal recieved..
Planning ...
Collision pairs set
goal state set
Using RRT Connect
task setup complete
solving task...
OMPL states:, 200.
path found
valid path found, generating trajectory...
Trajectory points:, 1000.
Duration:, 3.716227
excecuting path...
current error: , 0.210386
current error: , 0.210386
current error: , 0.126683
current error: , 0.042998
current error: , 0.004252
Final error:, 0.00152
Execution successful
Goal signal recieved..
Planning ...
Collision pairs set
goal state set
Using RRT Connect
task setup complete
solving task...
OMPL states:, 200.
path found
valid path found, generating trajectory...
Trajectory points:, 1000.
Duration:, 3.716152
excecuting path...
current error: , 0.217382
current error: , 0.217382
current error: , 0.13371
current error: , 0.049997
current error: , 0.00492
Final error:, 0.001608
Execution successful
Goal signal recieved..
Planning ...
Collision pairs set
goal state set
Using RRT Connect
task setup complete
solving task...
OMPL states:, 200.
path found
valid path found, generating trajectory...
Trajectory points:, 1000.
Duration:, 3.71627
excecuting path...
current error: , 0.215192
current error: , 0.215192
current error: , 0.131507
current error: , 0.047823
current error: , 0.004687
Final error:, 0.001661
Execution successful
Goal signal recieved..
Planning ...
Collision pairs set
goal state set
Using RRT Connect
task setup complete
solving task...
OMPL states:, 200.
path found
valid path found, generating trajectory...
Trajectory points:, 1000.
Duration:, 3.716199
excecuting path...
current error: , 0.217503
current error: , 0.217503
current error: , 0.133782
current error: , 0.050095
current error: , 0.004955
Final error:, 0.001237
Execution successful
Goal signal recieved..
Planning ...
Collision pairs set
goal state set
Using RRT Connect
task setup complete
solving task...
OMPL states:, 200.
path found
valid path found, generating trajectory...
Trajectory points:, 1000.
Duration:, 3.716237
excecuting path...
current error: , 0.215087
current error: , 0.215087
current error: , 0.131363
current error: , 0.047689
current error: , 0.004819
Final error:, 0.001395
Execution successful
Goal signal recieved..
Planning ...
Collision pairs set
goal state set
Using RRT Connect
task setup complete
solving task...
OMPL states:, 200.
path found
valid path found, generating trajectory...
Trajectory points:, 1000.
Duration:, 3.716161
excecuting path...
current error: , 0.217032
current error: , 0.217032
current error: , 0.133322
current error: , 0.049651
current error: , 0.00487
Final error:, 0.001557
Execution successful
Goal signal recieved..
Planning ...
Collision pairs set
goal state set
Using RRT Connect
task setup complete
solving task...
OMPL states:, 200.
path found
valid path found, generating trajectory...
Trajectory points:, 1000.
Duration:, 3.716326
excecuting path...
current error: , 0.23842
current error: , 0.23842
current error: , 0.154648
current error: , 0.07097
current error: , 0.010004
Final error:, 0.003542
Execution successful
Goal signal recieved..
Planning ...
Collision pairs set
goal state set
Using RRT Connect
task setup complete
solving task...
OMPL states:, 200.
path found
valid path found, generating trajectory...
Trajectory points:, 1000.
Duration:, 8.071329
excecuting path...
current error: , 0.002788
Final error:, 0.002788
Execution successful
Goal signal recieved..
Planning ...
Collision pairs set
goal state set
Using RRT Connect
task setup complete
solving task...
OMPL states:, 200.
path found
valid path found, generating trajectory...
Trajectory points:, 1000.
Duration:, 3.395896
excecuting path...
current error: , 0.064127
current error: , 0.064127
current error: , 0.008689
Final error:, 0.003277
Execution successful
Goal signal recieved..
Planning ...
Collision pairs set
goal state set
Using RRT Connect
task setup complete
solving task...
OMPL states:, 200.
path found
valid path found, generating trajectory...
Trajectory points:, 1000.
Duration:, 3.393853
excecuting path...
current error: , 0.036299
current error: , 0.036299
current error: , 0.003417
Final error:, 0.001497
Execution successful
Goal signal recieved..
Planning ...
Collision pairs set
goal state set
Using RRT Connect
task setup complete
solving task...
OMPL states:, 200.
path found
valid path found, generating trajectory...
Trajectory points:, 1000.
Duration:, 3.395267
excecuting path...
current error: , 0.03527
current error: , 0.03527
current error: , 0.003631
Final error:, 0.001295
Execution successful
Goal signal recieved..
Planning ...
Collision pairs set
goal state set
Using RRT Connect
task setup complete
solving task...
OMPL states:, 200.
path found
valid path found, generating trajectory...
Trajectory points:, 1000.
Duration:, 3.395079
excecuting path...
current error: , 0.037629
current error: , 0.037629
current error: , 0.003548
Final error:, 0.001369
Execution successful
Goal signal recieved..
Planning ...
Collision pairs set
goal state set
Using RRT Connect
task setup complete
solving task...
OMPL states:, 200.
path found
valid path found, generating trajectory...
Trajectory points:, 1000.
Duration:, 3.395056
excecuting path...
current error: , 0.034809
current error: , 0.034809
current error: , 0.003281
Final error:, 0.001603
Execution successful
Goal signal recieved..
Planning ...
Collision pairs set
goal state set
Using RRT Connect
task setup complete
solving task...
OMPL states:, 200.
path found
valid path found, generating trajectory...
Trajectory points:, 1000.
Duration:, 3.39517
excecuting path...
current error: , 0.037934
current error: , 0.037934
current error: , 0.0036
Final error:, 0.001133
Execution successful
Goal signal recieved..
Planning ...
Collision pairs set
goal state set
Using RRT Connect
task setup complete
solving task...
OMPL states:, 200.
path found
valid path found, generating trajectory...
Trajectory points:, 1000.
Duration:, 10.273353
excecuting path...
current error: , 1.610423
current error: , 1.610423
current error: , 1.49774
current error: , 1.38599
current error: , 1.275287
current error: , 1.165992
current error: , 1.058342
current error: , 0.95333
current error: , 0.851542
current error: , 0.754593
current error: , 0.66451
current error: , 0.580544
current error: , 0.496854
current error: , 0.41316
current error: , 0.329462
current error: , 0.245747
current error: , 0.162036
current error: , 0.078402
current error: , 0.010692
Final error:, 0.001634
Execution successful
Goal signal recieved..
Planning ...
Collision pairs set
goal state set
Using RRT Connect
task setup complete
solving task...
OMPL states:, 200.
path found
valid path found, generating trajectory...
Trajectory points:, 1000.
Duration:, 2.175577
excecuting path...
current error: , 0.001333
Final error:, 0.001333
Execution successful
Goal signal recieved..
Planning ...
Collision pairs set
goal state set
Using RRT Connect
task setup complete
solving task...
OMPL states:, 200.
path found
valid path found, generating trajectory...
Trajectory points:, 1000.
Duration:, 3.092727
excecuting path...
current error: , 0.003909
Final error:, 0.003909
Execution successful
Goal signal recieved..
Planning ...
Collision pairs set
goal state set
Using RRT Connect
task setup complete
solving task...
OMPL states:, 200.
path found
valid path found, generating trajectory...
Trajectory points:, 1000.
Duration:, 7.114663
excecuting path...
current error: , 0.017218
Final error:, 0.017218
Execution successful
Goal signal recieved..
Planning ...
Collision pairs set
goal state set
Using RRT Connect
task setup complete
solving task...
Goal signal recieved..
Planning ...
Collision pairs set
goal state set
Using RRT Connect
task setup complete
solving task...
Goal signal recieved..
Planning ...
Collision pairs set
goal state set
Using RRT Connect
task setup complete
solving task...
Goal signal recieved..
Planning ...
Collision pairs set
goal state set
Using RRT Connect
task setup complete
solving task...
OMPL states:, 200.
path found
valid path found, generating trajectory...
Trajectory points:, 1000.
Duration:, 9.118655
excecuting path...
current error: , 0.617758
current error: , 0.617758
current error: , 0.534599
current error: , 0.451553
current error: , 0.368416
current error: , 0.285418
current error: , 0.202406
current error: , 0.119347
current error: , 0.036266
current error: , 0.003799
Final error:, 0.0016
Execution successful
Goal signal recieved..
Planning ...
Collision pairs set
goal state set
Using RRT Connect
task setup complete
solving task...
Goal signal recieved..
Planning ...
Collision pairs set
goal state set
Using RRT Connect
task setup complete
solving task...
OMPL states:, 200.
path found
valid path found, generating trajectory...
Trajectory points:, 1000.
Duration:, 6.018378
excecuting path...
current error: , 0.037835
current error: , 0.037835
current error: , 0.00361
Final error:, 0.001255
Execution successful
Goal signal recieved..
Planning ...
Collision pairs set
goal state set
Using RRT Connect
task setup complete
solving task...
Goal signal recieved..
Planning ...
Collision pairs set
goal state set
Using RRT Connect
task setup complete
solving task...
OMPL states:, 200.
path found
valid path found, generating trajectory...
Trajectory points:, 1000.
Duration:, 3.728229
excecuting path...
current error: , 0.212878
current error: , 0.212878
current error: , 0.129944
current error: , 0.047062
current error: , 0.004339
Final error:, 0.001512
Execution successful
Goal signal recieved..
Planning ...
Collision pairs set
goal state set
Using RRT Connect
task setup complete
solving task...
Goal signal recieved..
Planning ...
Collision pairs set
goal state set
Using RRT Connect
task setup complete
solving task...
Goal signal recieved..
Planning ...
Collision pairs set
goal state set
Using RRT Connect
task setup complete
solving task...
Goal signal recieved..
Planning ...
Collision pairs set
goal state set
Using RRT Connect
task setup complete
solving task...
OMPL states:, 200.
path found
valid path found, generating trajectory...
Trajectory points:, 1000.
Duration:, 3.728513
excecuting path...
current error: , 0.209658
current error: , 0.209658
current error: , 0.126458
current error: , 0.043358
current error: , 0.004048
Final error:, 0.001836
Execution successful
Goal signal recieved..
Planning ...
Collision pairs set
goal state set
Using RRT Connect
task setup complete
solving task...
OMPL states:, 200.
path found
valid path found, generating trajectory...
Trajectory points:, 1000.
Duration:, 1.714809
excecuting path...
current error: , 0.003194
Final error:, 0.003194
Execution successful
Goal signal recieved..
Planning ...
Collision pairs set
goal state set
Using RRT Connect
task setup complete
solving task...
OMPL states:, 200.
path found
valid path found, generating trajectory...
Trajectory points:, 1000.
Duration:, 0.4639
excecuting path...
current error: , 0.002476
Final error:, 0.002476
Execution successful
[sandboxScript:info]   Simulation stopping...
[sandboxScript:info]   Simulation stopped.
[sandboxScript:info]   Simulation started.
[CoppeliaSim:warning]   Detected non-default settings (time steps and/or dyn. engine global settings).
Goal signal recieved..
Planning ...
Collision pairs set
goal state set
Using RRT Connect
task setup complete
solving task...
Goal signal recieved..
Planning ...
Collision pairs set
goal state set
Using RRT Connect
task setup complete
solving task...
OMPL states:, 200.
path found
valid path found, generating trajectory...
Trajectory points:, 1000.
Duration:, 3.40289
excecuting path...
current error: , 0.013915
Final error:, 0.013915
Execution successful
Goal signal recieved..
Planning ...
Collision pairs set
goal state set
Using RRT Connect
task setup complete
solving task...
OMPL states:, 200.
path found
valid path found, generating trajectory...
Trajectory points:, 1000.
Duration:, 2.065896
excecuting path...
current error: , 0.004491
Final error:, 0.004491
Execution successful
Goal signal recieved..
Planning ...
Collision pairs set
goal state set
Using RRT Connect
task setup complete
solving task...
OMPL states:, 200.
path found
valid path found, generating trajectory...
Trajectory points:, 1000.
Duration:, 5.678918
excecuting path...
current error: , 0.005775
Final error:, 0.005775
Execution successful
Goal signal recieved..
Planning ...
Collision pairs set
goal state set
Using RRT Connect
task setup complete
solving task...
OMPL states:, 200.
path found
valid path found, generating trajectory...
Trajectory points:, 1000.
Duration:, 5.71409
excecuting path...
current error: , 0.002319
Final error:, 0.002319
Execution successful
[sandboxScript:info]   Simulation stopping...
[sandboxScript:info]   Simulation stopped.
[sandboxScript:info]   Simulation started.
[CoppeliaSim:warning]   Detected non-default settings (time steps and/or dyn. engine global settings).
Goal signal recieved..
Planning ...
Collision pairs set
goal state set
Using RRT Connect
task setup complete
solving task...
OMPL states:, 200.
path found
valid path found, generating trajectory...
Trajectory points:, 1000.
Duration:, 3.574795
excecuting path...
current error: , 0.100034
current error: , 0.100034
current error: , 0.017876
Final error:, 0.00161
Execution successful
Goal signal recieved..
Planning ...
Collision pairs set
goal state set
Using RRT Connect
task setup complete
solving task...
OMPL states:, 200.
path found
valid path found, generating trajectory...
Trajectory points:, 1000.
Duration:, 5.127843
excecuting path...
current error: , 0.001253
Final error:, 0.001253
Execution successful
Goal signal recieved..
Planning ...
Collision pairs set
goal state set
Using RRT Connect
task setup complete
solving task...
OMPL states:, 200.
path found
valid path found, generating trajectory...
Trajectory points:, 1000.
Duration:, 7.038271
excecuting path...
current error: , 0.00296
Final error:, 0.00296
Execution successful
Goal signal recieved..
Planning ...
Collision pairs set
goal state set
Using RRT Connect
task setup complete
solving task...
OMPL states:, 200.
path found
valid path found, generating trajectory...
Trajectory points:, 1000.
Duration:, 3.851514
excecuting path...
current error: , 0.277247
current error: , 0.277247
current error: , 0.193462
current error: , 0.109705
current error: , 0.02676
current error: , 0.002599
Final error:, 0.0012
Execution successful
Goal signal recieved..
Planning ...
Collision pairs set
goal state set
Using RRT Connect
task setup complete
solving task...
OMPL states:, 200.
path found
valid path found, generating trajectory...
Trajectory points:, 1000.
Duration:, 6.773018
excecuting path...
current error: , 0.00385
Final error:, 0.00385
Execution successful
Goal signal recieved..
Planning ...
Collision pairs set
goal state set
Using RRT Connect
task setup complete
solving task...
OMPL states:, 200.
path found
valid path found, generating trajectory...
Trajectory points:, 1000.
Duration:, 2.04699
excecuting path...
current error: , 0.002092
Final error:, 0.002092
Execution successful
Goal signal recieved..
Planning ...
Collision pairs set
goal state set
Using RRT Connect
task setup complete
solving task...
OMPL states:, 200.
path found
valid path found, generating trajectory...
Trajectory points:, 1000.
Duration:, 12.48296
excecuting path...
current error: , 1.354273
current error: , 1.354273
current error: , 1.246823
current error: , 1.143298
current error: , 1.042929
current error: , 0.946705
current error: , 0.856062
current error: , 0.771507
current error: , 0.687748
current error: , 0.603944
current error: , 0.520149
current error: , 0.436525
current error: , 0.352947
current error: , 0.269394
current error: , 0.185754
current error: , 0.102219
current error: , 0.021267
current error: , 0.002374
Final error:, 0.001683
Execution successful
Goal signal recieved..
Planning ...
Collision pairs set
goal state set
Using RRT Connect
task setup complete
solving task...
OMPL states:, 200.
path found
valid path found, generating trajectory...
Trajectory points:, 1000.
Duration:, 0.956643
excecuting path...
current error: , 0.003022
Final error:, 0.003022
Execution successful
Goal signal recieved..
Planning ...
Collision pairs set
goal state set
Using RRT Connect
task setup complete
solving task...
OMPL states:, 200.
path found
valid path found, generating trajectory...
Trajectory points:, 1000.
Duration:, 1.2048
excecuting path...
current error: , 0.001696
Final error:, 0.001696
Execution successful
Goal signal recieved..
Planning ...
Collision pairs set
goal state set
Using RRT Connect
task setup complete
solving task...
OMPL states:, 200.
path found
valid path found, generating trajectory...
Trajectory points:, 1000.
Duration:, 0.473754
excecuting path...
current error: , 0.004277
Final error:, 0.004277
Execution successful
Goal signal recieved..
Planning ...
Collision pairs set
goal state set
Using RRT Connect
task setup complete
solving task...
OMPL states:, 200.
path found
valid path found, generating trajectory...
Trajectory points:, 1000.
Duration:, 1.231595
excecuting path...
current error: , 0.00318
Final error:, 0.00318
Execution successful
Goal signal recieved..
Planning ...
Collision pairs set
goal state set
Using RRT Connect
task setup complete
solving task...
OMPL states:, 200.
path found
valid path found, generating trajectory...
Trajectory points:, 1000.
Duration:, 0.489215
excecuting path...
current error: , 0.002924
Final error:, 0.002924
Execution successful
Goal signal recieved..
Planning ...
Collision pairs set
goal state set
Using RRT Connect
task setup complete
solving task...
OMPL states:, 200.
path found
valid path found, generating trajectory...
Trajectory points:, 1000.
Duration:, 1.208941
excecuting path...
current error: , 0.002225
Final error:, 0.002225
Execution successful
Goal signal recieved..
Planning ...
Collision pairs set
goal state set
Using RRT Connect
task setup complete
solving task...
OMPL states:, 200.
path found
valid path found, generating trajectory...
Trajectory points:, 1000.
Duration:, 0.501149
excecuting path...
current error: , 0.002846
Final error:, 0.002846
Execution successful
Goal signal recieved..
Planning ...
Collision pairs set
goal state set
Using RRT Connect
task setup complete
solving task...
OMPL states:, 200.
path found
valid path found, generating trajectory...
Trajectory points:, 1000.
Duration:, 1.207011
excecuting path...
current error: , 0.001353
Final error:, 0.001353
Execution successful
Goal signal recieved..
Planning ...
Collision pairs set
goal state set
Using RRT Connect
task setup complete
solving task...
OMPL states:, 200.
path found
valid path found, generating trajectory...
Trajectory points:, 1000.
Duration:, 11.294083
excecuting path...
current error: , 0.880481
current error: , 0.880481
current error: , 0.79643
current error: , 0.712456
current error: , 0.628446
current error: , 0.544468
current error: , 0.460448
current error: , 0.376507
current error: , 0.292565
current error: , 0.208644
current error: , 0.124683
current error: , 0.040732
current error: , 0.003368
Final error:, 0.001321
Execution successful
Goal signal recieved..
Planning ...
Collision pairs set
goal state set
Using RRT Connect
task setup complete
solving task...
OMPL states:, 200.
path found
valid path found, generating trajectory...
Trajectory points:, 1000.
Duration:, 1.480304
excecuting path...
current error: , 0.002308
Final error:, 0.002308
Execution successful
Goal signal recieved..
Planning ...
Collision pairs set
goal state set
Using RRT Connect
task setup complete
solving task...
OMPL states:, 200.
path found
valid path found, generating trajectory...
Trajectory points:, 1000.
Duration:, 0.253142
excecuting path...
current error: , 0.001871
Final error:, 0.001871
Execution successful
Goal signal recieved..
Planning ...
Collision pairs set
goal state set
Using RRT Connect
task setup complete
solving task...
OMPL states:, 200.
path found
valid path found, generating trajectory...
Trajectory points:, 1000.
Duration:, 1.48004
excecuting path...
current error: , 0.002608
Final error:, 0.002608
Execution successful
Goal signal recieved..
Planning ...
Collision pairs set
goal state set
Using RRT Connect
task setup complete
solving task...
OMPL states:, 200.
path found
valid path found, generating trajectory...
Trajectory points:, 1000.
Duration:, 0.254239
excecuting path...
current error: , 0.002377
Final error:, 0.002377
Execution successful
Goal signal recieved..
Planning ...
Collision pairs set
goal state set
Using RRT Connect
task setup complete
solving task...
OMPL states:, 200.
path found
valid path found, generating trajectory...
Trajectory points:, 1000.
Duration:, 1.480426
excecuting path...
current error: , 0.002687
Final error:, 0.002687
Execution successful
Goal signal recieved..
Planning ...
Collision pairs set
goal state set
Using RRT Connect
task setup complete
solving task...
OMPL states:, 200.
path found
valid path found, generating trajectory...
Trajectory points:, 1000.
Duration:, 0.251349
excecuting path...
current error: , 0.002295
Final error:, 0.002295
Execution successful
Goal signal recieved..
Planning ...
Collision pairs set
goal state set
Using RRT Connect
task setup complete
solving task...
OMPL states:, 200.
path found
valid path found, generating trajectory...
Trajectory points:, 1000.
Duration:, 1.480979
excecuting path...
current error: , 0.002462
Final error:, 0.002462
Execution successful
Goal signal recieved..
Planning ...
Collision pairs set
goal state set
Using RRT Connect
task setup complete
solving task...
OMPL states:, 200.
path found
valid path found, generating trajectory...
Trajectory points:, 1000.
Duration:, 0.25445
excecuting path...
current error: , 0.002159
Final error:, 0.002159
Execution successful
Goal signal recieved..
Planning ...
Collision pairs set
goal state set
Using RRT Connect
task setup complete
solving task...
OMPL states:, 200.
path found
valid path found, generating trajectory...
Trajectory points:, 1000.
Duration:, 1.480147
excecuting path...
current error: , 0.001818
Final error:, 0.001818
Execution successful
Goal signal recieved..
Planning ...
Collision pairs set
goal state set
Using RRT Connect
task setup complete
solving task...
OMPL states:, 200.
path found
valid path found, generating trajectory...
Trajectory points:, 1000.
Duration:, 0.258887
excecuting path...
current error: , 0.002801
Final error:, 0.002801
Execution successful
Goal signal recieved..
Planning ...
Collision pairs set
goal state set
Using RRT Connect
task setup complete
solving task...
OMPL states:, 200.
path found
valid path found, generating trajectory...
Trajectory points:, 1000.
Duration:, 1.479393
excecuting path...
current error: , 0.003123
Final error:, 0.003123
Execution successful
Goal signal recieved..
Planning ...
Collision pairs set
goal state set
Using RRT Connect
task setup complete
solving task...
OMPL states:, 200.
path found
valid path found, generating trajectory...
Trajectory points:, 1000.
Duration:, 0.256051
excecuting path...
current error: , 0.002843
Final error:, 0.002843
Execution successful
Goal signal recieved..
Planning ...
Collision pairs set
goal state set
Using RRT Connect
task setup complete
solving task...
OMPL states:, 200.
path found
valid path found, generating trajectory...
Trajectory points:, 1000.
Duration:, 1.481259
excecuting path...
current error: , 0.001584
Final error:, 0.001584
Execution successful
Goal signal recieved..
Planning ...
Collision pairs set
goal state set
Using RRT Connect
task setup complete
solving task...
OMPL states:, 200.
path found
valid path found, generating trajectory...
Trajectory points:, 1000.
Duration:, 0.259997
excecuting path...
current error: , 0.003061
Final error:, 0.003061
Execution successful
[sandboxScript:info]   Simulation stopping...
[sandboxScript:info]   Simulation stopped.
[sandboxScript:info]   Simulation started.
[CoppeliaSim:warning]   Detected non-default settings (time steps and/or dyn. engine global settings).
[sandboxScript:info]   Simulation stopping...
[sandboxScript:info]   Simulation stopped.
[sandboxScript:info]   Simulation started.
[CoppeliaSim:warning]   Detected non-default settings (time steps and/or dyn. engine global settings).
Goal signal recieved..
Planning ...
Collision pairs set
goal state set
Using RRT Connect
task setup complete
solving task...
OMPL states:, 200.
path found
valid path found, generating trajectory...
Trajectory points:, 1000.
Duration:, 3.402885
excecuting path...
current error: , 0.014328
Final error:, 0.014328
Execution successful
Goal signal recieved..
Planning ...
Collision pairs set
goal state set
Using RRT Connect
task setup complete
solving task...
OMPL states:, 200.
path found
valid path found, generating trajectory...
Trajectory points:, 1000.
Duration:, 8.040777
excecuting path...
current error: , 0.002668
Final error:, 0.002668
Execution successful
Goal signal recieved..
Planning ...
Collision pairs set
goal state set
Using RRT Connect
task setup complete
solving task...
OMPL states:, 200.
path found
valid path found, generating trajectory...
Trajectory points:, 1000.
Duration:, 3.407987
excecuting path...
current error: , 0.051965
current error: , 0.051965
current error: , 0.005591
Final error:, 0.001837
Execution successful
Goal signal recieved..
Planning ...
Collision pairs set
goal state set
Using RRT Connect
task setup complete
solving task...
OMPL states:, 200.
path found
valid path found, generating trajectory...
Trajectory points:, 1000.
Duration:, 3.367864
excecuting path...
current error: , 0.013895
Final error:, 0.013895
Execution successful
Goal signal recieved..
Planning ...
Collision pairs set
goal state set
Using RRT Connect
task setup complete
solving task...
OMPL states:, 200.
path found
valid path found, generating trajectory...
Trajectory points:, 1000.
Duration:, 3.406296
excecuting path...
current error: , 0.049455
current error: , 0.049455
current error: , 0.005256
Final error:, 0.001736
Execution successful
Goal signal recieved..
Planning ...
Collision pairs set
goal state set
Using RRT Connect
task setup complete
solving task...
OMPL states:, 200.
path found
valid path found, generating trajectory...
Trajectory points:, 1000.
Duration:, 3.367176
excecuting path...
current error: , 0.015516
Final error:, 0.015516
Execution successful
Goal signal recieved..
Planning ...
Collision pairs set
goal state set
Using RRT Connect
task setup complete
solving task...
OMPL states:, 200.
path found
valid path found, generating trajectory...
Trajectory points:, 1000.
Duration:, 3.406185
excecuting path...
current error: , 0.026903
current error: , 0.026903
current error: , 0.002432
Final error:, 0.001679
Execution successful
Goal signal recieved..
Planning ...
Collision pairs set
goal state set
Using RRT Connect
task setup complete
solving task...
OMPL states:, 200.
path found
valid path found, generating trajectory...
Trajectory points:, 1000.
Duration:, 3.36773
excecuting path...
current error: , 0.015927
Final error:, 0.015927
Execution successful
Goal signal recieved..
Planning ...
Collision pairs set
goal state set
Using RRT Connect
task setup complete
solving task...
OMPL states:, 200.
path found
valid path found, generating trajectory...
Trajectory points:, 1000.
Duration:, 3.406279
excecuting path...
current error: , 0.027008
current error: , 0.027008
current error: , 0.002655
Final error:, 0.002097
Execution successful
Goal signal recieved..
Planning ...
Collision pairs set
goal state set
Using RRT Connect
task setup complete
solving task...
OMPL states:, 200.
path found
valid path found, generating trajectory...
Trajectory points:, 1000.
Duration:, 3.367904
excecuting path...
current error: , 0.016022
Final error:, 0.016022
Execution successful
Goal signal recieved..
Planning ...
Collision pairs set
goal state set
Using RRT Connect
task setup complete
solving task...
OMPL states:, 200.
path found
valid path found, generating trajectory...
Trajectory points:, 1000.
Duration:, 3.406252
excecuting path...
current error: , 0.026811
current error: , 0.026811
current error: , 0.002409
Final error:, 0.002022
Execution successful
Goal signal recieved..
Planning ...
Collision pairs set
goal state set
Using RRT Connect
task setup complete
solving task...
Goal signal recieved..
Planning ...
Collision pairs set
goal state set
Using RRT Connect
task setup complete
solving task...
Goal signal recieved..
Planning ...
Collision pairs set
goal state set
Using RRT Connect
task setup complete
solving task...
OMPL states:, 200.
path found
valid path found, generating trajectory...
Trajectory points:, 1000.
Duration:, 9.642302
excecuting path...
current error: , 0.003435
Final error:, 0.003435
Execution successful
Goal signal recieved..
Planning ...
Collision pairs set
goal state set
Using RRT Connect
task setup complete
solving task...
Goal signal recieved..
Planning ...
Collision pairs set
goal state set
Using RRT Connect
task setup complete
solving task...
OMPL states:, 200.
path found
valid path found, generating trajectory...
Trajectory points:, 1000.
Duration:, 12.042064
excecuting path...
current error: , 0.001603
Final error:, 0.001603
Execution successful
Goal signal recieved..
Planning ...
Collision pairs set
goal state set
Using RRT Connect
task setup complete
solving task...
OMPL states:, 200.
path found
valid path found, generating trajectory...
Trajectory points:, 1000.
Duration:, 3.368518
excecuting path...
current error: , 0.014268
Final error:, 0.014268
Execution successful
Goal signal recieved..
Planning ...
Collision pairs set
goal state set
Using RRT Connect
task setup complete
solving task...
OMPL states:, 200.
path found
valid path found, generating trajectory...
Trajectory points:, 1000.
Duration:, 3.406494
excecuting path...
current error: , 0.050029
current error: , 0.050029
current error: , 0.005227
Final error:, 0.001497
Execution successful
Goal signal recieved..
Planning ...
Collision pairs set
goal state set
Using RRT Connect
task setup complete
solving task...
OMPL states:, 200.
path found
valid path found, generating trajectory...
Trajectory points:, 1000.
Duration:, 3.367312
excecuting path...
current error: , 0.03197
current error: , 0.03197
current error: , 0.003512
Final error:, 0.001824
Execution successful
Goal signal recieved..
Planning ...
Collision pairs set
goal state set
Using RRT Connect
task setup complete
solving task...
OMPL states:, 200.
path found
valid path found, generating trajectory...
Trajectory points:, 1000.
Duration:, 3.40687
excecuting path...
current error: , 0.024064
current error: , 0.024064
current error: , 0.00242
Final error:, 0.001698
Execution successful
Goal signal recieved..
Planning ...
Collision pairs set
goal state set
Using RRT Connect
task setup complete
solving task...
OMPL states:, 200.
path found
valid path found, generating trajectory...
Trajectory points:, 1000.
Duration:, 3.367991
excecuting path...
current error: , 0.013834
Final error:, 0.013834
Execution successful
Goal signal recieved..
Planning ...
Collision pairs set
goal state set
Using RRT Connect
task setup complete
solving task...
OMPL states:, 200.
path found
valid path found, generating trajectory...
Trajectory points:, 1000.
Duration:, 3.406638
excecuting path...
current error: , 0.050243
current error: , 0.050243
current error: , 0.005544
Final error:, 0.001642
Execution successful
Goal signal recieved..
Planning ...
Collision pairs set
goal state set
Using RRT Connect
task setup complete
solving task...
OMPL states:, 200.
path found
valid path found, generating trajectory...
Trajectory points:, 1000.
Duration:, 3.367493
excecuting path...
current error: , 0.013712
Final error:, 0.013712
Execution successful
Goal signal recieved..
Planning ...
Collision pairs set
goal state set
Using RRT Connect
task setup complete
solving task...
OMPL states:, 200.
path found
valid path found, generating trajectory...
Trajectory points:, 1000.
Duration:, 3.406144
excecuting path...
current error: , 0.049608
current error: , 0.049608
current error: , 0.005117
Final error:, 0.001546
Execution successful
Goal signal recieved..
Planning ...
Collision pairs set
goal state set
Using RRT Connect
task setup complete
solving task...
Goal signal recieved..
Planning ...
Collision pairs set
goal state set
Using RRT Connect
task setup complete
solving task...
OMPL states:, 200.
path found
valid path found, generating trajectory...
Trajectory points:, 1000.
Duration:, 3.366937
excecuting path...
current error: , 0.015391
Final error:, 0.015391
Execution successful
Goal signal recieved..
Planning ...
Collision pairs set
goal state set
Using RRT Connect
task setup complete
solving task...
OMPL states:, 200.
path found
valid path found, generating trajectory...
Trajectory points:, 1000.
Duration:, 3.406141
excecuting path...
current error: , 0.026976
current error: , 0.026976
current error: , 0.002453
Final error:, 0.002022
Execution successful
Goal signal recieved..
Planning ...
Collision pairs set
goal state set
Using RRT Connect
task setup complete
solving task...
Goal signal recieved..
Planning ...
Collision pairs set
goal state set
Using RRT Connect
task setup complete
solving task...
OMPL states:, 200.
path found
valid path found, generating trajectory...
Trajectory points:, 1000.
Duration:, 3.367778
excecuting path...
current error: , 0.016013
Final error:, 0.016013
Execution successful
Goal signal recieved..
Planning ...
Collision pairs set
goal state set
Using RRT Connect
task setup complete
solving task...
OMPL states:, 200.
path found
valid path found, generating trajectory...
Trajectory points:, 1000.
Duration:, 3.406245
excecuting path...
current error: , 0.026964
current error: , 0.026964
current error: , 0.002526
Final error:, 0.001423
Execution successful
Goal signal recieved..
Planning ...
Collision pairs set
goal state set
Using RRT Connect
task setup complete
solving task...
Goal signal recieved..
Planning ...
Collision pairs set
goal state set
Using RRT Connect
task setup complete
solving task...
OMPL states:, 200.
path found
valid path found, generating trajectory...
Trajectory points:, 1000.
Duration:, 3.367837
excecuting path...
current error: , 0.01599
Final error:, 0.01599
Execution successful
Goal signal recieved..
Planning ...
Collision pairs set
goal state set
Using RRT Connect
task setup complete
solving task...
Goal signal recieved..
Planning ...
Collision pairs set
goal state set
Using RRT Connect
task setup complete
solving task...
OMPL states:, 200.
path found
valid path found, generating trajectory...
Trajectory points:, 1000.
Duration:, 3.406368
excecuting path...
current error: , 0.027102
current error: , 0.027102
current error: , 0.002692
Final error:, 0.001267
Execution successful
Goal signal recieved..
Planning ...
Collision pairs set
goal state set
Using RRT Connect
task setup complete
solving task...
OMPL states:, 200.
path found
valid path found, generating trajectory...
Trajectory points:, 1000.
Duration:, 8.710218
excecuting path...
current error: , 0.002512
Final error:, 0.002512
Execution successful
[sandboxScript:info]   Simulation stopping...
[sandboxScript:info]   Simulation stopped.
[sandboxScript:info]   Simulation started.
[CoppeliaSim:warning]   Detected non-default settings (time steps and/or dyn. engine global settings).
Goal signal recieved..
Planning ...
Collision pairs set
goal state set
Using RRT Connect
task setup complete
solving task...
OMPL states:, 200.
path found
valid path found, generating trajectory...
Trajectory points:, 1000.
Duration:, 3.402508
excecuting path...
current error: , 0.013118
Final error:, 0.013118
Execution successful
Goal signal recieved..
Planning ...
Collision pairs set
goal state set
Using RRT Connect
task setup complete
solving task...
OMPL states:, 200.
path found
valid path found, generating trajectory...
Trajectory points:, 1000.
Duration:, 7.756551
excecuting path...
current error: , 0.232316
current error: , 0.232316
current error: , 0.148576
current error: , 0.064923
current error: , 0.008693
Final error:, 0.003067
Execution successful
Goal signal recieved..
Planning ...
Collision pairs set
goal state set
Using RRT Connect
task setup complete
solving task...
Goal signal recieved..
Planning ...
Collision pairs set
goal state set
Using RRT Connect
task setup complete
solving task...
OMPL states:, 200.
path found
valid path found, generating trajectory...
Trajectory points:, 1000.
Duration:, 8.023791
excecuting path...
current error: , 0.002576
Final error:, 0.002576
Execution successful
Goal signal recieved..
Planning ...
Collision pairs set
goal state set
Using RRT Connect
task setup complete
solving task...
OMPL states:, 200.
path found
valid path found, generating trajectory...
Trajectory points:, 1000.
Duration:, 10.995304
excecuting path...
current error: , 0.158509
current error: , 0.158509
current error: , 0.075635
current error: , 0.011386
Final error:, 0.003503
Execution successful
Goal signal recieved..
Planning ...
Collision pairs set
goal state set
Using RRT Connect
task setup complete
solving task...
OMPL states:, 200.
path found
valid path found, generating trajectory...
Trajectory points:, 1000.
Duration:, 3.297167
excecuting path...
current error: , 0.00941
Final error:, 0.00941
Execution successful
Goal signal recieved..
Planning ...
Collision pairs set
goal state set
Using RRT Connect
task setup complete
solving task...
OMPL states:, 200.
path found
valid path found, generating trajectory...
Trajectory points:, 1000.
Duration:, 3.285804
excecuting path...
current error: , 0.006232
Final error:, 0.006232
Execution successful
Goal signal recieved..
Planning ...
Collision pairs set
goal state set
Using RRT Connect
task setup complete
solving task...
OMPL states:, 200.
path found
valid path found, generating trajectory...
Trajectory points:, 1000.
Duration:, 3.286859
excecuting path...
current error: , 0.006746
Final error:, 0.006746
Execution successful
Goal signal recieved..
Planning ...
Collision pairs set
goal state set
Using RRT Connect
task setup complete
solving task...
OMPL states:, 200.
path found
valid path found, generating trajectory...
Trajectory points:, 1000.
Duration:, 3.29457
excecuting path...
current error: , 0.008327
Final error:, 0.008327
Execution successful
Goal signal recieved..
Planning ...
Collision pairs set
goal state set
Using RRT Connect
task setup complete
solving task...
OMPL states:, 200.
path found
valid path found, generating trajectory...
Trajectory points:, 1000.
Duration:, 3.294235
excecuting path...
current error: , 0.008385
Final error:, 0.008385
Execution successful
Goal signal recieved..
Planning ...
Collision pairs set
goal state set
Using RRT Connect
task setup complete
solving task...
OMPL states:, 200.
path found
valid path found, generating trajectory...
Trajectory points:, 1000.
Duration:, 3.295827
excecuting path...
current error: , 0.008678
Final error:, 0.008678
Execution successful
Goal signal recieved..
Planning ...
Collision pairs set
goal state set
Using RRT Connect
task setup complete
solving task...
OMPL states:, 200.
path found
valid path found, generating trajectory...
Trajectory points:, 1000.
Duration:, 3.294838
excecuting path...
current error: , 0.007312
Final error:, 0.007312
Execution successful
Goal signal recieved..
Planning ...
Collision pairs set
goal state set
Using RRT Connect
task setup complete
solving task...
OMPL states:, 200.
path found
valid path found, generating trajectory...
Trajectory points:, 1000.
Duration:, 3.296368
excecuting path...
current error: , 0.0075
Final error:, 0.0075
Execution successful
Goal signal recieved..
Planning ...
Collision pairs set
goal state set
Using RRT Connect
task setup complete
solving task...
OMPL states:, 200.
path found
valid path found, generating trajectory...
Trajectory points:, 1000.
Duration:, 3.295856
excecuting path...
current error: , 0.007604
Final error:, 0.007604
Execution successful
Goal signal recieved..
Planning ...
Collision pairs set
goal state set
Using RRT Connect
task setup complete
solving task...
OMPL states:, 200.
path found
valid path found, generating trajectory...
Trajectory points:, 1000.
Duration:, 3.296446
excecuting path...
current error: , 0.007632
Final error:, 0.007632
Execution successful
Goal signal recieved..
Planning ...
Collision pairs set
goal state set
Using RRT Connect
task setup complete
solving task...
OMPL states:, 200.
path found
valid path found, generating trajectory...
Trajectory points:, 1000.
Duration:, 3.29717
excecuting path...
current error: , 0.007883
Final error:, 0.007883
Execution successful
Goal signal recieved..
Planning ...
Collision pairs set
goal state set
Using RRT Connect
task setup complete
solving task...
OMPL states:, 200.
path found
valid path found, generating trajectory...
Trajectory points:, 1000.
Duration:, 3.285292
excecuting path...
current error: , 0.005259
Final error:, 0.005259
Execution successful
Goal signal recieved..
Planning ...
Collision pairs set
goal state set
Using RRT Connect
task setup complete
solving task...
OMPL states:, 200.
path found
valid path found, generating trajectory...
Trajectory points:, 1000.
Duration:, 3.283725
excecuting path...
current error: , 0.005076
Final error:, 0.005076
Execution successful
Goal signal recieved..
Planning ...
Collision pairs set
goal state set
Using RRT Connect
task setup complete
solving task...
OMPL states:, 200.
path found
valid path found, generating trajectory...
Trajectory points:, 1000.
Duration:, 3.292878
excecuting path...
current error: , 0.006721
Final error:, 0.006721
Execution successful
Goal signal recieved..
Planning ...
Collision pairs set
goal state set
Using RRT Connect
task setup complete
solving task...
OMPL states:, 200.
path found
valid path found, generating trajectory...
Trajectory points:, 1000.
Duration:, 3.293119
excecuting path...
current error: , 0.015957
Final error:, 0.015957
Execution successful
Goal signal recieved..
Planning ...
Collision pairs set
goal state set
Using RRT Connect
task setup complete
solving task...
OMPL states:, 200.
path found
valid path found, generating trajectory...
Trajectory points:, 1000.
Duration:, 3.295143
excecuting path...
current error: , 0.007328
Final error:, 0.007328
Execution successful
Goal signal recieved..
Planning ...
Collision pairs set
goal state set
Using RRT Connect
task setup complete
solving task...
OMPL states:, 200.
path found
valid path found, generating trajectory...
Trajectory points:, 1000.
Duration:, 3.295759
excecuting path...
current error: , 0.007692
Final error:, 0.007692
Execution successful
Goal signal recieved..
Planning ...
Collision pairs set
goal state set
Using RRT Connect
task setup complete
solving task...
OMPL states:, 200.
path found
valid path found, generating trajectory...
Trajectory points:, 1000.
Duration:, 3.291898
excecuting path...
current error: , 0.006474
Final error:, 0.006474
Execution successful
Goal signal recieved..
Planning ...
Collision pairs set
goal state set
Using RRT Connect
task setup complete
solving task...
OMPL states:, 200.
path found
valid path found, generating trajectory...
Trajectory points:, 1000.
Duration:, 3.292616
excecuting path...
current error: , 0.007842
Final error:, 0.007842
Execution successful
Goal signal recieved..
Planning ...
Collision pairs set
goal state set
Using RRT Connect
task setup complete
solving task...
OMPL states:, 200.
path found
valid path found, generating trajectory...
Trajectory points:, 1000.
Duration:, 3.283677
excecuting path...
current error: , 0.005834
Final error:, 0.005834
Execution successful
Goal signal recieved..
Planning ...
Collision pairs set
goal state set
Using RRT Connect
task setup complete
solving task...
OMPL states:, 200.
path found
valid path found, generating trajectory...
Trajectory points:, 1000.
Duration:, 3.283688
excecuting path...
current error: , 0.005941
Final error:, 0.005941
Execution successful
Goal signal recieved..
Planning ...
Collision pairs set
goal state set
Using RRT Connect
task setup complete
solving task...
OMPL states:, 200.
path found
valid path found, generating trajectory...
Trajectory points:, 1000.
Duration:, 3.293863
excecuting path...
current error: , 0.008083
Final error:, 0.008083
Execution successful
Goal signal recieved..
Planning ...
Collision pairs set
goal state set
Using RRT Connect
task setup complete
solving task...
OMPL states:, 200.
path found
valid path found, generating trajectory...
Trajectory points:, 1000.
Duration:, 3.293079
excecuting path...
current error: , 0.008157
Final error:, 0.008157
Execution successful
Goal signal recieved..
Planning ...
Collision pairs set
goal state set
Using RRT Connect
task setup complete
solving task...
OMPL states:, 200.
path found
valid path found, generating trajectory...
Trajectory points:, 1000.
Duration:, 3.29688
excecuting path...
current error: , 0.008927
Final error:, 0.008927
Execution successful
Goal signal recieved..
Planning ...
Collision pairs set
goal state set
Using RRT Connect
task setup complete
solving task...
OMPL states:, 200.
path found
valid path found, generating trajectory...
Trajectory points:, 1000.
Duration:, 3.297026
excecuting path...
current error: , 0.009364
Final error:, 0.009364
Execution successful
Goal signal recieved..
Planning ...
Collision pairs set
goal state set
Using RRT Connect
task setup complete
solving task...
OMPL states:, 200.
path found
valid path found, generating trajectory...
Trajectory points:, 1000.
Duration:, 3.289039
excecuting path...
current error: , 0.006918
Final error:, 0.006918
Execution successful
[sandboxScript:info]   Simulation stopping...
[sandboxScript:info]   Simulation stopped.
[sandboxScript:info]   Simulation started.
[CoppeliaSim:warning]   Detected non-default settings (time steps and/or dyn. engine global settings).
Goal signal recieved..
Planning ...
Collision pairs set
goal state set
Using RRT Connect
task setup complete
solving task...
OMPL states:, 200.
path found
valid path found, generating trajectory...
Trajectory points:, 1000.
Duration:, 3.403074
excecuting path...
current error: , 0.014947
Final error:, 0.014947
Execution successful
Goal signal recieved..
Planning ...
Collision pairs set
goal state set
Using RRT Connect
task setup complete
solving task...
OMPL states:, 200.
path found
valid path found, generating trajectory...
Trajectory points:, 1000.
Duration:, 2.065971
excecuting path...
current error: , 0.004451
Final error:, 0.004451
Execution successful
Goal signal recieved..
Planning ...
Collision pairs set
goal state set
Using RRT Connect
task setup complete
solving task...
OMPL states:, 200.
path found
valid path found, generating trajectory...
Trajectory points:, 1000.
Duration:, 5.876101
excecuting path...
current error: , 0.002895
Final error:, 0.002895
Execution successful
Goal signal recieved..
Planning ...
Collision pairs set
goal state set
Using RRT Connect
task setup complete
solving task...
OMPL states:, 200.
path found
valid path found, generating trajectory...
Trajectory points:, 1000.
Duration:, 7.871743
excecuting path...
current error: , 0.727084
current error: , 0.727084
current error: , 0.609289
current error: , 0.491647
current error: , 0.373945
current error: , 0.256386
current error: , 0.139521
current error: , 0.03351
current error: , 0.003177
Final error:, 0.001223
Execution successful
[sandboxScript:info]   Simulation stopping...
[sandboxScript:info]   Simulation stopped.
[sandboxScript:info]   Simulation started.
[CoppeliaSim:warning]   Detected non-default settings (time steps and/or dyn. engine global settings).
Goal signal recieved..
Planning ...
Collision pairs set
goal state set
Using RRT Connect
task setup complete
solving task...
OMPL states:, 200.
path found
valid path found, generating trajectory...
Trajectory points:, 1000.
Duration:, 3.402946
excecuting path...
current error: , 0.014237
Final error:, 0.014237
Execution successful
Goal signal recieved..
Planning ...
Collision pairs set
goal state set
Using RRT Connect
task setup complete
solving task...
OMPL states:, 200.
path found
valid path found, generating trajectory...
Trajectory points:, 1000.
Duration:, 3.092451
excecuting path...
current error: , 0.003984
Final error:, 0.003984
Execution successful
Goal signal recieved..
Planning ...
Collision pairs set
goal state set
Using RRT Connect
task setup complete
solving task...
OMPL states:, 200.
path found
valid path found, generating trajectory...
Trajectory points:, 1000.
Duration:, 3.10183
excecuting path...
current error: , 0.005388
Final error:, 0.005388
Execution successful
Goal signal recieved..
Planning ...
Collision pairs set
goal state set
Using RRT Connect
task setup complete
solving task...
OMPL states:, 200.
path found
valid path found, generating trajectory...
Trajectory points:, 1000.
Duration:, 5.424664
excecuting path...
current error: , 0.004832
Final error:, 0.004832
Execution successful
Goal signal recieved..
Planning ...
Collision pairs set
goal state set
Using RRT Connect
task setup complete
solving task...
OMPL states:, 200.
path found
valid path found, generating trajectory...
Trajectory points:, 1000.
Duration:, 8.450238
excecuting path...
current error: , 0.089188
current error: , 0.089188
current error: , 0.014815
Final error:, 0.00261
Execution successful
Goal signal recieved..
Planning ...
Collision pairs set
goal state set
Using RRT Connect
task setup complete
solving task...
OMPL states:, 200.
path found
valid path found, generating trajectory...
Trajectory points:, 1000.
Duration:, 3.851469
excecuting path...
current error: , 0.281604
current error: , 0.281604
current error: , 0.197872
current error: , 0.114135
current error: , 0.030568
current error: , 0.002909
Final error:, 0.001674
Execution successful
Goal signal recieved..
Planning ...
Collision pairs set
goal state set
Using RRT Connect
task setup complete
solving task...
OMPL states:, 200.
path found
valid path found, generating trajectory...
Trajectory points:, 1000.
Duration:, 1.675742
excecuting path...
current error: , 0.00332
Final error:, 0.00332
Execution successful
Goal signal recieved..
Planning ...
Collision pairs set
goal state set
Using RRT Connect
task setup complete
solving task...
OMPL states:, 200.
path found
valid path found, generating trajectory...
Trajectory points:, 1000.
Duration:, 0.389036
excecuting path...
current error: , 0.003549
Final error:, 0.003549
Execution successful
Goal signal recieved..
Planning ...
Collision pairs set
goal state set
Using RRT Connect
task setup complete
solving task...
OMPL states:, 200.
path found
valid path found, generating trajectory...
Trajectory points:, 1000.
Duration:, 1.693835
excecuting path...
current error: , 0.001981
Final error:, 0.001981
Execution successful
Goal signal recieved..
Planning ...
Collision pairs set
goal state set
Using RRT Connect
task setup complete
solving task...
OMPL states:, 200.
path found
valid path found, generating trajectory...
Trajectory points:, 1000.
Duration:, 0.255129
excecuting path...
current error: , 0.002706
Final error:, 0.002706
Execution successful
Goal signal recieved..
Planning ...
Collision pairs set
goal state set
Using RRT Connect
task setup complete
solving task...
OMPL states:, 200.
path found
valid path found, generating trajectory...
Trajectory points:, 1000.
Duration:, 1.69357
excecuting path...
current error: , 0.0022
Final error:, 0.0022
Execution successful
Goal signal recieved..
Planning ...
Collision pairs set
goal state set
Using RRT Connect
task setup complete
solving task...
OMPL states:, 200.
path found
valid path found, generating trajectory...
Trajectory points:, 1000.
Duration:, 0.25765
excecuting path...
current error: , 0.002755
Final error:, 0.002755
Execution successful
Goal signal recieved..
Planning ...
Collision pairs set
goal state set
Using RRT Connect
task setup complete
solving task...
OMPL states:, 200.
path found
valid path found, generating trajectory...
Trajectory points:, 1000.
Duration:, 1.693339
excecuting path...
current error: , 0.002057
Final error:, 0.002057
Execution successful
Goal signal recieved..
Planning ...
Collision pairs set
goal state set
Using RRT Connect
task setup complete
solving task...
OMPL states:, 200.
path found
valid path found, generating trajectory...
Trajectory points:, 1000.
Duration:, 0.25678
excecuting path...
current error: , 0.002211
Final error:, 0.002211
Execution successful
Goal signal recieved..
Planning ...
Collision pairs set
goal state set
Using RRT Connect
task setup complete
solving task...
OMPL states:, 200.
path found
valid path found, generating trajectory...
Trajectory points:, 1000.
Duration:, 1.692553
excecuting path...
current error: , 0.001572
Final error:, 0.001572
Execution successful
Goal signal recieved..
Planning ...
Collision pairs set
goal state set
Using RRT Connect
task setup complete
solving task...
OMPL states:, 200.
path found
valid path found, generating trajectory...
Trajectory points:, 1000.
Duration:, 0.252935
excecuting path...
current error: , 0.002195
Final error:, 0.002195
Execution successful
Goal signal recieved..
Planning ...
Collision pairs set
goal state set
Using RRT Connect
task setup complete
solving task...
OMPL states:, 200.
path found
valid path found, generating trajectory...
Trajectory points:, 1000.
Duration:, 1.692753
excecuting path...
current error: , 0.001849
Final error:, 0.001849
Execution successful
Goal signal recieved..
Planning ...
Collision pairs set
goal state set
Using RRT Connect
task setup complete
solving task...
OMPL states:, 200.
path found
valid path found, generating trajectory...
Trajectory points:, 1000.
Duration:, 0.259962
excecuting path...
current error: , 0.002463
Final error:, 0.002463
Execution successful
Goal signal recieved..
Planning ...
Collision pairs set
goal state set
Using RRT Connect
task setup complete
solving task...
OMPL states:, 200.
path found
valid path found, generating trajectory...
Trajectory points:, 1000.
Duration:, 1.693777
excecuting path...
current error: , 0.001766
Final error:, 0.001766
Execution successful
Goal signal recieved..
Planning ...
Collision pairs set
goal state set
Using RRT Connect
task setup complete
solving task...
OMPL states:, 200.
path found
valid path found, generating trajectory...
Trajectory points:, 1000.
Duration:, 0.248044
excecuting path...
current error: , 0.00213
Final error:, 0.00213
Execution successful
Goal signal recieved..
Planning ...
Collision pairs set
goal state set
Using RRT Connect
task setup complete
solving task...
OMPL states:, 200.
path found
valid path found, generating trajectory...
Trajectory points:, 1000.
Duration:, 1.691742
excecuting path...
current error: , 0.001945
Final error:, 0.001945
Execution successful
Goal signal recieved..
Planning ...
Collision pairs set
goal state set
Using RRT Connect
task setup complete
solving task...
OMPL states:, 200.
path found
valid path found, generating trajectory...
Trajectory points:, 1000.
Duration:, 0.260668
excecuting path...
current error: , 0.00217
Final error:, 0.00217
Execution successful
Goal signal recieved..
Planning ...
Collision pairs set
goal state set
Using RRT Connect
task setup complete
solving task...
OMPL states:, 200.
path found
valid path found, generating trajectory...
Trajectory points:, 1000.
Duration:, 1.693811
excecuting path...
current error: , 0.002078
Final error:, 0.002078
Execution successful
Goal signal recieved..
Planning ...
Collision pairs set
goal state set
Using RRT Connect
task setup complete
solving task...
OMPL states:, 200.
path found
valid path found, generating trajectory...
Trajectory points:, 1000.
Duration:, 0.259189
excecuting path...
current error: , 0.002216
Final error:, 0.002216
Execution successful
Goal signal recieved..
Planning ...
Collision pairs set
goal state set
Using RRT Connect
task setup complete
solving task...
OMPL states:, 200.
path found
valid path found, generating trajectory...
Trajectory points:, 1000.
Duration:, 1.693889
excecuting path...
current error: , 0.00186
Final error:, 0.00186
Execution successful
Goal signal recieved..
Planning ...
Collision pairs set
goal state set
Using RRT Connect
task setup complete
solving task...
OMPL states:, 200.
path found
valid path found, generating trajectory...
Trajectory points:, 1000.
Duration:, 0.266175
excecuting path...
current error: , 0.002247
Final error:, 0.002247
Execution successful
Goal signal recieved..
Planning ...
Collision pairs set
goal state set
Using RRT Connect
task setup complete
solving task...
OMPL states:, 200.
path found
valid path found, generating trajectory...
Trajectory points:, 1000.
Duration:, 1.693516
excecuting path...
current error: , 0.002052
Final error:, 0.002052
Execution successful
Goal signal recieved..
Planning ...
Collision pairs set
goal state set
Using RRT Connect
task setup complete
solving task...
OMPL states:, 200.
path found
valid path found, generating trajectory...
Trajectory points:, 1000.
Duration:, 0.2462
excecuting path...
current error: , 0.00235
Final error:, 0.00235
Execution successful
[sandboxScript:info]   Simulation stopping...
[sandboxScript:info]   Simulation stopped.
[sandboxScript:info]   Simulation started.
[CoppeliaSim:warning]   Detected non-default settings (time steps and/or dyn. engine global settings).
Goal signal recieved..
Planning ...
Collision pairs set
goal state set
Using RRT Connect
task setup complete
solving task...
OMPL states:, 200.
path found
valid path found, generating trajectory...
Trajectory points:, 1000.
Duration:, 3.402813
excecuting path...
current error: , 0.013989
Final error:, 0.013989
Execution successful
Goal signal recieved..
Planning ...
Collision pairs set
goal state set
Using RRT Connect
task setup complete
solving task...
OMPL states:, 200.
path found
valid path found, generating trajectory...
Trajectory points:, 1000.
Duration:, 7.545808
excecuting path...
current error: , 0.002089
Final error:, 0.002089
Execution successful
Goal signal recieved..
Planning ...
Collision pairs set
goal state set
Using RRT Connect
task setup complete
solving task...
OMPL states:, 200.
path found
valid path found, generating trajectory...
Trajectory points:, 1000.
Duration:, 5.725149
excecuting path...
current error: , 0.153571
current error: , 0.153571
current error: , 0.06994
current error: , 0.008802
Final error:, 0.001859
Execution successful
Goal signal recieved..
Planning ...
Collision pairs set
goal state set
Using RRT Connect
task setup complete
solving task...
OMPL states:, 200.
path found
valid path found, generating trajectory...
Trajectory points:, 1000.
Duration:, 3.476001
excecuting path...
current error: , 0.111758
current error: , 0.111758
current error: , 0.029576
current error: , 0.004763
Final error:, 0.003243
Execution successful
Goal signal recieved..
Planning ...
Collision pairs set
goal state set
Using RRT Connect
task setup complete
solving task...
OMPL states:, 200.
path found
valid path found, generating trajectory...
Trajectory points:, 1000.
Duration:, 10.844255
excecuting path...
current error: , 0.002352
Final error:, 0.002352
Execution successful
Goal signal recieved..
Planning ...
Collision pairs set
goal state set
Using RRT Connect
task setup complete
solving task...
OMPL states:, 200.
path found
valid path found, generating trajectory...
Trajectory points:, 1000.
Duration:, 5.326985
excecuting path...
current error: , 0.00297
Final error:, 0.00297
Execution successful
Goal signal recieved..
Planning ...
Collision pairs set
goal state set
Using RRT Connect
task setup complete
solving task...
OMPL states:, 200.
path found
valid path found, generating trajectory...
Trajectory points:, 1000.
Duration:, 10.173381
excecuting path...
current error: , 1.724485
current error: , 1.724485
current error: , 1.643883
current error: , 1.561976
current error: , 1.478981
current error: , 1.395905
current error: , 1.312627
current error: , 1.229069
current error: , 1.145435
current error: , 1.061781
current error: , 0.978109
current error: , 0.894458
current error: , 0.810899
current error: , 0.72746
current error: , 0.644253
current error: , 0.561236
current error: , 0.478081
current error: , 0.395003
current error: , 0.311967
current error: , 0.22871
current error: , 0.14564
current error: , 0.062655
current error: , 0.006837
Final error:, 0.00167
Execution successful
Goal signal recieved..
Planning ...
Collision pairs set
goal state set
Using RRT Connect
task setup complete
solving task...
OMPL states:, 200.
path found
valid path found, generating trajectory...
Trajectory points:, 1000.
Duration:, 4.240873
excecuting path...
current error: , 0.573835
current error: , 0.573835
current error: , 0.490677
current error: , 0.407726
current error: , 0.324524
current error: , 0.241452
current error: , 0.158461
current error: , 0.075561
current error: , 0.009756
Final error:, 0.00122
Execution successful
Goal signal recieved..
Planning ...
Collision pairs set
goal state set
Using RRT Connect
task setup complete
solving task...
OMPL states:, 200.
path found
valid path found, generating trajectory...
Trajectory points:, 1000.
Duration:, 6.686895
excecuting path...
current error: , 0.33614
current error: , 0.33614
current error: , 0.253019
current error: , 0.169835
current error: , 0.086774
current error: , 0.013608
Final error:, 0.001614
Execution successful
Goal signal recieved..
Planning ...
Collision pairs set
goal state set
Using RRT Connect
task setup complete
solving task...
OMPL states:, 200.
path found
valid path found, generating trajectory...
Trajectory points:, 1000.
Duration:, 4.242827
excecuting path...
current error: , 0.574064
current error: , 0.574064
current error: , 0.491016
current error: , 0.408012
current error: , 0.325127
current error: , 0.241945
current error: , 0.158669
current error: , 0.075476
current error: , 0.009747
Final error:, 0.00153
Execution successful
Goal signal recieved..
Planning ...
Collision pairs set
goal state set
Using RRT Connect
task setup complete
solving task...
OMPL states:, 200.
path found
valid path found, generating trajectory...
Trajectory points:, 1000.
Duration:, 7.543949
excecuting path...
current error: , 0.002142
Final error:, 0.002142
Execution successful
Goal signal recieved..
Planning ...
Collision pairs set
goal state set
Using RRT Connect
task setup complete
solving task...
OMPL states:, 200.
path found
valid path found, generating trajectory...
Trajectory points:, 1000.
Duration:, 4.242818
excecuting path...
current error: , 0.571341
current error: , 0.571341
current error: , 0.488119
current error: , 0.405146
current error: , 0.322116
current error: , 0.239046
current error: , 0.155838
current error: , 0.072868
current error: , 0.008994
Final error:, 0.001324
Execution successful
Goal signal recieved..
Planning ...
Collision pairs set
goal state set
Using RRT Connect
task setup complete
solving task...
OMPL states:, 200.
path found
valid path found, generating trajectory...
Trajectory points:, 1000.
Duration:, 9.379828
excecuting path...
current error: , 1.207299
current error: , 1.207299
current error: , 1.123597
current error: , 1.039924
current error: , 0.956242
current error: , 0.872529
current error: , 0.788837
current error: , 0.70516
current error: , 0.621474
current error: , 0.537722
current error: , 0.454014
current error: , 0.370326
current error: , 0.286622
current error: , 0.202936
current error: , 0.11928
current error: , 0.035594
current error: , 0.003313
Final error:, 0.001268
Execution successful
Goal signal recieved..
Planning ...
Collision pairs set
goal state set
Using RRT Connect
task setup complete
solving task...
OMPL states:, 200.
path found
valid path found, generating trajectory...
Trajectory points:, 1000.
Duration:, 4.242833
excecuting path...
current error: , 0.603245
current error: , 0.603245
current error: , 0.519794
current error: , 0.436814
current error: , 0.353584
current error: , 0.270651
current error: , 0.187418
current error: , 0.10454
current error: , 0.023373
current error: , 0.002844
Final error:, 0.00155
Execution successful
Goal signal recieved..
Planning ...
Collision pairs set
goal state set
Using RRT Connect
task setup complete
solving task...
OMPL states:, 200.
path found
valid path found, generating trajectory...
Trajectory points:, 1000.
Duration:, 9.913134
excecuting path...
current error: , 0.179752
current error: , 0.179752
current error: , 0.096591
current error: , 0.019438
Final error:, 0.004216
Execution successful
Goal signal recieved..
Planning ...
Collision pairs set
goal state set
Using RRT Connect
task setup complete
solving task...
OMPL states:, 200.
path found
valid path found, generating trajectory...
Trajectory points:, 1000.
Duration:, 4.244495
excecuting path...
current error: , 0.575159
current error: , 0.575159
current error: , 0.492029
current error: , 0.409008
current error: , 0.326406
current error: , 0.243515
current error: , 0.160491
current error: , 0.077716
current error: , 0.010441
Final error:, 0.001311
Execution successful
Goal signal recieved..
Planning ...
Collision pairs set
goal state set
Using RRT Connect
task setup complete
solving task...
OMPL states:, 200.
path found
valid path found, generating trajectory...
Trajectory points:, 1000.
Duration:, 7.90058
excecuting path...
current error: , 1.299681
current error: , 1.299681
current error: , 1.195027
current error: , 1.093616
current error: , 0.996059
current error: , 0.903483
current error: , 0.817347
current error: , 0.733528
current error: , 0.650242
current error: , 0.567125
current error: , 0.484009
current error: , 0.400709
current error: , 0.31773
current error: , 0.23452
current error: , 0.151413
current error: , 0.068344
current error: , 0.008185
Final error:, 0.002023
Execution successful
Goal signal recieved..
Planning ...
Collision pairs set
goal state set
Using RRT Connect
task setup complete
solving task...
OMPL states:, 200.
path found
valid path found, generating trajectory...
Trajectory points:, 1000.
Duration:, 4.242552
excecuting path...
current error: , 0.601264
current error: , 0.601264
current error: , 0.517712
current error: , 0.434439
current error: , 0.351341
current error: , 0.268327
current error: , 0.185332
current error: , 0.10236
current error: , 0.021807
current error: , 0.001946
Final error:, 0.001044
Execution successful
Goal signal recieved..
Planning ...
Collision pairs set
goal state set
Using RRT Connect
task setup complete
solving task...
OMPL states:, 200.
path found
valid path found, generating trajectory...
Trajectory points:, 1000.
Duration:, 5.870035
excecuting path...
current error: , 0.683683
current error: , 0.683683
current error: , 0.600608
current error: , 0.517453
current error: , 0.434405
current error: , 0.35151
current error: , 0.26869
current error: , 0.18576
current error: , 0.102474
current error: , 0.022134
current error: , 0.002469
Final error:, 0.001601
Execution successful
Goal signal recieved..
Planning ...
Collision pairs set
goal state set
Using RRT Connect
task setup complete
solving task...
OMPL states:, 200.
path found
valid path found, generating trajectory...
Trajectory points:, 1000.
Duration:, 4.243845
excecuting path...
current error: , 0.580144
current error: , 0.580144
current error: , 0.496947
current error: , 0.413982
current error: , 0.330981
current error: , 0.24764
current error: , 0.164685
current error: , 0.082047
current error: , 0.011919
Final error:, 0.001405
Execution successful
Goal signal recieved..
Planning ...
Collision pairs set
goal state set
Using RRT Connect
task setup complete
solving task...
OMPL states:, 200.
path found
valid path found, generating trajectory...
Trajectory points:, 1000.
Duration:, 6.078349
excecuting path...
current error: , 0.002969
Final error:, 0.002969
Execution successful
Goal signal recieved..
Planning ...
Collision pairs set
goal state set
Using RRT Connect
task setup complete
solving task...
OMPL states:, 200.
path found
valid path found, generating trajectory...
Trajectory points:, 1000.
Duration:, 4.241253
excecuting path...
current error: , 0.574606
current error: , 0.574606
current error: , 0.491449
current error: , 0.408662
current error: , 0.325574
current error: , 0.242281
current error: , 0.159308
current error: , 0.076287
current error: , 0.009924
Final error:, 0.001058
Execution successful
Goal signal recieved..
Planning ...
Collision pairs set
goal state set
Using RRT Connect
task setup complete
solving task...
OMPL states:, 200.
path found
valid path found, generating trajectory...
Trajectory points:, 1000.
Duration:, 6.959324
excecuting path...
current error: , 0.491804
current error: , 0.491804
current error: , 0.408097
current error: , 0.324413
current error: , 0.240682
current error: , 0.156974
current error: , 0.0733
current error: , 0.009533
Final error:, 0.002024
Execution successful
Goal signal recieved..
Planning ...
Collision pairs set
goal state set
Using RRT Connect
task setup complete
solving task...
OMPL states:, 200.
path found
valid path found, generating trajectory...
Trajectory points:, 1000.
Duration:, 4.247489
excecuting path...
current error: , 0.587122
current error: , 0.587122
current error: , 0.503909
current error: , 0.421036
current error: , 0.338106
current error: , 0.255055
current error: , 0.172288
current error: , 0.089266
current error: , 0.014768
Final error:, 0.001589
Execution successful
Goal signal recieved..
Planning ...
Collision pairs set
goal state set
Using RRT Connect
task setup complete
solving task...
OMPL states:, 200.
path found
valid path found, generating trajectory...
Trajectory points:, 1000.
Duration:, 11.089933
excecuting path...
current error: , 2.409922
current error: , 2.409922
current error: , 2.327158
current error: , 2.245596
current error: , 2.164724
current error: , 2.084564
current error: , 2.005129
current error: , 1.923696
current error: , 1.842492
current error: , 1.761129
current error: , 1.678543
current error: , 1.595817
current error: , 1.512666
current error: , 1.429773
current error: , 1.346691
current error: , 1.263591
current error: , 1.18029
current error: , 1.096796
current error: , 1.013153
current error: , 0.929522
current error: , 0.845972
current error: , 0.762471
current error: , 0.679174
current error: , 0.59624
current error: , 0.513316
current error: , 0.430115
current error: , 0.346813
current error: , 0.263671
current error: , 0.180596
current error: , 0.097316
current error: , 0.018847
Final error:, 0.001693
Execution successful
Goal signal recieved..
Planning ...
Collision pairs set
goal state set
Using RRT Connect
task setup complete
solving task...
OMPL states:, 200.
path found
valid path found, generating trajectory...
Trajectory points:, 1000.
Duration:, 4.241073
excecuting path...
current error: , 0.574272
current error: , 0.574272
current error: , 0.490963
current error: , 0.407903
current error: , 0.324731
current error: , 0.241376
current error: , 0.158081
current error: , 0.074952
current error: , 0.009547
Final error:, 0.001334
Execution successful
Goal signal recieved..
Planning ...
Collision pairs set
goal state set
Using RRT Connect
task setup complete
solving task...
OMPL states:, 200.
path found
valid path found, generating trajectory...
Trajectory points:, 1000.
Duration:, 9.17445
excecuting path...
current error: , 1.623529
current error: , 1.623529
current error: , 1.542153
current error: , 1.461035
current error: , 1.377975
current error: , 1.294508
current error: , 1.210949
current error: , 1.127339
current error: , 1.04375
current error: , 0.960136
current error: , 0.876582
current error: , 0.793023
current error: , 0.709528
current error: , 0.626307
current error: , 0.543213
current error: , 0.459876
current error: , 0.376621
current error: , 0.293465
current error: , 0.210201
current error: , 0.12701
current error: , 0.043936
current error: , 0.003905
Final error:, 0.001535
Execution successful
Goal signal recieved..
Planning ...
Collision pairs set
goal state set
Using RRT Connect
task setup complete
solving task...
OMPL states:, 200.
path found
valid path found, generating trajectory...
Trajectory points:, 1000.
Duration:, 4.233335
excecuting path...
current error: , 0.591028
current error: , 0.591028
current error: , 0.507375
current error: , 0.424375
current error: , 0.341296
current error: , 0.258381
current error: , 0.175204
current error: , 0.092051
current error: , 0.016979
Final error:, 0.00367
Execution successful
Goal signal recieved..
Planning ...
Collision pairs set
goal state set
Using RRT Connect
task setup complete
solving task...
OMPL states:, 200.
path found
valid path found, generating trajectory...
Trajectory points:, 1000.
Duration:, 6.889132
excecuting path...
current error: , 0.003285
Final error:, 0.003285
Execution successful
Goal signal recieved..
Planning ...
Collision pairs set
goal state set
Using RRT Connect
task setup complete
solving task...
OMPL states:, 200.
path found
valid path found, generating trajectory...
Trajectory points:, 1000.
Duration:, 4.231918
excecuting path...
current error: , 0.590047
current error: , 0.590047
current error: , 0.50636
current error: , 0.423271
current error: , 0.340035
current error: , 0.257166
current error: , 0.17411
current error: , 0.090838
current error: , 0.015637
Final error:, 0.002052
Execution successful
[sandboxScript:info]   Simulation stopping...
[sandboxScript:info]   Simulation stopped.
[sandboxScript:info]   Simulation started.
[CoppeliaSim:warning]   Detected non-default settings (time steps and/or dyn. engine global settings).
[sandboxScript:info]   Simulation stopping...
[sandboxScript:info]   Simulation stopped.
[sandboxScript:info]   Simulation started.
[CoppeliaSim:warning]   Detected non-default settings (time steps and/or dyn. engine global settings).
Goal signal recieved..
Planning ...
Collision pairs set
goal state set
Using RRT Connect
task setup complete
solving task...
OMPL states:, 200.
path found
valid path found, generating trajectory...
Trajectory points:, 1000.
Duration:, 3.574865
excecuting path...
current error: , 0.099916
current error: , 0.099916
current error: , 0.017106
Final error:, 0.000664
Execution successful
Goal signal recieved..
Planning ...
Collision pairs set
goal state set
Using RRT Connect
task setup complete
solving task...
OMPL states:, 200.
path found
valid path found, generating trajectory...
Trajectory points:, 1000.
Duration:, 6.996753
excecuting path...
current error: , 0.002183
Final error:, 0.002183
Execution successful
Goal signal recieved..
Planning ...
Collision pairs set
goal state set
Using RRT Connect
task setup complete
solving task...
OMPL states:, 200.
path found
valid path found, generating trajectory...
Trajectory points:, 1000.
Duration:, 1.842985
excecuting path...
current error: , 0.002308
Final error:, 0.002308
Execution successful
Goal signal recieved..
Planning ...
Collision pairs set
goal state set
Using RRT Connect
task setup complete
solving task...
OMPL states:, 200.
path found
valid path found, generating trajectory...
Trajectory points:, 1000.
Duration:, 0.488369
excecuting path...
current error: , 0.002025
Final error:, 0.002025
Execution successful
Goal signal recieved..
Planning ...
Collision pairs set
goal state set
Using RRT Connect
task setup complete
solving task...
OMPL states:, 200.
path found
valid path found, generating trajectory...
Trajectory points:, 1000.
Duration:, 1.868425
excecuting path...
current error: , 0.006873
Final error:, 0.006873
Execution successful
Goal signal recieved..
Planning ...
Collision pairs set
goal state set
Using RRT Connect
task setup complete
solving task...
OMPL states:, 200.
path found
valid path found, generating trajectory...
Trajectory points:, 1000.
Duration:, 0.355178
excecuting path...
current error: , 0.00261
Final error:, 0.00261
Execution successful
Goal signal recieved..
Planning ...
Collision pairs set
goal state set
Using RRT Connect
task setup complete
solving task...
OMPL states:, 200.
path found
valid path found, generating trajectory...
Trajectory points:, 1000.
Duration:, 1.869715
excecuting path...
current error: , 0.002388
Final error:, 0.002388
Execution successful
Goal signal recieved..
Planning ...
Collision pairs set
goal state set
Using RRT Connect
task setup complete
solving task...
OMPL states:, 200.
path found
valid path found, generating trajectory...
Trajectory points:, 1000.
Duration:, 0.390274
excecuting path...
current error: , 0.003374
Final error:, 0.003374
Execution successful
Goal signal recieved..
Planning ...
Collision pairs set
goal state set
Using RRT Connect
task setup complete
solving task...
OMPL states:, 200.
path found
valid path found, generating trajectory...
Trajectory points:, 1000.
Duration:, 1.867362
excecuting path...
current error: , 0.002188
Final error:, 0.002188
Execution successful
Goal signal recieved..
Planning ...
Collision pairs set
goal state set
Using RRT Connect
task setup complete
solving task...
OMPL states:, 200.
path found
valid path found, generating trajectory...
Trajectory points:, 1000.
Duration:, 0.384281
excecuting path...
current error: , 0.003001
Final error:, 0.003001
Execution successful
Goal signal recieved..
Planning ...
Collision pairs set
goal state set
Using RRT Connect
task setup complete
solving task...
OMPL states:, 200.
path found
valid path found, generating trajectory...
Trajectory points:, 1000.
Duration:, 1.867744
excecuting path...
current error: , 0.002216
Final error:, 0.002216
Execution successful
Goal signal recieved..
Planning ...
Collision pairs set
goal state set
Using RRT Connect
task setup complete
solving task...
OMPL states:, 200.
path found
valid path found, generating trajectory...
Trajectory points:, 1000.
Duration:, 0.39175
excecuting path...
current error: , 0.003483
Final error:, 0.003483
Execution successful
Goal signal recieved..
Planning ...
Collision pairs set
goal state set
Using RRT Connect
task setup complete
solving task...
OMPL states:, 200.
path found
valid path found, generating trajectory...
Trajectory points:, 1000.
Duration:, 1.867874
excecuting path...
current error: , 0.002231
Final error:, 0.002231
Execution successful
Goal signal recieved..
Planning ...
Collision pairs set
goal state set
Using RRT Connect
task setup complete
solving task...
OMPL states:, 200.
path found
valid path found, generating trajectory...
Trajectory points:, 1000.
Duration:, 0.387718
excecuting path...
current error: , 0.003248
Final error:, 0.003248
Execution successful
Goal signal recieved..
Planning ...
Collision pairs set
goal state set
Using RRT Connect
task setup complete
solving task...
OMPL states:, 200.
path found
valid path found, generating trajectory...
Trajectory points:, 1000.
Duration:, 1.868244
excecuting path...
current error: , 0.001608
Final error:, 0.001608
Execution successful
Goal signal recieved..
Planning ...
Collision pairs set
goal state set
Using RRT Connect
task setup complete
solving task...
OMPL states:, 200.
path found
valid path found, generating trajectory...
Trajectory points:, 1000.
Duration:, 0.387435
excecuting path...
current error: , 0.004774
Final error:, 0.004774
Execution successful
Goal signal recieved..
Planning ...
Collision pairs set
goal state set
Using RRT Connect
task setup complete
solving task...
OMPL states:, 200.
path found
valid path found, generating trajectory...
Trajectory points:, 1000.
Duration:, 1.866081
excecuting path...
current error: , 0.001519
Final error:, 0.001519
Execution successful
Goal signal recieved..
Planning ...
Collision pairs set
goal state set
Using RRT Connect
task setup complete
solving task...
OMPL states:, 200.
path found
valid path found, generating trajectory...
Trajectory points:, 1000.
Duration:, 0.389669
excecuting path...
current error: , 0.004986
Final error:, 0.004986
Execution successful
Goal signal recieved..
Planning ...
Collision pairs set
goal state set
Using RRT Connect
task setup complete
solving task...
OMPL states:, 200.
path found
valid path found, generating trajectory...
Trajectory points:, 1000.
Duration:, 1.865704
excecuting path...
current error: , 0.001455
Final error:, 0.001455
Execution successful
Goal signal recieved..
Planning ...
Collision pairs set
goal state set
Using RRT Connect
task setup complete
solving task...
OMPL states:, 200.
path found
valid path found, generating trajectory...
Trajectory points:, 1000.
Duration:, 0.386843
excecuting path...
current error: , 0.005191
Final error:, 0.005191
Execution successful
Goal signal recieved..
Planning ...
Collision pairs set
goal state set
Using RRT Connect
task setup complete
solving task...
OMPL states:, 200.
path found
valid path found, generating trajectory...
Trajectory points:, 1000.
Duration:, 1.865845
excecuting path...
current error: , 0.001486
Final error:, 0.001486
Execution successful
Goal signal recieved..
Planning ...
Collision pairs set
goal state set
Using RRT Connect
task setup complete
solving task...
OMPL states:, 200.
path found
valid path found, generating trajectory...
Trajectory points:, 1000.
Duration:, 0.385313
excecuting path...
current error: , 0.005
Final error:, 0.005
Execution successful
Goal signal recieved..
Planning ...
Collision pairs set
goal state set
Using RRT Connect
task setup complete
solving task...
OMPL states:, 200.
path found
valid path found, generating trajectory...
Trajectory points:, 1000.
Duration:, 1.86553
excecuting path...
current error: , 0.001523
Final error:, 0.001523
Execution successful
Goal signal recieved..
Planning ...
Collision pairs set
goal state set
Using RRT Connect
task setup complete
solving task...
OMPL states:, 200.
path found
valid path found, generating trajectory...
Trajectory points:, 1000.
Duration:, 0.385874
excecuting path...
current error: , 0.004654
Final error:, 0.004654
Execution successful
Goal signal recieved..
Planning ...
Collision pairs set
goal state set
Using RRT Connect
task setup complete
solving task...
OMPL states:, 200.
path found
valid path found, generating trajectory...
Trajectory points:, 1000.
Duration:, 1.865553
excecuting path...
current error: , 0.001537
Final error:, 0.001537
Execution successful
Goal signal recieved..
Planning ...
Collision pairs set
goal state set
Using RRT Connect
task setup complete
solving task...
OMPL states:, 200.
path found
valid path found, generating trajectory...
Trajectory points:, 1000.
Duration:, 0.384625
excecuting path...
current error: , 0.004492
Final error:, 0.004492
Execution successful
Goal signal recieved..
Planning ...
Collision pairs set
goal state set
Using RRT Connect
task setup complete
solving task...
OMPL states:, 200.
path found
valid path found, generating trajectory...
Trajectory points:, 1000.
Duration:, 1.86582
excecuting path...
current error: , 0.003579
Final error:, 0.003579
Execution successful
Goal signal recieved..
Planning ...
Collision pairs set
goal state set
Using RRT Connect
task setup complete
solving task...
OMPL states:, 200.
path found
valid path found, generating trajectory...
Trajectory points:, 1000.
Duration:, 0.377906
excecuting path...
current error: , 0.002166
Final error:, 0.002166
Execution successful
Goal signal recieved..
Planning ...
Collision pairs set
goal state set
Using RRT Connect
task setup complete
solving task...
OMPL states:, 200.
path found
valid path found, generating trajectory...
Trajectory points:, 1000.
Duration:, 1.868679
excecuting path...
current error: , 0.002288
Final error:, 0.002288
Execution successful
Goal signal recieved..
Planning ...
Collision pairs set
goal state set
Using RRT Connect
task setup complete
solving task...
OMPL states:, 200.
path found
valid path found, generating trajectory...
Trajectory points:, 1000.
Duration:, 8.409744
excecuting path...
current error: , 1.053636
current error: , 1.053636
current error: , 0.970744
current error: , 0.88789
current error: , 0.80471
current error: , 0.721804
current error: , 0.638862
current error: , 0.556004
current error: , 0.473285
current error: , 0.390264
current error: , 0.307262
current error: , 0.224438
current error: , 0.141125
current error: , 0.058383
current error: , 0.00591
Final error:, 0.001265
Execution successful
[sandboxScript:info]   Simulation stopping...
[sandboxScript:info]   Simulation stopped.
[sandboxScript:info]   Simulation started.
[CoppeliaSim:warning]   Detected non-default settings (time steps and/or dyn. engine global settings).
Goal signal recieved..
Planning ...
Collision pairs set
goal state set
Using RRT Connect
task setup complete
solving task...
OMPL states:, 200.
path found
valid path found, generating trajectory...
Trajectory points:, 1000.
Duration:, 3.575075
excecuting path...
current error: , 0.072644
current error: , 0.072644
current error: , 0.006601
Final error:, 0.000555
Execution successful
Goal signal recieved..
Planning ...
Collision pairs set
goal state set
Using RRT Connect
task setup complete
solving task...
Goal signal recieved..
Planning ...
Collision pairs set
goal state set
Using RRT Connect
task setup complete
solving task...
Goal signal recieved..
Planning ...
Collision pairs set
goal state set
Using RRT Connect
task setup complete
solving task...
OMPL states:, 200.
path found
valid path found, generating trajectory...
Trajectory points:, 1000.
Duration:, 7.618063
excecuting path...
current error: , 1.119987
current error: , 1.119987
current error: , 1.0362
current error: , 0.952475
current error: , 0.868664
current error: , 0.78489
current error: , 0.701035
current error: , 0.617196
current error: , 0.533259
current error: , 0.449402
current error: , 0.365572
current error: , 0.281743
current error: , 0.197927
current error: , 0.114175
current error: , 0.030614
current error: , 0.003877
Final error:, 0.002015
Execution successful
Goal signal recieved..
Planning ...
Collision pairs set
goal state set
Using RRT Connect
task setup complete
solving task...
OMPL states:, 200.
path found
valid path found, generating trajectory...
Trajectory points:, 1000.
Duration:, 8.281452
excecuting path...
current error: , 0.002002
Final error:, 0.002002
Execution successful
Goal signal recieved..
Planning ...
Collision pairs set
goal state set
Using RRT Connect
task setup complete
solving task...
OMPL states:, 200.
path found
valid path found, generating trajectory...
Trajectory points:, 1000.
Duration:, 10.535428
excecuting path...
current error: , 1.428015
current error: , 1.428015
current error: , 1.344283
current error: , 1.260622
current error: , 1.176923
current error: , 1.093241
current error: , 1.009525
current error: , 0.925778
current error: , 0.842044
current error: , 0.758308
current error: , 0.674638
current error: , 0.590928
current error: , 0.507331
current error: , 0.423737
current error: , 0.3401
current error: , 0.256483
current error: , 0.172868
current error: , 0.089251
current error: , 0.015134
Final error:, 0.002474
Execution successful
