Connecting to port 23001
connected to simulation
simulation is explicitly stepped
Joint handles retrieved
[LOG] TransitionLogger initialized with ID: 3b45543f-1da5-4b6b-a71d-6af8c33bab70
[LOG] MongoDB connection established
[LOG] TransitionLogger initialized with ID: 28ba5fb3-cb02-4f68-ae41-5fecb25bf803
[LOG] MongoDB connection established
Warmup not selected, attempting to build policy for informed exploration
USING STORM: False
Reading data from MongoDB...
Total option moiton param combinations 36
Collected combinations 36
Building state to idx mapping...
Building option ensembles...
pick_column0_top_0: Identifying enabled states...
pick_column0_top_0: Splitting up datasets...
pick_column0_top_0: Learning DBNS...
pick_column0_top_0: Building transition dicts for each DBN
pick_column0_top_0: Starting process for DBN 0
pick_column0_top_0: Starting process for DBN 1
pick_column0_top_0: Starting process for DBN 2
pick_column0_top_0: Starting process for DBN 3
pick_column0_top_0: Received dict for DBN 0
pick_column0_top_0: Received dict for DBN 1
pick_column0_top_0: Received dict for DBN 2
pick_column0_top_0: Received dict for DBN 3
pick_column0_top_0: Sampling transitions and computing reward
pick_column0_top_0: Building transition/reward matrices
pick_column0_left_0: Identifying enabled states...
pick_column0_left_0: Splitting up datasets...
pick_column0_left_0: Learning DBNS...
pick_column0_left_0: Building transition dicts for each DBN
pick_column0_left_0: Starting process for DBN 0
pick_column0_left_0: Starting process for DBN 1
pick_column0_left_0: Starting process for DBN 2
pick_column0_left_0: Starting process for DBN 3
pick_column0_left_0: Received dict for DBN 0
pick_column0_left_0: Received dict for DBN 1
pick_column0_left_0: Received dict for DBN 2
pick_column0_left_0: Received dict for DBN 3
pick_column0_left_0: Sampling transitions and computing reward
pick_column0_left_0: Building transition/reward matrices
pick_column0_right_0: Identifying enabled states...
pick_column0_right_0: Splitting up datasets...
pick_column0_right_0: Learning DBNS...
pick_column0_right_0: Building transition dicts for each DBN
pick_column0_right_0: Starting process for DBN 0
pick_column0_right_0: Starting process for DBN 1
pick_column0_right_0: Starting process for DBN 2
pick_column0_right_0: Starting process for DBN 3
pick_column0_right_0: Received dict for DBN 0
pick_column0_right_0: Received dict for DBN 1
pick_column0_right_0: Received dict for DBN 2
pick_column0_right_0: Received dict for DBN 3
pick_column0_right_0: Sampling transitions and computing reward
pick_column0_right_0: Building transition/reward matrices
pick_column0_front_270: Identifying enabled states...
pick_column0_front_270: Splitting up datasets...
pick_column0_front_270: Learning DBNS...
pick_column0_front_270: Building transition dicts for each DBN
pick_column0_front_270: Starting process for DBN 0
pick_column0_front_270: Starting process for DBN 1
pick_column0_front_270: Starting process for DBN 2
pick_column0_front_270: Starting process for DBN 3
pick_column0_front_270: Received dict for DBN 0
pick_column0_front_270: Received dict for DBN 1
pick_column0_front_270: Received dict for DBN 2
pick_column0_front_270: Received dict for DBN 3
pick_column0_front_270: Sampling transitions and computing reward
pick_column0_front_270: Building transition/reward matrices
pick_column1_top_0: Identifying enabled states...
pick_column1_top_0: Splitting up datasets...
pick_column1_top_0: Learning DBNS...
pick_column1_top_0: Building transition dicts for each DBN
pick_column1_top_0: Starting process for DBN 0
pick_column1_top_0: Starting process for DBN 1
pick_column1_top_0: Starting process for DBN 2
pick_column1_top_0: Starting process for DBN 3
pick_column1_top_0: Received dict for DBN 0
pick_column1_top_0: Received dict for DBN 1
pick_column1_top_0: Received dict for DBN 2
pick_column1_top_0: Received dict for DBN 3
pick_column1_top_0: Sampling transitions and computing reward
pick_column1_top_0: Building transition/reward matrices
pick_column1_left_0: Identifying enabled states...
pick_column1_left_0: Splitting up datasets...
pick_column1_left_0: Learning DBNS...
pick_column1_left_0: Building transition dicts for each DBN
pick_column1_left_0: Starting process for DBN 0
pick_column1_left_0: Starting process for DBN 1
pick_column1_left_0: Starting process for DBN 2
pick_column1_left_0: Starting process for DBN 3
pick_column1_left_0: Received dict for DBN 0
pick_column1_left_0: Received dict for DBN 1
pick_column1_left_0: Received dict for DBN 2
pick_column1_left_0: Received dict for DBN 3
pick_column1_left_0: Sampling transitions and computing reward
pick_column1_left_0: Building transition/reward matrices
pick_column1_right_0: Identifying enabled states...
pick_column1_right_0: Splitting up datasets...
pick_column1_right_0: Learning DBNS...
pick_column1_right_0: Building transition dicts for each DBN
pick_column1_right_0: Starting process for DBN 0
pick_column1_right_0: Starting process for DBN 1
pick_column1_right_0: Starting process for DBN 2
pick_column1_right_0: Starting process for DBN 3
pick_column1_right_0: Received dict for DBN 1
pick_column1_right_0: Received dict for DBN 0
pick_column1_right_0: Received dict for DBN 2
pick_column1_right_0: Received dict for DBN 3
pick_column1_right_0: Sampling transitions and computing reward
pick_column1_right_0: Building transition/reward matrices
pick_column1_front_270: Identifying enabled states...
pick_column1_front_270: Splitting up datasets...
pick_column1_front_270: Learning DBNS...
pick_column1_front_270: Building transition dicts for each DBN
pick_column1_front_270: Starting process for DBN 0
pick_column1_front_270: Starting process for DBN 1
pick_column1_front_270: Starting process for DBN 2
pick_column1_front_270: Starting process for DBN 3
pick_column1_front_270: Received dict for DBN 1
pick_column1_front_270: Received dict for DBN 0
pick_column1_front_270: Received dict for DBN 3
pick_column1_front_270: Received dict for DBN 2
pick_column1_front_270: Sampling transitions and computing reward
pick_column1_front_270: Building transition/reward matrices
pick_column2_top_0: Identifying enabled states...
pick_column2_top_0: Splitting up datasets...
pick_column2_top_0: Learning DBNS...
pick_column2_top_0: Building transition dicts for each DBN
pick_column2_top_0: Starting process for DBN 0
pick_column2_top_0: Starting process for DBN 1
pick_column2_top_0: Starting process for DBN 2
pick_column2_top_0: Starting process for DBN 3
pick_column2_top_0: Received dict for DBN 0
pick_column2_top_0: Received dict for DBN 1
pick_column2_top_0: Received dict for DBN 3
pick_column2_top_0: Received dict for DBN 2
pick_column2_top_0: Sampling transitions and computing reward
pick_column2_top_0: Building transition/reward matrices
pick_column2_left_0: Identifying enabled states...
pick_column2_left_0: Splitting up datasets...
pick_column2_left_0: Learning DBNS...
pick_column2_left_0: Building transition dicts for each DBN
pick_column2_left_0: Starting process for DBN 0
pick_column2_left_0: Starting process for DBN 1
pick_column2_left_0: Starting process for DBN 2
pick_column2_left_0: Starting process for DBN 3
pick_column2_left_0: Received dict for DBN 0
pick_column2_left_0: Received dict for DBN 1
pick_column2_left_0: Received dict for DBN 2
pick_column2_left_0: Received dict for DBN 3
pick_column2_left_0: Sampling transitions and computing reward
pick_column2_left_0: Building transition/reward matrices
pick_column2_right_0: Identifying enabled states...
pick_column2_right_0: Splitting up datasets...
pick_column2_right_0: Learning DBNS...
pick_column2_right_0: Building transition dicts for each DBN
pick_column2_right_0: Starting process for DBN 0
pick_column2_right_0: Starting process for DBN 1
pick_column2_right_0: Starting process for DBN 2
pick_column2_right_0: Starting process for DBN 3
pick_column2_right_0: Received dict for DBN 0
pick_column2_right_0: Received dict for DBN 1
pick_column2_right_0: Received dict for DBN 2
pick_column2_right_0: Received dict for DBN 3
pick_column2_right_0: Sampling transitions and computing reward
pick_column2_right_0: Building transition/reward matrices
pick_column2_front_270: Identifying enabled states...
pick_column2_front_270: Splitting up datasets...
pick_column2_front_270: Learning DBNS...
pick_column2_front_270: Building transition dicts for each DBN
pick_column2_front_270: Starting process for DBN 0
pick_column2_front_270: Starting process for DBN 1
pick_column2_front_270: Starting process for DBN 2
pick_column2_front_270: Starting process for DBN 3
pick_column2_front_270: Received dict for DBN 0
pick_column2_front_270: Received dict for DBN 2
pick_column2_front_270: Received dict for DBN 1
pick_column2_front_270: Received dict for DBN 3
pick_column2_front_270: Sampling transitions and computing reward
pick_column2_front_270: Building transition/reward matrices
place_goal_0_top_0: Identifying enabled states...
place_goal_0_top_0: Splitting up datasets...
place_goal_0_top_0: Learning DBNS...
place_goal_0_top_0: Building transition dicts for each DBN
place_goal_0_top_0: Starting process for DBN 0
place_goal_0_top_0: Starting process for DBN 1
place_goal_0_top_0: Starting process for DBN 2
place_goal_0_top_0: Starting process for DBN 3
place_goal_0_top_0: Received dict for DBN 0
place_goal_0_top_0: Received dict for DBN 1
place_goal_0_top_0: Received dict for DBN 2
place_goal_0_top_0: Received dict for DBN 3
place_goal_0_top_0: Sampling transitions and computing reward
place_goal_0_top_0: Building transition/reward matrices
place_goal_0_left_0: Identifying enabled states...
place_goal_0_left_0: Splitting up datasets...
place_goal_0_left_0: Learning DBNS...
place_goal_0_left_0: Building transition dicts for each DBN
place_goal_0_left_0: Starting process for DBN 0
place_goal_0_left_0: Starting process for DBN 1
place_goal_0_left_0: Starting process for DBN 2
place_goal_0_left_0: Starting process for DBN 3
place_goal_0_left_0: Received dict for DBN 0
place_goal_0_left_0: Received dict for DBN 1
place_goal_0_left_0: Received dict for DBN 2
place_goal_0_left_0: Received dict for DBN 3
place_goal_0_left_0: Sampling transitions and computing reward
place_goal_0_left_0: Building transition/reward matrices
place_goal_0_right_0: Identifying enabled states...
place_goal_0_right_0: Splitting up datasets...
place_goal_0_right_0: Learning DBNS...
place_goal_0_right_0: Building transition dicts for each DBN
place_goal_0_right_0: Starting process for DBN 0
place_goal_0_right_0: Starting process for DBN 1
place_goal_0_right_0: Starting process for DBN 2
place_goal_0_right_0: Starting process for DBN 3
place_goal_0_right_0: Received dict for DBN 0
place_goal_0_right_0: Received dict for DBN 1
place_goal_0_right_0: Received dict for DBN 2
place_goal_0_right_0: Received dict for DBN 3
place_goal_0_right_0: Sampling transitions and computing reward
place_goal_0_right_0: Building transition/reward matrices
place_goal_0_front_270: Identifying enabled states...
place_goal_0_front_270: Splitting up datasets...
place_goal_0_front_270: Learning DBNS...
place_goal_0_front_270: Building transition dicts for each DBN
place_goal_0_front_270: Starting process for DBN 0
place_goal_0_front_270: Starting process for DBN 1
place_goal_0_front_270: Starting process for DBN 2
place_goal_0_front_270: Starting process for DBN 3
place_goal_0_front_270: Received dict for DBN 0
place_goal_0_front_270: Received dict for DBN 1
place_goal_0_front_270: Received dict for DBN 2
place_goal_0_front_270: Received dict for DBN 3
place_goal_0_front_270: Sampling transitions and computing reward
place_goal_0_front_270: Building transition/reward matrices
place_goal_1_top_0: Identifying enabled states...
place_goal_1_top_0: Splitting up datasets...
place_goal_1_top_0: Learning DBNS...
place_goal_1_top_0: Building transition dicts for each DBN
place_goal_1_top_0: Starting process for DBN 0
place_goal_1_top_0: Starting process for DBN 1
place_goal_1_top_0: Starting process for DBN 2
place_goal_1_top_0: Starting process for DBN 3
place_goal_1_top_0: Received dict for DBN 1
place_goal_1_top_0: Received dict for DBN 0
place_goal_1_top_0: Received dict for DBN 2
place_goal_1_top_0: Received dict for DBN 3
place_goal_1_top_0: Sampling transitions and computing reward
place_goal_1_top_0: Building transition/reward matrices
place_goal_1_left_0: Identifying enabled states...
place_goal_1_left_0: Splitting up datasets...
place_goal_1_left_0: Learning DBNS...
place_goal_1_left_0: Building transition dicts for each DBN
place_goal_1_left_0: Starting process for DBN 0
place_goal_1_left_0: Starting process for DBN 1
place_goal_1_left_0: Starting process for DBN 2
place_goal_1_left_0: Starting process for DBN 3
place_goal_1_left_0: Received dict for DBN 0
place_goal_1_left_0: Received dict for DBN 1
place_goal_1_left_0: Received dict for DBN 2
place_goal_1_left_0: Received dict for DBN 3
place_goal_1_left_0: Sampling transitions and computing reward
place_goal_1_left_0: Building transition/reward matrices
place_goal_1_right_0: Identifying enabled states...
place_goal_1_right_0: Splitting up datasets...
place_goal_1_right_0: Learning DBNS...
place_goal_1_right_0: Building transition dicts for each DBN
place_goal_1_right_0: Starting process for DBN 0
place_goal_1_right_0: Starting process for DBN 1
place_goal_1_right_0: Starting process for DBN 2
place_goal_1_right_0: Starting process for DBN 3
place_goal_1_right_0: Received dict for DBN 0
place_goal_1_right_0: Received dict for DBN 1
place_goal_1_right_0: Received dict for DBN 2
place_goal_1_right_0: Received dict for DBN 3
place_goal_1_right_0: Sampling transitions and computing reward
place_goal_1_right_0: Building transition/reward matrices
place_goal_1_front_270: Identifying enabled states...
place_goal_1_front_270: Splitting up datasets...
place_goal_1_front_270: Learning DBNS...
place_goal_1_front_270: Building transition dicts for each DBN
place_goal_1_front_270: Starting process for DBN 0
place_goal_1_front_270: Starting process for DBN 1
place_goal_1_front_270: Starting process for DBN 2
place_goal_1_front_270: Starting process for DBN 3
place_goal_1_front_270: Received dict for DBN 0
place_goal_1_front_270: Received dict for DBN 1
place_goal_1_front_270: Received dict for DBN 2
place_goal_1_front_270: Received dict for DBN 3
place_goal_1_front_270: Sampling transitions and computing reward
place_goal_1_front_270: Building transition/reward matrices
place_goal_2_top_0: Identifying enabled states...
place_goal_2_top_0: Splitting up datasets...
place_goal_2_top_0: Learning DBNS...
place_goal_2_top_0: Building transition dicts for each DBN
place_goal_2_top_0: Starting process for DBN 0
place_goal_2_top_0: Starting process for DBN 1
place_goal_2_top_0: Starting process for DBN 2
place_goal_2_top_0: Starting process for DBN 3
place_goal_2_top_0: Received dict for DBN 0
place_goal_2_top_0: Received dict for DBN 2
place_goal_2_top_0: Received dict for DBN 1
place_goal_2_top_0: Received dict for DBN 3
place_goal_2_top_0: Sampling transitions and computing reward
place_goal_2_top_0: Building transition/reward matrices
place_goal_2_left_0: Identifying enabled states...
place_goal_2_left_0: Splitting up datasets...
place_goal_2_left_0: Learning DBNS...
place_goal_2_left_0: Building transition dicts for each DBN
place_goal_2_left_0: Starting process for DBN 0
place_goal_2_left_0: Starting process for DBN 1
place_goal_2_left_0: Starting process for DBN 2
place_goal_2_left_0: Starting process for DBN 3
place_goal_2_left_0: Received dict for DBN 0
place_goal_2_left_0: Received dict for DBN 1
place_goal_2_left_0: Received dict for DBN 2
place_goal_2_left_0: Received dict for DBN 3
place_goal_2_left_0: Sampling transitions and computing reward
place_goal_2_left_0: Building transition/reward matrices
place_goal_2_right_0: Identifying enabled states...
place_goal_2_right_0: Splitting up datasets...
place_goal_2_right_0: Learning DBNS...
place_goal_2_right_0: Building transition dicts for each DBN
place_goal_2_right_0: Starting process for DBN 0
place_goal_2_right_0: Starting process for DBN 1
place_goal_2_right_0: Starting process for DBN 2
place_goal_2_right_0: Starting process for DBN 3
place_goal_2_right_0: Received dict for DBN 1
place_goal_2_right_0: Received dict for DBN 0
place_goal_2_right_0: Received dict for DBN 3
place_goal_2_right_0: Received dict for DBN 2
place_goal_2_right_0: Sampling transitions and computing reward
place_goal_2_right_0: Building transition/reward matrices
place_goal_2_front_270: Identifying enabled states...
place_goal_2_front_270: Splitting up datasets...
place_goal_2_front_270: Learning DBNS...
place_goal_2_front_270: Building transition dicts for each DBN
place_goal_2_front_270: Starting process for DBN 0
place_goal_2_front_270: Starting process for DBN 1
place_goal_2_front_270: Starting process for DBN 2
place_goal_2_front_270: Starting process for DBN 3
place_goal_2_front_270: Received dict for DBN 1
place_goal_2_front_270: Received dict for DBN 0
place_goal_2_front_270: Received dict for DBN 2
place_goal_2_front_270: Received dict for DBN 3
place_goal_2_front_270: Sampling transitions and computing reward
place_goal_2_front_270: Building transition/reward matrices
place_region_0_top_0: Identifying enabled states...
place_region_0_top_0: Splitting up datasets...
place_region_0_top_0: Learning DBNS...
place_region_0_top_0: Building transition dicts for each DBN
place_region_0_top_0: Starting process for DBN 0
place_region_0_top_0: Starting process for DBN 1
place_region_0_top_0: Starting process for DBN 2
place_region_0_top_0: Starting process for DBN 3
place_region_0_top_0: Received dict for DBN 1
place_region_0_top_0: Received dict for DBN 0
place_region_0_top_0: Received dict for DBN 2
place_region_0_top_0: Received dict for DBN 3
place_region_0_top_0: Sampling transitions and computing reward
place_region_0_top_0: Building transition/reward matrices
place_region_0_left_0: Identifying enabled states...
place_region_0_left_0: Splitting up datasets...
place_region_0_left_0: Learning DBNS...
place_region_0_left_0: Building transition dicts for each DBN
place_region_0_left_0: Starting process for DBN 0
place_region_0_left_0: Starting process for DBN 1
place_region_0_left_0: Starting process for DBN 2
place_region_0_left_0: Starting process for DBN 3
place_region_0_left_0: Received dict for DBN 1
place_region_0_left_0: Received dict for DBN 0
place_region_0_left_0: Received dict for DBN 2
place_region_0_left_0: Received dict for DBN 3
place_region_0_left_0: Sampling transitions and computing reward
place_region_0_left_0: Building transition/reward matrices
place_region_0_right_0: Identifying enabled states...
place_region_0_right_0: Splitting up datasets...
place_region_0_right_0: Learning DBNS...
place_region_0_right_0: Building transition dicts for each DBN
place_region_0_right_0: Starting process for DBN 0
place_region_0_right_0: Starting process for DBN 1
place_region_0_right_0: Starting process for DBN 2
place_region_0_right_0: Starting process for DBN 3
place_region_0_right_0: Received dict for DBN 1
place_region_0_right_0: Received dict for DBN 0
place_region_0_right_0: Received dict for DBN 2
place_region_0_right_0: Received dict for DBN 3
place_region_0_right_0: Sampling transitions and computing reward
place_region_0_right_0: Building transition/reward matrices
place_region_0_front_270: Identifying enabled states...
place_region_0_front_270: Splitting up datasets...
place_region_0_front_270: Learning DBNS...
place_region_0_front_270: Building transition dicts for each DBN
place_region_0_front_270: Starting process for DBN 0
place_region_0_front_270: Starting process for DBN 1
place_region_0_front_270: Starting process for DBN 2
place_region_0_front_270: Starting process for DBN 3
place_region_0_front_270: Received dict for DBN 1
place_region_0_front_270: Received dict for DBN 0
place_region_0_front_270: Received dict for DBN 2
place_region_0_front_270: Received dict for DBN 3
place_region_0_front_270: Sampling transitions and computing reward
place_region_0_front_270: Building transition/reward matrices
place_region_1_top_0: Identifying enabled states...
place_region_1_top_0: Splitting up datasets...
place_region_1_top_0: Learning DBNS...
place_region_1_top_0: Building transition dicts for each DBN
place_region_1_top_0: Starting process for DBN 0
place_region_1_top_0: Starting process for DBN 1
place_region_1_top_0: Starting process for DBN 2
place_region_1_top_0: Starting process for DBN 3
place_region_1_top_0: Received dict for DBN 0
place_region_1_top_0: Received dict for DBN 1
place_region_1_top_0: Received dict for DBN 2
place_region_1_top_0: Received dict for DBN 3
place_region_1_top_0: Sampling transitions and computing reward
place_region_1_top_0: Building transition/reward matrices
place_region_1_left_0: Identifying enabled states...
place_region_1_left_0: Splitting up datasets...
place_region_1_left_0: Learning DBNS...
place_region_1_left_0: Building transition dicts for each DBN
place_region_1_left_0: Starting process for DBN 0
place_region_1_left_0: Starting process for DBN 1
place_region_1_left_0: Starting process for DBN 2
place_region_1_left_0: Starting process for DBN 3
place_region_1_left_0: Received dict for DBN 1
place_region_1_left_0: Received dict for DBN 0
place_region_1_left_0: Received dict for DBN 2
place_region_1_left_0: Received dict for DBN 3
place_region_1_left_0: Sampling transitions and computing reward
place_region_1_left_0: Building transition/reward matrices
place_region_1_right_0: Identifying enabled states...
place_region_1_right_0: Splitting up datasets...
place_region_1_right_0: Learning DBNS...
place_region_1_right_0: Building transition dicts for each DBN
place_region_1_right_0: Starting process for DBN 0
place_region_1_right_0: Starting process for DBN 1
place_region_1_right_0: Starting process for DBN 2
place_region_1_right_0: Starting process for DBN 3
place_region_1_right_0: Received dict for DBN 1
place_region_1_right_0: Received dict for DBN 0
place_region_1_right_0: Received dict for DBN 2
place_region_1_right_0: Received dict for DBN 3
place_region_1_right_0: Sampling transitions and computing reward
place_region_1_right_0: Building transition/reward matrices
place_region_1_front_270: Identifying enabled states...
place_region_1_front_270: Splitting up datasets...
place_region_1_front_270: Learning DBNS...
place_region_1_front_270: Building transition dicts for each DBN
place_region_1_front_270: Starting process for DBN 0
place_region_1_front_270: Starting process for DBN 1
place_region_1_front_270: Starting process for DBN 2
place_region_1_front_270: Starting process for DBN 3
place_region_1_front_270: Received dict for DBN 1
place_region_1_front_270: Received dict for DBN 0
place_region_1_front_270: Received dict for DBN 2
place_region_1_front_270: Received dict for DBN 3
place_region_1_front_270: Sampling transitions and computing reward
place_region_1_front_270: Building transition/reward matrices
place_region_2_top_0: Identifying enabled states...
place_region_2_top_0: Splitting up datasets...
place_region_2_top_0: Learning DBNS...
place_region_2_top_0: Building transition dicts for each DBN
place_region_2_top_0: Starting process for DBN 0
place_region_2_top_0: Starting process for DBN 1
place_region_2_top_0: Starting process for DBN 2
place_region_2_top_0: Starting process for DBN 3
place_region_2_top_0: Received dict for DBN 1
place_region_2_top_0: Received dict for DBN 0
place_region_2_top_0: Received dict for DBN 2
place_region_2_top_0: Received dict for DBN 3
place_region_2_top_0: Sampling transitions and computing reward
place_region_2_top_0: Building transition/reward matrices
place_region_2_left_0: Identifying enabled states...
place_region_2_left_0: Splitting up datasets...
place_region_2_left_0: Learning DBNS...
place_region_2_left_0: Building transition dicts for each DBN
place_region_2_left_0: Starting process for DBN 0
place_region_2_left_0: Starting process for DBN 1
place_region_2_left_0: Starting process for DBN 2
place_region_2_left_0: Starting process for DBN 3
place_region_2_left_0: Received dict for DBN 0
place_region_2_left_0: Received dict for DBN 1
place_region_2_left_0: Received dict for DBN 2
place_region_2_left_0: Received dict for DBN 3
place_region_2_left_0: Sampling transitions and computing reward
place_region_2_left_0: Building transition/reward matrices
place_region_2_right_0: Identifying enabled states...
place_region_2_right_0: Splitting up datasets...
place_region_2_right_0: Learning DBNS...
place_region_2_right_0: Building transition dicts for each DBN
place_region_2_right_0: Starting process for DBN 0
place_region_2_right_0: Starting process for DBN 1
place_region_2_right_0: Starting process for DBN 2
place_region_2_right_0: Starting process for DBN 3
place_region_2_right_0: Received dict for DBN 1
place_region_2_right_0: Received dict for DBN 0
place_region_2_right_0: Received dict for DBN 2
place_region_2_right_0: Received dict for DBN 3
place_region_2_right_0: Sampling transitions and computing reward
place_region_2_right_0: Building transition/reward matrices
place_region_2_front_270: Identifying enabled states...
place_region_2_front_270: Splitting up datasets...
place_region_2_front_270: Learning DBNS...
place_region_2_front_270: Building transition dicts for each DBN
place_region_2_front_270: Starting process for DBN 0
place_region_2_front_270: Starting process for DBN 1
place_region_2_front_270: Starting process for DBN 2
place_region_2_front_270: Starting process for DBN 3
place_region_2_front_270: Received dict for DBN 0
place_region_2_front_270: Received dict for DBN 1
place_region_2_front_270: Received dict for DBN 2
place_region_2_front_270: Received dict for DBN 3
place_region_2_front_270: Sampling transitions and computing reward
place_region_2_front_270: Building transition/reward matrices
Building MDP...
Synthesising Policy...
Solving MDP for timestep: 29
Solving MDP for timestep: 28
Solving MDP for timestep: 27
Solving MDP for timestep: 26
Solving MDP for timestep: 25
Solving MDP for timestep: 24
Solving MDP for timestep: 23
Solving MDP for timestep: 22
Solving MDP for timestep: 21
Solving MDP for timestep: 20
Solving MDP for timestep: 19
Solving MDP for timestep: 18
Solving MDP for timestep: 17
Solving MDP for timestep: 16
Solving MDP for timestep: 15
Solving MDP for timestep: 14
Solving MDP for timestep: 13
Solving MDP for timestep: 12
Solving MDP for timestep: 11
Solving MDP for timestep: 10
Solving MDP for timestep: 9
Solving MDP for timestep: 8
Solving MDP for timestep: 7
Solving MDP for timestep: 6
Solving MDP for timestep: 5
Solving MDP for timestep: 4
Solving MDP for timestep: 3
Solving MDP for timestep: 2
Solving MDP for timestep: 1
Solving MDP for timestep: 0
Informed collection will begin if selected
Resetting the scene for new episode
Step 0
policy value 39.02130889892578
State(column0: region_0, column1: region_2, column2: region_1)
pick_column1_left_0
Action: Action(ActionType.PICK, obj=/column1, slot=None,grasp=GraspType.LEFT_0)
[EXEC] Picking /column1 with left_0

[INFO] Found 4416 potential configurations.
[WARN] No valid configuration found (all tested configs invalid).
[EXEC] Action ActionType.PICK executed in 3.42 seconds
[ERROR] Action ActionType.PICK failed for object /column1
Action duration: 0.001
[LOG] Transition logged to MongoDB: 3b45543f-1da5-4b6b-a71d-6af8c33bab70 - Episode 0
Action failed, stopping. Time elapsed: 0.001
Step 1
policy value 37.61018753051758
State(column0: region_0, column1: region_2, column2: region_1)
pick_column1_left_0
Action: Action(ActionType.PICK, obj=/column1, slot=None,grasp=GraspType.LEFT_0)
[EXEC] Picking /column1 with left_0

[INFO] Found 4800 potential configurations.
[WARN] No valid configuration found (all tested configs invalid).
[EXEC] Action ActionType.PICK executed in 3.53 seconds
[ERROR] Action ActionType.PICK failed for object /column1
Action duration: 0.001
[LOG] Transition logged to MongoDB: 3b45543f-1da5-4b6b-a71d-6af8c33bab70 - Episode 0
Action failed, stopping. Time elapsed: 0.001
Step 2
policy value 36.201446533203125
State(column0: region_0, column1: region_2, column2: region_1)
pick_column1_left_0
Action: Action(ActionType.PICK, obj=/column1, slot=None,grasp=GraspType.LEFT_0)
[EXEC] Picking /column1 with left_0

[INFO] Found 5632 potential configurations.
[WARN] No valid configuration found (all tested configs invalid).
[EXEC] Action ActionType.PICK executed in 3.77 seconds
[ERROR] Action ActionType.PICK failed for object /column1
Action duration: 0.001
[LOG] Transition logged to MongoDB: 3b45543f-1da5-4b6b-a71d-6af8c33bab70 - Episode 0
Action failed, stopping. Time elapsed: 0.001
Step 3
policy value 34.7952995300293
State(column0: region_0, column1: region_2, column2: region_1)
pick_column1_left_0
Action: Action(ActionType.PICK, obj=/column1, slot=None,grasp=GraspType.LEFT_0)
[EXEC] Picking /column1 with left_0

[INFO] Found 5248 potential configurations.
[WARN] No valid configuration found (all tested configs invalid).
[EXEC] Action ActionType.PICK executed in 3.49 seconds
[ERROR] Action ActionType.PICK failed for object /column1
Action duration: 0.001
[LOG] Transition logged to MongoDB: 3b45543f-1da5-4b6b-a71d-6af8c33bab70 - Episode 0
Action failed, stopping. Time elapsed: 0.001
Step 4
policy value 33.39194107055664
State(column0: region_0, column1: region_2, column2: region_1)
pick_column1_left_0
Action: Action(ActionType.PICK, obj=/column1, slot=None,grasp=GraspType.LEFT_0)
[EXEC] Picking /column1 with left_0

[INFO] Found 5312 potential configurations.
[WARN] No valid configuration found (all tested configs invalid).
[EXEC] Action ActionType.PICK executed in 3.45 seconds
[ERROR] Action ActionType.PICK failed for object /column1
Action duration: 0.001
[LOG] Transition logged to MongoDB: 3b45543f-1da5-4b6b-a71d-6af8c33bab70 - Episode 0
Action failed, stopping. Time elapsed: 0.001
Step 5
policy value 31.991674423217773
State(column0: region_0, column1: region_2, column2: region_1)
pick_column1_left_0
Action: Action(ActionType.PICK, obj=/column1, slot=None,grasp=GraspType.LEFT_0)
[EXEC] Picking /column1 with left_0

[INFO] Found 6144 potential configurations.
[WARN] No valid configuration found (all tested configs invalid).
[EXEC] Action ActionType.PICK executed in 3.54 seconds
[ERROR] Action ActionType.PICK failed for object /column1
Action duration: 0.001
[LOG] Transition logged to MongoDB: 3b45543f-1da5-4b6b-a71d-6af8c33bab70 - Episode 0
Action failed, stopping. Time elapsed: 0.001
Too many failures, resetting episode
Episode 0 ended
Revising policy
USING STORM: False
Reading data from MongoDB...
Total option moiton param combinations 36
Collected combinations 36
Building state to idx mapping...
Building option ensembles...
pick_column0_top_0: Identifying enabled states...
pick_column0_top_0: Splitting up datasets...
pick_column0_top_0: Learning DBNS...
pick_column0_top_0: Building transition dicts for each DBN
pick_column0_top_0: Starting process for DBN 0
pick_column0_top_0: Starting process for DBN 1
pick_column0_top_0: Starting process for DBN 2
pick_column0_top_0: Starting process for DBN 3
pick_column0_top_0: Received dict for DBN 0
pick_column0_top_0: Received dict for DBN 1
pick_column0_top_0: Received dict for DBN 2
pick_column0_top_0: Received dict for DBN 3
pick_column0_top_0: Sampling transitions and computing reward
pick_column0_top_0: Building transition/reward matrices
pick_column0_left_0: Identifying enabled states...
pick_column0_left_0: Splitting up datasets...
pick_column0_left_0: Learning DBNS...
pick_column0_left_0: Building transition dicts for each DBN
pick_column0_left_0: Starting process for DBN 0
pick_column0_left_0: Starting process for DBN 1
pick_column0_left_0: Starting process for DBN 2
pick_column0_left_0: Starting process for DBN 3
pick_column0_left_0: Received dict for DBN 0
pick_column0_left_0: Received dict for DBN 1
pick_column0_left_0: Received dict for DBN 2
pick_column0_left_0: Received dict for DBN 3
pick_column0_left_0: Sampling transitions and computing reward
pick_column0_left_0: Building transition/reward matrices
pick_column0_right_0: Identifying enabled states...
pick_column0_right_0: Splitting up datasets...
pick_column0_right_0: Learning DBNS...
pick_column0_right_0: Building transition dicts for each DBN
pick_column0_right_0: Starting process for DBN 0
pick_column0_right_0: Starting process for DBN 1
pick_column0_right_0: Starting process for DBN 2
pick_column0_right_0: Starting process for DBN 3
pick_column0_right_0: Received dict for DBN 0
pick_column0_right_0: Received dict for DBN 1
pick_column0_right_0: Received dict for DBN 2
pick_column0_right_0: Received dict for DBN 3
pick_column0_right_0: Sampling transitions and computing reward
pick_column0_right_0: Building transition/reward matrices
pick_column0_front_270: Identifying enabled states...
pick_column0_front_270: Splitting up datasets...
pick_column0_front_270: Learning DBNS...
pick_column0_front_270: Building transition dicts for each DBN
pick_column0_front_270: Starting process for DBN 0
pick_column0_front_270: Starting process for DBN 1
pick_column0_front_270: Starting process for DBN 2
pick_column0_front_270: Starting process for DBN 3
pick_column0_front_270: Received dict for DBN 0
pick_column0_front_270: Received dict for DBN 2
pick_column0_front_270: Received dict for DBN 1
pick_column0_front_270: Received dict for DBN 3
pick_column0_front_270: Sampling transitions and computing reward
pick_column0_front_270: Building transition/reward matrices
pick_column1_top_0: Identifying enabled states...
pick_column1_top_0: Splitting up datasets...
pick_column1_top_0: Learning DBNS...
pick_column1_top_0: Building transition dicts for each DBN
pick_column1_top_0: Starting process for DBN 0
pick_column1_top_0: Starting process for DBN 1
pick_column1_top_0: Starting process for DBN 2
pick_column1_top_0: Starting process for DBN 3
pick_column1_top_0: Received dict for DBN 0
pick_column1_top_0: Received dict for DBN 1
pick_column1_top_0: Received dict for DBN 2
pick_column1_top_0: Received dict for DBN 3
pick_column1_top_0: Sampling transitions and computing reward
pick_column1_top_0: Building transition/reward matrices
pick_column1_left_0: Identifying enabled states...
pick_column1_left_0: Splitting up datasets...
pick_column1_left_0: Learning DBNS...
pick_column1_left_0: Building transition dicts for each DBN
pick_column1_left_0: Starting process for DBN 0
pick_column1_left_0: Starting process for DBN 1
pick_column1_left_0: Starting process for DBN 2
pick_column1_left_0: Starting process for DBN 3
pick_column1_left_0: Received dict for DBN 0
pick_column1_left_0: Received dict for DBN 1
pick_column1_left_0: Received dict for DBN 2
pick_column1_left_0: Received dict for DBN 3
pick_column1_left_0: Sampling transitions and computing reward
pick_column1_left_0: Building transition/reward matrices
pick_column1_right_0: Identifying enabled states...
pick_column1_right_0: Splitting up datasets...
pick_column1_right_0: Learning DBNS...
pick_column1_right_0: Building transition dicts for each DBN
pick_column1_right_0: Starting process for DBN 0
pick_column1_right_0: Starting process for DBN 1
pick_column1_right_0: Starting process for DBN 2
pick_column1_right_0: Starting process for DBN 3
pick_column1_right_0: Received dict for DBN 0
pick_column1_right_0: Received dict for DBN 1
pick_column1_right_0: Received dict for DBN 2
pick_column1_right_0: Received dict for DBN 3
pick_column1_right_0: Sampling transitions and computing reward
pick_column1_right_0: Building transition/reward matrices
pick_column1_front_270: Identifying enabled states...
pick_column1_front_270: Splitting up datasets...
pick_column1_front_270: Learning DBNS...
pick_column1_front_270: Building transition dicts for each DBN
pick_column1_front_270: Starting process for DBN 0
pick_column1_front_270: Starting process for DBN 1
pick_column1_front_270: Starting process for DBN 2
pick_column1_front_270: Starting process for DBN 3
pick_column1_front_270: Received dict for DBN 0
pick_column1_front_270: Received dict for DBN 1
pick_column1_front_270: Received dict for DBN 3
pick_column1_front_270: Received dict for DBN 2
pick_column1_front_270: Sampling transitions and computing reward
pick_column1_front_270: Building transition/reward matrices
pick_column2_top_0: Identifying enabled states...
pick_column2_top_0: Splitting up datasets...
pick_column2_top_0: Learning DBNS...
pick_column2_top_0: Building transition dicts for each DBN
pick_column2_top_0: Starting process for DBN 0
pick_column2_top_0: Starting process for DBN 1
pick_column2_top_0: Starting process for DBN 2
pick_column2_top_0: Starting process for DBN 3
pick_column2_top_0: Received dict for DBN 0
pick_column2_top_0: Received dict for DBN 1
pick_column2_top_0: Received dict for DBN 3
pick_column2_top_0: Received dict for DBN 2
pick_column2_top_0: Sampling transitions and computing reward
pick_column2_top_0: Building transition/reward matrices
pick_column2_left_0: Identifying enabled states...
pick_column2_left_0: Splitting up datasets...
pick_column2_left_0: Learning DBNS...
pick_column2_left_0: Building transition dicts for each DBN
pick_column2_left_0: Starting process for DBN 0
pick_column2_left_0: Starting process for DBN 1
pick_column2_left_0: Starting process for DBN 2
pick_column2_left_0: Starting process for DBN 3
pick_column2_left_0: Received dict for DBN 0
pick_column2_left_0: Received dict for DBN 1
pick_column2_left_0: Received dict for DBN 2
pick_column2_left_0: Received dict for DBN 3
pick_column2_left_0: Sampling transitions and computing reward
pick_column2_left_0: Building transition/reward matrices
pick_column2_right_0: Identifying enabled states...
pick_column2_right_0: Splitting up datasets...
pick_column2_right_0: Learning DBNS...
pick_column2_right_0: Building transition dicts for each DBN
pick_column2_right_0: Starting process for DBN 0
pick_column2_right_0: Starting process for DBN 1
pick_column2_right_0: Starting process for DBN 2
pick_column2_right_0: Starting process for DBN 3
pick_column2_right_0: Received dict for DBN 0
pick_column2_right_0: Received dict for DBN 1
pick_column2_right_0: Received dict for DBN 2
pick_column2_right_0: Received dict for DBN 3
pick_column2_right_0: Sampling transitions and computing reward
pick_column2_right_0: Building transition/reward matrices
pick_column2_front_270: Identifying enabled states...
pick_column2_front_270: Splitting up datasets...
pick_column2_front_270: Learning DBNS...
pick_column2_front_270: Building transition dicts for each DBN
pick_column2_front_270: Starting process for DBN 0
pick_column2_front_270: Starting process for DBN 1
pick_column2_front_270: Starting process for DBN 2
pick_column2_front_270: Starting process for DBN 3
pick_column2_front_270: Received dict for DBN 0
pick_column2_front_270: Received dict for DBN 1
pick_column2_front_270: Received dict for DBN 3
pick_column2_front_270: Received dict for DBN 2
pick_column2_front_270: Sampling transitions and computing reward
pick_column2_front_270: Building transition/reward matrices
place_goal_0_top_0: Identifying enabled states...
place_goal_0_top_0: Splitting up datasets...
place_goal_0_top_0: Learning DBNS...
place_goal_0_top_0: Building transition dicts for each DBN
place_goal_0_top_0: Starting process for DBN 0
place_goal_0_top_0: Starting process for DBN 1
place_goal_0_top_0: Starting process for DBN 2
place_goal_0_top_0: Starting process for DBN 3
place_goal_0_top_0: Received dict for DBN 1
place_goal_0_top_0: Received dict for DBN 0
place_goal_0_top_0: Received dict for DBN 3
place_goal_0_top_0: Received dict for DBN 2
place_goal_0_top_0: Sampling transitions and computing reward
place_goal_0_top_0: Building transition/reward matrices
place_goal_0_left_0: Identifying enabled states...
place_goal_0_left_0: Splitting up datasets...
place_goal_0_left_0: Learning DBNS...
place_goal_0_left_0: Building transition dicts for each DBN
place_goal_0_left_0: Starting process for DBN 0
place_goal_0_left_0: Starting process for DBN 1
place_goal_0_left_0: Starting process for DBN 2
place_goal_0_left_0: Starting process for DBN 3
place_goal_0_left_0: Received dict for DBN 0
place_goal_0_left_0: Received dict for DBN 1
place_goal_0_left_0: Received dict for DBN 2
place_goal_0_left_0: Received dict for DBN 3
place_goal_0_left_0: Sampling transitions and computing reward
place_goal_0_left_0: Building transition/reward matrices
place_goal_0_right_0: Identifying enabled states...
place_goal_0_right_0: Splitting up datasets...
place_goal_0_right_0: Learning DBNS...
place_goal_0_right_0: Building transition dicts for each DBN
place_goal_0_right_0: Starting process for DBN 0
place_goal_0_right_0: Starting process for DBN 1
place_goal_0_right_0: Starting process for DBN 2
place_goal_0_right_0: Starting process for DBN 3
place_goal_0_right_0: Received dict for DBN 0
place_goal_0_right_0: Received dict for DBN 1
place_goal_0_right_0: Received dict for DBN 2
place_goal_0_right_0: Received dict for DBN 3
place_goal_0_right_0: Sampling transitions and computing reward
place_goal_0_right_0: Building transition/reward matrices
place_goal_0_front_270: Identifying enabled states...
place_goal_0_front_270: Splitting up datasets...
place_goal_0_front_270: Learning DBNS...
place_goal_0_front_270: Building transition dicts for each DBN
place_goal_0_front_270: Starting process for DBN 0
place_goal_0_front_270: Starting process for DBN 1
place_goal_0_front_270: Starting process for DBN 2
place_goal_0_front_270: Starting process for DBN 3
place_goal_0_front_270: Received dict for DBN 0
place_goal_0_front_270: Received dict for DBN 1
place_goal_0_front_270: Received dict for DBN 2
place_goal_0_front_270: Received dict for DBN 3
place_goal_0_front_270: Sampling transitions and computing reward
place_goal_0_front_270: Building transition/reward matrices
place_goal_1_top_0: Identifying enabled states...
place_goal_1_top_0: Splitting up datasets...
place_goal_1_top_0: Learning DBNS...
place_goal_1_top_0: Building transition dicts for each DBN
place_goal_1_top_0: Starting process for DBN 0
place_goal_1_top_0: Starting process for DBN 1
place_goal_1_top_0: Starting process for DBN 2
place_goal_1_top_0: Starting process for DBN 3
place_goal_1_top_0: Received dict for DBN 1
place_goal_1_top_0: Received dict for DBN 0
place_goal_1_top_0: Received dict for DBN 2
place_goal_1_top_0: Received dict for DBN 3
place_goal_1_top_0: Sampling transitions and computing reward
place_goal_1_top_0: Building transition/reward matrices
place_goal_1_left_0: Identifying enabled states...
place_goal_1_left_0: Splitting up datasets...
place_goal_1_left_0: Learning DBNS...
place_goal_1_left_0: Building transition dicts for each DBN
place_goal_1_left_0: Starting process for DBN 0
place_goal_1_left_0: Starting process for DBN 1
place_goal_1_left_0: Starting process for DBN 2
place_goal_1_left_0: Starting process for DBN 3
place_goal_1_left_0: Received dict for DBN 0
place_goal_1_left_0: Received dict for DBN 1
place_goal_1_left_0: Received dict for DBN 2
place_goal_1_left_0: Received dict for DBN 3
place_goal_1_left_0: Sampling transitions and computing reward
place_goal_1_left_0: Building transition/reward matrices
place_goal_1_right_0: Identifying enabled states...
place_goal_1_right_0: Splitting up datasets...
place_goal_1_right_0: Learning DBNS...
place_goal_1_right_0: Building transition dicts for each DBN
place_goal_1_right_0: Starting process for DBN 0
place_goal_1_right_0: Starting process for DBN 1
place_goal_1_right_0: Starting process for DBN 2
place_goal_1_right_0: Starting process for DBN 3
place_goal_1_right_0: Received dict for DBN 0
place_goal_1_right_0: Received dict for DBN 1
place_goal_1_right_0: Received dict for DBN 2
place_goal_1_right_0: Received dict for DBN 3
place_goal_1_right_0: Sampling transitions and computing reward
place_goal_1_right_0: Building transition/reward matrices
place_goal_1_front_270: Identifying enabled states...
place_goal_1_front_270: Splitting up datasets...
place_goal_1_front_270: Learning DBNS...
place_goal_1_front_270: Building transition dicts for each DBN
place_goal_1_front_270: Starting process for DBN 0
place_goal_1_front_270: Starting process for DBN 1
place_goal_1_front_270: Starting process for DBN 2
place_goal_1_front_270: Starting process for DBN 3
place_goal_1_front_270: Received dict for DBN 0
place_goal_1_front_270: Received dict for DBN 1
place_goal_1_front_270: Received dict for DBN 2
place_goal_1_front_270: Received dict for DBN 3
place_goal_1_front_270: Sampling transitions and computing reward
place_goal_1_front_270: Building transition/reward matrices
place_goal_2_top_0: Identifying enabled states...
place_goal_2_top_0: Splitting up datasets...
place_goal_2_top_0: Learning DBNS...
place_goal_2_top_0: Building transition dicts for each DBN
place_goal_2_top_0: Starting process for DBN 0
place_goal_2_top_0: Starting process for DBN 1
place_goal_2_top_0: Starting process for DBN 2
place_goal_2_top_0: Starting process for DBN 3
place_goal_2_top_0: Received dict for DBN 0
place_goal_2_top_0: Received dict for DBN 1
place_goal_2_top_0: Received dict for DBN 2
place_goal_2_top_0: Received dict for DBN 3
place_goal_2_top_0: Sampling transitions and computing reward
place_goal_2_top_0: Building transition/reward matrices
place_goal_2_left_0: Identifying enabled states...
place_goal_2_left_0: Splitting up datasets...
place_goal_2_left_0: Learning DBNS...
place_goal_2_left_0: Building transition dicts for each DBN
place_goal_2_left_0: Starting process for DBN 0
place_goal_2_left_0: Starting process for DBN 1
place_goal_2_left_0: Starting process for DBN 2
place_goal_2_left_0: Starting process for DBN 3
place_goal_2_left_0: Received dict for DBN 1
place_goal_2_left_0: Received dict for DBN 0
place_goal_2_left_0: Received dict for DBN 2
place_goal_2_left_0: Received dict for DBN 3
place_goal_2_left_0: Sampling transitions and computing reward
place_goal_2_left_0: Building transition/reward matrices
place_goal_2_right_0: Identifying enabled states...
place_goal_2_right_0: Splitting up datasets...
place_goal_2_right_0: Learning DBNS...
place_goal_2_right_0: Building transition dicts for each DBN
place_goal_2_right_0: Starting process for DBN 0
place_goal_2_right_0: Starting process for DBN 1
place_goal_2_right_0: Starting process for DBN 2
place_goal_2_right_0: Starting process for DBN 3
place_goal_2_right_0: Received dict for DBN 1
place_goal_2_right_0: Received dict for DBN 3
place_goal_2_right_0: Received dict for DBN 0
place_goal_2_right_0: Received dict for DBN 2
place_goal_2_right_0: Sampling transitions and computing reward
place_goal_2_right_0: Building transition/reward matrices
place_goal_2_front_270: Identifying enabled states...
place_goal_2_front_270: Splitting up datasets...
place_goal_2_front_270: Learning DBNS...
place_goal_2_front_270: Building transition dicts for each DBN
place_goal_2_front_270: Starting process for DBN 0
place_goal_2_front_270: Starting process for DBN 1
place_goal_2_front_270: Starting process for DBN 2
place_goal_2_front_270: Starting process for DBN 3
place_goal_2_front_270: Received dict for DBN 1
place_goal_2_front_270: Received dict for DBN 0
place_goal_2_front_270: Received dict for DBN 2
place_goal_2_front_270: Received dict for DBN 3
place_goal_2_front_270: Sampling transitions and computing reward
place_goal_2_front_270: Building transition/reward matrices
place_region_0_top_0: Identifying enabled states...
place_region_0_top_0: Splitting up datasets...
place_region_0_top_0: Learning DBNS...
place_region_0_top_0: Building transition dicts for each DBN
place_region_0_top_0: Starting process for DBN 0
place_region_0_top_0: Starting process for DBN 1
place_region_0_top_0: Starting process for DBN 2
place_region_0_top_0: Starting process for DBN 3
place_region_0_top_0: Received dict for DBN 1
place_region_0_top_0: Received dict for DBN 3
place_region_0_top_0: Received dict for DBN 2
place_region_0_top_0: Received dict for DBN 0
place_region_0_top_0: Sampling transitions and computing reward
place_region_0_top_0: Building transition/reward matrices
place_region_0_left_0: Identifying enabled states...
place_region_0_left_0: Splitting up datasets...
place_region_0_left_0: Learning DBNS...
place_region_0_left_0: Building transition dicts for each DBN
place_region_0_left_0: Starting process for DBN 0
place_region_0_left_0: Starting process for DBN 1
place_region_0_left_0: Starting process for DBN 2
place_region_0_left_0: Starting process for DBN 3
place_region_0_left_0: Received dict for DBN 1
place_region_0_left_0: Received dict for DBN 0
place_region_0_left_0: Received dict for DBN 2
place_region_0_left_0: Received dict for DBN 3
place_region_0_left_0: Sampling transitions and computing reward
place_region_0_left_0: Building transition/reward matrices
place_region_0_right_0: Identifying enabled states...
place_region_0_right_0: Splitting up datasets...
place_region_0_right_0: Learning DBNS...
place_region_0_right_0: Building transition dicts for each DBN
place_region_0_right_0: Starting process for DBN 0
place_region_0_right_0: Starting process for DBN 1
place_region_0_right_0: Starting process for DBN 2
place_region_0_right_0: Starting process for DBN 3
place_region_0_right_0: Received dict for DBN 1
place_region_0_right_0: Received dict for DBN 0
place_region_0_right_0: Received dict for DBN 2
place_region_0_right_0: Received dict for DBN 3
place_region_0_right_0: Sampling transitions and computing reward
place_region_0_right_0: Building transition/reward matrices
place_region_0_front_270: Identifying enabled states...
place_region_0_front_270: Splitting up datasets...
place_region_0_front_270: Learning DBNS...
place_region_0_front_270: Building transition dicts for each DBN
place_region_0_front_270: Starting process for DBN 0
place_region_0_front_270: Starting process for DBN 1
place_region_0_front_270: Starting process for DBN 2
place_region_0_front_270: Starting process for DBN 3
place_region_0_front_270: Received dict for DBN 1
place_region_0_front_270: Received dict for DBN 0
place_region_0_front_270: Received dict for DBN 2
place_region_0_front_270: Received dict for DBN 3
place_region_0_front_270: Sampling transitions and computing reward
place_region_0_front_270: Building transition/reward matrices
place_region_1_top_0: Identifying enabled states...
place_region_1_top_0: Splitting up datasets...
place_region_1_top_0: Learning DBNS...
place_region_1_top_0: Building transition dicts for each DBN
place_region_1_top_0: Starting process for DBN 0
place_region_1_top_0: Starting process for DBN 1
place_region_1_top_0: Starting process for DBN 2
place_region_1_top_0: Starting process for DBN 3
place_region_1_top_0: Received dict for DBN 1
place_region_1_top_0: Received dict for DBN 0
place_region_1_top_0: Received dict for DBN 2
place_region_1_top_0: Received dict for DBN 3
place_region_1_top_0: Sampling transitions and computing reward
place_region_1_top_0: Building transition/reward matrices
place_region_1_left_0: Identifying enabled states...
place_region_1_left_0: Splitting up datasets...
place_region_1_left_0: Learning DBNS...
place_region_1_left_0: Building transition dicts for each DBN
place_region_1_left_0: Starting process for DBN 0
place_region_1_left_0: Starting process for DBN 1
place_region_1_left_0: Starting process for DBN 2
place_region_1_left_0: Starting process for DBN 3
place_region_1_left_0: Received dict for DBN 1
place_region_1_left_0: Received dict for DBN 0
place_region_1_left_0: Received dict for DBN 2
place_region_1_left_0: Received dict for DBN 3
place_region_1_left_0: Sampling transitions and computing reward
place_region_1_left_0: Building transition/reward matrices
place_region_1_right_0: Identifying enabled states...
place_region_1_right_0: Splitting up datasets...
place_region_1_right_0: Learning DBNS...
place_region_1_right_0: Building transition dicts for each DBN
place_region_1_right_0: Starting process for DBN 0
place_region_1_right_0: Starting process for DBN 1
place_region_1_right_0: Starting process for DBN 2
place_region_1_right_0: Starting process for DBN 3
place_region_1_right_0: Received dict for DBN 1
place_region_1_right_0: Received dict for DBN 0
place_region_1_right_0: Received dict for DBN 2
place_region_1_right_0: Received dict for DBN 3
place_region_1_right_0: Sampling transitions and computing reward
place_region_1_right_0: Building transition/reward matrices
place_region_1_front_270: Identifying enabled states...
place_region_1_front_270: Splitting up datasets...
place_region_1_front_270: Learning DBNS...
place_region_1_front_270: Building transition dicts for each DBN
place_region_1_front_270: Starting process for DBN 0
place_region_1_front_270: Starting process for DBN 1
place_region_1_front_270: Starting process for DBN 2
place_region_1_front_270: Starting process for DBN 3
place_region_1_front_270: Received dict for DBN 1
place_region_1_front_270: Received dict for DBN 0
place_region_1_front_270: Received dict for DBN 2
place_region_1_front_270: Received dict for DBN 3
place_region_1_front_270: Sampling transitions and computing reward
place_region_1_front_270: Building transition/reward matrices
place_region_2_top_0: Identifying enabled states...
place_region_2_top_0: Splitting up datasets...
place_region_2_top_0: Learning DBNS...
place_region_2_top_0: Building transition dicts for each DBN
place_region_2_top_0: Starting process for DBN 0
place_region_2_top_0: Starting process for DBN 1
place_region_2_top_0: Starting process for DBN 2
place_region_2_top_0: Starting process for DBN 3
place_region_2_top_0: Received dict for DBN 0
place_region_2_top_0: Received dict for DBN 1
place_region_2_top_0: Received dict for DBN 2
place_region_2_top_0: Received dict for DBN 3
place_region_2_top_0: Sampling transitions and computing reward
place_region_2_top_0: Building transition/reward matrices
place_region_2_left_0: Identifying enabled states...
place_region_2_left_0: Splitting up datasets...
place_region_2_left_0: Learning DBNS...
place_region_2_left_0: Building transition dicts for each DBN
place_region_2_left_0: Starting process for DBN 0
place_region_2_left_0: Starting process for DBN 1
place_region_2_left_0: Starting process for DBN 2
place_region_2_left_0: Starting process for DBN 3
place_region_2_left_0: Received dict for DBN 1
place_region_2_left_0: Received dict for DBN 0
place_region_2_left_0: Received dict for DBN 2
place_region_2_left_0: Received dict for DBN 3
place_region_2_left_0: Sampling transitions and computing reward
place_region_2_left_0: Building transition/reward matrices
place_region_2_right_0: Identifying enabled states...
place_region_2_right_0: Splitting up datasets...
place_region_2_right_0: Learning DBNS...
place_region_2_right_0: Building transition dicts for each DBN
place_region_2_right_0: Starting process for DBN 0
place_region_2_right_0: Starting process for DBN 1
place_region_2_right_0: Starting process for DBN 2
place_region_2_right_0: Starting process for DBN 3
place_region_2_right_0: Received dict for DBN 1
place_region_2_right_0: Received dict for DBN 0
place_region_2_right_0: Received dict for DBN 2
place_region_2_right_0: Received dict for DBN 3
place_region_2_right_0: Sampling transitions and computing reward
place_region_2_right_0: Building transition/reward matrices
place_region_2_front_270: Identifying enabled states...
place_region_2_front_270: Splitting up datasets...
place_region_2_front_270: Learning DBNS...
place_region_2_front_270: Building transition dicts for each DBN
place_region_2_front_270: Starting process for DBN 0
place_region_2_front_270: Starting process for DBN 1
place_region_2_front_270: Starting process for DBN 2
place_region_2_front_270: Starting process for DBN 3
place_region_2_front_270: Received dict for DBN 1
place_region_2_front_270: Received dict for DBN 0
place_region_2_front_270: Received dict for DBN 2
place_region_2_front_270: Received dict for DBN 3
place_region_2_front_270: Sampling transitions and computing reward
place_region_2_front_270: Building transition/reward matrices
Building MDP...
Synthesising Policy...
Solving MDP for timestep: 29
Solving MDP for timestep: 28
Solving MDP for timestep: 27
Solving MDP for timestep: 26
Solving MDP for timestep: 25
Solving MDP for timestep: 24
Solving MDP for timestep: 23
Solving MDP for timestep: 22
Solving MDP for timestep: 21
Solving MDP for timestep: 20
Solving MDP for timestep: 19
Solving MDP for timestep: 18
Solving MDP for timestep: 17
Solving MDP for timestep: 16
Solving MDP for timestep: 15
Solving MDP for timestep: 14
Solving MDP for timestep: 13
Solving MDP for timestep: 12
Solving MDP for timestep: 11
Solving MDP for timestep: 10
Solving MDP for timestep: 9
Solving MDP for timestep: 8
Solving MDP for timestep: 7
Solving MDP for timestep: 6
Solving MDP for timestep: 5
Solving MDP for timestep: 4
Solving MDP for timestep: 3
Solving MDP for timestep: 2
Solving MDP for timestep: 1
Solving MDP for timestep: 0
Resetting the scene for new episode
Step 0
policy value 42.337486267089844
State(column0: region_2, column1: region_1, column2: region_0)
pick_column2_front_270
Action: Action(ActionType.PICK, obj=/column2, slot=None,grasp=GraspType.FRONT_270)
[EXEC] Picking /column2 with front_270

[INFO] Found 6912 potential configurations.
[INFO] Motion completed successfully with result: success,in execution time: 4.52 seconds
[INFO] Found a reachable configuration for pick action after 1 attempts.
Tip distance after pick: 0.020961970485188806
[INFO] Pick action completed successfully.in execution time: 4.52 seconds
[EXEC] Action ActionType.PICK executed in 11.26 seconds
[SUCCESS] Action ActionType.PICK succeeded for object /column2
Action duration: 4.52
[LOG] Transition logged to MongoDB: 3b45543f-1da5-4b6b-a71d-6af8c33bab70 - Episode 0
Step 1
policy value 41.67373275756836
State(column0: region_2, column1: region_1, column2: held)
place_goal_0_right_0
Action: Action(ActionType.PLACE, obj=/column2, slot=/goal_0,grasp=GraspType.RIGHT_0)
[EXEC] Placing at [-0.27499999999999986, 0.8250000000000005, 0.5] with grasp right_0

[INFO] Found 6656 potential configurations.
[INFO] Motion completed successfully with result: success,in execution time: 2.48 seconds
[INFO] Found a reachable configuration for place action after 1 attempts.
[INFO] Place action completed successfully.
realigning placed object /column2 to target position
[EXEC] Action ActionType.PLACE executed in 9.62 seconds
[SUCCESS] Action ActionType.PLACE succeeded for object /column2
Action duration: 2.4799999999999
[LOG] Transition logged to MongoDB: 3b45543f-1da5-4b6b-a71d-6af8c33bab70 - Episode 0
Step 2
policy value 38.74049377441406
State(column0: region_2, column1: region_1, column2: goal_0)
pick_column2_front_270
Action: Action(ActionType.PICK, obj=/column2, slot=None,grasp=GraspType.FRONT_270)
[EXEC] Picking /column2 with front_270

[INFO] Found 8640 potential configurations.
[ERROR] Motion failed (collision or invalid path)
[ERROR] Motion result: collision
[WARN] Failed to find a path to the selected pick config on attempt 1.
[WARN] No path found to picked config, discarding and trying next valid config...
[ERROR] Motion failed (collision or invalid path)
[ERROR] Motion result: collision
[WARN] Failed to find a path to the selected pick config on attempt 2.
[WARN] No path found to picked config, discarding and trying next valid config...
[INFO] Motion completed successfully with result: success,in execution time: 3.96 seconds
[INFO] Found a reachable configuration for pick action after 3 attempts.
Tip distance after pick: 0.021331349333465175
[INFO] Pick action completed successfully.in execution time: 3.96 seconds
[EXEC] Action ActionType.PICK executed in 22.99 seconds
[SUCCESS] Action ActionType.PICK succeeded for object /column2
Action duration: 3.9599999999999
[LOG] Transition logged to MongoDB: 3b45543f-1da5-4b6b-a71d-6af8c33bab70 - Episode 0
Step 3
policy value 38.74049377441406
State(column0: region_2, column1: region_1, column2: held)
place_goal_0_right_0
Action: Action(ActionType.PLACE, obj=/column2, slot=/goal_0,grasp=GraspType.RIGHT_0)
[EXEC] Placing at [-0.27499999999999986, 0.8250000000000005, 0.5] with grasp right_0

[INFO] Found 6656 potential configurations.
[ERROR] Motion failed (collision or invalid path)
[ERROR] Motion result: collision
[WARN] Failed to find a path to the selected place config on attempt 1.
[WARN] No path found to selected place config, discarding and trying next valid config...
[ERROR] Motion failed (collision or invalid path)
[ERROR] Motion result: collision
[WARN] Failed to find a path to the selected place config on attempt 2.
[WARN] No path found to selected place config, discarding and trying next valid config...
[ERROR] Motion failed (collision or invalid path)
[ERROR] Motion result: collision
[WARN] Failed to find a path to the selected place config on attempt 3.
[WARN] No path found to selected place config, discarding and trying next valid config...
[ERROR] Max IK attempts reached, place action failed.
[EXEC] Action ActionType.PLACE executed in 30.86 seconds
[ERROR] Action ActionType.PLACE failed for object /column2
Action duration: 0.001
[LOG] Transition logged to MongoDB: 3b45543f-1da5-4b6b-a71d-6af8c33bab70 - Episode 0
Action failed, stopping. Time elapsed: 0.001
Step 4
policy value 37.27387619018555
State(column0: region_2, column1: region_1, column2: held)
place_goal_0_right_0
Action: Action(ActionType.PLACE, obj=/column2, slot=/goal_0,grasp=GraspType.RIGHT_0)
[EXEC] Placing at [-0.27499999999999986, 0.8250000000000005, 0.5] with grasp right_0

[INFO] Found 5952 potential configurations.
[ERROR] Motion failed (collision or invalid path)
[ERROR] Motion result: collision
[WARN] Failed to find a path to the selected place config on attempt 1.
[WARN] No path found to selected place config, discarding and trying next valid config...
[ERROR] Motion failed (collision or invalid path)
[ERROR] Motion result: collision
[WARN] Failed to find a path to the selected place config on attempt 2.
[WARN] No path found to selected place config, discarding and trying next valid config...
[ERROR] Motion failed (collision or invalid path)
[ERROR] Motion result: collision
[WARN] Failed to find a path to the selected place config on attempt 3.
[WARN] No path found to selected place config, discarding and trying next valid config...
[ERROR] Max IK attempts reached, place action failed.
[EXEC] Action ActionType.PLACE executed in 24.00 seconds
[ERROR] Action ActionType.PLACE failed for object /column2
Action duration: 0.001
[LOG] Transition logged to MongoDB: 3b45543f-1da5-4b6b-a71d-6af8c33bab70 - Episode 0
Action failed, stopping. Time elapsed: 0.001
Step 5
policy value 35.80725860595703
State(column0: region_2, column1: region_1, column2: held)
place_goal_0_right_0
Action: Action(ActionType.PLACE, obj=/column2, slot=/goal_0,grasp=GraspType.RIGHT_0)
[EXEC] Placing at [-0.27499999999999986, 0.8250000000000005, 0.5] with grasp right_0

[INFO] Found 6080 potential configurations.
[ERROR] Motion failed (collision or invalid path)
[ERROR] Motion result: collision
[WARN] Failed to find a path to the selected place config on attempt 1.
[WARN] No path found to selected place config, discarding and trying next valid config...
[ERROR] Motion failed (collision or invalid path)
[ERROR] Motion result: collision
[WARN] Failed to find a path to the selected place config on attempt 2.
[WARN] No path found to selected place config, discarding and trying next valid config...
[ERROR] Motion failed (collision or invalid path)
[ERROR] Motion result: collision
[WARN] Failed to find a path to the selected place config on attempt 3.
[WARN] No path found to selected place config, discarding and trying next valid config...
[ERROR] Max IK attempts reached, place action failed.
[EXEC] Action ActionType.PLACE executed in 20.25 seconds
[ERROR] Action ActionType.PLACE failed for object /column2
Action duration: 0.001
[LOG] Transition logged to MongoDB: 3b45543f-1da5-4b6b-a71d-6af8c33bab70 - Episode 0
Action failed, stopping. Time elapsed: 0.001
Step 6
policy value 34.340641021728516
State(column0: region_2, column1: region_1, column2: held)
place_goal_0_right_0
Action: Action(ActionType.PLACE, obj=/column2, slot=/goal_0,grasp=GraspType.RIGHT_0)
[EXEC] Placing at [-0.27499999999999986, 0.8250000000000005, 0.5] with grasp right_0

[INFO] Found 5824 potential configurations.
[ERROR] Motion failed (collision or invalid path)
[ERROR] Motion result: collision
[WARN] Failed to find a path to the selected place config on attempt 1.
[WARN] No path found to selected place config, discarding and trying next valid config...
[ERROR] Motion failed (collision or invalid path)
[ERROR] Motion result: collision
[WARN] Failed to find a path to the selected place config on attempt 2.
[WARN] No path found to selected place config, discarding and trying next valid config...
[ERROR] Motion failed (collision or invalid path)
[ERROR] Motion result: collision
[WARN] Failed to find a path to the selected place config on attempt 3.
[WARN] No path found to selected place config, discarding and trying next valid config...
[ERROR] Max IK attempts reached, place action failed.
[EXEC] Action ActionType.PLACE executed in 23.11 seconds
[ERROR] Action ActionType.PLACE failed for object /column2
Action duration: 0.001
[LOG] Transition logged to MongoDB: 3b45543f-1da5-4b6b-a71d-6af8c33bab70 - Episode 0
Action failed, stopping. Time elapsed: 0.001
Step 7
policy value 32.874027252197266
State(column0: region_2, column1: region_1, column2: held)
place_goal_0_right_0
Action: Action(ActionType.PLACE, obj=/column2, slot=/goal_0,grasp=GraspType.RIGHT_0)
[EXEC] Placing at [-0.27499999999999986, 0.8250000000000005, 0.5] with grasp right_0

[INFO] Found 5056 potential configurations.
[ERROR] Motion failed (collision or invalid path)
[ERROR] Motion result: collision
[WARN] Failed to find a path to the selected place config on attempt 1.
[WARN] No path found to selected place config, discarding and trying next valid config...
[ERROR] Motion failed (collision or invalid path)
[ERROR] Motion result: collision
[WARN] Failed to find a path to the selected place config on attempt 2.
[WARN] No path found to selected place config, discarding and trying next valid config...
[ERROR] Motion failed (collision or invalid path)
[ERROR] Motion result: collision
[WARN] Failed to find a path to the selected place config on attempt 3.
[WARN] No path found to selected place config, discarding and trying next valid config...
[ERROR] Max IK attempts reached, place action failed.
[EXEC] Action ActionType.PLACE executed in 26.78 seconds
[ERROR] Action ActionType.PLACE failed for object /column2
Action duration: 0.001
[LOG] Transition logged to MongoDB: 3b45543f-1da5-4b6b-a71d-6af8c33bab70 - Episode 0
Action failed, stopping. Time elapsed: 0.001
Step 8
policy value 31.407407760620117
State(column0: region_2, column1: region_1, column2: held)
place_goal_0_right_0
Action: Action(ActionType.PLACE, obj=/column2, slot=/goal_0,grasp=GraspType.RIGHT_0)
[EXEC] Placing at [-0.27499999999999986, 0.8250000000000005, 0.5] with grasp right_0

[INFO] Found 7360 potential configurations.
[ERROR] Motion failed (collision or invalid path)
[ERROR] Motion result: collision
[WARN] Failed to find a path to the selected place config on attempt 1.
[WARN] No path found to selected place config, discarding and trying next valid config...
[ERROR] Motion failed (collision or invalid path)
[ERROR] Motion result: collision
[WARN] Failed to find a path to the selected place config on attempt 2.
[WARN] No path found to selected place config, discarding and trying next valid config...
[ERROR] Motion failed (collision or invalid path)
[ERROR] Motion result: collision
[WARN] Failed to find a path to the selected place config on attempt 3.
[WARN] No path found to selected place config, discarding and trying next valid config...
[ERROR] Max IK attempts reached, place action failed.
[EXEC] Action ActionType.PLACE executed in 24.85 seconds
[ERROR] Action ActionType.PLACE failed for object /column2
Action duration: 0.001
[LOG] Transition logged to MongoDB: 3b45543f-1da5-4b6b-a71d-6af8c33bab70 - Episode 0
Action failed, stopping. Time elapsed: 0.001
Too many failures, resetting episode
Episode 1 ended
Revising policy
USING STORM: False
Reading data from MongoDB...
Total option moiton param combinations 36
Collected combinations 36
Building state to idx mapping...
Building option ensembles...
pick_column0_top_0: Identifying enabled states...
pick_column0_top_0: Splitting up datasets...
pick_column0_top_0: Learning DBNS...
pick_column0_top_0: Building transition dicts for each DBN
pick_column0_top_0: Starting process for DBN 0
pick_column0_top_0: Starting process for DBN 1
pick_column0_top_0: Starting process for DBN 2
pick_column0_top_0: Starting process for DBN 3
pick_column0_top_0: Received dict for DBN 0
pick_column0_top_0: Received dict for DBN 1
pick_column0_top_0: Received dict for DBN 2
pick_column0_top_0: Received dict for DBN 3
pick_column0_top_0: Sampling transitions and computing reward
pick_column0_top_0: Building transition/reward matrices
pick_column0_left_0: Identifying enabled states...
pick_column0_left_0: Splitting up datasets...
pick_column0_left_0: Learning DBNS...
pick_column0_left_0: Building transition dicts for each DBN
pick_column0_left_0: Starting process for DBN 0
pick_column0_left_0: Starting process for DBN 1
pick_column0_left_0: Starting process for DBN 2
pick_column0_left_0: Starting process for DBN 3
pick_column0_left_0: Received dict for DBN 0
pick_column0_left_0: Received dict for DBN 1
pick_column0_left_0: Received dict for DBN 2
pick_column0_left_0: Received dict for DBN 3
pick_column0_left_0: Sampling transitions and computing reward
pick_column0_left_0: Building transition/reward matrices
pick_column0_right_0: Identifying enabled states...
pick_column0_right_0: Splitting up datasets...
pick_column0_right_0: Learning DBNS...
pick_column0_right_0: Building transition dicts for each DBN
pick_column0_right_0: Starting process for DBN 0
pick_column0_right_0: Starting process for DBN 1
pick_column0_right_0: Starting process for DBN 2
pick_column0_right_0: Starting process for DBN 3
pick_column0_right_0: Received dict for DBN 0
pick_column0_right_0: Received dict for DBN 1
pick_column0_right_0: Received dict for DBN 2
pick_column0_right_0: Received dict for DBN 3
pick_column0_right_0: Sampling transitions and computing reward
pick_column0_right_0: Building transition/reward matrices
pick_column0_front_270: Identifying enabled states...
pick_column0_front_270: Splitting up datasets...
pick_column0_front_270: Learning DBNS...
pick_column0_front_270: Building transition dicts for each DBN
pick_column0_front_270: Starting process for DBN 0
pick_column0_front_270: Starting process for DBN 1
pick_column0_front_270: Starting process for DBN 2
pick_column0_front_270: Starting process for DBN 3
pick_column0_front_270: Received dict for DBN 0
pick_column0_front_270: Received dict for DBN 1
pick_column0_front_270: Received dict for DBN 2
pick_column0_front_270: Received dict for DBN 3
pick_column0_front_270: Sampling transitions and computing reward
pick_column0_front_270: Building transition/reward matrices
pick_column1_top_0: Identifying enabled states...
pick_column1_top_0: Splitting up datasets...
pick_column1_top_0: Learning DBNS...
pick_column1_top_0: Building transition dicts for each DBN
pick_column1_top_0: Starting process for DBN 0
pick_column1_top_0: Starting process for DBN 1
pick_column1_top_0: Starting process for DBN 2
pick_column1_top_0: Starting process for DBN 3
pick_column1_top_0: Received dict for DBN 0
pick_column1_top_0: Received dict for DBN 1
pick_column1_top_0: Received dict for DBN 2
pick_column1_top_0: Received dict for DBN 3
pick_column1_top_0: Sampling transitions and computing reward
pick_column1_top_0: Building transition/reward matrices
pick_column1_left_0: Identifying enabled states...
pick_column1_left_0: Splitting up datasets...
pick_column1_left_0: Learning DBNS...
pick_column1_left_0: Building transition dicts for each DBN
pick_column1_left_0: Starting process for DBN 0
pick_column1_left_0: Starting process for DBN 1
pick_column1_left_0: Starting process for DBN 2
pick_column1_left_0: Starting process for DBN 3
pick_column1_left_0: Received dict for DBN 0
pick_column1_left_0: Received dict for DBN 1
pick_column1_left_0: Received dict for DBN 2
pick_column1_left_0: Received dict for DBN 3
pick_column1_left_0: Sampling transitions and computing reward
pick_column1_left_0: Building transition/reward matrices
pick_column1_right_0: Identifying enabled states...
pick_column1_right_0: Splitting up datasets...
pick_column1_right_0: Learning DBNS...
pick_column1_right_0: Building transition dicts for each DBN
pick_column1_right_0: Starting process for DBN 0
pick_column1_right_0: Starting process for DBN 1
pick_column1_right_0: Starting process for DBN 2
pick_column1_right_0: Starting process for DBN 3
pick_column1_right_0: Received dict for DBN 0
pick_column1_right_0: Received dict for DBN 1
pick_column1_right_0: Received dict for DBN 2
pick_column1_right_0: Received dict for DBN 3
pick_column1_right_0: Sampling transitions and computing reward
pick_column1_right_0: Building transition/reward matrices
pick_column1_front_270: Identifying enabled states...
pick_column1_front_270: Splitting up datasets...
pick_column1_front_270: Learning DBNS...
pick_column1_front_270: Building transition dicts for each DBN
pick_column1_front_270: Starting process for DBN 0
pick_column1_front_270: Starting process for DBN 1
pick_column1_front_270: Starting process for DBN 2
pick_column1_front_270: Starting process for DBN 3
pick_column1_front_270: Received dict for DBN 0
pick_column1_front_270: Received dict for DBN 1
pick_column1_front_270: Received dict for DBN 2
pick_column1_front_270: Received dict for DBN 3
pick_column1_front_270: Sampling transitions and computing reward
pick_column1_front_270: Building transition/reward matrices
pick_column2_top_0: Identifying enabled states...
pick_column2_top_0: Splitting up datasets...
pick_column2_top_0: Learning DBNS...
pick_column2_top_0: Building transition dicts for each DBN
pick_column2_top_0: Starting process for DBN 0
pick_column2_top_0: Starting process for DBN 1
pick_column2_top_0: Starting process for DBN 2
pick_column2_top_0: Starting process for DBN 3
pick_column2_top_0: Received dict for DBN 0
pick_column2_top_0: Received dict for DBN 1
pick_column2_top_0: Received dict for DBN 2
pick_column2_top_0: Received dict for DBN 3
pick_column2_top_0: Sampling transitions and computing reward
pick_column2_top_0: Building transition/reward matrices
pick_column2_left_0: Identifying enabled states...
pick_column2_left_0: Splitting up datasets...
pick_column2_left_0: Learning DBNS...
pick_column2_left_0: Building transition dicts for each DBN
pick_column2_left_0: Starting process for DBN 0
pick_column2_left_0: Starting process for DBN 1
pick_column2_left_0: Starting process for DBN 2
pick_column2_left_0: Starting process for DBN 3
pick_column2_left_0: Received dict for DBN 0
pick_column2_left_0: Received dict for DBN 1
pick_column2_left_0: Received dict for DBN 2
pick_column2_left_0: Received dict for DBN 3
pick_column2_left_0: Sampling transitions and computing reward
pick_column2_left_0: Building transition/reward matrices
pick_column2_right_0: Identifying enabled states...
pick_column2_right_0: Splitting up datasets...
pick_column2_right_0: Learning DBNS...
pick_column2_right_0: Building transition dicts for each DBN
pick_column2_right_0: Starting process for DBN 0
pick_column2_right_0: Starting process for DBN 1
pick_column2_right_0: Starting process for DBN 2
pick_column2_right_0: Starting process for DBN 3
pick_column2_right_0: Received dict for DBN 0
pick_column2_right_0: Received dict for DBN 1
pick_column2_right_0: Received dict for DBN 2
pick_column2_right_0: Received dict for DBN 3
pick_column2_right_0: Sampling transitions and computing reward
pick_column2_right_0: Building transition/reward matrices
pick_column2_front_270: Identifying enabled states...
pick_column2_front_270: Splitting up datasets...
pick_column2_front_270: Learning DBNS...
pick_column2_front_270: Building transition dicts for each DBN
pick_column2_front_270: Starting process for DBN 0
pick_column2_front_270: Starting process for DBN 1
pick_column2_front_270: Starting process for DBN 2
pick_column2_front_270: Starting process for DBN 3
pick_column2_front_270: Received dict for DBN 0
pick_column2_front_270: Received dict for DBN 1
pick_column2_front_270: Received dict for DBN 2
pick_column2_front_270: Received dict for DBN 3
pick_column2_front_270: Sampling transitions and computing reward
pick_column2_front_270: Building transition/reward matrices
place_goal_0_top_0: Identifying enabled states...
place_goal_0_top_0: Splitting up datasets...
place_goal_0_top_0: Learning DBNS...
place_goal_0_top_0: Building transition dicts for each DBN
place_goal_0_top_0: Starting process for DBN 0
place_goal_0_top_0: Starting process for DBN 1
place_goal_0_top_0: Starting process for DBN 2
place_goal_0_top_0: Starting process for DBN 3
place_goal_0_top_0: Received dict for DBN 0
place_goal_0_top_0: Received dict for DBN 1
place_goal_0_top_0: Received dict for DBN 2
place_goal_0_top_0: Received dict for DBN 3
place_goal_0_top_0: Sampling transitions and computing reward
place_goal_0_top_0: Building transition/reward matrices
place_goal_0_left_0: Identifying enabled states...
place_goal_0_left_0: Splitting up datasets...
place_goal_0_left_0: Learning DBNS...
place_goal_0_left_0: Building transition dicts for each DBN
place_goal_0_left_0: Starting process for DBN 0
place_goal_0_left_0: Starting process for DBN 1
place_goal_0_left_0: Starting process for DBN 2
place_goal_0_left_0: Starting process for DBN 3
place_goal_0_left_0: Received dict for DBN 0
place_goal_0_left_0: Received dict for DBN 1
place_goal_0_left_0: Received dict for DBN 2
place_goal_0_left_0: Received dict for DBN 3
place_goal_0_left_0: Sampling transitions and computing reward
place_goal_0_left_0: Building transition/reward matrices
place_goal_0_right_0: Identifying enabled states...
place_goal_0_right_0: Splitting up datasets...
place_goal_0_right_0: Learning DBNS...
place_goal_0_right_0: Building transition dicts for each DBN
place_goal_0_right_0: Starting process for DBN 0
place_goal_0_right_0: Starting process for DBN 1
place_goal_0_right_0: Starting process for DBN 2
place_goal_0_right_0: Starting process for DBN 3
place_goal_0_right_0: Received dict for DBN 0
place_goal_0_right_0: Received dict for DBN 1
place_goal_0_right_0: Received dict for DBN 2
place_goal_0_right_0: Received dict for DBN 3
place_goal_0_right_0: Sampling transitions and computing reward
place_goal_0_right_0: Building transition/reward matrices
place_goal_0_front_270: Identifying enabled states...
place_goal_0_front_270: Splitting up datasets...
place_goal_0_front_270: Learning DBNS...
place_goal_0_front_270: Building transition dicts for each DBN
place_goal_0_front_270: Starting process for DBN 0
place_goal_0_front_270: Starting process for DBN 1
place_goal_0_front_270: Starting process for DBN 2
place_goal_0_front_270: Starting process for DBN 3
place_goal_0_front_270: Received dict for DBN 1
place_goal_0_front_270: Received dict for DBN 0
place_goal_0_front_270: Received dict for DBN 2
place_goal_0_front_270: Received dict for DBN 3
place_goal_0_front_270: Sampling transitions and computing reward
place_goal_0_front_270: Building transition/reward matrices
place_goal_1_top_0: Identifying enabled states...
place_goal_1_top_0: Splitting up datasets...
place_goal_1_top_0: Learning DBNS...
place_goal_1_top_0: Building transition dicts for each DBN
place_goal_1_top_0: Starting process for DBN 0
place_goal_1_top_0: Starting process for DBN 1
place_goal_1_top_0: Starting process for DBN 2
place_goal_1_top_0: Starting process for DBN 3
place_goal_1_top_0: Received dict for DBN 0
place_goal_1_top_0: Received dict for DBN 1
place_goal_1_top_0: Received dict for DBN 2
place_goal_1_top_0: Received dict for DBN 3
place_goal_1_top_0: Sampling transitions and computing reward
place_goal_1_top_0: Building transition/reward matrices
place_goal_1_left_0: Identifying enabled states...
place_goal_1_left_0: Splitting up datasets...
place_goal_1_left_0: Learning DBNS...
place_goal_1_left_0: Building transition dicts for each DBN
place_goal_1_left_0: Starting process for DBN 0
place_goal_1_left_0: Starting process for DBN 1
place_goal_1_left_0: Starting process for DBN 2
place_goal_1_left_0: Starting process for DBN 3
place_goal_1_left_0: Received dict for DBN 0
place_goal_1_left_0: Received dict for DBN 1
place_goal_1_left_0: Received dict for DBN 2
place_goal_1_left_0: Received dict for DBN 3
place_goal_1_left_0: Sampling transitions and computing reward
place_goal_1_left_0: Building transition/reward matrices
place_goal_1_right_0: Identifying enabled states...
place_goal_1_right_0: Splitting up datasets...
place_goal_1_right_0: Learning DBNS...
place_goal_1_right_0: Building transition dicts for each DBN
place_goal_1_right_0: Starting process for DBN 0
place_goal_1_right_0: Starting process for DBN 1
place_goal_1_right_0: Starting process for DBN 2
place_goal_1_right_0: Starting process for DBN 3
place_goal_1_right_0: Received dict for DBN 0
place_goal_1_right_0: Received dict for DBN 1
place_goal_1_right_0: Received dict for DBN 2
place_goal_1_right_0: Received dict for DBN 3
place_goal_1_right_0: Sampling transitions and computing reward
place_goal_1_right_0: Building transition/reward matrices
place_goal_1_front_270: Identifying enabled states...
place_goal_1_front_270: Splitting up datasets...
place_goal_1_front_270: Learning DBNS...
place_goal_1_front_270: Building transition dicts for each DBN
place_goal_1_front_270: Starting process for DBN 0
place_goal_1_front_270: Starting process for DBN 1
place_goal_1_front_270: Starting process for DBN 2
place_goal_1_front_270: Starting process for DBN 3
place_goal_1_front_270: Received dict for DBN 0
place_goal_1_front_270: Received dict for DBN 1
place_goal_1_front_270: Received dict for DBN 2
place_goal_1_front_270: Received dict for DBN 3
place_goal_1_front_270: Sampling transitions and computing reward
place_goal_1_front_270: Building transition/reward matrices
place_goal_2_top_0: Identifying enabled states...
place_goal_2_top_0: Splitting up datasets...
place_goal_2_top_0: Learning DBNS...
place_goal_2_top_0: Building transition dicts for each DBN
place_goal_2_top_0: Starting process for DBN 0
place_goal_2_top_0: Starting process for DBN 1
place_goal_2_top_0: Starting process for DBN 2
place_goal_2_top_0: Starting process for DBN 3
place_goal_2_top_0: Received dict for DBN 0
place_goal_2_top_0: Received dict for DBN 1
place_goal_2_top_0: Received dict for DBN 2
place_goal_2_top_0: Received dict for DBN 3
place_goal_2_top_0: Sampling transitions and computing reward
place_goal_2_top_0: Building transition/reward matrices
place_goal_2_left_0: Identifying enabled states...
place_goal_2_left_0: Splitting up datasets...
place_goal_2_left_0: Learning DBNS...
place_goal_2_left_0: Building transition dicts for each DBN
place_goal_2_left_0: Starting process for DBN 0
place_goal_2_left_0: Starting process for DBN 1
place_goal_2_left_0: Starting process for DBN 2
place_goal_2_left_0: Starting process for DBN 3
place_goal_2_left_0: Received dict for DBN 1
place_goal_2_left_0: Received dict for DBN 0
place_goal_2_left_0: Received dict for DBN 2
place_goal_2_left_0: Received dict for DBN 3
place_goal_2_left_0: Sampling transitions and computing reward
place_goal_2_left_0: Building transition/reward matrices
place_goal_2_right_0: Identifying enabled states...
place_goal_2_right_0: Splitting up datasets...
place_goal_2_right_0: Learning DBNS...
place_goal_2_right_0: Building transition dicts for each DBN
place_goal_2_right_0: Starting process for DBN 0
place_goal_2_right_0: Starting process for DBN 1
place_goal_2_right_0: Starting process for DBN 2
place_goal_2_right_0: Starting process for DBN 3
place_goal_2_right_0: Received dict for DBN 0
place_goal_2_right_0: Received dict for DBN 1
place_goal_2_right_0: Received dict for DBN 2
place_goal_2_right_0: Received dict for DBN 3
place_goal_2_right_0: Sampling transitions and computing reward
place_goal_2_right_0: Building transition/reward matrices
place_goal_2_front_270: Identifying enabled states...
place_goal_2_front_270: Splitting up datasets...
place_goal_2_front_270: Learning DBNS...
place_goal_2_front_270: Building transition dicts for each DBN
place_goal_2_front_270: Starting process for DBN 0
place_goal_2_front_270: Starting process for DBN 1
place_goal_2_front_270: Starting process for DBN 2
place_goal_2_front_270: Starting process for DBN 3
place_goal_2_front_270: Received dict for DBN 0
place_goal_2_front_270: Received dict for DBN 1
place_goal_2_front_270: Received dict for DBN 2
place_goal_2_front_270: Received dict for DBN 3
place_goal_2_front_270: Sampling transitions and computing reward
place_goal_2_front_270: Building transition/reward matrices
place_region_0_top_0: Identifying enabled states...
place_region_0_top_0: Splitting up datasets...
place_region_0_top_0: Learning DBNS...
place_region_0_top_0: Building transition dicts for each DBN
place_region_0_top_0: Starting process for DBN 0
place_region_0_top_0: Starting process for DBN 1
place_region_0_top_0: Starting process for DBN 2
place_region_0_top_0: Starting process for DBN 3
place_region_0_top_0: Received dict for DBN 1
place_region_0_top_0: Received dict for DBN 2
place_region_0_top_0: Received dict for DBN 3
place_region_0_top_0: Received dict for DBN 0
place_region_0_top_0: Sampling transitions and computing reward
place_region_0_top_0: Building transition/reward matrices
place_region_0_left_0: Identifying enabled states...
place_region_0_left_0: Splitting up datasets...
place_region_0_left_0: Learning DBNS...
place_region_0_left_0: Building transition dicts for each DBN
place_region_0_left_0: Starting process for DBN 0
place_region_0_left_0: Starting process for DBN 1
place_region_0_left_0: Starting process for DBN 2
place_region_0_left_0: Starting process for DBN 3
place_region_0_left_0: Received dict for DBN 1
place_region_0_left_0: Received dict for DBN 0
place_region_0_left_0: Received dict for DBN 2
place_region_0_left_0: Received dict for DBN 3
place_region_0_left_0: Sampling transitions and computing reward
place_region_0_left_0: Building transition/reward matrices
place_region_0_right_0: Identifying enabled states...
place_region_0_right_0: Splitting up datasets...
place_region_0_right_0: Learning DBNS...
place_region_0_right_0: Building transition dicts for each DBN
place_region_0_right_0: Starting process for DBN 0
place_region_0_right_0: Starting process for DBN 1
place_region_0_right_0: Starting process for DBN 2
place_region_0_right_0: Starting process for DBN 3
place_region_0_right_0: Received dict for DBN 0
place_region_0_right_0: Received dict for DBN 1
place_region_0_right_0: Received dict for DBN 2
place_region_0_right_0: Received dict for DBN 3
place_region_0_right_0: Sampling transitions and computing reward
place_region_0_right_0: Building transition/reward matrices
place_region_0_front_270: Identifying enabled states...
place_region_0_front_270: Splitting up datasets...
place_region_0_front_270: Learning DBNS...
place_region_0_front_270: Building transition dicts for each DBN
place_region_0_front_270: Starting process for DBN 0
place_region_0_front_270: Starting process for DBN 1
place_region_0_front_270: Starting process for DBN 2
place_region_0_front_270: Starting process for DBN 3
place_region_0_front_270: Received dict for DBN 1
place_region_0_front_270: Received dict for DBN 0
place_region_0_front_270: Received dict for DBN 2
place_region_0_front_270: Received dict for DBN 3
place_region_0_front_270: Sampling transitions and computing reward
place_region_0_front_270: Building transition/reward matrices
place_region_1_top_0: Identifying enabled states...
place_region_1_top_0: Splitting up datasets...
place_region_1_top_0: Learning DBNS...
place_region_1_top_0: Building transition dicts for each DBN
place_region_1_top_0: Starting process for DBN 0
place_region_1_top_0: Starting process for DBN 1
place_region_1_top_0: Starting process for DBN 2
place_region_1_top_0: Starting process for DBN 3
place_region_1_top_0: Received dict for DBN 1
place_region_1_top_0: Received dict for DBN 0
place_region_1_top_0: Received dict for DBN 2
place_region_1_top_0: Received dict for DBN 3
place_region_1_top_0: Sampling transitions and computing reward
place_region_1_top_0: Building transition/reward matrices
place_region_1_left_0: Identifying enabled states...
place_region_1_left_0: Splitting up datasets...
place_region_1_left_0: Learning DBNS...
place_region_1_left_0: Building transition dicts for each DBN
place_region_1_left_0: Starting process for DBN 0
place_region_1_left_0: Starting process for DBN 1
place_region_1_left_0: Starting process for DBN 2
place_region_1_left_0: Starting process for DBN 3
place_region_1_left_0: Received dict for DBN 0
place_region_1_left_0: Received dict for DBN 1
place_region_1_left_0: Received dict for DBN 2
place_region_1_left_0: Received dict for DBN 3
place_region_1_left_0: Sampling transitions and computing reward
place_region_1_left_0: Building transition/reward matrices
place_region_1_right_0: Identifying enabled states...
place_region_1_right_0: Splitting up datasets...
place_region_1_right_0: Learning DBNS...
place_region_1_right_0: Building transition dicts for each DBN
place_region_1_right_0: Starting process for DBN 0
place_region_1_right_0: Starting process for DBN 1
place_region_1_right_0: Starting process for DBN 2
place_region_1_right_0: Starting process for DBN 3
place_region_1_right_0: Received dict for DBN 0
place_region_1_right_0: Received dict for DBN 1
place_region_1_right_0: Received dict for DBN 2
place_region_1_right_0: Received dict for DBN 3
place_region_1_right_0: Sampling transitions and computing reward
place_region_1_right_0: Building transition/reward matrices
place_region_1_front_270: Identifying enabled states...
place_region_1_front_270: Splitting up datasets...
place_region_1_front_270: Learning DBNS...
place_region_1_front_270: Building transition dicts for each DBN
place_region_1_front_270: Starting process for DBN 0
place_region_1_front_270: Starting process for DBN 1
place_region_1_front_270: Starting process for DBN 2
place_region_1_front_270: Starting process for DBN 3
place_region_1_front_270: Received dict for DBN 0
place_region_1_front_270: Received dict for DBN 1
place_region_1_front_270: Received dict for DBN 2
place_region_1_front_270: Received dict for DBN 3
place_region_1_front_270: Sampling transitions and computing reward
place_region_1_front_270: Building transition/reward matrices
place_region_2_top_0: Identifying enabled states...
place_region_2_top_0: Splitting up datasets...
place_region_2_top_0: Learning DBNS...
place_region_2_top_0: Building transition dicts for each DBN
place_region_2_top_0: Starting process for DBN 0
place_region_2_top_0: Starting process for DBN 1
place_region_2_top_0: Starting process for DBN 2
place_region_2_top_0: Starting process for DBN 3
place_region_2_top_0: Received dict for DBN 1
place_region_2_top_0: Received dict for DBN 0
place_region_2_top_0: Received dict for DBN 2
place_region_2_top_0: Received dict for DBN 3
place_region_2_top_0: Sampling transitions and computing reward
place_region_2_top_0: Building transition/reward matrices
place_region_2_left_0: Identifying enabled states...
place_region_2_left_0: Splitting up datasets...
place_region_2_left_0: Learning DBNS...
place_region_2_left_0: Building transition dicts for each DBN
place_region_2_left_0: Starting process for DBN 0
place_region_2_left_0: Starting process for DBN 1
place_region_2_left_0: Starting process for DBN 2
place_region_2_left_0: Starting process for DBN 3
place_region_2_left_0: Received dict for DBN 1
place_region_2_left_0: Received dict for DBN 0
place_region_2_left_0: Received dict for DBN 2
place_region_2_left_0: Received dict for DBN 3
place_region_2_left_0: Sampling transitions and computing reward
place_region_2_left_0: Building transition/reward matrices
place_region_2_right_0: Identifying enabled states...
place_region_2_right_0: Splitting up datasets...
place_region_2_right_0: Learning DBNS...
place_region_2_right_0: Building transition dicts for each DBN
place_region_2_right_0: Starting process for DBN 0
place_region_2_right_0: Starting process for DBN 1
place_region_2_right_0: Starting process for DBN 2
place_region_2_right_0: Starting process for DBN 3
place_region_2_right_0: Received dict for DBN 1
place_region_2_right_0: Received dict for DBN 0
place_region_2_right_0: Received dict for DBN 2
place_region_2_right_0: Received dict for DBN 3
place_region_2_right_0: Sampling transitions and computing reward
place_region_2_right_0: Building transition/reward matrices
place_region_2_front_270: Identifying enabled states...
place_region_2_front_270: Splitting up datasets...
place_region_2_front_270: Learning DBNS...
place_region_2_front_270: Building transition dicts for each DBN
place_region_2_front_270: Starting process for DBN 0
place_region_2_front_270: Starting process for DBN 1
place_region_2_front_270: Starting process for DBN 2
place_region_2_front_270: Starting process for DBN 3
place_region_2_front_270: Received dict for DBN 1
place_region_2_front_270: Received dict for DBN 0
place_region_2_front_270: Received dict for DBN 2
place_region_2_front_270: Received dict for DBN 3
place_region_2_front_270: Sampling transitions and computing reward
place_region_2_front_270: Building transition/reward matrices
Building MDP...
Synthesising Policy...
Solving MDP for timestep: 29
Solving MDP for timestep: 28
Solving MDP for timestep: 27
Solving MDP for timestep: 26
Solving MDP for timestep: 25
Solving MDP for timestep: 24
Solving MDP for timestep: 23
Solving MDP for timestep: 22
Solving MDP for timestep: 21
Solving MDP for timestep: 20
Solving MDP for timestep: 19
Solving MDP for timestep: 18
Solving MDP for timestep: 17
Solving MDP for timestep: 16
Solving MDP for timestep: 15
Solving MDP for timestep: 14
Solving MDP for timestep: 13
Solving MDP for timestep: 12
Solving MDP for timestep: 11
Solving MDP for timestep: 10
Solving MDP for timestep: 9
Solving MDP for timestep: 8
Solving MDP for timestep: 7
Solving MDP for timestep: 6
Solving MDP for timestep: 5
Solving MDP for timestep: 4
Solving MDP for timestep: 3
Solving MDP for timestep: 2
Solving MDP for timestep: 1
Solving MDP for timestep: 0
Resetting the scene for new episode
Step 0
policy value 40.7760009765625
State(column0: region_2, column1: region_1, column2: region_0)
pick_column1_left_0
Action: Action(ActionType.PICK, obj=/column1, slot=None,grasp=GraspType.LEFT_0)
[EXEC] Picking /column1 with left_0

[INFO] Found 3264 potential configurations.
[WARN] No valid configuration found (all tested configs invalid).
[EXEC] Action ActionType.PICK executed in 1.77 seconds
[ERROR] Action ActionType.PICK failed for object /column1
Action duration: 0.001
[LOG] Transition logged to MongoDB: 3b45543f-1da5-4b6b-a71d-6af8c33bab70 - Episode 0
Action failed, stopping. Time elapsed: 0.001
Step 1
policy value 39.322547912597656
State(column0: region_2, column1: region_1, column2: region_0)
pick_column1_left_0
Action: Action(ActionType.PICK, obj=/column1, slot=None,grasp=GraspType.LEFT_0)
[EXEC] Picking /column1 with left_0

[INFO] Found 3072 potential configurations.
[WARN] No valid configuration found (all tested configs invalid).
[EXEC] Action ActionType.PICK executed in 1.72 seconds
[ERROR] Action ActionType.PICK failed for object /column1
Action duration: 0.001
[LOG] Transition logged to MongoDB: 3b45543f-1da5-4b6b-a71d-6af8c33bab70 - Episode 0
Action failed, stopping. Time elapsed: 0.001
Step 2
policy value 37.870643615722656
State(column0: region_2, column1: region_1, column2: region_0)
pick_column1_left_0
Action: Action(ActionType.PICK, obj=/column1, slot=None,grasp=GraspType.LEFT_0)
[EXEC] Picking /column1 with left_0

[INFO] Found 2176 potential configurations.
[WARN] No valid configuration found (all tested configs invalid).
[EXEC] Action ActionType.PICK executed in 1.52 seconds
[ERROR] Action ActionType.PICK failed for object /column1
Action duration: 0.001
[LOG] Transition logged to MongoDB: 3b45543f-1da5-4b6b-a71d-6af8c33bab70 - Episode 0
Action failed, stopping. Time elapsed: 0.001
Step 3
policy value 36.420501708984375
State(column0: region_2, column1: region_1, column2: region_0)
pick_column1_left_0
Action: Action(ActionType.PICK, obj=/column1, slot=None,grasp=GraspType.LEFT_0)
[EXEC] Picking /column1 with left_0

[INFO] Found 2240 potential configurations.
[WARN] No valid configuration found (all tested configs invalid).
[EXEC] Action ActionType.PICK executed in 1.54 seconds
[ERROR] Action ActionType.PICK failed for object /column1
Action duration: 0.001
[LOG] Transition logged to MongoDB: 3b45543f-1da5-4b6b-a71d-6af8c33bab70 - Episode 0
Action failed, stopping. Time elapsed: 0.001
Step 4
policy value 34.97236251831055
State(column0: region_2, column1: region_1, column2: region_0)
pick_column1_left_0
Action: Action(ActionType.PICK, obj=/column1, slot=None,grasp=GraspType.LEFT_0)
[EXEC] Picking /column1 with left_0

[INFO] Found 2944 potential configurations.
[WARN] No valid configuration found (all tested configs invalid).
[EXEC] Action ActionType.PICK executed in 1.69 seconds
[ERROR] Action ActionType.PICK failed for object /column1
Action duration: 0.001
[LOG] Transition logged to MongoDB: 3b45543f-1da5-4b6b-a71d-6af8c33bab70 - Episode 0
Action failed, stopping. Time elapsed: 0.001
Step 5
policy value 33.52654266357422
State(column0: region_2, column1: region_1, column2: region_0)
pick_column1_left_0
Action: Action(ActionType.PICK, obj=/column1, slot=None,grasp=GraspType.LEFT_0)
[EXEC] Picking /column1 with left_0

[INFO] Found 3072 potential configurations.
[WARN] No valid configuration found (all tested configs invalid).
[EXEC] Action ActionType.PICK executed in 1.74 seconds
[ERROR] Action ActionType.PICK failed for object /column1
Action duration: 0.001
[LOG] Transition logged to MongoDB: 3b45543f-1da5-4b6b-a71d-6af8c33bab70 - Episode 0
Action failed, stopping. Time elapsed: 0.001
Too many failures, resetting episode
Episode 2 ended
Revising policy
USING STORM: False
Reading data from MongoDB...
Total option moiton param combinations 36
Collected combinations 36
Building state to idx mapping...
Building option ensembles...
pick_column0_top_0: Identifying enabled states...
pick_column0_top_0: Splitting up datasets...
pick_column0_top_0: Learning DBNS...
pick_column0_top_0: Building transition dicts for each DBN
pick_column0_top_0: Starting process for DBN 0
pick_column0_top_0: Starting process for DBN 1
pick_column0_top_0: Starting process for DBN 2
pick_column0_top_0: Starting process for DBN 3
pick_column0_top_0: Received dict for DBN 0
pick_column0_top_0: Received dict for DBN 1
pick_column0_top_0: Received dict for DBN 2
pick_column0_top_0: Received dict for DBN 3
pick_column0_top_0: Sampling transitions and computing reward
pick_column0_top_0: Building transition/reward matrices
pick_column0_left_0: Identifying enabled states...
pick_column0_left_0: Splitting up datasets...
pick_column0_left_0: Learning DBNS...
pick_column0_left_0: Building transition dicts for each DBN
pick_column0_left_0: Starting process for DBN 0
pick_column0_left_0: Starting process for DBN 1
pick_column0_left_0: Starting process for DBN 2
pick_column0_left_0: Starting process for DBN 3
pick_column0_left_0: Received dict for DBN 0
pick_column0_left_0: Received dict for DBN 1
pick_column0_left_0: Received dict for DBN 2
pick_column0_left_0: Received dict for DBN 3
pick_column0_left_0: Sampling transitions and computing reward
pick_column0_left_0: Building transition/reward matrices
pick_column0_right_0: Identifying enabled states...
pick_column0_right_0: Splitting up datasets...
pick_column0_right_0: Learning DBNS...
pick_column0_right_0: Building transition dicts for each DBN
pick_column0_right_0: Starting process for DBN 0
pick_column0_right_0: Starting process for DBN 1
pick_column0_right_0: Starting process for DBN 2
pick_column0_right_0: Starting process for DBN 3
pick_column0_right_0: Received dict for DBN 0
pick_column0_right_0: Received dict for DBN 1
pick_column0_right_0: Received dict for DBN 2
pick_column0_right_0: Received dict for DBN 3
pick_column0_right_0: Sampling transitions and computing reward
pick_column0_right_0: Building transition/reward matrices
pick_column0_front_270: Identifying enabled states...
pick_column0_front_270: Splitting up datasets...
pick_column0_front_270: Learning DBNS...
pick_column0_front_270: Building transition dicts for each DBN
pick_column0_front_270: Starting process for DBN 0
pick_column0_front_270: Starting process for DBN 1
pick_column0_front_270: Starting process for DBN 2
pick_column0_front_270: Starting process for DBN 3
pick_column0_front_270: Received dict for DBN 1
pick_column0_front_270: Received dict for DBN 0
pick_column0_front_270: Received dict for DBN 2
pick_column0_front_270: Received dict for DBN 3
pick_column0_front_270: Sampling transitions and computing reward
pick_column0_front_270: Building transition/reward matrices
pick_column1_top_0: Identifying enabled states...
pick_column1_top_0: Splitting up datasets...
pick_column1_top_0: Learning DBNS...
pick_column1_top_0: Building transition dicts for each DBN
pick_column1_top_0: Starting process for DBN 0
pick_column1_top_0: Starting process for DBN 1
pick_column1_top_0: Starting process for DBN 2
pick_column1_top_0: Starting process for DBN 3
pick_column1_top_0: Received dict for DBN 0
pick_column1_top_0: Received dict for DBN 1
pick_column1_top_0: Received dict for DBN 2
pick_column1_top_0: Received dict for DBN 3
pick_column1_top_0: Sampling transitions and computing reward
pick_column1_top_0: Building transition/reward matrices
pick_column1_left_0: Identifying enabled states...
pick_column1_left_0: Splitting up datasets...
pick_column1_left_0: Learning DBNS...
pick_column1_left_0: Building transition dicts for each DBN
pick_column1_left_0: Starting process for DBN 0
pick_column1_left_0: Starting process for DBN 1
pick_column1_left_0: Starting process for DBN 2
pick_column1_left_0: Starting process for DBN 3
pick_column1_left_0: Received dict for DBN 0
pick_column1_left_0: Received dict for DBN 1
pick_column1_left_0: Received dict for DBN 2
pick_column1_left_0: Received dict for DBN 3
pick_column1_left_0: Sampling transitions and computing reward
pick_column1_left_0: Building transition/reward matrices
pick_column1_right_0: Identifying enabled states...
pick_column1_right_0: Splitting up datasets...
pick_column1_right_0: Learning DBNS...
pick_column1_right_0: Building transition dicts for each DBN
pick_column1_right_0: Starting process for DBN 0
pick_column1_right_0: Starting process for DBN 1
pick_column1_right_0: Starting process for DBN 2
pick_column1_right_0: Starting process for DBN 3
pick_column1_right_0: Received dict for DBN 0
pick_column1_right_0: Received dict for DBN 1
pick_column1_right_0: Received dict for DBN 2
pick_column1_right_0: Received dict for DBN 3
pick_column1_right_0: Sampling transitions and computing reward
pick_column1_right_0: Building transition/reward matrices
pick_column1_front_270: Identifying enabled states...
pick_column1_front_270: Splitting up datasets...
pick_column1_front_270: Learning DBNS...
pick_column1_front_270: Building transition dicts for each DBN
pick_column1_front_270: Starting process for DBN 0
pick_column1_front_270: Starting process for DBN 1
pick_column1_front_270: Starting process for DBN 2
pick_column1_front_270: Starting process for DBN 3
pick_column1_front_270: Received dict for DBN 0
pick_column1_front_270: Received dict for DBN 1
pick_column1_front_270: Received dict for DBN 2
pick_column1_front_270: Received dict for DBN 3
pick_column1_front_270: Sampling transitions and computing reward
pick_column1_front_270: Building transition/reward matrices
pick_column2_top_0: Identifying enabled states...
pick_column2_top_0: Splitting up datasets...
pick_column2_top_0: Learning DBNS...
pick_column2_top_0: Building transition dicts for each DBN
pick_column2_top_0: Starting process for DBN 0
pick_column2_top_0: Starting process for DBN 1
pick_column2_top_0: Starting process for DBN 2
pick_column2_top_0: Starting process for DBN 3
pick_column2_top_0: Received dict for DBN 0
pick_column2_top_0: Received dict for DBN 1
pick_column2_top_0: Received dict for DBN 2
pick_column2_top_0: Received dict for DBN 3
pick_column2_top_0: Sampling transitions and computing reward
pick_column2_top_0: Building transition/reward matrices
pick_column2_left_0: Identifying enabled states...
pick_column2_left_0: Splitting up datasets...
pick_column2_left_0: Learning DBNS...
pick_column2_left_0: Building transition dicts for each DBN
pick_column2_left_0: Starting process for DBN 0
pick_column2_left_0: Starting process for DBN 1
pick_column2_left_0: Starting process for DBN 2
pick_column2_left_0: Starting process for DBN 3
pick_column2_left_0: Received dict for DBN 0
pick_column2_left_0: Received dict for DBN 1
pick_column2_left_0: Received dict for DBN 2
pick_column2_left_0: Received dict for DBN 3
pick_column2_left_0: Sampling transitions and computing reward
pick_column2_left_0: Building transition/reward matrices
pick_column2_right_0: Identifying enabled states...
pick_column2_right_0: Splitting up datasets...
pick_column2_right_0: Learning DBNS...
pick_column2_right_0: Building transition dicts for each DBN
pick_column2_right_0: Starting process for DBN 0
pick_column2_right_0: Starting process for DBN 1
pick_column2_right_0: Starting process for DBN 2
pick_column2_right_0: Starting process for DBN 3
pick_column2_right_0: Received dict for DBN 0
pick_column2_right_0: Received dict for DBN 1
pick_column2_right_0: Received dict for DBN 2
pick_column2_right_0: Received dict for DBN 3
pick_column2_right_0: Sampling transitions and computing reward
pick_column2_right_0: Building transition/reward matrices
pick_column2_front_270: Identifying enabled states...
pick_column2_front_270: Splitting up datasets...
pick_column2_front_270: Learning DBNS...
pick_column2_front_270: Building transition dicts for each DBN
pick_column2_front_270: Starting process for DBN 0
pick_column2_front_270: Starting process for DBN 1
pick_column2_front_270: Starting process for DBN 2
pick_column2_front_270: Starting process for DBN 3
pick_column2_front_270: Received dict for DBN 0
pick_column2_front_270: Received dict for DBN 1
pick_column2_front_270: Received dict for DBN 2
pick_column2_front_270: Received dict for DBN 3
pick_column2_front_270: Sampling transitions and computing reward
pick_column2_front_270: Building transition/reward matrices
place_goal_0_top_0: Identifying enabled states...
place_goal_0_top_0: Splitting up datasets...
place_goal_0_top_0: Learning DBNS...
place_goal_0_top_0: Building transition dicts for each DBN
place_goal_0_top_0: Starting process for DBN 0
place_goal_0_top_0: Starting process for DBN 1
place_goal_0_top_0: Starting process for DBN 2
place_goal_0_top_0: Starting process for DBN 3
place_goal_0_top_0: Received dict for DBN 0
place_goal_0_top_0: Received dict for DBN 1
place_goal_0_top_0: Received dict for DBN 2
place_goal_0_top_0: Received dict for DBN 3
place_goal_0_top_0: Sampling transitions and computing reward
place_goal_0_top_0: Building transition/reward matrices
place_goal_0_left_0: Identifying enabled states...
place_goal_0_left_0: Splitting up datasets...
place_goal_0_left_0: Learning DBNS...
place_goal_0_left_0: Building transition dicts for each DBN
place_goal_0_left_0: Starting process for DBN 0
place_goal_0_left_0: Starting process for DBN 1
place_goal_0_left_0: Starting process for DBN 2
place_goal_0_left_0: Starting process for DBN 3
place_goal_0_left_0: Received dict for DBN 0
place_goal_0_left_0: Received dict for DBN 1
place_goal_0_left_0: Received dict for DBN 2
place_goal_0_left_0: Received dict for DBN 3
place_goal_0_left_0: Sampling transitions and computing reward
place_goal_0_left_0: Building transition/reward matrices
place_goal_0_right_0: Identifying enabled states...
place_goal_0_right_0: Splitting up datasets...
place_goal_0_right_0: Learning DBNS...
place_goal_0_right_0: Building transition dicts for each DBN
place_goal_0_right_0: Starting process for DBN 0
place_goal_0_right_0: Starting process for DBN 1
place_goal_0_right_0: Starting process for DBN 2
place_goal_0_right_0: Starting process for DBN 3
place_goal_0_right_0: Received dict for DBN 0
place_goal_0_right_0: Received dict for DBN 1
place_goal_0_right_0: Received dict for DBN 2
place_goal_0_right_0: Received dict for DBN 3
place_goal_0_right_0: Sampling transitions and computing reward
place_goal_0_right_0: Building transition/reward matrices
place_goal_0_front_270: Identifying enabled states...
place_goal_0_front_270: Splitting up datasets...
place_goal_0_front_270: Learning DBNS...
place_goal_0_front_270: Building transition dicts for each DBN
place_goal_0_front_270: Starting process for DBN 0
place_goal_0_front_270: Starting process for DBN 1
place_goal_0_front_270: Starting process for DBN 2
place_goal_0_front_270: Starting process for DBN 3
place_goal_0_front_270: Received dict for DBN 0
place_goal_0_front_270: Received dict for DBN 1
place_goal_0_front_270: Received dict for DBN 2
place_goal_0_front_270: Received dict for DBN 3
place_goal_0_front_270: Sampling transitions and computing reward
place_goal_0_front_270: Building transition/reward matrices
place_goal_1_top_0: Identifying enabled states...
place_goal_1_top_0: Splitting up datasets...
place_goal_1_top_0: Learning DBNS...
place_goal_1_top_0: Building transition dicts for each DBN
place_goal_1_top_0: Starting process for DBN 0
place_goal_1_top_0: Starting process for DBN 1
place_goal_1_top_0: Starting process for DBN 2
place_goal_1_top_0: Starting process for DBN 3
place_goal_1_top_0: Received dict for DBN 0
place_goal_1_top_0: Received dict for DBN 1
place_goal_1_top_0: Received dict for DBN 2
place_goal_1_top_0: Received dict for DBN 3
place_goal_1_top_0: Sampling transitions and computing reward
place_goal_1_top_0: Building transition/reward matrices
place_goal_1_left_0: Identifying enabled states...
place_goal_1_left_0: Splitting up datasets...
place_goal_1_left_0: Learning DBNS...
place_goal_1_left_0: Building transition dicts for each DBN
place_goal_1_left_0: Starting process for DBN 0
place_goal_1_left_0: Starting process for DBN 1
place_goal_1_left_0: Starting process for DBN 2
place_goal_1_left_0: Starting process for DBN 3
place_goal_1_left_0: Received dict for DBN 0
place_goal_1_left_0: Received dict for DBN 1
place_goal_1_left_0: Received dict for DBN 2
place_goal_1_left_0: Received dict for DBN 3
place_goal_1_left_0: Sampling transitions and computing reward
place_goal_1_left_0: Building transition/reward matrices
place_goal_1_right_0: Identifying enabled states...
place_goal_1_right_0: Splitting up datasets...
place_goal_1_right_0: Learning DBNS...
place_goal_1_right_0: Building transition dicts for each DBN
place_goal_1_right_0: Starting process for DBN 0
place_goal_1_right_0: Starting process for DBN 1
place_goal_1_right_0: Starting process for DBN 2
place_goal_1_right_0: Starting process for DBN 3
place_goal_1_right_0: Received dict for DBN 0
place_goal_1_right_0: Received dict for DBN 1
place_goal_1_right_0: Received dict for DBN 2
place_goal_1_right_0: Received dict for DBN 3
place_goal_1_right_0: Sampling transitions and computing reward
place_goal_1_right_0: Building transition/reward matrices
place_goal_1_front_270: Identifying enabled states...
place_goal_1_front_270: Splitting up datasets...
place_goal_1_front_270: Learning DBNS...
place_goal_1_front_270: Building transition dicts for each DBN
place_goal_1_front_270: Starting process for DBN 0
place_goal_1_front_270: Starting process for DBN 1
place_goal_1_front_270: Starting process for DBN 2
place_goal_1_front_270: Starting process for DBN 3
place_goal_1_front_270: Received dict for DBN 0
place_goal_1_front_270: Received dict for DBN 1
place_goal_1_front_270: Received dict for DBN 2
place_goal_1_front_270: Received dict for DBN 3
place_goal_1_front_270: Sampling transitions and computing reward
place_goal_1_front_270: Building transition/reward matrices
place_goal_2_top_0: Identifying enabled states...
place_goal_2_top_0: Splitting up datasets...
place_goal_2_top_0: Learning DBNS...
place_goal_2_top_0: Building transition dicts for each DBN
place_goal_2_top_0: Starting process for DBN 0
place_goal_2_top_0: Starting process for DBN 1
place_goal_2_top_0: Starting process for DBN 2
place_goal_2_top_0: Starting process for DBN 3
place_goal_2_top_0: Received dict for DBN 0
place_goal_2_top_0: Received dict for DBN 1
place_goal_2_top_0: Received dict for DBN 2
place_goal_2_top_0: Received dict for DBN 3
place_goal_2_top_0: Sampling transitions and computing reward
place_goal_2_top_0: Building transition/reward matrices
place_goal_2_left_0: Identifying enabled states...
place_goal_2_left_0: Splitting up datasets...
place_goal_2_left_0: Learning DBNS...
place_goal_2_left_0: Building transition dicts for each DBN
place_goal_2_left_0: Starting process for DBN 0
place_goal_2_left_0: Starting process for DBN 1
place_goal_2_left_0: Starting process for DBN 2
place_goal_2_left_0: Starting process for DBN 3
place_goal_2_left_0: Received dict for DBN 0
place_goal_2_left_0: Received dict for DBN 1
place_goal_2_left_0: Received dict for DBN 2
place_goal_2_left_0: Received dict for DBN 3
place_goal_2_left_0: Sampling transitions and computing reward
place_goal_2_left_0: Building transition/reward matrices
place_goal_2_right_0: Identifying enabled states...
place_goal_2_right_0: Splitting up datasets...
place_goal_2_right_0: Learning DBNS...
place_goal_2_right_0: Building transition dicts for each DBN
place_goal_2_right_0: Starting process for DBN 0
place_goal_2_right_0: Starting process for DBN 1
place_goal_2_right_0: Starting process for DBN 2
place_goal_2_right_0: Starting process for DBN 3
place_goal_2_right_0: Received dict for DBN 0
place_goal_2_right_0: Received dict for DBN 1
place_goal_2_right_0: Received dict for DBN 2
place_goal_2_right_0: Received dict for DBN 3
place_goal_2_right_0: Sampling transitions and computing reward
place_goal_2_right_0: Building transition/reward matrices
place_goal_2_front_270: Identifying enabled states...
place_goal_2_front_270: Splitting up datasets...
place_goal_2_front_270: Learning DBNS...
place_goal_2_front_270: Building transition dicts for each DBN
place_goal_2_front_270: Starting process for DBN 0
place_goal_2_front_270: Starting process for DBN 1
place_goal_2_front_270: Starting process for DBN 2
place_goal_2_front_270: Starting process for DBN 3
place_goal_2_front_270: Received dict for DBN 0
place_goal_2_front_270: Received dict for DBN 1
place_goal_2_front_270: Received dict for DBN 2
place_goal_2_front_270: Received dict for DBN 3
place_goal_2_front_270: Sampling transitions and computing reward
place_goal_2_front_270: Building transition/reward matrices
place_region_0_top_0: Identifying enabled states...
place_region_0_top_0: Splitting up datasets...
place_region_0_top_0: Learning DBNS...
place_region_0_top_0: Building transition dicts for each DBN
place_region_0_top_0: Starting process for DBN 0
place_region_0_top_0: Starting process for DBN 1
place_region_0_top_0: Starting process for DBN 2
place_region_0_top_0: Starting process for DBN 3
place_region_0_top_0: Received dict for DBN 1
place_region_0_top_0: Received dict for DBN 2
place_region_0_top_0: Received dict for DBN 3
place_region_0_top_0: Received dict for DBN 0
place_region_0_top_0: Sampling transitions and computing reward
place_region_0_top_0: Building transition/reward matrices
place_region_0_left_0: Identifying enabled states...
place_region_0_left_0: Splitting up datasets...
place_region_0_left_0: Learning DBNS...
place_region_0_left_0: Building transition dicts for each DBN
place_region_0_left_0: Starting process for DBN 0
place_region_0_left_0: Starting process for DBN 1
place_region_0_left_0: Starting process for DBN 2
place_region_0_left_0: Starting process for DBN 3
place_region_0_left_0: Received dict for DBN 1
place_region_0_left_0: Received dict for DBN 0
place_region_0_left_0: Received dict for DBN 2
place_region_0_left_0: Received dict for DBN 3
place_region_0_left_0: Sampling transitions and computing reward
place_region_0_left_0: Building transition/reward matrices
place_region_0_right_0: Identifying enabled states...
place_region_0_right_0: Splitting up datasets...
place_region_0_right_0: Learning DBNS...
place_region_0_right_0: Building transition dicts for each DBN
place_region_0_right_0: Starting process for DBN 0
place_region_0_right_0: Starting process for DBN 1
place_region_0_right_0: Starting process for DBN 2
place_region_0_right_0: Starting process for DBN 3
place_region_0_right_0: Received dict for DBN 1
place_region_0_right_0: Received dict for DBN 0
place_region_0_right_0: Received dict for DBN 2
place_region_0_right_0: Received dict for DBN 3
place_region_0_right_0: Sampling transitions and computing reward
place_region_0_right_0: Building transition/reward matrices
place_region_0_front_270: Identifying enabled states...
place_region_0_front_270: Splitting up datasets...
place_region_0_front_270: Learning DBNS...
place_region_0_front_270: Building transition dicts for each DBN
place_region_0_front_270: Starting process for DBN 0
place_region_0_front_270: Starting process for DBN 1
place_region_0_front_270: Starting process for DBN 2
place_region_0_front_270: Starting process for DBN 3
place_region_0_front_270: Received dict for DBN 1
place_region_0_front_270: Received dict for DBN 0
place_region_0_front_270: Received dict for DBN 2
place_region_0_front_270: Received dict for DBN 3
place_region_0_front_270: Sampling transitions and computing reward
place_region_0_front_270: Building transition/reward matrices
place_region_1_top_0: Identifying enabled states...
place_region_1_top_0: Splitting up datasets...
place_region_1_top_0: Learning DBNS...
place_region_1_top_0: Building transition dicts for each DBN
place_region_1_top_0: Starting process for DBN 0
place_region_1_top_0: Starting process for DBN 1
place_region_1_top_0: Starting process for DBN 2
place_region_1_top_0: Starting process for DBN 3
place_region_1_top_0: Received dict for DBN 1
place_region_1_top_0: Received dict for DBN 0
place_region_1_top_0: Received dict for DBN 2
place_region_1_top_0: Received dict for DBN 3
place_region_1_top_0: Sampling transitions and computing reward
place_region_1_top_0: Building transition/reward matrices
place_region_1_left_0: Identifying enabled states...
place_region_1_left_0: Splitting up datasets...
place_region_1_left_0: Learning DBNS...
place_region_1_left_0: Building transition dicts for each DBN
place_region_1_left_0: Starting process for DBN 0
place_region_1_left_0: Starting process for DBN 1
place_region_1_left_0: Starting process for DBN 2
place_region_1_left_0: Starting process for DBN 3
place_region_1_left_0: Received dict for DBN 0
place_region_1_left_0: Received dict for DBN 1
place_region_1_left_0: Received dict for DBN 2
place_region_1_left_0: Received dict for DBN 3
place_region_1_left_0: Sampling transitions and computing reward
place_region_1_left_0: Building transition/reward matrices
place_region_1_right_0: Identifying enabled states...
place_region_1_right_0: Splitting up datasets...
place_region_1_right_0: Learning DBNS...
place_region_1_right_0: Building transition dicts for each DBN
place_region_1_right_0: Starting process for DBN 0
place_region_1_right_0: Starting process for DBN 1
place_region_1_right_0: Starting process for DBN 2
place_region_1_right_0: Starting process for DBN 3
place_region_1_right_0: Received dict for DBN 1
place_region_1_right_0: Received dict for DBN 0
place_region_1_right_0: Received dict for DBN 2
place_region_1_right_0: Received dict for DBN 3
place_region_1_right_0: Sampling transitions and computing reward
place_region_1_right_0: Building transition/reward matrices
place_region_1_front_270: Identifying enabled states...
place_region_1_front_270: Splitting up datasets...
place_region_1_front_270: Learning DBNS...
place_region_1_front_270: Building transition dicts for each DBN
place_region_1_front_270: Starting process for DBN 0
place_region_1_front_270: Starting process for DBN 1
place_region_1_front_270: Starting process for DBN 2
place_region_1_front_270: Starting process for DBN 3
place_region_1_front_270: Received dict for DBN 1
place_region_1_front_270: Received dict for DBN 0
place_region_1_front_270: Received dict for DBN 2
place_region_1_front_270: Received dict for DBN 3
place_region_1_front_270: Sampling transitions and computing reward
place_region_1_front_270: Building transition/reward matrices
place_region_2_top_0: Identifying enabled states...
place_region_2_top_0: Splitting up datasets...
place_region_2_top_0: Learning DBNS...
place_region_2_top_0: Building transition dicts for each DBN
place_region_2_top_0: Starting process for DBN 0
place_region_2_top_0: Starting process for DBN 1
place_region_2_top_0: Starting process for DBN 2
place_region_2_top_0: Starting process for DBN 3
place_region_2_top_0: Received dict for DBN 0
place_region_2_top_0: Received dict for DBN 1
place_region_2_top_0: Received dict for DBN 2
place_region_2_top_0: Received dict for DBN 3
place_region_2_top_0: Sampling transitions and computing reward
place_region_2_top_0: Building transition/reward matrices
place_region_2_left_0: Identifying enabled states...
place_region_2_left_0: Splitting up datasets...
place_region_2_left_0: Learning DBNS...
place_region_2_left_0: Building transition dicts for each DBN
place_region_2_left_0: Starting process for DBN 0
place_region_2_left_0: Starting process for DBN 1
place_region_2_left_0: Starting process for DBN 2
place_region_2_left_0: Starting process for DBN 3
place_region_2_left_0: Received dict for DBN 1
place_region_2_left_0: Received dict for DBN 0
place_region_2_left_0: Received dict for DBN 2
place_region_2_left_0: Received dict for DBN 3
place_region_2_left_0: Sampling transitions and computing reward
place_region_2_left_0: Building transition/reward matrices
place_region_2_right_0: Identifying enabled states...
place_region_2_right_0: Splitting up datasets...
place_region_2_right_0: Learning DBNS...
place_region_2_right_0: Building transition dicts for each DBN
place_region_2_right_0: Starting process for DBN 0
place_region_2_right_0: Starting process for DBN 1
place_region_2_right_0: Starting process for DBN 2
place_region_2_right_0: Starting process for DBN 3
place_region_2_right_0: Received dict for DBN 1
place_region_2_right_0: Received dict for DBN 0
place_region_2_right_0: Received dict for DBN 2
place_region_2_right_0: Received dict for DBN 3
place_region_2_right_0: Sampling transitions and computing reward
place_region_2_right_0: Building transition/reward matrices
place_region_2_front_270: Identifying enabled states...
place_region_2_front_270: Splitting up datasets...
place_region_2_front_270: Learning DBNS...
place_region_2_front_270: Building transition dicts for each DBN
place_region_2_front_270: Starting process for DBN 0
place_region_2_front_270: Starting process for DBN 1
place_region_2_front_270: Starting process for DBN 2
place_region_2_front_270: Starting process for DBN 3
place_region_2_front_270: Received dict for DBN 1
place_region_2_front_270: Received dict for DBN 0
place_region_2_front_270: Received dict for DBN 2
place_region_2_front_270: Received dict for DBN 3
place_region_2_front_270: Sampling transitions and computing reward
place_region_2_front_270: Building transition/reward matrices
Building MDP...
Synthesising Policy...
Solving MDP for timestep: 29
Solving MDP for timestep: 28
Solving MDP for timestep: 27
Solving MDP for timestep: 26
Solving MDP for timestep: 25
Solving MDP for timestep: 24
Solving MDP for timestep: 23
Solving MDP for timestep: 22
Solving MDP for timestep: 21
Solving MDP for timestep: 20
Solving MDP for timestep: 19
Solving MDP for timestep: 18
Solving MDP for timestep: 17
Solving MDP for timestep: 16
Solving MDP for timestep: 15
Solving MDP for timestep: 14
Solving MDP for timestep: 13
Solving MDP for timestep: 12
Solving MDP for timestep: 11
Solving MDP for timestep: 10
Solving MDP for timestep: 9
Solving MDP for timestep: 8
Solving MDP for timestep: 7
Solving MDP for timestep: 6
Solving MDP for timestep: 5
Solving MDP for timestep: 4
Solving MDP for timestep: 3
Solving MDP for timestep: 2
Solving MDP for timestep: 1
Solving MDP for timestep: 0
Resetting the scene for new episode
Step 0
policy value 37.87220001220703
State(column0: region_2, column1: region_1, column2: region_0)
pick_column0_front_270
Action: Action(ActionType.PICK, obj=/column0, slot=None,grasp=GraspType.FRONT_270)
[EXEC] Picking /column0 with front_270

[INFO] Found 6912 potential configurations.
[INFO] Motion completed successfully with result: success,in execution time: 4.16 seconds
[INFO] Found a reachable configuration for pick action after 1 attempts.
Tip distance after pick: 0.019827152381464094
[INFO] Pick action completed successfully.in execution time: 4.16 seconds
[EXEC] Action ActionType.PICK executed in 9.90 seconds
[SUCCESS] Action ActionType.PICK succeeded for object /column0
Action duration: 4.16
[LOG] Transition logged to MongoDB: 3b45543f-1da5-4b6b-a71d-6af8c33bab70 - Episode 0
Step 1
policy value 36.93210220336914
State(column0: held, column1: region_1, column2: region_0)
place_goal_0_front_270
Action: Action(ActionType.PLACE, obj=/column0, slot=/goal_0,grasp=GraspType.FRONT_270)
[EXEC] Placing at [-0.27499999999999986, 0.8250000000000005, 0.5] with grasp front_270

[INFO] Found 7488 potential configurations.
[INFO] Motion completed successfully with result: success,in execution time: 5.72 seconds
[INFO] Found a reachable configuration for place action after 1 attempts.
[INFO] Place action completed successfully.
realigning placed object /column0 to target position
[EXEC] Action ActionType.PLACE executed in 11.57 seconds
[SUCCESS] Action ActionType.PLACE succeeded for object /column0
Action duration: 5.7199999999999
[LOG] Transition logged to MongoDB: 3b45543f-1da5-4b6b-a71d-6af8c33bab70 - Episode 0
Step 2
policy value 37.2761116027832
State(column0: goal_0, column1: region_1, column2: region_0)
pick_column1_front_270
Action: Action(ActionType.PICK, obj=/column1, slot=None,grasp=GraspType.FRONT_270)
[EXEC] Picking /column1 with front_270

[INFO] Found 4416 potential configurations.
[ERROR] Motion failed (collision or invalid path)
[ERROR] Motion result: collision
[WARN] Failed to find a path to the selected pick config on attempt 1.
[WARN] No path found to picked config, discarding and trying next valid config...
[ERROR] Motion failed (collision or invalid path)
[ERROR] Motion result: collision
[WARN] Failed to find a path to the selected pick config on attempt 2.
[WARN] No path found to picked config, discarding and trying next valid config...
[ERROR] Motion failed (collision or invalid path)
[ERROR] Motion result: collision
[WARN] Failed to find a path to the selected pick config on attempt 3.
[WARN] No path found to picked config, discarding and trying next valid config...
[ERROR] Max IK attempts reached, pick action failed.
[EXEC] Action ActionType.PICK executed in 26.89 seconds
[ERROR] Action ActionType.PICK failed for object /column1
Action duration: 0.001
[LOG] Transition logged to MongoDB: 3b45543f-1da5-4b6b-a71d-6af8c33bab70 - Episode 0
Action failed, stopping. Time elapsed: 0.001
Step 3
policy value 35.94636917114258
State(column0: goal_0, column1: region_1, column2: region_0)
pick_column1_front_270
Action: Action(ActionType.PICK, obj=/column1, slot=None,grasp=GraspType.FRONT_270)
[EXEC] Picking /column1 with front_270

[INFO] Found 5120 potential configurations.
[ERROR] Motion failed (collision or invalid path)
[ERROR] Motion result: collision
[WARN] Failed to find a path to the selected pick config on attempt 1.
[WARN] No path found to picked config, discarding and trying next valid config...
[ERROR] Motion failed (collision or invalid path)
[ERROR] Motion result: collision
[WARN] Failed to find a path to the selected pick config on attempt 2.
[WARN] No path found to picked config, discarding and trying next valid config...
[ERROR] Motion failed (collision or invalid path)
[ERROR] Motion result: collision
[WARN] Failed to find a path to the selected pick config on attempt 3.
[WARN] No path found to picked config, discarding and trying next valid config...
[ERROR] Max IK attempts reached, pick action failed.
[EXEC] Action ActionType.PICK executed in 20.69 seconds
[ERROR] Action ActionType.PICK failed for object /column1
Action duration: 0.001
[LOG] Transition logged to MongoDB: 3b45543f-1da5-4b6b-a71d-6af8c33bab70 - Episode 0
Action failed, stopping. Time elapsed: 0.001
Step 4
policy value 34.61808395385742
State(column0: goal_0, column1: region_1, column2: region_0)
pick_column1_front_270
Action: Action(ActionType.PICK, obj=/column1, slot=None,grasp=GraspType.FRONT_270)
[EXEC] Picking /column1 with front_270

[INFO] Found 4224 potential configurations.
[ERROR] Motion failed (collision or invalid path)
[ERROR] Motion result: collision
[WARN] Failed to find a path to the selected pick config on attempt 1.
[WARN] No path found to picked config, discarding and trying next valid config...
[ERROR] Motion failed (collision or invalid path)
[ERROR] Motion result: collision
[WARN] Failed to find a path to the selected pick config on attempt 2.
[WARN] No path found to picked config, discarding and trying next valid config...
[INFO] Motion completed successfully with result: success,in execution time: 9.28 seconds
[INFO] Found a reachable configuration for pick action after 3 attempts.
Tip distance after pick: 0.018581730633003377
[INFO] Pick action completed successfully.in execution time: 9.28 seconds
[EXEC] Action ActionType.PICK executed in 28.42 seconds
[SUCCESS] Action ActionType.PICK succeeded for object /column1
Action duration: 9.2799999999998
[LOG] Transition logged to MongoDB: 3b45543f-1da5-4b6b-a71d-6af8c33bab70 - Episode 0
Step 5
policy value 30.971771240234375
State(column0: goal_0, column1: held, column2: region_0)
place_goal_1_top_0
Action: Action(ActionType.PLACE, obj=/column1, slot=/goal_1,grasp=GraspType.TOP_0)
[EXEC] Placing at [-0.2749999999999999, 1.0750000000000006, 0.5] with grasp top_0

[INFO] Found 3776 potential configurations.
[ERROR] Motion failed (collision or invalid path)
[ERROR] Motion result: collision
[WARN] Failed to find a path to the selected place config on attempt 1.
[WARN] No path found to selected place config, discarding and trying next valid config...
[ERROR] Motion failed (collision or invalid path)
[ERROR] Motion result: collision
[WARN] Failed to find a path to the selected place config on attempt 2.
[WARN] No path found to selected place config, discarding and trying next valid config...
[ERROR] Motion failed (collision or invalid path)
[ERROR] Motion result: collision
[WARN] Failed to find a path to the selected place config on attempt 3.
[WARN] No path found to selected place config, discarding and trying next valid config...
[ERROR] Max IK attempts reached, place action failed.
[EXEC] Action ActionType.PLACE executed in 35.97 seconds
[ERROR] Action ActionType.PLACE failed for object /column1
Action duration: 0.001
[LOG] Transition logged to MongoDB: 3b45543f-1da5-4b6b-a71d-6af8c33bab70 - Episode 0
Action failed, stopping. Time elapsed: 0.001
Step 6
policy value 29.605310440063477
State(column0: goal_0, column1: held, column2: region_0)
place_goal_1_top_0
Action: Action(ActionType.PLACE, obj=/column1, slot=/goal_1,grasp=GraspType.TOP_0)
[EXEC] Placing at [-0.2749999999999999, 1.0750000000000006, 0.5] with grasp top_0

[INFO] Found 3264 potential configurations.
[ERROR] Motion failed (collision or invalid path)
[ERROR] Motion result: collision
[WARN] Failed to find a path to the selected place config on attempt 1.
[WARN] No path found to selected place config, discarding and trying next valid config...
[ERROR] Motion failed (collision or invalid path)
[ERROR] Motion result: collision
[WARN] Failed to find a path to the selected place config on attempt 2.
[WARN] No path found to selected place config, discarding and trying next valid config...
[ERROR] Motion failed (collision or invalid path)
[ERROR] Motion result: collision
[WARN] Failed to find a path to the selected place config on attempt 3.
[WARN] No path found to selected place config, discarding and trying next valid config...
[ERROR] Max IK attempts reached, place action failed.
[EXEC] Action ActionType.PLACE executed in 59.07 seconds
[ERROR] Action ActionType.PLACE failed for object /column1
Action duration: 0.001
[LOG] Transition logged to MongoDB: 3b45543f-1da5-4b6b-a71d-6af8c33bab70 - Episode 0
Action failed, stopping. Time elapsed: 0.001
Step 7
policy value 28.24283790588379
State(column0: goal_0, column1: held, column2: region_0)
place_goal_1_top_0
Action: Action(ActionType.PLACE, obj=/column1, slot=/goal_1,grasp=GraspType.TOP_0)
[EXEC] Placing at [-0.2749999999999999, 1.0750000000000006, 0.5] with grasp top_0

[INFO] Found 2560 potential configurations.
[ERROR] Motion failed (collision or invalid path)
[ERROR] Motion result: collision
[WARN] Failed to find a path to the selected place config on attempt 1.
[WARN] No path found to selected place config, discarding and trying next valid config...
[ERROR] Motion failed (collision or invalid path)
[ERROR] Motion result: collision
[WARN] Failed to find a path to the selected place config on attempt 2.
[WARN] No path found to selected place config, discarding and trying next valid config...
[ERROR] Motion failed (collision or invalid path)
[ERROR] Motion result: collision
[WARN] Failed to find a path to the selected place config on attempt 3.
[WARN] No path found to selected place config, discarding and trying next valid config...
[ERROR] Max IK attempts reached, place action failed.
[EXEC] Action ActionType.PLACE executed in 34.34 seconds
[ERROR] Action ActionType.PLACE failed for object /column1
Action duration: 0.001
[LOG] Transition logged to MongoDB: 3b45543f-1da5-4b6b-a71d-6af8c33bab70 - Episode 0
Action failed, stopping. Time elapsed: 0.001
Step 8
policy value 26.884855270385742
State(column0: goal_0, column1: held, column2: region_0)
place_goal_1_top_0
Action: Action(ActionType.PLACE, obj=/column1, slot=/goal_1,grasp=GraspType.TOP_0)
[EXEC] Placing at [-0.2749999999999999, 1.0750000000000006, 0.5] with grasp top_0

[INFO] Found 3904 potential configurations.
[INFO] Motion completed successfully with result: success,in execution time: 12.60 seconds
[INFO] Found a reachable configuration for place action after 1 attempts.
[INFO] Place action completed successfully.
realigning placed object /column1 to target position
[EXEC] Action ActionType.PLACE executed in 19.06 seconds
[SUCCESS] Action ActionType.PLACE succeeded for object /column1
Action duration: 12.6
[LOG] Transition logged to MongoDB: 3b45543f-1da5-4b6b-a71d-6af8c33bab70 - Episode 0
Step 9
policy value 32.67597198486328
State(column0: goal_0, column1: goal_1, column2: region_0)
pick_column2_left_0
Action: Action(ActionType.PICK, obj=/column2, slot=None,grasp=GraspType.LEFT_0)
[EXEC] Picking /column2 with left_0

[INFO] Found 5568 potential configurations.
[ERROR] Motion failed (collision or invalid path)
[ERROR] Motion result: collision
[WARN] Failed to find a path to the selected pick config on attempt 1.
[WARN] No path found to picked config, discarding and trying next valid config...
[INFO] Motion completed successfully with result: success,in execution time: 2.88 seconds
[INFO] Found a reachable configuration for pick action after 2 attempts.
Tip distance after pick: 0.021646104722552857
[INFO] Pick action completed successfully.in execution time: 2.88 seconds
[EXEC] Action ActionType.PICK executed in 13.54 seconds
[SUCCESS] Action ActionType.PICK succeeded for object /column2
Action duration: 2.8800000000005
[LOG] Transition logged to MongoDB: 3b45543f-1da5-4b6b-a71d-6af8c33bab70 - Episode 0
Step 10
policy value 32.58131790161133
State(column0: goal_0, column1: goal_1, column2: held)
place_goal_2_right_0
Action: Action(ActionType.PLACE, obj=/column2, slot=/goal_2,grasp=GraspType.RIGHT_0)
[EXEC] Placing at [-0.6000000000000001, 0.8250000000000003, 0.5] with grasp right_0

[INFO] Found 4928 potential configurations.
[ERROR] Motion failed (collision or invalid path)
[ERROR] Motion result: collision
[WARN] Failed to find a path to the selected place config on attempt 1.
[WARN] No path found to selected place config, discarding and trying next valid config...
[ERROR] Motion failed (collision or invalid path)
[ERROR] Motion result: collision
[WARN] Failed to find a path to the selected place config on attempt 2.
[WARN] No path found to selected place config, discarding and trying next valid config...
[ERROR] Motion failed (collision or invalid path)
[ERROR] Motion result: collision
[WARN] Failed to find a path to the selected place config on attempt 3.
[WARN] No path found to selected place config, discarding and trying next valid config...
[ERROR] Max IK attempts reached, place action failed.
[EXEC] Action ActionType.PLACE executed in 22.24 seconds
[ERROR] Action ActionType.PLACE failed for object /column2
Action duration: 0.001
[LOG] Transition logged to MongoDB: 3b45543f-1da5-4b6b-a71d-6af8c33bab70 - Episode 0
Action failed, stopping. Time elapsed: 0.001
Step 11
policy value 31.123510360717773
State(column0: goal_0, column1: goal_1, column2: held)
place_goal_2_right_0
Action: Action(ActionType.PLACE, obj=/column2, slot=/goal_2,grasp=GraspType.RIGHT_0)
[EXEC] Placing at [-0.6000000000000001, 0.8250000000000003, 0.5] with grasp right_0

[INFO] Found 4800 potential configurations.
[ERROR] Motion failed (collision or invalid path)
[ERROR] Motion result: collision
[WARN] Failed to find a path to the selected place config on attempt 1.
[WARN] No path found to selected place config, discarding and trying next valid config...
[ERROR] Motion failed (collision or invalid path)
[ERROR] Motion result: collision
[WARN] Failed to find a path to the selected place config on attempt 2.
[WARN] No path found to selected place config, discarding and trying next valid config...
[ERROR] Motion failed (collision or invalid path)
[ERROR] Motion result: collision
[WARN] Failed to find a path to the selected place config on attempt 3.
[WARN] No path found to selected place config, discarding and trying next valid config...
[ERROR] Max IK attempts reached, place action failed.
[EXEC] Action ActionType.PLACE executed in 25.28 seconds
[ERROR] Action ActionType.PLACE failed for object /column2
Action duration: 0.001
[LOG] Transition logged to MongoDB: 3b45543f-1da5-4b6b-a71d-6af8c33bab70 - Episode 0
Action failed, stopping. Time elapsed: 0.001
Step 12
policy value 29.6585750579834
State(column0: goal_0, column1: goal_1, column2: held)
place_goal_2_right_0
Action: Action(ActionType.PLACE, obj=/column2, slot=/goal_2,grasp=GraspType.RIGHT_0)
[EXEC] Placing at [-0.6000000000000001, 0.8250000000000003, 0.5] with grasp right_0

[INFO] Found 4992 potential configurations.
[INFO] Motion completed successfully with result: success,in execution time: 7.96 seconds
[INFO] Found a reachable configuration for place action after 1 attempts.
[INFO] Place action completed successfully.
realigning placed object /column2 to target position
[EXEC] Action ActionType.PLACE executed in 23.96 seconds
[SUCCESS] Action ActionType.PLACE succeeded for object /column2
Action duration: 7.9600000000012
[LOG] Transition logged to MongoDB: 3b45543f-1da5-4b6b-a71d-6af8c33bab70 - Episode 0
[LOG] Saving episode 0 to episode_00000_3b45543f-1da5-4b6b-a71d-6af8c33bab70.yaml
[LOG] Episode saved: rl/dataset/episode_00000_3b45543f-1da5-4b6b-a71d-6af8c33bab70.yaml
[LOG] Episode reset
Step 13
policy value 19.202709197998047
State(column0: goal_0, column1: goal_1, column2: goal_2)
pick_column0_front_270
Action: Action(ActionType.PICK, obj=/column0, slot=None,grasp=GraspType.FRONT_270)
[EXEC] Picking /column0 with front_270

[INFO] Found 8256 potential configurations.
[INFO] Motion completed successfully with result: success,in execution time: 3.28 seconds
[INFO] Found a reachable configuration for pick action after 1 attempts.
Tip distance after pick: 0.021713139117389695
[INFO] Pick action completed successfully.in execution time: 3.28 seconds
[EXEC] Action ActionType.PICK executed in 12.15 seconds
[SUCCESS] Action ActionType.PICK succeeded for object /column0
Action duration: 3.2800000000005
[LOG] Transition logged to MongoDB: 3b45543f-1da5-4b6b-a71d-6af8c33bab70 - Episode 1
[LOG] Saving episode 1 to episode_00001_3b45543f-1da5-4b6b-a71d-6af8c33bab70.yaml
[LOG] Episode saved: rl/dataset/episode_00001_3b45543f-1da5-4b6b-a71d-6af8c33bab70.yaml
[LOG] Episode reset
Step 14
policy value 18.68592643737793
State(column0: held, column1: goal_1, column2: goal_2)
place_goal_0_front_270
Action: Action(ActionType.PLACE, obj=/column0, slot=/goal_0,grasp=GraspType.FRONT_270)
[EXEC] Placing at [-0.27499999999999986, 0.8250000000000005, 0.5] with grasp front_270

[INFO] Found 6784 potential configurations.
[INFO] Motion completed successfully with result: success,in execution time: 0.52 seconds
[INFO] Found a reachable configuration for place action after 1 attempts.
[INFO] Place action completed successfully.
realigning placed object /column0 to target position
[EXEC] Action ActionType.PLACE executed in 11.75 seconds
[SUCCESS] Action ActionType.PLACE succeeded for object /column0
Action duration: 0.52000000000008
[LOG] Transition logged to MongoDB: 3b45543f-1da5-4b6b-a71d-6af8c33bab70 - Episode 2
[LOG] Saving episode 2 to episode_00002_3b45543f-1da5-4b6b-a71d-6af8c33bab70.yaml
[LOG] Episode saved: rl/dataset/episode_00002_3b45543f-1da5-4b6b-a71d-6af8c33bab70.yaml
[LOG] Episode reset
Step 15
policy value 16.58283233642578
State(column0: goal_0, column1: goal_1, column2: goal_2)
pick_column0_front_270
Action: Action(ActionType.PICK, obj=/column0, slot=None,grasp=GraspType.FRONT_270)
[EXEC] Picking /column0 with front_270

[INFO] Found 8576 potential configurations.
[INFO] Motion completed successfully with result: success,in execution time: 2.16 seconds
[INFO] Found a reachable configuration for pick action after 1 attempts.
Tip distance after pick: 0.021438529146841273
[INFO] Pick action completed successfully.in execution time: 2.16 seconds
[EXEC] Action ActionType.PICK executed in 18.97 seconds
[SUCCESS] Action ActionType.PICK succeeded for object /column0
Action duration: 2.1600000000003
[LOG] Transition logged to MongoDB: 3b45543f-1da5-4b6b-a71d-6af8c33bab70 - Episode 3
[LOG] Saving episode 3 to episode_00003_3b45543f-1da5-4b6b-a71d-6af8c33bab70.yaml
[LOG] Episode saved: rl/dataset/episode_00003_3b45543f-1da5-4b6b-a71d-6af8c33bab70.yaml
[LOG] Episode reset
Step 16
policy value 16.087743759155273
State(column0: held, column1: goal_1, column2: goal_2)
place_goal_0_front_270
Action: Action(ActionType.PLACE, obj=/column0, slot=/goal_0,grasp=GraspType.FRONT_270)
[EXEC] Placing at [-0.27499999999999986, 0.8250000000000005, 0.5] with grasp front_270

[INFO] Found 8896 potential configurations.
[INFO] Motion completed successfully with result: success,in execution time: 0.56 seconds
[INFO] Found a reachable configuration for place action after 1 attempts.
[INFO] Place action completed successfully.
realigning placed object /column0 to target position
[EXEC] Action ActionType.PLACE executed in 11.62 seconds
[SUCCESS] Action ActionType.PLACE succeeded for object /column0
Action duration: 0.55999999999989
[LOG] Transition logged to MongoDB: 3b45543f-1da5-4b6b-a71d-6af8c33bab70 - Episode 4
[LOG] Saving episode 4 to episode_00004_3b45543f-1da5-4b6b-a71d-6af8c33bab70.yaml
[LOG] Episode saved: rl/dataset/episode_00004_3b45543f-1da5-4b6b-a71d-6af8c33bab70.yaml
[LOG] Episode reset
Step 17
policy value 14.009172439575195
State(column0: goal_0, column1: goal_1, column2: goal_2)
pick_column0_front_270
Action: Action(ActionType.PICK, obj=/column0, slot=None,grasp=GraspType.FRONT_270)
[EXEC] Picking /column0 with front_270

[INFO] Found 7872 potential configurations.
[INFO] Motion completed successfully with result: success,in execution time: 2.16 seconds
[INFO] Found a reachable configuration for pick action after 1 attempts.
Tip distance after pick: 0.021999408948545993
[INFO] Pick action completed successfully.in execution time: 2.16 seconds
[EXEC] Action ActionType.PICK executed in 10.52 seconds
[SUCCESS] Action ActionType.PICK succeeded for object /column0
Action duration: 2.1599999999996
[LOG] Transition logged to MongoDB: 3b45543f-1da5-4b6b-a71d-6af8c33bab70 - Episode 5
[LOG] Saving episode 5 to episode_00005_3b45543f-1da5-4b6b-a71d-6af8c33bab70.yaml
[LOG] Episode saved: rl/dataset/episode_00005_3b45543f-1da5-4b6b-a71d-6af8c33bab70.yaml
[LOG] Episode reset
Step 18
policy value 13.541906356811523
State(column0: held, column1: goal_1, column2: goal_2)
place_goal_0_front_270
Action: Action(ActionType.PLACE, obj=/column0, slot=/goal_0,grasp=GraspType.FRONT_270)
[EXEC] Placing at [-0.27499999999999986, 0.8250000000000005, 0.5] with grasp front_270

[INFO] Found 7680 potential configurations.
[INFO] Motion completed successfully with result: success,in execution time: 0.56 seconds
[INFO] Found a reachable configuration for place action after 1 attempts.
[INFO] Place action completed successfully.
realigning placed object /column0 to target position
[EXEC] Action ActionType.PLACE executed in 11.17 seconds
[SUCCESS] Action ActionType.PLACE succeeded for object /column0
Action duration: 0.55999999999989
[LOG] Transition logged to MongoDB: 3b45543f-1da5-4b6b-a71d-6af8c33bab70 - Episode 6
[LOG] Saving episode 6 to episode_00006_3b45543f-1da5-4b6b-a71d-6af8c33bab70.yaml
[LOG] Episode saved: rl/dataset/episode_00006_3b45543f-1da5-4b6b-a71d-6af8c33bab70.yaml
[LOG] Episode reset
Step 19
policy value 11.4939546585083
State(column0: goal_0, column1: goal_1, column2: goal_2)
pick_column0_front_270
Action: Action(ActionType.PICK, obj=/column0, slot=None,grasp=GraspType.FRONT_270)
[EXEC] Picking /column0 with front_270

[INFO] Found 9536 potential configurations.
[INFO] Motion completed successfully with result: success,in execution time: 2.16 seconds
[INFO] Found a reachable configuration for pick action after 1 attempts.
Tip distance after pick: 0.022037295200292604
[INFO] Pick action completed successfully.in execution time: 2.16 seconds
[EXEC] Action ActionType.PICK executed in 16.70 seconds
[SUCCESS] Action ActionType.PICK succeeded for object /column0
Action duration: 2.1599999999996
[LOG] Transition logged to MongoDB: 3b45543f-1da5-4b6b-a71d-6af8c33bab70 - Episode 7
[LOG] Saving episode 7 to episode_00007_3b45543f-1da5-4b6b-a71d-6af8c33bab70.yaml
[LOG] Episode saved: rl/dataset/episode_00007_3b45543f-1da5-4b6b-a71d-6af8c33bab70.yaml
[LOG] Episode reset
Step 20
policy value 11.06018352508545
State(column0: held, column1: goal_1, column2: goal_2)
place_goal_0_front_270
Action: Action(ActionType.PLACE, obj=/column0, slot=/goal_0,grasp=GraspType.FRONT_270)
[EXEC] Placing at [-0.27499999999999986, 0.8250000000000005, 0.5] with grasp front_270

[INFO] Found 7360 potential configurations.
[INFO] Motion completed successfully with result: success,in execution time: 0.48 seconds
[INFO] Found a reachable configuration for place action after 1 attempts.
[INFO] Place action completed successfully.
realigning placed object /column0 to target position
[EXEC] Action ActionType.PLACE executed in 8.69 seconds
[SUCCESS] Action ActionType.PLACE succeeded for object /column0
Action duration: 0.4799999999999
[LOG] Transition logged to MongoDB: 3b45543f-1da5-4b6b-a71d-6af8c33bab70 - Episode 8
[LOG] Saving episode 8 to episode_00008_3b45543f-1da5-4b6b-a71d-6af8c33bab70.yaml
[LOG] Episode saved: rl/dataset/episode_00008_3b45543f-1da5-4b6b-a71d-6af8c33bab70.yaml
[LOG] Episode reset
Step 21
policy value 9.048772811889648
State(column0: goal_0, column1: goal_1, column2: goal_2)
pick_column0_front_270
Action: Action(ActionType.PICK, obj=/column0, slot=None,grasp=GraspType.FRONT_270)
[EXEC] Picking /column0 with front_270

[INFO] Found 9152 potential configurations.
[INFO] Motion completed successfully with result: success,in execution time: 2.16 seconds
[INFO] Found a reachable configuration for pick action after 1 attempts.
Tip distance after pick: 0.022004944370198294
[INFO] Pick action completed successfully.in execution time: 2.16 seconds
[EXEC] Action ActionType.PICK executed in 11.64 seconds
[SUCCESS] Action ActionType.PICK succeeded for object /column0
Action duration: 2.1599999999996
[LOG] Transition logged to MongoDB: 3b45543f-1da5-4b6b-a71d-6af8c33bab70 - Episode 9
[LOG] Saving episode 9 to episode_00009_3b45543f-1da5-4b6b-a71d-6af8c33bab70.yaml
[LOG] Episode saved: rl/dataset/episode_00009_3b45543f-1da5-4b6b-a71d-6af8c33bab70.yaml
[LOG] Episode reset
Step 22
policy value 8.653900146484375
State(column0: held, column1: goal_1, column2: goal_2)
place_goal_0_front_270
Action: Action(ActionType.PLACE, obj=/column0, slot=/goal_0,grasp=GraspType.FRONT_270)
[EXEC] Placing at [-0.27499999999999986, 0.8250000000000005, 0.5] with grasp front_270

[INFO] Found 6464 potential configurations.
[INFO] Motion completed successfully with result: success,in execution time: 0.48 seconds
[INFO] Found a reachable configuration for place action after 1 attempts.
[INFO] Place action completed successfully.
realigning placed object /column0 to target position
[EXEC] Action ActionType.PLACE executed in 21.79 seconds
[SUCCESS] Action ActionType.PLACE succeeded for object /column0
Action duration: 0.4799999999999
[LOG] Transition logged to MongoDB: 3b45543f-1da5-4b6b-a71d-6af8c33bab70 - Episode 10
[LOG] Saving episode 10 to episode_00010_3b45543f-1da5-4b6b-a71d-6af8c33bab70.yaml
[LOG] Episode saved: rl/dataset/episode_00010_3b45543f-1da5-4b6b-a71d-6af8c33bab70.yaml
[LOG] Episode reset
Step 23
policy value 6.683271408081055
State(column0: goal_0, column1: goal_1, column2: goal_2)
pick_column0_front_270
Action: Action(ActionType.PICK, obj=/column0, slot=None,grasp=GraspType.FRONT_270)
[EXEC] Picking /column0 with front_270

[INFO] Found 8320 potential configurations.
[INFO] Motion completed successfully with result: success,in execution time: 2.12 seconds
[INFO] Found a reachable configuration for pick action after 1 attempts.
Tip distance after pick: 0.02252275537526548
[INFO] Pick action completed successfully.in execution time: 2.12 seconds
[EXEC] Action ActionType.PICK executed in 10.79 seconds
[SUCCESS] Action ActionType.PICK succeeded for object /column0
Action duration: 2.1199999999996
[LOG] Transition logged to MongoDB: 3b45543f-1da5-4b6b-a71d-6af8c33bab70 - Episode 11
[LOG] Saving episode 11 to episode_00011_3b45543f-1da5-4b6b-a71d-6af8c33bab70.yaml
[LOG] Episode saved: rl/dataset/episode_00011_3b45543f-1da5-4b6b-a71d-6af8c33bab70.yaml
[LOG] Episode reset
Step 24
policy value 6.327670097351074
State(column0: held, column1: goal_1, column2: goal_2)
place_goal_0_front_270
Action: Action(ActionType.PLACE, obj=/column0, slot=/goal_0,grasp=GraspType.FRONT_270)
[EXEC] Placing at [-0.27499999999999986, 0.8250000000000005, 0.5] with grasp front_270

[INFO] Found 6592 potential configurations.
[INFO] Motion completed successfully with result: success,in execution time: 0.56 seconds
[INFO] Found a reachable configuration for place action after 1 attempts.
[INFO] Place action completed successfully.
realigning placed object /column0 to target position
[EXEC] Action ActionType.PLACE executed in 8.40 seconds
[SUCCESS] Action ActionType.PLACE succeeded for object /column0
Action duration: 0.55999999999989
[LOG] Transition logged to MongoDB: 3b45543f-1da5-4b6b-a71d-6af8c33bab70 - Episode 12
[LOG] Saving episode 12 to episode_00012_3b45543f-1da5-4b6b-a71d-6af8c33bab70.yaml
[LOG] Episode saved: rl/dataset/episode_00012_3b45543f-1da5-4b6b-a71d-6af8c33bab70.yaml
[LOG] Episode reset
Step 25
policy value 4.390876293182373
State(column0: goal_0, column1: goal_1, column2: goal_2)
pick_column0_front_270
Action: Action(ActionType.PICK, obj=/column0, slot=None,grasp=GraspType.FRONT_270)
[EXEC] Picking /column0 with front_270

[INFO] Found 8832 potential configurations.
[INFO] Motion completed successfully with result: success,in execution time: 2.16 seconds
[INFO] Found a reachable configuration for pick action after 1 attempts.
Tip distance after pick: 0.021987577326491533
[INFO] Pick action completed successfully.in execution time: 2.16 seconds
[EXEC] Action ActionType.PICK executed in 10.72 seconds
[SUCCESS] Action ActionType.PICK succeeded for object /column0
Action duration: 2.1599999999996
[LOG] Transition logged to MongoDB: 3b45543f-1da5-4b6b-a71d-6af8c33bab70 - Episode 13
[LOG] Saving episode 13 to episode_00013_3b45543f-1da5-4b6b-a71d-6af8c33bab70.yaml
[LOG] Episode saved: rl/dataset/episode_00013_3b45543f-1da5-4b6b-a71d-6af8c33bab70.yaml
[LOG] Episode reset
Step 26
policy value 4.064070224761963
State(column0: held, column1: goal_1, column2: goal_2)
place_goal_0_front_270
Action: Action(ActionType.PLACE, obj=/column0, slot=/goal_0,grasp=GraspType.FRONT_270)
[EXEC] Placing at [-0.27499999999999986, 0.8250000000000005, 0.5] with grasp front_270

[INFO] Found 7744 potential configurations.
[INFO] Motion completed successfully with result: success,in execution time: 0.52 seconds
[INFO] Found a reachable configuration for place action after 1 attempts.
[INFO] Place action completed successfully.
realigning placed object /column0 to target position
[EXEC] Action ActionType.PLACE executed in 13.02 seconds
[SUCCESS] Action ActionType.PLACE succeeded for object /column0
Action duration: 0.5199999999999
[LOG] Transition logged to MongoDB: 3b45543f-1da5-4b6b-a71d-6af8c33bab70 - Episode 14
[LOG] Saving episode 14 to episode_00014_3b45543f-1da5-4b6b-a71d-6af8c33bab70.yaml
[LOG] Episode saved: rl/dataset/episode_00014_3b45543f-1da5-4b6b-a71d-6af8c33bab70.yaml
[LOG] Episode reset
Step 27
policy value 2.5170581340789795
State(column0: goal_0, column1: goal_1, column2: goal_2)
pick_column1_left_0
Action: Action(ActionType.PICK, obj=/column1, slot=None,grasp=GraspType.LEFT_0)
[EXEC] Picking /column1 with left_0
[ERROR] No IK configurations found for desired pick pose.
[EXEC] Action ActionType.PICK executed in 1.02 seconds
[ERROR] Action ActionType.PICK failed for object /column1
Action duration: 0.001
[LOG] Transition logged to MongoDB: 3b45543f-1da5-4b6b-a71d-6af8c33bab70 - Episode 15
[LOG] Saving episode 15 to episode_00015_3b45543f-1da5-4b6b-a71d-6af8c33bab70.yaml
[LOG] Episode saved: rl/dataset/episode_00015_3b45543f-1da5-4b6b-a71d-6af8c33bab70.yaml
[LOG] Episode reset
Action failed, stopping. Time elapsed: 0.001
Step 28
policy value 1.652896761894226
State(column0: goal_0, column1: goal_1, column2: goal_2)
pick_column1_left_0
Action: Action(ActionType.PICK, obj=/column1, slot=None,grasp=GraspType.LEFT_0)
[EXEC] Picking /column1 with left_0
[ERROR] No IK configurations found for desired pick pose.
[EXEC] Action ActionType.PICK executed in 1.01 seconds
[ERROR] Action ActionType.PICK failed for object /column1
Action duration: 0.001
[LOG] Transition logged to MongoDB: 3b45543f-1da5-4b6b-a71d-6af8c33bab70 - Episode 16
[LOG] Saving episode 16 to episode_00016_3b45543f-1da5-4b6b-a71d-6af8c33bab70.yaml
[LOG] Episode saved: rl/dataset/episode_00016_3b45543f-1da5-4b6b-a71d-6af8c33bab70.yaml
[LOG] Episode reset
Action failed, stopping. Time elapsed: 0.001
Step 29
policy value 0.8163878321647644
State(column0: goal_0, column1: goal_1, column2: goal_2)
pick_column1_left_0
Action: Action(ActionType.PICK, obj=/column1, slot=None,grasp=GraspType.LEFT_0)
[EXEC] Picking /column1 with left_0
[ERROR] No IK configurations found for desired pick pose.
[EXEC] Action ActionType.PICK executed in 1.01 seconds
[ERROR] Action ActionType.PICK failed for object /column1
Action duration: 0.001
[LOG] Transition logged to MongoDB: 3b45543f-1da5-4b6b-a71d-6af8c33bab70 - Episode 17
[LOG] Saving episode 17 to episode_00017_3b45543f-1da5-4b6b-a71d-6af8c33bab70.yaml
[LOG] Episode saved: rl/dataset/episode_00017_3b45543f-1da5-4b6b-a71d-6af8c33bab70.yaml
[LOG] Episode reset
Action failed, stopping. Time elapsed: 0.001
Step 30
policy value None
No more valid actions in policy
Episode 3 ended
Revising policy
USING STORM: False
Reading data from MongoDB...
Total option moiton param combinations 36
Collected combinations 36
Building state to idx mapping...
Building option ensembles...
pick_column0_top_0: Identifying enabled states...
pick_column0_top_0: Splitting up datasets...
pick_column0_top_0: Learning DBNS...
pick_column0_top_0: Building transition dicts for each DBN
pick_column0_top_0: Starting process for DBN 0
pick_column0_top_0: Starting process for DBN 1
pick_column0_top_0: Starting process for DBN 2
pick_column0_top_0: Starting process for DBN 3
pick_column0_top_0: Received dict for DBN 0
pick_column0_top_0: Received dict for DBN 1
pick_column0_top_0: Received dict for DBN 2
pick_column0_top_0: Received dict for DBN 3
pick_column0_top_0: Sampling transitions and computing reward
pick_column0_top_0: Building transition/reward matrices
pick_column0_left_0: Identifying enabled states...
pick_column0_left_0: Splitting up datasets...
pick_column0_left_0: Learning DBNS...
pick_column0_left_0: Building transition dicts for each DBN
pick_column0_left_0: Starting process for DBN 0
pick_column0_left_0: Starting process for DBN 1
pick_column0_left_0: Starting process for DBN 2
pick_column0_left_0: Starting process for DBN 3
pick_column0_left_0: Received dict for DBN 0
pick_column0_left_0: Received dict for DBN 1
pick_column0_left_0: Received dict for DBN 2
pick_column0_left_0: Received dict for DBN 3
pick_column0_left_0: Sampling transitions and computing reward
pick_column0_left_0: Building transition/reward matrices
pick_column0_right_0: Identifying enabled states...
pick_column0_right_0: Splitting up datasets...
pick_column0_right_0: Learning DBNS...
pick_column0_right_0: Building transition dicts for each DBN
pick_column0_right_0: Starting process for DBN 0
pick_column0_right_0: Starting process for DBN 1
pick_column0_right_0: Starting process for DBN 2
pick_column0_right_0: Starting process for DBN 3
pick_column0_right_0: Received dict for DBN 0
pick_column0_right_0: Received dict for DBN 1
pick_column0_right_0: Received dict for DBN 2
pick_column0_right_0: Received dict for DBN 3
pick_column0_right_0: Sampling transitions and computing reward
pick_column0_right_0: Building transition/reward matrices
pick_column0_front_270: Identifying enabled states...
pick_column0_front_270: Splitting up datasets...
pick_column0_front_270: Learning DBNS...
pick_column0_front_270: Building transition dicts for each DBN
pick_column0_front_270: Starting process for DBN 0
pick_column0_front_270: Starting process for DBN 1
pick_column0_front_270: Starting process for DBN 2
pick_column0_front_270: Starting process for DBN 3
pick_column0_front_270: Received dict for DBN 0
pick_column0_front_270: Received dict for DBN 1
pick_column0_front_270: Received dict for DBN 2
pick_column0_front_270: Received dict for DBN 3
pick_column0_front_270: Sampling transitions and computing reward
pick_column0_front_270: Building transition/reward matrices
pick_column1_top_0: Identifying enabled states...
pick_column1_top_0: Splitting up datasets...
pick_column1_top_0: Learning DBNS...
pick_column1_top_0: Building transition dicts for each DBN
pick_column1_top_0: Starting process for DBN 0
pick_column1_top_0: Starting process for DBN 1
pick_column1_top_0: Starting process for DBN 2
pick_column1_top_0: Starting process for DBN 3
pick_column1_top_0: Received dict for DBN 0
pick_column1_top_0: Received dict for DBN 1
pick_column1_top_0: Received dict for DBN 2
pick_column1_top_0: Received dict for DBN 3
pick_column1_top_0: Sampling transitions and computing reward
pick_column1_top_0: Building transition/reward matrices
pick_column1_left_0: Identifying enabled states...
pick_column1_left_0: Splitting up datasets...
pick_column1_left_0: Learning DBNS...
pick_column1_left_0: Building transition dicts for each DBN
pick_column1_left_0: Starting process for DBN 0
pick_column1_left_0: Starting process for DBN 1
pick_column1_left_0: Starting process for DBN 2
pick_column1_left_0: Starting process for DBN 3
pick_column1_left_0: Received dict for DBN 0
pick_column1_left_0: Received dict for DBN 1
pick_column1_left_0: Received dict for DBN 2
pick_column1_left_0: Received dict for DBN 3
pick_column1_left_0: Sampling transitions and computing reward
pick_column1_left_0: Building transition/reward matrices
pick_column1_right_0: Identifying enabled states...
pick_column1_right_0: Splitting up datasets...
pick_column1_right_0: Learning DBNS...
pick_column1_right_0: Building transition dicts for each DBN
pick_column1_right_0: Starting process for DBN 0
pick_column1_right_0: Starting process for DBN 1
pick_column1_right_0: Starting process for DBN 2
pick_column1_right_0: Starting process for DBN 3
pick_column1_right_0: Received dict for DBN 0
pick_column1_right_0: Received dict for DBN 1
pick_column1_right_0: Received dict for DBN 2
pick_column1_right_0: Received dict for DBN 3
pick_column1_right_0: Sampling transitions and computing reward
pick_column1_right_0: Building transition/reward matrices
pick_column1_front_270: Identifying enabled states...
pick_column1_front_270: Splitting up datasets...
pick_column1_front_270: Learning DBNS...
pick_column1_front_270: Building transition dicts for each DBN
pick_column1_front_270: Starting process for DBN 0
pick_column1_front_270: Starting process for DBN 1
pick_column1_front_270: Starting process for DBN 2
pick_column1_front_270: Starting process for DBN 3
pick_column1_front_270: Received dict for DBN 0
pick_column1_front_270: Received dict for DBN 1
pick_column1_front_270: Received dict for DBN 2
pick_column1_front_270: Received dict for DBN 3
pick_column1_front_270: Sampling transitions and computing reward
pick_column1_front_270: Building transition/reward matrices
pick_column2_top_0: Identifying enabled states...
pick_column2_top_0: Splitting up datasets...
pick_column2_top_0: Learning DBNS...
pick_column2_top_0: Building transition dicts for each DBN
pick_column2_top_0: Starting process for DBN 0
pick_column2_top_0: Starting process for DBN 1
pick_column2_top_0: Starting process for DBN 2
pick_column2_top_0: Starting process for DBN 3
pick_column2_top_0: Received dict for DBN 0
pick_column2_top_0: Received dict for DBN 1
pick_column2_top_0: Received dict for DBN 2
pick_column2_top_0: Received dict for DBN 3
pick_column2_top_0: Sampling transitions and computing reward
pick_column2_top_0: Building transition/reward matrices
pick_column2_left_0: Identifying enabled states...
pick_column2_left_0: Splitting up datasets...
pick_column2_left_0: Learning DBNS...
pick_column2_left_0: Building transition dicts for each DBN
pick_column2_left_0: Starting process for DBN 0
pick_column2_left_0: Starting process for DBN 1
pick_column2_left_0: Starting process for DBN 2
pick_column2_left_0: Starting process for DBN 3
pick_column2_left_0: Received dict for DBN 0
pick_column2_left_0: Received dict for DBN 1
pick_column2_left_0: Received dict for DBN 2
pick_column2_left_0: Received dict for DBN 3
pick_column2_left_0: Sampling transitions and computing reward
pick_column2_left_0: Building transition/reward matrices
pick_column2_right_0: Identifying enabled states...
pick_column2_right_0: Splitting up datasets...
pick_column2_right_0: Learning DBNS...
pick_column2_right_0: Building transition dicts for each DBN
pick_column2_right_0: Starting process for DBN 0
pick_column2_right_0: Starting process for DBN 1
pick_column2_right_0: Starting process for DBN 2
pick_column2_right_0: Starting process for DBN 3
pick_column2_right_0: Received dict for DBN 0
pick_column2_right_0: Received dict for DBN 1
pick_column2_right_0: Received dict for DBN 2
pick_column2_right_0: Received dict for DBN 3
pick_column2_right_0: Sampling transitions and computing reward
pick_column2_right_0: Building transition/reward matrices
pick_column2_front_270: Identifying enabled states...
pick_column2_front_270: Splitting up datasets...
pick_column2_front_270: Learning DBNS...
pick_column2_front_270: Building transition dicts for each DBN
pick_column2_front_270: Starting process for DBN 0
pick_column2_front_270: Starting process for DBN 1
pick_column2_front_270: Starting process for DBN 2
pick_column2_front_270: Starting process for DBN 3
pick_column2_front_270: Received dict for DBN 0
pick_column2_front_270: Received dict for DBN 1
pick_column2_front_270: Received dict for DBN 2
pick_column2_front_270: Received dict for DBN 3
pick_column2_front_270: Sampling transitions and computing reward
pick_column2_front_270: Building transition/reward matrices
place_goal_0_top_0: Identifying enabled states...
place_goal_0_top_0: Splitting up datasets...
place_goal_0_top_0: Learning DBNS...
place_goal_0_top_0: Building transition dicts for each DBN
place_goal_0_top_0: Starting process for DBN 0
place_goal_0_top_0: Starting process for DBN 1
place_goal_0_top_0: Starting process for DBN 2
place_goal_0_top_0: Starting process for DBN 3
place_goal_0_top_0: Received dict for DBN 0
place_goal_0_top_0: Received dict for DBN 1
place_goal_0_top_0: Received dict for DBN 3
place_goal_0_top_0: Received dict for DBN 2
place_goal_0_top_0: Sampling transitions and computing reward
place_goal_0_top_0: Building transition/reward matrices
place_goal_0_left_0: Identifying enabled states...
place_goal_0_left_0: Splitting up datasets...
place_goal_0_left_0: Learning DBNS...
place_goal_0_left_0: Building transition dicts for each DBN
place_goal_0_left_0: Starting process for DBN 0
place_goal_0_left_0: Starting process for DBN 1
place_goal_0_left_0: Starting process for DBN 2
place_goal_0_left_0: Starting process for DBN 3
place_goal_0_left_0: Received dict for DBN 0
place_goal_0_left_0: Received dict for DBN 1
place_goal_0_left_0: Received dict for DBN 2
place_goal_0_left_0: Received dict for DBN 3
place_goal_0_left_0: Sampling transitions and computing reward
place_goal_0_left_0: Building transition/reward matrices
place_goal_0_right_0: Identifying enabled states...
place_goal_0_right_0: Splitting up datasets...
place_goal_0_right_0: Learning DBNS...
place_goal_0_right_0: Building transition dicts for each DBN
place_goal_0_right_0: Starting process for DBN 0
place_goal_0_right_0: Starting process for DBN 1
place_goal_0_right_0: Starting process for DBN 2
place_goal_0_right_0: Starting process for DBN 3
place_goal_0_right_0: Received dict for DBN 0
place_goal_0_right_0: Received dict for DBN 1
place_goal_0_right_0: Received dict for DBN 2
place_goal_0_right_0: Received dict for DBN 3
place_goal_0_right_0: Sampling transitions and computing reward
place_goal_0_right_0: Building transition/reward matrices
place_goal_0_front_270: Identifying enabled states...
place_goal_0_front_270: Splitting up datasets...
place_goal_0_front_270: Learning DBNS...
place_goal_0_front_270: Building transition dicts for each DBN
place_goal_0_front_270: Starting process for DBN 0
place_goal_0_front_270: Starting process for DBN 1
place_goal_0_front_270: Starting process for DBN 2
place_goal_0_front_270: Starting process for DBN 3
place_goal_0_front_270: Received dict for DBN 1
place_goal_0_front_270: Received dict for DBN 0
place_goal_0_front_270: Received dict for DBN 2
place_goal_0_front_270: Received dict for DBN 3
place_goal_0_front_270: Sampling transitions and computing reward
place_goal_0_front_270: Building transition/reward matrices
place_goal_1_top_0: Identifying enabled states...
place_goal_1_top_0: Splitting up datasets...
place_goal_1_top_0: Learning DBNS...
place_goal_1_top_0: Building transition dicts for each DBN
place_goal_1_top_0: Starting process for DBN 0
place_goal_1_top_0: Starting process for DBN 1
place_goal_1_top_0: Starting process for DBN 2
place_goal_1_top_0: Starting process for DBN 3
place_goal_1_top_0: Received dict for DBN 0
place_goal_1_top_0: Received dict for DBN 1
place_goal_1_top_0: Received dict for DBN 2
place_goal_1_top_0: Received dict for DBN 3
place_goal_1_top_0: Sampling transitions and computing reward
place_goal_1_top_0: Building transition/reward matrices
place_goal_1_left_0: Identifying enabled states...
place_goal_1_left_0: Splitting up datasets...
place_goal_1_left_0: Learning DBNS...
place_goal_1_left_0: Building transition dicts for each DBN
place_goal_1_left_0: Starting process for DBN 0
place_goal_1_left_0: Starting process for DBN 1
place_goal_1_left_0: Starting process for DBN 2
place_goal_1_left_0: Starting process for DBN 3
place_goal_1_left_0: Received dict for DBN 0
place_goal_1_left_0: Received dict for DBN 1
place_goal_1_left_0: Received dict for DBN 2
place_goal_1_left_0: Received dict for DBN 3
place_goal_1_left_0: Sampling transitions and computing reward
place_goal_1_left_0: Building transition/reward matrices
place_goal_1_right_0: Identifying enabled states...
place_goal_1_right_0: Splitting up datasets...
place_goal_1_right_0: Learning DBNS...
place_goal_1_right_0: Building transition dicts for each DBN
place_goal_1_right_0: Starting process for DBN 0
place_goal_1_right_0: Starting process for DBN 1
place_goal_1_right_0: Starting process for DBN 2
place_goal_1_right_0: Starting process for DBN 3
place_goal_1_right_0: Received dict for DBN 0
place_goal_1_right_0: Received dict for DBN 1
place_goal_1_right_0: Received dict for DBN 2
place_goal_1_right_0: Received dict for DBN 3
place_goal_1_right_0: Sampling transitions and computing reward
place_goal_1_right_0: Building transition/reward matrices
place_goal_1_front_270: Identifying enabled states...
place_goal_1_front_270: Splitting up datasets...
place_goal_1_front_270: Learning DBNS...
place_goal_1_front_270: Building transition dicts for each DBN
place_goal_1_front_270: Starting process for DBN 0
place_goal_1_front_270: Starting process for DBN 1
place_goal_1_front_270: Starting process for DBN 2
place_goal_1_front_270: Starting process for DBN 3
place_goal_1_front_270: Received dict for DBN 0
place_goal_1_front_270: Received dict for DBN 1
place_goal_1_front_270: Received dict for DBN 3
place_goal_1_front_270: Received dict for DBN 2
place_goal_1_front_270: Sampling transitions and computing reward
place_goal_1_front_270: Building transition/reward matrices
place_goal_2_top_0: Identifying enabled states...
place_goal_2_top_0: Splitting up datasets...
place_goal_2_top_0: Learning DBNS...
place_goal_2_top_0: Building transition dicts for each DBN
place_goal_2_top_0: Starting process for DBN 0
place_goal_2_top_0: Starting process for DBN 1
place_goal_2_top_0: Starting process for DBN 2
place_goal_2_top_0: Starting process for DBN 3
place_goal_2_top_0: Received dict for DBN 0
place_goal_2_top_0: Received dict for DBN 1
place_goal_2_top_0: Received dict for DBN 2
place_goal_2_top_0: Received dict for DBN 3
place_goal_2_top_0: Sampling transitions and computing reward
place_goal_2_top_0: Building transition/reward matrices
place_goal_2_left_0: Identifying enabled states...
place_goal_2_left_0: Splitting up datasets...
place_goal_2_left_0: Learning DBNS...
place_goal_2_left_0: Building transition dicts for each DBN
place_goal_2_left_0: Starting process for DBN 0
place_goal_2_left_0: Starting process for DBN 1
place_goal_2_left_0: Starting process for DBN 2
place_goal_2_left_0: Starting process for DBN 3
place_goal_2_left_0: Received dict for DBN 1
place_goal_2_left_0: Received dict for DBN 0
place_goal_2_left_0: Received dict for DBN 2
place_goal_2_left_0: Received dict for DBN 3
place_goal_2_left_0: Sampling transitions and computing reward
place_goal_2_left_0: Building transition/reward matrices
place_goal_2_right_0: Identifying enabled states...
place_goal_2_right_0: Splitting up datasets...
place_goal_2_right_0: Learning DBNS...
place_goal_2_right_0: Building transition dicts for each DBN
place_goal_2_right_0: Starting process for DBN 0
place_goal_2_right_0: Starting process for DBN 1
place_goal_2_right_0: Starting process for DBN 2
place_goal_2_right_0: Starting process for DBN 3
place_goal_2_right_0: Received dict for DBN 0
place_goal_2_right_0: Received dict for DBN 1
place_goal_2_right_0: Received dict for DBN 3
place_goal_2_right_0: Received dict for DBN 2
place_goal_2_right_0: Sampling transitions and computing reward
place_goal_2_right_0: Building transition/reward matrices
place_goal_2_front_270: Identifying enabled states...
place_goal_2_front_270: Splitting up datasets...
place_goal_2_front_270: Learning DBNS...
place_goal_2_front_270: Building transition dicts for each DBN
place_goal_2_front_270: Starting process for DBN 0
place_goal_2_front_270: Starting process for DBN 1
place_goal_2_front_270: Starting process for DBN 2
place_goal_2_front_270: Starting process for DBN 3
place_goal_2_front_270: Received dict for DBN 1
place_goal_2_front_270: Received dict for DBN 0
place_goal_2_front_270: Received dict for DBN 2
place_goal_2_front_270: Received dict for DBN 3
place_goal_2_front_270: Sampling transitions and computing reward
place_goal_2_front_270: Building transition/reward matrices
place_region_0_top_0: Identifying enabled states...
place_region_0_top_0: Splitting up datasets...
place_region_0_top_0: Learning DBNS...
place_region_0_top_0: Building transition dicts for each DBN
place_region_0_top_0: Starting process for DBN 0
place_region_0_top_0: Starting process for DBN 1
place_region_0_top_0: Starting process for DBN 2
place_region_0_top_0: Starting process for DBN 3
place_region_0_top_0: Received dict for DBN 1
place_region_0_top_0: Received dict for DBN 2
place_region_0_top_0: Received dict for DBN 3
place_region_0_top_0: Received dict for DBN 0
place_region_0_top_0: Sampling transitions and computing reward
place_region_0_top_0: Building transition/reward matrices
place_region_0_left_0: Identifying enabled states...
place_region_0_left_0: Splitting up datasets...
place_region_0_left_0: Learning DBNS...
place_region_0_left_0: Building transition dicts for each DBN
place_region_0_left_0: Starting process for DBN 0
place_region_0_left_0: Starting process for DBN 1
place_region_0_left_0: Starting process for DBN 2
place_region_0_left_0: Starting process for DBN 3
place_region_0_left_0: Received dict for DBN 1
place_region_0_left_0: Received dict for DBN 0
place_region_0_left_0: Received dict for DBN 2
place_region_0_left_0: Received dict for DBN 3
place_region_0_left_0: Sampling transitions and computing reward
place_region_0_left_0: Building transition/reward matrices
place_region_0_right_0: Identifying enabled states...
place_region_0_right_0: Splitting up datasets...
place_region_0_right_0: Learning DBNS...
place_region_0_right_0: Building transition dicts for each DBN
place_region_0_right_0: Starting process for DBN 0
place_region_0_right_0: Starting process for DBN 1
place_region_0_right_0: Starting process for DBN 2
place_region_0_right_0: Starting process for DBN 3
place_region_0_right_0: Received dict for DBN 0
place_region_0_right_0: Received dict for DBN 1
place_region_0_right_0: Received dict for DBN 2
place_region_0_right_0: Received dict for DBN 3
place_region_0_right_0: Sampling transitions and computing reward
place_region_0_right_0: Building transition/reward matrices
place_region_0_front_270: Identifying enabled states...
place_region_0_front_270: Splitting up datasets...
place_region_0_front_270: Learning DBNS...
place_region_0_front_270: Building transition dicts for each DBN
place_region_0_front_270: Starting process for DBN 0
place_region_0_front_270: Starting process for DBN 1
place_region_0_front_270: Starting process for DBN 2
place_region_0_front_270: Starting process for DBN 3
place_region_0_front_270: Received dict for DBN 1
place_region_0_front_270: Received dict for DBN 0
place_region_0_front_270: Received dict for DBN 2
place_region_0_front_270: Received dict for DBN 3
place_region_0_front_270: Sampling transitions and computing reward
place_region_0_front_270: Building transition/reward matrices
place_region_1_top_0: Identifying enabled states...
place_region_1_top_0: Splitting up datasets...
place_region_1_top_0: Learning DBNS...
place_region_1_top_0: Building transition dicts for each DBN
place_region_1_top_0: Starting process for DBN 0
place_region_1_top_0: Starting process for DBN 1
place_region_1_top_0: Starting process for DBN 2
place_region_1_top_0: Starting process for DBN 3
place_region_1_top_0: Received dict for DBN 1
place_region_1_top_0: Received dict for DBN 0
place_region_1_top_0: Received dict for DBN 2
place_region_1_top_0: Received dict for DBN 3
place_region_1_top_0: Sampling transitions and computing reward
place_region_1_top_0: Building transition/reward matrices
place_region_1_left_0: Identifying enabled states...
place_region_1_left_0: Splitting up datasets...
place_region_1_left_0: Learning DBNS...
place_region_1_left_0: Building transition dicts for each DBN
place_region_1_left_0: Starting process for DBN 0
place_region_1_left_0: Starting process for DBN 1
place_region_1_left_0: Starting process for DBN 2
place_region_1_left_0: Starting process for DBN 3
place_region_1_left_0: Received dict for DBN 1
place_region_1_left_0: Received dict for DBN 0
place_region_1_left_0: Received dict for DBN 2
place_region_1_left_0: Received dict for DBN 3
place_region_1_left_0: Sampling transitions and computing reward
place_region_1_left_0: Building transition/reward matrices
place_region_1_right_0: Identifying enabled states...
place_region_1_right_0: Splitting up datasets...
place_region_1_right_0: Learning DBNS...
place_region_1_right_0: Building transition dicts for each DBN
place_region_1_right_0: Starting process for DBN 0
place_region_1_right_0: Starting process for DBN 1
place_region_1_right_0: Starting process for DBN 2
place_region_1_right_0: Starting process for DBN 3
place_region_1_right_0: Received dict for DBN 1
place_region_1_right_0: Received dict for DBN 0
place_region_1_right_0: Received dict for DBN 2
place_region_1_right_0: Received dict for DBN 3
place_region_1_right_0: Sampling transitions and computing reward
place_region_1_right_0: Building transition/reward matrices
place_region_1_front_270: Identifying enabled states...
place_region_1_front_270: Splitting up datasets...
place_region_1_front_270: Learning DBNS...
place_region_1_front_270: Building transition dicts for each DBN
place_region_1_front_270: Starting process for DBN 0
place_region_1_front_270: Starting process for DBN 1
place_region_1_front_270: Starting process for DBN 2
place_region_1_front_270: Starting process for DBN 3
place_region_1_front_270: Received dict for DBN 1
place_region_1_front_270: Received dict for DBN 0
place_region_1_front_270: Received dict for DBN 2
place_region_1_front_270: Received dict for DBN 3
place_region_1_front_270: Sampling transitions and computing reward
place_region_1_front_270: Building transition/reward matrices
place_region_2_top_0: Identifying enabled states...
place_region_2_top_0: Splitting up datasets...
place_region_2_top_0: Learning DBNS...
place_region_2_top_0: Building transition dicts for each DBN
place_region_2_top_0: Starting process for DBN 0
place_region_2_top_0: Starting process for DBN 1
place_region_2_top_0: Starting process for DBN 2
place_region_2_top_0: Starting process for DBN 3
place_region_2_top_0: Received dict for DBN 0
place_region_2_top_0: Received dict for DBN 1
place_region_2_top_0: Received dict for DBN 2
place_region_2_top_0: Received dict for DBN 3
place_region_2_top_0: Sampling transitions and computing reward
place_region_2_top_0: Building transition/reward matrices
place_region_2_left_0: Identifying enabled states...
place_region_2_left_0: Splitting up datasets...
place_region_2_left_0: Learning DBNS...
place_region_2_left_0: Building transition dicts for each DBN
place_region_2_left_0: Starting process for DBN 0
place_region_2_left_0: Starting process for DBN 1
place_region_2_left_0: Starting process for DBN 2
place_region_2_left_0: Starting process for DBN 3
place_region_2_left_0: Received dict for DBN 1
place_region_2_left_0: Received dict for DBN 0
place_region_2_left_0: Received dict for DBN 2
place_region_2_left_0: Received dict for DBN 3
place_region_2_left_0: Sampling transitions and computing reward
place_region_2_left_0: Building transition/reward matrices
place_region_2_right_0: Identifying enabled states...
place_region_2_right_0: Splitting up datasets...
place_region_2_right_0: Learning DBNS...
place_region_2_right_0: Building transition dicts for each DBN
place_region_2_right_0: Starting process for DBN 0
place_region_2_right_0: Starting process for DBN 1
place_region_2_right_0: Starting process for DBN 2
place_region_2_right_0: Starting process for DBN 3
place_region_2_right_0: Received dict for DBN 1
place_region_2_right_0: Received dict for DBN 0
place_region_2_right_0: Received dict for DBN 2
place_region_2_right_0: Received dict for DBN 3
place_region_2_right_0: Sampling transitions and computing reward
place_region_2_right_0: Building transition/reward matrices
place_region_2_front_270: Identifying enabled states...
place_region_2_front_270: Splitting up datasets...
place_region_2_front_270: Learning DBNS...
place_region_2_front_270: Building transition dicts for each DBN
place_region_2_front_270: Starting process for DBN 0
place_region_2_front_270: Starting process for DBN 1
place_region_2_front_270: Starting process for DBN 2
place_region_2_front_270: Starting process for DBN 3
place_region_2_front_270: Received dict for DBN 1
place_region_2_front_270: Received dict for DBN 0
place_region_2_front_270: Received dict for DBN 2
place_region_2_front_270: Received dict for DBN 3
place_region_2_front_270: Sampling transitions and computing reward
place_region_2_front_270: Building transition/reward matrices
Building MDP...
Synthesising Policy...
Solving MDP for timestep: 29
Solving MDP for timestep: 28
Solving MDP for timestep: 27
Solving MDP for timestep: 26
Solving MDP for timestep: 25
Solving MDP for timestep: 24
Solving MDP for timestep: 23
Solving MDP for timestep: 22
Solving MDP for timestep: 21
Solving MDP for timestep: 20
Solving MDP for timestep: 19
Solving MDP for timestep: 18
Solving MDP for timestep: 17
Solving MDP for timestep: 16
Solving MDP for timestep: 15
Solving MDP for timestep: 14
Solving MDP for timestep: 13
Solving MDP for timestep: 12
Solving MDP for timestep: 11
Solving MDP for timestep: 10
Solving MDP for timestep: 9
Solving MDP for timestep: 8
Solving MDP for timestep: 7
Solving MDP for timestep: 6
Solving MDP for timestep: 5
Solving MDP for timestep: 4
Solving MDP for timestep: 3
Solving MDP for timestep: 2
Solving MDP for timestep: 1
Solving MDP for timestep: 0
Resetting the scene for new episode
Step 0
policy value 35.91899490356445
State(column0: region_1, column1: region_0, column2: region_2)
pick_column2_front_270
Action: Action(ActionType.PICK, obj=/column2, slot=None,grasp=GraspType.FRONT_270)
[EXEC] Picking /column2 with front_270

[INFO] Found 5568 potential configurations.
[INFO] Motion completed successfully with result: success,in execution time: 4.16 seconds
[INFO] Found a reachable configuration for pick action after 1 attempts.
Tip distance after pick: 0.020303084362347075
[INFO] Pick action completed successfully.in execution time: 4.16 seconds
[EXEC] Action ActionType.PICK executed in 10.17 seconds
[SUCCESS] Action ActionType.PICK succeeded for object /column2
Action duration: 4.16
[LOG] Transition logged to MongoDB: 3b45543f-1da5-4b6b-a71d-6af8c33bab70 - Episode 18
Step 1
policy value 35.169185638427734
State(column0: region_1, column1: region_0, column2: held)
place_goal_1_right_0
Action: Action(ActionType.PLACE, obj=/column2, slot=/goal_1,grasp=GraspType.RIGHT_0)
[EXEC] Placing at [-0.2749999999999999, 1.0750000000000006, 0.5] with grasp right_0

[INFO] Found 3584 potential configurations.
[INFO] Motion completed successfully with result: success,in execution time: 8.40 seconds
[INFO] Found a reachable configuration for place action after 1 attempts.
[INFO] Place action completed successfully.
realigning placed object /column2 to target position
[EXEC] Action ActionType.PLACE executed in 13.35 seconds
[SUCCESS] Action ActionType.PLACE succeeded for object /column2
Action duration: 8.3999999999998
[LOG] Transition logged to MongoDB: 3b45543f-1da5-4b6b-a71d-6af8c33bab70 - Episode 18
Step 2
policy value 33.498165130615234
State(column0: region_1, column1: region_0, column2: goal_1)
pick_column1_top_0
Action: Action(ActionType.PICK, obj=/column1, slot=None,grasp=GraspType.TOP_0)
[EXEC] Picking /column1 with top_0

[INFO] Found 8192 potential configurations.
[ERROR] Motion failed (collision or invalid path)
[ERROR] Motion result: collision
[WARN] Failed to find a path to the selected pick config on attempt 1.
[WARN] No path found to picked config, discarding and trying next valid config...
[ERROR] Motion failed (collision or invalid path)
[ERROR] Motion result: collision
[WARN] Failed to find a path to the selected pick config on attempt 2.
[WARN] No path found to picked config, discarding and trying next valid config...
[ERROR] Motion failed (collision or invalid path)
[ERROR] Motion result: collision
[WARN] Failed to find a path to the selected pick config on attempt 3.
[WARN] No path found to picked config, discarding and trying next valid config...
[ERROR] Max IK attempts reached, pick action failed.
[EXEC] Action ActionType.PICK executed in 30.75 seconds
[ERROR] Action ActionType.PICK failed for object /column1
Action duration: 0.001
[LOG] Transition logged to MongoDB: 3b45543f-1da5-4b6b-a71d-6af8c33bab70 - Episode 18
Action failed, stopping. Time elapsed: 0.001
Step 3
policy value 32.227325439453125
State(column0: region_1, column1: region_0, column2: goal_1)
pick_column1_top_0
Action: Action(ActionType.PICK, obj=/column1, slot=None,grasp=GraspType.TOP_0)
[EXEC] Picking /column1 with top_0

[INFO] Found 8320 potential configurations.
[ERROR] Motion failed (collision or invalid path)
[ERROR] Motion result: collision
[WARN] Failed to find a path to the selected pick config on attempt 1.
[WARN] No path found to picked config, discarding and trying next valid config...
[ERROR] Motion failed (collision or invalid path)
[ERROR] Motion result: collision
[WARN] Failed to find a path to the selected pick config on attempt 2.
[WARN] No path found to picked config, discarding and trying next valid config...
[ERROR] Motion failed (collision or invalid path)
[ERROR] Motion result: collision
[WARN] Failed to find a path to the selected pick config on attempt 3.
[WARN] No path found to picked config, discarding and trying next valid config...
[ERROR] Max IK attempts reached, pick action failed.
[EXEC] Action ActionType.PICK executed in 23.80 seconds
[ERROR] Action ActionType.PICK failed for object /column1
Action duration: 0.001
[LOG] Transition logged to MongoDB: 3b45543f-1da5-4b6b-a71d-6af8c33bab70 - Episode 18
Action failed, stopping. Time elapsed: 0.001
Step 4
policy value 30.956478118896484
State(column0: region_1, column1: region_0, column2: goal_1)
pick_column1_top_0
Action: Action(ActionType.PICK, obj=/column1, slot=None,grasp=GraspType.TOP_0)
[EXEC] Picking /column1 with top_0

[INFO] Found 8192 potential configurations.
[ERROR] Motion failed (collision or invalid path)
[ERROR] Motion result: collision
[WARN] Failed to find a path to the selected pick config on attempt 1.
[WARN] No path found to picked config, discarding and trying next valid config...
[INFO] Motion completed successfully with result: success,in execution time: 7.76 seconds
[INFO] Found a reachable configuration for pick action after 2 attempts.
Tip distance after pick: 0.02870179624149466
[INFO] Pick action completed successfully.in execution time: 7.76 seconds
[EXEC] Action ActionType.PICK executed in 30.09 seconds
[SUCCESS] Action ActionType.PICK succeeded for object /column1
Action duration: 7.7599999999998
[LOG] Transition logged to MongoDB: 3b45543f-1da5-4b6b-a71d-6af8c33bab70 - Episode 18
Step 5
policy value 30.948379516601562
State(column0: region_1, column1: held, column2: goal_1)
place_goal_2_right_0
Action: Action(ActionType.PLACE, obj=/column1, slot=/goal_2,grasp=GraspType.RIGHT_0)
[EXEC] Placing at [-0.6000000000000001, 0.8250000000000003, 0.5] with grasp right_0

[INFO] Found 5312 potential configurations.
[INFO] Motion completed successfully with result: success,in execution time: 3.68 seconds
[INFO] Found a reachable configuration for place action after 1 attempts.
[INFO] Place action completed successfully.
realigning placed object /column1 to target position
[EXEC] Action ActionType.PLACE executed in 12.43 seconds
[SUCCESS] Action ActionType.PLACE succeeded for object /column1
Action duration: 3.6799999999999
[LOG] Transition logged to MongoDB: 3b45543f-1da5-4b6b-a71d-6af8c33bab70 - Episode 18
Step 6
policy value 29.488435745239258
State(column0: region_1, column1: goal_2, column2: goal_1)
pick_column2_top_0
Action: Action(ActionType.PICK, obj=/column2, slot=None,grasp=GraspType.TOP_0)
[EXEC] Picking /column2 with top_0

[INFO] Found 3904 potential configurations.
[INFO] Motion completed successfully with result: success,in execution time: 3.68 seconds
[INFO] Found a reachable configuration for pick action after 1 attempts.
Tip distance after pick: 0.02668000312238955
[INFO] Pick action completed successfully.in execution time: 3.68 seconds
[EXEC] Action ActionType.PICK executed in 15.30 seconds
[SUCCESS] Action ActionType.PICK succeeded for object /column2
Action duration: 3.6800000000005
[LOG] Transition logged to MongoDB: 3b45543f-1da5-4b6b-a71d-6af8c33bab70 - Episode 18
Step 7
policy value 29.549541473388672
State(column0: region_1, column1: goal_2, column2: held)
place_goal_1_front_270
Action: Action(ActionType.PLACE, obj=/column2, slot=/goal_1,grasp=GraspType.FRONT_270)
[EXEC] Placing at [-0.2749999999999999, 1.0750000000000006, 0.5] with grasp front_270

[INFO] Found 5952 potential configurations.
[INFO] Motion completed successfully with result: success,in execution time: 4.52 seconds
[INFO] Found a reachable configuration for place action after 1 attempts.
[INFO] Place action completed successfully.
realigning placed object /column2 to target position
[EXEC] Action ActionType.PLACE executed in 9.12 seconds
[SUCCESS] Action ActionType.PLACE succeeded for object /column2
Action duration: 4.5200000000007
[LOG] Transition logged to MongoDB: 3b45543f-1da5-4b6b-a71d-6af8c33bab70 - Episode 18
Step 8
policy value 26.946752548217773
State(column0: region_1, column1: goal_2, column2: goal_1)
pick_column2_top_0
Action: Action(ActionType.PICK, obj=/column2, slot=None,grasp=GraspType.TOP_0)
[EXEC] Picking /column2 with top_0

[INFO] Found 2432 potential configurations.
[INFO] Motion completed successfully with result: success,in execution time: 4.52 seconds
[INFO] Found a reachable configuration for pick action after 1 attempts.
Tip distance after pick: 0.02584465630290007
[INFO] Pick action completed successfully.in execution time: 4.52 seconds
[EXEC] Action ActionType.PICK executed in 9.74 seconds
[SUCCESS] Action ActionType.PICK succeeded for object /column2
Action duration: 4.5200000000007
[LOG] Transition logged to MongoDB: 3b45543f-1da5-4b6b-a71d-6af8c33bab70 - Episode 18
Step 9
policy value 27.007837295532227
State(column0: region_1, column1: goal_2, column2: held)
place_goal_1_front_270
Action: Action(ActionType.PLACE, obj=/column2, slot=/goal_1,grasp=GraspType.FRONT_270)
[EXEC] Placing at [-0.2749999999999999, 1.0750000000000006, 0.5] with grasp front_270

[INFO] Found 6272 potential configurations.
[INFO] Motion completed successfully with result: success,in execution time: 4.52 seconds
[INFO] Found a reachable configuration for place action after 1 attempts.
[INFO] Place action completed successfully.
realigning placed object /column2 to target position
[EXEC] Action ActionType.PLACE executed in 11.28 seconds
[SUCCESS] Action ActionType.PLACE succeeded for object /column2
Action duration: 4.5200000000007
[LOG] Transition logged to MongoDB: 3b45543f-1da5-4b6b-a71d-6af8c33bab70 - Episode 18
Step 10
policy value 24.405092239379883
State(column0: region_1, column1: goal_2, column2: goal_1)
pick_column2_top_0
Action: Action(ActionType.PICK, obj=/column2, slot=None,grasp=GraspType.TOP_0)
[EXEC] Picking /column2 with top_0

[INFO] Found 3136 potential configurations.
[INFO] Motion completed successfully with result: success,in execution time: 4.52 seconds
[INFO] Found a reachable configuration for pick action after 1 attempts.
Tip distance after pick: 0.026016322736889107
[INFO] Pick action completed successfully.in execution time: 4.52 seconds
[EXEC] Action ActionType.PICK executed in 10.80 seconds
[SUCCESS] Action ActionType.PICK succeeded for object /column2
Action duration: 4.5200000000007
[LOG] Transition logged to MongoDB: 3b45543f-1da5-4b6b-a71d-6af8c33bab70 - Episode 18
Step 11
policy value 24.466121673583984
State(column0: region_1, column1: goal_2, column2: held)
place_goal_1_front_270
Action: Action(ActionType.PLACE, obj=/column2, slot=/goal_1,grasp=GraspType.FRONT_270)
[EXEC] Placing at [-0.2749999999999999, 1.0750000000000006, 0.5] with grasp front_270

[INFO] Found 6272 potential configurations.
[INFO] Motion completed successfully with result: success,in execution time: 4.52 seconds
[INFO] Found a reachable configuration for place action after 1 attempts.
[INFO] Place action completed successfully.
realigning placed object /column2 to target position
[EXEC] Action ActionType.PLACE executed in 13.86 seconds
[SUCCESS] Action ActionType.PLACE succeeded for object /column2
Action duration: 4.5200000000007
[LOG] Transition logged to MongoDB: 3b45543f-1da5-4b6b-a71d-6af8c33bab70 - Episode 18
Step 12
policy value 21.863489151000977
State(column0: region_1, column1: goal_2, column2: goal_1)
pick_column2_top_0
Action: Action(ActionType.PICK, obj=/column2, slot=None,grasp=GraspType.TOP_0)
[EXEC] Picking /column2 with top_0

[INFO] Found 2880 potential configurations.
[INFO] Motion completed successfully with result: success,in execution time: 4.64 seconds
[INFO] Found a reachable configuration for pick action after 1 attempts.
Tip distance after pick: 0.02567630918939319
[INFO] Pick action completed successfully.in execution time: 4.64 seconds
[EXEC] Action ActionType.PICK executed in 8.20 seconds
[SUCCESS] Action ActionType.PICK succeeded for object /column2
Action duration: 4.6399999999991
[LOG] Transition logged to MongoDB: 3b45543f-1da5-4b6b-a71d-6af8c33bab70 - Episode 18
Step 13
policy value 21.92437171936035
State(column0: region_1, column1: goal_2, column2: held)
place_goal_1_front_270
Action: Action(ActionType.PLACE, obj=/column2, slot=/goal_1,grasp=GraspType.FRONT_270)
[EXEC] Placing at [-0.2749999999999999, 1.0750000000000006, 0.5] with grasp front_270

[INFO] Found 4992 potential configurations.
[INFO] Motion completed successfully with result: success,in execution time: 4.64 seconds
[INFO] Found a reachable configuration for place action after 1 attempts.
[INFO] Place action completed successfully.
realigning placed object /column2 to target position
[EXEC] Action ActionType.PLACE executed in 19.32 seconds
[SUCCESS] Action ActionType.PLACE succeeded for object /column2
Action duration: 4.6399999999991
[LOG] Transition logged to MongoDB: 3b45543f-1da5-4b6b-a71d-6af8c33bab70 - Episode 18
Step 14
policy value 19.322032928466797
State(column0: region_1, column1: goal_2, column2: goal_1)
pick_column2_top_0
Action: Action(ActionType.PICK, obj=/column2, slot=None,grasp=GraspType.TOP_0)
[EXEC] Picking /column2 with top_0

[INFO] Found 3264 potential configurations.
[INFO] Motion completed successfully with result: success,in execution time: 4.64 seconds
[INFO] Found a reachable configuration for pick action after 1 attempts.
Tip distance after pick: 0.025731042945080714
[INFO] Pick action completed successfully.in execution time: 4.64 seconds
[EXEC] Action ActionType.PICK executed in 7.99 seconds
[SUCCESS] Action ActionType.PICK succeeded for object /column2
Action duration: 4.6399999999991
[LOG] Transition logged to MongoDB: 3b45543f-1da5-4b6b-a71d-6af8c33bab70 - Episode 18
Step 15
policy value 19.38254165649414
State(column0: region_1, column1: goal_2, column2: held)
place_goal_1_front_270
Action: Action(ActionType.PLACE, obj=/column2, slot=/goal_1,grasp=GraspType.FRONT_270)
[EXEC] Placing at [-0.2749999999999999, 1.0750000000000006, 0.5] with grasp front_270

[INFO] Found 6912 potential configurations.
[INFO] Motion completed successfully with result: success,in execution time: 4.64 seconds
[INFO] Found a reachable configuration for place action after 1 attempts.
[INFO] Place action completed successfully.
realigning placed object /column2 to target position
[EXEC] Action ActionType.PLACE executed in 10.55 seconds
[SUCCESS] Action ActionType.PLACE succeeded for object /column2
Action duration: 4.6399999999991
[LOG] Transition logged to MongoDB: 3b45543f-1da5-4b6b-a71d-6af8c33bab70 - Episode 18
Step 16
policy value 16.78089141845703
State(column0: region_1, column1: goal_2, column2: goal_1)
pick_column2_top_0
Action: Action(ActionType.PICK, obj=/column2, slot=None,grasp=GraspType.TOP_0)
[EXEC] Picking /column2 with top_0

[INFO] Found 3008 potential configurations.
[INFO] Motion completed successfully with result: success,in execution time: 4.64 seconds
[INFO] Found a reachable configuration for pick action after 1 attempts.
Tip distance after pick: 0.025735258287370413
[INFO] Pick action completed successfully.in execution time: 4.64 seconds
[EXEC] Action ActionType.PICK executed in 10.02 seconds
[SUCCESS] Action ActionType.PICK succeeded for object /column2
Action duration: 4.6399999999991
[LOG] Transition logged to MongoDB: 3b45543f-1da5-4b6b-a71d-6af8c33bab70 - Episode 18
Step 17
policy value 16.840499877929688
State(column0: region_1, column1: goal_2, column2: held)
place_goal_1_front_270
Action: Action(ActionType.PLACE, obj=/column2, slot=/goal_1,grasp=GraspType.FRONT_270)
[EXEC] Placing at [-0.2749999999999999, 1.0750000000000006, 0.5] with grasp front_270

[INFO] Found 5824 potential configurations.
[INFO] Motion completed successfully with result: success,in execution time: 4.64 seconds
[INFO] Found a reachable configuration for place action after 1 attempts.
[INFO] Place action completed successfully.
realigning placed object /column2 to target position
[EXEC] Action ActionType.PLACE executed in 14.09 seconds
[SUCCESS] Action ActionType.PLACE succeeded for object /column2
Action duration: 4.6399999999991
[LOG] Transition logged to MongoDB: 3b45543f-1da5-4b6b-a71d-6af8c33bab70 - Episode 18
Step 18
policy value 14.241487503051758
State(column0: region_1, column1: goal_2, column2: goal_1)
pick_column2_top_0
Action: Action(ActionType.PICK, obj=/column2, slot=None,grasp=GraspType.TOP_0)
[EXEC] Picking /column2 with top_0

[INFO] Found 3200 potential configurations.
[INFO] Motion completed successfully with result: success,in execution time: 4.64 seconds
[INFO] Found a reachable configuration for pick action after 1 attempts.
Tip distance after pick: 0.026178514731645994
[INFO] Pick action completed successfully.in execution time: 4.64 seconds
[EXEC] Action ActionType.PICK executed in 11.82 seconds
[SUCCESS] Action ActionType.PICK succeeded for object /column2
Action duration: 4.6399999999991
[LOG] Transition logged to MongoDB: 3b45543f-1da5-4b6b-a71d-6af8c33bab70 - Episode 18
Step 19
policy value 14.297597885131836
State(column0: region_1, column1: goal_2, column2: held)
place_goal_1_front_270
Action: Action(ActionType.PLACE, obj=/column2, slot=/goal_1,grasp=GraspType.FRONT_270)
[EXEC] Placing at [-0.2749999999999999, 1.0750000000000006, 0.5] with grasp front_270

[INFO] Found 6784 potential configurations.
[INFO] Motion completed successfully with result: success,in execution time: 4.64 seconds
[INFO] Found a reachable configuration for place action after 1 attempts.
[INFO] Place action completed successfully.
realigning placed object /column2 to target position
[EXEC] Action ActionType.PLACE executed in 13.75 seconds
[SUCCESS] Action ActionType.PLACE succeeded for object /column2
Action duration: 4.6399999999991
[LOG] Transition logged to MongoDB: 3b45543f-1da5-4b6b-a71d-6af8c33bab70 - Episode 18
Step 20
policy value 11.705228805541992
State(column0: region_1, column1: goal_2, column2: goal_1)
pick_column2_top_0
Action: Action(ActionType.PICK, obj=/column2, slot=None,grasp=GraspType.TOP_0)
[EXEC] Picking /column2 with top_0

[INFO] Found 3712 potential configurations.
[INFO] Motion completed successfully with result: success,in execution time: 4.64 seconds
[INFO] Found a reachable configuration for pick action after 1 attempts.
Tip distance after pick: 0.02649054911289781
[INFO] Pick action completed successfully.in execution time: 4.64 seconds
[EXEC] Action ActionType.PICK executed in 10.25 seconds
[SUCCESS] Action ActionType.PICK succeeded for object /column2
Action duration: 4.6399999999991
[LOG] Transition logged to MongoDB: 3b45543f-1da5-4b6b-a71d-6af8c33bab70 - Episode 18
Step 21
policy value 11.753190040588379
State(column0: region_1, column1: goal_2, column2: held)
place_goal_1_front_270
Action: Action(ActionType.PLACE, obj=/column2, slot=/goal_1,grasp=GraspType.FRONT_270)
[EXEC] Placing at [-0.2749999999999999, 1.0750000000000006, 0.5] with grasp front_270

[INFO] Found 6016 potential configurations.
[INFO] Motion completed successfully with result: success,in execution time: 4.64 seconds
[INFO] Found a reachable configuration for place action after 1 attempts.
[INFO] Place action completed successfully.
realigning placed object /column2 to target position
[EXEC] Action ActionType.PLACE executed in 9.93 seconds
[SUCCESS] Action ActionType.PLACE succeeded for object /column2
Action duration: 4.6399999999991
[LOG] Transition logged to MongoDB: 3b45543f-1da5-4b6b-a71d-6af8c33bab70 - Episode 18
Step 22
policy value 9.167983055114746
State(column0: region_1, column1: goal_2, column2: goal_1)
pick_column2_top_0
Action: Action(ActionType.PICK, obj=/column2, slot=None,grasp=GraspType.TOP_0)
[EXEC] Picking /column2 with top_0

[INFO] Found 1984 potential configurations.
[INFO] Motion completed successfully with result: success,in execution time: 4.52 seconds
[INFO] Found a reachable configuration for pick action after 1 attempts.
Tip distance after pick: 0.026509918741271954
[INFO] Pick action completed successfully.in execution time: 4.52 seconds
[EXEC] Action ActionType.PICK executed in 8.89 seconds
[SUCCESS] Action ActionType.PICK succeeded for object /column2
Action duration: 4.5200000000023
[LOG] Transition logged to MongoDB: 3b45543f-1da5-4b6b-a71d-6af8c33bab70 - Episode 18
Step 23
policy value 9.207159042358398
State(column0: region_1, column1: goal_2, column2: held)
place_goal_1_front_270
Action: Action(ActionType.PLACE, obj=/column2, slot=/goal_1,grasp=GraspType.FRONT_270)
[EXEC] Placing at [-0.2749999999999999, 1.0750000000000006, 0.5] with grasp front_270

[INFO] Found 7040 potential configurations.
[INFO] Motion completed successfully with result: success,in execution time: 4.52 seconds
[INFO] Found a reachable configuration for place action after 1 attempts.
[INFO] Place action completed successfully.
realigning placed object /column2 to target position
[EXEC] Action ActionType.PLACE executed in 22.86 seconds
[SUCCESS] Action ActionType.PLACE succeeded for object /column2
Action duration: 4.5200000000023
[LOG] Transition logged to MongoDB: 3b45543f-1da5-4b6b-a71d-6af8c33bab70 - Episode 18
Step 24
policy value 6.629488468170166
State(column0: region_1, column1: goal_2, column2: goal_1)
pick_column2_top_0
Action: Action(ActionType.PICK, obj=/column2, slot=None,grasp=GraspType.TOP_0)
[EXEC] Picking /column2 with top_0

[INFO] Found 2368 potential configurations.
[INFO] Motion completed successfully with result: success,in execution time: 4.52 seconds
[INFO] Found a reachable configuration for pick action after 1 attempts.
Tip distance after pick: 0.02571621751195417
[INFO] Pick action completed successfully.in execution time: 4.52 seconds
[EXEC] Action ActionType.PICK executed in 7.78 seconds
[SUCCESS] Action ActionType.PICK succeeded for object /column2
Action duration: 4.5200000000023
[LOG] Transition logged to MongoDB: 3b45543f-1da5-4b6b-a71d-6af8c33bab70 - Episode 18
Step 25
policy value 6.659243583679199
State(column0: region_1, column1: goal_2, column2: held)
place_goal_1_front_270
Action: Action(ActionType.PLACE, obj=/column2, slot=/goal_1,grasp=GraspType.FRONT_270)
[EXEC] Placing at [-0.2749999999999999, 1.0750000000000006, 0.5] with grasp front_270

[INFO] Found 5568 potential configurations.
[INFO] Motion completed successfully with result: success,in execution time: 4.52 seconds
[INFO] Found a reachable configuration for place action after 1 attempts.
[INFO] Place action completed successfully.
realigning placed object /column2 to target position
[EXEC] Action ActionType.PLACE executed in 17.15 seconds
[SUCCESS] Action ActionType.PLACE succeeded for object /column2
Action duration: 4.5200000000023
[LOG] Transition logged to MongoDB: 3b45543f-1da5-4b6b-a71d-6af8c33bab70 - Episode 18
Step 26
policy value 4.073770046234131
State(column0: region_1, column1: goal_2, column2: goal_1)
pick_column2_top_0
Action: Action(ActionType.PICK, obj=/column2, slot=None,grasp=GraspType.TOP_0)
[EXEC] Picking /column2 with top_0

[INFO] Found 3392 potential configurations.
[INFO] Motion completed successfully with result: success,in execution time: 4.52 seconds
[INFO] Found a reachable configuration for pick action after 1 attempts.
Tip distance after pick: 0.025786856520412547
[INFO] Pick action completed successfully.in execution time: 4.52 seconds
[EXEC] Action ActionType.PICK executed in 14.91 seconds
[SUCCESS] Action ActionType.PICK succeeded for object /column2
Action duration: 4.5200000000023
[LOG] Transition logged to MongoDB: 3b45543f-1da5-4b6b-a71d-6af8c33bab70 - Episode 18
Step 27
policy value 4.093389511108398
State(column0: region_1, column1: goal_2, column2: held)
place_goal_1_front_270
Action: Action(ActionType.PLACE, obj=/column2, slot=/goal_1,grasp=GraspType.FRONT_270)
[EXEC] Placing at [-0.2749999999999999, 1.0750000000000006, 0.5] with grasp front_270

[INFO] Found 6528 potential configurations.
[INFO] Motion completed successfully with result: success,in execution time: 4.52 seconds
[INFO] Found a reachable configuration for place action after 1 attempts.
[INFO] Place action completed successfully.
realigning placed object /column2 to target position
[EXEC] Action ActionType.PLACE executed in 12.52 seconds
[SUCCESS] Action ActionType.PLACE succeeded for object /column2
Action duration: 4.5200000000023
[LOG] Transition logged to MongoDB: 3b45543f-1da5-4b6b-a71d-6af8c33bab70 - Episode 18
Step 28
policy value 1.9891538619995117
State(column0: region_1, column1: goal_2, column2: goal_1)
pick_column1_front_270
Action: Action(ActionType.PICK, obj=/column1, slot=None,grasp=GraspType.FRONT_270)
[EXEC] Picking /column1 with front_270

[INFO] Found 6144 potential configurations.
[WARN] No valid configuration found (all tested configs invalid).
[EXEC] Action ActionType.PICK executed in 2.88 seconds
[ERROR] Action ActionType.PICK failed for object /column1
Action duration: 0.001
[LOG] Transition logged to MongoDB: 3b45543f-1da5-4b6b-a71d-6af8c33bab70 - Episode 18
Action failed, stopping. Time elapsed: 0.001
Step 29
policy value 0.9945769309997559
State(column0: region_1, column1: goal_2, column2: goal_1)
pick_column1_front_270
Action: Action(ActionType.PICK, obj=/column1, slot=None,grasp=GraspType.FRONT_270)
[EXEC] Picking /column1 with front_270

[INFO] Found 6528 potential configurations.
[WARN] No valid configuration found (all tested configs invalid).
[EXEC] Action ActionType.PICK executed in 3.02 seconds
[ERROR] Action ActionType.PICK failed for object /column1
Action duration: 0.001
[LOG] Transition logged to MongoDB: 3b45543f-1da5-4b6b-a71d-6af8c33bab70 - Episode 18
Action failed, stopping. Time elapsed: 0.001
Step 30
policy value None
No more valid actions in policy
Episode 4 ended
Revising policy
USING STORM: False
Reading data from MongoDB...
Total option moiton param combinations 36
Collected combinations 36
Building state to idx mapping...
Building option ensembles...
pick_column0_top_0: Identifying enabled states...
pick_column0_top_0: Splitting up datasets...
pick_column0_top_0: Learning DBNS...
pick_column0_top_0: Building transition dicts for each DBN
pick_column0_top_0: Starting process for DBN 0
pick_column0_top_0: Starting process for DBN 1
pick_column0_top_0: Starting process for DBN 2
pick_column0_top_0: Starting process for DBN 3
pick_column0_top_0: Received dict for DBN 0
pick_column0_top_0: Received dict for DBN 1
pick_column0_top_0: Received dict for DBN 2
pick_column0_top_0: Received dict for DBN 3
pick_column0_top_0: Sampling transitions and computing reward
pick_column0_top_0: Building transition/reward matrices
pick_column0_left_0: Identifying enabled states...
pick_column0_left_0: Splitting up datasets...
pick_column0_left_0: Learning DBNS...
pick_column0_left_0: Building transition dicts for each DBN
pick_column0_left_0: Starting process for DBN 0
pick_column0_left_0: Starting process for DBN 1
pick_column0_left_0: Starting process for DBN 2
pick_column0_left_0: Starting process for DBN 3
pick_column0_left_0: Received dict for DBN 0
pick_column0_left_0: Received dict for DBN 1
pick_column0_left_0: Received dict for DBN 2
pick_column0_left_0: Received dict for DBN 3
pick_column0_left_0: Sampling transitions and computing reward
pick_column0_left_0: Building transition/reward matrices
pick_column0_right_0: Identifying enabled states...
pick_column0_right_0: Splitting up datasets...
pick_column0_right_0: Learning DBNS...
pick_column0_right_0: Building transition dicts for each DBN
pick_column0_right_0: Starting process for DBN 0
pick_column0_right_0: Starting process for DBN 1
pick_column0_right_0: Starting process for DBN 2
pick_column0_right_0: Starting process for DBN 3
pick_column0_right_0: Received dict for DBN 0
pick_column0_right_0: Received dict for DBN 1
pick_column0_right_0: Received dict for DBN 2
pick_column0_right_0: Received dict for DBN 3
pick_column0_right_0: Sampling transitions and computing reward
pick_column0_right_0: Building transition/reward matrices
pick_column0_front_270: Identifying enabled states...
pick_column0_front_270: Splitting up datasets...
pick_column0_front_270: Learning DBNS...
pick_column0_front_270: Building transition dicts for each DBN
pick_column0_front_270: Starting process for DBN 0
pick_column0_front_270: Starting process for DBN 1
pick_column0_front_270: Starting process for DBN 2
pick_column0_front_270: Starting process for DBN 3
pick_column0_front_270: Received dict for DBN 1
pick_column0_front_270: Received dict for DBN 3
pick_column0_front_270: Received dict for DBN 2
pick_column0_front_270: Received dict for DBN 0
pick_column0_front_270: Sampling transitions and computing reward
pick_column0_front_270: Building transition/reward matrices
pick_column1_top_0: Identifying enabled states...
pick_column1_top_0: Splitting up datasets...
pick_column1_top_0: Learning DBNS...
pick_column1_top_0: Building transition dicts for each DBN
pick_column1_top_0: Starting process for DBN 0
pick_column1_top_0: Starting process for DBN 1
pick_column1_top_0: Starting process for DBN 2
pick_column1_top_0: Starting process for DBN 3
pick_column1_top_0: Received dict for DBN 0
pick_column1_top_0: Received dict for DBN 2
pick_column1_top_0: Received dict for DBN 3
pick_column1_top_0: Received dict for DBN 1
pick_column1_top_0: Sampling transitions and computing reward
pick_column1_top_0: Building transition/reward matrices
pick_column1_left_0: Identifying enabled states...
pick_column1_left_0: Splitting up datasets...
pick_column1_left_0: Learning DBNS...
pick_column1_left_0: Building transition dicts for each DBN
pick_column1_left_0: Starting process for DBN 0
pick_column1_left_0: Starting process for DBN 1
pick_column1_left_0: Starting process for DBN 2
pick_column1_left_0: Starting process for DBN 3
pick_column1_left_0: Received dict for DBN 0
pick_column1_left_0: Received dict for DBN 1
pick_column1_left_0: Received dict for DBN 2
pick_column1_left_0: Received dict for DBN 3
pick_column1_left_0: Sampling transitions and computing reward
pick_column1_left_0: Building transition/reward matrices
pick_column1_right_0: Identifying enabled states...
pick_column1_right_0: Splitting up datasets...
pick_column1_right_0: Learning DBNS...
pick_column1_right_0: Building transition dicts for each DBN
pick_column1_right_0: Starting process for DBN 0
pick_column1_right_0: Starting process for DBN 1
pick_column1_right_0: Starting process for DBN 2
pick_column1_right_0: Starting process for DBN 3
pick_column1_right_0: Received dict for DBN 0
pick_column1_right_0: Received dict for DBN 1
pick_column1_right_0: Received dict for DBN 2
pick_column1_right_0: Received dict for DBN 3
pick_column1_right_0: Sampling transitions and computing reward
pick_column1_right_0: Building transition/reward matrices
pick_column1_front_270: Identifying enabled states...
pick_column1_front_270: Splitting up datasets...
pick_column1_front_270: Learning DBNS...
pick_column1_front_270: Building transition dicts for each DBN
pick_column1_front_270: Starting process for DBN 0
pick_column1_front_270: Starting process for DBN 1
pick_column1_front_270: Starting process for DBN 2
pick_column1_front_270: Starting process for DBN 3
pick_column1_front_270: Received dict for DBN 0
pick_column1_front_270: Received dict for DBN 1
pick_column1_front_270: Received dict for DBN 2
pick_column1_front_270: Received dict for DBN 3
pick_column1_front_270: Sampling transitions and computing reward
pick_column1_front_270: Building transition/reward matrices
pick_column2_top_0: Identifying enabled states...
pick_column2_top_0: Splitting up datasets...
pick_column2_top_0: Learning DBNS...
pick_column2_top_0: Building transition dicts for each DBN
pick_column2_top_0: Starting process for DBN 0
pick_column2_top_0: Starting process for DBN 1
pick_column2_top_0: Starting process for DBN 2
pick_column2_top_0: Starting process for DBN 3
pick_column2_top_0: Received dict for DBN 0
pick_column2_top_0: Received dict for DBN 1
pick_column2_top_0: Received dict for DBN 2
pick_column2_top_0: Received dict for DBN 3
pick_column2_top_0: Sampling transitions and computing reward
pick_column2_top_0: Building transition/reward matrices
pick_column2_left_0: Identifying enabled states...
pick_column2_left_0: Splitting up datasets...
pick_column2_left_0: Learning DBNS...
pick_column2_left_0: Building transition dicts for each DBN
pick_column2_left_0: Starting process for DBN 0
pick_column2_left_0: Starting process for DBN 1
pick_column2_left_0: Starting process for DBN 2
pick_column2_left_0: Starting process for DBN 3
pick_column2_left_0: Received dict for DBN 0
pick_column2_left_0: Received dict for DBN 1
pick_column2_left_0: Received dict for DBN 2
pick_column2_left_0: Received dict for DBN 3
pick_column2_left_0: Sampling transitions and computing reward
pick_column2_left_0: Building transition/reward matrices
pick_column2_right_0: Identifying enabled states...
pick_column2_right_0: Splitting up datasets...
pick_column2_right_0: Learning DBNS...
pick_column2_right_0: Building transition dicts for each DBN
pick_column2_right_0: Starting process for DBN 0
pick_column2_right_0: Starting process for DBN 1
pick_column2_right_0: Starting process for DBN 2
pick_column2_right_0: Starting process for DBN 3
pick_column2_right_0: Received dict for DBN 0
pick_column2_right_0: Received dict for DBN 1
pick_column2_right_0: Received dict for DBN 2
pick_column2_right_0: Received dict for DBN 3
pick_column2_right_0: Sampling transitions and computing reward
pick_column2_right_0: Building transition/reward matrices
pick_column2_front_270: Identifying enabled states...
pick_column2_front_270: Splitting up datasets...
pick_column2_front_270: Learning DBNS...
pick_column2_front_270: Building transition dicts for each DBN
pick_column2_front_270: Starting process for DBN 0
pick_column2_front_270: Starting process for DBN 1
pick_column2_front_270: Starting process for DBN 2
pick_column2_front_270: Starting process for DBN 3
pick_column2_front_270: Received dict for DBN 0
pick_column2_front_270: Received dict for DBN 1
pick_column2_front_270: Received dict for DBN 2
pick_column2_front_270: Received dict for DBN 3
pick_column2_front_270: Sampling transitions and computing reward
pick_column2_front_270: Building transition/reward matrices
place_goal_0_top_0: Identifying enabled states...
place_goal_0_top_0: Splitting up datasets...
place_goal_0_top_0: Learning DBNS...
place_goal_0_top_0: Building transition dicts for each DBN
place_goal_0_top_0: Starting process for DBN 0
place_goal_0_top_0: Starting process for DBN 1
place_goal_0_top_0: Starting process for DBN 2
place_goal_0_top_0: Starting process for DBN 3
place_goal_0_top_0: Received dict for DBN 0
place_goal_0_top_0: Received dict for DBN 2
place_goal_0_top_0: Received dict for DBN 3
place_goal_0_top_0: Received dict for DBN 1
place_goal_0_top_0: Sampling transitions and computing reward
place_goal_0_top_0: Building transition/reward matrices
place_goal_0_left_0: Identifying enabled states...
place_goal_0_left_0: Splitting up datasets...
place_goal_0_left_0: Learning DBNS...
place_goal_0_left_0: Building transition dicts for each DBN
place_goal_0_left_0: Starting process for DBN 0
place_goal_0_left_0: Starting process for DBN 1
place_goal_0_left_0: Starting process for DBN 2
place_goal_0_left_0: Starting process for DBN 3
place_goal_0_left_0: Received dict for DBN 0
place_goal_0_left_0: Received dict for DBN 1
place_goal_0_left_0: Received dict for DBN 2
place_goal_0_left_0: Received dict for DBN 3
place_goal_0_left_0: Sampling transitions and computing reward
place_goal_0_left_0: Building transition/reward matrices
place_goal_0_right_0: Identifying enabled states...
place_goal_0_right_0: Splitting up datasets...
place_goal_0_right_0: Learning DBNS...
place_goal_0_right_0: Building transition dicts for each DBN
place_goal_0_right_0: Starting process for DBN 0
place_goal_0_right_0: Starting process for DBN 1
place_goal_0_right_0: Starting process for DBN 2
place_goal_0_right_0: Starting process for DBN 3
place_goal_0_right_0: Received dict for DBN 0
place_goal_0_right_0: Received dict for DBN 1
place_goal_0_right_0: Received dict for DBN 2
place_goal_0_right_0: Received dict for DBN 3
place_goal_0_right_0: Sampling transitions and computing reward
place_goal_0_right_0: Building transition/reward matrices
place_goal_0_front_270: Identifying enabled states...
place_goal_0_front_270: Splitting up datasets...
place_goal_0_front_270: Learning DBNS...
place_goal_0_front_270: Building transition dicts for each DBN
place_goal_0_front_270: Starting process for DBN 0
place_goal_0_front_270: Starting process for DBN 1
place_goal_0_front_270: Starting process for DBN 2
place_goal_0_front_270: Starting process for DBN 3
place_goal_0_front_270: Received dict for DBN 2
place_goal_0_front_270: Received dict for DBN 0
place_goal_0_front_270: Received dict for DBN 3
place_goal_0_front_270: Received dict for DBN 1
place_goal_0_front_270: Sampling transitions and computing reward
place_goal_0_front_270: Building transition/reward matrices
place_goal_1_top_0: Identifying enabled states...
place_goal_1_top_0: Splitting up datasets...
place_goal_1_top_0: Learning DBNS...
place_goal_1_top_0: Building transition dicts for each DBN
place_goal_1_top_0: Starting process for DBN 0
place_goal_1_top_0: Starting process for DBN 1
place_goal_1_top_0: Starting process for DBN 2
place_goal_1_top_0: Starting process for DBN 3
place_goal_1_top_0: Received dict for DBN 0
place_goal_1_top_0: Received dict for DBN 1
place_goal_1_top_0: Received dict for DBN 2
place_goal_1_top_0: Received dict for DBN 3
place_goal_1_top_0: Sampling transitions and computing reward
place_goal_1_top_0: Building transition/reward matrices
place_goal_1_left_0: Identifying enabled states...
place_goal_1_left_0: Splitting up datasets...
place_goal_1_left_0: Learning DBNS...
place_goal_1_left_0: Building transition dicts for each DBN
place_goal_1_left_0: Starting process for DBN 0
place_goal_1_left_0: Starting process for DBN 1
place_goal_1_left_0: Starting process for DBN 2
place_goal_1_left_0: Starting process for DBN 3
place_goal_1_left_0: Received dict for DBN 0
place_goal_1_left_0: Received dict for DBN 1
place_goal_1_left_0: Received dict for DBN 2
place_goal_1_left_0: Received dict for DBN 3
place_goal_1_left_0: Sampling transitions and computing reward
place_goal_1_left_0: Building transition/reward matrices
place_goal_1_right_0: Identifying enabled states...
place_goal_1_right_0: Splitting up datasets...
place_goal_1_right_0: Learning DBNS...
place_goal_1_right_0: Building transition dicts for each DBN
place_goal_1_right_0: Starting process for DBN 0
place_goal_1_right_0: Starting process for DBN 1
place_goal_1_right_0: Starting process for DBN 2
place_goal_1_right_0: Starting process for DBN 3
place_goal_1_right_0: Received dict for DBN 0
place_goal_1_right_0: Received dict for DBN 1
place_goal_1_right_0: Received dict for DBN 2
place_goal_1_right_0: Received dict for DBN 3
place_goal_1_right_0: Sampling transitions and computing reward
place_goal_1_right_0: Building transition/reward matrices
place_goal_1_front_270: Identifying enabled states...
place_goal_1_front_270: Splitting up datasets...
place_goal_1_front_270: Learning DBNS...
place_goal_1_front_270: Building transition dicts for each DBN
place_goal_1_front_270: Starting process for DBN 0
place_goal_1_front_270: Starting process for DBN 1
place_goal_1_front_270: Starting process for DBN 2
place_goal_1_front_270: Starting process for DBN 3
place_goal_1_front_270: Received dict for DBN 0
place_goal_1_front_270: Received dict for DBN 2
place_goal_1_front_270: Received dict for DBN 1
place_goal_1_front_270: Received dict for DBN 3
place_goal_1_front_270: Sampling transitions and computing reward
place_goal_1_front_270: Building transition/reward matrices
place_goal_2_top_0: Identifying enabled states...
place_goal_2_top_0: Splitting up datasets...
place_goal_2_top_0: Learning DBNS...
place_goal_2_top_0: Building transition dicts for each DBN
place_goal_2_top_0: Starting process for DBN 0
place_goal_2_top_0: Starting process for DBN 1
place_goal_2_top_0: Starting process for DBN 2
place_goal_2_top_0: Starting process for DBN 3
place_goal_2_top_0: Received dict for DBN 0
place_goal_2_top_0: Received dict for DBN 1
place_goal_2_top_0: Received dict for DBN 2
place_goal_2_top_0: Received dict for DBN 3
place_goal_2_top_0: Sampling transitions and computing reward
place_goal_2_top_0: Building transition/reward matrices
place_goal_2_left_0: Identifying enabled states...
place_goal_2_left_0: Splitting up datasets...
place_goal_2_left_0: Learning DBNS...
place_goal_2_left_0: Building transition dicts for each DBN
place_goal_2_left_0: Starting process for DBN 0
place_goal_2_left_0: Starting process for DBN 1
place_goal_2_left_0: Starting process for DBN 2
place_goal_2_left_0: Starting process for DBN 3
place_goal_2_left_0: Received dict for DBN 1
place_goal_2_left_0: Received dict for DBN 0
place_goal_2_left_0: Received dict for DBN 2
place_goal_2_left_0: Received dict for DBN 3
place_goal_2_left_0: Sampling transitions and computing reward
place_goal_2_left_0: Building transition/reward matrices
place_goal_2_right_0: Identifying enabled states...
place_goal_2_right_0: Splitting up datasets...
place_goal_2_right_0: Learning DBNS...
place_goal_2_right_0: Building transition dicts for each DBN
place_goal_2_right_0: Starting process for DBN 0
place_goal_2_right_0: Starting process for DBN 1
place_goal_2_right_0: Starting process for DBN 2
place_goal_2_right_0: Starting process for DBN 3
place_goal_2_right_0: Received dict for DBN 1
place_goal_2_right_0: Received dict for DBN 0
place_goal_2_right_0: Received dict for DBN 2
place_goal_2_right_0: Received dict for DBN 3
place_goal_2_right_0: Sampling transitions and computing reward
place_goal_2_right_0: Building transition/reward matrices
place_goal_2_front_270: Identifying enabled states...
place_goal_2_front_270: Splitting up datasets...
place_goal_2_front_270: Learning DBNS...
place_goal_2_front_270: Building transition dicts for each DBN
place_goal_2_front_270: Starting process for DBN 0
place_goal_2_front_270: Starting process for DBN 1
place_goal_2_front_270: Starting process for DBN 2
place_goal_2_front_270: Starting process for DBN 3
place_goal_2_front_270: Received dict for DBN 1
place_goal_2_front_270: Received dict for DBN 0
place_goal_2_front_270: Received dict for DBN 2
place_goal_2_front_270: Received dict for DBN 3
place_goal_2_front_270: Sampling transitions and computing reward
place_goal_2_front_270: Building transition/reward matrices
place_region_0_top_0: Identifying enabled states...
place_region_0_top_0: Splitting up datasets...
place_region_0_top_0: Learning DBNS...
place_region_0_top_0: Building transition dicts for each DBN
place_region_0_top_0: Starting process for DBN 0
place_region_0_top_0: Starting process for DBN 1
place_region_0_top_0: Starting process for DBN 2
place_region_0_top_0: Starting process for DBN 3
place_region_0_top_0: Received dict for DBN 1
place_region_0_top_0: Received dict for DBN 2
place_region_0_top_0: Received dict for DBN 3
place_region_0_top_0: Received dict for DBN 0
place_region_0_top_0: Sampling transitions and computing reward
place_region_0_top_0: Building transition/reward matrices
place_region_0_left_0: Identifying enabled states...
place_region_0_left_0: Splitting up datasets...
place_region_0_left_0: Learning DBNS...
place_region_0_left_0: Building transition dicts for each DBN
place_region_0_left_0: Starting process for DBN 0
place_region_0_left_0: Starting process for DBN 1
place_region_0_left_0: Starting process for DBN 2
place_region_0_left_0: Starting process for DBN 3
place_region_0_left_0: Received dict for DBN 0
place_region_0_left_0: Received dict for DBN 1
place_region_0_left_0: Received dict for DBN 2
place_region_0_left_0: Received dict for DBN 3
place_region_0_left_0: Sampling transitions and computing reward
place_region_0_left_0: Building transition/reward matrices
place_region_0_right_0: Identifying enabled states...
place_region_0_right_0: Splitting up datasets...
place_region_0_right_0: Learning DBNS...
place_region_0_right_0: Building transition dicts for each DBN
place_region_0_right_0: Starting process for DBN 0
place_region_0_right_0: Starting process for DBN 1
place_region_0_right_0: Starting process for DBN 2
place_region_0_right_0: Starting process for DBN 3
place_region_0_right_0: Received dict for DBN 0
place_region_0_right_0: Received dict for DBN 1
place_region_0_right_0: Received dict for DBN 2
place_region_0_right_0: Received dict for DBN 3
place_region_0_right_0: Sampling transitions and computing reward
place_region_0_right_0: Building transition/reward matrices
place_region_0_front_270: Identifying enabled states...
place_region_0_front_270: Splitting up datasets...
place_region_0_front_270: Learning DBNS...
place_region_0_front_270: Building transition dicts for each DBN
place_region_0_front_270: Starting process for DBN 0
place_region_0_front_270: Starting process for DBN 1
place_region_0_front_270: Starting process for DBN 2
place_region_0_front_270: Starting process for DBN 3
place_region_0_front_270: Received dict for DBN 0
place_region_0_front_270: Received dict for DBN 1
place_region_0_front_270: Received dict for DBN 2
place_region_0_front_270: Received dict for DBN 3
place_region_0_front_270: Sampling transitions and computing reward
place_region_0_front_270: Building transition/reward matrices
place_region_1_top_0: Identifying enabled states...
place_region_1_top_0: Splitting up datasets...
place_region_1_top_0: Learning DBNS...
place_region_1_top_0: Building transition dicts for each DBN
place_region_1_top_0: Starting process for DBN 0
place_region_1_top_0: Starting process for DBN 1
place_region_1_top_0: Starting process for DBN 2
place_region_1_top_0: Starting process for DBN 3
place_region_1_top_0: Received dict for DBN 1
place_region_1_top_0: Received dict for DBN 0
place_region_1_top_0: Received dict for DBN 2
place_region_1_top_0: Received dict for DBN 3
place_region_1_top_0: Sampling transitions and computing reward
place_region_1_top_0: Building transition/reward matrices
place_region_1_left_0: Identifying enabled states...
place_region_1_left_0: Splitting up datasets...
place_region_1_left_0: Learning DBNS...
place_region_1_left_0: Building transition dicts for each DBN
place_region_1_left_0: Starting process for DBN 0
place_region_1_left_0: Starting process for DBN 1
place_region_1_left_0: Starting process for DBN 2
place_region_1_left_0: Starting process for DBN 3
place_region_1_left_0: Received dict for DBN 0
place_region_1_left_0: Received dict for DBN 1
place_region_1_left_0: Received dict for DBN 2
place_region_1_left_0: Received dict for DBN 3
place_region_1_left_0: Sampling transitions and computing reward
place_region_1_left_0: Building transition/reward matrices
place_region_1_right_0: Identifying enabled states...
place_region_1_right_0: Splitting up datasets...
place_region_1_right_0: Learning DBNS...
place_region_1_right_0: Building transition dicts for each DBN
place_region_1_right_0: Starting process for DBN 0
place_region_1_right_0: Starting process for DBN 1
place_region_1_right_0: Starting process for DBN 2
place_region_1_right_0: Starting process for DBN 3
place_region_1_right_0: Received dict for DBN 0
place_region_1_right_0: Received dict for DBN 1
place_region_1_right_0: Received dict for DBN 2
place_region_1_right_0: Received dict for DBN 3
place_region_1_right_0: Sampling transitions and computing reward
place_region_1_right_0: Building transition/reward matrices
place_region_1_front_270: Identifying enabled states...
place_region_1_front_270: Splitting up datasets...
place_region_1_front_270: Learning DBNS...
place_region_1_front_270: Building transition dicts for each DBN
place_region_1_front_270: Starting process for DBN 0
place_region_1_front_270: Starting process for DBN 1
place_region_1_front_270: Starting process for DBN 2
place_region_1_front_270: Starting process for DBN 3
place_region_1_front_270: Received dict for DBN 1
place_region_1_front_270: Received dict for DBN 0
place_region_1_front_270: Received dict for DBN 2
place_region_1_front_270: Received dict for DBN 3
place_region_1_front_270: Sampling transitions and computing reward
place_region_1_front_270: Building transition/reward matrices
place_region_2_top_0: Identifying enabled states...
place_region_2_top_0: Splitting up datasets...
place_region_2_top_0: Learning DBNS...
place_region_2_top_0: Building transition dicts for each DBN
place_region_2_top_0: Starting process for DBN 0
place_region_2_top_0: Starting process for DBN 1
place_region_2_top_0: Starting process for DBN 2
place_region_2_top_0: Starting process for DBN 3
place_region_2_top_0: Received dict for DBN 0
place_region_2_top_0: Received dict for DBN 1
place_region_2_top_0: Received dict for DBN 2
place_region_2_top_0: Received dict for DBN 3
place_region_2_top_0: Sampling transitions and computing reward
place_region_2_top_0: Building transition/reward matrices
place_region_2_left_0: Identifying enabled states...
place_region_2_left_0: Splitting up datasets...
place_region_2_left_0: Learning DBNS...
place_region_2_left_0: Building transition dicts for each DBN
place_region_2_left_0: Starting process for DBN 0
place_region_2_left_0: Starting process for DBN 1
place_region_2_left_0: Starting process for DBN 2
place_region_2_left_0: Starting process for DBN 3
place_region_2_left_0: Received dict for DBN 1
place_region_2_left_0: Received dict for DBN 0
place_region_2_left_0: Received dict for DBN 2
place_region_2_left_0: Received dict for DBN 3
place_region_2_left_0: Sampling transitions and computing reward
place_region_2_left_0: Building transition/reward matrices
place_region_2_right_0: Identifying enabled states...
place_region_2_right_0: Splitting up datasets...
place_region_2_right_0: Learning DBNS...
place_region_2_right_0: Building transition dicts for each DBN
place_region_2_right_0: Starting process for DBN 0
place_region_2_right_0: Starting process for DBN 1
place_region_2_right_0: Starting process for DBN 2
place_region_2_right_0: Starting process for DBN 3
place_region_2_right_0: Received dict for DBN 0
place_region_2_right_0: Received dict for DBN 1
place_region_2_right_0: Received dict for DBN 2
place_region_2_right_0: Received dict for DBN 3
place_region_2_right_0: Sampling transitions and computing reward
place_region_2_right_0: Building transition/reward matrices
place_region_2_front_270: Identifying enabled states...
place_region_2_front_270: Splitting up datasets...
place_region_2_front_270: Learning DBNS...
place_region_2_front_270: Building transition dicts for each DBN
place_region_2_front_270: Starting process for DBN 0
place_region_2_front_270: Starting process for DBN 1
place_region_2_front_270: Starting process for DBN 2
place_region_2_front_270: Starting process for DBN 3
place_region_2_front_270: Received dict for DBN 1
place_region_2_front_270: Received dict for DBN 0
place_region_2_front_270: Received dict for DBN 2
place_region_2_front_270: Received dict for DBN 3
place_region_2_front_270: Sampling transitions and computing reward
place_region_2_front_270: Building transition/reward matrices
Building MDP...
Synthesising Policy...
Solving MDP for timestep: 29
Solving MDP for timestep: 28
Solving MDP for timestep: 27
Solving MDP for timestep: 26
Solving MDP for timestep: 25
Solving MDP for timestep: 24
Solving MDP for timestep: 23
Solving MDP for timestep: 22
Solving MDP for timestep: 21
Solving MDP for timestep: 20
Solving MDP for timestep: 19
Solving MDP for timestep: 18
Solving MDP for timestep: 17
Solving MDP for timestep: 16
Solving MDP for timestep: 15
Solving MDP for timestep: 14
Solving MDP for timestep: 13
Solving MDP for timestep: 12
Solving MDP for timestep: 11
Solving MDP for timestep: 10
Solving MDP for timestep: 9
Solving MDP for timestep: 8
Solving MDP for timestep: 7
Solving MDP for timestep: 6
Solving MDP for timestep: 5
Solving MDP for timestep: 4
Solving MDP for timestep: 3
Solving MDP for timestep: 2
Solving MDP for timestep: 1
Solving MDP for timestep: 0
Resetting the scene for new episode
Step 0
policy value 42.31496047973633
State(column0: region_2, column1: region_1, column2: region_0)
pick_column2_top_0
Action: Action(ActionType.PICK, obj=/column2, slot=None,grasp=GraspType.TOP_0)
[EXEC] Picking /column2 with top_0

[INFO] Found 10624 potential configurations.
[INFO] Motion completed successfully with result: success,in execution time: 3.44 seconds
[INFO] Found a reachable configuration for pick action after 1 attempts.
Tip distance after pick: 0.041813988646726856
[INFO] Pick action completed successfully.in execution time: 3.44 seconds
[EXEC] Action ActionType.PICK executed in 11.57 seconds
[SUCCESS] Action ActionType.PICK succeeded for object /column2
Action duration: 3.44
[LOG] Transition logged to MongoDB: 3b45543f-1da5-4b6b-a71d-6af8c33bab70 - Episode 18
Step 1
policy value 41.42490768432617
State(column0: region_2, column1: region_1, column2: held)
place_goal_2_right_0
Action: Action(ActionType.PLACE, obj=/column2, slot=/goal_2,grasp=GraspType.RIGHT_0)
[EXEC] Placing at [-0.6000000000000001, 0.8250000000000003, 0.5] with grasp right_0

[INFO] Found 4864 potential configurations.
[INFO] Motion completed successfully with result: success,in execution time: 3.68 seconds
[INFO] Found a reachable configuration for place action after 1 attempts.
[INFO] Place action completed successfully.
realigning placed object /column2 to target position
[EXEC] Action ActionType.PLACE executed in 16.13 seconds
[SUCCESS] Action ActionType.PLACE succeeded for object /column2
Action duration: 3.6799999999999
[LOG] Transition logged to MongoDB: 3b45543f-1da5-4b6b-a71d-6af8c33bab70 - Episode 18
Step 2
policy value 39.049659729003906
State(column0: region_2, column1: region_1, column2: goal_2)
pick_column0_front_270
Action: Action(ActionType.PICK, obj=/column0, slot=None,grasp=GraspType.FRONT_270)
[EXEC] Picking /column0 with front_270

[INFO] Found 5696 potential configurations.
[INFO] Motion completed successfully with result: success,in execution time: 4.48 seconds
[INFO] Found a reachable configuration for pick action after 1 attempts.
Tip distance after pick: 0.07557084439375836
[INFO] Pick action completed successfully.in execution time: 4.48 seconds
[EXEC] Action ActionType.PICK executed in 14.90 seconds
[SUCCESS] Action ActionType.PICK succeeded for object /column0
Action duration: 4.4799999999999
[LOG] Transition logged to MongoDB: 3b45543f-1da5-4b6b-a71d-6af8c33bab70 - Episode 18
Step 3
policy value 38.56924819946289
State(column0: held, column1: region_1, column2: goal_2)
place_goal_1_front_270
Action: Action(ActionType.PLACE, obj=/column0, slot=/goal_1,grasp=GraspType.FRONT_270)
[EXEC] Placing at [-0.2749999999999999, 1.0750000000000006, 0.5] with grasp front_270

[INFO] Found 5184 potential configurations.
[INFO] Motion completed successfully with result: success,in execution time: 8.80 seconds
[INFO] Found a reachable configuration for place action after 1 attempts.
[INFO] Place action completed successfully.
realigning placed object /column0 to target position
[EXEC] Action ActionType.PLACE executed in 17.02 seconds
[SUCCESS] Action ActionType.PLACE succeeded for object /column0
Action duration: 8.7999999999998
[LOG] Transition logged to MongoDB: 3b45543f-1da5-4b6b-a71d-6af8c33bab70 - Episode 18
Step 4
policy value 35.68992614746094
State(column0: goal_1, column1: region_1, column2: goal_2)
pick_column1_front_270
Action: Action(ActionType.PICK, obj=/column1, slot=None,grasp=GraspType.FRONT_270)
[EXEC] Picking /column1 with front_270

[INFO] Found 4352 potential configurations.
[INFO] Motion completed successfully with result: success,in execution time: 6.48 seconds
[INFO] Found a reachable configuration for pick action after 1 attempts.
Tip distance after pick: 0.020066431885727386
[INFO] Pick action completed successfully.in execution time: 6.48 seconds
[EXEC] Action ActionType.PICK executed in 15.75 seconds
[SUCCESS] Action ActionType.PICK succeeded for object /column1
Action duration: 6.4799999999999
[LOG] Transition logged to MongoDB: 3b45543f-1da5-4b6b-a71d-6af8c33bab70 - Episode 18
Step 5
policy value 33.787864685058594
State(column0: goal_1, column1: held, column2: goal_2)
place_region_0_left_0
Action: Action(ActionType.PLACE, obj=/column1, slot=/region_0,grasp=GraspType.LEFT_0)
[EXEC] Placing at [0.35, 0.8, 0.521] with grasp left_0

[INFO] Found 4800 potential configurations.
[ERROR] Motion failed (collision or invalid path)
[ERROR] Motion result: collision
[WARN] Failed to find a path to the selected place config on attempt 1.
[WARN] No path found to selected place config, discarding and trying next valid config...
[ERROR] Motion failed (collision or invalid path)
[ERROR] Motion result: collision
[WARN] Failed to find a path to the selected place config on attempt 2.
[WARN] No path found to selected place config, discarding and trying next valid config...
[ERROR] Motion failed (collision or invalid path)
[ERROR] Motion result: collision
[WARN] Failed to find a path to the selected place config on attempt 3.
[WARN] No path found to selected place config, discarding and trying next valid config...
[ERROR] Max IK attempts reached, place action failed.
[EXEC] Action ActionType.PLACE executed in 45.35 seconds
[ERROR] Action ActionType.PLACE failed for object /column1
Action duration: 0.001
[LOG] Transition logged to MongoDB: 3b45543f-1da5-4b6b-a71d-6af8c33bab70 - Episode 18
Action failed, stopping. Time elapsed: 0.001
Step 6
policy value 32.34101104736328
State(column0: goal_1, column1: held, column2: goal_2)
place_region_0_left_0
Action: Action(ActionType.PLACE, obj=/column1, slot=/region_0,grasp=GraspType.LEFT_0)
[EXEC] Placing at [0.35, 0.8, 0.521] with grasp left_0

[INFO] Found 4800 potential configurations.
[ERROR] Motion failed (collision or invalid path)
[ERROR] Motion result: collision
[WARN] Failed to find a path to the selected place config on attempt 1.
[WARN] No path found to selected place config, discarding and trying next valid config...
[ERROR] Motion failed (collision or invalid path)
[ERROR] Motion result: collision
[WARN] Failed to find a path to the selected place config on attempt 2.
[WARN] No path found to selected place config, discarding and trying next valid config...
[INFO] Motion completed successfully with result: success,in execution time: 7.44 seconds
[INFO] Found a reachable configuration for place action after 3 attempts.
[INFO] Place action completed successfully.
realigning placed object /column1 to target position
[EXEC] Action ActionType.PLACE executed in 33.88 seconds
[SUCCESS] Action ActionType.PLACE succeeded for object /column1
Action duration: 7.4400000000012
[LOG] Transition logged to MongoDB: 3b45543f-1da5-4b6b-a71d-6af8c33bab70 - Episode 18
Step 7
policy value 31.146366119384766
State(column0: goal_1, column1: region_0, column2: goal_2)
pick_column1_front_270
Action: Action(ActionType.PICK, obj=/column1, slot=None,grasp=GraspType.FRONT_270)
[EXEC] Picking /column1 with front_270

[INFO] Found 7744 potential configurations.
[ERROR] Motion failed (collision or invalid path)
[ERROR] Motion result: collision
[WARN] Failed to find a path to the selected pick config on attempt 1.
[WARN] No path found to picked config, discarding and trying next valid config...
[INFO] Motion completed successfully with result: success,in execution time: 5.24 seconds
[INFO] Found a reachable configuration for pick action after 2 attempts.
Tip distance after pick: 0.021037292436160697
[INFO] Pick action completed successfully.in execution time: 5.24 seconds
[EXEC] Action ActionType.PICK executed in 17.54 seconds
[SUCCESS] Action ActionType.PICK succeeded for object /column1
Action duration: 5.2400000000008
[LOG] Transition logged to MongoDB: 3b45543f-1da5-4b6b-a71d-6af8c33bab70 - Episode 18
Step 8
policy value 29.451736450195312
State(column0: goal_1, column1: held, column2: goal_2)
place_region_0_left_0
Action: Action(ActionType.PLACE, obj=/column1, slot=/region_0,grasp=GraspType.LEFT_0)
[EXEC] Placing at [0.35, 0.8, 0.521] with grasp left_0

[INFO] Found 5184 potential configurations.
[INFO] Motion completed successfully with result: success,in execution time: 5.32 seconds
[INFO] Found a reachable configuration for place action after 1 attempts.
[INFO] Place action completed successfully.
realigning placed object /column1 to target position
[EXEC] Action ActionType.PLACE executed in 9.59 seconds
[SUCCESS] Action ActionType.PLACE succeeded for object /column1
Action duration: 5.3200000000008
[LOG] Transition logged to MongoDB: 3b45543f-1da5-4b6b-a71d-6af8c33bab70 - Episode 18
Step 9
policy value 28.260725021362305
State(column0: goal_1, column1: region_0, column2: goal_2)
pick_column1_front_270
Action: Action(ActionType.PICK, obj=/column1, slot=None,grasp=GraspType.FRONT_270)
[EXEC] Picking /column1 with front_270

[INFO] Found 8128 potential configurations.
[ERROR] Motion failed (collision or invalid path)
[ERROR] Motion result: collision
[WARN] Failed to find a path to the selected pick config on attempt 1.
[WARN] No path found to picked config, discarding and trying next valid config...
[ERROR] Motion failed (collision or invalid path)
[ERROR] Motion result: collision
[WARN] Failed to find a path to the selected pick config on attempt 2.
[WARN] No path found to picked config, discarding and trying next valid config...
[ERROR] Motion failed (collision or invalid path)
[ERROR] Motion result: collision
[WARN] Failed to find a path to the selected pick config on attempt 3.
[WARN] No path found to picked config, discarding and trying next valid config...
[ERROR] Max IK attempts reached, pick action failed.
[EXEC] Action ActionType.PICK executed in 21.68 seconds
[ERROR] Action ActionType.PICK failed for object /column1
Action duration: 0.001
[LOG] Transition logged to MongoDB: 3b45543f-1da5-4b6b-a71d-6af8c33bab70 - Episode 18
Action failed, stopping. Time elapsed: 0.001
Step 10
policy value 26.82147789001465
State(column0: goal_1, column1: region_0, column2: goal_2)
pick_column1_front_270
Action: Action(ActionType.PICK, obj=/column1, slot=None,grasp=GraspType.FRONT_270)
[EXEC] Picking /column1 with front_270

[INFO] Found 7808 potential configurations.
[ERROR] Motion failed (collision or invalid path)
[ERROR] Motion result: collision
[WARN] Failed to find a path to the selected pick config on attempt 1.
[WARN] No path found to picked config, discarding and trying next valid config...
[ERROR] Motion failed (collision or invalid path)
[ERROR] Motion result: collision
[WARN] Failed to find a path to the selected pick config on attempt 2.
[WARN] No path found to picked config, discarding and trying next valid config...
[ERROR] Motion failed (collision or invalid path)
[ERROR] Motion result: collision
[WARN] Failed to find a path to the selected pick config on attempt 3.
[WARN] No path found to picked config, discarding and trying next valid config...
[ERROR] Max IK attempts reached, pick action failed.
[EXEC] Action ActionType.PICK executed in 21.01 seconds
[ERROR] Action ActionType.PICK failed for object /column1
Action duration: 0.001
[LOG] Transition logged to MongoDB: 3b45543f-1da5-4b6b-a71d-6af8c33bab70 - Episode 18
Action failed, stopping. Time elapsed: 0.001
Step 11
policy value 25.385211944580078
State(column0: goal_1, column1: region_0, column2: goal_2)
pick_column1_front_270
Action: Action(ActionType.PICK, obj=/column1, slot=None,grasp=GraspType.FRONT_270)
[EXEC] Picking /column1 with front_270

[INFO] Found 8064 potential configurations.
[ERROR] Motion failed (collision or invalid path)
[ERROR] Motion result: collision
[WARN] Failed to find a path to the selected pick config on attempt 1.
[WARN] No path found to picked config, discarding and trying next valid config...
[ERROR] Motion failed (collision or invalid path)
[ERROR] Motion result: collision
[WARN] Failed to find a path to the selected pick config on attempt 2.
[WARN] No path found to picked config, discarding and trying next valid config...
[ERROR] Motion failed (collision or invalid path)
[ERROR] Motion result: collision
[WARN] Failed to find a path to the selected pick config on attempt 3.
[WARN] No path found to picked config, discarding and trying next valid config...
[ERROR] Max IK attempts reached, pick action failed.
[EXEC] Action ActionType.PICK executed in 15.04 seconds
[ERROR] Action ActionType.PICK failed for object /column1
Action duration: 0.001
[LOG] Transition logged to MongoDB: 3b45543f-1da5-4b6b-a71d-6af8c33bab70 - Episode 18
Action failed, stopping. Time elapsed: 0.001
Step 12
policy value 23.951566696166992
State(column0: goal_1, column1: region_0, column2: goal_2)
pick_column1_front_270
Action: Action(ActionType.PICK, obj=/column1, slot=None,grasp=GraspType.FRONT_270)
[EXEC] Picking /column1 with front_270

[INFO] Found 7616 potential configurations.
[ERROR] Motion failed (collision or invalid path)
[ERROR] Motion result: collision
[WARN] Failed to find a path to the selected pick config on attempt 1.
[WARN] No path found to picked config, discarding and trying next valid config...
[ERROR] Motion failed (collision or invalid path)
[ERROR] Motion result: collision
[WARN] Failed to find a path to the selected pick config on attempt 2.
[WARN] No path found to picked config, discarding and trying next valid config...
[ERROR] Motion failed (collision or invalid path)
[ERROR] Motion result: collision
[WARN] Failed to find a path to the selected pick config on attempt 3.
[WARN] No path found to picked config, discarding and trying next valid config...
[ERROR] Max IK attempts reached, pick action failed.
[EXEC] Action ActionType.PICK executed in 14.90 seconds
[ERROR] Action ActionType.PICK failed for object /column1
Action duration: 0.001
[LOG] Transition logged to MongoDB: 3b45543f-1da5-4b6b-a71d-6af8c33bab70 - Episode 18
Action failed, stopping. Time elapsed: 0.001
Step 13
policy value 22.520633697509766
State(column0: goal_1, column1: region_0, column2: goal_2)
pick_column1_front_270
Action: Action(ActionType.PICK, obj=/column1, slot=None,grasp=GraspType.FRONT_270)
[EXEC] Picking /column1 with front_270

[INFO] Found 5568 potential configurations.
[ERROR] Motion failed (collision or invalid path)
[ERROR] Motion result: collision
[WARN] Failed to find a path to the selected pick config on attempt 1.
[WARN] No path found to picked config, discarding and trying next valid config...
[ERROR] Motion failed (collision or invalid path)
[ERROR] Motion result: collision
[WARN] Failed to find a path to the selected pick config on attempt 2.
[WARN] No path found to picked config, discarding and trying next valid config...
[ERROR] Motion failed (collision or invalid path)
[ERROR] Motion result: collision
[WARN] Failed to find a path to the selected pick config on attempt 3.
[WARN] No path found to picked config, discarding and trying next valid config...
[ERROR] Max IK attempts reached, pick action failed.
[EXEC] Action ActionType.PICK executed in 13.54 seconds
[ERROR] Action ActionType.PICK failed for object /column1
Action duration: 0.001
[LOG] Transition logged to MongoDB: 3b45543f-1da5-4b6b-a71d-6af8c33bab70 - Episode 18
Action failed, stopping. Time elapsed: 0.001
Step 14
policy value 21.092729568481445
State(column0: goal_1, column1: region_0, column2: goal_2)
pick_column1_front_270
Action: Action(ActionType.PICK, obj=/column1, slot=None,grasp=GraspType.FRONT_270)
[EXEC] Picking /column1 with front_270

[INFO] Found 8384 potential configurations.
[ERROR] Motion failed (collision or invalid path)
[ERROR] Motion result: collision
[WARN] Failed to find a path to the selected pick config on attempt 1.
[WARN] No path found to picked config, discarding and trying next valid config...
[ERROR] Motion failed (collision or invalid path)
[ERROR] Motion result: collision
[WARN] Failed to find a path to the selected pick config on attempt 2.
[WARN] No path found to picked config, discarding and trying next valid config...
[ERROR] Motion failed (collision or invalid path)
[ERROR] Motion result: collision
[WARN] Failed to find a path to the selected pick config on attempt 3.
[WARN] No path found to picked config, discarding and trying next valid config...
[ERROR] Max IK attempts reached, pick action failed.
[EXEC] Action ActionType.PICK executed in 20.55 seconds
[ERROR] Action ActionType.PICK failed for object /column1
Action duration: 0.001
[LOG] Transition logged to MongoDB: 3b45543f-1da5-4b6b-a71d-6af8c33bab70 - Episode 18
Action failed, stopping. Time elapsed: 0.001
Too many failures, resetting episode
Episode 5 ended
Revising policy
USING STORM: False
Reading data from MongoDB...
Total option moiton param combinations 36
Collected combinations 36
Building state to idx mapping...
Building option ensembles...
pick_column0_top_0: Identifying enabled states...
pick_column0_top_0: Splitting up datasets...
pick_column0_top_0: Learning DBNS...
pick_column0_top_0: Building transition dicts for each DBN
pick_column0_top_0: Starting process for DBN 0
pick_column0_top_0: Starting process for DBN 1
pick_column0_top_0: Starting process for DBN 2
pick_column0_top_0: Starting process for DBN 3
pick_column0_top_0: Received dict for DBN 0
pick_column0_top_0: Received dict for DBN 1
pick_column0_top_0: Received dict for DBN 2
pick_column0_top_0: Received dict for DBN 3
pick_column0_top_0: Sampling transitions and computing reward
pick_column0_top_0: Building transition/reward matrices
pick_column0_left_0: Identifying enabled states...
pick_column0_left_0: Splitting up datasets...
pick_column0_left_0: Learning DBNS...
pick_column0_left_0: Building transition dicts for each DBN
pick_column0_left_0: Starting process for DBN 0
pick_column0_left_0: Starting process for DBN 1
pick_column0_left_0: Starting process for DBN 2
pick_column0_left_0: Starting process for DBN 3
pick_column0_left_0: Received dict for DBN 0
pick_column0_left_0: Received dict for DBN 1
pick_column0_left_0: Received dict for DBN 2
pick_column0_left_0: Received dict for DBN 3
pick_column0_left_0: Sampling transitions and computing reward
pick_column0_left_0: Building transition/reward matrices
pick_column0_right_0: Identifying enabled states...
pick_column0_right_0: Splitting up datasets...
pick_column0_right_0: Learning DBNS...
pick_column0_right_0: Building transition dicts for each DBN
pick_column0_right_0: Starting process for DBN 0
pick_column0_right_0: Starting process for DBN 1
pick_column0_right_0: Starting process for DBN 2
pick_column0_right_0: Starting process for DBN 3
pick_column0_right_0: Received dict for DBN 0
pick_column0_right_0: Received dict for DBN 1
pick_column0_right_0: Received dict for DBN 2
pick_column0_right_0: Received dict for DBN 3
pick_column0_right_0: Sampling transitions and computing reward
pick_column0_right_0: Building transition/reward matrices
pick_column0_front_270: Identifying enabled states...
pick_column0_front_270: Splitting up datasets...
pick_column0_front_270: Learning DBNS...
pick_column0_front_270: Building transition dicts for each DBN
pick_column0_front_270: Starting process for DBN 0
pick_column0_front_270: Starting process for DBN 1
pick_column0_front_270: Starting process for DBN 2
pick_column0_front_270: Starting process for DBN 3
pick_column0_front_270: Received dict for DBN 1
pick_column0_front_270: Received dict for DBN 0
pick_column0_front_270: Received dict for DBN 2
pick_column0_front_270: Received dict for DBN 3
pick_column0_front_270: Sampling transitions and computing reward
pick_column0_front_270: Building transition/reward matrices
pick_column1_top_0: Identifying enabled states...
pick_column1_top_0: Splitting up datasets...
pick_column1_top_0: Learning DBNS...
pick_column1_top_0: Building transition dicts for each DBN
pick_column1_top_0: Starting process for DBN 0
pick_column1_top_0: Starting process for DBN 1
pick_column1_top_0: Starting process for DBN 2
pick_column1_top_0: Starting process for DBN 3
pick_column1_top_0: Received dict for DBN 2
pick_column1_top_0: Received dict for DBN 0
pick_column1_top_0: Received dict for DBN 3
pick_column1_top_0: Received dict for DBN 1
pick_column1_top_0: Sampling transitions and computing reward
pick_column1_top_0: Building transition/reward matrices
pick_column1_left_0: Identifying enabled states...
pick_column1_left_0: Splitting up datasets...
pick_column1_left_0: Learning DBNS...
pick_column1_left_0: Building transition dicts for each DBN
pick_column1_left_0: Starting process for DBN 0
pick_column1_left_0: Starting process for DBN 1
pick_column1_left_0: Starting process for DBN 2
pick_column1_left_0: Starting process for DBN 3
pick_column1_left_0: Received dict for DBN 0
pick_column1_left_0: Received dict for DBN 1
pick_column1_left_0: Received dict for DBN 2
pick_column1_left_0: Received dict for DBN 3
pick_column1_left_0: Sampling transitions and computing reward
pick_column1_left_0: Building transition/reward matrices
pick_column1_right_0: Identifying enabled states...
pick_column1_right_0: Splitting up datasets...
pick_column1_right_0: Learning DBNS...
pick_column1_right_0: Building transition dicts for each DBN
pick_column1_right_0: Starting process for DBN 0
pick_column1_right_0: Starting process for DBN 1
pick_column1_right_0: Starting process for DBN 2
pick_column1_right_0: Starting process for DBN 3
pick_column1_right_0: Received dict for DBN 0
pick_column1_right_0: Received dict for DBN 1
pick_column1_right_0: Received dict for DBN 2
pick_column1_right_0: Received dict for DBN 3
pick_column1_right_0: Sampling transitions and computing reward
pick_column1_right_0: Building transition/reward matrices
pick_column1_front_270: Identifying enabled states...
pick_column1_front_270: Splitting up datasets...
pick_column1_front_270: Learning DBNS...
pick_column1_front_270: Building transition dicts for each DBN
pick_column1_front_270: Starting process for DBN 0
pick_column1_front_270: Starting process for DBN 1
pick_column1_front_270: Starting process for DBN 2
pick_column1_front_270: Starting process for DBN 3
pick_column1_front_270: Received dict for DBN 1
pick_column1_front_270: Received dict for DBN 2
pick_column1_front_270: Received dict for DBN 3
pick_column1_front_270: Received dict for DBN 0
pick_column1_front_270: Sampling transitions and computing reward
pick_column1_front_270: Building transition/reward matrices
pick_column2_top_0: Identifying enabled states...
pick_column2_top_0: Splitting up datasets...
pick_column2_top_0: Learning DBNS...
pick_column2_top_0: Building transition dicts for each DBN
pick_column2_top_0: Starting process for DBN 0
pick_column2_top_0: Starting process for DBN 1
pick_column2_top_0: Starting process for DBN 2
pick_column2_top_0: Starting process for DBN 3
pick_column2_top_0: Received dict for DBN 0
pick_column2_top_0: Received dict for DBN 1
pick_column2_top_0: Received dict for DBN 2
pick_column2_top_0: Received dict for DBN 3
pick_column2_top_0: Sampling transitions and computing reward
pick_column2_top_0: Building transition/reward matrices
pick_column2_left_0: Identifying enabled states...
pick_column2_left_0: Splitting up datasets...
pick_column2_left_0: Learning DBNS...
pick_column2_left_0: Building transition dicts for each DBN
pick_column2_left_0: Starting process for DBN 0
pick_column2_left_0: Starting process for DBN 1
pick_column2_left_0: Starting process for DBN 2
pick_column2_left_0: Starting process for DBN 3
pick_column2_left_0: Received dict for DBN 0
pick_column2_left_0: Received dict for DBN 1
pick_column2_left_0: Received dict for DBN 2
pick_column2_left_0: Received dict for DBN 3
pick_column2_left_0: Sampling transitions and computing reward
pick_column2_left_0: Building transition/reward matrices
pick_column2_right_0: Identifying enabled states...
pick_column2_right_0: Splitting up datasets...
pick_column2_right_0: Learning DBNS...
pick_column2_right_0: Building transition dicts for each DBN
pick_column2_right_0: Starting process for DBN 0
pick_column2_right_0: Starting process for DBN 1
pick_column2_right_0: Starting process for DBN 2
pick_column2_right_0: Starting process for DBN 3
pick_column2_right_0: Received dict for DBN 0
pick_column2_right_0: Received dict for DBN 1
pick_column2_right_0: Received dict for DBN 2
pick_column2_right_0: Received dict for DBN 3
pick_column2_right_0: Sampling transitions and computing reward
pick_column2_right_0: Building transition/reward matrices
pick_column2_front_270: Identifying enabled states...
pick_column2_front_270: Splitting up datasets...
pick_column2_front_270: Learning DBNS...
pick_column2_front_270: Building transition dicts for each DBN
pick_column2_front_270: Starting process for DBN 0
pick_column2_front_270: Starting process for DBN 1
pick_column2_front_270: Starting process for DBN 2
pick_column2_front_270: Starting process for DBN 3
pick_column2_front_270: Received dict for DBN 0
pick_column2_front_270: Received dict for DBN 1
pick_column2_front_270: Received dict for DBN 2
pick_column2_front_270: Received dict for DBN 3
pick_column2_front_270: Sampling transitions and computing reward
pick_column2_front_270: Building transition/reward matrices
place_goal_0_top_0: Identifying enabled states...
place_goal_0_top_0: Splitting up datasets...
place_goal_0_top_0: Learning DBNS...
place_goal_0_top_0: Building transition dicts for each DBN
place_goal_0_top_0: Starting process for DBN 0
place_goal_0_top_0: Starting process for DBN 1
place_goal_0_top_0: Starting process for DBN 2
place_goal_0_top_0: Starting process for DBN 3
place_goal_0_top_0: Received dict for DBN 0
place_goal_0_top_0: Received dict for DBN 1
place_goal_0_top_0: Received dict for DBN 3
place_goal_0_top_0: Received dict for DBN 2
place_goal_0_top_0: Sampling transitions and computing reward
place_goal_0_top_0: Building transition/reward matrices
place_goal_0_left_0: Identifying enabled states...
place_goal_0_left_0: Splitting up datasets...
place_goal_0_left_0: Learning DBNS...
place_goal_0_left_0: Building transition dicts for each DBN
place_goal_0_left_0: Starting process for DBN 0
place_goal_0_left_0: Starting process for DBN 1
place_goal_0_left_0: Starting process for DBN 2
place_goal_0_left_0: Starting process for DBN 3
place_goal_0_left_0: Received dict for DBN 0
place_goal_0_left_0: Received dict for DBN 1
place_goal_0_left_0: Received dict for DBN 2
place_goal_0_left_0: Received dict for DBN 3
place_goal_0_left_0: Sampling transitions and computing reward
place_goal_0_left_0: Building transition/reward matrices
place_goal_0_right_0: Identifying enabled states...
place_goal_0_right_0: Splitting up datasets...
place_goal_0_right_0: Learning DBNS...
place_goal_0_right_0: Building transition dicts for each DBN
place_goal_0_right_0: Starting process for DBN 0
place_goal_0_right_0: Starting process for DBN 1
place_goal_0_right_0: Starting process for DBN 2
place_goal_0_right_0: Starting process for DBN 3
place_goal_0_right_0: Received dict for DBN 0
place_goal_0_right_0: Received dict for DBN 1
place_goal_0_right_0: Received dict for DBN 2
place_goal_0_right_0: Received dict for DBN 3
place_goal_0_right_0: Sampling transitions and computing reward
place_goal_0_right_0: Building transition/reward matrices
place_goal_0_front_270: Identifying enabled states...
place_goal_0_front_270: Splitting up datasets...
place_goal_0_front_270: Learning DBNS...
place_goal_0_front_270: Building transition dicts for each DBN
place_goal_0_front_270: Starting process for DBN 0
place_goal_0_front_270: Starting process for DBN 1
place_goal_0_front_270: Starting process for DBN 2
place_goal_0_front_270: Starting process for DBN 3
place_goal_0_front_270: Received dict for DBN 1
place_goal_0_front_270: Received dict for DBN 3
place_goal_0_front_270: Received dict for DBN 2
place_goal_0_front_270: Received dict for DBN 0
place_goal_0_front_270: Sampling transitions and computing reward
place_goal_0_front_270: Building transition/reward matrices
place_goal_1_top_0: Identifying enabled states...
place_goal_1_top_0: Splitting up datasets...
place_goal_1_top_0: Learning DBNS...
place_goal_1_top_0: Building transition dicts for each DBN
place_goal_1_top_0: Starting process for DBN 0
place_goal_1_top_0: Starting process for DBN 1
place_goal_1_top_0: Starting process for DBN 2
place_goal_1_top_0: Starting process for DBN 3
place_goal_1_top_0: Received dict for DBN 0
place_goal_1_top_0: Received dict for DBN 1
place_goal_1_top_0: Received dict for DBN 2
place_goal_1_top_0: Received dict for DBN 3
place_goal_1_top_0: Sampling transitions and computing reward
place_goal_1_top_0: Building transition/reward matrices
place_goal_1_left_0: Identifying enabled states...
place_goal_1_left_0: Splitting up datasets...
place_goal_1_left_0: Learning DBNS...
place_goal_1_left_0: Building transition dicts for each DBN
place_goal_1_left_0: Starting process for DBN 0
place_goal_1_left_0: Starting process for DBN 1
place_goal_1_left_0: Starting process for DBN 2
place_goal_1_left_0: Starting process for DBN 3
place_goal_1_left_0: Received dict for DBN 0
place_goal_1_left_0: Received dict for DBN 1
place_goal_1_left_0: Received dict for DBN 2
place_goal_1_left_0: Received dict for DBN 3
place_goal_1_left_0: Sampling transitions and computing reward
place_goal_1_left_0: Building transition/reward matrices
place_goal_1_right_0: Identifying enabled states...
place_goal_1_right_0: Splitting up datasets...
place_goal_1_right_0: Learning DBNS...
place_goal_1_right_0: Building transition dicts for each DBN
place_goal_1_right_0: Starting process for DBN 0
place_goal_1_right_0: Starting process for DBN 1
place_goal_1_right_0: Starting process for DBN 2
place_goal_1_right_0: Starting process for DBN 3
place_goal_1_right_0: Received dict for DBN 0
place_goal_1_right_0: Received dict for DBN 1
place_goal_1_right_0: Received dict for DBN 2
place_goal_1_right_0: Received dict for DBN 3
place_goal_1_right_0: Sampling transitions and computing reward
place_goal_1_right_0: Building transition/reward matrices
place_goal_1_front_270: Identifying enabled states...
place_goal_1_front_270: Splitting up datasets...
place_goal_1_front_270: Learning DBNS...
place_goal_1_front_270: Building transition dicts for each DBN
place_goal_1_front_270: Starting process for DBN 0
place_goal_1_front_270: Starting process for DBN 1
place_goal_1_front_270: Starting process for DBN 2
place_goal_1_front_270: Starting process for DBN 3
place_goal_1_front_270: Received dict for DBN 0
place_goal_1_front_270: Received dict for DBN 1
place_goal_1_front_270: Received dict for DBN 3
place_goal_1_front_270: Received dict for DBN 2
place_goal_1_front_270: Sampling transitions and computing reward
place_goal_1_front_270: Building transition/reward matrices
place_goal_2_top_0: Identifying enabled states...
place_goal_2_top_0: Splitting up datasets...
place_goal_2_top_0: Learning DBNS...
place_goal_2_top_0: Building transition dicts for each DBN
place_goal_2_top_0: Starting process for DBN 0
place_goal_2_top_0: Starting process for DBN 1
place_goal_2_top_0: Starting process for DBN 2
place_goal_2_top_0: Starting process for DBN 3
place_goal_2_top_0: Received dict for DBN 0
place_goal_2_top_0: Received dict for DBN 1
place_goal_2_top_0: Received dict for DBN 2
place_goal_2_top_0: Received dict for DBN 3
place_goal_2_top_0: Sampling transitions and computing reward
place_goal_2_top_0: Building transition/reward matrices
place_goal_2_left_0: Identifying enabled states...
place_goal_2_left_0: Splitting up datasets...
place_goal_2_left_0: Learning DBNS...
place_goal_2_left_0: Building transition dicts for each DBN
place_goal_2_left_0: Starting process for DBN 0
place_goal_2_left_0: Starting process for DBN 1
place_goal_2_left_0: Starting process for DBN 2
place_goal_2_left_0: Starting process for DBN 3
place_goal_2_left_0: Received dict for DBN 0
place_goal_2_left_0: Received dict for DBN 1
place_goal_2_left_0: Received dict for DBN 2
place_goal_2_left_0: Received dict for DBN 3
place_goal_2_left_0: Sampling transitions and computing reward
place_goal_2_left_0: Building transition/reward matrices
place_goal_2_right_0: Identifying enabled states...
place_goal_2_right_0: Splitting up datasets...
place_goal_2_right_0: Learning DBNS...
place_goal_2_right_0: Building transition dicts for each DBN
place_goal_2_right_0: Starting process for DBN 0
place_goal_2_right_0: Starting process for DBN 1
place_goal_2_right_0: Starting process for DBN 2
place_goal_2_right_0: Starting process for DBN 3
place_goal_2_right_0: Received dict for DBN 0
place_goal_2_right_0: Received dict for DBN 1
place_goal_2_right_0: Received dict for DBN 2
place_goal_2_right_0: Received dict for DBN 3
place_goal_2_right_0: Sampling transitions and computing reward
place_goal_2_right_0: Building transition/reward matrices
place_goal_2_front_270: Identifying enabled states...
place_goal_2_front_270: Splitting up datasets...
place_goal_2_front_270: Learning DBNS...
place_goal_2_front_270: Building transition dicts for each DBN
place_goal_2_front_270: Starting process for DBN 0
place_goal_2_front_270: Starting process for DBN 1
place_goal_2_front_270: Starting process for DBN 2
place_goal_2_front_270: Starting process for DBN 3
place_goal_2_front_270: Received dict for DBN 0
place_goal_2_front_270: Received dict for DBN 1
place_goal_2_front_270: Received dict for DBN 2
place_goal_2_front_270: Received dict for DBN 3
place_goal_2_front_270: Sampling transitions and computing reward
place_goal_2_front_270: Building transition/reward matrices
place_region_0_top_0: Identifying enabled states...
place_region_0_top_0: Splitting up datasets...
place_region_0_top_0: Learning DBNS...
place_region_0_top_0: Building transition dicts for each DBN
place_region_0_top_0: Starting process for DBN 0
place_region_0_top_0: Starting process for DBN 1
place_region_0_top_0: Starting process for DBN 2
place_region_0_top_0: Starting process for DBN 3
place_region_0_top_0: Received dict for DBN 0
place_region_0_top_0: Received dict for DBN 2
place_region_0_top_0: Received dict for DBN 1
place_region_0_top_0: Received dict for DBN 3
place_region_0_top_0: Sampling transitions and computing reward
place_region_0_top_0: Building transition/reward matrices
place_region_0_left_0: Identifying enabled states...
place_region_0_left_0: Splitting up datasets...
place_region_0_left_0: Learning DBNS...
place_region_0_left_0: Building transition dicts for each DBN
place_region_0_left_0: Starting process for DBN 0
place_region_0_left_0: Starting process for DBN 1
place_region_0_left_0: Starting process for DBN 2
place_region_0_left_0: Starting process for DBN 3
place_region_0_left_0: Received dict for DBN 0
place_region_0_left_0: Received dict for DBN 1
place_region_0_left_0: Received dict for DBN 2
place_region_0_left_0: Received dict for DBN 3
place_region_0_left_0: Sampling transitions and computing reward
place_region_0_left_0: Building transition/reward matrices
place_region_0_right_0: Identifying enabled states...
place_region_0_right_0: Splitting up datasets...
place_region_0_right_0: Learning DBNS...
place_region_0_right_0: Building transition dicts for each DBN
place_region_0_right_0: Starting process for DBN 0
place_region_0_right_0: Starting process for DBN 1
place_region_0_right_0: Starting process for DBN 2
place_region_0_right_0: Starting process for DBN 3
place_region_0_right_0: Received dict for DBN 1
place_region_0_right_0: Received dict for DBN 0
place_region_0_right_0: Received dict for DBN 2
place_region_0_right_0: Received dict for DBN 3
place_region_0_right_0: Sampling transitions and computing reward
place_region_0_right_0: Building transition/reward matrices
place_region_0_front_270: Identifying enabled states...
place_region_0_front_270: Splitting up datasets...
place_region_0_front_270: Learning DBNS...
place_region_0_front_270: Building transition dicts for each DBN
place_region_0_front_270: Starting process for DBN 0
place_region_0_front_270: Starting process for DBN 1
place_region_0_front_270: Starting process for DBN 2
place_region_0_front_270: Starting process for DBN 3
place_region_0_front_270: Received dict for DBN 1
place_region_0_front_270: Received dict for DBN 0
place_region_0_front_270: Received dict for DBN 2
place_region_0_front_270: Received dict for DBN 3
place_region_0_front_270: Sampling transitions and computing reward
place_region_0_front_270: Building transition/reward matrices
place_region_1_top_0: Identifying enabled states...
place_region_1_top_0: Splitting up datasets...
place_region_1_top_0: Learning DBNS...
place_region_1_top_0: Building transition dicts for each DBN
place_region_1_top_0: Starting process for DBN 0
place_region_1_top_0: Starting process for DBN 1
place_region_1_top_0: Starting process for DBN 2
place_region_1_top_0: Starting process for DBN 3
place_region_1_top_0: Received dict for DBN 1
place_region_1_top_0: Received dict for DBN 0
place_region_1_top_0: Received dict for DBN 2
place_region_1_top_0: Received dict for DBN 3
place_region_1_top_0: Sampling transitions and computing reward
place_region_1_top_0: Building transition/reward matrices
place_region_1_left_0: Identifying enabled states...
place_region_1_left_0: Splitting up datasets...
place_region_1_left_0: Learning DBNS...
place_region_1_left_0: Building transition dicts for each DBN
place_region_1_left_0: Starting process for DBN 0
place_region_1_left_0: Starting process for DBN 1
place_region_1_left_0: Starting process for DBN 2
place_region_1_left_0: Starting process for DBN 3
place_region_1_left_0: Received dict for DBN 0
place_region_1_left_0: Received dict for DBN 1
place_region_1_left_0: Received dict for DBN 2
place_region_1_left_0: Received dict for DBN 3
place_region_1_left_0: Sampling transitions and computing reward
place_region_1_left_0: Building transition/reward matrices
place_region_1_right_0: Identifying enabled states...
place_region_1_right_0: Splitting up datasets...
place_region_1_right_0: Learning DBNS...
place_region_1_right_0: Building transition dicts for each DBN
place_region_1_right_0: Starting process for DBN 0
place_region_1_right_0: Starting process for DBN 1
place_region_1_right_0: Starting process for DBN 2
place_region_1_right_0: Starting process for DBN 3
place_region_1_right_0: Received dict for DBN 0
place_region_1_right_0: Received dict for DBN 1
place_region_1_right_0: Received dict for DBN 2
place_region_1_right_0: Received dict for DBN 3
place_region_1_right_0: Sampling transitions and computing reward
place_region_1_right_0: Building transition/reward matrices
place_region_1_front_270: Identifying enabled states...
place_region_1_front_270: Splitting up datasets...
place_region_1_front_270: Learning DBNS...
place_region_1_front_270: Building transition dicts for each DBN
place_region_1_front_270: Starting process for DBN 0
place_region_1_front_270: Starting process for DBN 1
place_region_1_front_270: Starting process for DBN 2
place_region_1_front_270: Starting process for DBN 3
place_region_1_front_270: Received dict for DBN 1
place_region_1_front_270: Received dict for DBN 0
place_region_1_front_270: Received dict for DBN 2
place_region_1_front_270: Received dict for DBN 3
place_region_1_front_270: Sampling transitions and computing reward
place_region_1_front_270: Building transition/reward matrices
place_region_2_top_0: Identifying enabled states...
place_region_2_top_0: Splitting up datasets...
place_region_2_top_0: Learning DBNS...
place_region_2_top_0: Building transition dicts for each DBN
place_region_2_top_0: Starting process for DBN 0
place_region_2_top_0: Starting process for DBN 1
place_region_2_top_0: Starting process for DBN 2
place_region_2_top_0: Starting process for DBN 3
place_region_2_top_0: Received dict for DBN 0
place_region_2_top_0: Received dict for DBN 1
place_region_2_top_0: Received dict for DBN 2
place_region_2_top_0: Received dict for DBN 3
place_region_2_top_0: Sampling transitions and computing reward
place_region_2_top_0: Building transition/reward matrices
place_region_2_left_0: Identifying enabled states...
place_region_2_left_0: Splitting up datasets...
place_region_2_left_0: Learning DBNS...
place_region_2_left_0: Building transition dicts for each DBN
place_region_2_left_0: Starting process for DBN 0
place_region_2_left_0: Starting process for DBN 1
place_region_2_left_0: Starting process for DBN 2
place_region_2_left_0: Starting process for DBN 3
place_region_2_left_0: Received dict for DBN 1
place_region_2_left_0: Received dict for DBN 0
place_region_2_left_0: Received dict for DBN 2
place_region_2_left_0: Received dict for DBN 3
place_region_2_left_0: Sampling transitions and computing reward
place_region_2_left_0: Building transition/reward matrices
place_region_2_right_0: Identifying enabled states...
place_region_2_right_0: Splitting up datasets...
place_region_2_right_0: Learning DBNS...
place_region_2_right_0: Building transition dicts for each DBN
place_region_2_right_0: Starting process for DBN 0
place_region_2_right_0: Starting process for DBN 1
place_region_2_right_0: Starting process for DBN 2
place_region_2_right_0: Starting process for DBN 3
place_region_2_right_0: Received dict for DBN 0
place_region_2_right_0: Received dict for DBN 1
place_region_2_right_0: Received dict for DBN 2
place_region_2_right_0: Received dict for DBN 3
place_region_2_right_0: Sampling transitions and computing reward
place_region_2_right_0: Building transition/reward matrices
place_region_2_front_270: Identifying enabled states...
place_region_2_front_270: Splitting up datasets...
place_region_2_front_270: Learning DBNS...
place_region_2_front_270: Building transition dicts for each DBN
place_region_2_front_270: Starting process for DBN 0
place_region_2_front_270: Starting process for DBN 1
place_region_2_front_270: Starting process for DBN 2
place_region_2_front_270: Starting process for DBN 3
place_region_2_front_270: Received dict for DBN 1
place_region_2_front_270: Received dict for DBN 0
place_region_2_front_270: Received dict for DBN 2
place_region_2_front_270: Received dict for DBN 3
place_region_2_front_270: Sampling transitions and computing reward
place_region_2_front_270: Building transition/reward matrices
Building MDP...
Synthesising Policy...
Solving MDP for timestep: 29
Solving MDP for timestep: 28
Solving MDP for timestep: 27
Solving MDP for timestep: 26
Solving MDP for timestep: 25
Solving MDP for timestep: 24
Solving MDP for timestep: 23
Solving MDP for timestep: 22
Solving MDP for timestep: 21
Solving MDP for timestep: 20
Solving MDP for timestep: 19
Solving MDP for timestep: 18
Solving MDP for timestep: 17
Solving MDP for timestep: 16
Solving MDP for timestep: 15
Solving MDP for timestep: 14
Solving MDP for timestep: 13
Solving MDP for timestep: 12
Solving MDP for timestep: 11
Solving MDP for timestep: 10
Solving MDP for timestep: 9
Solving MDP for timestep: 8
Solving MDP for timestep: 7
Solving MDP for timestep: 6
Solving MDP for timestep: 5
Solving MDP for timestep: 4
Solving MDP for timestep: 3
Solving MDP for timestep: 2
Solving MDP for timestep: 1
Solving MDP for timestep: 0
Resetting the scene for new episode
Step 0
policy value 39.403743743896484
State(column0: region_0, column1: region_1, column2: region_2)
pick_column2_front_270
Action: Action(ActionType.PICK, obj=/column2, slot=None,grasp=GraspType.FRONT_270)
[EXEC] Picking /column2 with front_270

[INFO] Found 6208 potential configurations.
[INFO] Motion completed successfully with result: success,in execution time: 4.16 seconds
[INFO] Found a reachable configuration for pick action after 1 attempts.
Tip distance after pick: 0.01996158338200708
[INFO] Pick action completed successfully.in execution time: 4.16 seconds
[EXEC] Action ActionType.PICK executed in 10.62 seconds
[SUCCESS] Action ActionType.PICK succeeded for object /column2
Action duration: 4.16
[LOG] Transition logged to MongoDB: 3b45543f-1da5-4b6b-a71d-6af8c33bab70 - Episode 18
Step 1
policy value 38.388511657714844
State(column0: region_0, column1: region_1, column2: held)
place_goal_2_right_0
Action: Action(ActionType.PLACE, obj=/column2, slot=/goal_2,grasp=GraspType.RIGHT_0)
[EXEC] Placing at [-0.6000000000000001, 0.8250000000000003, 0.5] with grasp right_0

[INFO] Found 4800 potential configurations.
[INFO] Motion completed successfully with result: success,in execution time: 6.00 seconds
[INFO] Found a reachable configuration for place action after 1 attempts.
[INFO] Place action completed successfully.
realigning placed object /column2 to target position
[EXEC] Action ActionType.PLACE executed in 13.60 seconds
[SUCCESS] Action ActionType.PLACE succeeded for object /column2
Action duration: 5.9999999999999
[LOG] Transition logged to MongoDB: 3b45543f-1da5-4b6b-a71d-6af8c33bab70 - Episode 18
Step 2
policy value 35.61420440673828
State(column0: region_0, column1: region_1, column2: goal_2)
pick_column0_front_270
Action: Action(ActionType.PICK, obj=/column0, slot=None,grasp=GraspType.FRONT_270)
[EXEC] Picking /column0 with front_270

[INFO] Found 7488 potential configurations.
[ERROR] Motion failed (collision or invalid path)
[ERROR] Motion result: collision
[WARN] Failed to find a path to the selected pick config on attempt 1.
[WARN] No path found to picked config, discarding and trying next valid config...
[ERROR] Motion failed (collision or invalid path)
[ERROR] Motion result: collision
[WARN] Failed to find a path to the selected pick config on attempt 2.
[WARN] No path found to picked config, discarding and trying next valid config...
[ERROR] Motion failed (collision or invalid path)
[ERROR] Motion result: collision
[WARN] Failed to find a path to the selected pick config on attempt 3.
[WARN] No path found to picked config, discarding and trying next valid config...
[ERROR] Max IK attempts reached, pick action failed.
[EXEC] Action ActionType.PICK executed in 19.53 seconds
[ERROR] Action ActionType.PICK failed for object /column0
Action duration: 0.001
[LOG] Transition logged to MongoDB: 3b45543f-1da5-4b6b-a71d-6af8c33bab70 - Episode 18
Action failed, stopping. Time elapsed: 0.001
Step 3
policy value 34.169681549072266
State(column0: region_0, column1: region_1, column2: goal_2)
pick_column0_front_270
Action: Action(ActionType.PICK, obj=/column0, slot=None,grasp=GraspType.FRONT_270)
[EXEC] Picking /column0 with front_270

[INFO] Found 7296 potential configurations.
[ERROR] Motion failed (collision or invalid path)
[ERROR] Motion result: collision
[WARN] Failed to find a path to the selected pick config on attempt 1.
[WARN] No path found to picked config, discarding and trying next valid config...
[ERROR] Motion failed (collision or invalid path)
[ERROR] Motion result: collision
[WARN] Failed to find a path to the selected pick config on attempt 2.
[WARN] No path found to picked config, discarding and trying next valid config...
[ERROR] Motion failed (collision or invalid path)
[ERROR] Motion result: collision
[WARN] Failed to find a path to the selected pick config on attempt 3.
[WARN] No path found to picked config, discarding and trying next valid config...
[ERROR] Max IK attempts reached, pick action failed.
[EXEC] Action ActionType.PICK executed in 23.13 seconds
[ERROR] Action ActionType.PICK failed for object /column0
Action duration: 0.001
[LOG] Transition logged to MongoDB: 3b45543f-1da5-4b6b-a71d-6af8c33bab70 - Episode 18
Action failed, stopping. Time elapsed: 0.001
Step 4
policy value 32.73102951049805
State(column0: region_0, column1: region_1, column2: goal_2)
pick_column0_front_270
Action: Action(ActionType.PICK, obj=/column0, slot=None,grasp=GraspType.FRONT_270)
[EXEC] Picking /column0 with front_270

[INFO] Found 7488 potential configurations.
[ERROR] Motion failed (collision or invalid path)
[ERROR] Motion result: collision
[WARN] Failed to find a path to the selected pick config on attempt 1.
[WARN] No path found to picked config, discarding and trying next valid config...
[ERROR] Motion failed (collision or invalid path)
[ERROR] Motion result: collision
[WARN] Failed to find a path to the selected pick config on attempt 2.
[WARN] No path found to picked config, discarding and trying next valid config...
[ERROR] Motion failed (collision or invalid path)
[ERROR] Motion result: collision
[WARN] Failed to find a path to the selected pick config on attempt 3.
[WARN] No path found to picked config, discarding and trying next valid config...
[ERROR] Max IK attempts reached, pick action failed.
[EXEC] Action ActionType.PICK executed in 21.92 seconds
[ERROR] Action ActionType.PICK failed for object /column0
Action duration: 0.001
[LOG] Transition logged to MongoDB: 3b45543f-1da5-4b6b-a71d-6af8c33bab70 - Episode 18
Action failed, stopping. Time elapsed: 0.001
Step 5
policy value 31.298694610595703
State(column0: region_0, column1: region_1, column2: goal_2)
pick_column0_front_270
Action: Action(ActionType.PICK, obj=/column0, slot=None,grasp=GraspType.FRONT_270)
[EXEC] Picking /column0 with front_270

[INFO] Found 7296 potential configurations.
[ERROR] Motion failed (collision or invalid path)
[ERROR] Motion result: collision
[WARN] Failed to find a path to the selected pick config on attempt 1.
[WARN] No path found to picked config, discarding and trying next valid config...
[ERROR] Motion failed (collision or invalid path)
[ERROR] Motion result: collision
[WARN] Failed to find a path to the selected pick config on attempt 2.
[WARN] No path found to picked config, discarding and trying next valid config...
[ERROR] Motion failed (collision or invalid path)
[ERROR] Motion result: collision
[WARN] Failed to find a path to the selected pick config on attempt 3.
[WARN] No path found to picked config, discarding and trying next valid config...
[ERROR] Max IK attempts reached, pick action failed.
[EXEC] Action ActionType.PICK executed in 28.07 seconds
[ERROR] Action ActionType.PICK failed for object /column0
Action duration: 0.001
[LOG] Transition logged to MongoDB: 3b45543f-1da5-4b6b-a71d-6af8c33bab70 - Episode 18
Action failed, stopping. Time elapsed: 0.001
Step 6
policy value 29.87288475036621
State(column0: region_0, column1: region_1, column2: goal_2)
pick_column0_front_270
Action: Action(ActionType.PICK, obj=/column0, slot=None,grasp=GraspType.FRONT_270)
[EXEC] Picking /column0 with front_270

[INFO] Found 7168 potential configurations.
[ERROR] Motion failed (collision or invalid path)
[ERROR] Motion result: collision
[WARN] Failed to find a path to the selected pick config on attempt 1.
[WARN] No path found to picked config, discarding and trying next valid config...
[ERROR] Motion failed (collision or invalid path)
[ERROR] Motion result: collision
[WARN] Failed to find a path to the selected pick config on attempt 2.
[WARN] No path found to picked config, discarding and trying next valid config...
[ERROR] Motion failed (collision or invalid path)
[ERROR] Motion result: collision
[WARN] Failed to find a path to the selected pick config on attempt 3.
[WARN] No path found to picked config, discarding and trying next valid config...
[ERROR] Max IK attempts reached, pick action failed.
[EXEC] Action ActionType.PICK executed in 18.97 seconds
[ERROR] Action ActionType.PICK failed for object /column0
Action duration: 0.001
[LOG] Transition logged to MongoDB: 3b45543f-1da5-4b6b-a71d-6af8c33bab70 - Episode 18
Action failed, stopping. Time elapsed: 0.001
Step 7
policy value 28.453716278076172
State(column0: region_0, column1: region_1, column2: goal_2)
pick_column0_front_270
Action: Action(ActionType.PICK, obj=/column0, slot=None,grasp=GraspType.FRONT_270)
[EXEC] Picking /column0 with front_270

[INFO] Found 7616 potential configurations.
[ERROR] Motion failed (collision or invalid path)
[ERROR] Motion result: collision
[WARN] Failed to find a path to the selected pick config on attempt 1.
[WARN] No path found to picked config, discarding and trying next valid config...
[ERROR] Motion failed (collision or invalid path)
[ERROR] Motion result: collision
[WARN] Failed to find a path to the selected pick config on attempt 2.
[WARN] No path found to picked config, discarding and trying next valid config...
[ERROR] Motion failed (collision or invalid path)
[ERROR] Motion result: collision
[WARN] Failed to find a path to the selected pick config on attempt 3.
[WARN] No path found to picked config, discarding and trying next valid config...
[ERROR] Max IK attempts reached, pick action failed.
[EXEC] Action ActionType.PICK executed in 21.06 seconds
[ERROR] Action ActionType.PICK failed for object /column0
Action duration: 0.001
[LOG] Transition logged to MongoDB: 3b45543f-1da5-4b6b-a71d-6af8c33bab70 - Episode 18
Action failed, stopping. Time elapsed: 0.001
Too many failures, resetting episode
Episode 6 ended
Revising policy
USING STORM: False
Reading data from MongoDB...
Total option moiton param combinations 36
Collected combinations 36
Building state to idx mapping...
Building option ensembles...
pick_column0_top_0: Identifying enabled states...
pick_column0_top_0: Splitting up datasets...
pick_column0_top_0: Learning DBNS...
pick_column0_top_0: Building transition dicts for each DBN
pick_column0_top_0: Starting process for DBN 0
pick_column0_top_0: Starting process for DBN 1
pick_column0_top_0: Starting process for DBN 2
pick_column0_top_0: Starting process for DBN 3
pick_column0_top_0: Received dict for DBN 0
pick_column0_top_0: Received dict for DBN 1
pick_column0_top_0: Received dict for DBN 2
pick_column0_top_0: Received dict for DBN 3
pick_column0_top_0: Sampling transitions and computing reward
pick_column0_top_0: Building transition/reward matrices
pick_column0_left_0: Identifying enabled states...
pick_column0_left_0: Splitting up datasets...
pick_column0_left_0: Learning DBNS...
pick_column0_left_0: Building transition dicts for each DBN
pick_column0_left_0: Starting process for DBN 0
pick_column0_left_0: Starting process for DBN 1
pick_column0_left_0: Starting process for DBN 2
pick_column0_left_0: Starting process for DBN 3
pick_column0_left_0: Received dict for DBN 0
pick_column0_left_0: Received dict for DBN 1
pick_column0_left_0: Received dict for DBN 2
pick_column0_left_0: Received dict for DBN 3
pick_column0_left_0: Sampling transitions and computing reward
pick_column0_left_0: Building transition/reward matrices
pick_column0_right_0: Identifying enabled states...
pick_column0_right_0: Splitting up datasets...
pick_column0_right_0: Learning DBNS...
pick_column0_right_0: Building transition dicts for each DBN
pick_column0_right_0: Starting process for DBN 0
pick_column0_right_0: Starting process for DBN 1
pick_column0_right_0: Starting process for DBN 2
pick_column0_right_0: Starting process for DBN 3
pick_column0_right_0: Received dict for DBN 0
pick_column0_right_0: Received dict for DBN 1
pick_column0_right_0: Received dict for DBN 2
pick_column0_right_0: Received dict for DBN 3
pick_column0_right_0: Sampling transitions and computing reward
pick_column0_right_0: Building transition/reward matrices
pick_column0_front_270: Identifying enabled states...
pick_column0_front_270: Splitting up datasets...
pick_column0_front_270: Learning DBNS...
pick_column0_front_270: Building transition dicts for each DBN
pick_column0_front_270: Starting process for DBN 0
pick_column0_front_270: Starting process for DBN 1
pick_column0_front_270: Starting process for DBN 2
pick_column0_front_270: Starting process for DBN 3
pick_column0_front_270: Received dict for DBN 0
pick_column0_front_270: Received dict for DBN 2
pick_column0_front_270: Received dict for DBN 1
pick_column0_front_270: Received dict for DBN 3
pick_column0_front_270: Sampling transitions and computing reward
pick_column0_front_270: Building transition/reward matrices
pick_column1_top_0: Identifying enabled states...
pick_column1_top_0: Splitting up datasets...
pick_column1_top_0: Learning DBNS...
pick_column1_top_0: Building transition dicts for each DBN
pick_column1_top_0: Starting process for DBN 0
pick_column1_top_0: Starting process for DBN 1
pick_column1_top_0: Starting process for DBN 2
pick_column1_top_0: Starting process for DBN 3
pick_column1_top_0: Received dict for DBN 0
pick_column1_top_0: Received dict for DBN 1
pick_column1_top_0: Received dict for DBN 2
pick_column1_top_0: Received dict for DBN 3
pick_column1_top_0: Sampling transitions and computing reward
pick_column1_top_0: Building transition/reward matrices
pick_column1_left_0: Identifying enabled states...
pick_column1_left_0: Splitting up datasets...
pick_column1_left_0: Learning DBNS...
pick_column1_left_0: Building transition dicts for each DBN
pick_column1_left_0: Starting process for DBN 0
pick_column1_left_0: Starting process for DBN 1
pick_column1_left_0: Starting process for DBN 2
pick_column1_left_0: Starting process for DBN 3
pick_column1_left_0: Received dict for DBN 0
pick_column1_left_0: Received dict for DBN 1
pick_column1_left_0: Received dict for DBN 2
pick_column1_left_0: Received dict for DBN 3
pick_column1_left_0: Sampling transitions and computing reward
pick_column1_left_0: Building transition/reward matrices
pick_column1_right_0: Identifying enabled states...
pick_column1_right_0: Splitting up datasets...
pick_column1_right_0: Learning DBNS...
pick_column1_right_0: Building transition dicts for each DBN
pick_column1_right_0: Starting process for DBN 0
pick_column1_right_0: Starting process for DBN 1
pick_column1_right_0: Starting process for DBN 2
pick_column1_right_0: Starting process for DBN 3
pick_column1_right_0: Received dict for DBN 0
pick_column1_right_0: Received dict for DBN 1
pick_column1_right_0: Received dict for DBN 2
pick_column1_right_0: Received dict for DBN 3
pick_column1_right_0: Sampling transitions and computing reward
pick_column1_right_0: Building transition/reward matrices
pick_column1_front_270: Identifying enabled states...
pick_column1_front_270: Splitting up datasets...
pick_column1_front_270: Learning DBNS...
pick_column1_front_270: Building transition dicts for each DBN
pick_column1_front_270: Starting process for DBN 0
pick_column1_front_270: Starting process for DBN 1
pick_column1_front_270: Starting process for DBN 2
pick_column1_front_270: Starting process for DBN 3
pick_column1_front_270: Received dict for DBN 0
pick_column1_front_270: Received dict for DBN 1
pick_column1_front_270: Received dict for DBN 2
pick_column1_front_270: Received dict for DBN 3
pick_column1_front_270: Sampling transitions and computing reward
pick_column1_front_270: Building transition/reward matrices
pick_column2_top_0: Identifying enabled states...
pick_column2_top_0: Splitting up datasets...
pick_column2_top_0: Learning DBNS...
pick_column2_top_0: Building transition dicts for each DBN
pick_column2_top_0: Starting process for DBN 0
pick_column2_top_0: Starting process for DBN 1
pick_column2_top_0: Starting process for DBN 2
pick_column2_top_0: Starting process for DBN 3
pick_column2_top_0: Received dict for DBN 0
pick_column2_top_0: Received dict for DBN 1
pick_column2_top_0: Received dict for DBN 2
pick_column2_top_0: Received dict for DBN 3
pick_column2_top_0: Sampling transitions and computing reward
pick_column2_top_0: Building transition/reward matrices
pick_column2_left_0: Identifying enabled states...
pick_column2_left_0: Splitting up datasets...
pick_column2_left_0: Learning DBNS...
pick_column2_left_0: Building transition dicts for each DBN
pick_column2_left_0: Starting process for DBN 0
pick_column2_left_0: Starting process for DBN 1
pick_column2_left_0: Starting process for DBN 2
pick_column2_left_0: Starting process for DBN 3
pick_column2_left_0: Received dict for DBN 0
pick_column2_left_0: Received dict for DBN 1
pick_column2_left_0: Received dict for DBN 2
pick_column2_left_0: Received dict for DBN 3
pick_column2_left_0: Sampling transitions and computing reward
pick_column2_left_0: Building transition/reward matrices
pick_column2_right_0: Identifying enabled states...
pick_column2_right_0: Splitting up datasets...
pick_column2_right_0: Learning DBNS...
pick_column2_right_0: Building transition dicts for each DBN
pick_column2_right_0: Starting process for DBN 0
pick_column2_right_0: Starting process for DBN 1
pick_column2_right_0: Starting process for DBN 2
pick_column2_right_0: Starting process for DBN 3
pick_column2_right_0: Received dict for DBN 0
pick_column2_right_0: Received dict for DBN 1
pick_column2_right_0: Received dict for DBN 2
pick_column2_right_0: Received dict for DBN 3
pick_column2_right_0: Sampling transitions and computing reward
pick_column2_right_0: Building transition/reward matrices
pick_column2_front_270: Identifying enabled states...
pick_column2_front_270: Splitting up datasets...
pick_column2_front_270: Learning DBNS...
pick_column2_front_270: Building transition dicts for each DBN
pick_column2_front_270: Starting process for DBN 0
pick_column2_front_270: Starting process for DBN 1
pick_column2_front_270: Starting process for DBN 2
pick_column2_front_270: Starting process for DBN 3
pick_column2_front_270: Received dict for DBN 0
pick_column2_front_270: Received dict for DBN 1
pick_column2_front_270: Received dict for DBN 2
pick_column2_front_270: Received dict for DBN 3
pick_column2_front_270: Sampling transitions and computing reward
pick_column2_front_270: Building transition/reward matrices
place_goal_0_top_0: Identifying enabled states...
place_goal_0_top_0: Splitting up datasets...
place_goal_0_top_0: Learning DBNS...
place_goal_0_top_0: Building transition dicts for each DBN
place_goal_0_top_0: Starting process for DBN 0
place_goal_0_top_0: Starting process for DBN 1
place_goal_0_top_0: Starting process for DBN 2
place_goal_0_top_0: Starting process for DBN 3
place_goal_0_top_0: Received dict for DBN 0
place_goal_0_top_0: Received dict for DBN 1
place_goal_0_top_0: Received dict for DBN 2
place_goal_0_top_0: Received dict for DBN 3
place_goal_0_top_0: Sampling transitions and computing reward
place_goal_0_top_0: Building transition/reward matrices
place_goal_0_left_0: Identifying enabled states...
place_goal_0_left_0: Splitting up datasets...
place_goal_0_left_0: Learning DBNS...
place_goal_0_left_0: Building transition dicts for each DBN
place_goal_0_left_0: Starting process for DBN 0
place_goal_0_left_0: Starting process for DBN 1
place_goal_0_left_0: Starting process for DBN 2
place_goal_0_left_0: Starting process for DBN 3
place_goal_0_left_0: Received dict for DBN 0
place_goal_0_left_0: Received dict for DBN 1
place_goal_0_left_0: Received dict for DBN 2
place_goal_0_left_0: Received dict for DBN 3
place_goal_0_left_0: Sampling transitions and computing reward
place_goal_0_left_0: Building transition/reward matrices
place_goal_0_right_0: Identifying enabled states...
place_goal_0_right_0: Splitting up datasets...
place_goal_0_right_0: Learning DBNS...
place_goal_0_right_0: Building transition dicts for each DBN
place_goal_0_right_0: Starting process for DBN 0
place_goal_0_right_0: Starting process for DBN 1
place_goal_0_right_0: Starting process for DBN 2
place_goal_0_right_0: Starting process for DBN 3
place_goal_0_right_0: Received dict for DBN 0
place_goal_0_right_0: Received dict for DBN 1
place_goal_0_right_0: Received dict for DBN 2
place_goal_0_right_0: Received dict for DBN 3
place_goal_0_right_0: Sampling transitions and computing reward
place_goal_0_right_0: Building transition/reward matrices
place_goal_0_front_270: Identifying enabled states...
place_goal_0_front_270: Splitting up datasets...
place_goal_0_front_270: Learning DBNS...
place_goal_0_front_270: Building transition dicts for each DBN
place_goal_0_front_270: Starting process for DBN 0
place_goal_0_front_270: Starting process for DBN 1
place_goal_0_front_270: Starting process for DBN 2
place_goal_0_front_270: Starting process for DBN 3
place_goal_0_front_270: Received dict for DBN 2
place_goal_0_front_270: Received dict for DBN 1
place_goal_0_front_270: Received dict for DBN 3
place_goal_0_front_270: Received dict for DBN 0
place_goal_0_front_270: Sampling transitions and computing reward
place_goal_0_front_270: Building transition/reward matrices
place_goal_1_top_0: Identifying enabled states...
place_goal_1_top_0: Splitting up datasets...
place_goal_1_top_0: Learning DBNS...
place_goal_1_top_0: Building transition dicts for each DBN
place_goal_1_top_0: Starting process for DBN 0
place_goal_1_top_0: Starting process for DBN 1
place_goal_1_top_0: Starting process for DBN 2
place_goal_1_top_0: Starting process for DBN 3
place_goal_1_top_0: Received dict for DBN 0
place_goal_1_top_0: Received dict for DBN 1
place_goal_1_top_0: Received dict for DBN 2
place_goal_1_top_0: Received dict for DBN 3
place_goal_1_top_0: Sampling transitions and computing reward
place_goal_1_top_0: Building transition/reward matrices
place_goal_1_left_0: Identifying enabled states...
place_goal_1_left_0: Splitting up datasets...
place_goal_1_left_0: Learning DBNS...
place_goal_1_left_0: Building transition dicts for each DBN
place_goal_1_left_0: Starting process for DBN 0
place_goal_1_left_0: Starting process for DBN 1
place_goal_1_left_0: Starting process for DBN 2
place_goal_1_left_0: Starting process for DBN 3
place_goal_1_left_0: Received dict for DBN 0
place_goal_1_left_0: Received dict for DBN 1
place_goal_1_left_0: Received dict for DBN 2
place_goal_1_left_0: Received dict for DBN 3
place_goal_1_left_0: Sampling transitions and computing reward
place_goal_1_left_0: Building transition/reward matrices
place_goal_1_right_0: Identifying enabled states...
place_goal_1_right_0: Splitting up datasets...
place_goal_1_right_0: Learning DBNS...
place_goal_1_right_0: Building transition dicts for each DBN
place_goal_1_right_0: Starting process for DBN 0
place_goal_1_right_0: Starting process for DBN 1
place_goal_1_right_0: Starting process for DBN 2
place_goal_1_right_0: Starting process for DBN 3
place_goal_1_right_0: Received dict for DBN 0
place_goal_1_right_0: Received dict for DBN 1
place_goal_1_right_0: Received dict for DBN 2
place_goal_1_right_0: Received dict for DBN 3
place_goal_1_right_0: Sampling transitions and computing reward
place_goal_1_right_0: Building transition/reward matrices
place_goal_1_front_270: Identifying enabled states...
place_goal_1_front_270: Splitting up datasets...
place_goal_1_front_270: Learning DBNS...
place_goal_1_front_270: Building transition dicts for each DBN
place_goal_1_front_270: Starting process for DBN 0
place_goal_1_front_270: Starting process for DBN 1
place_goal_1_front_270: Starting process for DBN 2
place_goal_1_front_270: Starting process for DBN 3
place_goal_1_front_270: Received dict for DBN 0
place_goal_1_front_270: Received dict for DBN 1
place_goal_1_front_270: Received dict for DBN 3
place_goal_1_front_270: Received dict for DBN 2
place_goal_1_front_270: Sampling transitions and computing reward
place_goal_1_front_270: Building transition/reward matrices
place_goal_2_top_0: Identifying enabled states...
place_goal_2_top_0: Splitting up datasets...
place_goal_2_top_0: Learning DBNS...
place_goal_2_top_0: Building transition dicts for each DBN
place_goal_2_top_0: Starting process for DBN 0
place_goal_2_top_0: Starting process for DBN 1
place_goal_2_top_0: Starting process for DBN 2
place_goal_2_top_0: Starting process for DBN 3
place_goal_2_top_0: Received dict for DBN 0
place_goal_2_top_0: Received dict for DBN 1
place_goal_2_top_0: Received dict for DBN 2
place_goal_2_top_0: Received dict for DBN 3
place_goal_2_top_0: Sampling transitions and computing reward
place_goal_2_top_0: Building transition/reward matrices
place_goal_2_left_0: Identifying enabled states...
place_goal_2_left_0: Splitting up datasets...
place_goal_2_left_0: Learning DBNS...
place_goal_2_left_0: Building transition dicts for each DBN
place_goal_2_left_0: Starting process for DBN 0
place_goal_2_left_0: Starting process for DBN 1
place_goal_2_left_0: Starting process for DBN 2
place_goal_2_left_0: Starting process for DBN 3
place_goal_2_left_0: Received dict for DBN 1
place_goal_2_left_0: Received dict for DBN 0
place_goal_2_left_0: Received dict for DBN 2
place_goal_2_left_0: Received dict for DBN 3
place_goal_2_left_0: Sampling transitions and computing reward
place_goal_2_left_0: Building transition/reward matrices
place_goal_2_right_0: Identifying enabled states...
place_goal_2_right_0: Splitting up datasets...
place_goal_2_right_0: Learning DBNS...
place_goal_2_right_0: Building transition dicts for each DBN
place_goal_2_right_0: Starting process for DBN 0
place_goal_2_right_0: Starting process for DBN 1
place_goal_2_right_0: Starting process for DBN 2
place_goal_2_right_0: Starting process for DBN 3
place_goal_2_right_0: Received dict for DBN 0
place_goal_2_right_0: Received dict for DBN 1
place_goal_2_right_0: Received dict for DBN 2
place_goal_2_right_0: Received dict for DBN 3
place_goal_2_right_0: Sampling transitions and computing reward
place_goal_2_right_0: Building transition/reward matrices
place_goal_2_front_270: Identifying enabled states...
place_goal_2_front_270: Splitting up datasets...
place_goal_2_front_270: Learning DBNS...
place_goal_2_front_270: Building transition dicts for each DBN
place_goal_2_front_270: Starting process for DBN 0
place_goal_2_front_270: Starting process for DBN 1
place_goal_2_front_270: Starting process for DBN 2
place_goal_2_front_270: Starting process for DBN 3
place_goal_2_front_270: Received dict for DBN 1
place_goal_2_front_270: Received dict for DBN 0
place_goal_2_front_270: Received dict for DBN 2
place_goal_2_front_270: Received dict for DBN 3
place_goal_2_front_270: Sampling transitions and computing reward
place_goal_2_front_270: Building transition/reward matrices
place_region_0_top_0: Identifying enabled states...
place_region_0_top_0: Splitting up datasets...
place_region_0_top_0: Learning DBNS...
place_region_0_top_0: Building transition dicts for each DBN
place_region_0_top_0: Starting process for DBN 0
place_region_0_top_0: Starting process for DBN 1
place_region_0_top_0: Starting process for DBN 2
place_region_0_top_0: Starting process for DBN 3
place_region_0_top_0: Received dict for DBN 0
place_region_0_top_0: Received dict for DBN 1
place_region_0_top_0: Received dict for DBN 3
place_region_0_top_0: Received dict for DBN 2
place_region_0_top_0: Sampling transitions and computing reward
place_region_0_top_0: Building transition/reward matrices
place_region_0_left_0: Identifying enabled states...
place_region_0_left_0: Splitting up datasets...
place_region_0_left_0: Learning DBNS...
place_region_0_left_0: Building transition dicts for each DBN
place_region_0_left_0: Starting process for DBN 0
place_region_0_left_0: Starting process for DBN 1
place_region_0_left_0: Starting process for DBN 2
place_region_0_left_0: Starting process for DBN 3
place_region_0_left_0: Received dict for DBN 0
place_region_0_left_0: Received dict for DBN 1
place_region_0_left_0: Received dict for DBN 2
place_region_0_left_0: Received dict for DBN 3
place_region_0_left_0: Sampling transitions and computing reward
place_region_0_left_0: Building transition/reward matrices
place_region_0_right_0: Identifying enabled states...
place_region_0_right_0: Splitting up datasets...
place_region_0_right_0: Learning DBNS...
place_region_0_right_0: Building transition dicts for each DBN
place_region_0_right_0: Starting process for DBN 0
place_region_0_right_0: Starting process for DBN 1
place_region_0_right_0: Starting process for DBN 2
place_region_0_right_0: Starting process for DBN 3
place_region_0_right_0: Received dict for DBN 0
place_region_0_right_0: Received dict for DBN 1
place_region_0_right_0: Received dict for DBN 2
place_region_0_right_0: Received dict for DBN 3
place_region_0_right_0: Sampling transitions and computing reward
place_region_0_right_0: Building transition/reward matrices
place_region_0_front_270: Identifying enabled states...
place_region_0_front_270: Splitting up datasets...
place_region_0_front_270: Learning DBNS...
place_region_0_front_270: Building transition dicts for each DBN
place_region_0_front_270: Starting process for DBN 0
place_region_0_front_270: Starting process for DBN 1
place_region_0_front_270: Starting process for DBN 2
place_region_0_front_270: Starting process for DBN 3
place_region_0_front_270: Received dict for DBN 0
place_region_0_front_270: Received dict for DBN 1
place_region_0_front_270: Received dict for DBN 2
place_region_0_front_270: Received dict for DBN 3
place_region_0_front_270: Sampling transitions and computing reward
place_region_0_front_270: Building transition/reward matrices
place_region_1_top_0: Identifying enabled states...
place_region_1_top_0: Splitting up datasets...
place_region_1_top_0: Learning DBNS...
place_region_1_top_0: Building transition dicts for each DBN
place_region_1_top_0: Starting process for DBN 0
place_region_1_top_0: Starting process for DBN 1
place_region_1_top_0: Starting process for DBN 2
place_region_1_top_0: Starting process for DBN 3
place_region_1_top_0: Received dict for DBN 1
place_region_1_top_0: Received dict for DBN 0
place_region_1_top_0: Received dict for DBN 2
place_region_1_top_0: Received dict for DBN 3
place_region_1_top_0: Sampling transitions and computing reward
place_region_1_top_0: Building transition/reward matrices
place_region_1_left_0: Identifying enabled states...
place_region_1_left_0: Splitting up datasets...
place_region_1_left_0: Learning DBNS...
place_region_1_left_0: Building transition dicts for each DBN
place_region_1_left_0: Starting process for DBN 0
place_region_1_left_0: Starting process for DBN 1
place_region_1_left_0: Starting process for DBN 2
place_region_1_left_0: Starting process for DBN 3
place_region_1_left_0: Received dict for DBN 1
place_region_1_left_0: Received dict for DBN 0
place_region_1_left_0: Received dict for DBN 2
place_region_1_left_0: Received dict for DBN 3
place_region_1_left_0: Sampling transitions and computing reward
place_region_1_left_0: Building transition/reward matrices
place_region_1_right_0: Identifying enabled states...
place_region_1_right_0: Splitting up datasets...
place_region_1_right_0: Learning DBNS...
place_region_1_right_0: Building transition dicts for each DBN
place_region_1_right_0: Starting process for DBN 0
place_region_1_right_0: Starting process for DBN 1
place_region_1_right_0: Starting process for DBN 2
place_region_1_right_0: Starting process for DBN 3
place_region_1_right_0: Received dict for DBN 0
place_region_1_right_0: Received dict for DBN 1
place_region_1_right_0: Received dict for DBN 2
place_region_1_right_0: Received dict for DBN 3
place_region_1_right_0: Sampling transitions and computing reward
place_region_1_right_0: Building transition/reward matrices
place_region_1_front_270: Identifying enabled states...
place_region_1_front_270: Splitting up datasets...
place_region_1_front_270: Learning DBNS...
place_region_1_front_270: Building transition dicts for each DBN
place_region_1_front_270: Starting process for DBN 0
place_region_1_front_270: Starting process for DBN 1
place_region_1_front_270: Starting process for DBN 2
place_region_1_front_270: Starting process for DBN 3
place_region_1_front_270: Received dict for DBN 1
place_region_1_front_270: Received dict for DBN 0
place_region_1_front_270: Received dict for DBN 2
place_region_1_front_270: Received dict for DBN 3
place_region_1_front_270: Sampling transitions and computing reward
place_region_1_front_270: Building transition/reward matrices
place_region_2_top_0: Identifying enabled states...
place_region_2_top_0: Splitting up datasets...
place_region_2_top_0: Learning DBNS...
place_region_2_top_0: Building transition dicts for each DBN
place_region_2_top_0: Starting process for DBN 0
place_region_2_top_0: Starting process for DBN 1
place_region_2_top_0: Starting process for DBN 2
place_region_2_top_0: Starting process for DBN 3
place_region_2_top_0: Received dict for DBN 0
place_region_2_top_0: Received dict for DBN 1
place_region_2_top_0: Received dict for DBN 2
place_region_2_top_0: Received dict for DBN 3
place_region_2_top_0: Sampling transitions and computing reward
place_region_2_top_0: Building transition/reward matrices
place_region_2_left_0: Identifying enabled states...
place_region_2_left_0: Splitting up datasets...
place_region_2_left_0: Learning DBNS...
place_region_2_left_0: Building transition dicts for each DBN
place_region_2_left_0: Starting process for DBN 0
place_region_2_left_0: Starting process for DBN 1
place_region_2_left_0: Starting process for DBN 2
place_region_2_left_0: Starting process for DBN 3
place_region_2_left_0: Received dict for DBN 0
place_region_2_left_0: Received dict for DBN 1
place_region_2_left_0: Received dict for DBN 2
place_region_2_left_0: Received dict for DBN 3
place_region_2_left_0: Sampling transitions and computing reward
place_region_2_left_0: Building transition/reward matrices
place_region_2_right_0: Identifying enabled states...
place_region_2_right_0: Splitting up datasets...
place_region_2_right_0: Learning DBNS...
place_region_2_right_0: Building transition dicts for each DBN
place_region_2_right_0: Starting process for DBN 0
place_region_2_right_0: Starting process for DBN 1
place_region_2_right_0: Starting process for DBN 2
place_region_2_right_0: Starting process for DBN 3
place_region_2_right_0: Received dict for DBN 1
place_region_2_right_0: Received dict for DBN 0
place_region_2_right_0: Received dict for DBN 2
place_region_2_right_0: Received dict for DBN 3
place_region_2_right_0: Sampling transitions and computing reward
place_region_2_right_0: Building transition/reward matrices
place_region_2_front_270: Identifying enabled states...
place_region_2_front_270: Splitting up datasets...
place_region_2_front_270: Learning DBNS...
place_region_2_front_270: Building transition dicts for each DBN
place_region_2_front_270: Starting process for DBN 0
place_region_2_front_270: Starting process for DBN 1
place_region_2_front_270: Starting process for DBN 2
place_region_2_front_270: Starting process for DBN 3
place_region_2_front_270: Received dict for DBN 0
place_region_2_front_270: Received dict for DBN 1
place_region_2_front_270: Received dict for DBN 2
place_region_2_front_270: Received dict for DBN 3
place_region_2_front_270: Sampling transitions and computing reward
place_region_2_front_270: Building transition/reward matrices
Building MDP...
Synthesising Policy...
Solving MDP for timestep: 29
Solving MDP for timestep: 28
Solving MDP for timestep: 27
Solving MDP for timestep: 26
Solving MDP for timestep: 25
Solving MDP for timestep: 24
Solving MDP for timestep: 23
Solving MDP for timestep: 22
Solving MDP for timestep: 21
Solving MDP for timestep: 20
Solving MDP for timestep: 19
Solving MDP for timestep: 18
Solving MDP for timestep: 17
Solving MDP for timestep: 16
Solving MDP for timestep: 15
Solving MDP for timestep: 14
Solving MDP for timestep: 13
Solving MDP for timestep: 12
Solving MDP for timestep: 11
Solving MDP for timestep: 10
Solving MDP for timestep: 9
Solving MDP for timestep: 8
Solving MDP for timestep: 7
Solving MDP for timestep: 6
Solving MDP for timestep: 5
Solving MDP for timestep: 4
Solving MDP for timestep: 3
Solving MDP for timestep: 2
Solving MDP for timestep: 1
Solving MDP for timestep: 0
Resetting the scene for new episode
Step 0
policy value 38.035125732421875
State(column0: region_2, column1: region_1, column2: region_0)
pick_column2_top_0
Action: Action(ActionType.PICK, obj=/column2, slot=None,grasp=GraspType.TOP_0)
[EXEC] Picking /column2 with top_0

[INFO] Found 9600 potential configurations.
[INFO] Motion completed successfully with result: success,in execution time: 3.44 seconds
[INFO] Found a reachable configuration for pick action after 1 attempts.
Tip distance after pick: 0.04148519685210246
[INFO] Pick action completed successfully.in execution time: 3.44 seconds
[EXEC] Action ActionType.PICK executed in 11.22 seconds
[SUCCESS] Action ActionType.PICK succeeded for object /column2
Action duration: 3.44
[LOG] Transition logged to MongoDB: 3b45543f-1da5-4b6b-a71d-6af8c33bab70 - Episode 18
Step 1
policy value 37.06785202026367
State(column0: region_2, column1: region_1, column2: held)
place_goal_1_front_270
Action: Action(ActionType.PLACE, obj=/column2, slot=/goal_1,grasp=GraspType.FRONT_270)
[EXEC] Placing at [-0.2749999999999999, 1.0750000000000006, 0.5] with grasp front_270

[INFO] Found 5376 potential configurations.
[INFO] Motion completed successfully with result: success,in execution time: 8.24 seconds
[INFO] Found a reachable configuration for place action after 1 attempts.
[INFO] Place action completed successfully.
realigning placed object /column2 to target position
[EXEC] Action ActionType.PLACE executed in 15.00 seconds
[SUCCESS] Action ActionType.PLACE succeeded for object /column2
Action duration: 8.2399999999998
[LOG] Transition logged to MongoDB: 3b45543f-1da5-4b6b-a71d-6af8c33bab70 - Episode 18
Step 2
policy value 35.5913200378418
State(column0: region_2, column1: region_1, column2: goal_1)
pick_column0_front_270
Action: Action(ActionType.PICK, obj=/column0, slot=None,grasp=GraspType.FRONT_270)
[EXEC] Picking /column0 with front_270

[INFO] Found 6208 potential configurations.
[ERROR] Motion failed (collision or invalid path)
[ERROR] Motion result: collision
[WARN] Failed to find a path to the selected pick config on attempt 1.
[WARN] No path found to picked config, discarding and trying next valid config...
[INFO] Motion completed successfully with result: success,in execution time: 12.60 seconds
[INFO] Found a reachable configuration for pick action after 2 attempts.
Tip distance after pick: 0.020723527757851426
[INFO] Pick action completed successfully.in execution time: 12.60 seconds
[EXEC] Action ActionType.PICK executed in 28.17 seconds
[SUCCESS] Action ActionType.PICK succeeded for object /column0
Action duration: 12.6
[LOG] Transition logged to MongoDB: 3b45543f-1da5-4b6b-a71d-6af8c33bab70 - Episode 18
Step 3
policy value 37.58629608154297
State(column0: held, column1: region_1, column2: goal_1)
place_goal_2_right_0
Action: Action(ActionType.PLACE, obj=/column0, slot=/goal_2,grasp=GraspType.RIGHT_0)
[EXEC] Placing at [-0.6000000000000001, 0.8250000000000003, 0.5] with grasp right_0

[INFO] Found 4928 potential configurations.
[INFO] Motion completed successfully with result: success,in execution time: 7.28 seconds
[INFO] Found a reachable configuration for place action after 1 attempts.
[INFO] Place action completed successfully.
realigning placed object /column0 to target position
[EXEC] Action ActionType.PLACE executed in 15.83 seconds
[SUCCESS] Action ActionType.PLACE succeeded for object /column0
Action duration: 7.2799999999998
[LOG] Transition logged to MongoDB: 3b45543f-1da5-4b6b-a71d-6af8c33bab70 - Episode 18
Step 4
policy value 31.57225799560547
State(column0: goal_2, column1: region_1, column2: goal_1)
pick_column1_front_270
Action: Action(ActionType.PICK, obj=/column1, slot=None,grasp=GraspType.FRONT_270)
[EXEC] Picking /column1 with front_270

[INFO] Found 5440 potential configurations.
[INFO] Motion completed successfully with result: success,in execution time: 6.08 seconds
[INFO] Found a reachable configuration for pick action after 1 attempts.
Tip distance after pick: 0.01846823839922125
[INFO] Pick action completed successfully.in execution time: 6.08 seconds
[EXEC] Action ActionType.PICK executed in 29.14 seconds
[SUCCESS] Action ActionType.PICK succeeded for object /column1
Action duration: 6.080000000001
[LOG] Transition logged to MongoDB: 3b45543f-1da5-4b6b-a71d-6af8c33bab70 - Episode 18
Step 5
policy value 30.80976676940918
State(column0: goal_2, column1: held, column2: goal_1)
place_region_0_right_0
Action: Action(ActionType.PLACE, obj=/column1, slot=/region_0,grasp=GraspType.RIGHT_0)
[EXEC] Placing at [0.35, 0.8, 0.521] with grasp right_0

[INFO] Found 6912 potential configurations.
[INFO] Motion completed successfully with result: success,in execution time: 3.04 seconds
[INFO] Found a reachable configuration for place action after 1 attempts.
[INFO] Place action completed successfully.
realigning placed object /column1 to target position
[EXEC] Action ActionType.PLACE executed in 13.30 seconds
[SUCCESS] Action ActionType.PLACE succeeded for object /column1
Action duration: 3.0400000000005
[LOG] Transition logged to MongoDB: 3b45543f-1da5-4b6b-a71d-6af8c33bab70 - Episode 18
Step 6
policy value 28.921173095703125
State(column0: goal_2, column1: region_0, column2: goal_1)
pick_column1_front_270
Action: Action(ActionType.PICK, obj=/column1, slot=None,grasp=GraspType.FRONT_270)
[EXEC] Picking /column1 with front_270

[INFO] Found 6976 potential configurations.
[ERROR] Motion failed (collision or invalid path)
[ERROR] Motion result: collision
[WARN] Failed to find a path to the selected pick config on attempt 1.
[WARN] No path found to picked config, discarding and trying next valid config...
[ERROR] Motion failed (collision or invalid path)
[ERROR] Motion result: collision
[WARN] Failed to find a path to the selected pick config on attempt 2.
[WARN] No path found to picked config, discarding and trying next valid config...
[ERROR] Motion failed (collision or invalid path)
[ERROR] Motion result: collision
[WARN] Failed to find a path to the selected pick config on attempt 3.
[WARN] No path found to picked config, discarding and trying next valid config...
[ERROR] Max IK attempts reached, pick action failed.
[EXEC] Action ActionType.PICK executed in 17.91 seconds
[ERROR] Action ActionType.PICK failed for object /column1
Action duration: 0.001
[LOG] Transition logged to MongoDB: 3b45543f-1da5-4b6b-a71d-6af8c33bab70 - Episode 18
Action failed, stopping. Time elapsed: 0.001
Step 7
policy value 27.611919403076172
State(column0: goal_2, column1: region_0, column2: goal_1)
pick_column1_front_270
Action: Action(ActionType.PICK, obj=/column1, slot=None,grasp=GraspType.FRONT_270)
[EXEC] Picking /column1 with front_270

[INFO] Found 8512 potential configurations.
[ERROR] Motion failed (collision or invalid path)
[ERROR] Motion result: collision
[WARN] Failed to find a path to the selected pick config on attempt 1.
[WARN] No path found to picked config, discarding and trying next valid config...
[ERROR] Motion failed (collision or invalid path)
[ERROR] Motion result: collision
[WARN] Failed to find a path to the selected pick config on attempt 2.
[WARN] No path found to picked config, discarding and trying next valid config...
[ERROR] Motion failed (collision or invalid path)
[ERROR] Motion result: collision
[WARN] Failed to find a path to the selected pick config on attempt 3.
[WARN] No path found to picked config, discarding and trying next valid config...
[ERROR] Max IK attempts reached, pick action failed.
[EXEC] Action ActionType.PICK executed in 20.62 seconds
[ERROR] Action ActionType.PICK failed for object /column1
Action duration: 0.001
[LOG] Transition logged to MongoDB: 3b45543f-1da5-4b6b-a71d-6af8c33bab70 - Episode 18
Action failed, stopping. Time elapsed: 0.001
Step 8
policy value 26.306121826171875
State(column0: goal_2, column1: region_0, column2: goal_1)
pick_column1_front_270
Action: Action(ActionType.PICK, obj=/column1, slot=None,grasp=GraspType.FRONT_270)
[EXEC] Picking /column1 with front_270

[INFO] Found 6784 potential configurations.
[ERROR] Motion failed (collision or invalid path)
[ERROR] Motion result: collision
[WARN] Failed to find a path to the selected pick config on attempt 1.
[WARN] No path found to picked config, discarding and trying next valid config...
[ERROR] Motion failed (collision or invalid path)
[ERROR] Motion result: collision
[WARN] Failed to find a path to the selected pick config on attempt 2.
[WARN] No path found to picked config, discarding and trying next valid config...
[ERROR] Motion failed (collision or invalid path)
[ERROR] Motion result: collision
[WARN] Failed to find a path to the selected pick config on attempt 3.
[WARN] No path found to picked config, discarding and trying next valid config...
[ERROR] Max IK attempts reached, pick action failed.
[EXEC] Action ActionType.PICK executed in 18.17 seconds
[ERROR] Action ActionType.PICK failed for object /column1
Action duration: 0.001
[LOG] Transition logged to MongoDB: 3b45543f-1da5-4b6b-a71d-6af8c33bab70 - Episode 18
Action failed, stopping. Time elapsed: 0.001
Step 9
policy value 25.003883361816406
State(column0: goal_2, column1: region_0, column2: goal_1)
pick_column1_front_270
Action: Action(ActionType.PICK, obj=/column1, slot=None,grasp=GraspType.FRONT_270)
[EXEC] Picking /column1 with front_270

[INFO] Found 8256 potential configurations.
[ERROR] Motion failed (collision or invalid path)
[ERROR] Motion result: collision
[WARN] Failed to find a path to the selected pick config on attempt 1.
[WARN] No path found to picked config, discarding and trying next valid config...
[ERROR] Motion failed (collision or invalid path)
[ERROR] Motion result: collision
[WARN] Failed to find a path to the selected pick config on attempt 2.
[WARN] No path found to picked config, discarding and trying next valid config...
[ERROR] Motion failed (collision or invalid path)
[ERROR] Motion result: collision
[WARN] Failed to find a path to the selected pick config on attempt 3.
[WARN] No path found to picked config, discarding and trying next valid config...
[ERROR] Max IK attempts reached, pick action failed.
[EXEC] Action ActionType.PICK executed in 21.96 seconds
[ERROR] Action ActionType.PICK failed for object /column1
Action duration: 0.001
[LOG] Transition logged to MongoDB: 3b45543f-1da5-4b6b-a71d-6af8c33bab70 - Episode 18
Action failed, stopping. Time elapsed: 0.001
Step 10
policy value 23.70542335510254
State(column0: goal_2, column1: region_0, column2: goal_1)
pick_column1_front_270
Action: Action(ActionType.PICK, obj=/column1, slot=None,grasp=GraspType.FRONT_270)
[EXEC] Picking /column1 with front_270

[INFO] Found 7104 potential configurations.
[ERROR] Motion failed (collision or invalid path)
[ERROR] Motion result: collision
[WARN] Failed to find a path to the selected pick config on attempt 1.
[WARN] No path found to picked config, discarding and trying next valid config...
[ERROR] Motion failed (collision or invalid path)
[ERROR] Motion result: collision
[WARN] Failed to find a path to the selected pick config on attempt 2.
[WARN] No path found to picked config, discarding and trying next valid config...
[ERROR] Motion failed (collision or invalid path)
[ERROR] Motion result: collision
[WARN] Failed to find a path to the selected pick config on attempt 3.
[WARN] No path found to picked config, discarding and trying next valid config...
[ERROR] Max IK attempts reached, pick action failed.
[EXEC] Action ActionType.PICK executed in 17.86 seconds
[ERROR] Action ActionType.PICK failed for object /column1
Action duration: 0.001
[LOG] Transition logged to MongoDB: 3b45543f-1da5-4b6b-a71d-6af8c33bab70 - Episode 18
Action failed, stopping. Time elapsed: 0.001
Step 11
policy value 22.411088943481445
State(column0: goal_2, column1: region_0, column2: goal_1)
pick_column1_front_270
Action: Action(ActionType.PICK, obj=/column1, slot=None,grasp=GraspType.FRONT_270)
[EXEC] Picking /column1 with front_270

[INFO] Found 6848 potential configurations.
[ERROR] Motion failed (collision or invalid path)
[ERROR] Motion result: collision
[WARN] Failed to find a path to the selected pick config on attempt 1.
[WARN] No path found to picked config, discarding and trying next valid config...
[ERROR] Motion failed (collision or invalid path)
[ERROR] Motion result: collision
[WARN] Failed to find a path to the selected pick config on attempt 2.
[WARN] No path found to picked config, discarding and trying next valid config...
[ERROR] Motion failed (collision or invalid path)
[ERROR] Motion result: collision
[WARN] Failed to find a path to the selected pick config on attempt 3.
[WARN] No path found to picked config, discarding and trying next valid config...
[ERROR] Max IK attempts reached, pick action failed.
[EXEC] Action ActionType.PICK executed in 17.09 seconds
[ERROR] Action ActionType.PICK failed for object /column1
Action duration: 0.001
[LOG] Transition logged to MongoDB: 3b45543f-1da5-4b6b-a71d-6af8c33bab70 - Episode 18
Action failed, stopping. Time elapsed: 0.001
Too many failures, resetting episode
Episode 7 ended
Revising policy
USING STORM: False
Reading data from MongoDB...
Total option moiton param combinations 36
Collected combinations 36
Building state to idx mapping...
Building option ensembles...
pick_column0_top_0: Identifying enabled states...
pick_column0_top_0: Splitting up datasets...
pick_column0_top_0: Learning DBNS...
pick_column0_top_0: Building transition dicts for each DBN
pick_column0_top_0: Starting process for DBN 0
pick_column0_top_0: Starting process for DBN 1
pick_column0_top_0: Starting process for DBN 2
pick_column0_top_0: Starting process for DBN 3
pick_column0_top_0: Received dict for DBN 0
pick_column0_top_0: Received dict for DBN 1
pick_column0_top_0: Received dict for DBN 2
pick_column0_top_0: Received dict for DBN 3
pick_column0_top_0: Sampling transitions and computing reward
pick_column0_top_0: Building transition/reward matrices
pick_column0_left_0: Identifying enabled states...
pick_column0_left_0: Splitting up datasets...
pick_column0_left_0: Learning DBNS...
pick_column0_left_0: Building transition dicts for each DBN
pick_column0_left_0: Starting process for DBN 0
pick_column0_left_0: Starting process for DBN 1
pick_column0_left_0: Starting process for DBN 2
pick_column0_left_0: Starting process for DBN 3
pick_column0_left_0: Received dict for DBN 0
pick_column0_left_0: Received dict for DBN 1
pick_column0_left_0: Received dict for DBN 2
pick_column0_left_0: Received dict for DBN 3
pick_column0_left_0: Sampling transitions and computing reward
pick_column0_left_0: Building transition/reward matrices
pick_column0_right_0: Identifying enabled states...
pick_column0_right_0: Splitting up datasets...
pick_column0_right_0: Learning DBNS...
pick_column0_right_0: Building transition dicts for each DBN
pick_column0_right_0: Starting process for DBN 0
pick_column0_right_0: Starting process for DBN 1
pick_column0_right_0: Starting process for DBN 2
pick_column0_right_0: Starting process for DBN 3
pick_column0_right_0: Received dict for DBN 0
pick_column0_right_0: Received dict for DBN 1
pick_column0_right_0: Received dict for DBN 2
pick_column0_right_0: Received dict for DBN 3
pick_column0_right_0: Sampling transitions and computing reward
pick_column0_right_0: Building transition/reward matrices
pick_column0_front_270: Identifying enabled states...
pick_column0_front_270: Splitting up datasets...
pick_column0_front_270: Learning DBNS...
pick_column0_front_270: Building transition dicts for each DBN
pick_column0_front_270: Starting process for DBN 0
pick_column0_front_270: Starting process for DBN 1
pick_column0_front_270: Starting process for DBN 2
pick_column0_front_270: Starting process for DBN 3
pick_column0_front_270: Received dict for DBN 1
pick_column0_front_270: Received dict for DBN 3
pick_column0_front_270: Received dict for DBN 0
pick_column0_front_270: Received dict for DBN 2
pick_column0_front_270: Sampling transitions and computing reward
pick_column0_front_270: Building transition/reward matrices
pick_column1_top_0: Identifying enabled states...
pick_column1_top_0: Splitting up datasets...
pick_column1_top_0: Learning DBNS...
pick_column1_top_0: Building transition dicts for each DBN
pick_column1_top_0: Starting process for DBN 0
pick_column1_top_0: Starting process for DBN 1
pick_column1_top_0: Starting process for DBN 2
pick_column1_top_0: Starting process for DBN 3
pick_column1_top_0: Received dict for DBN 0
pick_column1_top_0: Received dict for DBN 1
pick_column1_top_0: Received dict for DBN 2
pick_column1_top_0: Received dict for DBN 3
pick_column1_top_0: Sampling transitions and computing reward
pick_column1_top_0: Building transition/reward matrices
pick_column1_left_0: Identifying enabled states...
pick_column1_left_0: Splitting up datasets...
pick_column1_left_0: Learning DBNS...
pick_column1_left_0: Building transition dicts for each DBN
pick_column1_left_0: Starting process for DBN 0
pick_column1_left_0: Starting process for DBN 1
pick_column1_left_0: Starting process for DBN 2
pick_column1_left_0: Starting process for DBN 3
pick_column1_left_0: Received dict for DBN 0
pick_column1_left_0: Received dict for DBN 1
pick_column1_left_0: Received dict for DBN 2
pick_column1_left_0: Received dict for DBN 3
pick_column1_left_0: Sampling transitions and computing reward
pick_column1_left_0: Building transition/reward matrices
pick_column1_right_0: Identifying enabled states...
pick_column1_right_0: Splitting up datasets...
pick_column1_right_0: Learning DBNS...
pick_column1_right_0: Building transition dicts for each DBN
pick_column1_right_0: Starting process for DBN 0
pick_column1_right_0: Starting process for DBN 1
pick_column1_right_0: Starting process for DBN 2
pick_column1_right_0: Starting process for DBN 3
pick_column1_right_0: Received dict for DBN 0
pick_column1_right_0: Received dict for DBN 1
pick_column1_right_0: Received dict for DBN 2
pick_column1_right_0: Received dict for DBN 3
pick_column1_right_0: Sampling transitions and computing reward
pick_column1_right_0: Building transition/reward matrices
pick_column1_front_270: Identifying enabled states...
pick_column1_front_270: Splitting up datasets...
pick_column1_front_270: Learning DBNS...
pick_column1_front_270: Building transition dicts for each DBN
pick_column1_front_270: Starting process for DBN 0
pick_column1_front_270: Starting process for DBN 1
pick_column1_front_270: Starting process for DBN 2
pick_column1_front_270: Starting process for DBN 3
pick_column1_front_270: Received dict for DBN 1
pick_column1_front_270: Received dict for DBN 0
pick_column1_front_270: Received dict for DBN 3
pick_column1_front_270: Received dict for DBN 2
pick_column1_front_270: Sampling transitions and computing reward
pick_column1_front_270: Building transition/reward matrices
pick_column2_top_0: Identifying enabled states...
pick_column2_top_0: Splitting up datasets...
pick_column2_top_0: Learning DBNS...
pick_column2_top_0: Building transition dicts for each DBN
pick_column2_top_0: Starting process for DBN 0
pick_column2_top_0: Starting process for DBN 1
pick_column2_top_0: Starting process for DBN 2
pick_column2_top_0: Starting process for DBN 3
pick_column2_top_0: Received dict for DBN 0
pick_column2_top_0: Received dict for DBN 1
pick_column2_top_0: Received dict for DBN 2
pick_column2_top_0: Received dict for DBN 3
pick_column2_top_0: Sampling transitions and computing reward
pick_column2_top_0: Building transition/reward matrices
pick_column2_left_0: Identifying enabled states...
pick_column2_left_0: Splitting up datasets...
pick_column2_left_0: Learning DBNS...
pick_column2_left_0: Building transition dicts for each DBN
pick_column2_left_0: Starting process for DBN 0
pick_column2_left_0: Starting process for DBN 1
pick_column2_left_0: Starting process for DBN 2
pick_column2_left_0: Starting process for DBN 3
pick_column2_left_0: Received dict for DBN 0
pick_column2_left_0: Received dict for DBN 1
pick_column2_left_0: Received dict for DBN 2
pick_column2_left_0: Received dict for DBN 3
pick_column2_left_0: Sampling transitions and computing reward
pick_column2_left_0: Building transition/reward matrices
pick_column2_right_0: Identifying enabled states...
pick_column2_right_0: Splitting up datasets...
pick_column2_right_0: Learning DBNS...
pick_column2_right_0: Building transition dicts for each DBN
pick_column2_right_0: Starting process for DBN 0
pick_column2_right_0: Starting process for DBN 1
pick_column2_right_0: Starting process for DBN 2
pick_column2_right_0: Starting process for DBN 3
pick_column2_right_0: Received dict for DBN 0
pick_column2_right_0: Received dict for DBN 1
pick_column2_right_0: Received dict for DBN 2
pick_column2_right_0: Received dict for DBN 3
pick_column2_right_0: Sampling transitions and computing reward
pick_column2_right_0: Building transition/reward matrices
pick_column2_front_270: Identifying enabled states...
pick_column2_front_270: Splitting up datasets...
pick_column2_front_270: Learning DBNS...
pick_column2_front_270: Building transition dicts for each DBN
pick_column2_front_270: Starting process for DBN 0
pick_column2_front_270: Starting process for DBN 1
pick_column2_front_270: Starting process for DBN 2
pick_column2_front_270: Starting process for DBN 3
pick_column2_front_270: Received dict for DBN 0
pick_column2_front_270: Received dict for DBN 1
pick_column2_front_270: Received dict for DBN 2
pick_column2_front_270: Received dict for DBN 3
pick_column2_front_270: Sampling transitions and computing reward
pick_column2_front_270: Building transition/reward matrices
place_goal_0_top_0: Identifying enabled states...
place_goal_0_top_0: Splitting up datasets...
place_goal_0_top_0: Learning DBNS...
place_goal_0_top_0: Building transition dicts for each DBN
place_goal_0_top_0: Starting process for DBN 0
place_goal_0_top_0: Starting process for DBN 1
place_goal_0_top_0: Starting process for DBN 2
place_goal_0_top_0: Starting process for DBN 3
place_goal_0_top_0: Received dict for DBN 0
place_goal_0_top_0: Received dict for DBN 2
place_goal_0_top_0: Received dict for DBN 3
place_goal_0_top_0: Received dict for DBN 1
place_goal_0_top_0: Sampling transitions and computing reward
place_goal_0_top_0: Building transition/reward matrices
place_goal_0_left_0: Identifying enabled states...
place_goal_0_left_0: Splitting up datasets...
place_goal_0_left_0: Learning DBNS...
place_goal_0_left_0: Building transition dicts for each DBN
place_goal_0_left_0: Starting process for DBN 0
place_goal_0_left_0: Starting process for DBN 1
place_goal_0_left_0: Starting process for DBN 2
place_goal_0_left_0: Starting process for DBN 3
place_goal_0_left_0: Received dict for DBN 0
place_goal_0_left_0: Received dict for DBN 1
place_goal_0_left_0: Received dict for DBN 2
place_goal_0_left_0: Received dict for DBN 3
place_goal_0_left_0: Sampling transitions and computing reward
place_goal_0_left_0: Building transition/reward matrices
place_goal_0_right_0: Identifying enabled states...
place_goal_0_right_0: Splitting up datasets...
place_goal_0_right_0: Learning DBNS...
place_goal_0_right_0: Building transition dicts for each DBN
place_goal_0_right_0: Starting process for DBN 0
place_goal_0_right_0: Starting process for DBN 1
place_goal_0_right_0: Starting process for DBN 2
place_goal_0_right_0: Starting process for DBN 3
place_goal_0_right_0: Received dict for DBN 0
place_goal_0_right_0: Received dict for DBN 1
place_goal_0_right_0: Received dict for DBN 2
place_goal_0_right_0: Received dict for DBN 3
place_goal_0_right_0: Sampling transitions and computing reward
place_goal_0_right_0: Building transition/reward matrices
place_goal_0_front_270: Identifying enabled states...
place_goal_0_front_270: Splitting up datasets...
place_goal_0_front_270: Learning DBNS...
place_goal_0_front_270: Building transition dicts for each DBN
place_goal_0_front_270: Starting process for DBN 0
place_goal_0_front_270: Starting process for DBN 1
place_goal_0_front_270: Starting process for DBN 2
place_goal_0_front_270: Starting process for DBN 3
place_goal_0_front_270: Received dict for DBN 2
place_goal_0_front_270: Received dict for DBN 1
place_goal_0_front_270: Received dict for DBN 3
place_goal_0_front_270: Received dict for DBN 0
place_goal_0_front_270: Sampling transitions and computing reward
place_goal_0_front_270: Building transition/reward matrices
place_goal_1_top_0: Identifying enabled states...
place_goal_1_top_0: Splitting up datasets...
place_goal_1_top_0: Learning DBNS...
place_goal_1_top_0: Building transition dicts for each DBN
place_goal_1_top_0: Starting process for DBN 0
place_goal_1_top_0: Starting process for DBN 1
place_goal_1_top_0: Starting process for DBN 2
place_goal_1_top_0: Starting process for DBN 3
place_goal_1_top_0: Received dict for DBN 0
place_goal_1_top_0: Received dict for DBN 1
place_goal_1_top_0: Received dict for DBN 2
place_goal_1_top_0: Received dict for DBN 3
place_goal_1_top_0: Sampling transitions and computing reward
place_goal_1_top_0: Building transition/reward matrices
place_goal_1_left_0: Identifying enabled states...
place_goal_1_left_0: Splitting up datasets...
place_goal_1_left_0: Learning DBNS...
place_goal_1_left_0: Building transition dicts for each DBN
place_goal_1_left_0: Starting process for DBN 0
place_goal_1_left_0: Starting process for DBN 1
place_goal_1_left_0: Starting process for DBN 2
place_goal_1_left_0: Starting process for DBN 3
place_goal_1_left_0: Received dict for DBN 0
place_goal_1_left_0: Received dict for DBN 1
place_goal_1_left_0: Received dict for DBN 2
place_goal_1_left_0: Received dict for DBN 3
place_goal_1_left_0: Sampling transitions and computing reward
place_goal_1_left_0: Building transition/reward matrices
place_goal_1_right_0: Identifying enabled states...
place_goal_1_right_0: Splitting up datasets...
place_goal_1_right_0: Learning DBNS...
place_goal_1_right_0: Building transition dicts for each DBN
place_goal_1_right_0: Starting process for DBN 0
place_goal_1_right_0: Starting process for DBN 1
place_goal_1_right_0: Starting process for DBN 2
place_goal_1_right_0: Starting process for DBN 3
place_goal_1_right_0: Received dict for DBN 0
place_goal_1_right_0: Received dict for DBN 1
place_goal_1_right_0: Received dict for DBN 2
place_goal_1_right_0: Received dict for DBN 3
place_goal_1_right_0: Sampling transitions and computing reward
place_goal_1_right_0: Building transition/reward matrices
place_goal_1_front_270: Identifying enabled states...
place_goal_1_front_270: Splitting up datasets...
place_goal_1_front_270: Learning DBNS...
place_goal_1_front_270: Building transition dicts for each DBN
place_goal_1_front_270: Starting process for DBN 0
place_goal_1_front_270: Starting process for DBN 1
place_goal_1_front_270: Starting process for DBN 2
place_goal_1_front_270: Starting process for DBN 3
place_goal_1_front_270: Received dict for DBN 0
place_goal_1_front_270: Received dict for DBN 1
place_goal_1_front_270: Received dict for DBN 2
place_goal_1_front_270: Received dict for DBN 3
place_goal_1_front_270: Sampling transitions and computing reward
place_goal_1_front_270: Building transition/reward matrices
place_goal_2_top_0: Identifying enabled states...
place_goal_2_top_0: Splitting up datasets...
place_goal_2_top_0: Learning DBNS...
place_goal_2_top_0: Building transition dicts for each DBN
place_goal_2_top_0: Starting process for DBN 0
place_goal_2_top_0: Starting process for DBN 1
place_goal_2_top_0: Starting process for DBN 2
place_goal_2_top_0: Starting process for DBN 3
place_goal_2_top_0: Received dict for DBN 0
place_goal_2_top_0: Received dict for DBN 1
place_goal_2_top_0: Received dict for DBN 2
place_goal_2_top_0: Received dict for DBN 3
place_goal_2_top_0: Sampling transitions and computing reward
place_goal_2_top_0: Building transition/reward matrices
place_goal_2_left_0: Identifying enabled states...
place_goal_2_left_0: Splitting up datasets...
place_goal_2_left_0: Learning DBNS...
place_goal_2_left_0: Building transition dicts for each DBN
place_goal_2_left_0: Starting process for DBN 0
place_goal_2_left_0: Starting process for DBN 1
place_goal_2_left_0: Starting process for DBN 2
place_goal_2_left_0: Starting process for DBN 3
place_goal_2_left_0: Received dict for DBN 0
place_goal_2_left_0: Received dict for DBN 1
place_goal_2_left_0: Received dict for DBN 2
place_goal_2_left_0: Received dict for DBN 3
place_goal_2_left_0: Sampling transitions and computing reward
place_goal_2_left_0: Building transition/reward matrices
place_goal_2_right_0: Identifying enabled states...
place_goal_2_right_0: Splitting up datasets...
place_goal_2_right_0: Learning DBNS...
place_goal_2_right_0: Building transition dicts for each DBN
place_goal_2_right_0: Starting process for DBN 0
place_goal_2_right_0: Starting process for DBN 1
place_goal_2_right_0: Starting process for DBN 2
place_goal_2_right_0: Starting process for DBN 3
place_goal_2_right_0: Received dict for DBN 1
place_goal_2_right_0: Received dict for DBN 2
place_goal_2_right_0: Received dict for DBN 3
place_goal_2_right_0: Received dict for DBN 0
place_goal_2_right_0: Sampling transitions and computing reward
place_goal_2_right_0: Building transition/reward matrices
place_goal_2_front_270: Identifying enabled states...
place_goal_2_front_270: Splitting up datasets...
place_goal_2_front_270: Learning DBNS...
place_goal_2_front_270: Building transition dicts for each DBN
place_goal_2_front_270: Starting process for DBN 0
place_goal_2_front_270: Starting process for DBN 1
place_goal_2_front_270: Starting process for DBN 2
place_goal_2_front_270: Starting process for DBN 3
place_goal_2_front_270: Received dict for DBN 1
place_goal_2_front_270: Received dict for DBN 0
place_goal_2_front_270: Received dict for DBN 2
place_goal_2_front_270: Received dict for DBN 3
place_goal_2_front_270: Sampling transitions and computing reward
place_goal_2_front_270: Building transition/reward matrices
place_region_0_top_0: Identifying enabled states...
place_region_0_top_0: Splitting up datasets...
place_region_0_top_0: Learning DBNS...
place_region_0_top_0: Building transition dicts for each DBN
place_region_0_top_0: Starting process for DBN 0
place_region_0_top_0: Starting process for DBN 1
place_region_0_top_0: Starting process for DBN 2
place_region_0_top_0: Starting process for DBN 3
place_region_0_top_0: Received dict for DBN 0
place_region_0_top_0: Received dict for DBN 1
place_region_0_top_0: Received dict for DBN 2
place_region_0_top_0: Received dict for DBN 3
place_region_0_top_0: Sampling transitions and computing reward
place_region_0_top_0: Building transition/reward matrices
place_region_0_left_0: Identifying enabled states...
place_region_0_left_0: Splitting up datasets...
place_region_0_left_0: Learning DBNS...
place_region_0_left_0: Building transition dicts for each DBN
place_region_0_left_0: Starting process for DBN 0
place_region_0_left_0: Starting process for DBN 1
place_region_0_left_0: Starting process for DBN 2
place_region_0_left_0: Starting process for DBN 3
place_region_0_left_0: Received dict for DBN 0
place_region_0_left_0: Received dict for DBN 1
place_region_0_left_0: Received dict for DBN 2
place_region_0_left_0: Received dict for DBN 3
place_region_0_left_0: Sampling transitions and computing reward
place_region_0_left_0: Building transition/reward matrices
place_region_0_right_0: Identifying enabled states...
place_region_0_right_0: Splitting up datasets...
place_region_0_right_0: Learning DBNS...
place_region_0_right_0: Building transition dicts for each DBN
place_region_0_right_0: Starting process for DBN 0
place_region_0_right_0: Starting process for DBN 1
place_region_0_right_0: Starting process for DBN 2
place_region_0_right_0: Starting process for DBN 3
place_region_0_right_0: Received dict for DBN 0
place_region_0_right_0: Received dict for DBN 1
place_region_0_right_0: Received dict for DBN 2
place_region_0_right_0: Received dict for DBN 3
place_region_0_right_0: Sampling transitions and computing reward
place_region_0_right_0: Building transition/reward matrices
place_region_0_front_270: Identifying enabled states...
place_region_0_front_270: Splitting up datasets...
place_region_0_front_270: Learning DBNS...
place_region_0_front_270: Building transition dicts for each DBN
place_region_0_front_270: Starting process for DBN 0
place_region_0_front_270: Starting process for DBN 1
place_region_0_front_270: Starting process for DBN 2
place_region_0_front_270: Starting process for DBN 3
place_region_0_front_270: Received dict for DBN 0
place_region_0_front_270: Received dict for DBN 1
place_region_0_front_270: Received dict for DBN 2
place_region_0_front_270: Received dict for DBN 3
place_region_0_front_270: Sampling transitions and computing reward
place_region_0_front_270: Building transition/reward matrices
place_region_1_top_0: Identifying enabled states...
place_region_1_top_0: Splitting up datasets...
place_region_1_top_0: Learning DBNS...
place_region_1_top_0: Building transition dicts for each DBN
place_region_1_top_0: Starting process for DBN 0
place_region_1_top_0: Starting process for DBN 1
place_region_1_top_0: Starting process for DBN 2
place_region_1_top_0: Starting process for DBN 3
place_region_1_top_0: Received dict for DBN 1
place_region_1_top_0: Received dict for DBN 0
place_region_1_top_0: Received dict for DBN 2
place_region_1_top_0: Received dict for DBN 3
place_region_1_top_0: Sampling transitions and computing reward
place_region_1_top_0: Building transition/reward matrices
place_region_1_left_0: Identifying enabled states...
place_region_1_left_0: Splitting up datasets...
place_region_1_left_0: Learning DBNS...
place_region_1_left_0: Building transition dicts for each DBN
place_region_1_left_0: Starting process for DBN 0
place_region_1_left_0: Starting process for DBN 1
place_region_1_left_0: Starting process for DBN 2
place_region_1_left_0: Starting process for DBN 3
place_region_1_left_0: Received dict for DBN 1
place_region_1_left_0: Received dict for DBN 0
place_region_1_left_0: Received dict for DBN 2
place_region_1_left_0: Received dict for DBN 3
place_region_1_left_0: Sampling transitions and computing reward
place_region_1_left_0: Building transition/reward matrices
place_region_1_right_0: Identifying enabled states...
place_region_1_right_0: Splitting up datasets...
place_region_1_right_0: Learning DBNS...
place_region_1_right_0: Building transition dicts for each DBN
place_region_1_right_0: Starting process for DBN 0
place_region_1_right_0: Starting process for DBN 1
place_region_1_right_0: Starting process for DBN 2
place_region_1_right_0: Starting process for DBN 3
place_region_1_right_0: Received dict for DBN 1
place_region_1_right_0: Received dict for DBN 0
place_region_1_right_0: Received dict for DBN 2
place_region_1_right_0: Received dict for DBN 3
place_region_1_right_0: Sampling transitions and computing reward
place_region_1_right_0: Building transition/reward matrices
place_region_1_front_270: Identifying enabled states...
place_region_1_front_270: Splitting up datasets...
place_region_1_front_270: Learning DBNS...
place_region_1_front_270: Building transition dicts for each DBN
place_region_1_front_270: Starting process for DBN 0
place_region_1_front_270: Starting process for DBN 1
place_region_1_front_270: Starting process for DBN 2
place_region_1_front_270: Starting process for DBN 3
place_region_1_front_270: Received dict for DBN 0
place_region_1_front_270: Received dict for DBN 1
place_region_1_front_270: Received dict for DBN 2
place_region_1_front_270: Received dict for DBN 3
place_region_1_front_270: Sampling transitions and computing reward
place_region_1_front_270: Building transition/reward matrices
place_region_2_top_0: Identifying enabled states...
place_region_2_top_0: Splitting up datasets...
place_region_2_top_0: Learning DBNS...
place_region_2_top_0: Building transition dicts for each DBN
place_region_2_top_0: Starting process for DBN 0
place_region_2_top_0: Starting process for DBN 1
place_region_2_top_0: Starting process for DBN 2
place_region_2_top_0: Starting process for DBN 3
place_region_2_top_0: Received dict for DBN 0
place_region_2_top_0: Received dict for DBN 1
place_region_2_top_0: Received dict for DBN 2
place_region_2_top_0: Received dict for DBN 3
place_region_2_top_0: Sampling transitions and computing reward
place_region_2_top_0: Building transition/reward matrices
place_region_2_left_0: Identifying enabled states...
place_region_2_left_0: Splitting up datasets...
place_region_2_left_0: Learning DBNS...
place_region_2_left_0: Building transition dicts for each DBN
place_region_2_left_0: Starting process for DBN 0
place_region_2_left_0: Starting process for DBN 1
place_region_2_left_0: Starting process for DBN 2
place_region_2_left_0: Starting process for DBN 3
place_region_2_left_0: Received dict for DBN 0
place_region_2_left_0: Received dict for DBN 1
place_region_2_left_0: Received dict for DBN 2
place_region_2_left_0: Received dict for DBN 3
place_region_2_left_0: Sampling transitions and computing reward
place_region_2_left_0: Building transition/reward matrices
place_region_2_right_0: Identifying enabled states...
place_region_2_right_0: Splitting up datasets...
place_region_2_right_0: Learning DBNS...
place_region_2_right_0: Building transition dicts for each DBN
place_region_2_right_0: Starting process for DBN 0
place_region_2_right_0: Starting process for DBN 1
place_region_2_right_0: Starting process for DBN 2
place_region_2_right_0: Starting process for DBN 3
place_region_2_right_0: Received dict for DBN 1
place_region_2_right_0: Received dict for DBN 0
place_region_2_right_0: Received dict for DBN 2
place_region_2_right_0: Received dict for DBN 3
place_region_2_right_0: Sampling transitions and computing reward
place_region_2_right_0: Building transition/reward matrices
place_region_2_front_270: Identifying enabled states...
place_region_2_front_270: Splitting up datasets...
place_region_2_front_270: Learning DBNS...
place_region_2_front_270: Building transition dicts for each DBN
place_region_2_front_270: Starting process for DBN 0
place_region_2_front_270: Starting process for DBN 1
place_region_2_front_270: Starting process for DBN 2
place_region_2_front_270: Starting process for DBN 3
place_region_2_front_270: Received dict for DBN 1
place_region_2_front_270: Received dict for DBN 0
place_region_2_front_270: Received dict for DBN 2
place_region_2_front_270: Received dict for DBN 3
place_region_2_front_270: Sampling transitions and computing reward
place_region_2_front_270: Building transition/reward matrices
Building MDP...
Synthesising Policy...
Solving MDP for timestep: 29
Solving MDP for timestep: 28
Solving MDP for timestep: 27
Solving MDP for timestep: 26
Solving MDP for timestep: 25
Solving MDP for timestep: 24
Solving MDP for timestep: 23
Solving MDP for timestep: 22
Solving MDP for timestep: 21
Solving MDP for timestep: 20
Solving MDP for timestep: 19
Solving MDP for timestep: 18
Solving MDP for timestep: 17
Solving MDP for timestep: 16
Solving MDP for timestep: 15
Solving MDP for timestep: 14
Solving MDP for timestep: 13
Solving MDP for timestep: 12
Solving MDP for timestep: 11
Solving MDP for timestep: 10
Solving MDP for timestep: 9
Solving MDP for timestep: 8
Solving MDP for timestep: 7
Solving MDP for timestep: 6
Solving MDP for timestep: 5
Solving MDP for timestep: 4
Solving MDP for timestep: 3
Solving MDP for timestep: 2
Solving MDP for timestep: 1
Solving MDP for timestep: 0
Resetting the scene for new episode
Step 0
policy value 44.34109115600586
State(column0: region_1, column1: region_0, column2: region_2)
pick_column1_top_0
Action: Action(ActionType.PICK, obj=/column1, slot=None,grasp=GraspType.TOP_0)
[EXEC] Picking /column1 with top_0

[INFO] Found 9024 potential configurations.
[INFO] Motion completed successfully with result: success,in execution time: 3.44 seconds
[INFO] Found a reachable configuration for pick action after 1 attempts.
Tip distance after pick: 0.04177701958949701
[INFO] Pick action completed successfully.in execution time: 3.44 seconds
[EXEC] Action ActionType.PICK executed in 16.46 seconds
[SUCCESS] Action ActionType.PICK succeeded for object /column1
Action duration: 3.44
[LOG] Transition logged to MongoDB: 3b45543f-1da5-4b6b-a71d-6af8c33bab70 - Episode 18
Step 1
policy value 43.443138122558594
State(column0: region_1, column1: held, column2: region_2)
place_region_0_right_0
Action: Action(ActionType.PLACE, obj=/column1, slot=/region_0,grasp=GraspType.RIGHT_0)
[EXEC] Placing at [0.35, 0.8, 0.521] with grasp right_0

[INFO] Found 6464 potential configurations.
[ERROR] Motion failed (collision or invalid path)
[ERROR] Motion result: collision
[WARN] Failed to find a path to the selected place config on attempt 1.
[WARN] No path found to selected place config, discarding and trying next valid config...
[ERROR] Motion failed (collision or invalid path)
[ERROR] Motion result: collision
[WARN] Failed to find a path to the selected place config on attempt 2.
[WARN] No path found to selected place config, discarding and trying next valid config...
[ERROR] Motion failed (collision or invalid path)
[ERROR] Motion result: collision
[WARN] Failed to find a path to the selected place config on attempt 3.
[WARN] No path found to selected place config, discarding and trying next valid config...
[ERROR] Max IK attempts reached, place action failed.
[EXEC] Action ActionType.PLACE executed in 20.91 seconds
[ERROR] Action ActionType.PLACE failed for object /column1
Action duration: 0.001
[LOG] Transition logged to MongoDB: 3b45543f-1da5-4b6b-a71d-6af8c33bab70 - Episode 18
Action failed, stopping. Time elapsed: 0.001
Step 2
policy value 41.961585998535156
State(column0: region_1, column1: held, column2: region_2)
place_region_0_right_0
Action: Action(ActionType.PLACE, obj=/column1, slot=/region_0,grasp=GraspType.RIGHT_0)
[EXEC] Placing at [0.35, 0.8, 0.521] with grasp right_0

[INFO] Found 7232 potential configurations.
[INFO] Motion completed successfully with result: success,in execution time: 3.12 seconds
[INFO] Found a reachable configuration for place action after 1 attempts.
[INFO] Place action completed successfully.
realigning placed object /column1 to target position
[EXEC] Action ActionType.PLACE executed in 13.43 seconds
[SUCCESS] Action ActionType.PLACE succeeded for object /column1
Action duration: 3.1199999999999
[LOG] Transition logged to MongoDB: 3b45543f-1da5-4b6b-a71d-6af8c33bab70 - Episode 18
Step 3
policy value 39.89643478393555
State(column0: region_1, column1: region_0, column2: region_2)
pick_column1_top_0
Action: Action(ActionType.PICK, obj=/column1, slot=None,grasp=GraspType.TOP_0)
[EXEC] Picking /column1 with top_0

[INFO] Found 8128 potential configurations.
[INFO] Motion completed successfully with result: success,in execution time: 3.88 seconds
[INFO] Found a reachable configuration for pick action after 1 attempts.
Tip distance after pick: 0.027771300777076548
[INFO] Pick action completed successfully.in execution time: 3.88 seconds
[EXEC] Action ActionType.PICK executed in 11.28 seconds
[SUCCESS] Action ActionType.PICK succeeded for object /column1
Action duration: 3.8799999999999
[LOG] Transition logged to MongoDB: 3b45543f-1da5-4b6b-a71d-6af8c33bab70 - Episode 18
Step 4
policy value 38.99848175048828
State(column0: region_1, column1: held, column2: region_2)
place_region_0_right_0
Action: Action(ActionType.PLACE, obj=/column1, slot=/region_0,grasp=GraspType.RIGHT_0)
[EXEC] Placing at [0.35, 0.8, 0.521] with grasp right_0

[INFO] Found 7424 potential configurations.
[ERROR] Motion failed (collision or invalid path)
[ERROR] Motion result: collision
[WARN] Failed to find a path to the selected place config on attempt 1.
[WARN] No path found to selected place config, discarding and trying next valid config...
[INFO] Motion completed successfully with result: success,in execution time: 3.12 seconds
[INFO] Found a reachable configuration for place action after 2 attempts.
[INFO] Place action completed successfully.
realigning placed object /column1 to target position
[EXEC] Action ActionType.PLACE executed in 15.88 seconds
[SUCCESS] Action ActionType.PLACE succeeded for object /column1
Action duration: 3.1199999999999
[LOG] Transition logged to MongoDB: 3b45543f-1da5-4b6b-a71d-6af8c33bab70 - Episode 18
Step 5
policy value 36.93333053588867
State(column0: region_1, column1: region_0, column2: region_2)
pick_column1_top_0
Action: Action(ActionType.PICK, obj=/column1, slot=None,grasp=GraspType.TOP_0)
[EXEC] Picking /column1 with top_0

[INFO] Found 7296 potential configurations.
[INFO] Motion completed successfully with result: success,in execution time: 3.88 seconds
[INFO] Found a reachable configuration for pick action after 1 attempts.
Tip distance after pick: 0.02774808944801311
[INFO] Pick action completed successfully.in execution time: 3.88 seconds
[EXEC] Action ActionType.PICK executed in 10.92 seconds
[SUCCESS] Action ActionType.PICK succeeded for object /column1
Action duration: 3.8799999999999
[LOG] Transition logged to MongoDB: 3b45543f-1da5-4b6b-a71d-6af8c33bab70 - Episode 18
Step 6
policy value 36.035377502441406
State(column0: region_1, column1: held, column2: region_2)
place_region_0_right_0
Action: Action(ActionType.PLACE, obj=/column1, slot=/region_0,grasp=GraspType.RIGHT_0)
[EXEC] Placing at [0.35, 0.8, 0.521] with grasp right_0

[INFO] Found 7104 potential configurations.
[INFO] Motion completed successfully with result: success,in execution time: 3.12 seconds
[INFO] Found a reachable configuration for place action after 1 attempts.
[INFO] Place action completed successfully.
realigning placed object /column1 to target position
[EXEC] Action ActionType.PLACE executed in 13.03 seconds
[SUCCESS] Action ActionType.PLACE succeeded for object /column1
Action duration: 3.1200000000004
[LOG] Transition logged to MongoDB: 3b45543f-1da5-4b6b-a71d-6af8c33bab70 - Episode 18
Step 7
policy value 33.9702262878418
State(column0: region_1, column1: region_0, column2: region_2)
pick_column1_top_0
Action: Action(ActionType.PICK, obj=/column1, slot=None,grasp=GraspType.TOP_0)
[EXEC] Picking /column1 with top_0

[INFO] Found 9088 potential configurations.
[ERROR] Motion failed (collision or invalid path)
[ERROR] Motion result: collision
[WARN] Failed to find a path to the selected pick config on attempt 1.
[WARN] No path found to picked config, discarding and trying next valid config...
[ERROR] Motion failed (collision or invalid path)
[ERROR] Motion result: collision
[WARN] Failed to find a path to the selected pick config on attempt 2.
[WARN] No path found to picked config, discarding and trying next valid config...
[ERROR] Motion failed (collision or invalid path)
[ERROR] Motion result: collision
[WARN] Failed to find a path to the selected pick config on attempt 3.
[WARN] No path found to picked config, discarding and trying next valid config...
[ERROR] Max IK attempts reached, pick action failed.
[EXEC] Action ActionType.PICK executed in 20.10 seconds
[ERROR] Action ActionType.PICK failed for object /column1
Action duration: 0.001
[LOG] Transition logged to MongoDB: 3b45543f-1da5-4b6b-a71d-6af8c33bab70 - Episode 18
Action failed, stopping. Time elapsed: 0.001
Step 8
policy value 32.488677978515625
State(column0: region_1, column1: region_0, column2: region_2)
pick_column1_top_0
Action: Action(ActionType.PICK, obj=/column1, slot=None,grasp=GraspType.TOP_0)
[EXEC] Picking /column1 with top_0

[INFO] Found 8512 potential configurations.
[ERROR] Motion failed (collision or invalid path)
[ERROR] Motion result: collision
[WARN] Failed to find a path to the selected pick config on attempt 1.
[WARN] No path found to picked config, discarding and trying next valid config...
[INFO] Motion completed successfully with result: success,in execution time: 3.76 seconds
[INFO] Found a reachable configuration for pick action after 2 attempts.
Tip distance after pick: 0.027629534651446082
[INFO] Pick action completed successfully.in execution time: 3.76 seconds
[EXEC] Action ActionType.PICK executed in 16.64 seconds
[SUCCESS] Action ActionType.PICK succeeded for object /column1
Action duration: 3.7600000000006
[LOG] Transition logged to MongoDB: 3b45543f-1da5-4b6b-a71d-6af8c33bab70 - Episode 18
Step 9
policy value 31.590723037719727
State(column0: region_1, column1: held, column2: region_2)
place_region_0_right_0
Action: Action(ActionType.PLACE, obj=/column1, slot=/region_0,grasp=GraspType.RIGHT_0)
[EXEC] Placing at [0.35, 0.8, 0.521] with grasp right_0

[INFO] Found 7104 potential configurations.
[ERROR] Motion failed (collision or invalid path)
[ERROR] Motion result: collision
[WARN] Failed to find a path to the selected place config on attempt 1.
[WARN] No path found to selected place config, discarding and trying next valid config...
[INFO] Motion completed successfully with result: success,in execution time: 3.12 seconds
[INFO] Found a reachable configuration for place action after 2 attempts.
[INFO] Place action completed successfully.
realigning placed object /column1 to target position
[EXEC] Action ActionType.PLACE executed in 17.58 seconds
[SUCCESS] Action ActionType.PLACE succeeded for object /column1
Action duration: 3.1200000000005
[LOG] Transition logged to MongoDB: 3b45543f-1da5-4b6b-a71d-6af8c33bab70 - Episode 18
Step 10
policy value 29.525571823120117
State(column0: region_1, column1: region_0, column2: region_2)
pick_column1_top_0
Action: Action(ActionType.PICK, obj=/column1, slot=None,grasp=GraspType.TOP_0)
[EXEC] Picking /column1 with top_0

[INFO] Found 8768 potential configurations.
[ERROR] Motion failed (collision or invalid path)
[ERROR] Motion result: collision
[WARN] Failed to find a path to the selected pick config on attempt 1.
[WARN] No path found to picked config, discarding and trying next valid config...
[ERROR] Motion failed (collision or invalid path)
[ERROR] Motion result: collision
[WARN] Failed to find a path to the selected pick config on attempt 2.
[WARN] No path found to picked config, discarding and trying next valid config...
[ERROR] Motion failed (collision or invalid path)
[ERROR] Motion result: collision
[WARN] Failed to find a path to the selected pick config on attempt 3.
[WARN] No path found to picked config, discarding and trying next valid config...
[ERROR] Max IK attempts reached, pick action failed.
[EXEC] Action ActionType.PICK executed in 18.14 seconds
[ERROR] Action ActionType.PICK failed for object /column1
Action duration: 0.001
[LOG] Transition logged to MongoDB: 3b45543f-1da5-4b6b-a71d-6af8c33bab70 - Episode 18
Action failed, stopping. Time elapsed: 0.001
Step 11
policy value 28.04401969909668
State(column0: region_1, column1: region_0, column2: region_2)
pick_column1_top_0
Action: Action(ActionType.PICK, obj=/column1, slot=None,grasp=GraspType.TOP_0)
[EXEC] Picking /column1 with top_0

[INFO] Found 9600 potential configurations.
[ERROR] Motion failed (collision or invalid path)
[ERROR] Motion result: collision
[WARN] Failed to find a path to the selected pick config on attempt 1.
[WARN] No path found to picked config, discarding and trying next valid config...
[INFO] Motion completed successfully with result: success,in execution time: 3.76 seconds
[INFO] Found a reachable configuration for pick action after 2 attempts.
Tip distance after pick: 0.02795371608345775
[INFO] Pick action completed successfully.in execution time: 3.76 seconds
[EXEC] Action ActionType.PICK executed in 17.18 seconds
[SUCCESS] Action ActionType.PICK succeeded for object /column1
Action duration: 3.7600000000006
[LOG] Transition logged to MongoDB: 3b45543f-1da5-4b6b-a71d-6af8c33bab70 - Episode 18
Step 12
policy value 27.146066665649414
State(column0: region_1, column1: held, column2: region_2)
place_region_0_right_0
Action: Action(ActionType.PLACE, obj=/column1, slot=/region_0,grasp=GraspType.RIGHT_0)
[EXEC] Placing at [0.35, 0.8, 0.521] with grasp right_0

[INFO] Found 7168 potential configurations.
[ERROR] Motion failed (collision or invalid path)
[ERROR] Motion result: collision
[WARN] Failed to find a path to the selected place config on attempt 1.
[WARN] No path found to selected place config, discarding and trying next valid config...
[ERROR] Motion failed (collision or invalid path)
[ERROR] Motion result: collision
[WARN] Failed to find a path to the selected place config on attempt 2.
[WARN] No path found to selected place config, discarding and trying next valid config...
[INFO] Motion completed successfully with result: success,in execution time: 3.12 seconds
[INFO] Found a reachable configuration for place action after 3 attempts.
[INFO] Place action completed successfully.
realigning placed object /column1 to target position
[EXEC] Action ActionType.PLACE executed in 27.90 seconds
[SUCCESS] Action ActionType.PLACE succeeded for object /column1
Action duration: 3.1200000000005
[LOG] Transition logged to MongoDB: 3b45543f-1da5-4b6b-a71d-6af8c33bab70 - Episode 18
Step 13
policy value 25.080915451049805
State(column0: region_1, column1: region_0, column2: region_2)
pick_column1_top_0
Action: Action(ActionType.PICK, obj=/column1, slot=None,grasp=GraspType.TOP_0)
[EXEC] Picking /column1 with top_0

[INFO] Found 8128 potential configurations.
[INFO] Motion completed successfully with result: success,in execution time: 3.88 seconds
[INFO] Found a reachable configuration for pick action after 1 attempts.
Tip distance after pick: 0.027610131061908294
[INFO] Pick action completed successfully.in execution time: 3.88 seconds
[EXEC] Action ActionType.PICK executed in 10.13 seconds
[SUCCESS] Action ActionType.PICK succeeded for object /column1
Action duration: 3.8799999999992
[LOG] Transition logged to MongoDB: 3b45543f-1da5-4b6b-a71d-6af8c33bab70 - Episode 18
Step 14
policy value 24.18296241760254
State(column0: region_1, column1: held, column2: region_2)
place_region_0_right_0
Action: Action(ActionType.PLACE, obj=/column1, slot=/region_0,grasp=GraspType.RIGHT_0)
[EXEC] Placing at [0.35, 0.8, 0.521] with grasp right_0

[INFO] Found 7296 potential configurations.
[INFO] Motion completed successfully with result: success,in execution time: 3.12 seconds
[INFO] Found a reachable configuration for place action after 1 attempts.
[INFO] Place action completed successfully.
realigning placed object /column1 to target position
[EXEC] Action ActionType.PLACE executed in 14.63 seconds
[SUCCESS] Action ActionType.PLACE succeeded for object /column1
Action duration: 3.1199999999994
[LOG] Transition logged to MongoDB: 3b45543f-1da5-4b6b-a71d-6af8c33bab70 - Episode 18
Step 15
policy value 22.11781120300293
State(column0: region_1, column1: region_0, column2: region_2)
pick_column1_top_0
Action: Action(ActionType.PICK, obj=/column1, slot=None,grasp=GraspType.TOP_0)
[EXEC] Picking /column1 with top_0

[INFO] Found 6208 potential configurations.
[ERROR] Motion failed (collision or invalid path)
[ERROR] Motion result: collision
[WARN] Failed to find a path to the selected pick config on attempt 1.
[WARN] No path found to picked config, discarding and trying next valid config...
[INFO] Motion completed successfully with result: success,in execution time: 3.88 seconds
[INFO] Found a reachable configuration for pick action after 2 attempts.
Tip distance after pick: 0.02776647915290106
[INFO] Pick action completed successfully.in execution time: 3.88 seconds
[EXEC] Action ActionType.PICK executed in 14.98 seconds
[SUCCESS] Action ActionType.PICK succeeded for object /column1
Action duration: 3.8799999999992
[LOG] Transition logged to MongoDB: 3b45543f-1da5-4b6b-a71d-6af8c33bab70 - Episode 18
Step 16
policy value 21.219858169555664
State(column0: region_1, column1: held, column2: region_2)
place_region_0_right_0
Action: Action(ActionType.PLACE, obj=/column1, slot=/region_0,grasp=GraspType.RIGHT_0)
[EXEC] Placing at [0.35, 0.8, 0.521] with grasp right_0

[INFO] Found 6464 potential configurations.
[INFO] Motion completed successfully with result: success,in execution time: 3.12 seconds
[INFO] Found a reachable configuration for place action after 1 attempts.
[INFO] Place action completed successfully.
realigning placed object /column1 to target position
[EXEC] Action ActionType.PLACE executed in 10.52 seconds
[SUCCESS] Action ActionType.PLACE succeeded for object /column1
Action duration: 3.1199999999994
[LOG] Transition logged to MongoDB: 3b45543f-1da5-4b6b-a71d-6af8c33bab70 - Episode 18
Step 17
policy value 19.154706954956055
State(column0: region_1, column1: region_0, column2: region_2)
pick_column1_top_0
Action: Action(ActionType.PICK, obj=/column1, slot=None,grasp=GraspType.TOP_0)
[EXEC] Picking /column1 with top_0

[INFO] Found 9664 potential configurations.
[INFO] Motion completed successfully with result: success,in execution time: 3.88 seconds
[INFO] Found a reachable configuration for pick action after 1 attempts.
Tip distance after pick: 0.02828365610122319
[INFO] Pick action completed successfully.in execution time: 3.88 seconds
[EXEC] Action ActionType.PICK executed in 11.59 seconds
[SUCCESS] Action ActionType.PICK succeeded for object /column1
Action duration: 3.8799999999992
[LOG] Transition logged to MongoDB: 3b45543f-1da5-4b6b-a71d-6af8c33bab70 - Episode 18
Step 18
policy value 18.25675392150879
State(column0: region_1, column1: held, column2: region_2)
place_region_0_right_0
Action: Action(ActionType.PLACE, obj=/column1, slot=/region_0,grasp=GraspType.RIGHT_0)
[EXEC] Placing at [0.35, 0.8, 0.521] with grasp right_0

[INFO] Found 7936 potential configurations.
[INFO] Motion completed successfully with result: success,in execution time: 3.12 seconds
[INFO] Found a reachable configuration for place action after 1 attempts.
[INFO] Place action completed successfully.
realigning placed object /column1 to target position
[EXEC] Action ActionType.PLACE executed in 10.82 seconds
[SUCCESS] Action ActionType.PLACE succeeded for object /column1
Action duration: 3.1199999999994
[LOG] Transition logged to MongoDB: 3b45543f-1da5-4b6b-a71d-6af8c33bab70 - Episode 18
Step 19
policy value 16.191604614257812
State(column0: region_1, column1: region_0, column2: region_2)
pick_column1_top_0
Action: Action(ActionType.PICK, obj=/column1, slot=None,grasp=GraspType.TOP_0)
[EXEC] Picking /column1 with top_0

[INFO] Found 9024 potential configurations.
[ERROR] Motion failed (collision or invalid path)
[ERROR] Motion result: collision
[WARN] Failed to find a path to the selected pick config on attempt 1.
[WARN] No path found to picked config, discarding and trying next valid config...
[INFO] Motion completed successfully with result: success,in execution time: 3.88 seconds
[INFO] Found a reachable configuration for pick action after 2 attempts.
Tip distance after pick: 0.027677274277427034
[INFO] Pick action completed successfully.in execution time: 3.88 seconds
[EXEC] Action ActionType.PICK executed in 22.29 seconds
[SUCCESS] Action ActionType.PICK succeeded for object /column1
Action duration: 3.8799999999992
[LOG] Transition logged to MongoDB: 3b45543f-1da5-4b6b-a71d-6af8c33bab70 - Episode 18
Step 20
policy value 15.29365062713623
State(column0: region_1, column1: held, column2: region_2)
place_region_0_right_0
Action: Action(ActionType.PLACE, obj=/column1, slot=/region_0,grasp=GraspType.RIGHT_0)
[EXEC] Placing at [0.35, 0.8, 0.521] with grasp right_0

[INFO] Found 7872 potential configurations.
[INFO] Motion completed successfully with result: success,in execution time: 3.16 seconds
[INFO] Found a reachable configuration for place action after 1 attempts.
[INFO] Place action completed successfully.
realigning placed object /column1 to target position
[EXEC] Action ActionType.PLACE executed in 15.72 seconds
[SUCCESS] Action ActionType.PLACE succeeded for object /column1
Action duration: 3.1599999999994
[LOG] Transition logged to MongoDB: 3b45543f-1da5-4b6b-a71d-6af8c33bab70 - Episode 18
Step 21
policy value 13.228500366210938
State(column0: region_1, column1: region_0, column2: region_2)
pick_column1_top_0
Action: Action(ActionType.PICK, obj=/column1, slot=None,grasp=GraspType.TOP_0)
[EXEC] Picking /column1 with top_0

[INFO] Found 8640 potential configurations.
[ERROR] Motion failed (collision or invalid path)
[ERROR] Motion result: collision
[WARN] Failed to find a path to the selected pick config on attempt 1.
[WARN] No path found to picked config, discarding and trying next valid config...
[ERROR] Motion failed (collision or invalid path)
[ERROR] Motion result: collision
[WARN] Failed to find a path to the selected pick config on attempt 2.
[WARN] No path found to picked config, discarding and trying next valid config...
[INFO] Motion completed successfully with result: success,in execution time: 3.88 seconds
[INFO] Found a reachable configuration for pick action after 3 attempts.
Tip distance after pick: 0.027213201357767357
[INFO] Pick action completed successfully.in execution time: 3.88 seconds
[EXEC] Action ActionType.PICK executed in 20.48 seconds
[SUCCESS] Action ActionType.PICK succeeded for object /column1
Action duration: 3.8799999999992
[LOG] Transition logged to MongoDB: 3b45543f-1da5-4b6b-a71d-6af8c33bab70 - Episode 18
Step 22
policy value 12.330546379089355
State(column0: region_1, column1: held, column2: region_2)
place_region_0_right_0
Action: Action(ActionType.PLACE, obj=/column1, slot=/region_0,grasp=GraspType.RIGHT_0)
[EXEC] Placing at [0.35, 0.8, 0.521] with grasp right_0

[INFO] Found 6912 potential configurations.
[ERROR] Motion failed (collision or invalid path)
[ERROR] Motion result: collision
[WARN] Failed to find a path to the selected place config on attempt 1.
[WARN] No path found to selected place config, discarding and trying next valid config...
[INFO] Motion completed successfully with result: success,in execution time: 3.12 seconds
[INFO] Found a reachable configuration for place action after 2 attempts.
[INFO] Place action completed successfully.
realigning placed object /column1 to target position
[EXEC] Action ActionType.PLACE executed in 17.79 seconds
[SUCCESS] Action ActionType.PLACE succeeded for object /column1
Action duration: 3.1199999999994
[LOG] Transition logged to MongoDB: 3b45543f-1da5-4b6b-a71d-6af8c33bab70 - Episode 18
Step 23
policy value 10.265396118164062
State(column0: region_1, column1: region_0, column2: region_2)
pick_column1_top_0
Action: Action(ActionType.PICK, obj=/column1, slot=None,grasp=GraspType.TOP_0)
[EXEC] Picking /column1 with top_0

[INFO] Found 8128 potential configurations.
[ERROR] Motion failed (collision or invalid path)
[ERROR] Motion result: collision
[WARN] Failed to find a path to the selected pick config on attempt 1.
[WARN] No path found to picked config, discarding and trying next valid config...
[ERROR] Motion failed (collision or invalid path)
[ERROR] Motion result: collision
[WARN] Failed to find a path to the selected pick config on attempt 2.
[WARN] No path found to picked config, discarding and trying next valid config...
[ERROR] Motion failed (collision or invalid path)
[ERROR] Motion result: collision
[WARN] Failed to find a path to the selected pick config on attempt 3.
[WARN] No path found to picked config, discarding and trying next valid config...
[ERROR] Max IK attempts reached, pick action failed.
[EXEC] Action ActionType.PICK executed in 23.98 seconds
[ERROR] Action ActionType.PICK failed for object /column1
Action duration: 0.001
[LOG] Transition logged to MongoDB: 3b45543f-1da5-4b6b-a71d-6af8c33bab70 - Episode 18
Action failed, stopping. Time elapsed: 0.001
Step 24
policy value 8.783843994140625
State(column0: region_1, column1: region_0, column2: region_2)
pick_column1_top_0
Action: Action(ActionType.PICK, obj=/column1, slot=None,grasp=GraspType.TOP_0)
[EXEC] Picking /column1 with top_0

[INFO] Found 8704 potential configurations.
[INFO] Motion completed successfully with result: success,in execution time: 3.88 seconds
[INFO] Found a reachable configuration for pick action after 1 attempts.
Tip distance after pick: 0.02738664497435285
[INFO] Pick action completed successfully.in execution time: 3.88 seconds
[EXEC] Action ActionType.PICK executed in 9.49 seconds
[SUCCESS] Action ActionType.PICK succeeded for object /column1
Action duration: 3.8799999999992
[LOG] Transition logged to MongoDB: 3b45543f-1da5-4b6b-a71d-6af8c33bab70 - Episode 18
Step 25
policy value 7.885890007019043
State(column0: region_1, column1: held, column2: region_2)
place_region_0_right_0
Action: Action(ActionType.PLACE, obj=/column1, slot=/region_0,grasp=GraspType.RIGHT_0)
[EXEC] Placing at [0.35, 0.8, 0.521] with grasp right_0

[INFO] Found 7104 potential configurations.
[INFO] Motion completed successfully with result: success,in execution time: 3.12 seconds
[INFO] Found a reachable configuration for place action after 1 attempts.
[INFO] Place action completed successfully.
realigning placed object /column1 to target position
[EXEC] Action ActionType.PLACE executed in 11.47 seconds
[SUCCESS] Action ActionType.PLACE succeeded for object /column1
Action duration: 3.1200000000016
[LOG] Transition logged to MongoDB: 3b45543f-1da5-4b6b-a71d-6af8c33bab70 - Episode 18
Step 26
policy value 5.820740699768066
State(column0: region_1, column1: region_0, column2: region_2)
pick_column1_top_0
Action: Action(ActionType.PICK, obj=/column1, slot=None,grasp=GraspType.TOP_0)
[EXEC] Picking /column1 with top_0

[INFO] Found 8064 potential configurations.
[ERROR] Motion failed (collision or invalid path)
[ERROR] Motion result: collision
[WARN] Failed to find a path to the selected pick config on attempt 1.
[WARN] No path found to picked config, discarding and trying next valid config...
[INFO] Motion completed successfully with result: success,in execution time: 3.76 seconds
[INFO] Found a reachable configuration for pick action after 2 attempts.
Tip distance after pick: 0.027694939318265516
[INFO] Pick action completed successfully.in execution time: 3.76 seconds
[EXEC] Action ActionType.PICK executed in 17.90 seconds
[SUCCESS] Action ActionType.PICK succeeded for object /column1
Action duration: 3.7600000000019
[LOG] Transition logged to MongoDB: 3b45543f-1da5-4b6b-a71d-6af8c33bab70 - Episode 18
Step 27
policy value 4.922786712646484
State(column0: region_1, column1: held, column2: region_2)
place_region_0_right_0
Action: Action(ActionType.PLACE, obj=/column1, slot=/region_0,grasp=GraspType.RIGHT_0)
[EXEC] Placing at [0.35, 0.8, 0.521] with grasp right_0

[INFO] Found 6336 potential configurations.
[INFO] Motion completed successfully with result: success,in execution time: 3.12 seconds
[INFO] Found a reachable configuration for place action after 1 attempts.
[INFO] Place action completed successfully.
realigning placed object /column1 to target position
[EXEC] Action ActionType.PLACE executed in 10.19 seconds
[SUCCESS] Action ActionType.PLACE succeeded for object /column1
Action duration: 3.1200000000016
[LOG] Transition logged to MongoDB: 3b45543f-1da5-4b6b-a71d-6af8c33bab70 - Episode 18
Step 28
policy value 2.8576371669769287
State(column0: region_1, column1: region_0, column2: region_2)
pick_column1_top_0
Action: Action(ActionType.PICK, obj=/column1, slot=None,grasp=GraspType.TOP_0)
[EXEC] Picking /column1 with top_0

[INFO] Found 8064 potential configurations.
[INFO] Motion completed successfully with result: success,in execution time: 3.76 seconds
[INFO] Found a reachable configuration for pick action after 1 attempts.
Tip distance after pick: 0.027800649614321812
[INFO] Pick action completed successfully.in execution time: 3.76 seconds
[EXEC] Action ActionType.PICK executed in 10.23 seconds
[SUCCESS] Action ActionType.PICK succeeded for object /column1
Action duration: 3.7600000000019
[LOG] Transition logged to MongoDB: 3b45543f-1da5-4b6b-a71d-6af8c33bab70 - Episode 18
Step 29
policy value 1.9596832990646362
State(column0: region_1, column1: held, column2: region_2)
place_goal_2_right_0
Action: Action(ActionType.PLACE, obj=/column1, slot=/goal_2,grasp=GraspType.RIGHT_0)
[EXEC] Placing at [-0.6000000000000001, 0.8250000000000003, 0.5] with grasp right_0

[INFO] Found 5888 potential configurations.
[INFO] Motion completed successfully with result: success,in execution time: 3.68 seconds
[INFO] Found a reachable configuration for place action after 1 attempts.
[INFO] Place action completed successfully.
realigning placed object /column1 to target position
[EXEC] Action ActionType.PLACE executed in 9.45 seconds
[SUCCESS] Action ActionType.PLACE succeeded for object /column1
Action duration: 3.6800000000019
[LOG] Transition logged to MongoDB: 3b45543f-1da5-4b6b-a71d-6af8c33bab70 - Episode 18
Step 30
policy value None
No more valid actions in policy
Episode 8 ended
Revising policy
USING STORM: False
Reading data from MongoDB...
Total option moiton param combinations 36
Collected combinations 36
Building state to idx mapping...
Building option ensembles...
pick_column0_top_0: Identifying enabled states...
pick_column0_top_0: Splitting up datasets...
pick_column0_top_0: Learning DBNS...
pick_column0_top_0: Building transition dicts for each DBN
pick_column0_top_0: Starting process for DBN 0
pick_column0_top_0: Starting process for DBN 1
pick_column0_top_0: Starting process for DBN 2
pick_column0_top_0: Starting process for DBN 3
pick_column0_top_0: Received dict for DBN 0
pick_column0_top_0: Received dict for DBN 1
pick_column0_top_0: Received dict for DBN 2
pick_column0_top_0: Received dict for DBN 3
pick_column0_top_0: Sampling transitions and computing reward
pick_column0_top_0: Building transition/reward matrices
pick_column0_left_0: Identifying enabled states...
pick_column0_left_0: Splitting up datasets...
pick_column0_left_0: Learning DBNS...
pick_column0_left_0: Building transition dicts for each DBN
pick_column0_left_0: Starting process for DBN 0
pick_column0_left_0: Starting process for DBN 1
pick_column0_left_0: Starting process for DBN 2
pick_column0_left_0: Starting process for DBN 3
pick_column0_left_0: Received dict for DBN 0
pick_column0_left_0: Received dict for DBN 1
pick_column0_left_0: Received dict for DBN 2
pick_column0_left_0: Received dict for DBN 3
pick_column0_left_0: Sampling transitions and computing reward
pick_column0_left_0: Building transition/reward matrices
pick_column0_right_0: Identifying enabled states...
pick_column0_right_0: Splitting up datasets...
pick_column0_right_0: Learning DBNS...
pick_column0_right_0: Building transition dicts for each DBN
pick_column0_right_0: Starting process for DBN 0
pick_column0_right_0: Starting process for DBN 1
pick_column0_right_0: Starting process for DBN 2
pick_column0_right_0: Starting process for DBN 3
pick_column0_right_0: Received dict for DBN 0
pick_column0_right_0: Received dict for DBN 1
pick_column0_right_0: Received dict for DBN 2
pick_column0_right_0: Received dict for DBN 3
pick_column0_right_0: Sampling transitions and computing reward
pick_column0_right_0: Building transition/reward matrices
pick_column0_front_270: Identifying enabled states...
pick_column0_front_270: Splitting up datasets...
pick_column0_front_270: Learning DBNS...
pick_column0_front_270: Building transition dicts for each DBN
pick_column0_front_270: Starting process for DBN 0
pick_column0_front_270: Starting process for DBN 1
pick_column0_front_270: Starting process for DBN 2
pick_column0_front_270: Starting process for DBN 3
pick_column0_front_270: Received dict for DBN 3
pick_column0_front_270: Received dict for DBN 0
pick_column0_front_270: Received dict for DBN 2
pick_column0_front_270: Received dict for DBN 1
pick_column0_front_270: Sampling transitions and computing reward
pick_column0_front_270: Building transition/reward matrices
pick_column1_top_0: Identifying enabled states...
pick_column1_top_0: Splitting up datasets...
pick_column1_top_0: Learning DBNS...
pick_column1_top_0: Building transition dicts for each DBN
pick_column1_top_0: Starting process for DBN 0
pick_column1_top_0: Starting process for DBN 1
pick_column1_top_0: Starting process for DBN 2
pick_column1_top_0: Starting process for DBN 3
pick_column1_top_0: Received dict for DBN 0
pick_column1_top_0: Received dict for DBN 1
pick_column1_top_0: Received dict for DBN 3
pick_column1_top_0: Received dict for DBN 2
pick_column1_top_0: Sampling transitions and computing reward
pick_column1_top_0: Building transition/reward matrices
pick_column1_left_0: Identifying enabled states...
pick_column1_left_0: Splitting up datasets...
pick_column1_left_0: Learning DBNS...
pick_column1_left_0: Building transition dicts for each DBN
pick_column1_left_0: Starting process for DBN 0
pick_column1_left_0: Starting process for DBN 1
pick_column1_left_0: Starting process for DBN 2
pick_column1_left_0: Starting process for DBN 3
pick_column1_left_0: Received dict for DBN 0
pick_column1_left_0: Received dict for DBN 1
pick_column1_left_0: Received dict for DBN 2
pick_column1_left_0: Received dict for DBN 3
pick_column1_left_0: Sampling transitions and computing reward
pick_column1_left_0: Building transition/reward matrices
pick_column1_right_0: Identifying enabled states...
pick_column1_right_0: Splitting up datasets...
pick_column1_right_0: Learning DBNS...
pick_column1_right_0: Building transition dicts for each DBN
pick_column1_right_0: Starting process for DBN 0
pick_column1_right_0: Starting process for DBN 1
pick_column1_right_0: Starting process for DBN 2
pick_column1_right_0: Starting process for DBN 3
pick_column1_right_0: Received dict for DBN 0
pick_column1_right_0: Received dict for DBN 1
pick_column1_right_0: Received dict for DBN 2
pick_column1_right_0: Received dict for DBN 3
pick_column1_right_0: Sampling transitions and computing reward
pick_column1_right_0: Building transition/reward matrices
pick_column1_front_270: Identifying enabled states...
pick_column1_front_270: Splitting up datasets...
pick_column1_front_270: Learning DBNS...
pick_column1_front_270: Building transition dicts for each DBN
pick_column1_front_270: Starting process for DBN 0
pick_column1_front_270: Starting process for DBN 1
pick_column1_front_270: Starting process for DBN 2
pick_column1_front_270: Starting process for DBN 3
pick_column1_front_270: Received dict for DBN 0
pick_column1_front_270: Received dict for DBN 1
pick_column1_front_270: Received dict for DBN 2
pick_column1_front_270: Received dict for DBN 3
pick_column1_front_270: Sampling transitions and computing reward
pick_column1_front_270: Building transition/reward matrices
pick_column2_top_0: Identifying enabled states...
pick_column2_top_0: Splitting up datasets...
pick_column2_top_0: Learning DBNS...
pick_column2_top_0: Building transition dicts for each DBN
pick_column2_top_0: Starting process for DBN 0
pick_column2_top_0: Starting process for DBN 1
pick_column2_top_0: Starting process for DBN 2
pick_column2_top_0: Starting process for DBN 3
pick_column2_top_0: Received dict for DBN 0
pick_column2_top_0: Received dict for DBN 1
pick_column2_top_0: Received dict for DBN 2
pick_column2_top_0: Received dict for DBN 3
pick_column2_top_0: Sampling transitions and computing reward
pick_column2_top_0: Building transition/reward matrices
pick_column2_left_0: Identifying enabled states...
pick_column2_left_0: Splitting up datasets...
pick_column2_left_0: Learning DBNS...
pick_column2_left_0: Building transition dicts for each DBN
pick_column2_left_0: Starting process for DBN 0
pick_column2_left_0: Starting process for DBN 1
pick_column2_left_0: Starting process for DBN 2
pick_column2_left_0: Starting process for DBN 3
pick_column2_left_0: Received dict for DBN 0
pick_column2_left_0: Received dict for DBN 1
pick_column2_left_0: Received dict for DBN 2
pick_column2_left_0: Received dict for DBN 3
pick_column2_left_0: Sampling transitions and computing reward
pick_column2_left_0: Building transition/reward matrices
pick_column2_right_0: Identifying enabled states...
pick_column2_right_0: Splitting up datasets...
pick_column2_right_0: Learning DBNS...
pick_column2_right_0: Building transition dicts for each DBN
pick_column2_right_0: Starting process for DBN 0
pick_column2_right_0: Starting process for DBN 1
pick_column2_right_0: Starting process for DBN 2
pick_column2_right_0: Starting process for DBN 3
pick_column2_right_0: Received dict for DBN 0
pick_column2_right_0: Received dict for DBN 1
pick_column2_right_0: Received dict for DBN 2
pick_column2_right_0: Received dict for DBN 3
pick_column2_right_0: Sampling transitions and computing reward
pick_column2_right_0: Building transition/reward matrices
pick_column2_front_270: Identifying enabled states...
pick_column2_front_270: Splitting up datasets...
pick_column2_front_270: Learning DBNS...
pick_column2_front_270: Building transition dicts for each DBN
pick_column2_front_270: Starting process for DBN 0
pick_column2_front_270: Starting process for DBN 1
pick_column2_front_270: Starting process for DBN 2
pick_column2_front_270: Starting process for DBN 3
pick_column2_front_270: Received dict for DBN 0
pick_column2_front_270: Received dict for DBN 1
pick_column2_front_270: Received dict for DBN 2
pick_column2_front_270: Received dict for DBN 3
pick_column2_front_270: Sampling transitions and computing reward
pick_column2_front_270: Building transition/reward matrices
place_goal_0_top_0: Identifying enabled states...
place_goal_0_top_0: Splitting up datasets...
place_goal_0_top_0: Learning DBNS...
place_goal_0_top_0: Building transition dicts for each DBN
place_goal_0_top_0: Starting process for DBN 0
place_goal_0_top_0: Starting process for DBN 1
place_goal_0_top_0: Starting process for DBN 2
place_goal_0_top_0: Starting process for DBN 3
place_goal_0_top_0: Received dict for DBN 1
place_goal_0_top_0: Received dict for DBN 2
place_goal_0_top_0: Received dict for DBN 3
place_goal_0_top_0: Received dict for DBN 0
place_goal_0_top_0: Sampling transitions and computing reward
place_goal_0_top_0: Building transition/reward matrices
place_goal_0_left_0: Identifying enabled states...
place_goal_0_left_0: Splitting up datasets...
place_goal_0_left_0: Learning DBNS...
place_goal_0_left_0: Building transition dicts for each DBN
place_goal_0_left_0: Starting process for DBN 0
place_goal_0_left_0: Starting process for DBN 1
place_goal_0_left_0: Starting process for DBN 2
place_goal_0_left_0: Starting process for DBN 3
place_goal_0_left_0: Received dict for DBN 0
place_goal_0_left_0: Received dict for DBN 1
place_goal_0_left_0: Received dict for DBN 2
place_goal_0_left_0: Received dict for DBN 3
place_goal_0_left_0: Sampling transitions and computing reward
place_goal_0_left_0: Building transition/reward matrices
place_goal_0_right_0: Identifying enabled states...
place_goal_0_right_0: Splitting up datasets...
place_goal_0_right_0: Learning DBNS...
place_goal_0_right_0: Building transition dicts for each DBN
place_goal_0_right_0: Starting process for DBN 0
place_goal_0_right_0: Starting process for DBN 1
place_goal_0_right_0: Starting process for DBN 2
place_goal_0_right_0: Starting process for DBN 3
place_goal_0_right_0: Received dict for DBN 0
place_goal_0_right_0: Received dict for DBN 1
place_goal_0_right_0: Received dict for DBN 2
place_goal_0_right_0: Received dict for DBN 3
place_goal_0_right_0: Sampling transitions and computing reward
place_goal_0_right_0: Building transition/reward matrices
place_goal_0_front_270: Identifying enabled states...
place_goal_0_front_270: Splitting up datasets...
place_goal_0_front_270: Learning DBNS...
place_goal_0_front_270: Building transition dicts for each DBN
place_goal_0_front_270: Starting process for DBN 0
place_goal_0_front_270: Starting process for DBN 1
place_goal_0_front_270: Starting process for DBN 2
place_goal_0_front_270: Starting process for DBN 3
place_goal_0_front_270: Received dict for DBN 1
place_goal_0_front_270: Received dict for DBN 2
place_goal_0_front_270: Received dict for DBN 0
place_goal_0_front_270: Received dict for DBN 3
place_goal_0_front_270: Sampling transitions and computing reward
place_goal_0_front_270: Building transition/reward matrices
place_goal_1_top_0: Identifying enabled states...
place_goal_1_top_0: Splitting up datasets...
place_goal_1_top_0: Learning DBNS...
place_goal_1_top_0: Building transition dicts for each DBN
place_goal_1_top_0: Starting process for DBN 0
place_goal_1_top_0: Starting process for DBN 1
place_goal_1_top_0: Starting process for DBN 2
place_goal_1_top_0: Starting process for DBN 3
place_goal_1_top_0: Received dict for DBN 0
place_goal_1_top_0: Received dict for DBN 1
place_goal_1_top_0: Received dict for DBN 2
place_goal_1_top_0: Received dict for DBN 3
place_goal_1_top_0: Sampling transitions and computing reward
place_goal_1_top_0: Building transition/reward matrices
place_goal_1_left_0: Identifying enabled states...
place_goal_1_left_0: Splitting up datasets...
place_goal_1_left_0: Learning DBNS...
place_goal_1_left_0: Building transition dicts for each DBN
place_goal_1_left_0: Starting process for DBN 0
place_goal_1_left_0: Starting process for DBN 1
place_goal_1_left_0: Starting process for DBN 2
place_goal_1_left_0: Starting process for DBN 3
place_goal_1_left_0: Received dict for DBN 0
place_goal_1_left_0: Received dict for DBN 1
place_goal_1_left_0: Received dict for DBN 2
place_goal_1_left_0: Received dict for DBN 3
place_goal_1_left_0: Sampling transitions and computing reward
place_goal_1_left_0: Building transition/reward matrices
place_goal_1_right_0: Identifying enabled states...
place_goal_1_right_0: Splitting up datasets...
place_goal_1_right_0: Learning DBNS...
place_goal_1_right_0: Building transition dicts for each DBN
place_goal_1_right_0: Starting process for DBN 0
place_goal_1_right_0: Starting process for DBN 1
place_goal_1_right_0: Starting process for DBN 2
place_goal_1_right_0: Starting process for DBN 3
place_goal_1_right_0: Received dict for DBN 0
place_goal_1_right_0: Received dict for DBN 1
place_goal_1_right_0: Received dict for DBN 2
place_goal_1_right_0: Received dict for DBN 3
place_goal_1_right_0: Sampling transitions and computing reward
place_goal_1_right_0: Building transition/reward matrices
place_goal_1_front_270: Identifying enabled states...
place_goal_1_front_270: Splitting up datasets...
place_goal_1_front_270: Learning DBNS...
place_goal_1_front_270: Building transition dicts for each DBN
place_goal_1_front_270: Starting process for DBN 0
place_goal_1_front_270: Starting process for DBN 1
place_goal_1_front_270: Starting process for DBN 2
place_goal_1_front_270: Starting process for DBN 3
place_goal_1_front_270: Received dict for DBN 0
place_goal_1_front_270: Received dict for DBN 1
place_goal_1_front_270: Received dict for DBN 2
place_goal_1_front_270: Received dict for DBN 3
place_goal_1_front_270: Sampling transitions and computing reward
place_goal_1_front_270: Building transition/reward matrices
place_goal_2_top_0: Identifying enabled states...
place_goal_2_top_0: Splitting up datasets...
place_goal_2_top_0: Learning DBNS...
place_goal_2_top_0: Building transition dicts for each DBN
place_goal_2_top_0: Starting process for DBN 0
place_goal_2_top_0: Starting process for DBN 1
place_goal_2_top_0: Starting process for DBN 2
place_goal_2_top_0: Starting process for DBN 3
place_goal_2_top_0: Received dict for DBN 0
place_goal_2_top_0: Received dict for DBN 1
place_goal_2_top_0: Received dict for DBN 2
place_goal_2_top_0: Received dict for DBN 3
place_goal_2_top_0: Sampling transitions and computing reward
place_goal_2_top_0: Building transition/reward matrices
place_goal_2_left_0: Identifying enabled states...
place_goal_2_left_0: Splitting up datasets...
place_goal_2_left_0: Learning DBNS...
place_goal_2_left_0: Building transition dicts for each DBN
place_goal_2_left_0: Starting process for DBN 0
place_goal_2_left_0: Starting process for DBN 1
place_goal_2_left_0: Starting process for DBN 2
place_goal_2_left_0: Starting process for DBN 3
place_goal_2_left_0: Received dict for DBN 0
place_goal_2_left_0: Received dict for DBN 1
place_goal_2_left_0: Received dict for DBN 2
place_goal_2_left_0: Received dict for DBN 3
place_goal_2_left_0: Sampling transitions and computing reward
place_goal_2_left_0: Building transition/reward matrices
place_goal_2_right_0: Identifying enabled states...
place_goal_2_right_0: Splitting up datasets...
place_goal_2_right_0: Learning DBNS...
place_goal_2_right_0: Building transition dicts for each DBN
place_goal_2_right_0: Starting process for DBN 0
place_goal_2_right_0: Starting process for DBN 1
place_goal_2_right_0: Starting process for DBN 2
place_goal_2_right_0: Starting process for DBN 3
place_goal_2_right_0: Received dict for DBN 2
place_goal_2_right_0: Received dict for DBN 0
place_goal_2_right_0: Received dict for DBN 1
place_goal_2_right_0: Received dict for DBN 3
place_goal_2_right_0: Sampling transitions and computing reward
place_goal_2_right_0: Building transition/reward matrices
place_goal_2_front_270: Identifying enabled states...
place_goal_2_front_270: Splitting up datasets...
place_goal_2_front_270: Learning DBNS...
place_goal_2_front_270: Building transition dicts for each DBN
place_goal_2_front_270: Starting process for DBN 0
place_goal_2_front_270: Starting process for DBN 1
place_goal_2_front_270: Starting process for DBN 2
place_goal_2_front_270: Starting process for DBN 3
place_goal_2_front_270: Received dict for DBN 0
place_goal_2_front_270: Received dict for DBN 1
place_goal_2_front_270: Received dict for DBN 2
place_goal_2_front_270: Received dict for DBN 3
place_goal_2_front_270: Sampling transitions and computing reward
place_goal_2_front_270: Building transition/reward matrices
place_region_0_top_0: Identifying enabled states...
place_region_0_top_0: Splitting up datasets...
place_region_0_top_0: Learning DBNS...
place_region_0_top_0: Building transition dicts for each DBN
place_region_0_top_0: Starting process for DBN 0
place_region_0_top_0: Starting process for DBN 1
place_region_0_top_0: Starting process for DBN 2
place_region_0_top_0: Starting process for DBN 3
place_region_0_top_0: Received dict for DBN 0
place_region_0_top_0: Received dict for DBN 1
place_region_0_top_0: Received dict for DBN 3
place_region_0_top_0: Received dict for DBN 2
place_region_0_top_0: Sampling transitions and computing reward
place_region_0_top_0: Building transition/reward matrices
place_region_0_left_0: Identifying enabled states...
place_region_0_left_0: Splitting up datasets...
place_region_0_left_0: Learning DBNS...
place_region_0_left_0: Building transition dicts for each DBN
place_region_0_left_0: Starting process for DBN 0
place_region_0_left_0: Starting process for DBN 1
place_region_0_left_0: Starting process for DBN 2
place_region_0_left_0: Starting process for DBN 3
place_region_0_left_0: Received dict for DBN 0
place_region_0_left_0: Received dict for DBN 1
place_region_0_left_0: Received dict for DBN 2
place_region_0_left_0: Received dict for DBN 3
place_region_0_left_0: Sampling transitions and computing reward
place_region_0_left_0: Building transition/reward matrices
place_region_0_right_0: Identifying enabled states...
place_region_0_right_0: Splitting up datasets...
place_region_0_right_0: Learning DBNS...
place_region_0_right_0: Building transition dicts for each DBN
place_region_0_right_0: Starting process for DBN 0
place_region_0_right_0: Starting process for DBN 1
place_region_0_right_0: Starting process for DBN 2
place_region_0_right_0: Starting process for DBN 3
place_region_0_right_0: Received dict for DBN 0
place_region_0_right_0: Received dict for DBN 1
place_region_0_right_0: Received dict for DBN 2
place_region_0_right_0: Received dict for DBN 3
place_region_0_right_0: Sampling transitions and computing reward
place_region_0_right_0: Building transition/reward matrices
place_region_0_front_270: Identifying enabled states...
place_region_0_front_270: Splitting up datasets...
place_region_0_front_270: Learning DBNS...
place_region_0_front_270: Building transition dicts for each DBN
place_region_0_front_270: Starting process for DBN 0
place_region_0_front_270: Starting process for DBN 1
place_region_0_front_270: Starting process for DBN 2
place_region_0_front_270: Starting process for DBN 3
place_region_0_front_270: Received dict for DBN 1
place_region_0_front_270: Received dict for DBN 0
place_region_0_front_270: Received dict for DBN 2
place_region_0_front_270: Received dict for DBN 3
place_region_0_front_270: Sampling transitions and computing reward
place_region_0_front_270: Building transition/reward matrices
place_region_1_top_0: Identifying enabled states...
place_region_1_top_0: Splitting up datasets...
place_region_1_top_0: Learning DBNS...
place_region_1_top_0: Building transition dicts for each DBN
place_region_1_top_0: Starting process for DBN 0
place_region_1_top_0: Starting process for DBN 1
place_region_1_top_0: Starting process for DBN 2
place_region_1_top_0: Starting process for DBN 3
place_region_1_top_0: Received dict for DBN 1
place_region_1_top_0: Received dict for DBN 0
place_region_1_top_0: Received dict for DBN 2
place_region_1_top_0: Received dict for DBN 3
place_region_1_top_0: Sampling transitions and computing reward
place_region_1_top_0: Building transition/reward matrices
place_region_1_left_0: Identifying enabled states...
place_region_1_left_0: Splitting up datasets...
place_region_1_left_0: Learning DBNS...
place_region_1_left_0: Building transition dicts for each DBN
place_region_1_left_0: Starting process for DBN 0
place_region_1_left_0: Starting process for DBN 1
place_region_1_left_0: Starting process for DBN 2
place_region_1_left_0: Starting process for DBN 3
place_region_1_left_0: Received dict for DBN 1
place_region_1_left_0: Received dict for DBN 0
place_region_1_left_0: Received dict for DBN 2
place_region_1_left_0: Received dict for DBN 3
place_region_1_left_0: Sampling transitions and computing reward
place_region_1_left_0: Building transition/reward matrices
place_region_1_right_0: Identifying enabled states...
place_region_1_right_0: Splitting up datasets...
place_region_1_right_0: Learning DBNS...
place_region_1_right_0: Building transition dicts for each DBN
place_region_1_right_0: Starting process for DBN 0
place_region_1_right_0: Starting process for DBN 1
place_region_1_right_0: Starting process for DBN 2
place_region_1_right_0: Starting process for DBN 3
place_region_1_right_0: Received dict for DBN 1
place_region_1_right_0: Received dict for DBN 0
place_region_1_right_0: Received dict for DBN 2
place_region_1_right_0: Received dict for DBN 3
place_region_1_right_0: Sampling transitions and computing reward
place_region_1_right_0: Building transition/reward matrices
place_region_1_front_270: Identifying enabled states...
place_region_1_front_270: Splitting up datasets...
place_region_1_front_270: Learning DBNS...
place_region_1_front_270: Building transition dicts for each DBN
place_region_1_front_270: Starting process for DBN 0
place_region_1_front_270: Starting process for DBN 1
place_region_1_front_270: Starting process for DBN 2
place_region_1_front_270: Starting process for DBN 3
place_region_1_front_270: Received dict for DBN 1
place_region_1_front_270: Received dict for DBN 0
place_region_1_front_270: Received dict for DBN 2
place_region_1_front_270: Received dict for DBN 3
place_region_1_front_270: Sampling transitions and computing reward
place_region_1_front_270: Building transition/reward matrices
place_region_2_top_0: Identifying enabled states...
place_region_2_top_0: Splitting up datasets...
place_region_2_top_0: Learning DBNS...
place_region_2_top_0: Building transition dicts for each DBN
place_region_2_top_0: Starting process for DBN 0
place_region_2_top_0: Starting process for DBN 1
place_region_2_top_0: Starting process for DBN 2
place_region_2_top_0: Starting process for DBN 3
place_region_2_top_0: Received dict for DBN 1
place_region_2_top_0: Received dict for DBN 0
place_region_2_top_0: Received dict for DBN 2
place_region_2_top_0: Received dict for DBN 3
place_region_2_top_0: Sampling transitions and computing reward
place_region_2_top_0: Building transition/reward matrices
place_region_2_left_0: Identifying enabled states...
place_region_2_left_0: Splitting up datasets...
place_region_2_left_0: Learning DBNS...
place_region_2_left_0: Building transition dicts for each DBN
place_region_2_left_0: Starting process for DBN 0
place_region_2_left_0: Starting process for DBN 1
place_region_2_left_0: Starting process for DBN 2
place_region_2_left_0: Starting process for DBN 3
place_region_2_left_0: Received dict for DBN 0
place_region_2_left_0: Received dict for DBN 1
place_region_2_left_0: Received dict for DBN 2
place_region_2_left_0: Received dict for DBN 3
place_region_2_left_0: Sampling transitions and computing reward
place_region_2_left_0: Building transition/reward matrices
place_region_2_right_0: Identifying enabled states...
place_region_2_right_0: Splitting up datasets...
place_region_2_right_0: Learning DBNS...
place_region_2_right_0: Building transition dicts for each DBN
place_region_2_right_0: Starting process for DBN 0
place_region_2_right_0: Starting process for DBN 1
place_region_2_right_0: Starting process for DBN 2
place_region_2_right_0: Starting process for DBN 3
place_region_2_right_0: Received dict for DBN 1
place_region_2_right_0: Received dict for DBN 0
place_region_2_right_0: Received dict for DBN 2
place_region_2_right_0: Received dict for DBN 3
place_region_2_right_0: Sampling transitions and computing reward
place_region_2_right_0: Building transition/reward matrices
place_region_2_front_270: Identifying enabled states...
place_region_2_front_270: Splitting up datasets...
place_region_2_front_270: Learning DBNS...
place_region_2_front_270: Building transition dicts for each DBN
place_region_2_front_270: Starting process for DBN 0
place_region_2_front_270: Starting process for DBN 1
place_region_2_front_270: Starting process for DBN 2
place_region_2_front_270: Starting process for DBN 3
place_region_2_front_270: Received dict for DBN 0
place_region_2_front_270: Received dict for DBN 1
place_region_2_front_270: Received dict for DBN 2
place_region_2_front_270: Received dict for DBN 3
place_region_2_front_270: Sampling transitions and computing reward
place_region_2_front_270: Building transition/reward matrices
Building MDP...
Synthesising Policy...
Solving MDP for timestep: 29
Solving MDP for timestep: 28
Solving MDP for timestep: 27
Solving MDP for timestep: 26
Solving MDP for timestep: 25
Solving MDP for timestep: 24
Solving MDP for timestep: 23
Solving MDP for timestep: 22
Solving MDP for timestep: 21
Solving MDP for timestep: 20
Solving MDP for timestep: 19
Solving MDP for timestep: 18
Solving MDP for timestep: 17
Solving MDP for timestep: 16
Solving MDP for timestep: 15
Solving MDP for timestep: 14
Solving MDP for timestep: 13
Solving MDP for timestep: 12
Solving MDP for timestep: 11
Solving MDP for timestep: 10
Solving MDP for timestep: 9
Solving MDP for timestep: 8
Solving MDP for timestep: 7
Solving MDP for timestep: 6
Solving MDP for timestep: 5
Solving MDP for timestep: 4
Solving MDP for timestep: 3
Solving MDP for timestep: 2
Solving MDP for timestep: 1
Solving MDP for timestep: 0
Resetting the scene for new episode
Step 0
policy value 34.3664665222168
State(column0: region_1, column1: region_2, column2: region_0)
pick_column2_front_270
Action: Action(ActionType.PICK, obj=/column2, slot=None,grasp=GraspType.FRONT_270)
[EXEC] Picking /column2 with front_270

[INFO] Found 6912 potential configurations.
[INFO] Motion completed successfully with result: success,in execution time: 4.52 seconds
[INFO] Found a reachable configuration for pick action after 1 attempts.
Tip distance after pick: 0.02187548851211941
[INFO] Pick action completed successfully.in execution time: 4.52 seconds
[EXEC] Action ActionType.PICK executed in 10.67 seconds
[SUCCESS] Action ActionType.PICK succeeded for object /column2
Action duration: 4.52
[LOG] Transition logged to MongoDB: 3b45543f-1da5-4b6b-a71d-6af8c33bab70 - Episode 18
Step 1
policy value 33.627750396728516
State(column0: region_1, column1: region_2, column2: held)
place_goal_1_front_270
Action: Action(ActionType.PLACE, obj=/column2, slot=/goal_1,grasp=GraspType.FRONT_270)
[EXEC] Placing at [-0.2749999999999999, 1.0750000000000006, 0.5] with grasp front_270

[INFO] Found 6144 potential configurations.
[INFO] Motion completed successfully with result: success,in execution time: 7.36 seconds
[INFO] Found a reachable configuration for place action after 1 attempts.
[INFO] Place action completed successfully.
realigning placed object /column2 to target position
[EXEC] Action ActionType.PLACE executed in 21.62 seconds
[SUCCESS] Action ActionType.PLACE succeeded for object /column2
Action duration: 7.3599999999998
[LOG] Transition logged to MongoDB: 3b45543f-1da5-4b6b-a71d-6af8c33bab70 - Episode 18
Step 2
policy value 31.747032165527344
State(column0: region_1, column1: region_2, column2: goal_1)
pick_column1_top_0
Action: Action(ActionType.PICK, obj=/column1, slot=None,grasp=GraspType.TOP_0)
[EXEC] Picking /column1 with top_0

[INFO] Found 4160 potential configurations.
[ERROR] Motion failed (collision or invalid path)
[ERROR] Motion result: collision
[WARN] Failed to find a path to the selected pick config on attempt 1.
[WARN] No path found to picked config, discarding and trying next valid config...
[INFO] Motion completed successfully with result: success,in execution time: 8.88 seconds
[INFO] Found a reachable configuration for pick action after 2 attempts.
Tip distance after pick: 0.027909602405615182
[INFO] Pick action completed successfully.in execution time: 8.88 seconds
[EXEC] Action ActionType.PICK executed in 26.51 seconds
[SUCCESS] Action ActionType.PICK succeeded for object /column1
Action duration: 8.8799999999998
[LOG] Transition logged to MongoDB: 3b45543f-1da5-4b6b-a71d-6af8c33bab70 - Episode 18
Step 3
policy value 30.951627731323242
State(column0: region_1, column1: held, column2: goal_1)
place_region_0_left_0
Action: Action(ActionType.PLACE, obj=/column1, slot=/region_0,grasp=GraspType.LEFT_0)
[EXEC] Placing at [0.35, 0.8, 0.521] with grasp left_0

[INFO] Found 4416 potential configurations.
[INFO] Motion completed successfully with result: success,in execution time: 3.76 seconds
[INFO] Found a reachable configuration for place action after 1 attempts.
[INFO] Place action completed successfully.
realigning placed object /column1 to target position
[EXEC] Action ActionType.PLACE executed in 9.47 seconds
[SUCCESS] Action ActionType.PLACE succeeded for object /column1
Action duration: 3.7599999999999
[LOG] Transition logged to MongoDB: 3b45543f-1da5-4b6b-a71d-6af8c33bab70 - Episode 18
Step 4
policy value 29.951627731323242
State(column0: region_1, column1: region_0, column2: goal_1)
pick_column2_top_0
Action: Action(ActionType.PICK, obj=/column2, slot=None,grasp=GraspType.TOP_0)
[EXEC] Picking /column2 with top_0

[INFO] Found 2560 potential configurations.
[INFO] Motion completed successfully with result: success,in execution time: 3.12 seconds
[INFO] Found a reachable configuration for pick action after 1 attempts.
Tip distance after pick: 0.025912731397643073
[INFO] Pick action completed successfully.in execution time: 3.12 seconds
[EXEC] Action ActionType.PICK executed in 10.67 seconds
[SUCCESS] Action ActionType.PICK succeeded for object /column2
Action duration: 3.1199999999999
[LOG] Transition logged to MongoDB: 3b45543f-1da5-4b6b-a71d-6af8c33bab70 - Episode 18
Step 5
policy value 29.139007568359375
State(column0: region_1, column1: region_0, column2: held)
place_goal_2_right_0
Action: Action(ActionType.PLACE, obj=/column2, slot=/goal_2,grasp=GraspType.RIGHT_0)
[EXEC] Placing at [-0.6000000000000001, 0.8250000000000003, 0.5] with grasp right_0

[INFO] Found 3968 potential configurations.
[ERROR] Motion failed (collision or invalid path)
[ERROR] Motion result: no_path
[WARN] Failed to find a path to the selected place config on attempt 1.
[WARN] No path found to selected place config, discarding and trying next valid config...
[INFO] Motion completed successfully with result: success,in execution time: 3.68 seconds
[INFO] Found a reachable configuration for place action after 2 attempts.
[INFO] Place action completed successfully.
realigning placed object /column2 to target position
[EXEC] Action ActionType.PLACE executed in 15.92 seconds
[SUCCESS] Action ActionType.PLACE succeeded for object /column2
Action duration: 3.6800000000006
[LOG] Transition logged to MongoDB: 3b45543f-1da5-4b6b-a71d-6af8c33bab70 - Episode 18
Step 6
policy value 28.59261131286621
State(column0: region_1, column1: region_0, column2: goal_2)
pick_column0_front_270
Action: Action(ActionType.PICK, obj=/column0, slot=None,grasp=GraspType.FRONT_270)
[EXEC] Picking /column0 with front_270

[INFO] Found 5184 potential configurations.
[ERROR] Motion failed (collision or invalid path)
[ERROR] Motion result: collision
[WARN] Failed to find a path to the selected pick config on attempt 1.
[WARN] No path found to picked config, discarding and trying next valid config...
[INFO] Motion completed successfully with result: success,in execution time: 9.36 seconds
[INFO] Found a reachable configuration for pick action after 2 attempts.
Tip distance after pick: 0.01881469427378448
[INFO] Pick action completed successfully.in execution time: 9.36 seconds
[EXEC] Action ActionType.PICK executed in 25.63 seconds
[SUCCESS] Action ActionType.PICK succeeded for object /column0
Action duration: 9.3600000000015
[LOG] Transition logged to MongoDB: 3b45543f-1da5-4b6b-a71d-6af8c33bab70 - Episode 18
Step 7
policy value 27.629322052001953
State(column0: held, column1: region_0, column2: goal_2)
place_goal_0_front_270
Action: Action(ActionType.PLACE, obj=/column0, slot=/goal_0,grasp=GraspType.FRONT_270)
[EXEC] Placing at [-0.27499999999999986, 0.8250000000000005, 0.5] with grasp front_270

[INFO] Found 7488 potential configurations.
[ERROR] Motion failed (collision or invalid path)
[ERROR] Motion result: collision
[WARN] Failed to find a path to the selected place config on attempt 1.
[WARN] No path found to selected place config, discarding and trying next valid config...
[ERROR] Motion failed (collision or invalid path)
[ERROR] Motion result: collision
[WARN] Failed to find a path to the selected place config on attempt 2.
[WARN] No path found to selected place config, discarding and trying next valid config...
[ERROR] Motion failed (collision or invalid path)
[ERROR] Motion result: collision
[WARN] Failed to find a path to the selected place config on attempt 3.
[WARN] No path found to selected place config, discarding and trying next valid config...
[ERROR] Max IK attempts reached, place action failed.
[EXEC] Action ActionType.PLACE executed in 53.60 seconds
[ERROR] Action ActionType.PLACE failed for object /column0
Action duration: 0.001
[LOG] Transition logged to MongoDB: 3b45543f-1da5-4b6b-a71d-6af8c33bab70 - Episode 18
Action failed, stopping. Time elapsed: 0.001
Step 8
policy value 26.421463012695312
State(column0: held, column1: region_0, column2: goal_2)
place_goal_0_front_270
Action: Action(ActionType.PLACE, obj=/column0, slot=/goal_0,grasp=GraspType.FRONT_270)
[EXEC] Placing at [-0.27499999999999986, 0.8250000000000005, 0.5] with grasp front_270

[INFO] Found 9088 potential configurations.
[ERROR] Motion failed (collision or invalid path)
[ERROR] Motion result: collision
[WARN] Failed to find a path to the selected place config on attempt 1.
[WARN] No path found to selected place config, discarding and trying next valid config...
[ERROR] Motion failed (collision or invalid path)
[ERROR] Motion result: collision
[WARN] Failed to find a path to the selected place config on attempt 2.
[WARN] No path found to selected place config, discarding and trying next valid config...
[INFO] Motion completed successfully with result: success,in execution time: 11.72 seconds
[INFO] Found a reachable configuration for place action after 3 attempts.
[INFO] Place action completed successfully.
realigning placed object /column0 to target position
[EXEC] Action ActionType.PLACE executed in 41.66 seconds
[SUCCESS] Action ActionType.PLACE succeeded for object /column0
Action duration: 11.720000000002
[LOG] Transition logged to MongoDB: 3b45543f-1da5-4b6b-a71d-6af8c33bab70 - Episode 18
Step 9
policy value 25.13515281677246
State(column0: goal_0, column1: region_0, column2: goal_2)
pick_column0_front_270
Action: Action(ActionType.PICK, obj=/column0, slot=None,grasp=GraspType.FRONT_270)
[EXEC] Picking /column0 with front_270

[INFO] Found 7936 potential configurations.
[INFO] Motion completed successfully with result: success,in execution time: 2.16 seconds
[INFO] Found a reachable configuration for pick action after 1 attempts.
Tip distance after pick: 0.022007334509151728
[INFO] Pick action completed successfully.in execution time: 2.16 seconds
[EXEC] Action ActionType.PICK executed in 11.43 seconds
[SUCCESS] Action ActionType.PICK succeeded for object /column0
Action duration: 2.1600000000003
[LOG] Transition logged to MongoDB: 3b45543f-1da5-4b6b-a71d-6af8c33bab70 - Episode 18
Step 10
policy value 24.01153564453125
State(column0: held, column1: region_0, column2: goal_2)
place_goal_0_front_270
Action: Action(ActionType.PLACE, obj=/column0, slot=/goal_0,grasp=GraspType.FRONT_270)
[EXEC] Placing at [-0.27499999999999986, 0.8250000000000005, 0.5] with grasp front_270

[INFO] Found 8896 potential configurations.
[INFO] Motion completed successfully with result: success,in execution time: 0.56 seconds
[INFO] Found a reachable configuration for place action after 1 attempts.
[INFO] Place action completed successfully.
realigning placed object /column0 to target position
[EXEC] Action ActionType.PLACE executed in 9.57 seconds
[SUCCESS] Action ActionType.PLACE succeeded for object /column0
Action duration: 0.55999999999989
[LOG] Transition logged to MongoDB: 3b45543f-1da5-4b6b-a71d-6af8c33bab70 - Episode 18
Step 11
policy value 22.717548370361328
State(column0: goal_0, column1: region_0, column2: goal_2)
pick_column0_front_270
Action: Action(ActionType.PICK, obj=/column0, slot=None,grasp=GraspType.FRONT_270)
[EXEC] Picking /column0 with front_270

[INFO] Found 7296 potential configurations.
[INFO] Motion completed successfully with result: success,in execution time: 2.16 seconds
[INFO] Found a reachable configuration for pick action after 1 attempts.
Tip distance after pick: 0.022289594351708877
[INFO] Pick action completed successfully.in execution time: 2.16 seconds
[EXEC] Action ActionType.PICK executed in 10.31 seconds
[SUCCESS] Action ActionType.PICK succeeded for object /column0
Action duration: 2.1599999999996
[LOG] Transition logged to MongoDB: 3b45543f-1da5-4b6b-a71d-6af8c33bab70 - Episode 18
Step 12
policy value 21.610618591308594
State(column0: held, column1: region_0, column2: goal_2)
place_goal_0_front_270
Action: Action(ActionType.PLACE, obj=/column0, slot=/goal_0,grasp=GraspType.FRONT_270)
[EXEC] Placing at [-0.27499999999999986, 0.8250000000000005, 0.5] with grasp front_270

[INFO] Found 8256 potential configurations.
[INFO] Motion completed successfully with result: success,in execution time: 0.56 seconds
[INFO] Found a reachable configuration for place action after 1 attempts.
[INFO] Place action completed successfully.
realigning placed object /column0 to target position
[EXEC] Action ActionType.PLACE executed in 10.55 seconds
[SUCCESS] Action ActionType.PLACE succeeded for object /column0
Action duration: 0.55999999999989
[LOG] Transition logged to MongoDB: 3b45543f-1da5-4b6b-a71d-6af8c33bab70 - Episode 18
Step 13
policy value 20.308670043945312
State(column0: goal_0, column1: region_0, column2: goal_2)
pick_column0_front_270
Action: Action(ActionType.PICK, obj=/column0, slot=None,grasp=GraspType.FRONT_270)
[EXEC] Picking /column0 with front_270

[INFO] Found 9216 potential configurations.
[INFO] Motion completed successfully with result: success,in execution time: 2.16 seconds
[INFO] Found a reachable configuration for pick action after 1 attempts.
Tip distance after pick: 0.022390569325866413
[INFO] Pick action completed successfully.in execution time: 2.16 seconds
[EXEC] Action ActionType.PICK executed in 12.42 seconds
[SUCCESS] Action ActionType.PICK succeeded for object /column0
Action duration: 2.1599999999996
[LOG] Transition logged to MongoDB: 3b45543f-1da5-4b6b-a71d-6af8c33bab70 - Episode 18
Step 14
policy value 19.220314025878906
State(column0: held, column1: region_0, column2: goal_2)
place_goal_0_front_270
Action: Action(ActionType.PLACE, obj=/column0, slot=/goal_0,grasp=GraspType.FRONT_270)
[EXEC] Placing at [-0.27499999999999986, 0.8250000000000005, 0.5] with grasp front_270

[INFO] Found 7552 potential configurations.
[INFO] Motion completed successfully with result: success,in execution time: 0.56 seconds
[INFO] Found a reachable configuration for place action after 1 attempts.
[INFO] Place action completed successfully.
realigning placed object /column0 to target position
[EXEC] Action ActionType.PLACE executed in 12.30 seconds
[SUCCESS] Action ActionType.PLACE succeeded for object /column0
Action duration: 0.55999999999989
[LOG] Transition logged to MongoDB: 3b45543f-1da5-4b6b-a71d-6af8c33bab70 - Episode 18
Step 15
policy value 17.909744262695312
State(column0: goal_0, column1: region_0, column2: goal_2)
pick_column0_front_270
Action: Action(ActionType.PICK, obj=/column0, slot=None,grasp=GraspType.FRONT_270)
[EXEC] Picking /column0 with front_270

[INFO] Found 7616 potential configurations.
[INFO] Motion completed successfully with result: success,in execution time: 2.20 seconds
[INFO] Found a reachable configuration for pick action after 1 attempts.
Tip distance after pick: 0.021782935190487237
[INFO] Pick action completed successfully.in execution time: 2.20 seconds
[EXEC] Action ActionType.PICK executed in 10.25 seconds
[SUCCESS] Action ActionType.PICK succeeded for object /column0
Action duration: 2.1999999999996
[LOG] Transition logged to MongoDB: 3b45543f-1da5-4b6b-a71d-6af8c33bab70 - Episode 18
Step 16
policy value 16.84159278869629
State(column0: held, column1: region_0, column2: goal_2)
place_goal_0_front_270
Action: Action(ActionType.PLACE, obj=/column0, slot=/goal_0,grasp=GraspType.FRONT_270)
[EXEC] Placing at [-0.27499999999999986, 0.8250000000000005, 0.5] with grasp front_270

[INFO] Found 7360 potential configurations.
[INFO] Motion completed successfully with result: success,in execution time: 0.56 seconds
[INFO] Found a reachable configuration for place action after 1 attempts.
[INFO] Place action completed successfully.
realigning placed object /column0 to target position
[EXEC] Action ActionType.PLACE executed in 13.44 seconds
[SUCCESS] Action ActionType.PLACE succeeded for object /column0
Action duration: 0.55999999999989
[LOG] Transition logged to MongoDB: 3b45543f-1da5-4b6b-a71d-6af8c33bab70 - Episode 18
Step 17
policy value 15.521124839782715
State(column0: goal_0, column1: region_0, column2: goal_2)
pick_column0_front_270
Action: Action(ActionType.PICK, obj=/column0, slot=None,grasp=GraspType.FRONT_270)
[EXEC] Picking /column0 with front_270

[INFO] Found 7424 potential configurations.
[INFO] Motion completed successfully with result: success,in execution time: 2.16 seconds
[INFO] Found a reachable configuration for pick action after 1 attempts.
Tip distance after pick: 0.02189234350376847
[INFO] Pick action completed successfully.in execution time: 2.16 seconds
[EXEC] Action ActionType.PICK executed in 10.82 seconds
[SUCCESS] Action ActionType.PICK succeeded for object /column0
Action duration: 2.1599999999996
[LOG] Transition logged to MongoDB: 3b45543f-1da5-4b6b-a71d-6af8c33bab70 - Episode 18
Step 18
policy value 14.474282264709473
State(column0: held, column1: region_0, column2: goal_2)
place_goal_0_front_270
Action: Action(ActionType.PLACE, obj=/column0, slot=/goal_0,grasp=GraspType.FRONT_270)
[EXEC] Placing at [-0.27499999999999986, 0.8250000000000005, 0.5] with grasp front_270

[INFO] Found 7744 potential configurations.
[INFO] Motion completed successfully with result: success,in execution time: 0.56 seconds
[INFO] Found a reachable configuration for place action after 1 attempts.
[INFO] Place action completed successfully.
realigning placed object /column0 to target position
[EXEC] Action ActionType.PLACE executed in 11.23 seconds
[SUCCESS] Action ActionType.PLACE succeeded for object /column0
Action duration: 0.55999999999989
[LOG] Transition logged to MongoDB: 3b45543f-1da5-4b6b-a71d-6af8c33bab70 - Episode 18
Step 19
policy value 13.141951560974121
State(column0: goal_0, column1: region_0, column2: goal_2)
pick_column0_front_270
Action: Action(ActionType.PICK, obj=/column0, slot=None,grasp=GraspType.FRONT_270)
[EXEC] Picking /column0 with front_270

[INFO] Found 8384 potential configurations.
[INFO] Motion completed successfully with result: success,in execution time: 2.16 seconds
[INFO] Found a reachable configuration for pick action after 1 attempts.
Tip distance after pick: 0.021975774105654707
[INFO] Pick action completed successfully.in execution time: 2.16 seconds
[EXEC] Action ActionType.PICK executed in 20.69 seconds
[SUCCESS] Action ActionType.PICK succeeded for object /column0
Action duration: 2.1599999999996
[LOG] Transition logged to MongoDB: 3b45543f-1da5-4b6b-a71d-6af8c33bab70 - Episode 18
Step 20
policy value 12.115575790405273
State(column0: held, column1: region_0, column2: goal_2)
place_goal_0_front_270
Action: Action(ActionType.PLACE, obj=/column0, slot=/goal_0,grasp=GraspType.FRONT_270)
[EXEC] Placing at [-0.27499999999999986, 0.8250000000000005, 0.5] with grasp front_270

[INFO] Found 8320 potential configurations.
[INFO] Motion completed successfully with result: success,in execution time: 0.56 seconds
[INFO] Found a reachable configuration for place action after 1 attempts.
[INFO] Place action completed successfully.
realigning placed object /column0 to target position
[EXEC] Action ActionType.PLACE executed in 9.43 seconds
[SUCCESS] Action ActionType.PLACE succeeded for object /column0
Action duration: 0.55999999999989
[LOG] Transition logged to MongoDB: 3b45543f-1da5-4b6b-a71d-6af8c33bab70 - Episode 18
Step 21
policy value 10.768780708312988
State(column0: goal_0, column1: region_0, column2: goal_2)
pick_column0_front_270
Action: Action(ActionType.PICK, obj=/column0, slot=None,grasp=GraspType.FRONT_270)
[EXEC] Picking /column0 with front_270

[INFO] Found 7232 potential configurations.
[INFO] Motion completed successfully with result: success,in execution time: 2.16 seconds
[INFO] Found a reachable configuration for pick action after 1 attempts.
Tip distance after pick: 0.022053010846958203
[INFO] Pick action completed successfully.in execution time: 2.16 seconds
[EXEC] Action ActionType.PICK executed in 11.25 seconds
[SUCCESS] Action ActionType.PICK succeeded for object /column0
Action duration: 2.1599999999996
[LOG] Transition logged to MongoDB: 3b45543f-1da5-4b6b-a71d-6af8c33bab70 - Episode 18
Step 22
policy value 9.761592864990234
State(column0: held, column1: region_0, column2: goal_2)
place_goal_0_front_270
Action: Action(ActionType.PLACE, obj=/column0, slot=/goal_0,grasp=GraspType.FRONT_270)
[EXEC] Placing at [-0.27499999999999986, 0.8250000000000005, 0.5] with grasp front_270

[INFO] Found 6976 potential configurations.
[INFO] Motion completed successfully with result: success,in execution time: 0.48 seconds
[INFO] Found a reachable configuration for place action after 1 attempts.
[INFO] Place action completed successfully.
realigning placed object /column0 to target position
[EXEC] Action ActionType.PLACE executed in 9.79 seconds
[SUCCESS] Action ActionType.PLACE succeeded for object /column0
Action duration: 0.4799999999999
[LOG] Transition logged to MongoDB: 3b45543f-1da5-4b6b-a71d-6af8c33bab70 - Episode 18
Step 23
policy value 8.397904396057129
State(column0: goal_0, column1: region_0, column2: goal_2)
pick_column0_front_270
Action: Action(ActionType.PICK, obj=/column0, slot=None,grasp=GraspType.FRONT_270)
[EXEC] Picking /column0 with front_270

[INFO] Found 8448 potential configurations.
[INFO] Motion completed successfully with result: success,in execution time: 2.16 seconds
[INFO] Found a reachable configuration for pick action after 1 attempts.
Tip distance after pick: 0.02186217553617314
[INFO] Pick action completed successfully.in execution time: 2.16 seconds
[EXEC] Action ActionType.PICK executed in 10.82 seconds
[SUCCESS] Action ActionType.PICK succeeded for object /column0
Action duration: 2.1599999999996
[LOG] Transition logged to MongoDB: 3b45543f-1da5-4b6b-a71d-6af8c33bab70 - Episode 18
Step 24
policy value 7.4084086418151855
State(column0: held, column1: region_0, column2: goal_2)
place_goal_0_front_270
Action: Action(ActionType.PLACE, obj=/column0, slot=/goal_0,grasp=GraspType.FRONT_270)
[EXEC] Placing at [-0.27499999999999986, 0.8250000000000005, 0.5] with grasp front_270

[INFO] Found 8064 potential configurations.
[INFO] Motion completed successfully with result: success,in execution time: 0.48 seconds
[INFO] Found a reachable configuration for place action after 1 attempts.
[INFO] Place action completed successfully.
realigning placed object /column0 to target position
[EXEC] Action ActionType.PLACE executed in 12.61 seconds
[SUCCESS] Action ActionType.PLACE succeeded for object /column0
Action duration: 0.48000000000025
[LOG] Transition logged to MongoDB: 3b45543f-1da5-4b6b-a71d-6af8c33bab70 - Episode 18
Step 25
policy value 6.024541854858398
State(column0: goal_0, column1: region_0, column2: goal_2)
pick_column0_front_270
Action: Action(ActionType.PICK, obj=/column0, slot=None,grasp=GraspType.FRONT_270)
[EXEC] Picking /column0 with front_270

[INFO] Found 8064 potential configurations.
[INFO] Motion completed successfully with result: success,in execution time: 2.16 seconds
[INFO] Found a reachable configuration for pick action after 1 attempts.
Tip distance after pick: 0.021659798329098513
[INFO] Pick action completed successfully.in execution time: 2.16 seconds
[EXEC] Action ActionType.PICK executed in 9.32 seconds
[SUCCESS] Action ActionType.PICK succeeded for object /column0
Action duration: 2.1600000000011
[LOG] Transition logged to MongoDB: 3b45543f-1da5-4b6b-a71d-6af8c33bab70 - Episode 18
Step 26
policy value 5.045877456665039
State(column0: held, column1: region_0, column2: goal_2)
place_goal_0_front_270
Action: Action(ActionType.PLACE, obj=/column0, slot=/goal_0,grasp=GraspType.FRONT_270)
[EXEC] Placing at [-0.27499999999999986, 0.8250000000000005, 0.5] with grasp front_270

[INFO] Found 7168 potential configurations.
[INFO] Motion completed successfully with result: success,in execution time: 0.52 seconds
[INFO] Found a reachable configuration for place action after 1 attempts.
[INFO] Place action completed successfully.
realigning placed object /column0 to target position
[EXEC] Action ActionType.PLACE executed in 10.03 seconds
[SUCCESS] Action ActionType.PLACE succeeded for object /column0
Action duration: 0.52000000000027
[LOG] Transition logged to MongoDB: 3b45543f-1da5-4b6b-a71d-6af8c33bab70 - Episode 18
Step 27
policy value 3.6365408897399902
State(column0: goal_0, column1: region_0, column2: goal_2)
pick_column0_front_270
Action: Action(ActionType.PICK, obj=/column0, slot=None,grasp=GraspType.FRONT_270)
[EXEC] Picking /column0 with front_270

[INFO] Found 8128 potential configurations.
[INFO] Motion completed successfully with result: success,in execution time: 2.16 seconds
[INFO] Found a reachable configuration for pick action after 1 attempts.
Tip distance after pick: 0.0220532854458743
[INFO] Pick action completed successfully.in execution time: 2.16 seconds
[EXEC] Action ActionType.PICK executed in 12.45 seconds
[SUCCESS] Action ActionType.PICK succeeded for object /column0
Action duration: 2.1600000000011
[LOG] Transition logged to MongoDB: 3b45543f-1da5-4b6b-a71d-6af8c33bab70 - Episode 18
Step 28
policy value 2.643307685852051
State(column0: held, column1: region_0, column2: goal_2)
place_goal_0_front_270
Action: Action(ActionType.PLACE, obj=/column0, slot=/goal_0,grasp=GraspType.FRONT_270)
[EXEC] Placing at [-0.27499999999999986, 0.8250000000000005, 0.5] with grasp front_270

[INFO] Found 5504 potential configurations.
[INFO] Motion completed successfully with result: success,in execution time: 0.52 seconds
[INFO] Found a reachable configuration for place action after 1 attempts.
[INFO] Place action completed successfully.
realigning placed object /column0 to target position
[EXEC] Action ActionType.PLACE executed in 11.01 seconds
[SUCCESS] Action ActionType.PLACE succeeded for object /column0
Action duration: 0.52000000000027
[LOG] Transition logged to MongoDB: 3b45543f-1da5-4b6b-a71d-6af8c33bab70 - Episode 18
Step 29
policy value 1.2021435499191284
State(column0: goal_0, column1: region_0, column2: goal_2)
pick_column0_front_270
Action: Action(ActionType.PICK, obj=/column0, slot=None,grasp=GraspType.FRONT_270)
[EXEC] Picking /column0 with front_270

[INFO] Found 7808 potential configurations.
[INFO] Motion completed successfully with result: success,in execution time: 2.16 seconds
[INFO] Found a reachable configuration for pick action after 1 attempts.
Tip distance after pick: 0.021957356054578905
[INFO] Pick action completed successfully.in execution time: 2.16 seconds
[EXEC] Action ActionType.PICK executed in 9.85 seconds
[SUCCESS] Action ActionType.PICK succeeded for object /column0
Action duration: 2.1600000000011
[LOG] Transition logged to MongoDB: 3b45543f-1da5-4b6b-a71d-6af8c33bab70 - Episode 18
Step 30
policy value None
No more valid actions in policy
Episode 9 ended
Revising policy
USING STORM: False
Reading data from MongoDB...
Total option moiton param combinations 36
Collected combinations 36
Building state to idx mapping...
Building option ensembles...
pick_column0_top_0: Identifying enabled states...
pick_column0_top_0: Splitting up datasets...
pick_column0_top_0: Learning DBNS...
pick_column0_top_0: Building transition dicts for each DBN
pick_column0_top_0: Starting process for DBN 0
pick_column0_top_0: Starting process for DBN 1
pick_column0_top_0: Starting process for DBN 2
pick_column0_top_0: Starting process for DBN 3
pick_column0_top_0: Received dict for DBN 0
pick_column0_top_0: Received dict for DBN 1
pick_column0_top_0: Received dict for DBN 2
pick_column0_top_0: Received dict for DBN 3
pick_column0_top_0: Sampling transitions and computing reward
pick_column0_top_0: Building transition/reward matrices
pick_column0_left_0: Identifying enabled states...
pick_column0_left_0: Splitting up datasets...
pick_column0_left_0: Learning DBNS...
pick_column0_left_0: Building transition dicts for each DBN
pick_column0_left_0: Starting process for DBN 0
pick_column0_left_0: Starting process for DBN 1
pick_column0_left_0: Starting process for DBN 2
pick_column0_left_0: Starting process for DBN 3
pick_column0_left_0: Received dict for DBN 0
pick_column0_left_0: Received dict for DBN 1
pick_column0_left_0: Received dict for DBN 2
pick_column0_left_0: Received dict for DBN 3
pick_column0_left_0: Sampling transitions and computing reward
pick_column0_left_0: Building transition/reward matrices
pick_column0_right_0: Identifying enabled states...
pick_column0_right_0: Splitting up datasets...
pick_column0_right_0: Learning DBNS...
pick_column0_right_0: Building transition dicts for each DBN
pick_column0_right_0: Starting process for DBN 0
pick_column0_right_0: Starting process for DBN 1
pick_column0_right_0: Starting process for DBN 2
pick_column0_right_0: Starting process for DBN 3
pick_column0_right_0: Received dict for DBN 0
pick_column0_right_0: Received dict for DBN 1
pick_column0_right_0: Received dict for DBN 2
pick_column0_right_0: Received dict for DBN 3
pick_column0_right_0: Sampling transitions and computing reward
pick_column0_right_0: Building transition/reward matrices
pick_column0_front_270: Identifying enabled states...
pick_column0_front_270: Splitting up datasets...
pick_column0_front_270: Learning DBNS...
pick_column0_front_270: Building transition dicts for each DBN
pick_column0_front_270: Starting process for DBN 0
pick_column0_front_270: Starting process for DBN 1
pick_column0_front_270: Starting process for DBN 2
pick_column0_front_270: Starting process for DBN 3
pick_column0_front_270: Received dict for DBN 0
pick_column0_front_270: Received dict for DBN 2
pick_column0_front_270: Received dict for DBN 3
pick_column0_front_270: Received dict for DBN 1
pick_column0_front_270: Sampling transitions and computing reward
pick_column0_front_270: Building transition/reward matrices
pick_column1_top_0: Identifying enabled states...
pick_column1_top_0: Splitting up datasets...
pick_column1_top_0: Learning DBNS...
pick_column1_top_0: Building transition dicts for each DBN
pick_column1_top_0: Starting process for DBN 0
pick_column1_top_0: Starting process for DBN 1
pick_column1_top_0: Starting process for DBN 2
pick_column1_top_0: Starting process for DBN 3
pick_column1_top_0: Received dict for DBN 0
pick_column1_top_0: Received dict for DBN 1
pick_column1_top_0: Received dict for DBN 2
pick_column1_top_0: Received dict for DBN 3
pick_column1_top_0: Sampling transitions and computing reward
pick_column1_top_0: Building transition/reward matrices
pick_column1_left_0: Identifying enabled states...
pick_column1_left_0: Splitting up datasets...
pick_column1_left_0: Learning DBNS...
pick_column1_left_0: Building transition dicts for each DBN
pick_column1_left_0: Starting process for DBN 0
pick_column1_left_0: Starting process for DBN 1
pick_column1_left_0: Starting process for DBN 2
pick_column1_left_0: Starting process for DBN 3
pick_column1_left_0: Received dict for DBN 0
pick_column1_left_0: Received dict for DBN 1
pick_column1_left_0: Received dict for DBN 2
pick_column1_left_0: Received dict for DBN 3
pick_column1_left_0: Sampling transitions and computing reward
pick_column1_left_0: Building transition/reward matrices
pick_column1_right_0: Identifying enabled states...
pick_column1_right_0: Splitting up datasets...
pick_column1_right_0: Learning DBNS...
pick_column1_right_0: Building transition dicts for each DBN
pick_column1_right_0: Starting process for DBN 0
pick_column1_right_0: Starting process for DBN 1
pick_column1_right_0: Starting process for DBN 2
pick_column1_right_0: Starting process for DBN 3
pick_column1_right_0: Received dict for DBN 0
pick_column1_right_0: Received dict for DBN 1
pick_column1_right_0: Received dict for DBN 2
pick_column1_right_0: Received dict for DBN 3
pick_column1_right_0: Sampling transitions and computing reward
pick_column1_right_0: Building transition/reward matrices
pick_column1_front_270: Identifying enabled states...
pick_column1_front_270: Splitting up datasets...
pick_column1_front_270: Learning DBNS...
pick_column1_front_270: Building transition dicts for each DBN
pick_column1_front_270: Starting process for DBN 0
pick_column1_front_270: Starting process for DBN 1
pick_column1_front_270: Starting process for DBN 2
pick_column1_front_270: Starting process for DBN 3
pick_column1_front_270: Received dict for DBN 1
pick_column1_front_270: Received dict for DBN 0
pick_column1_front_270: Received dict for DBN 2
pick_column1_front_270: Received dict for DBN 3
pick_column1_front_270: Sampling transitions and computing reward
pick_column1_front_270: Building transition/reward matrices
pick_column2_top_0: Identifying enabled states...
pick_column2_top_0: Splitting up datasets...
pick_column2_top_0: Learning DBNS...
pick_column2_top_0: Building transition dicts for each DBN
pick_column2_top_0: Starting process for DBN 0
pick_column2_top_0: Starting process for DBN 1
pick_column2_top_0: Starting process for DBN 2
pick_column2_top_0: Starting process for DBN 3
pick_column2_top_0: Received dict for DBN 0
pick_column2_top_0: Received dict for DBN 1
pick_column2_top_0: Received dict for DBN 2
pick_column2_top_0: Received dict for DBN 3
pick_column2_top_0: Sampling transitions and computing reward
pick_column2_top_0: Building transition/reward matrices
pick_column2_left_0: Identifying enabled states...
pick_column2_left_0: Splitting up datasets...
pick_column2_left_0: Learning DBNS...
pick_column2_left_0: Building transition dicts for each DBN
pick_column2_left_0: Starting process for DBN 0
pick_column2_left_0: Starting process for DBN 1
pick_column2_left_0: Starting process for DBN 2
pick_column2_left_0: Starting process for DBN 3
pick_column2_left_0: Received dict for DBN 0
pick_column2_left_0: Received dict for DBN 1
pick_column2_left_0: Received dict for DBN 2
pick_column2_left_0: Received dict for DBN 3
pick_column2_left_0: Sampling transitions and computing reward
pick_column2_left_0: Building transition/reward matrices
pick_column2_right_0: Identifying enabled states...
pick_column2_right_0: Splitting up datasets...
pick_column2_right_0: Learning DBNS...
pick_column2_right_0: Building transition dicts for each DBN
pick_column2_right_0: Starting process for DBN 0
pick_column2_right_0: Starting process for DBN 1
pick_column2_right_0: Starting process for DBN 2
pick_column2_right_0: Starting process for DBN 3
pick_column2_right_0: Received dict for DBN 0
pick_column2_right_0: Received dict for DBN 1
pick_column2_right_0: Received dict for DBN 2
pick_column2_right_0: Received dict for DBN 3
pick_column2_right_0: Sampling transitions and computing reward
pick_column2_right_0: Building transition/reward matrices
pick_column2_front_270: Identifying enabled states...
pick_column2_front_270: Splitting up datasets...
pick_column2_front_270: Learning DBNS...
pick_column2_front_270: Building transition dicts for each DBN
pick_column2_front_270: Starting process for DBN 0
pick_column2_front_270: Starting process for DBN 1
pick_column2_front_270: Starting process for DBN 2
pick_column2_front_270: Starting process for DBN 3
pick_column2_front_270: Received dict for DBN 0
pick_column2_front_270: Received dict for DBN 1
pick_column2_front_270: Received dict for DBN 2
pick_column2_front_270: Received dict for DBN 3
pick_column2_front_270: Sampling transitions and computing reward
pick_column2_front_270: Building transition/reward matrices
place_goal_0_top_0: Identifying enabled states...
place_goal_0_top_0: Splitting up datasets...
place_goal_0_top_0: Learning DBNS...
place_goal_0_top_0: Building transition dicts for each DBN
place_goal_0_top_0: Starting process for DBN 0
place_goal_0_top_0: Starting process for DBN 1
place_goal_0_top_0: Starting process for DBN 2
place_goal_0_top_0: Starting process for DBN 3
place_goal_0_top_0: Received dict for DBN 0
place_goal_0_top_0: Received dict for DBN 2
place_goal_0_top_0: Received dict for DBN 1
place_goal_0_top_0: Received dict for DBN 3
place_goal_0_top_0: Sampling transitions and computing reward
place_goal_0_top_0: Building transition/reward matrices
place_goal_0_left_0: Identifying enabled states...
place_goal_0_left_0: Splitting up datasets...
place_goal_0_left_0: Learning DBNS...
place_goal_0_left_0: Building transition dicts for each DBN
place_goal_0_left_0: Starting process for DBN 0
place_goal_0_left_0: Starting process for DBN 1
place_goal_0_left_0: Starting process for DBN 2
place_goal_0_left_0: Starting process for DBN 3
place_goal_0_left_0: Received dict for DBN 0
place_goal_0_left_0: Received dict for DBN 1
place_goal_0_left_0: Received dict for DBN 2
place_goal_0_left_0: Received dict for DBN 3
place_goal_0_left_0: Sampling transitions and computing reward
place_goal_0_left_0: Building transition/reward matrices
place_goal_0_right_0: Identifying enabled states...
place_goal_0_right_0: Splitting up datasets...
place_goal_0_right_0: Learning DBNS...
place_goal_0_right_0: Building transition dicts for each DBN
place_goal_0_right_0: Starting process for DBN 0
place_goal_0_right_0: Starting process for DBN 1
place_goal_0_right_0: Starting process for DBN 2
place_goal_0_right_0: Starting process for DBN 3
place_goal_0_right_0: Received dict for DBN 0
place_goal_0_right_0: Received dict for DBN 1
place_goal_0_right_0: Received dict for DBN 2
place_goal_0_right_0: Received dict for DBN 3
place_goal_0_right_0: Sampling transitions and computing reward
place_goal_0_right_0: Building transition/reward matrices
place_goal_0_front_270: Identifying enabled states...
place_goal_0_front_270: Splitting up datasets...
place_goal_0_front_270: Learning DBNS...
place_goal_0_front_270: Building transition dicts for each DBN
place_goal_0_front_270: Starting process for DBN 0
place_goal_0_front_270: Starting process for DBN 1
place_goal_0_front_270: Starting process for DBN 2
place_goal_0_front_270: Starting process for DBN 3
place_goal_0_front_270: Received dict for DBN 1
place_goal_0_front_270: Received dict for DBN 2
place_goal_0_front_270: Received dict for DBN 0
place_goal_0_front_270: Received dict for DBN 3
place_goal_0_front_270: Sampling transitions and computing reward
place_goal_0_front_270: Building transition/reward matrices
place_goal_1_top_0: Identifying enabled states...
place_goal_1_top_0: Splitting up datasets...
place_goal_1_top_0: Learning DBNS...
place_goal_1_top_0: Building transition dicts for each DBN
place_goal_1_top_0: Starting process for DBN 0
place_goal_1_top_0: Starting process for DBN 1
place_goal_1_top_0: Starting process for DBN 2
place_goal_1_top_0: Starting process for DBN 3
place_goal_1_top_0: Received dict for DBN 0
place_goal_1_top_0: Received dict for DBN 1
place_goal_1_top_0: Received dict for DBN 2
place_goal_1_top_0: Received dict for DBN 3
place_goal_1_top_0: Sampling transitions and computing reward
place_goal_1_top_0: Building transition/reward matrices
place_goal_1_left_0: Identifying enabled states...
place_goal_1_left_0: Splitting up datasets...
place_goal_1_left_0: Learning DBNS...
place_goal_1_left_0: Building transition dicts for each DBN
place_goal_1_left_0: Starting process for DBN 0
place_goal_1_left_0: Starting process for DBN 1
place_goal_1_left_0: Starting process for DBN 2
place_goal_1_left_0: Starting process for DBN 3
place_goal_1_left_0: Received dict for DBN 0
place_goal_1_left_0: Received dict for DBN 1
place_goal_1_left_0: Received dict for DBN 2
place_goal_1_left_0: Received dict for DBN 3
place_goal_1_left_0: Sampling transitions and computing reward
place_goal_1_left_0: Building transition/reward matrices
place_goal_1_right_0: Identifying enabled states...
place_goal_1_right_0: Splitting up datasets...
place_goal_1_right_0: Learning DBNS...
place_goal_1_right_0: Building transition dicts for each DBN
place_goal_1_right_0: Starting process for DBN 0
place_goal_1_right_0: Starting process for DBN 1
place_goal_1_right_0: Starting process for DBN 2
place_goal_1_right_0: Starting process for DBN 3
place_goal_1_right_0: Received dict for DBN 0
place_goal_1_right_0: Received dict for DBN 1
place_goal_1_right_0: Received dict for DBN 2
place_goal_1_right_0: Received dict for DBN 3
place_goal_1_right_0: Sampling transitions and computing reward
place_goal_1_right_0: Building transition/reward matrices
place_goal_1_front_270: Identifying enabled states...
place_goal_1_front_270: Splitting up datasets...
place_goal_1_front_270: Learning DBNS...
place_goal_1_front_270: Building transition dicts for each DBN
place_goal_1_front_270: Starting process for DBN 0
place_goal_1_front_270: Starting process for DBN 1
place_goal_1_front_270: Starting process for DBN 2
place_goal_1_front_270: Starting process for DBN 3
place_goal_1_front_270: Received dict for DBN 0
place_goal_1_front_270: Received dict for DBN 1
place_goal_1_front_270: Received dict for DBN 2
place_goal_1_front_270: Received dict for DBN 3
place_goal_1_front_270: Sampling transitions and computing reward
place_goal_1_front_270: Building transition/reward matrices
place_goal_2_top_0: Identifying enabled states...
place_goal_2_top_0: Splitting up datasets...
place_goal_2_top_0: Learning DBNS...
place_goal_2_top_0: Building transition dicts for each DBN
place_goal_2_top_0: Starting process for DBN 0
place_goal_2_top_0: Starting process for DBN 1
place_goal_2_top_0: Starting process for DBN 2
place_goal_2_top_0: Starting process for DBN 3
place_goal_2_top_0: Received dict for DBN 0
place_goal_2_top_0: Received dict for DBN 1
place_goal_2_top_0: Received dict for DBN 2
place_goal_2_top_0: Received dict for DBN 3
place_goal_2_top_0: Sampling transitions and computing reward
place_goal_2_top_0: Building transition/reward matrices
place_goal_2_left_0: Identifying enabled states...
place_goal_2_left_0: Splitting up datasets...
place_goal_2_left_0: Learning DBNS...
place_goal_2_left_0: Building transition dicts for each DBN
place_goal_2_left_0: Starting process for DBN 0
place_goal_2_left_0: Starting process for DBN 1
place_goal_2_left_0: Starting process for DBN 2
place_goal_2_left_0: Starting process for DBN 3
place_goal_2_left_0: Received dict for DBN 1
place_goal_2_left_0: Received dict for DBN 0
place_goal_2_left_0: Received dict for DBN 2
place_goal_2_left_0: Received dict for DBN 3
place_goal_2_left_0: Sampling transitions and computing reward
place_goal_2_left_0: Building transition/reward matrices
place_goal_2_right_0: Identifying enabled states...
place_goal_2_right_0: Splitting up datasets...
place_goal_2_right_0: Learning DBNS...
place_goal_2_right_0: Building transition dicts for each DBN
place_goal_2_right_0: Starting process for DBN 0
place_goal_2_right_0: Starting process for DBN 1
place_goal_2_right_0: Starting process for DBN 2
place_goal_2_right_0: Starting process for DBN 3
place_goal_2_right_0: Received dict for DBN 0
place_goal_2_right_0: Received dict for DBN 3
place_goal_2_right_0: Received dict for DBN 2
place_goal_2_right_0: Received dict for DBN 1
place_goal_2_right_0: Sampling transitions and computing reward
place_goal_2_right_0: Building transition/reward matrices
place_goal_2_front_270: Identifying enabled states...
place_goal_2_front_270: Splitting up datasets...
place_goal_2_front_270: Learning DBNS...
place_goal_2_front_270: Building transition dicts for each DBN
place_goal_2_front_270: Starting process for DBN 0
place_goal_2_front_270: Starting process for DBN 1
place_goal_2_front_270: Starting process for DBN 2
place_goal_2_front_270: Starting process for DBN 3
place_goal_2_front_270: Received dict for DBN 1
place_goal_2_front_270: Received dict for DBN 0
place_goal_2_front_270: Received dict for DBN 2
place_goal_2_front_270: Received dict for DBN 3
place_goal_2_front_270: Sampling transitions and computing reward
place_goal_2_front_270: Building transition/reward matrices
place_region_0_top_0: Identifying enabled states...
place_region_0_top_0: Splitting up datasets...
place_region_0_top_0: Learning DBNS...
place_region_0_top_0: Building transition dicts for each DBN
place_region_0_top_0: Starting process for DBN 0
place_region_0_top_0: Starting process for DBN 1
place_region_0_top_0: Starting process for DBN 2
place_region_0_top_0: Starting process for DBN 3
place_region_0_top_0: Received dict for DBN 0
place_region_0_top_0: Received dict for DBN 1
place_region_0_top_0: Received dict for DBN 2
place_region_0_top_0: Received dict for DBN 3
place_region_0_top_0: Sampling transitions and computing reward
place_region_0_top_0: Building transition/reward matrices
place_region_0_left_0: Identifying enabled states...
place_region_0_left_0: Splitting up datasets...
place_region_0_left_0: Learning DBNS...
place_region_0_left_0: Building transition dicts for each DBN
place_region_0_left_0: Starting process for DBN 0
place_region_0_left_0: Starting process for DBN 1
place_region_0_left_0: Starting process for DBN 2
place_region_0_left_0: Starting process for DBN 3
place_region_0_left_0: Received dict for DBN 0
place_region_0_left_0: Received dict for DBN 1
place_region_0_left_0: Received dict for DBN 2
place_region_0_left_0: Received dict for DBN 3
place_region_0_left_0: Sampling transitions and computing reward
place_region_0_left_0: Building transition/reward matrices
place_region_0_right_0: Identifying enabled states...
place_region_0_right_0: Splitting up datasets...
place_region_0_right_0: Learning DBNS...
place_region_0_right_0: Building transition dicts for each DBN
place_region_0_right_0: Starting process for DBN 0
place_region_0_right_0: Starting process for DBN 1
place_region_0_right_0: Starting process for DBN 2
place_region_0_right_0: Starting process for DBN 3
place_region_0_right_0: Received dict for DBN 0
place_region_0_right_0: Received dict for DBN 1
place_region_0_right_0: Received dict for DBN 2
place_region_0_right_0: Received dict for DBN 3
place_region_0_right_0: Sampling transitions and computing reward
place_region_0_right_0: Building transition/reward matrices
place_region_0_front_270: Identifying enabled states...
place_region_0_front_270: Splitting up datasets...
place_region_0_front_270: Learning DBNS...
place_region_0_front_270: Building transition dicts for each DBN
place_region_0_front_270: Starting process for DBN 0
place_region_0_front_270: Starting process for DBN 1
place_region_0_front_270: Starting process for DBN 2
place_region_0_front_270: Starting process for DBN 3
place_region_0_front_270: Received dict for DBN 1
place_region_0_front_270: Received dict for DBN 0
place_region_0_front_270: Received dict for DBN 2
place_region_0_front_270: Received dict for DBN 3
place_region_0_front_270: Sampling transitions and computing reward
place_region_0_front_270: Building transition/reward matrices
place_region_1_top_0: Identifying enabled states...
place_region_1_top_0: Splitting up datasets...
place_region_1_top_0: Learning DBNS...
place_region_1_top_0: Building transition dicts for each DBN
place_region_1_top_0: Starting process for DBN 0
place_region_1_top_0: Starting process for DBN 1
place_region_1_top_0: Starting process for DBN 2
place_region_1_top_0: Starting process for DBN 3
place_region_1_top_0: Received dict for DBN 0
place_region_1_top_0: Received dict for DBN 1
place_region_1_top_0: Received dict for DBN 2
place_region_1_top_0: Received dict for DBN 3
place_region_1_top_0: Sampling transitions and computing reward
place_region_1_top_0: Building transition/reward matrices
place_region_1_left_0: Identifying enabled states...
place_region_1_left_0: Splitting up datasets...
place_region_1_left_0: Learning DBNS...
place_region_1_left_0: Building transition dicts for each DBN
place_region_1_left_0: Starting process for DBN 0
place_region_1_left_0: Starting process for DBN 1
place_region_1_left_0: Starting process for DBN 2
place_region_1_left_0: Starting process for DBN 3
place_region_1_left_0: Received dict for DBN 0
place_region_1_left_0: Received dict for DBN 1
place_region_1_left_0: Received dict for DBN 2
place_region_1_left_0: Received dict for DBN 3
place_region_1_left_0: Sampling transitions and computing reward
place_region_1_left_0: Building transition/reward matrices
place_region_1_right_0: Identifying enabled states...
place_region_1_right_0: Splitting up datasets...
place_region_1_right_0: Learning DBNS...
place_region_1_right_0: Building transition dicts for each DBN
place_region_1_right_0: Starting process for DBN 0
place_region_1_right_0: Starting process for DBN 1
place_region_1_right_0: Starting process for DBN 2
place_region_1_right_0: Starting process for DBN 3
place_region_1_right_0: Received dict for DBN 1
place_region_1_right_0: Received dict for DBN 0
place_region_1_right_0: Received dict for DBN 2
place_region_1_right_0: Received dict for DBN 3
place_region_1_right_0: Sampling transitions and computing reward
place_region_1_right_0: Building transition/reward matrices
place_region_1_front_270: Identifying enabled states...
place_region_1_front_270: Splitting up datasets...
place_region_1_front_270: Learning DBNS...
place_region_1_front_270: Building transition dicts for each DBN
place_region_1_front_270: Starting process for DBN 0
place_region_1_front_270: Starting process for DBN 1
place_region_1_front_270: Starting process for DBN 2
place_region_1_front_270: Starting process for DBN 3
place_region_1_front_270: Received dict for DBN 1
place_region_1_front_270: Received dict for DBN 0
place_region_1_front_270: Received dict for DBN 2
place_region_1_front_270: Received dict for DBN 3
place_region_1_front_270: Sampling transitions and computing reward
place_region_1_front_270: Building transition/reward matrices
place_region_2_top_0: Identifying enabled states...
place_region_2_top_0: Splitting up datasets...
place_region_2_top_0: Learning DBNS...
place_region_2_top_0: Building transition dicts for each DBN
place_region_2_top_0: Starting process for DBN 0
place_region_2_top_0: Starting process for DBN 1
place_region_2_top_0: Starting process for DBN 2
place_region_2_top_0: Starting process for DBN 3
place_region_2_top_0: Received dict for DBN 1
place_region_2_top_0: Received dict for DBN 0
place_region_2_top_0: Received dict for DBN 2
place_region_2_top_0: Received dict for DBN 3
place_region_2_top_0: Sampling transitions and computing reward
place_region_2_top_0: Building transition/reward matrices
place_region_2_left_0: Identifying enabled states...
place_region_2_left_0: Splitting up datasets...
place_region_2_left_0: Learning DBNS...
place_region_2_left_0: Building transition dicts for each DBN
place_region_2_left_0: Starting process for DBN 0
place_region_2_left_0: Starting process for DBN 1
place_region_2_left_0: Starting process for DBN 2
place_region_2_left_0: Starting process for DBN 3
place_region_2_left_0: Received dict for DBN 1
place_region_2_left_0: Received dict for DBN 0
place_region_2_left_0: Received dict for DBN 2
place_region_2_left_0: Received dict for DBN 3
place_region_2_left_0: Sampling transitions and computing reward
place_region_2_left_0: Building transition/reward matrices
place_region_2_right_0: Identifying enabled states...
place_region_2_right_0: Splitting up datasets...
place_region_2_right_0: Learning DBNS...
place_region_2_right_0: Building transition dicts for each DBN
place_region_2_right_0: Starting process for DBN 0
place_region_2_right_0: Starting process for DBN 1
place_region_2_right_0: Starting process for DBN 2
place_region_2_right_0: Starting process for DBN 3
place_region_2_right_0: Received dict for DBN 1
place_region_2_right_0: Received dict for DBN 0
place_region_2_right_0: Received dict for DBN 2
place_region_2_right_0: Received dict for DBN 3
place_region_2_right_0: Sampling transitions and computing reward
place_region_2_right_0: Building transition/reward matrices
place_region_2_front_270: Identifying enabled states...
place_region_2_front_270: Splitting up datasets...
place_region_2_front_270: Learning DBNS...
place_region_2_front_270: Building transition dicts for each DBN
place_region_2_front_270: Starting process for DBN 0
place_region_2_front_270: Starting process for DBN 1
place_region_2_front_270: Starting process for DBN 2
place_region_2_front_270: Starting process for DBN 3
place_region_2_front_270: Received dict for DBN 1
place_region_2_front_270: Received dict for DBN 0
place_region_2_front_270: Received dict for DBN 2
place_region_2_front_270: Received dict for DBN 3
place_region_2_front_270: Sampling transitions and computing reward
place_region_2_front_270: Building transition/reward matrices
Building MDP...
Synthesising Policy...
Solving MDP for timestep: 29
Solving MDP for timestep: 28
Solving MDP for timestep: 27
Solving MDP for timestep: 26
Solving MDP for timestep: 25
Solving MDP for timestep: 24
Solving MDP for timestep: 23
Solving MDP for timestep: 22
Solving MDP for timestep: 21
Solving MDP for timestep: 20
Solving MDP for timestep: 19
Solving MDP for timestep: 18
Solving MDP for timestep: 17
Solving MDP for timestep: 16
Solving MDP for timestep: 15
Solving MDP for timestep: 14
Solving MDP for timestep: 13
Solving MDP for timestep: 12
Solving MDP for timestep: 11
Solving MDP for timestep: 10
Solving MDP for timestep: 9
Solving MDP for timestep: 8
Solving MDP for timestep: 7
Solving MDP for timestep: 6
Solving MDP for timestep: 5
Solving MDP for timestep: 4
Solving MDP for timestep: 3
Solving MDP for timestep: 2
Solving MDP for timestep: 1
Solving MDP for timestep: 0
Resetting the scene for new episode
Step 0
policy value 42.665836334228516
State(column0: region_1, column1: region_2, column2: region_0)
pick_column2_left_0
Action: Action(ActionType.PICK, obj=/column2, slot=None,grasp=GraspType.LEFT_0)
[EXEC] Picking /column2 with left_0

[INFO] Found 6912 potential configurations.
[INFO] Motion completed successfully with result: success,in execution time: 4.00 seconds
[INFO] Found a reachable configuration for pick action after 1 attempts.
Tip distance after pick: 0.020958813618408557
[INFO] Pick action completed successfully.in execution time: 4.00 seconds
[EXEC] Action ActionType.PICK executed in 10.12 seconds
[SUCCESS] Action ActionType.PICK succeeded for object /column2
Action duration: 4.0
[LOG] Transition logged to MongoDB: 3b45543f-1da5-4b6b-a71d-6af8c33bab70 - Episode 18
Step 1
policy value 41.88591384887695
State(column0: region_1, column1: region_2, column2: held)
place_goal_0_top_0
Action: Action(ActionType.PLACE, obj=/column2, slot=/goal_0,grasp=GraspType.TOP_0)
[EXEC] Placing at [-0.27499999999999986, 0.8250000000000005, 0.5] with grasp top_0

[INFO] Found 8960 potential configurations.
[ERROR] Motion failed (collision or invalid path)
[ERROR] Motion result: collision
[WARN] Failed to find a path to the selected place config on attempt 1.
[WARN] No path found to selected place config, discarding and trying next valid config...
[ERROR] Motion failed (collision or invalid path)
[ERROR] Motion result: collision
[WARN] Failed to find a path to the selected place config on attempt 2.
[WARN] No path found to selected place config, discarding and trying next valid config...
[ERROR] Motion failed (collision or invalid path)
[ERROR] Motion result: collision
[WARN] Failed to find a path to the selected place config on attempt 3.
[WARN] No path found to selected place config, discarding and trying next valid config...
[ERROR] Max IK attempts reached, place action failed.
[EXEC] Action ActionType.PLACE executed in 18.28 seconds
[ERROR] Action ActionType.PLACE failed for object /column2
Action duration: 0.001
[LOG] Transition logged to MongoDB: 3b45543f-1da5-4b6b-a71d-6af8c33bab70 - Episode 18
Action failed, stopping. Time elapsed: 0.001
Step 2
policy value 40.39680099487305
State(column0: region_1, column1: region_2, column2: held)
place_goal_0_top_0
Action: Action(ActionType.PLACE, obj=/column2, slot=/goal_0,grasp=GraspType.TOP_0)
[EXEC] Placing at [-0.27499999999999986, 0.8250000000000005, 0.5] with grasp top_0

[INFO] Found 11904 potential configurations.
[ERROR] Motion failed (collision or invalid path)
[ERROR] Motion result: collision
[WARN] Failed to find a path to the selected place config on attempt 1.
[WARN] No path found to selected place config, discarding and trying next valid config...
[ERROR] Motion failed (collision or invalid path)
[ERROR] Motion result: collision
[WARN] Failed to find a path to the selected place config on attempt 2.
[WARN] No path found to selected place config, discarding and trying next valid config...
[ERROR] Motion failed (collision or invalid path)
[ERROR] Motion result: collision
[WARN] Failed to find a path to the selected place config on attempt 3.
[WARN] No path found to selected place config, discarding and trying next valid config...
[ERROR] Max IK attempts reached, place action failed.
[EXEC] Action ActionType.PLACE executed in 29.03 seconds
[ERROR] Action ActionType.PLACE failed for object /column2
Action duration: 0.001
[LOG] Transition logged to MongoDB: 3b45543f-1da5-4b6b-a71d-6af8c33bab70 - Episode 18
Action failed, stopping. Time elapsed: 0.001
Step 3
policy value 38.907718658447266
State(column0: region_1, column1: region_2, column2: held)
place_goal_0_top_0
Action: Action(ActionType.PLACE, obj=/column2, slot=/goal_0,grasp=GraspType.TOP_0)
[EXEC] Placing at [-0.27499999999999986, 0.8250000000000005, 0.5] with grasp top_0

[INFO] Found 8576 potential configurations.
[ERROR] Motion failed (collision or invalid path)
[ERROR] Motion result: collision
[WARN] Failed to find a path to the selected place config on attempt 1.
[WARN] No path found to selected place config, discarding and trying next valid config...
[ERROR] Motion failed (collision or invalid path)
[ERROR] Motion result: collision
[WARN] Failed to find a path to the selected place config on attempt 2.
[WARN] No path found to selected place config, discarding and trying next valid config...
[ERROR] Motion failed (collision or invalid path)
[ERROR] Motion result: collision
[WARN] Failed to find a path to the selected place config on attempt 3.
[WARN] No path found to selected place config, discarding and trying next valid config...
[ERROR] Max IK attempts reached, place action failed.
[EXEC] Action ActionType.PLACE executed in 20.40 seconds
[ERROR] Action ActionType.PLACE failed for object /column2
Action duration: 0.001
[LOG] Transition logged to MongoDB: 3b45543f-1da5-4b6b-a71d-6af8c33bab70 - Episode 18
Action failed, stopping. Time elapsed: 0.001
Step 4
policy value 37.41866683959961
State(column0: region_1, column1: region_2, column2: held)
place_goal_0_top_0
Action: Action(ActionType.PLACE, obj=/column2, slot=/goal_0,grasp=GraspType.TOP_0)
[EXEC] Placing at [-0.27499999999999986, 0.8250000000000005, 0.5] with grasp top_0

[INFO] Found 10112 potential configurations.
[ERROR] Motion failed (collision or invalid path)
[ERROR] Motion result: collision
[WARN] Failed to find a path to the selected place config on attempt 1.
[WARN] No path found to selected place config, discarding and trying next valid config...
[ERROR] Motion failed (collision or invalid path)
[ERROR] Motion result: collision
[WARN] Failed to find a path to the selected place config on attempt 2.
[WARN] No path found to selected place config, discarding and trying next valid config...
[ERROR] Motion failed (collision or invalid path)
[ERROR] Motion result: collision
[WARN] Failed to find a path to the selected place config on attempt 3.
[WARN] No path found to selected place config, discarding and trying next valid config...
[ERROR] Max IK attempts reached, place action failed.
[EXEC] Action ActionType.PLACE executed in 28.08 seconds
[ERROR] Action ActionType.PLACE failed for object /column2
Action duration: 0.001
[LOG] Transition logged to MongoDB: 3b45543f-1da5-4b6b-a71d-6af8c33bab70 - Episode 18
Action failed, stopping. Time elapsed: 0.001
Step 5
policy value 35.92965316772461
State(column0: region_1, column1: region_2, column2: held)
place_goal_0_top_0
Action: Action(ActionType.PLACE, obj=/column2, slot=/goal_0,grasp=GraspType.TOP_0)
[EXEC] Placing at [-0.27499999999999986, 0.8250000000000005, 0.5] with grasp top_0

[INFO] Found 8768 potential configurations.
[INFO] Motion completed successfully with result: success,in execution time: 2.96 seconds
[INFO] Found a reachable configuration for place action after 1 attempts.
[INFO] Place action completed successfully.
realigning placed object /column2 to target position
[EXEC] Action ActionType.PLACE executed in 10.89 seconds
[SUCCESS] Action ActionType.PLACE succeeded for object /column2
Action duration: 2.9599999999999
[LOG] Transition logged to MongoDB: 3b45543f-1da5-4b6b-a71d-6af8c33bab70 - Episode 18
Step 6
policy value 32.95175552368164
State(column0: region_1, column1: region_2, column2: goal_0)
pick_column2_front_270
Action: Action(ActionType.PICK, obj=/column2, slot=None,grasp=GraspType.FRONT_270)
[EXEC] Picking /column2 with front_270

[INFO] Found 8704 potential configurations.
[INFO] Motion completed successfully with result: success,in execution time: 4.12 seconds
[INFO] Found a reachable configuration for pick action after 1 attempts.
Tip distance after pick: 0.02166370386570224
[INFO] Pick action completed successfully.in execution time: 4.12 seconds
[EXEC] Action ActionType.PICK executed in 10.63 seconds
[SUCCESS] Action ActionType.PICK succeeded for object /column2
Action duration: 4.1199999999999
[LOG] Transition logged to MongoDB: 3b45543f-1da5-4b6b-a71d-6af8c33bab70 - Episode 18
Step 7
policy value 32.95175552368164
State(column0: region_1, column1: region_2, column2: held)
place_goal_0_top_0
Action: Action(ActionType.PLACE, obj=/column2, slot=/goal_0,grasp=GraspType.TOP_0)
[EXEC] Placing at [-0.27499999999999986, 0.8250000000000005, 0.5] with grasp top_0

[INFO] Found 9920 potential configurations.
[ERROR] Motion failed (collision or invalid path)
[ERROR] Motion result: collision
[WARN] Failed to find a path to the selected place config on attempt 1.
[WARN] No path found to selected place config, discarding and trying next valid config...
[ERROR] Motion failed (collision or invalid path)
[ERROR] Motion result: collision
[WARN] Failed to find a path to the selected place config on attempt 2.
[WARN] No path found to selected place config, discarding and trying next valid config...
[INFO] Motion completed successfully with result: success,in execution time: 4.24 seconds
[INFO] Found a reachable configuration for place action after 3 attempts.
[INFO] Place action completed successfully.
realigning placed object /column2 to target position
[EXEC] Action ActionType.PLACE executed in 34.18 seconds
[SUCCESS] Action ActionType.PLACE succeeded for object /column2
Action duration: 4.2399999999999
[LOG] Transition logged to MongoDB: 3b45543f-1da5-4b6b-a71d-6af8c33bab70 - Episode 18
Step 8
policy value 29.974082946777344
State(column0: region_1, column1: region_2, column2: goal_0)
pick_column2_front_270
Action: Action(ActionType.PICK, obj=/column2, slot=None,grasp=GraspType.FRONT_270)
[EXEC] Picking /column2 with front_270

[INFO] Found 7360 potential configurations.
[INFO] Motion completed successfully with result: success,in execution time: 4.20 seconds
[INFO] Found a reachable configuration for pick action after 1 attempts.
Tip distance after pick: 0.021408855964951713
[INFO] Pick action completed successfully.in execution time: 4.20 seconds
[EXEC] Action ActionType.PICK executed in 11.41 seconds
[SUCCESS] Action ActionType.PICK succeeded for object /column2
Action duration: 4.2000000000002
[LOG] Transition logged to MongoDB: 3b45543f-1da5-4b6b-a71d-6af8c33bab70 - Episode 18
Step 9
policy value 29.974082946777344
State(column0: region_1, column1: region_2, column2: held)
place_goal_0_top_0
Action: Action(ActionType.PLACE, obj=/column2, slot=/goal_0,grasp=GraspType.TOP_0)
[EXEC] Placing at [-0.27499999999999986, 0.8250000000000005, 0.5] with grasp top_0

[INFO] Found 9984 potential configurations.
[ERROR] Motion failed (collision or invalid path)
[ERROR] Motion result: collision
[WARN] Failed to find a path to the selected place config on attempt 1.
[WARN] No path found to selected place config, discarding and trying next valid config...
[ERROR] Motion failed (collision or invalid path)
[ERROR] Motion result: collision
[WARN] Failed to find a path to the selected place config on attempt 2.
[WARN] No path found to selected place config, discarding and trying next valid config...
[INFO] Motion completed successfully with result: success,in execution time: 4.24 seconds
[INFO] Found a reachable configuration for place action after 3 attempts.
[INFO] Place action completed successfully.
realigning placed object /column2 to target position
[EXEC] Action ActionType.PLACE executed in 33.70 seconds
[SUCCESS] Action ActionType.PLACE succeeded for object /column2
Action duration: 4.2400000000007
[LOG] Transition logged to MongoDB: 3b45543f-1da5-4b6b-a71d-6af8c33bab70 - Episode 18
Step 10
policy value 27.008859634399414
State(column0: region_1, column1: region_2, column2: goal_0)
pick_column2_left_0
Action: Action(ActionType.PICK, obj=/column2, slot=None,grasp=GraspType.LEFT_0)
[EXEC] Picking /column2 with left_0

[INFO] Found 8832 potential configurations.
[INFO] Motion completed successfully with result: success,in execution time: 10.52 seconds
[INFO] Found a reachable configuration for pick action after 1 attempts.
Tip distance after pick: 0.019131425125655143
[INFO] Pick action completed successfully.in execution time: 10.52 seconds
[EXEC] Action ActionType.PICK executed in 20.21 seconds
[SUCCESS] Action ActionType.PICK succeeded for object /column2
Action duration: 10.520000000002
[LOG] Transition logged to MongoDB: 3b45543f-1da5-4b6b-a71d-6af8c33bab70 - Episode 18
Step 11
policy value 26.996667861938477
State(column0: region_1, column1: region_2, column2: held)
place_goal_0_top_0
Action: Action(ActionType.PLACE, obj=/column2, slot=/goal_0,grasp=GraspType.TOP_0)
[EXEC] Placing at [-0.27499999999999986, 0.8250000000000005, 0.5] with grasp top_0

[INFO] Found 8896 potential configurations.
[ERROR] Motion failed (collision or invalid path)
[ERROR] Motion result: collision
[WARN] Failed to find a path to the selected place config on attempt 1.
[WARN] No path found to selected place config, discarding and trying next valid config...
[ERROR] Motion failed (collision or invalid path)
[ERROR] Motion result: collision
[WARN] Failed to find a path to the selected place config on attempt 2.
[WARN] No path found to selected place config, discarding and trying next valid config...
[ERROR] Motion failed (collision or invalid path)
[ERROR] Motion result: collision
[WARN] Failed to find a path to the selected place config on attempt 3.
[WARN] No path found to selected place config, discarding and trying next valid config...
[ERROR] Max IK attempts reached, place action failed.
[EXEC] Action ActionType.PLACE executed in 23.24 seconds
[ERROR] Action ActionType.PLACE failed for object /column2
Action duration: 0.001
[LOG] Transition logged to MongoDB: 3b45543f-1da5-4b6b-a71d-6af8c33bab70 - Episode 18
Action failed, stopping. Time elapsed: 0.001
Step 12
policy value 25.508081436157227
State(column0: region_1, column1: region_2, column2: held)
place_goal_0_top_0
Action: Action(ActionType.PLACE, obj=/column2, slot=/goal_0,grasp=GraspType.TOP_0)
[EXEC] Placing at [-0.27499999999999986, 0.8250000000000005, 0.5] with grasp top_0

[INFO] Found 9408 potential configurations.
[ERROR] Motion failed (collision or invalid path)
[ERROR] Motion result: collision
[WARN] Failed to find a path to the selected place config on attempt 1.
[WARN] No path found to selected place config, discarding and trying next valid config...
[ERROR] Motion failed (collision or invalid path)
[ERROR] Motion result: collision
[WARN] Failed to find a path to the selected place config on attempt 2.
[WARN] No path found to selected place config, discarding and trying next valid config...
[ERROR] Motion failed (collision or invalid path)
[ERROR] Motion result: collision
[WARN] Failed to find a path to the selected place config on attempt 3.
[WARN] No path found to selected place config, discarding and trying next valid config...
[ERROR] Max IK attempts reached, place action failed.
[EXEC] Action ActionType.PLACE executed in 39.37 seconds
[ERROR] Action ActionType.PLACE failed for object /column2
Action duration: 0.001
[LOG] Transition logged to MongoDB: 3b45543f-1da5-4b6b-a71d-6af8c33bab70 - Episode 18
Action failed, stopping. Time elapsed: 0.001
Step 13
policy value 24.019622802734375
State(column0: region_1, column1: region_2, column2: held)
place_goal_0_top_0
Action: Action(ActionType.PLACE, obj=/column2, slot=/goal_0,grasp=GraspType.TOP_0)
[EXEC] Placing at [-0.27499999999999986, 0.8250000000000005, 0.5] with grasp top_0

[INFO] Found 8448 potential configurations.
[ERROR] Motion failed (collision or invalid path)
[ERROR] Motion result: collision
[WARN] Failed to find a path to the selected place config on attempt 1.
[WARN] No path found to selected place config, discarding and trying next valid config...
[ERROR] Motion failed (collision or invalid path)
[ERROR] Motion result: collision
[WARN] Failed to find a path to the selected place config on attempt 2.
[WARN] No path found to selected place config, discarding and trying next valid config...
[ERROR] Motion failed (collision or invalid path)
[ERROR] Motion result: collision
[WARN] Failed to find a path to the selected place config on attempt 3.
[WARN] No path found to selected place config, discarding and trying next valid config...
[ERROR] Max IK attempts reached, place action failed.
[EXEC] Action ActionType.PLACE executed in 27.98 seconds
[ERROR] Action ActionType.PLACE failed for object /column2
Action duration: 0.001
[LOG] Transition logged to MongoDB: 3b45543f-1da5-4b6b-a71d-6af8c33bab70 - Episode 18
Action failed, stopping. Time elapsed: 0.001
Step 14
policy value 22.5313720703125
State(column0: region_1, column1: region_2, column2: held)
place_goal_0_top_0
Action: Action(ActionType.PLACE, obj=/column2, slot=/goal_0,grasp=GraspType.TOP_0)
[EXEC] Placing at [-0.27499999999999986, 0.8250000000000005, 0.5] with grasp top_0

[INFO] Found 6144 potential configurations.
[ERROR] Motion failed (collision or invalid path)
[ERROR] Motion result: collision
[WARN] Failed to find a path to the selected place config on attempt 1.
[WARN] No path found to selected place config, discarding and trying next valid config...
[ERROR] Motion failed (collision or invalid path)
[ERROR] Motion result: collision
[WARN] Failed to find a path to the selected place config on attempt 2.
[WARN] No path found to selected place config, discarding and trying next valid config...
[ERROR] Motion failed (collision or invalid path)
[ERROR] Motion result: collision
[WARN] Failed to find a path to the selected place config on attempt 3.
[WARN] No path found to selected place config, discarding and trying next valid config...
[ERROR] Max IK attempts reached, place action failed.
[EXEC] Action ActionType.PLACE executed in 27.16 seconds
[ERROR] Action ActionType.PLACE failed for object /column2
Action duration: 0.001
[LOG] Transition logged to MongoDB: 3b45543f-1da5-4b6b-a71d-6af8c33bab70 - Episode 18
Action failed, stopping. Time elapsed: 0.001
Step 15
policy value 21.043323516845703
State(column0: region_1, column1: region_2, column2: held)
place_goal_0_top_0
Action: Action(ActionType.PLACE, obj=/column2, slot=/goal_0,grasp=GraspType.TOP_0)
[EXEC] Placing at [-0.27499999999999986, 0.8250000000000005, 0.5] with grasp top_0

[INFO] Found 8512 potential configurations.
[ERROR] Motion failed (collision or invalid path)
[ERROR] Motion result: collision
[WARN] Failed to find a path to the selected place config on attempt 1.
[WARN] No path found to selected place config, discarding and trying next valid config...
[ERROR] Motion failed (collision or invalid path)
[ERROR] Motion result: collision
[WARN] Failed to find a path to the selected place config on attempt 2.
[WARN] No path found to selected place config, discarding and trying next valid config...
[ERROR] Motion failed (collision or invalid path)
[ERROR] Motion result: collision
[WARN] Failed to find a path to the selected place config on attempt 3.
[WARN] No path found to selected place config, discarding and trying next valid config...
[ERROR] Max IK attempts reached, place action failed.
[EXEC] Action ActionType.PLACE executed in 30.80 seconds
[ERROR] Action ActionType.PLACE failed for object /column2
Action duration: 0.001
[LOG] Transition logged to MongoDB: 3b45543f-1da5-4b6b-a71d-6af8c33bab70 - Episode 18
Action failed, stopping. Time elapsed: 0.001
Step 16
policy value 19.555580139160156
State(column0: region_1, column1: region_2, column2: held)
place_goal_0_top_0
Action: Action(ActionType.PLACE, obj=/column2, slot=/goal_0,grasp=GraspType.TOP_0)
[EXEC] Placing at [-0.27499999999999986, 0.8250000000000005, 0.5] with grasp top_0

[INFO] Found 10432 potential configurations.
[ERROR] Motion failed (collision or invalid path)
[ERROR] Motion result: collision
[WARN] Failed to find a path to the selected place config on attempt 1.
[WARN] No path found to selected place config, discarding and trying next valid config...
[ERROR] Motion failed (collision or invalid path)
[ERROR] Motion result: collision
[WARN] Failed to find a path to the selected place config on attempt 2.
[WARN] No path found to selected place config, discarding and trying next valid config...
[ERROR] Motion failed (collision or invalid path)
[ERROR] Motion result: collision
[WARN] Failed to find a path to the selected place config on attempt 3.
[WARN] No path found to selected place config, discarding and trying next valid config...
[ERROR] Max IK attempts reached, place action failed.
[EXEC] Action ActionType.PLACE executed in 37.32 seconds
[ERROR] Action ActionType.PLACE failed for object /column2
Action duration: 0.001
[LOG] Transition logged to MongoDB: 3b45543f-1da5-4b6b-a71d-6af8c33bab70 - Episode 18
Action failed, stopping. Time elapsed: 0.001
Too many failures, resetting episode
Episode 10 ended
Revising policy
USING STORM: False
Reading data from MongoDB...
Total option moiton param combinations 36
Collected combinations 36
Building state to idx mapping...
Building option ensembles...
pick_column0_top_0: Identifying enabled states...
pick_column0_top_0: Splitting up datasets...
pick_column0_top_0: Learning DBNS...
pick_column0_top_0: Building transition dicts for each DBN
pick_column0_top_0: Starting process for DBN 0
pick_column0_top_0: Starting process for DBN 1
pick_column0_top_0: Starting process for DBN 2
pick_column0_top_0: Starting process for DBN 3
pick_column0_top_0: Received dict for DBN 0
pick_column0_top_0: Received dict for DBN 1
pick_column0_top_0: Received dict for DBN 2
pick_column0_top_0: Received dict for DBN 3
pick_column0_top_0: Sampling transitions and computing reward
pick_column0_top_0: Building transition/reward matrices
pick_column0_left_0: Identifying enabled states...
pick_column0_left_0: Splitting up datasets...
pick_column0_left_0: Learning DBNS...
pick_column0_left_0: Building transition dicts for each DBN
pick_column0_left_0: Starting process for DBN 0
pick_column0_left_0: Starting process for DBN 1
pick_column0_left_0: Starting process for DBN 2
pick_column0_left_0: Starting process for DBN 3
pick_column0_left_0: Received dict for DBN 0
pick_column0_left_0: Received dict for DBN 1
pick_column0_left_0: Received dict for DBN 2
pick_column0_left_0: Received dict for DBN 3
pick_column0_left_0: Sampling transitions and computing reward
pick_column0_left_0: Building transition/reward matrices
pick_column0_right_0: Identifying enabled states...
pick_column0_right_0: Splitting up datasets...
pick_column0_right_0: Learning DBNS...
pick_column0_right_0: Building transition dicts for each DBN
pick_column0_right_0: Starting process for DBN 0
pick_column0_right_0: Starting process for DBN 1
pick_column0_right_0: Starting process for DBN 2
pick_column0_right_0: Starting process for DBN 3
pick_column0_right_0: Received dict for DBN 0
pick_column0_right_0: Received dict for DBN 1
pick_column0_right_0: Received dict for DBN 2
pick_column0_right_0: Received dict for DBN 3
pick_column0_right_0: Sampling transitions and computing reward
pick_column0_right_0: Building transition/reward matrices
pick_column0_front_270: Identifying enabled states...
pick_column0_front_270: Splitting up datasets...
pick_column0_front_270: Learning DBNS...
pick_column0_front_270: Building transition dicts for each DBN
pick_column0_front_270: Starting process for DBN 0
pick_column0_front_270: Starting process for DBN 1
pick_column0_front_270: Starting process for DBN 2
pick_column0_front_270: Starting process for DBN 3
pick_column0_front_270: Received dict for DBN 0
pick_column0_front_270: Received dict for DBN 2
pick_column0_front_270: Received dict for DBN 1
pick_column0_front_270: Received dict for DBN 3
pick_column0_front_270: Sampling transitions and computing reward
pick_column0_front_270: Building transition/reward matrices
pick_column1_top_0: Identifying enabled states...
pick_column1_top_0: Splitting up datasets...
pick_column1_top_0: Learning DBNS...
pick_column1_top_0: Building transition dicts for each DBN
pick_column1_top_0: Starting process for DBN 0
pick_column1_top_0: Starting process for DBN 1
pick_column1_top_0: Starting process for DBN 2
pick_column1_top_0: Starting process for DBN 3
pick_column1_top_0: Received dict for DBN 0
pick_column1_top_0: Received dict for DBN 2
pick_column1_top_0: Received dict for DBN 3
pick_column1_top_0: Received dict for DBN 1
pick_column1_top_0: Sampling transitions and computing reward
pick_column1_top_0: Building transition/reward matrices
pick_column1_left_0: Identifying enabled states...
pick_column1_left_0: Splitting up datasets...
pick_column1_left_0: Learning DBNS...
pick_column1_left_0: Building transition dicts for each DBN
pick_column1_left_0: Starting process for DBN 0
pick_column1_left_0: Starting process for DBN 1
pick_column1_left_0: Starting process for DBN 2
pick_column1_left_0: Starting process for DBN 3
pick_column1_left_0: Received dict for DBN 0
pick_column1_left_0: Received dict for DBN 1
pick_column1_left_0: Received dict for DBN 2
pick_column1_left_0: Received dict for DBN 3
pick_column1_left_0: Sampling transitions and computing reward
pick_column1_left_0: Building transition/reward matrices
pick_column1_right_0: Identifying enabled states...
pick_column1_right_0: Splitting up datasets...
pick_column1_right_0: Learning DBNS...
pick_column1_right_0: Building transition dicts for each DBN
pick_column1_right_0: Starting process for DBN 0
pick_column1_right_0: Starting process for DBN 1
pick_column1_right_0: Starting process for DBN 2
pick_column1_right_0: Starting process for DBN 3
pick_column1_right_0: Received dict for DBN 0
pick_column1_right_0: Received dict for DBN 1
pick_column1_right_0: Received dict for DBN 2
pick_column1_right_0: Received dict for DBN 3
pick_column1_right_0: Sampling transitions and computing reward
pick_column1_right_0: Building transition/reward matrices
pick_column1_front_270: Identifying enabled states...
pick_column1_front_270: Splitting up datasets...
pick_column1_front_270: Learning DBNS...
pick_column1_front_270: Building transition dicts for each DBN
pick_column1_front_270: Starting process for DBN 0
pick_column1_front_270: Starting process for DBN 1
pick_column1_front_270: Starting process for DBN 2
pick_column1_front_270: Starting process for DBN 3
pick_column1_front_270: Received dict for DBN 0
pick_column1_front_270: Received dict for DBN 1
pick_column1_front_270: Received dict for DBN 3
pick_column1_front_270: Received dict for DBN 2
pick_column1_front_270: Sampling transitions and computing reward
pick_column1_front_270: Building transition/reward matrices
pick_column2_top_0: Identifying enabled states...
pick_column2_top_0: Splitting up datasets...
pick_column2_top_0: Learning DBNS...
pick_column2_top_0: Building transition dicts for each DBN
pick_column2_top_0: Starting process for DBN 0
pick_column2_top_0: Starting process for DBN 1
pick_column2_top_0: Starting process for DBN 2
pick_column2_top_0: Starting process for DBN 3
pick_column2_top_0: Received dict for DBN 0
pick_column2_top_0: Received dict for DBN 1
pick_column2_top_0: Received dict for DBN 2
pick_column2_top_0: Received dict for DBN 3
pick_column2_top_0: Sampling transitions and computing reward
pick_column2_top_0: Building transition/reward matrices
pick_column2_left_0: Identifying enabled states...
pick_column2_left_0: Splitting up datasets...
pick_column2_left_0: Learning DBNS...
pick_column2_left_0: Building transition dicts for each DBN
pick_column2_left_0: Starting process for DBN 0
pick_column2_left_0: Starting process for DBN 1
pick_column2_left_0: Starting process for DBN 2
pick_column2_left_0: Starting process for DBN 3
pick_column2_left_0: Received dict for DBN 0
pick_column2_left_0: Received dict for DBN 1
pick_column2_left_0: Received dict for DBN 2
pick_column2_left_0: Received dict for DBN 3
pick_column2_left_0: Sampling transitions and computing reward
pick_column2_left_0: Building transition/reward matrices
pick_column2_right_0: Identifying enabled states...
pick_column2_right_0: Splitting up datasets...
pick_column2_right_0: Learning DBNS...
pick_column2_right_0: Building transition dicts for each DBN
pick_column2_right_0: Starting process for DBN 0
pick_column2_right_0: Starting process for DBN 1
pick_column2_right_0: Starting process for DBN 2
pick_column2_right_0: Starting process for DBN 3
pick_column2_right_0: Received dict for DBN 0
pick_column2_right_0: Received dict for DBN 1
pick_column2_right_0: Received dict for DBN 2
pick_column2_right_0: Received dict for DBN 3
pick_column2_right_0: Sampling transitions and computing reward
pick_column2_right_0: Building transition/reward matrices
pick_column2_front_270: Identifying enabled states...
pick_column2_front_270: Splitting up datasets...
pick_column2_front_270: Learning DBNS...
pick_column2_front_270: Building transition dicts for each DBN
pick_column2_front_270: Starting process for DBN 0
pick_column2_front_270: Starting process for DBN 1
pick_column2_front_270: Starting process for DBN 2
pick_column2_front_270: Starting process for DBN 3
pick_column2_front_270: Received dict for DBN 0
pick_column2_front_270: Received dict for DBN 1
pick_column2_front_270: Received dict for DBN 2
pick_column2_front_270: Received dict for DBN 3
pick_column2_front_270: Sampling transitions and computing reward
pick_column2_front_270: Building transition/reward matrices
place_goal_0_top_0: Identifying enabled states...
place_goal_0_top_0: Splitting up datasets...
place_goal_0_top_0: Learning DBNS...
place_goal_0_top_0: Building transition dicts for each DBN
place_goal_0_top_0: Starting process for DBN 0
place_goal_0_top_0: Starting process for DBN 1
place_goal_0_top_0: Starting process for DBN 2
place_goal_0_top_0: Starting process for DBN 3
place_goal_0_top_0: Received dict for DBN 0
place_goal_0_top_0: Received dict for DBN 1
place_goal_0_top_0: Received dict for DBN 3
place_goal_0_top_0: Received dict for DBN 2
place_goal_0_top_0: Sampling transitions and computing reward
place_goal_0_top_0: Building transition/reward matrices
place_goal_0_left_0: Identifying enabled states...
place_goal_0_left_0: Splitting up datasets...
place_goal_0_left_0: Learning DBNS...
place_goal_0_left_0: Building transition dicts for each DBN
place_goal_0_left_0: Starting process for DBN 0
place_goal_0_left_0: Starting process for DBN 1
place_goal_0_left_0: Starting process for DBN 2
place_goal_0_left_0: Starting process for DBN 3
place_goal_0_left_0: Received dict for DBN 0
place_goal_0_left_0: Received dict for DBN 1
place_goal_0_left_0: Received dict for DBN 2
place_goal_0_left_0: Received dict for DBN 3
place_goal_0_left_0: Sampling transitions and computing reward
place_goal_0_left_0: Building transition/reward matrices
place_goal_0_right_0: Identifying enabled states...
place_goal_0_right_0: Splitting up datasets...
place_goal_0_right_0: Learning DBNS...
place_goal_0_right_0: Building transition dicts for each DBN
place_goal_0_right_0: Starting process for DBN 0
place_goal_0_right_0: Starting process for DBN 1
place_goal_0_right_0: Starting process for DBN 2
place_goal_0_right_0: Starting process for DBN 3
place_goal_0_right_0: Received dict for DBN 0
place_goal_0_right_0: Received dict for DBN 1
place_goal_0_right_0: Received dict for DBN 2
place_goal_0_right_0: Received dict for DBN 3
place_goal_0_right_0: Sampling transitions and computing reward
place_goal_0_right_0: Building transition/reward matrices
place_goal_0_front_270: Identifying enabled states...
place_goal_0_front_270: Splitting up datasets...
place_goal_0_front_270: Learning DBNS...
place_goal_0_front_270: Building transition dicts for each DBN
place_goal_0_front_270: Starting process for DBN 0
place_goal_0_front_270: Starting process for DBN 1
place_goal_0_front_270: Starting process for DBN 2
place_goal_0_front_270: Starting process for DBN 3
place_goal_0_front_270: Received dict for DBN 0
place_goal_0_front_270: Received dict for DBN 1
place_goal_0_front_270: Received dict for DBN 3
place_goal_0_front_270: Received dict for DBN 2
place_goal_0_front_270: Sampling transitions and computing reward
place_goal_0_front_270: Building transition/reward matrices
place_goal_1_top_0: Identifying enabled states...
place_goal_1_top_0: Splitting up datasets...
place_goal_1_top_0: Learning DBNS...
place_goal_1_top_0: Building transition dicts for each DBN
place_goal_1_top_0: Starting process for DBN 0
place_goal_1_top_0: Starting process for DBN 1
place_goal_1_top_0: Starting process for DBN 2
place_goal_1_top_0: Starting process for DBN 3
place_goal_1_top_0: Received dict for DBN 0
place_goal_1_top_0: Received dict for DBN 1
place_goal_1_top_0: Received dict for DBN 3
place_goal_1_top_0: Received dict for DBN 2
place_goal_1_top_0: Sampling transitions and computing reward
place_goal_1_top_0: Building transition/reward matrices
place_goal_1_left_0: Identifying enabled states...
place_goal_1_left_0: Splitting up datasets...
place_goal_1_left_0: Learning DBNS...
place_goal_1_left_0: Building transition dicts for each DBN
place_goal_1_left_0: Starting process for DBN 0
place_goal_1_left_0: Starting process for DBN 1
place_goal_1_left_0: Starting process for DBN 2
place_goal_1_left_0: Starting process for DBN 3
place_goal_1_left_0: Received dict for DBN 0
place_goal_1_left_0: Received dict for DBN 1
place_goal_1_left_0: Received dict for DBN 2
place_goal_1_left_0: Received dict for DBN 3
place_goal_1_left_0: Sampling transitions and computing reward
place_goal_1_left_0: Building transition/reward matrices
place_goal_1_right_0: Identifying enabled states...
place_goal_1_right_0: Splitting up datasets...
place_goal_1_right_0: Learning DBNS...
place_goal_1_right_0: Building transition dicts for each DBN
place_goal_1_right_0: Starting process for DBN 0
place_goal_1_right_0: Starting process for DBN 1
place_goal_1_right_0: Starting process for DBN 2
place_goal_1_right_0: Starting process for DBN 3
place_goal_1_right_0: Received dict for DBN 0
place_goal_1_right_0: Received dict for DBN 1
place_goal_1_right_0: Received dict for DBN 2
place_goal_1_right_0: Received dict for DBN 3
place_goal_1_right_0: Sampling transitions and computing reward
place_goal_1_right_0: Building transition/reward matrices
place_goal_1_front_270: Identifying enabled states...
place_goal_1_front_270: Splitting up datasets...
place_goal_1_front_270: Learning DBNS...
place_goal_1_front_270: Building transition dicts for each DBN
place_goal_1_front_270: Starting process for DBN 0
place_goal_1_front_270: Starting process for DBN 1
place_goal_1_front_270: Starting process for DBN 2
place_goal_1_front_270: Starting process for DBN 3
place_goal_1_front_270: Received dict for DBN 0
place_goal_1_front_270: Received dict for DBN 1
place_goal_1_front_270: Received dict for DBN 2
place_goal_1_front_270: Received dict for DBN 3
place_goal_1_front_270: Sampling transitions and computing reward
place_goal_1_front_270: Building transition/reward matrices
place_goal_2_top_0: Identifying enabled states...
place_goal_2_top_0: Splitting up datasets...
place_goal_2_top_0: Learning DBNS...
place_goal_2_top_0: Building transition dicts for each DBN
place_goal_2_top_0: Starting process for DBN 0
place_goal_2_top_0: Starting process for DBN 1
place_goal_2_top_0: Starting process for DBN 2
place_goal_2_top_0: Starting process for DBN 3
place_goal_2_top_0: Received dict for DBN 0
place_goal_2_top_0: Received dict for DBN 1
place_goal_2_top_0: Received dict for DBN 2
place_goal_2_top_0: Received dict for DBN 3
place_goal_2_top_0: Sampling transitions and computing reward
place_goal_2_top_0: Building transition/reward matrices
place_goal_2_left_0: Identifying enabled states...
place_goal_2_left_0: Splitting up datasets...
place_goal_2_left_0: Learning DBNS...
place_goal_2_left_0: Building transition dicts for each DBN
place_goal_2_left_0: Starting process for DBN 0
place_goal_2_left_0: Starting process for DBN 1
place_goal_2_left_0: Starting process for DBN 2
place_goal_2_left_0: Starting process for DBN 3
place_goal_2_left_0: Received dict for DBN 1
place_goal_2_left_0: Received dict for DBN 0
place_goal_2_left_0: Received dict for DBN 2
place_goal_2_left_0: Received dict for DBN 3
place_goal_2_left_0: Sampling transitions and computing reward
place_goal_2_left_0: Building transition/reward matrices
place_goal_2_right_0: Identifying enabled states...
place_goal_2_right_0: Splitting up datasets...
place_goal_2_right_0: Learning DBNS...
place_goal_2_right_0: Building transition dicts for each DBN
place_goal_2_right_0: Starting process for DBN 0
place_goal_2_right_0: Starting process for DBN 1
place_goal_2_right_0: Starting process for DBN 2
place_goal_2_right_0: Starting process for DBN 3
place_goal_2_right_0: Received dict for DBN 0
place_goal_2_right_0: Received dict for DBN 1
place_goal_2_right_0: Received dict for DBN 2
place_goal_2_right_0: Received dict for DBN 3
place_goal_2_right_0: Sampling transitions and computing reward
place_goal_2_right_0: Building transition/reward matrices
place_goal_2_front_270: Identifying enabled states...
place_goal_2_front_270: Splitting up datasets...
place_goal_2_front_270: Learning DBNS...
place_goal_2_front_270: Building transition dicts for each DBN
place_goal_2_front_270: Starting process for DBN 0
place_goal_2_front_270: Starting process for DBN 1
place_goal_2_front_270: Starting process for DBN 2
place_goal_2_front_270: Starting process for DBN 3
place_goal_2_front_270: Received dict for DBN 1
place_goal_2_front_270: Received dict for DBN 0
place_goal_2_front_270: Received dict for DBN 2
place_goal_2_front_270: Received dict for DBN 3
place_goal_2_front_270: Sampling transitions and computing reward
place_goal_2_front_270: Building transition/reward matrices
place_region_0_top_0: Identifying enabled states...
place_region_0_top_0: Splitting up datasets...
place_region_0_top_0: Learning DBNS...
place_region_0_top_0: Building transition dicts for each DBN
place_region_0_top_0: Starting process for DBN 0
place_region_0_top_0: Starting process for DBN 1
place_region_0_top_0: Starting process for DBN 2
place_region_0_top_0: Starting process for DBN 3
place_region_0_top_0: Received dict for DBN 2
place_region_0_top_0: Received dict for DBN 1
place_region_0_top_0: Received dict for DBN 3
place_region_0_top_0: Received dict for DBN 0
place_region_0_top_0: Sampling transitions and computing reward
place_region_0_top_0: Building transition/reward matrices
place_region_0_left_0: Identifying enabled states...
place_region_0_left_0: Splitting up datasets...
place_region_0_left_0: Learning DBNS...
place_region_0_left_0: Building transition dicts for each DBN
place_region_0_left_0: Starting process for DBN 0
place_region_0_left_0: Starting process for DBN 1
place_region_0_left_0: Starting process for DBN 2
place_region_0_left_0: Starting process for DBN 3
place_region_0_left_0: Received dict for DBN 0
place_region_0_left_0: Received dict for DBN 1
place_region_0_left_0: Received dict for DBN 2
place_region_0_left_0: Received dict for DBN 3
place_region_0_left_0: Sampling transitions and computing reward
place_region_0_left_0: Building transition/reward matrices
place_region_0_right_0: Identifying enabled states...
place_region_0_right_0: Splitting up datasets...
place_region_0_right_0: Learning DBNS...
place_region_0_right_0: Building transition dicts for each DBN
place_region_0_right_0: Starting process for DBN 0
place_region_0_right_0: Starting process for DBN 1
place_region_0_right_0: Starting process for DBN 2
place_region_0_right_0: Starting process for DBN 3
place_region_0_right_0: Received dict for DBN 0
place_region_0_right_0: Received dict for DBN 1
place_region_0_right_0: Received dict for DBN 2
place_region_0_right_0: Received dict for DBN 3
place_region_0_right_0: Sampling transitions and computing reward
place_region_0_right_0: Building transition/reward matrices
place_region_0_front_270: Identifying enabled states...
place_region_0_front_270: Splitting up datasets...
place_region_0_front_270: Learning DBNS...
place_region_0_front_270: Building transition dicts for each DBN
place_region_0_front_270: Starting process for DBN 0
place_region_0_front_270: Starting process for DBN 1
place_region_0_front_270: Starting process for DBN 2
place_region_0_front_270: Starting process for DBN 3
place_region_0_front_270: Received dict for DBN 0
place_region_0_front_270: Received dict for DBN 1
place_region_0_front_270: Received dict for DBN 2
place_region_0_front_270: Received dict for DBN 3
place_region_0_front_270: Sampling transitions and computing reward
place_region_0_front_270: Building transition/reward matrices
place_region_1_top_0: Identifying enabled states...
place_region_1_top_0: Splitting up datasets...
place_region_1_top_0: Learning DBNS...
place_region_1_top_0: Building transition dicts for each DBN
place_region_1_top_0: Starting process for DBN 0
place_region_1_top_0: Starting process for DBN 1
place_region_1_top_0: Starting process for DBN 2
place_region_1_top_0: Starting process for DBN 3
place_region_1_top_0: Received dict for DBN 1
place_region_1_top_0: Received dict for DBN 0
place_region_1_top_0: Received dict for DBN 2
place_region_1_top_0: Received dict for DBN 3
place_region_1_top_0: Sampling transitions and computing reward
place_region_1_top_0: Building transition/reward matrices
place_region_1_left_0: Identifying enabled states...
place_region_1_left_0: Splitting up datasets...
place_region_1_left_0: Learning DBNS...
place_region_1_left_0: Building transition dicts for each DBN
place_region_1_left_0: Starting process for DBN 0
place_region_1_left_0: Starting process for DBN 1
place_region_1_left_0: Starting process for DBN 2
place_region_1_left_0: Starting process for DBN 3
place_region_1_left_0: Received dict for DBN 0
place_region_1_left_0: Received dict for DBN 1
place_region_1_left_0: Received dict for DBN 2
place_region_1_left_0: Received dict for DBN 3
place_region_1_left_0: Sampling transitions and computing reward
place_region_1_left_0: Building transition/reward matrices
place_region_1_right_0: Identifying enabled states...
place_region_1_right_0: Splitting up datasets...
place_region_1_right_0: Learning DBNS...
place_region_1_right_0: Building transition dicts for each DBN
place_region_1_right_0: Starting process for DBN 0
place_region_1_right_0: Starting process for DBN 1
place_region_1_right_0: Starting process for DBN 2
place_region_1_right_0: Starting process for DBN 3
place_region_1_right_0: Received dict for DBN 1
place_region_1_right_0: Received dict for DBN 0
place_region_1_right_0: Received dict for DBN 2
place_region_1_right_0: Received dict for DBN 3
place_region_1_right_0: Sampling transitions and computing reward
place_region_1_right_0: Building transition/reward matrices
place_region_1_front_270: Identifying enabled states...
place_region_1_front_270: Splitting up datasets...
place_region_1_front_270: Learning DBNS...
place_region_1_front_270: Building transition dicts for each DBN
place_region_1_front_270: Starting process for DBN 0
place_region_1_front_270: Starting process for DBN 1
place_region_1_front_270: Starting process for DBN 2
place_region_1_front_270: Starting process for DBN 3
place_region_1_front_270: Received dict for DBN 1
place_region_1_front_270: Received dict for DBN 0
place_region_1_front_270: Received dict for DBN 2
place_region_1_front_270: Received dict for DBN 3
place_region_1_front_270: Sampling transitions and computing reward
place_region_1_front_270: Building transition/reward matrices
place_region_2_top_0: Identifying enabled states...
place_region_2_top_0: Splitting up datasets...
place_region_2_top_0: Learning DBNS...
place_region_2_top_0: Building transition dicts for each DBN
place_region_2_top_0: Starting process for DBN 0
place_region_2_top_0: Starting process for DBN 1
place_region_2_top_0: Starting process for DBN 2
place_region_2_top_0: Starting process for DBN 3
place_region_2_top_0: Received dict for DBN 0
place_region_2_top_0: Received dict for DBN 1
place_region_2_top_0: Received dict for DBN 2
place_region_2_top_0: Received dict for DBN 3
place_region_2_top_0: Sampling transitions and computing reward
place_region_2_top_0: Building transition/reward matrices
place_region_2_left_0: Identifying enabled states...
place_region_2_left_0: Splitting up datasets...
place_region_2_left_0: Learning DBNS...
place_region_2_left_0: Building transition dicts for each DBN
place_region_2_left_0: Starting process for DBN 0
place_region_2_left_0: Starting process for DBN 1
place_region_2_left_0: Starting process for DBN 2
place_region_2_left_0: Starting process for DBN 3
place_region_2_left_0: Received dict for DBN 1
place_region_2_left_0: Received dict for DBN 0
place_region_2_left_0: Received dict for DBN 2
place_region_2_left_0: Received dict for DBN 3
place_region_2_left_0: Sampling transitions and computing reward
place_region_2_left_0: Building transition/reward matrices
place_region_2_right_0: Identifying enabled states...
place_region_2_right_0: Splitting up datasets...
place_region_2_right_0: Learning DBNS...
place_region_2_right_0: Building transition dicts for each DBN
place_region_2_right_0: Starting process for DBN 0
place_region_2_right_0: Starting process for DBN 1
place_region_2_right_0: Starting process for DBN 2
place_region_2_right_0: Starting process for DBN 3
place_region_2_right_0: Received dict for DBN 0
place_region_2_right_0: Received dict for DBN 1
place_region_2_right_0: Received dict for DBN 2
place_region_2_right_0: Received dict for DBN 3
place_region_2_right_0: Sampling transitions and computing reward
place_region_2_right_0: Building transition/reward matrices
place_region_2_front_270: Identifying enabled states...
place_region_2_front_270: Splitting up datasets...
place_region_2_front_270: Learning DBNS...
place_region_2_front_270: Building transition dicts for each DBN
place_region_2_front_270: Starting process for DBN 0
place_region_2_front_270: Starting process for DBN 1
place_region_2_front_270: Starting process for DBN 2
place_region_2_front_270: Starting process for DBN 3
place_region_2_front_270: Received dict for DBN 1
place_region_2_front_270: Received dict for DBN 0
place_region_2_front_270: Received dict for DBN 2
place_region_2_front_270: Received dict for DBN 3
place_region_2_front_270: Sampling transitions and computing reward
place_region_2_front_270: Building transition/reward matrices
Building MDP...
Synthesising Policy...
Solving MDP for timestep: 29
Solving MDP for timestep: 28
Solving MDP for timestep: 27
Solving MDP for timestep: 26
Solving MDP for timestep: 25
Solving MDP for timestep: 24
Solving MDP for timestep: 23
Solving MDP for timestep: 22
Solving MDP for timestep: 21
Solving MDP for timestep: 20
Solving MDP for timestep: 19
Solving MDP for timestep: 18
Solving MDP for timestep: 17
Solving MDP for timestep: 16
Solving MDP for timestep: 15
Solving MDP for timestep: 14
Solving MDP for timestep: 13
Solving MDP for timestep: 12
Solving MDP for timestep: 11
Solving MDP for timestep: 10
Solving MDP for timestep: 9
Solving MDP for timestep: 8
Solving MDP for timestep: 7
Solving MDP for timestep: 6
Solving MDP for timestep: 5
Solving MDP for timestep: 4
Solving MDP for timestep: 3
Solving MDP for timestep: 2
Solving MDP for timestep: 1
Solving MDP for timestep: 0
Resetting the scene for new episode
Step 0
policy value 38.230350494384766
State(column0: region_2, column1: region_0, column2: region_1)
pick_column1_left_0
Action: Action(ActionType.PICK, obj=/column1, slot=None,grasp=GraspType.LEFT_0)
[EXEC] Picking /column1 with left_0

[INFO] Found 5248 potential configurations.
[INFO] Motion completed successfully with result: success,in execution time: 4.00 seconds
[INFO] Found a reachable configuration for pick action after 1 attempts.
Tip distance after pick: 0.02052378091105401
[INFO] Pick action completed successfully.in execution time: 4.00 seconds
[EXEC] Action ActionType.PICK executed in 16.62 seconds
[SUCCESS] Action ActionType.PICK succeeded for object /column1
Action duration: 4.0
[LOG] Transition logged to MongoDB: 3b45543f-1da5-4b6b-a71d-6af8c33bab70 - Episode 18
Step 1
policy value 36.830810546875
State(column0: region_2, column1: held, column2: region_1)
place_goal_2_left_0
Action: Action(ActionType.PLACE, obj=/column1, slot=/goal_2,grasp=GraspType.LEFT_0)
[EXEC] Placing at [-0.6000000000000001, 0.8250000000000003, 0.5] with grasp left_0

[INFO] Found 4288 potential configurations.
[WARN] No valid configuration found (all tested configs invalid).
[EXEC] Action ActionType.PLACE executed in 2.29 seconds
[ERROR] Action ActionType.PLACE failed for object /column1
Action duration: 0.001
[LOG] Transition logged to MongoDB: 3b45543f-1da5-4b6b-a71d-6af8c33bab70 - Episode 18
Action failed, stopping. Time elapsed: 0.001
Step 2
policy value 35.43159103393555
State(column0: region_2, column1: held, column2: region_1)
place_goal_2_left_0
Action: Action(ActionType.PLACE, obj=/column1, slot=/goal_2,grasp=GraspType.LEFT_0)
[EXEC] Placing at [-0.6000000000000001, 0.8250000000000003, 0.5] with grasp left_0

[INFO] Found 4416 potential configurations.
[WARN] No valid configuration found (all tested configs invalid).
[EXEC] Action ActionType.PLACE executed in 2.21 seconds
[ERROR] Action ActionType.PLACE failed for object /column1
Action duration: 0.001
[LOG] Transition logged to MongoDB: 3b45543f-1da5-4b6b-a71d-6af8c33bab70 - Episode 18
Action failed, stopping. Time elapsed: 0.001
Step 3
policy value 34.032772064208984
State(column0: region_2, column1: held, column2: region_1)
place_goal_2_left_0
Action: Action(ActionType.PLACE, obj=/column1, slot=/goal_2,grasp=GraspType.LEFT_0)
[EXEC] Placing at [-0.6000000000000001, 0.8250000000000003, 0.5] with grasp left_0

[INFO] Found 5312 potential configurations.
[WARN] No valid configuration found (all tested configs invalid).
[EXEC] Action ActionType.PLACE executed in 2.56 seconds
[ERROR] Action ActionType.PLACE failed for object /column1
Action duration: 0.001
[LOG] Transition logged to MongoDB: 3b45543f-1da5-4b6b-a71d-6af8c33bab70 - Episode 18
Action failed, stopping. Time elapsed: 0.001
Step 4
policy value 32.63443374633789
State(column0: region_2, column1: held, column2: region_1)
place_goal_2_left_0
Action: Action(ActionType.PLACE, obj=/column1, slot=/goal_2,grasp=GraspType.LEFT_0)
[EXEC] Placing at [-0.6000000000000001, 0.8250000000000003, 0.5] with grasp left_0

[INFO] Found 4864 potential configurations.
[WARN] No valid configuration found (all tested configs invalid).
[EXEC] Action ActionType.PLACE executed in 2.43 seconds
[ERROR] Action ActionType.PLACE failed for object /column1
Action duration: 0.001
[LOG] Transition logged to MongoDB: 3b45543f-1da5-4b6b-a71d-6af8c33bab70 - Episode 18
Action failed, stopping. Time elapsed: 0.001
Step 5
policy value 31.236682891845703
State(column0: region_2, column1: held, column2: region_1)
place_goal_2_left_0
Action: Action(ActionType.PLACE, obj=/column1, slot=/goal_2,grasp=GraspType.LEFT_0)
[EXEC] Placing at [-0.6000000000000001, 0.8250000000000003, 0.5] with grasp left_0

[INFO] Found 4224 potential configurations.
[WARN] No valid configuration found (all tested configs invalid).
[EXEC] Action ActionType.PLACE executed in 2.19 seconds
[ERROR] Action ActionType.PLACE failed for object /column1
Action duration: 0.001
[LOG] Transition logged to MongoDB: 3b45543f-1da5-4b6b-a71d-6af8c33bab70 - Episode 18
Action failed, stopping. Time elapsed: 0.001
Step 6
policy value 29.83970832824707
State(column0: region_2, column1: held, column2: region_1)
place_goal_2_left_0
Action: Action(ActionType.PLACE, obj=/column1, slot=/goal_2,grasp=GraspType.LEFT_0)
[EXEC] Placing at [-0.6000000000000001, 0.8250000000000003, 0.5] with grasp left_0

[INFO] Found 4608 potential configurations.
[WARN] No valid configuration found (all tested configs invalid).
[EXEC] Action ActionType.PLACE executed in 2.29 seconds
[ERROR] Action ActionType.PLACE failed for object /column1
Action duration: 0.001
[LOG] Transition logged to MongoDB: 3b45543f-1da5-4b6b-a71d-6af8c33bab70 - Episode 18
Action failed, stopping. Time elapsed: 0.001
Too many failures, resetting episode
Episode 11 ended
Revising policy
USING STORM: False
Reading data from MongoDB...
Total option moiton param combinations 36
Collected combinations 36
Building state to idx mapping...
Building option ensembles...
pick_column0_top_0: Identifying enabled states...
pick_column0_top_0: Splitting up datasets...
pick_column0_top_0: Learning DBNS...
pick_column0_top_0: Building transition dicts for each DBN
pick_column0_top_0: Starting process for DBN 0
pick_column0_top_0: Starting process for DBN 1
pick_column0_top_0: Starting process for DBN 2
pick_column0_top_0: Starting process for DBN 3
pick_column0_top_0: Received dict for DBN 0
pick_column0_top_0: Received dict for DBN 1
pick_column0_top_0: Received dict for DBN 2
pick_column0_top_0: Received dict for DBN 3
pick_column0_top_0: Sampling transitions and computing reward
pick_column0_top_0: Building transition/reward matrices
pick_column0_left_0: Identifying enabled states...
pick_column0_left_0: Splitting up datasets...
pick_column0_left_0: Learning DBNS...
pick_column0_left_0: Building transition dicts for each DBN
pick_column0_left_0: Starting process for DBN 0
pick_column0_left_0: Starting process for DBN 1
pick_column0_left_0: Starting process for DBN 2
pick_column0_left_0: Starting process for DBN 3
pick_column0_left_0: Received dict for DBN 0
pick_column0_left_0: Received dict for DBN 1
pick_column0_left_0: Received dict for DBN 2
pick_column0_left_0: Received dict for DBN 3
pick_column0_left_0: Sampling transitions and computing reward
pick_column0_left_0: Building transition/reward matrices
pick_column0_right_0: Identifying enabled states...
pick_column0_right_0: Splitting up datasets...
pick_column0_right_0: Learning DBNS...
pick_column0_right_0: Building transition dicts for each DBN
pick_column0_right_0: Starting process for DBN 0
pick_column0_right_0: Starting process for DBN 1
pick_column0_right_0: Starting process for DBN 2
pick_column0_right_0: Starting process for DBN 3
pick_column0_right_0: Received dict for DBN 0
pick_column0_right_0: Received dict for DBN 1
pick_column0_right_0: Received dict for DBN 2
pick_column0_right_0: Received dict for DBN 3
pick_column0_right_0: Sampling transitions and computing reward
pick_column0_right_0: Building transition/reward matrices
pick_column0_front_270: Identifying enabled states...
pick_column0_front_270: Splitting up datasets...
pick_column0_front_270: Learning DBNS...
pick_column0_front_270: Building transition dicts for each DBN
pick_column0_front_270: Starting process for DBN 0
pick_column0_front_270: Starting process for DBN 1
pick_column0_front_270: Starting process for DBN 2
pick_column0_front_270: Starting process for DBN 3
pick_column0_front_270: Received dict for DBN 1
pick_column0_front_270: Received dict for DBN 2
pick_column0_front_270: Received dict for DBN 3
pick_column0_front_270: Received dict for DBN 0
pick_column0_front_270: Sampling transitions and computing reward
pick_column0_front_270: Building transition/reward matrices
pick_column1_top_0: Identifying enabled states...
pick_column1_top_0: Splitting up datasets...
pick_column1_top_0: Learning DBNS...
pick_column1_top_0: Building transition dicts for each DBN
pick_column1_top_0: Starting process for DBN 0
pick_column1_top_0: Starting process for DBN 1
pick_column1_top_0: Starting process for DBN 2
pick_column1_top_0: Starting process for DBN 3
pick_column1_top_0: Received dict for DBN 2
pick_column1_top_0: Received dict for DBN 3
pick_column1_top_0: Received dict for DBN 1
pick_column1_top_0: Received dict for DBN 0
pick_column1_top_0: Sampling transitions and computing reward
pick_column1_top_0: Building transition/reward matrices
pick_column1_left_0: Identifying enabled states...
pick_column1_left_0: Splitting up datasets...
pick_column1_left_0: Learning DBNS...
pick_column1_left_0: Building transition dicts for each DBN
pick_column1_left_0: Starting process for DBN 0
pick_column1_left_0: Starting process for DBN 1
pick_column1_left_0: Starting process for DBN 2
pick_column1_left_0: Starting process for DBN 3
pick_column1_left_0: Received dict for DBN 0
pick_column1_left_0: Received dict for DBN 1
pick_column1_left_0: Received dict for DBN 2
pick_column1_left_0: Received dict for DBN 3
pick_column1_left_0: Sampling transitions and computing reward
pick_column1_left_0: Building transition/reward matrices
pick_column1_right_0: Identifying enabled states...
pick_column1_right_0: Splitting up datasets...
pick_column1_right_0: Learning DBNS...
pick_column1_right_0: Building transition dicts for each DBN
pick_column1_right_0: Starting process for DBN 0
pick_column1_right_0: Starting process for DBN 1
pick_column1_right_0: Starting process for DBN 2
pick_column1_right_0: Starting process for DBN 3
pick_column1_right_0: Received dict for DBN 0
pick_column1_right_0: Received dict for DBN 1
pick_column1_right_0: Received dict for DBN 2
pick_column1_right_0: Received dict for DBN 3
pick_column1_right_0: Sampling transitions and computing reward
pick_column1_right_0: Building transition/reward matrices
pick_column1_front_270: Identifying enabled states...
pick_column1_front_270: Splitting up datasets...
pick_column1_front_270: Learning DBNS...
pick_column1_front_270: Building transition dicts for each DBN
pick_column1_front_270: Starting process for DBN 0
pick_column1_front_270: Starting process for DBN 1
pick_column1_front_270: Starting process for DBN 2
pick_column1_front_270: Starting process for DBN 3
pick_column1_front_270: Received dict for DBN 1
pick_column1_front_270: Received dict for DBN 0
pick_column1_front_270: Received dict for DBN 2
pick_column1_front_270: Received dict for DBN 3
pick_column1_front_270: Sampling transitions and computing reward
pick_column1_front_270: Building transition/reward matrices
pick_column2_top_0: Identifying enabled states...
pick_column2_top_0: Splitting up datasets...
pick_column2_top_0: Learning DBNS...
pick_column2_top_0: Building transition dicts for each DBN
pick_column2_top_0: Starting process for DBN 0
pick_column2_top_0: Starting process for DBN 1
pick_column2_top_0: Starting process for DBN 2
pick_column2_top_0: Starting process for DBN 3
pick_column2_top_0: Received dict for DBN 0
pick_column2_top_0: Received dict for DBN 1
pick_column2_top_0: Received dict for DBN 2
pick_column2_top_0: Received dict for DBN 3
pick_column2_top_0: Sampling transitions and computing reward
pick_column2_top_0: Building transition/reward matrices
pick_column2_left_0: Identifying enabled states...
pick_column2_left_0: Splitting up datasets...
pick_column2_left_0: Learning DBNS...
pick_column2_left_0: Building transition dicts for each DBN
pick_column2_left_0: Starting process for DBN 0
pick_column2_left_0: Starting process for DBN 1
pick_column2_left_0: Starting process for DBN 2
pick_column2_left_0: Starting process for DBN 3
pick_column2_left_0: Received dict for DBN 0
pick_column2_left_0: Received dict for DBN 1
pick_column2_left_0: Received dict for DBN 2
pick_column2_left_0: Received dict for DBN 3
pick_column2_left_0: Sampling transitions and computing reward
pick_column2_left_0: Building transition/reward matrices
pick_column2_right_0: Identifying enabled states...
pick_column2_right_0: Splitting up datasets...
pick_column2_right_0: Learning DBNS...
pick_column2_right_0: Building transition dicts for each DBN
pick_column2_right_0: Starting process for DBN 0
pick_column2_right_0: Starting process for DBN 1
pick_column2_right_0: Starting process for DBN 2
pick_column2_right_0: Starting process for DBN 3
pick_column2_right_0: Received dict for DBN 0
pick_column2_right_0: Received dict for DBN 1
pick_column2_right_0: Received dict for DBN 2
pick_column2_right_0: Received dict for DBN 3
pick_column2_right_0: Sampling transitions and computing reward
pick_column2_right_0: Building transition/reward matrices
pick_column2_front_270: Identifying enabled states...
pick_column2_front_270: Splitting up datasets...
pick_column2_front_270: Learning DBNS...
pick_column2_front_270: Building transition dicts for each DBN
pick_column2_front_270: Starting process for DBN 0
pick_column2_front_270: Starting process for DBN 1
pick_column2_front_270: Starting process for DBN 2
pick_column2_front_270: Starting process for DBN 3
pick_column2_front_270: Received dict for DBN 0
pick_column2_front_270: Received dict for DBN 1
pick_column2_front_270: Received dict for DBN 2
pick_column2_front_270: Received dict for DBN 3
pick_column2_front_270: Sampling transitions and computing reward
pick_column2_front_270: Building transition/reward matrices
place_goal_0_top_0: Identifying enabled states...
place_goal_0_top_0: Splitting up datasets...
place_goal_0_top_0: Learning DBNS...
place_goal_0_top_0: Building transition dicts for each DBN
place_goal_0_top_0: Starting process for DBN 0
place_goal_0_top_0: Starting process for DBN 1
place_goal_0_top_0: Starting process for DBN 2
place_goal_0_top_0: Starting process for DBN 3
place_goal_0_top_0: Received dict for DBN 0
place_goal_0_top_0: Received dict for DBN 1
place_goal_0_top_0: Received dict for DBN 3
place_goal_0_top_0: Received dict for DBN 2
place_goal_0_top_0: Sampling transitions and computing reward
place_goal_0_top_0: Building transition/reward matrices
place_goal_0_left_0: Identifying enabled states...
place_goal_0_left_0: Splitting up datasets...
place_goal_0_left_0: Learning DBNS...
place_goal_0_left_0: Building transition dicts for each DBN
place_goal_0_left_0: Starting process for DBN 0
place_goal_0_left_0: Starting process for DBN 1
place_goal_0_left_0: Starting process for DBN 2
place_goal_0_left_0: Starting process for DBN 3
place_goal_0_left_0: Received dict for DBN 0
place_goal_0_left_0: Received dict for DBN 1
place_goal_0_left_0: Received dict for DBN 2
place_goal_0_left_0: Received dict for DBN 3
place_goal_0_left_0: Sampling transitions and computing reward
place_goal_0_left_0: Building transition/reward matrices
place_goal_0_right_0: Identifying enabled states...
place_goal_0_right_0: Splitting up datasets...
place_goal_0_right_0: Learning DBNS...
place_goal_0_right_0: Building transition dicts for each DBN
place_goal_0_right_0: Starting process for DBN 0
place_goal_0_right_0: Starting process for DBN 1
place_goal_0_right_0: Starting process for DBN 2
place_goal_0_right_0: Starting process for DBN 3
place_goal_0_right_0: Received dict for DBN 0
place_goal_0_right_0: Received dict for DBN 1
place_goal_0_right_0: Received dict for DBN 2
place_goal_0_right_0: Received dict for DBN 3
place_goal_0_right_0: Sampling transitions and computing reward
place_goal_0_right_0: Building transition/reward matrices
place_goal_0_front_270: Identifying enabled states...
place_goal_0_front_270: Splitting up datasets...
place_goal_0_front_270: Learning DBNS...
place_goal_0_front_270: Building transition dicts for each DBN
place_goal_0_front_270: Starting process for DBN 0
place_goal_0_front_270: Starting process for DBN 1
place_goal_0_front_270: Starting process for DBN 2
place_goal_0_front_270: Starting process for DBN 3
place_goal_0_front_270: Received dict for DBN 0
place_goal_0_front_270: Received dict for DBN 1
place_goal_0_front_270: Received dict for DBN 2
place_goal_0_front_270: Received dict for DBN 3
place_goal_0_front_270: Sampling transitions and computing reward
place_goal_0_front_270: Building transition/reward matrices
place_goal_1_top_0: Identifying enabled states...
place_goal_1_top_0: Splitting up datasets...
place_goal_1_top_0: Learning DBNS...
place_goal_1_top_0: Building transition dicts for each DBN
place_goal_1_top_0: Starting process for DBN 0
place_goal_1_top_0: Starting process for DBN 1
place_goal_1_top_0: Starting process for DBN 2
place_goal_1_top_0: Starting process for DBN 3
place_goal_1_top_0: Received dict for DBN 0
place_goal_1_top_0: Received dict for DBN 1
place_goal_1_top_0: Received dict for DBN 2
place_goal_1_top_0: Received dict for DBN 3
place_goal_1_top_0: Sampling transitions and computing reward
place_goal_1_top_0: Building transition/reward matrices
place_goal_1_left_0: Identifying enabled states...
place_goal_1_left_0: Splitting up datasets...
place_goal_1_left_0: Learning DBNS...
place_goal_1_left_0: Building transition dicts for each DBN
place_goal_1_left_0: Starting process for DBN 0
place_goal_1_left_0: Starting process for DBN 1
place_goal_1_left_0: Starting process for DBN 2
place_goal_1_left_0: Starting process for DBN 3
place_goal_1_left_0: Received dict for DBN 0
place_goal_1_left_0: Received dict for DBN 1
place_goal_1_left_0: Received dict for DBN 2
place_goal_1_left_0: Received dict for DBN 3
place_goal_1_left_0: Sampling transitions and computing reward
place_goal_1_left_0: Building transition/reward matrices
place_goal_1_right_0: Identifying enabled states...
place_goal_1_right_0: Splitting up datasets...
place_goal_1_right_0: Learning DBNS...
place_goal_1_right_0: Building transition dicts for each DBN
place_goal_1_right_0: Starting process for DBN 0
place_goal_1_right_0: Starting process for DBN 1
place_goal_1_right_0: Starting process for DBN 2
place_goal_1_right_0: Starting process for DBN 3
place_goal_1_right_0: Received dict for DBN 0
place_goal_1_right_0: Received dict for DBN 1
place_goal_1_right_0: Received dict for DBN 2
place_goal_1_right_0: Received dict for DBN 3
place_goal_1_right_0: Sampling transitions and computing reward
place_goal_1_right_0: Building transition/reward matrices
place_goal_1_front_270: Identifying enabled states...
place_goal_1_front_270: Splitting up datasets...
place_goal_1_front_270: Learning DBNS...
place_goal_1_front_270: Building transition dicts for each DBN
place_goal_1_front_270: Starting process for DBN 0
place_goal_1_front_270: Starting process for DBN 1
place_goal_1_front_270: Starting process for DBN 2
place_goal_1_front_270: Starting process for DBN 3
place_goal_1_front_270: Received dict for DBN 1
place_goal_1_front_270: Received dict for DBN 0
place_goal_1_front_270: Received dict for DBN 2
place_goal_1_front_270: Received dict for DBN 3
place_goal_1_front_270: Sampling transitions and computing reward
place_goal_1_front_270: Building transition/reward matrices
place_goal_2_top_0: Identifying enabled states...
place_goal_2_top_0: Splitting up datasets...
place_goal_2_top_0: Learning DBNS...
place_goal_2_top_0: Building transition dicts for each DBN
place_goal_2_top_0: Starting process for DBN 0
place_goal_2_top_0: Starting process for DBN 1
place_goal_2_top_0: Starting process for DBN 2
place_goal_2_top_0: Starting process for DBN 3
place_goal_2_top_0: Received dict for DBN 0
place_goal_2_top_0: Received dict for DBN 1
place_goal_2_top_0: Received dict for DBN 2
place_goal_2_top_0: Received dict for DBN 3
place_goal_2_top_0: Sampling transitions and computing reward
place_goal_2_top_0: Building transition/reward matrices
place_goal_2_left_0: Identifying enabled states...
place_goal_2_left_0: Splitting up datasets...
place_goal_2_left_0: Learning DBNS...
place_goal_2_left_0: Building transition dicts for each DBN
place_goal_2_left_0: Starting process for DBN 0
place_goal_2_left_0: Starting process for DBN 1
place_goal_2_left_0: Starting process for DBN 2
place_goal_2_left_0: Starting process for DBN 3
place_goal_2_left_0: Received dict for DBN 0
place_goal_2_left_0: Received dict for DBN 1
place_goal_2_left_0: Received dict for DBN 2
place_goal_2_left_0: Received dict for DBN 3
place_goal_2_left_0: Sampling transitions and computing reward
place_goal_2_left_0: Building transition/reward matrices
place_goal_2_right_0: Identifying enabled states...
place_goal_2_right_0: Splitting up datasets...
place_goal_2_right_0: Learning DBNS...
place_goal_2_right_0: Building transition dicts for each DBN
place_goal_2_right_0: Starting process for DBN 0
place_goal_2_right_0: Starting process for DBN 1
place_goal_2_right_0: Starting process for DBN 2
place_goal_2_right_0: Starting process for DBN 3
place_goal_2_right_0: Received dict for DBN 0
place_goal_2_right_0: Received dict for DBN 3
place_goal_2_right_0: Received dict for DBN 1
place_goal_2_right_0: Received dict for DBN 2
place_goal_2_right_0: Sampling transitions and computing reward
place_goal_2_right_0: Building transition/reward matrices
place_goal_2_front_270: Identifying enabled states...
place_goal_2_front_270: Splitting up datasets...
place_goal_2_front_270: Learning DBNS...
place_goal_2_front_270: Building transition dicts for each DBN
place_goal_2_front_270: Starting process for DBN 0
place_goal_2_front_270: Starting process for DBN 1
place_goal_2_front_270: Starting process for DBN 2
place_goal_2_front_270: Starting process for DBN 3
place_goal_2_front_270: Received dict for DBN 1
place_goal_2_front_270: Received dict for DBN 0
place_goal_2_front_270: Received dict for DBN 2
place_goal_2_front_270: Received dict for DBN 3
place_goal_2_front_270: Sampling transitions and computing reward
place_goal_2_front_270: Building transition/reward matrices
place_region_0_top_0: Identifying enabled states...
place_region_0_top_0: Splitting up datasets...
place_region_0_top_0: Learning DBNS...
place_region_0_top_0: Building transition dicts for each DBN
place_region_0_top_0: Starting process for DBN 0
place_region_0_top_0: Starting process for DBN 1
place_region_0_top_0: Starting process for DBN 2
place_region_0_top_0: Starting process for DBN 3
place_region_0_top_0: Received dict for DBN 0
place_region_0_top_0: Received dict for DBN 2
place_region_0_top_0: Received dict for DBN 3
place_region_0_top_0: Received dict for DBN 1
place_region_0_top_0: Sampling transitions and computing reward
place_region_0_top_0: Building transition/reward matrices
place_region_0_left_0: Identifying enabled states...
place_region_0_left_0: Splitting up datasets...
place_region_0_left_0: Learning DBNS...
place_region_0_left_0: Building transition dicts for each DBN
place_region_0_left_0: Starting process for DBN 0
place_region_0_left_0: Starting process for DBN 1
place_region_0_left_0: Starting process for DBN 2
place_region_0_left_0: Starting process for DBN 3
place_region_0_left_0: Received dict for DBN 0
place_region_0_left_0: Received dict for DBN 1
place_region_0_left_0: Received dict for DBN 2
place_region_0_left_0: Received dict for DBN 3
place_region_0_left_0: Sampling transitions and computing reward
place_region_0_left_0: Building transition/reward matrices
place_region_0_right_0: Identifying enabled states...
place_region_0_right_0: Splitting up datasets...
place_region_0_right_0: Learning DBNS...
place_region_0_right_0: Building transition dicts for each DBN
place_region_0_right_0: Starting process for DBN 0
place_region_0_right_0: Starting process for DBN 1
place_region_0_right_0: Starting process for DBN 2
place_region_0_right_0: Starting process for DBN 3
place_region_0_right_0: Received dict for DBN 0
place_region_0_right_0: Received dict for DBN 1
place_region_0_right_0: Received dict for DBN 2
place_region_0_right_0: Received dict for DBN 3
place_region_0_right_0: Sampling transitions and computing reward
place_region_0_right_0: Building transition/reward matrices
place_region_0_front_270: Identifying enabled states...
place_region_0_front_270: Splitting up datasets...
place_region_0_front_270: Learning DBNS...
place_region_0_front_270: Building transition dicts for each DBN
place_region_0_front_270: Starting process for DBN 0
place_region_0_front_270: Starting process for DBN 1
place_region_0_front_270: Starting process for DBN 2
place_region_0_front_270: Starting process for DBN 3
place_region_0_front_270: Received dict for DBN 1
place_region_0_front_270: Received dict for DBN 0
place_region_0_front_270: Received dict for DBN 2
place_region_0_front_270: Received dict for DBN 3
place_region_0_front_270: Sampling transitions and computing reward
place_region_0_front_270: Building transition/reward matrices
place_region_1_top_0: Identifying enabled states...
place_region_1_top_0: Splitting up datasets...
place_region_1_top_0: Learning DBNS...
place_region_1_top_0: Building transition dicts for each DBN
place_region_1_top_0: Starting process for DBN 0
place_region_1_top_0: Starting process for DBN 1
place_region_1_top_0: Starting process for DBN 2
place_region_1_top_0: Starting process for DBN 3
place_region_1_top_0: Received dict for DBN 1
place_region_1_top_0: Received dict for DBN 0
place_region_1_top_0: Received dict for DBN 2
place_region_1_top_0: Received dict for DBN 3
place_region_1_top_0: Sampling transitions and computing reward
place_region_1_top_0: Building transition/reward matrices
place_region_1_left_0: Identifying enabled states...
place_region_1_left_0: Splitting up datasets...
place_region_1_left_0: Learning DBNS...
place_region_1_left_0: Building transition dicts for each DBN
place_region_1_left_0: Starting process for DBN 0
place_region_1_left_0: Starting process for DBN 1
place_region_1_left_0: Starting process for DBN 2
place_region_1_left_0: Starting process for DBN 3
place_region_1_left_0: Received dict for DBN 1
place_region_1_left_0: Received dict for DBN 0
place_region_1_left_0: Received dict for DBN 2
place_region_1_left_0: Received dict for DBN 3
place_region_1_left_0: Sampling transitions and computing reward
place_region_1_left_0: Building transition/reward matrices
place_region_1_right_0: Identifying enabled states...
place_region_1_right_0: Splitting up datasets...
place_region_1_right_0: Learning DBNS...
place_region_1_right_0: Building transition dicts for each DBN
place_region_1_right_0: Starting process for DBN 0
place_region_1_right_0: Starting process for DBN 1
place_region_1_right_0: Starting process for DBN 2
place_region_1_right_0: Starting process for DBN 3
place_region_1_right_0: Received dict for DBN 1
place_region_1_right_0: Received dict for DBN 0
place_region_1_right_0: Received dict for DBN 2
place_region_1_right_0: Received dict for DBN 3
place_region_1_right_0: Sampling transitions and computing reward
place_region_1_right_0: Building transition/reward matrices
place_region_1_front_270: Identifying enabled states...
place_region_1_front_270: Splitting up datasets...
place_region_1_front_270: Learning DBNS...
place_region_1_front_270: Building transition dicts for each DBN
place_region_1_front_270: Starting process for DBN 0
place_region_1_front_270: Starting process for DBN 1
place_region_1_front_270: Starting process for DBN 2
place_region_1_front_270: Starting process for DBN 3
place_region_1_front_270: Received dict for DBN 1
place_region_1_front_270: Received dict for DBN 0
place_region_1_front_270: Received dict for DBN 2
place_region_1_front_270: Received dict for DBN 3
place_region_1_front_270: Sampling transitions and computing reward
place_region_1_front_270: Building transition/reward matrices
place_region_2_top_0: Identifying enabled states...
place_region_2_top_0: Splitting up datasets...
place_region_2_top_0: Learning DBNS...
place_region_2_top_0: Building transition dicts for each DBN
place_region_2_top_0: Starting process for DBN 0
place_region_2_top_0: Starting process for DBN 1
place_region_2_top_0: Starting process for DBN 2
place_region_2_top_0: Starting process for DBN 3
place_region_2_top_0: Received dict for DBN 0
place_region_2_top_0: Received dict for DBN 1
place_region_2_top_0: Received dict for DBN 2
place_region_2_top_0: Received dict for DBN 3
place_region_2_top_0: Sampling transitions and computing reward
place_region_2_top_0: Building transition/reward matrices
place_region_2_left_0: Identifying enabled states...
place_region_2_left_0: Splitting up datasets...
place_region_2_left_0: Learning DBNS...
place_region_2_left_0: Building transition dicts for each DBN
place_region_2_left_0: Starting process for DBN 0
place_region_2_left_0: Starting process for DBN 1
place_region_2_left_0: Starting process for DBN 2
place_region_2_left_0: Starting process for DBN 3
place_region_2_left_0: Received dict for DBN 1
place_region_2_left_0: Received dict for DBN 0
place_region_2_left_0: Received dict for DBN 2
place_region_2_left_0: Received dict for DBN 3
place_region_2_left_0: Sampling transitions and computing reward
place_region_2_left_0: Building transition/reward matrices
place_region_2_right_0: Identifying enabled states...
place_region_2_right_0: Splitting up datasets...
place_region_2_right_0: Learning DBNS...
place_region_2_right_0: Building transition dicts for each DBN
place_region_2_right_0: Starting process for DBN 0
place_region_2_right_0: Starting process for DBN 1
place_region_2_right_0: Starting process for DBN 2
place_region_2_right_0: Starting process for DBN 3
place_region_2_right_0: Received dict for DBN 0
place_region_2_right_0: Received dict for DBN 1
place_region_2_right_0: Received dict for DBN 2
place_region_2_right_0: Received dict for DBN 3
place_region_2_right_0: Sampling transitions and computing reward
place_region_2_right_0: Building transition/reward matrices
place_region_2_front_270: Identifying enabled states...
place_region_2_front_270: Splitting up datasets...
place_region_2_front_270: Learning DBNS...
place_region_2_front_270: Building transition dicts for each DBN
place_region_2_front_270: Starting process for DBN 0
place_region_2_front_270: Starting process for DBN 1
place_region_2_front_270: Starting process for DBN 2
place_region_2_front_270: Starting process for DBN 3
place_region_2_front_270: Received dict for DBN 0
place_region_2_front_270: Received dict for DBN 1
place_region_2_front_270: Received dict for DBN 2
place_region_2_front_270: Received dict for DBN 3
place_region_2_front_270: Sampling transitions and computing reward
place_region_2_front_270: Building transition/reward matrices
Building MDP...
Synthesising Policy...
Solving MDP for timestep: 29
Solving MDP for timestep: 28
Solving MDP for timestep: 27
Solving MDP for timestep: 26
Solving MDP for timestep: 25
Solving MDP for timestep: 24
Solving MDP for timestep: 23
Solving MDP for timestep: 22
Solving MDP for timestep: 21
Solving MDP for timestep: 20
Solving MDP for timestep: 19
Solving MDP for timestep: 18
Solving MDP for timestep: 17
Solving MDP for timestep: 16
Solving MDP for timestep: 15
Solving MDP for timestep: 14
Solving MDP for timestep: 13
Solving MDP for timestep: 12
Solving MDP for timestep: 11
Solving MDP for timestep: 10
Solving MDP for timestep: 9
Solving MDP for timestep: 8
Solving MDP for timestep: 7
Solving MDP for timestep: 6
Solving MDP for timestep: 5
Solving MDP for timestep: 4
Solving MDP for timestep: 3
Solving MDP for timestep: 2
Solving MDP for timestep: 1
Solving MDP for timestep: 0
Resetting the scene for new episode
Step 0
policy value 44.4233283996582
State(column0: region_1, column1: region_0, column2: region_2)
pick_column1_left_0
Action: Action(ActionType.PICK, obj=/column1, slot=None,grasp=GraspType.LEFT_0)
[EXEC] Picking /column1 with left_0

[INFO] Found 6400 potential configurations.
[INFO] Motion completed successfully with result: success,in execution time: 4.00 seconds
[INFO] Found a reachable configuration for pick action after 1 attempts.
Tip distance after pick: 0.020857434343864445
[INFO] Pick action completed successfully.in execution time: 4.00 seconds
[EXEC] Action ActionType.PICK executed in 10.48 seconds
[SUCCESS] Action ActionType.PICK succeeded for object /column1
Action duration: 4.0
[LOG] Transition logged to MongoDB: 3b45543f-1da5-4b6b-a71d-6af8c33bab70 - Episode 18
Step 1
policy value 42.352989196777344
State(column0: region_1, column1: held, column2: region_2)
place_region_0_top_0
Action: Action(ActionType.PLACE, obj=/column1, slot=/region_0,grasp=GraspType.TOP_0)
[EXEC] Placing at [0.35, 0.8, 0.521] with grasp top_0

[INFO] Found 8832 potential configurations.
[ERROR] Motion failed (collision or invalid path)
[ERROR] Motion result: collision
[WARN] Failed to find a path to the selected place config on attempt 1.
[WARN] No path found to selected place config, discarding and trying next valid config...
[ERROR] Motion failed (collision or invalid path)
[ERROR] Motion result: collision
[WARN] Failed to find a path to the selected place config on attempt 2.
[WARN] No path found to selected place config, discarding and trying next valid config...
[ERROR] Motion failed (collision or invalid path)
[ERROR] Motion result: collision
[WARN] Failed to find a path to the selected place config on attempt 3.
[WARN] No path found to selected place config, discarding and trying next valid config...
[ERROR] Max IK attempts reached, place action failed.
[EXEC] Action ActionType.PLACE executed in 28.22 seconds
[ERROR] Action ActionType.PLACE failed for object /column1
Action duration: 0.001
[LOG] Transition logged to MongoDB: 3b45543f-1da5-4b6b-a71d-6af8c33bab70 - Episode 18
Action failed, stopping. Time elapsed: 0.001
Step 2
policy value 40.872257232666016
State(column0: region_1, column1: held, column2: region_2)
place_region_0_top_0
Action: Action(ActionType.PLACE, obj=/column1, slot=/region_0,grasp=GraspType.TOP_0)
[EXEC] Placing at [0.35, 0.8, 0.521] with grasp top_0

[INFO] Found 9216 potential configurations.
[ERROR] Motion failed (collision or invalid path)
[ERROR] Motion result: collision
[WARN] Failed to find a path to the selected place config on attempt 1.
[WARN] No path found to selected place config, discarding and trying next valid config...
[ERROR] Motion failed (collision or invalid path)
[ERROR] Motion result: collision
[WARN] Failed to find a path to the selected place config on attempt 2.
[WARN] No path found to selected place config, discarding and trying next valid config...
[ERROR] Motion failed (collision or invalid path)
[ERROR] Motion result: collision
[WARN] Failed to find a path to the selected place config on attempt 3.
[WARN] No path found to selected place config, discarding and trying next valid config...
[ERROR] Max IK attempts reached, place action failed.
[EXEC] Action ActionType.PLACE executed in 34.38 seconds
[ERROR] Action ActionType.PLACE failed for object /column1
Action duration: 0.001
[LOG] Transition logged to MongoDB: 3b45543f-1da5-4b6b-a71d-6af8c33bab70 - Episode 18
Action failed, stopping. Time elapsed: 0.001
Step 3
policy value 39.39152526855469
State(column0: region_1, column1: held, column2: region_2)
place_region_0_top_0
Action: Action(ActionType.PLACE, obj=/column1, slot=/region_0,grasp=GraspType.TOP_0)
[EXEC] Placing at [0.35, 0.8, 0.521] with grasp top_0

[INFO] Found 8128 potential configurations.
[ERROR] Motion failed (collision or invalid path)
[ERROR] Motion result: collision
[WARN] Failed to find a path to the selected place config on attempt 1.
[WARN] No path found to selected place config, discarding and trying next valid config...
[ERROR] Motion failed (collision or invalid path)
[ERROR] Motion result: collision
[WARN] Failed to find a path to the selected place config on attempt 2.
[WARN] No path found to selected place config, discarding and trying next valid config...
[ERROR] Motion failed (collision or invalid path)
[ERROR] Motion result: collision
[WARN] Failed to find a path to the selected place config on attempt 3.
[WARN] No path found to selected place config, discarding and trying next valid config...
[ERROR] Max IK attempts reached, place action failed.
[EXEC] Action ActionType.PLACE executed in 15.15 seconds
[ERROR] Action ActionType.PLACE failed for object /column1
Action duration: 0.001
[LOG] Transition logged to MongoDB: 3b45543f-1da5-4b6b-a71d-6af8c33bab70 - Episode 18
Action failed, stopping. Time elapsed: 0.001
Step 4
policy value 37.910804748535156
State(column0: region_1, column1: held, column2: region_2)
place_region_0_top_0
Action: Action(ActionType.PLACE, obj=/column1, slot=/region_0,grasp=GraspType.TOP_0)
[EXEC] Placing at [0.35, 0.8, 0.521] with grasp top_0

[INFO] Found 7808 potential configurations.
[ERROR] Motion failed (collision or invalid path)
[ERROR] Motion result: collision
[WARN] Failed to find a path to the selected place config on attempt 1.
[WARN] No path found to selected place config, discarding and trying next valid config...
[ERROR] Motion failed (collision or invalid path)
[ERROR] Motion result: collision
[WARN] Failed to find a path to the selected place config on attempt 2.
[WARN] No path found to selected place config, discarding and trying next valid config...
[ERROR] Motion failed (collision or invalid path)
[ERROR] Motion result: collision
[WARN] Failed to find a path to the selected place config on attempt 3.
[WARN] No path found to selected place config, discarding and trying next valid config...
[ERROR] Max IK attempts reached, place action failed.
[EXEC] Action ActionType.PLACE executed in 25.25 seconds
[ERROR] Action ActionType.PLACE failed for object /column1
Action duration: 0.001
[LOG] Transition logged to MongoDB: 3b45543f-1da5-4b6b-a71d-6af8c33bab70 - Episode 18
Action failed, stopping. Time elapsed: 0.001
Step 5
policy value 36.430084228515625
State(column0: region_1, column1: held, column2: region_2)
place_region_0_top_0
Action: Action(ActionType.PLACE, obj=/column1, slot=/region_0,grasp=GraspType.TOP_0)
[EXEC] Placing at [0.35, 0.8, 0.521] with grasp top_0

[INFO] Found 8832 potential configurations.
[ERROR] Motion failed (collision or invalid path)
[ERROR] Motion result: collision
[WARN] Failed to find a path to the selected place config on attempt 1.
[WARN] No path found to selected place config, discarding and trying next valid config...
[ERROR] Motion failed (collision or invalid path)
[ERROR] Motion result: collision
[WARN] Failed to find a path to the selected place config on attempt 2.
[WARN] No path found to selected place config, discarding and trying next valid config...
[ERROR] Motion failed (collision or invalid path)
[ERROR] Motion result: collision
[WARN] Failed to find a path to the selected place config on attempt 3.
[WARN] No path found to selected place config, discarding and trying next valid config...
[ERROR] Max IK attempts reached, place action failed.
[EXEC] Action ActionType.PLACE executed in 24.98 seconds
[ERROR] Action ActionType.PLACE failed for object /column1
Action duration: 0.001
[LOG] Transition logged to MongoDB: 3b45543f-1da5-4b6b-a71d-6af8c33bab70 - Episode 18
Action failed, stopping. Time elapsed: 0.001
Step 6
policy value 34.94938278198242
State(column0: region_1, column1: held, column2: region_2)
place_region_0_top_0
Action: Action(ActionType.PLACE, obj=/column1, slot=/region_0,grasp=GraspType.TOP_0)
[EXEC] Placing at [0.35, 0.8, 0.521] with grasp top_0

[INFO] Found 8704 potential configurations.
[ERROR] Motion failed (collision or invalid path)
[ERROR] Motion result: collision
[WARN] Failed to find a path to the selected place config on attempt 1.
[WARN] No path found to selected place config, discarding and trying next valid config...
[ERROR] Motion failed (collision or invalid path)
[ERROR] Motion result: collision
[WARN] Failed to find a path to the selected place config on attempt 2.
[WARN] No path found to selected place config, discarding and trying next valid config...
[ERROR] Motion failed (collision or invalid path)
[ERROR] Motion result: collision
[WARN] Failed to find a path to the selected place config on attempt 3.
[WARN] No path found to selected place config, discarding and trying next valid config...
[ERROR] Max IK attempts reached, place action failed.
[EXEC] Action ActionType.PLACE executed in 23.60 seconds
[ERROR] Action ActionType.PLACE failed for object /column1
Action duration: 0.001
[LOG] Transition logged to MongoDB: 3b45543f-1da5-4b6b-a71d-6af8c33bab70 - Episode 18
Action failed, stopping. Time elapsed: 0.001
Too many failures, resetting episode
Episode 12 ended
Revising policy
USING STORM: False
Reading data from MongoDB...
Total option moiton param combinations 36
Collected combinations 36
Building state to idx mapping...
Building option ensembles...
pick_column0_top_0: Identifying enabled states...
pick_column0_top_0: Splitting up datasets...
pick_column0_top_0: Learning DBNS...
pick_column0_top_0: Building transition dicts for each DBN
pick_column0_top_0: Starting process for DBN 0
pick_column0_top_0: Starting process for DBN 1
pick_column0_top_0: Starting process for DBN 2
pick_column0_top_0: Starting process for DBN 3
pick_column0_top_0: Received dict for DBN 0
pick_column0_top_0: Received dict for DBN 1
pick_column0_top_0: Received dict for DBN 2
pick_column0_top_0: Received dict for DBN 3
pick_column0_top_0: Sampling transitions and computing reward
pick_column0_top_0: Building transition/reward matrices
pick_column0_left_0: Identifying enabled states...
pick_column0_left_0: Splitting up datasets...
pick_column0_left_0: Learning DBNS...
pick_column0_left_0: Building transition dicts for each DBN
pick_column0_left_0: Starting process for DBN 0
pick_column0_left_0: Starting process for DBN 1
pick_column0_left_0: Starting process for DBN 2
pick_column0_left_0: Starting process for DBN 3
pick_column0_left_0: Received dict for DBN 0
pick_column0_left_0: Received dict for DBN 1
pick_column0_left_0: Received dict for DBN 2
pick_column0_left_0: Received dict for DBN 3
pick_column0_left_0: Sampling transitions and computing reward
pick_column0_left_0: Building transition/reward matrices
pick_column0_right_0: Identifying enabled states...
pick_column0_right_0: Splitting up datasets...
pick_column0_right_0: Learning DBNS...
pick_column0_right_0: Building transition dicts for each DBN
pick_column0_right_0: Starting process for DBN 0
pick_column0_right_0: Starting process for DBN 1
pick_column0_right_0: Starting process for DBN 2
pick_column0_right_0: Starting process for DBN 3
pick_column0_right_0: Received dict for DBN 0
pick_column0_right_0: Received dict for DBN 1
pick_column0_right_0: Received dict for DBN 2
pick_column0_right_0: Received dict for DBN 3
pick_column0_right_0: Sampling transitions and computing reward
pick_column0_right_0: Building transition/reward matrices
pick_column0_front_270: Identifying enabled states...
pick_column0_front_270: Splitting up datasets...
pick_column0_front_270: Learning DBNS...
pick_column0_front_270: Building transition dicts for each DBN
pick_column0_front_270: Starting process for DBN 0
pick_column0_front_270: Starting process for DBN 1
pick_column0_front_270: Starting process for DBN 2
pick_column0_front_270: Starting process for DBN 3
pick_column0_front_270: Received dict for DBN 2
pick_column0_front_270: Received dict for DBN 1
pick_column0_front_270: Received dict for DBN 3
pick_column0_front_270: Received dict for DBN 0
pick_column0_front_270: Sampling transitions and computing reward
pick_column0_front_270: Building transition/reward matrices
pick_column1_top_0: Identifying enabled states...
pick_column1_top_0: Splitting up datasets...
pick_column1_top_0: Learning DBNS...
pick_column1_top_0: Building transition dicts for each DBN
pick_column1_top_0: Starting process for DBN 0
pick_column1_top_0: Starting process for DBN 1
pick_column1_top_0: Starting process for DBN 2
pick_column1_top_0: Starting process for DBN 3
pick_column1_top_0: Received dict for DBN 1
pick_column1_top_0: Received dict for DBN 2
pick_column1_top_0: Received dict for DBN 3
pick_column1_top_0: Received dict for DBN 0
pick_column1_top_0: Sampling transitions and computing reward
pick_column1_top_0: Building transition/reward matrices
pick_column1_left_0: Identifying enabled states...
pick_column1_left_0: Splitting up datasets...
pick_column1_left_0: Learning DBNS...
pick_column1_left_0: Building transition dicts for each DBN
pick_column1_left_0: Starting process for DBN 0
pick_column1_left_0: Starting process for DBN 1
pick_column1_left_0: Starting process for DBN 2
pick_column1_left_0: Starting process for DBN 3
pick_column1_left_0: Received dict for DBN 0
pick_column1_left_0: Received dict for DBN 1
pick_column1_left_0: Received dict for DBN 2
pick_column1_left_0: Received dict for DBN 3
pick_column1_left_0: Sampling transitions and computing reward
pick_column1_left_0: Building transition/reward matrices
pick_column1_right_0: Identifying enabled states...
pick_column1_right_0: Splitting up datasets...
pick_column1_right_0: Learning DBNS...
pick_column1_right_0: Building transition dicts for each DBN
pick_column1_right_0: Starting process for DBN 0
pick_column1_right_0: Starting process for DBN 1
pick_column1_right_0: Starting process for DBN 2
pick_column1_right_0: Starting process for DBN 3
pick_column1_right_0: Received dict for DBN 0
pick_column1_right_0: Received dict for DBN 1
pick_column1_right_0: Received dict for DBN 2
pick_column1_right_0: Received dict for DBN 3
pick_column1_right_0: Sampling transitions and computing reward
pick_column1_right_0: Building transition/reward matrices
pick_column1_front_270: Identifying enabled states...
pick_column1_front_270: Splitting up datasets...
pick_column1_front_270: Learning DBNS...
pick_column1_front_270: Building transition dicts for each DBN
pick_column1_front_270: Starting process for DBN 0
pick_column1_front_270: Starting process for DBN 1
pick_column1_front_270: Starting process for DBN 2
pick_column1_front_270: Starting process for DBN 3
pick_column1_front_270: Received dict for DBN 0
pick_column1_front_270: Received dict for DBN 1
pick_column1_front_270: Received dict for DBN 2
pick_column1_front_270: Received dict for DBN 3
pick_column1_front_270: Sampling transitions and computing reward
pick_column1_front_270: Building transition/reward matrices
pick_column2_top_0: Identifying enabled states...
pick_column2_top_0: Splitting up datasets...
pick_column2_top_0: Learning DBNS...
pick_column2_top_0: Building transition dicts for each DBN
pick_column2_top_0: Starting process for DBN 0
pick_column2_top_0: Starting process for DBN 1
pick_column2_top_0: Starting process for DBN 2
pick_column2_top_0: Starting process for DBN 3
pick_column2_top_0: Received dict for DBN 0
pick_column2_top_0: Received dict for DBN 1
pick_column2_top_0: Received dict for DBN 2
pick_column2_top_0: Received dict for DBN 3
pick_column2_top_0: Sampling transitions and computing reward
pick_column2_top_0: Building transition/reward matrices
pick_column2_left_0: Identifying enabled states...
pick_column2_left_0: Splitting up datasets...
pick_column2_left_0: Learning DBNS...
pick_column2_left_0: Building transition dicts for each DBN
pick_column2_left_0: Starting process for DBN 0
pick_column2_left_0: Starting process for DBN 1
pick_column2_left_0: Starting process for DBN 2
pick_column2_left_0: Starting process for DBN 3
pick_column2_left_0: Received dict for DBN 0
pick_column2_left_0: Received dict for DBN 1
pick_column2_left_0: Received dict for DBN 2
pick_column2_left_0: Received dict for DBN 3
pick_column2_left_0: Sampling transitions and computing reward
pick_column2_left_0: Building transition/reward matrices
pick_column2_right_0: Identifying enabled states...
pick_column2_right_0: Splitting up datasets...
pick_column2_right_0: Learning DBNS...
pick_column2_right_0: Building transition dicts for each DBN
pick_column2_right_0: Starting process for DBN 0
pick_column2_right_0: Starting process for DBN 1
pick_column2_right_0: Starting process for DBN 2
pick_column2_right_0: Starting process for DBN 3
pick_column2_right_0: Received dict for DBN 0
pick_column2_right_0: Received dict for DBN 1
pick_column2_right_0: Received dict for DBN 2
pick_column2_right_0: Received dict for DBN 3
pick_column2_right_0: Sampling transitions and computing reward
pick_column2_right_0: Building transition/reward matrices
pick_column2_front_270: Identifying enabled states...
pick_column2_front_270: Splitting up datasets...
pick_column2_front_270: Learning DBNS...
pick_column2_front_270: Building transition dicts for each DBN
pick_column2_front_270: Starting process for DBN 0
pick_column2_front_270: Starting process for DBN 1
pick_column2_front_270: Starting process for DBN 2
pick_column2_front_270: Starting process for DBN 3
pick_column2_front_270: Received dict for DBN 0
pick_column2_front_270: Received dict for DBN 1
pick_column2_front_270: Received dict for DBN 2
pick_column2_front_270: Received dict for DBN 3
pick_column2_front_270: Sampling transitions and computing reward
pick_column2_front_270: Building transition/reward matrices
place_goal_0_top_0: Identifying enabled states...
place_goal_0_top_0: Splitting up datasets...
place_goal_0_top_0: Learning DBNS...
place_goal_0_top_0: Building transition dicts for each DBN
place_goal_0_top_0: Starting process for DBN 0
place_goal_0_top_0: Starting process for DBN 1
place_goal_0_top_0: Starting process for DBN 2
place_goal_0_top_0: Starting process for DBN 3
place_goal_0_top_0: Received dict for DBN 0
place_goal_0_top_0: Received dict for DBN 1
place_goal_0_top_0: Received dict for DBN 3
place_goal_0_top_0: Received dict for DBN 2
place_goal_0_top_0: Sampling transitions and computing reward
place_goal_0_top_0: Building transition/reward matrices
place_goal_0_left_0: Identifying enabled states...
place_goal_0_left_0: Splitting up datasets...
place_goal_0_left_0: Learning DBNS...
place_goal_0_left_0: Building transition dicts for each DBN
place_goal_0_left_0: Starting process for DBN 0
place_goal_0_left_0: Starting process for DBN 1
place_goal_0_left_0: Starting process for DBN 2
place_goal_0_left_0: Starting process for DBN 3
place_goal_0_left_0: Received dict for DBN 0
place_goal_0_left_0: Received dict for DBN 1
place_goal_0_left_0: Received dict for DBN 2
place_goal_0_left_0: Received dict for DBN 3
place_goal_0_left_0: Sampling transitions and computing reward
place_goal_0_left_0: Building transition/reward matrices
place_goal_0_right_0: Identifying enabled states...
place_goal_0_right_0: Splitting up datasets...
place_goal_0_right_0: Learning DBNS...
place_goal_0_right_0: Building transition dicts for each DBN
place_goal_0_right_0: Starting process for DBN 0
place_goal_0_right_0: Starting process for DBN 1
place_goal_0_right_0: Starting process for DBN 2
place_goal_0_right_0: Starting process for DBN 3
place_goal_0_right_0: Received dict for DBN 0
place_goal_0_right_0: Received dict for DBN 1
place_goal_0_right_0: Received dict for DBN 2
place_goal_0_right_0: Received dict for DBN 3
place_goal_0_right_0: Sampling transitions and computing reward
place_goal_0_right_0: Building transition/reward matrices
place_goal_0_front_270: Identifying enabled states...
place_goal_0_front_270: Splitting up datasets...
place_goal_0_front_270: Learning DBNS...
place_goal_0_front_270: Building transition dicts for each DBN
place_goal_0_front_270: Starting process for DBN 0
place_goal_0_front_270: Starting process for DBN 1
place_goal_0_front_270: Starting process for DBN 2
place_goal_0_front_270: Starting process for DBN 3
place_goal_0_front_270: Received dict for DBN 2
place_goal_0_front_270: Received dict for DBN 1
place_goal_0_front_270: Received dict for DBN 3
place_goal_0_front_270: Received dict for DBN 0
place_goal_0_front_270: Sampling transitions and computing reward
place_goal_0_front_270: Building transition/reward matrices
place_goal_1_top_0: Identifying enabled states...
place_goal_1_top_0: Splitting up datasets...
place_goal_1_top_0: Learning DBNS...
place_goal_1_top_0: Building transition dicts for each DBN
place_goal_1_top_0: Starting process for DBN 0
place_goal_1_top_0: Starting process for DBN 1
place_goal_1_top_0: Starting process for DBN 2
place_goal_1_top_0: Starting process for DBN 3
place_goal_1_top_0: Received dict for DBN 0
place_goal_1_top_0: Received dict for DBN 1
place_goal_1_top_0: Received dict for DBN 2
place_goal_1_top_0: Received dict for DBN 3
place_goal_1_top_0: Sampling transitions and computing reward
place_goal_1_top_0: Building transition/reward matrices
place_goal_1_left_0: Identifying enabled states...
place_goal_1_left_0: Splitting up datasets...
place_goal_1_left_0: Learning DBNS...
place_goal_1_left_0: Building transition dicts for each DBN
place_goal_1_left_0: Starting process for DBN 0
place_goal_1_left_0: Starting process for DBN 1
place_goal_1_left_0: Starting process for DBN 2
place_goal_1_left_0: Starting process for DBN 3
place_goal_1_left_0: Received dict for DBN 0
place_goal_1_left_0: Received dict for DBN 1
place_goal_1_left_0: Received dict for DBN 2
place_goal_1_left_0: Received dict for DBN 3
place_goal_1_left_0: Sampling transitions and computing reward
place_goal_1_left_0: Building transition/reward matrices
place_goal_1_right_0: Identifying enabled states...
place_goal_1_right_0: Splitting up datasets...
place_goal_1_right_0: Learning DBNS...
place_goal_1_right_0: Building transition dicts for each DBN
place_goal_1_right_0: Starting process for DBN 0
place_goal_1_right_0: Starting process for DBN 1
place_goal_1_right_0: Starting process for DBN 2
place_goal_1_right_0: Starting process for DBN 3
place_goal_1_right_0: Received dict for DBN 0
place_goal_1_right_0: Received dict for DBN 1
place_goal_1_right_0: Received dict for DBN 2
place_goal_1_right_0: Received dict for DBN 3
place_goal_1_right_0: Sampling transitions and computing reward
place_goal_1_right_0: Building transition/reward matrices
place_goal_1_front_270: Identifying enabled states...
place_goal_1_front_270: Splitting up datasets...
place_goal_1_front_270: Learning DBNS...
place_goal_1_front_270: Building transition dicts for each DBN
place_goal_1_front_270: Starting process for DBN 0
place_goal_1_front_270: Starting process for DBN 1
place_goal_1_front_270: Starting process for DBN 2
place_goal_1_front_270: Starting process for DBN 3
place_goal_1_front_270: Received dict for DBN 0
place_goal_1_front_270: Received dict for DBN 1
place_goal_1_front_270: Received dict for DBN 2
place_goal_1_front_270: Received dict for DBN 3
place_goal_1_front_270: Sampling transitions and computing reward
place_goal_1_front_270: Building transition/reward matrices
place_goal_2_top_0: Identifying enabled states...
place_goal_2_top_0: Splitting up datasets...
place_goal_2_top_0: Learning DBNS...
place_goal_2_top_0: Building transition dicts for each DBN
place_goal_2_top_0: Starting process for DBN 0
place_goal_2_top_0: Starting process for DBN 1
place_goal_2_top_0: Starting process for DBN 2
place_goal_2_top_0: Starting process for DBN 3
place_goal_2_top_0: Received dict for DBN 0
place_goal_2_top_0: Received dict for DBN 1
place_goal_2_top_0: Received dict for DBN 2
place_goal_2_top_0: Received dict for DBN 3
place_goal_2_top_0: Sampling transitions and computing reward
place_goal_2_top_0: Building transition/reward matrices
place_goal_2_left_0: Identifying enabled states...
place_goal_2_left_0: Splitting up datasets...
place_goal_2_left_0: Learning DBNS...
place_goal_2_left_0: Building transition dicts for each DBN
place_goal_2_left_0: Starting process for DBN 0
place_goal_2_left_0: Starting process for DBN 1
place_goal_2_left_0: Starting process for DBN 2
place_goal_2_left_0: Starting process for DBN 3
place_goal_2_left_0: Received dict for DBN 0
place_goal_2_left_0: Received dict for DBN 1
place_goal_2_left_0: Received dict for DBN 2
place_goal_2_left_0: Received dict for DBN 3
place_goal_2_left_0: Sampling transitions and computing reward
place_goal_2_left_0: Building transition/reward matrices
place_goal_2_right_0: Identifying enabled states...
place_goal_2_right_0: Splitting up datasets...
place_goal_2_right_0: Learning DBNS...
place_goal_2_right_0: Building transition dicts for each DBN
place_goal_2_right_0: Starting process for DBN 0
place_goal_2_right_0: Starting process for DBN 1
place_goal_2_right_0: Starting process for DBN 2
place_goal_2_right_0: Starting process for DBN 3
place_goal_2_right_0: Received dict for DBN 0
place_goal_2_right_0: Received dict for DBN 2
place_goal_2_right_0: Received dict for DBN 3
place_goal_2_right_0: Received dict for DBN 1
place_goal_2_right_0: Sampling transitions and computing reward
place_goal_2_right_0: Building transition/reward matrices
place_goal_2_front_270: Identifying enabled states...
place_goal_2_front_270: Splitting up datasets...
place_goal_2_front_270: Learning DBNS...
place_goal_2_front_270: Building transition dicts for each DBN
place_goal_2_front_270: Starting process for DBN 0
place_goal_2_front_270: Starting process for DBN 1
place_goal_2_front_270: Starting process for DBN 2
place_goal_2_front_270: Starting process for DBN 3
place_goal_2_front_270: Received dict for DBN 0
place_goal_2_front_270: Received dict for DBN 1
place_goal_2_front_270: Received dict for DBN 2
place_goal_2_front_270: Received dict for DBN 3
place_goal_2_front_270: Sampling transitions and computing reward
place_goal_2_front_270: Building transition/reward matrices
place_region_0_top_0: Identifying enabled states...
place_region_0_top_0: Splitting up datasets...
place_region_0_top_0: Learning DBNS...
place_region_0_top_0: Building transition dicts for each DBN
place_region_0_top_0: Starting process for DBN 0
place_region_0_top_0: Starting process for DBN 1
place_region_0_top_0: Starting process for DBN 2
place_region_0_top_0: Starting process for DBN 3
place_region_0_top_0: Received dict for DBN 0
place_region_0_top_0: Received dict for DBN 1
place_region_0_top_0: Received dict for DBN 3
place_region_0_top_0: Received dict for DBN 2
place_region_0_top_0: Sampling transitions and computing reward
place_region_0_top_0: Building transition/reward matrices
place_region_0_left_0: Identifying enabled states...
place_region_0_left_0: Splitting up datasets...
place_region_0_left_0: Learning DBNS...
place_region_0_left_0: Building transition dicts for each DBN
place_region_0_left_0: Starting process for DBN 0
place_region_0_left_0: Starting process for DBN 1
place_region_0_left_0: Starting process for DBN 2
place_region_0_left_0: Starting process for DBN 3
place_region_0_left_0: Received dict for DBN 0
place_region_0_left_0: Received dict for DBN 1
place_region_0_left_0: Received dict for DBN 2
place_region_0_left_0: Received dict for DBN 3
place_region_0_left_0: Sampling transitions and computing reward
place_region_0_left_0: Building transition/reward matrices
place_region_0_right_0: Identifying enabled states...
place_region_0_right_0: Splitting up datasets...
place_region_0_right_0: Learning DBNS...
place_region_0_right_0: Building transition dicts for each DBN
place_region_0_right_0: Starting process for DBN 0
place_region_0_right_0: Starting process for DBN 1
place_region_0_right_0: Starting process for DBN 2
place_region_0_right_0: Starting process for DBN 3
place_region_0_right_0: Received dict for DBN 0
place_region_0_right_0: Received dict for DBN 1
place_region_0_right_0: Received dict for DBN 2
place_region_0_right_0: Received dict for DBN 3
place_region_0_right_0: Sampling transitions and computing reward
place_region_0_right_0: Building transition/reward matrices
place_region_0_front_270: Identifying enabled states...
place_region_0_front_270: Splitting up datasets...
place_region_0_front_270: Learning DBNS...
place_region_0_front_270: Building transition dicts for each DBN
place_region_0_front_270: Starting process for DBN 0
place_region_0_front_270: Starting process for DBN 1
place_region_0_front_270: Starting process for DBN 2
place_region_0_front_270: Starting process for DBN 3
place_region_0_front_270: Received dict for DBN 1
place_region_0_front_270: Received dict for DBN 0
place_region_0_front_270: Received dict for DBN 2
place_region_0_front_270: Received dict for DBN 3
place_region_0_front_270: Sampling transitions and computing reward
place_region_0_front_270: Building transition/reward matrices
place_region_1_top_0: Identifying enabled states...
place_region_1_top_0: Splitting up datasets...
place_region_1_top_0: Learning DBNS...
place_region_1_top_0: Building transition dicts for each DBN
place_region_1_top_0: Starting process for DBN 0
place_region_1_top_0: Starting process for DBN 1
place_region_1_top_0: Starting process for DBN 2
place_region_1_top_0: Starting process for DBN 3
place_region_1_top_0: Received dict for DBN 1
place_region_1_top_0: Received dict for DBN 0
place_region_1_top_0: Received dict for DBN 2
place_region_1_top_0: Received dict for DBN 3
place_region_1_top_0: Sampling transitions and computing reward
place_region_1_top_0: Building transition/reward matrices
place_region_1_left_0: Identifying enabled states...
place_region_1_left_0: Splitting up datasets...
place_region_1_left_0: Learning DBNS...
place_region_1_left_0: Building transition dicts for each DBN
place_region_1_left_0: Starting process for DBN 0
place_region_1_left_0: Starting process for DBN 1
place_region_1_left_0: Starting process for DBN 2
place_region_1_left_0: Starting process for DBN 3
place_region_1_left_0: Received dict for DBN 1
place_region_1_left_0: Received dict for DBN 0
place_region_1_left_0: Received dict for DBN 2
place_region_1_left_0: Received dict for DBN 3
place_region_1_left_0: Sampling transitions and computing reward
place_region_1_left_0: Building transition/reward matrices
place_region_1_right_0: Identifying enabled states...
place_region_1_right_0: Splitting up datasets...
place_region_1_right_0: Learning DBNS...
place_region_1_right_0: Building transition dicts for each DBN
place_region_1_right_0: Starting process for DBN 0
place_region_1_right_0: Starting process for DBN 1
place_region_1_right_0: Starting process for DBN 2
place_region_1_right_0: Starting process for DBN 3
place_region_1_right_0: Received dict for DBN 1
place_region_1_right_0: Received dict for DBN 0
place_region_1_right_0: Received dict for DBN 2
place_region_1_right_0: Received dict for DBN 3
place_region_1_right_0: Sampling transitions and computing reward
place_region_1_right_0: Building transition/reward matrices
place_region_1_front_270: Identifying enabled states...
place_region_1_front_270: Splitting up datasets...
place_region_1_front_270: Learning DBNS...
place_region_1_front_270: Building transition dicts for each DBN
place_region_1_front_270: Starting process for DBN 0
place_region_1_front_270: Starting process for DBN 1
place_region_1_front_270: Starting process for DBN 2
place_region_1_front_270: Starting process for DBN 3
place_region_1_front_270: Received dict for DBN 0
place_region_1_front_270: Received dict for DBN 1
place_region_1_front_270: Received dict for DBN 2
place_region_1_front_270: Received dict for DBN 3
place_region_1_front_270: Sampling transitions and computing reward
place_region_1_front_270: Building transition/reward matrices
place_region_2_top_0: Identifying enabled states...
place_region_2_top_0: Splitting up datasets...
place_region_2_top_0: Learning DBNS...
place_region_2_top_0: Building transition dicts for each DBN
place_region_2_top_0: Starting process for DBN 0
place_region_2_top_0: Starting process for DBN 1
place_region_2_top_0: Starting process for DBN 2
place_region_2_top_0: Starting process for DBN 3
place_region_2_top_0: Received dict for DBN 1
place_region_2_top_0: Received dict for DBN 0
place_region_2_top_0: Received dict for DBN 2
place_region_2_top_0: Received dict for DBN 3
place_region_2_top_0: Sampling transitions and computing reward
place_region_2_top_0: Building transition/reward matrices
place_region_2_left_0: Identifying enabled states...
place_region_2_left_0: Splitting up datasets...
place_region_2_left_0: Learning DBNS...
place_region_2_left_0: Building transition dicts for each DBN
place_region_2_left_0: Starting process for DBN 0
place_region_2_left_0: Starting process for DBN 1
place_region_2_left_0: Starting process for DBN 2
place_region_2_left_0: Starting process for DBN 3
place_region_2_left_0: Received dict for DBN 0
place_region_2_left_0: Received dict for DBN 1
place_region_2_left_0: Received dict for DBN 2
place_region_2_left_0: Received dict for DBN 3
place_region_2_left_0: Sampling transitions and computing reward
place_region_2_left_0: Building transition/reward matrices
place_region_2_right_0: Identifying enabled states...
place_region_2_right_0: Splitting up datasets...
place_region_2_right_0: Learning DBNS...
place_region_2_right_0: Building transition dicts for each DBN
place_region_2_right_0: Starting process for DBN 0
place_region_2_right_0: Starting process for DBN 1
place_region_2_right_0: Starting process for DBN 2
place_region_2_right_0: Starting process for DBN 3
place_region_2_right_0: Received dict for DBN 1
place_region_2_right_0: Received dict for DBN 0
place_region_2_right_0: Received dict for DBN 2
place_region_2_right_0: Received dict for DBN 3
place_region_2_right_0: Sampling transitions and computing reward
place_region_2_right_0: Building transition/reward matrices
place_region_2_front_270: Identifying enabled states...
place_region_2_front_270: Splitting up datasets...
place_region_2_front_270: Learning DBNS...
place_region_2_front_270: Building transition dicts for each DBN
place_region_2_front_270: Starting process for DBN 0
place_region_2_front_270: Starting process for DBN 1
place_region_2_front_270: Starting process for DBN 2
place_region_2_front_270: Starting process for DBN 3
place_region_2_front_270: Received dict for DBN 1
place_region_2_front_270: Received dict for DBN 0
place_region_2_front_270: Received dict for DBN 2
place_region_2_front_270: Received dict for DBN 3
place_region_2_front_270: Sampling transitions and computing reward
place_region_2_front_270: Building transition/reward matrices
Building MDP...
Synthesising Policy...
Solving MDP for timestep: 29
Solving MDP for timestep: 28
Solving MDP for timestep: 27
Solving MDP for timestep: 26
Solving MDP for timestep: 25
Solving MDP for timestep: 24
Solving MDP for timestep: 23
Solving MDP for timestep: 22
Solving MDP for timestep: 21
Solving MDP for timestep: 20
Solving MDP for timestep: 19
Solving MDP for timestep: 18
Solving MDP for timestep: 17
Solving MDP for timestep: 16
Solving MDP for timestep: 15
Solving MDP for timestep: 14
Solving MDP for timestep: 13
Solving MDP for timestep: 12
Solving MDP for timestep: 11
Solving MDP for timestep: 10
Solving MDP for timestep: 9
Solving MDP for timestep: 8
Solving MDP for timestep: 7
Solving MDP for timestep: 6
Solving MDP for timestep: 5
Solving MDP for timestep: 4
Solving MDP for timestep: 3
Solving MDP for timestep: 2
Solving MDP for timestep: 1
Solving MDP for timestep: 0
Resetting the scene for new episode
Step 0
policy value 43.08078384399414
State(column0: region_1, column1: region_2, column2: region_0)
pick_column2_top_0
Action: Action(ActionType.PICK, obj=/column2, slot=None,grasp=GraspType.TOP_0)
[EXEC] Picking /column2 with top_0

[INFO] Found 9216 potential configurations.
[INFO] Motion completed successfully with result: success,in execution time: 3.64 seconds
[INFO] Found a reachable configuration for pick action after 1 attempts.
Tip distance after pick: 0.027949632478140817
[INFO] Pick action completed successfully.in execution time: 3.64 seconds
[EXEC] Action ActionType.PICK executed in 10.38 seconds
[SUCCESS] Action ActionType.PICK succeeded for object /column2
Action duration: 3.64
[LOG] Transition logged to MongoDB: 3b45543f-1da5-4b6b-a71d-6af8c33bab70 - Episode 18
Step 1
policy value 42.26631546020508
State(column0: region_1, column1: region_2, column2: held)
place_goal_1_right_0
Action: Action(ActionType.PLACE, obj=/column2, slot=/goal_1,grasp=GraspType.RIGHT_0)
[EXEC] Placing at [-0.2749999999999999, 1.0750000000000006, 0.5] with grasp right_0

[INFO] Found 3776 potential configurations.
[INFO] Motion completed successfully with result: success,in execution time: 8.00 seconds
[INFO] Found a reachable configuration for place action after 1 attempts.
[INFO] Place action completed successfully.
realigning placed object /column2 to target position
[EXEC] Action ActionType.PLACE executed in 11.41 seconds
[SUCCESS] Action ActionType.PLACE succeeded for object /column2
Action duration: 7.9999999999998
[LOG] Transition logged to MongoDB: 3b45543f-1da5-4b6b-a71d-6af8c33bab70 - Episode 18
Step 2
policy value 40.24917984008789
State(column0: region_1, column1: region_2, column2: goal_1)
pick_column0_front_270
Action: Action(ActionType.PICK, obj=/column0, slot=None,grasp=GraspType.FRONT_270)
[EXEC] Picking /column0 with front_270

[INFO] Found 4352 potential configurations.
[WARN] No valid configuration found (all tested configs invalid).
[EXEC] Action ActionType.PICK executed in 2.35 seconds
[ERROR] Action ActionType.PICK failed for object /column0
Action duration: 0.001
[LOG] Transition logged to MongoDB: 3b45543f-1da5-4b6b-a71d-6af8c33bab70 - Episode 18
Action failed, stopping. Time elapsed: 0.001
Step 3
policy value 38.775962829589844
State(column0: region_1, column1: region_2, column2: goal_1)
pick_column0_front_270
Action: Action(ActionType.PICK, obj=/column0, slot=None,grasp=GraspType.FRONT_270)
[EXEC] Picking /column0 with front_270

[INFO] Found 4864 potential configurations.
[WARN] No valid configuration found (all tested configs invalid).
[EXEC] Action ActionType.PICK executed in 2.43 seconds
[ERROR] Action ActionType.PICK failed for object /column0
Action duration: 0.001
[LOG] Transition logged to MongoDB: 3b45543f-1da5-4b6b-a71d-6af8c33bab70 - Episode 18
Action failed, stopping. Time elapsed: 0.001
Step 4
policy value 37.30556869506836
State(column0: region_1, column1: region_2, column2: goal_1)
pick_column0_front_270
Action: Action(ActionType.PICK, obj=/column0, slot=None,grasp=GraspType.FRONT_270)
[EXEC] Picking /column0 with front_270

[INFO] Found 5056 potential configurations.
[WARN] No valid configuration found (all tested configs invalid).
[EXEC] Action ActionType.PICK executed in 2.72 seconds
[ERROR] Action ActionType.PICK failed for object /column0
Action duration: 0.001
[LOG] Transition logged to MongoDB: 3b45543f-1da5-4b6b-a71d-6af8c33bab70 - Episode 18
Action failed, stopping. Time elapsed: 0.001
Step 5
policy value 35.83749008178711
State(column0: region_1, column1: region_2, column2: goal_1)
pick_column0_front_270
Action: Action(ActionType.PICK, obj=/column0, slot=None,grasp=GraspType.FRONT_270)
[EXEC] Picking /column0 with front_270

[INFO] Found 4672 potential configurations.
[WARN] No valid configuration found (all tested configs invalid).
[EXEC] Action ActionType.PICK executed in 2.49 seconds
[ERROR] Action ActionType.PICK failed for object /column0
Action duration: 0.001
[LOG] Transition logged to MongoDB: 3b45543f-1da5-4b6b-a71d-6af8c33bab70 - Episode 18
Action failed, stopping. Time elapsed: 0.001
Step 6
policy value 34.376014709472656
State(column0: region_1, column1: region_2, column2: goal_1)
pick_column0_front_270
Action: Action(ActionType.PICK, obj=/column0, slot=None,grasp=GraspType.FRONT_270)
[EXEC] Picking /column0 with front_270

[INFO] Found 4800 potential configurations.
[WARN] No valid configuration found (all tested configs invalid).
[EXEC] Action ActionType.PICK executed in 2.55 seconds
[ERROR] Action ActionType.PICK failed for object /column0
Action duration: 0.001
[LOG] Transition logged to MongoDB: 3b45543f-1da5-4b6b-a71d-6af8c33bab70 - Episode 18
Action failed, stopping. Time elapsed: 0.001
Step 7
policy value 32.91380310058594
State(column0: region_1, column1: region_2, column2: goal_1)
pick_column0_front_270
Action: Action(ActionType.PICK, obj=/column0, slot=None,grasp=GraspType.FRONT_270)
[EXEC] Picking /column0 with front_270

[INFO] Found 4800 potential configurations.
[WARN] No valid configuration found (all tested configs invalid).
[EXEC] Action ActionType.PICK executed in 2.51 seconds
[ERROR] Action ActionType.PICK failed for object /column0
Action duration: 0.001
[LOG] Transition logged to MongoDB: 3b45543f-1da5-4b6b-a71d-6af8c33bab70 - Episode 18
Action failed, stopping. Time elapsed: 0.001
Too many failures, resetting episode
Episode 13 ended
Revising policy
USING STORM: False
Reading data from MongoDB...
Total option moiton param combinations 36
Collected combinations 36
Building state to idx mapping...
Building option ensembles...
pick_column0_top_0: Identifying enabled states...
pick_column0_top_0: Splitting up datasets...
pick_column0_top_0: Learning DBNS...
pick_column0_top_0: Building transition dicts for each DBN
pick_column0_top_0: Starting process for DBN 0
pick_column0_top_0: Starting process for DBN 1
pick_column0_top_0: Starting process for DBN 2
pick_column0_top_0: Starting process for DBN 3
pick_column0_top_0: Received dict for DBN 0
pick_column0_top_0: Received dict for DBN 1
pick_column0_top_0: Received dict for DBN 2
pick_column0_top_0: Received dict for DBN 3
pick_column0_top_0: Sampling transitions and computing reward
pick_column0_top_0: Building transition/reward matrices
pick_column0_left_0: Identifying enabled states...
pick_column0_left_0: Splitting up datasets...
pick_column0_left_0: Learning DBNS...
pick_column0_left_0: Building transition dicts for each DBN
pick_column0_left_0: Starting process for DBN 0
pick_column0_left_0: Starting process for DBN 1
pick_column0_left_0: Starting process for DBN 2
pick_column0_left_0: Starting process for DBN 3
pick_column0_left_0: Received dict for DBN 0
pick_column0_left_0: Received dict for DBN 1
pick_column0_left_0: Received dict for DBN 2
pick_column0_left_0: Received dict for DBN 3
pick_column0_left_0: Sampling transitions and computing reward
pick_column0_left_0: Building transition/reward matrices
pick_column0_right_0: Identifying enabled states...
pick_column0_right_0: Splitting up datasets...
pick_column0_right_0: Learning DBNS...
pick_column0_right_0: Building transition dicts for each DBN
pick_column0_right_0: Starting process for DBN 0
pick_column0_right_0: Starting process for DBN 1
pick_column0_right_0: Starting process for DBN 2
pick_column0_right_0: Starting process for DBN 3
pick_column0_right_0: Received dict for DBN 0
pick_column0_right_0: Received dict for DBN 1
pick_column0_right_0: Received dict for DBN 2
pick_column0_right_0: Received dict for DBN 3
pick_column0_right_0: Sampling transitions and computing reward
pick_column0_right_0: Building transition/reward matrices
pick_column0_front_270: Identifying enabled states...
pick_column0_front_270: Splitting up datasets...
pick_column0_front_270: Learning DBNS...
pick_column0_front_270: Building transition dicts for each DBN
pick_column0_front_270: Starting process for DBN 0
pick_column0_front_270: Starting process for DBN 1
pick_column0_front_270: Starting process for DBN 2
pick_column0_front_270: Starting process for DBN 3
pick_column0_front_270: Received dict for DBN 0
pick_column0_front_270: Received dict for DBN 1
pick_column0_front_270: Received dict for DBN 2
pick_column0_front_270: Received dict for DBN 3
pick_column0_front_270: Sampling transitions and computing reward
pick_column0_front_270: Building transition/reward matrices
pick_column1_top_0: Identifying enabled states...
pick_column1_top_0: Splitting up datasets...
pick_column1_top_0: Learning DBNS...
pick_column1_top_0: Building transition dicts for each DBN
pick_column1_top_0: Starting process for DBN 0
pick_column1_top_0: Starting process for DBN 1
pick_column1_top_0: Starting process for DBN 2
pick_column1_top_0: Starting process for DBN 3
pick_column1_top_0: Received dict for DBN 0
pick_column1_top_0: Received dict for DBN 1
pick_column1_top_0: Received dict for DBN 2
pick_column1_top_0: Received dict for DBN 3
pick_column1_top_0: Sampling transitions and computing reward
pick_column1_top_0: Building transition/reward matrices
pick_column1_left_0: Identifying enabled states...
pick_column1_left_0: Splitting up datasets...
pick_column1_left_0: Learning DBNS...
pick_column1_left_0: Building transition dicts for each DBN
pick_column1_left_0: Starting process for DBN 0
pick_column1_left_0: Starting process for DBN 1
pick_column1_left_0: Starting process for DBN 2
pick_column1_left_0: Starting process for DBN 3
pick_column1_left_0: Received dict for DBN 0
pick_column1_left_0: Received dict for DBN 1
pick_column1_left_0: Received dict for DBN 2
pick_column1_left_0: Received dict for DBN 3
pick_column1_left_0: Sampling transitions and computing reward
pick_column1_left_0: Building transition/reward matrices
pick_column1_right_0: Identifying enabled states...
pick_column1_right_0: Splitting up datasets...
pick_column1_right_0: Learning DBNS...
pick_column1_right_0: Building transition dicts for each DBN
pick_column1_right_0: Starting process for DBN 0
pick_column1_right_0: Starting process for DBN 1
pick_column1_right_0: Starting process for DBN 2
pick_column1_right_0: Starting process for DBN 3
pick_column1_right_0: Received dict for DBN 0
pick_column1_right_0: Received dict for DBN 1
pick_column1_right_0: Received dict for DBN 2
pick_column1_right_0: Received dict for DBN 3
pick_column1_right_0: Sampling transitions and computing reward
pick_column1_right_0: Building transition/reward matrices
pick_column1_front_270: Identifying enabled states...
pick_column1_front_270: Splitting up datasets...
pick_column1_front_270: Learning DBNS...
pick_column1_front_270: Building transition dicts for each DBN
pick_column1_front_270: Starting process for DBN 0
pick_column1_front_270: Starting process for DBN 1
pick_column1_front_270: Starting process for DBN 2
pick_column1_front_270: Starting process for DBN 3
pick_column1_front_270: Received dict for DBN 0
pick_column1_front_270: Received dict for DBN 1
pick_column1_front_270: Received dict for DBN 2
pick_column1_front_270: Received dict for DBN 3
pick_column1_front_270: Sampling transitions and computing reward
pick_column1_front_270: Building transition/reward matrices
pick_column2_top_0: Identifying enabled states...
pick_column2_top_0: Splitting up datasets...
pick_column2_top_0: Learning DBNS...
pick_column2_top_0: Building transition dicts for each DBN
pick_column2_top_0: Starting process for DBN 0
pick_column2_top_0: Starting process for DBN 1
pick_column2_top_0: Starting process for DBN 2
pick_column2_top_0: Starting process for DBN 3
pick_column2_top_0: Received dict for DBN 0
pick_column2_top_0: Received dict for DBN 1
pick_column2_top_0: Received dict for DBN 2
pick_column2_top_0: Received dict for DBN 3
pick_column2_top_0: Sampling transitions and computing reward
pick_column2_top_0: Building transition/reward matrices
pick_column2_left_0: Identifying enabled states...
pick_column2_left_0: Splitting up datasets...
pick_column2_left_0: Learning DBNS...
pick_column2_left_0: Building transition dicts for each DBN
pick_column2_left_0: Starting process for DBN 0
pick_column2_left_0: Starting process for DBN 1
pick_column2_left_0: Starting process for DBN 2
pick_column2_left_0: Starting process for DBN 3
pick_column2_left_0: Received dict for DBN 0
pick_column2_left_0: Received dict for DBN 1
pick_column2_left_0: Received dict for DBN 2
pick_column2_left_0: Received dict for DBN 3
pick_column2_left_0: Sampling transitions and computing reward
pick_column2_left_0: Building transition/reward matrices
pick_column2_right_0: Identifying enabled states...
pick_column2_right_0: Splitting up datasets...
pick_column2_right_0: Learning DBNS...
pick_column2_right_0: Building transition dicts for each DBN
pick_column2_right_0: Starting process for DBN 0
pick_column2_right_0: Starting process for DBN 1
pick_column2_right_0: Starting process for DBN 2
pick_column2_right_0: Starting process for DBN 3
pick_column2_right_0: Received dict for DBN 0
pick_column2_right_0: Received dict for DBN 1
pick_column2_right_0: Received dict for DBN 2
pick_column2_right_0: Received dict for DBN 3
pick_column2_right_0: Sampling transitions and computing reward
pick_column2_right_0: Building transition/reward matrices
pick_column2_front_270: Identifying enabled states...
pick_column2_front_270: Splitting up datasets...
pick_column2_front_270: Learning DBNS...
pick_column2_front_270: Building transition dicts for each DBN
pick_column2_front_270: Starting process for DBN 0
pick_column2_front_270: Starting process for DBN 1
pick_column2_front_270: Starting process for DBN 2
pick_column2_front_270: Starting process for DBN 3
pick_column2_front_270: Received dict for DBN 0
pick_column2_front_270: Received dict for DBN 1
pick_column2_front_270: Received dict for DBN 2
pick_column2_front_270: Received dict for DBN 3
pick_column2_front_270: Sampling transitions and computing reward
pick_column2_front_270: Building transition/reward matrices
place_goal_0_top_0: Identifying enabled states...
place_goal_0_top_0: Splitting up datasets...
place_goal_0_top_0: Learning DBNS...
place_goal_0_top_0: Building transition dicts for each DBN
place_goal_0_top_0: Starting process for DBN 0
place_goal_0_top_0: Starting process for DBN 1
place_goal_0_top_0: Starting process for DBN 2
place_goal_0_top_0: Starting process for DBN 3
place_goal_0_top_0: Received dict for DBN 0
place_goal_0_top_0: Received dict for DBN 1
place_goal_0_top_0: Received dict for DBN 3
place_goal_0_top_0: Received dict for DBN 2
place_goal_0_top_0: Sampling transitions and computing reward
place_goal_0_top_0: Building transition/reward matrices
place_goal_0_left_0: Identifying enabled states...
place_goal_0_left_0: Splitting up datasets...
place_goal_0_left_0: Learning DBNS...
place_goal_0_left_0: Building transition dicts for each DBN
place_goal_0_left_0: Starting process for DBN 0
place_goal_0_left_0: Starting process for DBN 1
place_goal_0_left_0: Starting process for DBN 2
place_goal_0_left_0: Starting process for DBN 3
place_goal_0_left_0: Received dict for DBN 0
place_goal_0_left_0: Received dict for DBN 1
place_goal_0_left_0: Received dict for DBN 2
place_goal_0_left_0: Received dict for DBN 3
place_goal_0_left_0: Sampling transitions and computing reward
place_goal_0_left_0: Building transition/reward matrices
place_goal_0_right_0: Identifying enabled states...
place_goal_0_right_0: Splitting up datasets...
place_goal_0_right_0: Learning DBNS...
place_goal_0_right_0: Building transition dicts for each DBN
place_goal_0_right_0: Starting process for DBN 0
place_goal_0_right_0: Starting process for DBN 1
place_goal_0_right_0: Starting process for DBN 2
place_goal_0_right_0: Starting process for DBN 3
place_goal_0_right_0: Received dict for DBN 0
place_goal_0_right_0: Received dict for DBN 1
place_goal_0_right_0: Received dict for DBN 2
place_goal_0_right_0: Received dict for DBN 3
place_goal_0_right_0: Sampling transitions and computing reward
place_goal_0_right_0: Building transition/reward matrices
place_goal_0_front_270: Identifying enabled states...
place_goal_0_front_270: Splitting up datasets...
place_goal_0_front_270: Learning DBNS...
place_goal_0_front_270: Building transition dicts for each DBN
place_goal_0_front_270: Starting process for DBN 0
place_goal_0_front_270: Starting process for DBN 1
place_goal_0_front_270: Starting process for DBN 2
place_goal_0_front_270: Starting process for DBN 3
place_goal_0_front_270: Received dict for DBN 0
place_goal_0_front_270: Received dict for DBN 2
place_goal_0_front_270: Received dict for DBN 1
place_goal_0_front_270: Received dict for DBN 3
place_goal_0_front_270: Sampling transitions and computing reward
place_goal_0_front_270: Building transition/reward matrices
place_goal_1_top_0: Identifying enabled states...
place_goal_1_top_0: Splitting up datasets...
place_goal_1_top_0: Learning DBNS...
place_goal_1_top_0: Building transition dicts for each DBN
place_goal_1_top_0: Starting process for DBN 0
place_goal_1_top_0: Starting process for DBN 1
place_goal_1_top_0: Starting process for DBN 2
place_goal_1_top_0: Starting process for DBN 3
place_goal_1_top_0: Received dict for DBN 0
place_goal_1_top_0: Received dict for DBN 1
place_goal_1_top_0: Received dict for DBN 2
place_goal_1_top_0: Received dict for DBN 3
place_goal_1_top_0: Sampling transitions and computing reward
place_goal_1_top_0: Building transition/reward matrices
place_goal_1_left_0: Identifying enabled states...
place_goal_1_left_0: Splitting up datasets...
place_goal_1_left_0: Learning DBNS...
place_goal_1_left_0: Building transition dicts for each DBN
place_goal_1_left_0: Starting process for DBN 0
place_goal_1_left_0: Starting process for DBN 1
place_goal_1_left_0: Starting process for DBN 2
place_goal_1_left_0: Starting process for DBN 3
place_goal_1_left_0: Received dict for DBN 0
place_goal_1_left_0: Received dict for DBN 1
place_goal_1_left_0: Received dict for DBN 2
place_goal_1_left_0: Received dict for DBN 3
place_goal_1_left_0: Sampling transitions and computing reward
place_goal_1_left_0: Building transition/reward matrices
place_goal_1_right_0: Identifying enabled states...
place_goal_1_right_0: Splitting up datasets...
place_goal_1_right_0: Learning DBNS...
place_goal_1_right_0: Building transition dicts for each DBN
place_goal_1_right_0: Starting process for DBN 0
place_goal_1_right_0: Starting process for DBN 1
place_goal_1_right_0: Starting process for DBN 2
place_goal_1_right_0: Starting process for DBN 3
place_goal_1_right_0: Received dict for DBN 0
place_goal_1_right_0: Received dict for DBN 1
place_goal_1_right_0: Received dict for DBN 2
place_goal_1_right_0: Received dict for DBN 3
place_goal_1_right_0: Sampling transitions and computing reward
place_goal_1_right_0: Building transition/reward matrices
place_goal_1_front_270: Identifying enabled states...
place_goal_1_front_270: Splitting up datasets...
place_goal_1_front_270: Learning DBNS...
place_goal_1_front_270: Building transition dicts for each DBN
place_goal_1_front_270: Starting process for DBN 0
place_goal_1_front_270: Starting process for DBN 1
place_goal_1_front_270: Starting process for DBN 2
place_goal_1_front_270: Starting process for DBN 3
place_goal_1_front_270: Received dict for DBN 0
place_goal_1_front_270: Received dict for DBN 1
place_goal_1_front_270: Received dict for DBN 2
place_goal_1_front_270: Received dict for DBN 3
place_goal_1_front_270: Sampling transitions and computing reward
place_goal_1_front_270: Building transition/reward matrices
place_goal_2_top_0: Identifying enabled states...
place_goal_2_top_0: Splitting up datasets...
place_goal_2_top_0: Learning DBNS...
place_goal_2_top_0: Building transition dicts for each DBN
place_goal_2_top_0: Starting process for DBN 0
place_goal_2_top_0: Starting process for DBN 1
place_goal_2_top_0: Starting process for DBN 2
place_goal_2_top_0: Starting process for DBN 3
place_goal_2_top_0: Received dict for DBN 0
place_goal_2_top_0: Received dict for DBN 1
place_goal_2_top_0: Received dict for DBN 2
place_goal_2_top_0: Received dict for DBN 3
place_goal_2_top_0: Sampling transitions and computing reward
place_goal_2_top_0: Building transition/reward matrices
place_goal_2_left_0: Identifying enabled states...
place_goal_2_left_0: Splitting up datasets...
place_goal_2_left_0: Learning DBNS...
place_goal_2_left_0: Building transition dicts for each DBN
place_goal_2_left_0: Starting process for DBN 0
place_goal_2_left_0: Starting process for DBN 1
place_goal_2_left_0: Starting process for DBN 2
place_goal_2_left_0: Starting process for DBN 3
place_goal_2_left_0: Received dict for DBN 0
place_goal_2_left_0: Received dict for DBN 1
place_goal_2_left_0: Received dict for DBN 2
place_goal_2_left_0: Received dict for DBN 3
place_goal_2_left_0: Sampling transitions and computing reward
place_goal_2_left_0: Building transition/reward matrices
place_goal_2_right_0: Identifying enabled states...
place_goal_2_right_0: Splitting up datasets...
place_goal_2_right_0: Learning DBNS...
place_goal_2_right_0: Building transition dicts for each DBN
place_goal_2_right_0: Starting process for DBN 0
place_goal_2_right_0: Starting process for DBN 1
place_goal_2_right_0: Starting process for DBN 2
place_goal_2_right_0: Starting process for DBN 3
place_goal_2_right_0: Received dict for DBN 1
place_goal_2_right_0: Received dict for DBN 0
place_goal_2_right_0: Received dict for DBN 3
place_goal_2_right_0: Received dict for DBN 2
place_goal_2_right_0: Sampling transitions and computing reward
place_goal_2_right_0: Building transition/reward matrices
place_goal_2_front_270: Identifying enabled states...
place_goal_2_front_270: Splitting up datasets...
place_goal_2_front_270: Learning DBNS...
place_goal_2_front_270: Building transition dicts for each DBN
place_goal_2_front_270: Starting process for DBN 0
place_goal_2_front_270: Starting process for DBN 1
place_goal_2_front_270: Starting process for DBN 2
place_goal_2_front_270: Starting process for DBN 3
place_goal_2_front_270: Received dict for DBN 0
place_goal_2_front_270: Received dict for DBN 1
place_goal_2_front_270: Received dict for DBN 2
place_goal_2_front_270: Received dict for DBN 3
place_goal_2_front_270: Sampling transitions and computing reward
place_goal_2_front_270: Building transition/reward matrices
place_region_0_top_0: Identifying enabled states...
place_region_0_top_0: Splitting up datasets...
place_region_0_top_0: Learning DBNS...
place_region_0_top_0: Building transition dicts for each DBN
place_region_0_top_0: Starting process for DBN 0
place_region_0_top_0: Starting process for DBN 1
place_region_0_top_0: Starting process for DBN 2
place_region_0_top_0: Starting process for DBN 3
place_region_0_top_0: Received dict for DBN 0
place_region_0_top_0: Received dict for DBN 2
place_region_0_top_0: Received dict for DBN 3
place_region_0_top_0: Received dict for DBN 1
place_region_0_top_0: Sampling transitions and computing reward
place_region_0_top_0: Building transition/reward matrices
place_region_0_left_0: Identifying enabled states...
place_region_0_left_0: Splitting up datasets...
place_region_0_left_0: Learning DBNS...
place_region_0_left_0: Building transition dicts for each DBN
place_region_0_left_0: Starting process for DBN 0
place_region_0_left_0: Starting process for DBN 1
place_region_0_left_0: Starting process for DBN 2
place_region_0_left_0: Starting process for DBN 3
place_region_0_left_0: Received dict for DBN 0
place_region_0_left_0: Received dict for DBN 1
place_region_0_left_0: Received dict for DBN 2
place_region_0_left_0: Received dict for DBN 3
place_region_0_left_0: Sampling transitions and computing reward
place_region_0_left_0: Building transition/reward matrices
place_region_0_right_0: Identifying enabled states...
place_region_0_right_0: Splitting up datasets...
place_region_0_right_0: Learning DBNS...
place_region_0_right_0: Building transition dicts for each DBN
place_region_0_right_0: Starting process for DBN 0
place_region_0_right_0: Starting process for DBN 1
place_region_0_right_0: Starting process for DBN 2
place_region_0_right_0: Starting process for DBN 3
place_region_0_right_0: Received dict for DBN 0
place_region_0_right_0: Received dict for DBN 1
place_region_0_right_0: Received dict for DBN 2
place_region_0_right_0: Received dict for DBN 3
place_region_0_right_0: Sampling transitions and computing reward
place_region_0_right_0: Building transition/reward matrices
place_region_0_front_270: Identifying enabled states...
place_region_0_front_270: Splitting up datasets...
place_region_0_front_270: Learning DBNS...
place_region_0_front_270: Building transition dicts for each DBN
place_region_0_front_270: Starting process for DBN 0
place_region_0_front_270: Starting process for DBN 1
place_region_0_front_270: Starting process for DBN 2
place_region_0_front_270: Starting process for DBN 3
place_region_0_front_270: Received dict for DBN 0
place_region_0_front_270: Received dict for DBN 1
place_region_0_front_270: Received dict for DBN 2
place_region_0_front_270: Received dict for DBN 3
place_region_0_front_270: Sampling transitions and computing reward
place_region_0_front_270: Building transition/reward matrices
place_region_1_top_0: Identifying enabled states...
place_region_1_top_0: Splitting up datasets...
place_region_1_top_0: Learning DBNS...
place_region_1_top_0: Building transition dicts for each DBN
place_region_1_top_0: Starting process for DBN 0
place_region_1_top_0: Starting process for DBN 1
place_region_1_top_0: Starting process for DBN 2
place_region_1_top_0: Starting process for DBN 3
place_region_1_top_0: Received dict for DBN 0
place_region_1_top_0: Received dict for DBN 1
place_region_1_top_0: Received dict for DBN 2
place_region_1_top_0: Received dict for DBN 3
place_region_1_top_0: Sampling transitions and computing reward
place_region_1_top_0: Building transition/reward matrices
place_region_1_left_0: Identifying enabled states...
place_region_1_left_0: Splitting up datasets...
place_region_1_left_0: Learning DBNS...
place_region_1_left_0: Building transition dicts for each DBN
place_region_1_left_0: Starting process for DBN 0
place_region_1_left_0: Starting process for DBN 1
place_region_1_left_0: Starting process for DBN 2
place_region_1_left_0: Starting process for DBN 3
place_region_1_left_0: Received dict for DBN 1
place_region_1_left_0: Received dict for DBN 0
place_region_1_left_0: Received dict for DBN 2
place_region_1_left_0: Received dict for DBN 3
place_region_1_left_0: Sampling transitions and computing reward
place_region_1_left_0: Building transition/reward matrices
place_region_1_right_0: Identifying enabled states...
place_region_1_right_0: Splitting up datasets...
place_region_1_right_0: Learning DBNS...
place_region_1_right_0: Building transition dicts for each DBN
place_region_1_right_0: Starting process for DBN 0
place_region_1_right_0: Starting process for DBN 1
place_region_1_right_0: Starting process for DBN 2
place_region_1_right_0: Starting process for DBN 3
place_region_1_right_0: Received dict for DBN 1
place_region_1_right_0: Received dict for DBN 0
place_region_1_right_0: Received dict for DBN 2
place_region_1_right_0: Received dict for DBN 3
place_region_1_right_0: Sampling transitions and computing reward
place_region_1_right_0: Building transition/reward matrices
place_region_1_front_270: Identifying enabled states...
place_region_1_front_270: Splitting up datasets...
place_region_1_front_270: Learning DBNS...
place_region_1_front_270: Building transition dicts for each DBN
place_region_1_front_270: Starting process for DBN 0
place_region_1_front_270: Starting process for DBN 1
place_region_1_front_270: Starting process for DBN 2
place_region_1_front_270: Starting process for DBN 3
place_region_1_front_270: Received dict for DBN 1
place_region_1_front_270: Received dict for DBN 0
place_region_1_front_270: Received dict for DBN 2
place_region_1_front_270: Received dict for DBN 3
place_region_1_front_270: Sampling transitions and computing reward
place_region_1_front_270: Building transition/reward matrices
place_region_2_top_0: Identifying enabled states...
place_region_2_top_0: Splitting up datasets...
place_region_2_top_0: Learning DBNS...
place_region_2_top_0: Building transition dicts for each DBN
place_region_2_top_0: Starting process for DBN 0
place_region_2_top_0: Starting process for DBN 1
place_region_2_top_0: Starting process for DBN 2
place_region_2_top_0: Starting process for DBN 3
place_region_2_top_0: Received dict for DBN 1
place_region_2_top_0: Received dict for DBN 0
place_region_2_top_0: Received dict for DBN 2
place_region_2_top_0: Received dict for DBN 3
place_region_2_top_0: Sampling transitions and computing reward
place_region_2_top_0: Building transition/reward matrices
place_region_2_left_0: Identifying enabled states...
place_region_2_left_0: Splitting up datasets...
place_region_2_left_0: Learning DBNS...
place_region_2_left_0: Building transition dicts for each DBN
place_region_2_left_0: Starting process for DBN 0
place_region_2_left_0: Starting process for DBN 1
place_region_2_left_0: Starting process for DBN 2
place_region_2_left_0: Starting process for DBN 3
place_region_2_left_0: Received dict for DBN 1
place_region_2_left_0: Received dict for DBN 0
place_region_2_left_0: Received dict for DBN 2
place_region_2_left_0: Received dict for DBN 3
place_region_2_left_0: Sampling transitions and computing reward
place_region_2_left_0: Building transition/reward matrices
place_region_2_right_0: Identifying enabled states...
place_region_2_right_0: Splitting up datasets...
place_region_2_right_0: Learning DBNS...
place_region_2_right_0: Building transition dicts for each DBN
place_region_2_right_0: Starting process for DBN 0
place_region_2_right_0: Starting process for DBN 1
place_region_2_right_0: Starting process for DBN 2
place_region_2_right_0: Starting process for DBN 3
place_region_2_right_0: Received dict for DBN 1
place_region_2_right_0: Received dict for DBN 0
place_region_2_right_0: Received dict for DBN 2
place_region_2_right_0: Received dict for DBN 3
place_region_2_right_0: Sampling transitions and computing reward
place_region_2_right_0: Building transition/reward matrices
place_region_2_front_270: Identifying enabled states...
place_region_2_front_270: Splitting up datasets...
place_region_2_front_270: Learning DBNS...
place_region_2_front_270: Building transition dicts for each DBN
place_region_2_front_270: Starting process for DBN 0
place_region_2_front_270: Starting process for DBN 1
place_region_2_front_270: Starting process for DBN 2
place_region_2_front_270: Starting process for DBN 3
place_region_2_front_270: Received dict for DBN 1
place_region_2_front_270: Received dict for DBN 0
place_region_2_front_270: Received dict for DBN 2
place_region_2_front_270: Received dict for DBN 3
place_region_2_front_270: Sampling transitions and computing reward
place_region_2_front_270: Building transition/reward matrices
Building MDP...
Synthesising Policy...
Solving MDP for timestep: 29
Solving MDP for timestep: 28
Solving MDP for timestep: 27
Solving MDP for timestep: 26
Solving MDP for timestep: 25
Solving MDP for timestep: 24
Solving MDP for timestep: 23
Solving MDP for timestep: 22
Solving MDP for timestep: 21
Solving MDP for timestep: 20
Solving MDP for timestep: 19
Solving MDP for timestep: 18
Solving MDP for timestep: 17
Solving MDP for timestep: 16
Solving MDP for timestep: 15
Solving MDP for timestep: 14
Solving MDP for timestep: 13
Solving MDP for timestep: 12
Solving MDP for timestep: 11
Solving MDP for timestep: 10
Solving MDP for timestep: 9
Solving MDP for timestep: 8
Solving MDP for timestep: 7
Solving MDP for timestep: 6
Solving MDP for timestep: 5
Solving MDP for timestep: 4
Solving MDP for timestep: 3
Solving MDP for timestep: 2
Solving MDP for timestep: 1
Solving MDP for timestep: 0
Resetting the scene for new episode
Step 0
policy value 41.787052154541016
State(column0: region_0, column1: region_2, column2: region_1)
pick_column1_front_270
Action: Action(ActionType.PICK, obj=/column1, slot=None,grasp=GraspType.FRONT_270)
[EXEC] Picking /column1 with front_270

[INFO] Found 5440 potential configurations.
[INFO] Motion completed successfully with result: success,in execution time: 4.16 seconds
[INFO] Found a reachable configuration for pick action after 1 attempts.
Tip distance after pick: 0.020030233564811244
[INFO] Pick action completed successfully.in execution time: 4.16 seconds
[EXEC] Action ActionType.PICK executed in 8.77 seconds
[SUCCESS] Action ActionType.PICK succeeded for object /column1
Action duration: 4.16
[LOG] Transition logged to MongoDB: 3b45543f-1da5-4b6b-a71d-6af8c33bab70 - Episode 18
Step 1
policy value 39.89918899536133
State(column0: region_0, column1: held, column2: region_1)
place_goal_2_front_270
Action: Action(ActionType.PLACE, obj=/column1, slot=/goal_2,grasp=GraspType.FRONT_270)
[EXEC] Placing at [-0.6000000000000001, 0.8250000000000003, 0.5] with grasp front_270

[INFO] Found 5568 potential configurations.
[WARN] No valid configuration found (all tested configs invalid).
[EXEC] Action ActionType.PLACE executed in 2.83 seconds
[ERROR] Action ActionType.PLACE failed for object /column1
Action duration: 0.001
[LOG] Transition logged to MongoDB: 3b45543f-1da5-4b6b-a71d-6af8c33bab70 - Episode 18
Action failed, stopping. Time elapsed: 0.001
Step 2
policy value 38.412353515625
State(column0: region_0, column1: held, column2: region_1)
place_goal_2_front_270
Action: Action(ActionType.PLACE, obj=/column1, slot=/goal_2,grasp=GraspType.FRONT_270)
[EXEC] Placing at [-0.6000000000000001, 0.8250000000000003, 0.5] with grasp front_270

[INFO] Found 7936 potential configurations.
[WARN] No valid configuration found (all tested configs invalid).
[EXEC] Action ActionType.PLACE executed in 3.69 seconds
[ERROR] Action ActionType.PLACE failed for object /column1
Action duration: 0.001
[LOG] Transition logged to MongoDB: 3b45543f-1da5-4b6b-a71d-6af8c33bab70 - Episode 18
Action failed, stopping. Time elapsed: 0.001
Step 3
policy value 36.92610549926758
State(column0: region_0, column1: held, column2: region_1)
place_goal_2_front_270
Action: Action(ActionType.PLACE, obj=/column1, slot=/goal_2,grasp=GraspType.FRONT_270)
[EXEC] Placing at [-0.6000000000000001, 0.8250000000000003, 0.5] with grasp front_270

[INFO] Found 6976 potential configurations.
[WARN] No valid configuration found (all tested configs invalid).
[EXEC] Action ActionType.PLACE executed in 3.34 seconds
[ERROR] Action ActionType.PLACE failed for object /column1
Action duration: 0.001
[LOG] Transition logged to MongoDB: 3b45543f-1da5-4b6b-a71d-6af8c33bab70 - Episode 18
Action failed, stopping. Time elapsed: 0.001
Step 4
policy value 35.440616607666016
State(column0: region_0, column1: held, column2: region_1)
place_goal_2_front_270
Action: Action(ActionType.PLACE, obj=/column1, slot=/goal_2,grasp=GraspType.FRONT_270)
[EXEC] Placing at [-0.6000000000000001, 0.8250000000000003, 0.5] with grasp front_270

[INFO] Found 7296 potential configurations.
[WARN] No valid configuration found (all tested configs invalid).
[EXEC] Action ActionType.PLACE executed in 3.49 seconds
[ERROR] Action ActionType.PLACE failed for object /column1
Action duration: 0.001
[LOG] Transition logged to MongoDB: 3b45543f-1da5-4b6b-a71d-6af8c33bab70 - Episode 18
Action failed, stopping. Time elapsed: 0.001
Step 5
policy value 33.95614242553711
State(column0: region_0, column1: held, column2: region_1)
place_goal_2_front_270
Action: Action(ActionType.PLACE, obj=/column1, slot=/goal_2,grasp=GraspType.FRONT_270)
[EXEC] Placing at [-0.6000000000000001, 0.8250000000000003, 0.5] with grasp front_270

[INFO] Found 5888 potential configurations.
[WARN] No valid configuration found (all tested configs invalid).
[EXEC] Action ActionType.PLACE executed in 2.82 seconds
[ERROR] Action ActionType.PLACE failed for object /column1
Action duration: 0.001
[LOG] Transition logged to MongoDB: 3b45543f-1da5-4b6b-a71d-6af8c33bab70 - Episode 18
Action failed, stopping. Time elapsed: 0.001
Step 6
policy value 32.473018646240234
State(column0: region_0, column1: held, column2: region_1)
place_goal_2_front_270
Action: Action(ActionType.PLACE, obj=/column1, slot=/goal_2,grasp=GraspType.FRONT_270)
[EXEC] Placing at [-0.6000000000000001, 0.8250000000000003, 0.5] with grasp front_270

[INFO] Found 6784 potential configurations.
[WARN] No valid configuration found (all tested configs invalid).
[EXEC] Action ActionType.PLACE executed in 3.35 seconds
[ERROR] Action ActionType.PLACE failed for object /column1
Action duration: 0.001
[LOG] Transition logged to MongoDB: 3b45543f-1da5-4b6b-a71d-6af8c33bab70 - Episode 18
Action failed, stopping. Time elapsed: 0.001
Too many failures, resetting episode
Episode 14 ended
Revising policy
USING STORM: False
Reading data from MongoDB...
Total option moiton param combinations 36
Collected combinations 36
Building state to idx mapping...
Building option ensembles...
pick_column0_top_0: Identifying enabled states...
pick_column0_top_0: Splitting up datasets...
pick_column0_top_0: Learning DBNS...
pick_column0_top_0: Building transition dicts for each DBN
pick_column0_top_0: Starting process for DBN 0
pick_column0_top_0: Starting process for DBN 1
pick_column0_top_0: Starting process for DBN 2
pick_column0_top_0: Starting process for DBN 3
pick_column0_top_0: Received dict for DBN 0
pick_column0_top_0: Received dict for DBN 1
pick_column0_top_0: Received dict for DBN 2
pick_column0_top_0: Received dict for DBN 3
pick_column0_top_0: Sampling transitions and computing reward
pick_column0_top_0: Building transition/reward matrices
pick_column0_left_0: Identifying enabled states...
pick_column0_left_0: Splitting up datasets...
pick_column0_left_0: Learning DBNS...
pick_column0_left_0: Building transition dicts for each DBN
pick_column0_left_0: Starting process for DBN 0
pick_column0_left_0: Starting process for DBN 1
pick_column0_left_0: Starting process for DBN 2
pick_column0_left_0: Starting process for DBN 3
pick_column0_left_0: Received dict for DBN 0
pick_column0_left_0: Received dict for DBN 1
pick_column0_left_0: Received dict for DBN 2
pick_column0_left_0: Received dict for DBN 3
pick_column0_left_0: Sampling transitions and computing reward
pick_column0_left_0: Building transition/reward matrices
pick_column0_right_0: Identifying enabled states...
pick_column0_right_0: Splitting up datasets...
pick_column0_right_0: Learning DBNS...
pick_column0_right_0: Building transition dicts for each DBN
pick_column0_right_0: Starting process for DBN 0
pick_column0_right_0: Starting process for DBN 1
pick_column0_right_0: Starting process for DBN 2
pick_column0_right_0: Starting process for DBN 3
pick_column0_right_0: Received dict for DBN 0
pick_column0_right_0: Received dict for DBN 1
pick_column0_right_0: Received dict for DBN 2
pick_column0_right_0: Received dict for DBN 3
pick_column0_right_0: Sampling transitions and computing reward
pick_column0_right_0: Building transition/reward matrices
pick_column0_front_270: Identifying enabled states...
pick_column0_front_270: Splitting up datasets...
pick_column0_front_270: Learning DBNS...
pick_column0_front_270: Building transition dicts for each DBN
pick_column0_front_270: Starting process for DBN 0
pick_column0_front_270: Starting process for DBN 1
pick_column0_front_270: Starting process for DBN 2
pick_column0_front_270: Starting process for DBN 3
pick_column0_front_270: Received dict for DBN 0
pick_column0_front_270: Received dict for DBN 2
pick_column0_front_270: Received dict for DBN 1
pick_column0_front_270: Received dict for DBN 3
pick_column0_front_270: Sampling transitions and computing reward
pick_column0_front_270: Building transition/reward matrices
pick_column1_top_0: Identifying enabled states...
pick_column1_top_0: Splitting up datasets...
pick_column1_top_0: Learning DBNS...
pick_column1_top_0: Building transition dicts for each DBN
pick_column1_top_0: Starting process for DBN 0
pick_column1_top_0: Starting process for DBN 1
pick_column1_top_0: Starting process for DBN 2
pick_column1_top_0: Starting process for DBN 3
pick_column1_top_0: Received dict for DBN 0
pick_column1_top_0: Received dict for DBN 1
pick_column1_top_0: Received dict for DBN 2
pick_column1_top_0: Received dict for DBN 3
pick_column1_top_0: Sampling transitions and computing reward
pick_column1_top_0: Building transition/reward matrices
pick_column1_left_0: Identifying enabled states...
pick_column1_left_0: Splitting up datasets...
pick_column1_left_0: Learning DBNS...
pick_column1_left_0: Building transition dicts for each DBN
pick_column1_left_0: Starting process for DBN 0
pick_column1_left_0: Starting process for DBN 1
pick_column1_left_0: Starting process for DBN 2
pick_column1_left_0: Starting process for DBN 3
pick_column1_left_0: Received dict for DBN 0
pick_column1_left_0: Received dict for DBN 1
pick_column1_left_0: Received dict for DBN 2
pick_column1_left_0: Received dict for DBN 3
pick_column1_left_0: Sampling transitions and computing reward
pick_column1_left_0: Building transition/reward matrices
pick_column1_right_0: Identifying enabled states...
pick_column1_right_0: Splitting up datasets...
pick_column1_right_0: Learning DBNS...
pick_column1_right_0: Building transition dicts for each DBN
pick_column1_right_0: Starting process for DBN 0
pick_column1_right_0: Starting process for DBN 1
pick_column1_right_0: Starting process for DBN 2
pick_column1_right_0: Starting process for DBN 3
pick_column1_right_0: Received dict for DBN 0
pick_column1_right_0: Received dict for DBN 1
pick_column1_right_0: Received dict for DBN 2
pick_column1_right_0: Received dict for DBN 3
pick_column1_right_0: Sampling transitions and computing reward
pick_column1_right_0: Building transition/reward matrices
pick_column1_front_270: Identifying enabled states...
pick_column1_front_270: Splitting up datasets...
pick_column1_front_270: Learning DBNS...
pick_column1_front_270: Building transition dicts for each DBN
pick_column1_front_270: Starting process for DBN 0
pick_column1_front_270: Starting process for DBN 1
pick_column1_front_270: Starting process for DBN 2
pick_column1_front_270: Starting process for DBN 3
pick_column1_front_270: Received dict for DBN 2
pick_column1_front_270: Received dict for DBN 1
pick_column1_front_270: Received dict for DBN 3
pick_column1_front_270: Received dict for DBN 0
pick_column1_front_270: Sampling transitions and computing reward
pick_column1_front_270: Building transition/reward matrices
pick_column2_top_0: Identifying enabled states...
pick_column2_top_0: Splitting up datasets...
pick_column2_top_0: Learning DBNS...
pick_column2_top_0: Building transition dicts for each DBN
pick_column2_top_0: Starting process for DBN 0
pick_column2_top_0: Starting process for DBN 1
pick_column2_top_0: Starting process for DBN 2
pick_column2_top_0: Starting process for DBN 3
pick_column2_top_0: Received dict for DBN 0
pick_column2_top_0: Received dict for DBN 1
pick_column2_top_0: Received dict for DBN 2
pick_column2_top_0: Received dict for DBN 3
pick_column2_top_0: Sampling transitions and computing reward
pick_column2_top_0: Building transition/reward matrices
pick_column2_left_0: Identifying enabled states...
pick_column2_left_0: Splitting up datasets...
pick_column2_left_0: Learning DBNS...
pick_column2_left_0: Building transition dicts for each DBN
pick_column2_left_0: Starting process for DBN 0
pick_column2_left_0: Starting process for DBN 1
pick_column2_left_0: Starting process for DBN 2
pick_column2_left_0: Starting process for DBN 3
pick_column2_left_0: Received dict for DBN 0
pick_column2_left_0: Received dict for DBN 1
pick_column2_left_0: Received dict for DBN 2
pick_column2_left_0: Received dict for DBN 3
pick_column2_left_0: Sampling transitions and computing reward
pick_column2_left_0: Building transition/reward matrices
pick_column2_right_0: Identifying enabled states...
pick_column2_right_0: Splitting up datasets...
pick_column2_right_0: Learning DBNS...
pick_column2_right_0: Building transition dicts for each DBN
pick_column2_right_0: Starting process for DBN 0
pick_column2_right_0: Starting process for DBN 1
pick_column2_right_0: Starting process for DBN 2
pick_column2_right_0: Starting process for DBN 3
pick_column2_right_0: Received dict for DBN 0
pick_column2_right_0: Received dict for DBN 1
pick_column2_right_0: Received dict for DBN 2
pick_column2_right_0: Received dict for DBN 3
pick_column2_right_0: Sampling transitions and computing reward
pick_column2_right_0: Building transition/reward matrices
pick_column2_front_270: Identifying enabled states...
pick_column2_front_270: Splitting up datasets...
pick_column2_front_270: Learning DBNS...
pick_column2_front_270: Building transition dicts for each DBN
pick_column2_front_270: Starting process for DBN 0
pick_column2_front_270: Starting process for DBN 1
pick_column2_front_270: Starting process for DBN 2
pick_column2_front_270: Starting process for DBN 3
pick_column2_front_270: Received dict for DBN 0
pick_column2_front_270: Received dict for DBN 1
pick_column2_front_270: Received dict for DBN 2
pick_column2_front_270: Received dict for DBN 3
pick_column2_front_270: Sampling transitions and computing reward
pick_column2_front_270: Building transition/reward matrices
place_goal_0_top_0: Identifying enabled states...
place_goal_0_top_0: Splitting up datasets...
place_goal_0_top_0: Learning DBNS...
place_goal_0_top_0: Building transition dicts for each DBN
place_goal_0_top_0: Starting process for DBN 0
place_goal_0_top_0: Starting process for DBN 1
place_goal_0_top_0: Starting process for DBN 2
place_goal_0_top_0: Starting process for DBN 3
place_goal_0_top_0: Received dict for DBN 0
place_goal_0_top_0: Received dict for DBN 1
place_goal_0_top_0: Received dict for DBN 3
place_goal_0_top_0: Received dict for DBN 2
place_goal_0_top_0: Sampling transitions and computing reward
place_goal_0_top_0: Building transition/reward matrices
place_goal_0_left_0: Identifying enabled states...
place_goal_0_left_0: Splitting up datasets...
place_goal_0_left_0: Learning DBNS...
place_goal_0_left_0: Building transition dicts for each DBN
place_goal_0_left_0: Starting process for DBN 0
place_goal_0_left_0: Starting process for DBN 1
place_goal_0_left_0: Starting process for DBN 2
place_goal_0_left_0: Starting process for DBN 3
place_goal_0_left_0: Received dict for DBN 0
place_goal_0_left_0: Received dict for DBN 1
place_goal_0_left_0: Received dict for DBN 2
place_goal_0_left_0: Received dict for DBN 3
place_goal_0_left_0: Sampling transitions and computing reward
place_goal_0_left_0: Building transition/reward matrices
place_goal_0_right_0: Identifying enabled states...
place_goal_0_right_0: Splitting up datasets...
place_goal_0_right_0: Learning DBNS...
place_goal_0_right_0: Building transition dicts for each DBN
place_goal_0_right_0: Starting process for DBN 0
place_goal_0_right_0: Starting process for DBN 1
place_goal_0_right_0: Starting process for DBN 2
place_goal_0_right_0: Starting process for DBN 3
place_goal_0_right_0: Received dict for DBN 0
place_goal_0_right_0: Received dict for DBN 1
place_goal_0_right_0: Received dict for DBN 2
place_goal_0_right_0: Received dict for DBN 3
place_goal_0_right_0: Sampling transitions and computing reward
place_goal_0_right_0: Building transition/reward matrices
place_goal_0_front_270: Identifying enabled states...
place_goal_0_front_270: Splitting up datasets...
place_goal_0_front_270: Learning DBNS...
place_goal_0_front_270: Building transition dicts for each DBN
place_goal_0_front_270: Starting process for DBN 0
place_goal_0_front_270: Starting process for DBN 1
place_goal_0_front_270: Starting process for DBN 2
place_goal_0_front_270: Starting process for DBN 3
place_goal_0_front_270: Received dict for DBN 0
place_goal_0_front_270: Received dict for DBN 2
place_goal_0_front_270: Received dict for DBN 3
place_goal_0_front_270: Received dict for DBN 1
place_goal_0_front_270: Sampling transitions and computing reward
place_goal_0_front_270: Building transition/reward matrices
place_goal_1_top_0: Identifying enabled states...
place_goal_1_top_0: Splitting up datasets...
place_goal_1_top_0: Learning DBNS...
place_goal_1_top_0: Building transition dicts for each DBN
place_goal_1_top_0: Starting process for DBN 0
place_goal_1_top_0: Starting process for DBN 1
place_goal_1_top_0: Starting process for DBN 2
place_goal_1_top_0: Starting process for DBN 3
place_goal_1_top_0: Received dict for DBN 0
place_goal_1_top_0: Received dict for DBN 1
place_goal_1_top_0: Received dict for DBN 2
place_goal_1_top_0: Received dict for DBN 3
place_goal_1_top_0: Sampling transitions and computing reward
place_goal_1_top_0: Building transition/reward matrices
place_goal_1_left_0: Identifying enabled states...
place_goal_1_left_0: Splitting up datasets...
place_goal_1_left_0: Learning DBNS...
place_goal_1_left_0: Building transition dicts for each DBN
place_goal_1_left_0: Starting process for DBN 0
place_goal_1_left_0: Starting process for DBN 1
place_goal_1_left_0: Starting process for DBN 2
place_goal_1_left_0: Starting process for DBN 3
place_goal_1_left_0: Received dict for DBN 0
place_goal_1_left_0: Received dict for DBN 1
place_goal_1_left_0: Received dict for DBN 2
place_goal_1_left_0: Received dict for DBN 3
place_goal_1_left_0: Sampling transitions and computing reward
place_goal_1_left_0: Building transition/reward matrices
place_goal_1_right_0: Identifying enabled states...
place_goal_1_right_0: Splitting up datasets...
place_goal_1_right_0: Learning DBNS...
place_goal_1_right_0: Building transition dicts for each DBN
place_goal_1_right_0: Starting process for DBN 0
place_goal_1_right_0: Starting process for DBN 1
place_goal_1_right_0: Starting process for DBN 2
place_goal_1_right_0: Starting process for DBN 3
place_goal_1_right_0: Received dict for DBN 0
place_goal_1_right_0: Received dict for DBN 1
place_goal_1_right_0: Received dict for DBN 2
place_goal_1_right_0: Received dict for DBN 3
place_goal_1_right_0: Sampling transitions and computing reward
place_goal_1_right_0: Building transition/reward matrices
place_goal_1_front_270: Identifying enabled states...
place_goal_1_front_270: Splitting up datasets...
place_goal_1_front_270: Learning DBNS...
place_goal_1_front_270: Building transition dicts for each DBN
place_goal_1_front_270: Starting process for DBN 0
place_goal_1_front_270: Starting process for DBN 1
place_goal_1_front_270: Starting process for DBN 2
place_goal_1_front_270: Starting process for DBN 3
place_goal_1_front_270: Received dict for DBN 0
place_goal_1_front_270: Received dict for DBN 1
place_goal_1_front_270: Received dict for DBN 2
place_goal_1_front_270: Received dict for DBN 3
place_goal_1_front_270: Sampling transitions and computing reward
place_goal_1_front_270: Building transition/reward matrices
place_goal_2_top_0: Identifying enabled states...
place_goal_2_top_0: Splitting up datasets...
place_goal_2_top_0: Learning DBNS...
place_goal_2_top_0: Building transition dicts for each DBN
place_goal_2_top_0: Starting process for DBN 0
place_goal_2_top_0: Starting process for DBN 1
place_goal_2_top_0: Starting process for DBN 2
place_goal_2_top_0: Starting process for DBN 3
place_goal_2_top_0: Received dict for DBN 0
place_goal_2_top_0: Received dict for DBN 1
place_goal_2_top_0: Received dict for DBN 2
place_goal_2_top_0: Received dict for DBN 3
place_goal_2_top_0: Sampling transitions and computing reward
place_goal_2_top_0: Building transition/reward matrices
place_goal_2_left_0: Identifying enabled states...
place_goal_2_left_0: Splitting up datasets...
place_goal_2_left_0: Learning DBNS...
place_goal_2_left_0: Building transition dicts for each DBN
place_goal_2_left_0: Starting process for DBN 0
place_goal_2_left_0: Starting process for DBN 1
place_goal_2_left_0: Starting process for DBN 2
place_goal_2_left_0: Starting process for DBN 3
place_goal_2_left_0: Received dict for DBN 0
place_goal_2_left_0: Received dict for DBN 1
place_goal_2_left_0: Received dict for DBN 2
place_goal_2_left_0: Received dict for DBN 3
place_goal_2_left_0: Sampling transitions and computing reward
place_goal_2_left_0: Building transition/reward matrices
place_goal_2_right_0: Identifying enabled states...
place_goal_2_right_0: Splitting up datasets...
place_goal_2_right_0: Learning DBNS...
place_goal_2_right_0: Building transition dicts for each DBN
place_goal_2_right_0: Starting process for DBN 0
place_goal_2_right_0: Starting process for DBN 1
place_goal_2_right_0: Starting process for DBN 2
place_goal_2_right_0: Starting process for DBN 3
place_goal_2_right_0: Received dict for DBN 2
place_goal_2_right_0: Received dict for DBN 3
place_goal_2_right_0: Received dict for DBN 0
place_goal_2_right_0: Received dict for DBN 1
place_goal_2_right_0: Sampling transitions and computing reward
place_goal_2_right_0: Building transition/reward matrices
place_goal_2_front_270: Identifying enabled states...
place_goal_2_front_270: Splitting up datasets...
place_goal_2_front_270: Learning DBNS...
place_goal_2_front_270: Building transition dicts for each DBN
place_goal_2_front_270: Starting process for DBN 0
place_goal_2_front_270: Starting process for DBN 1
place_goal_2_front_270: Starting process for DBN 2
place_goal_2_front_270: Starting process for DBN 3
place_goal_2_front_270: Received dict for DBN 0
place_goal_2_front_270: Received dict for DBN 1
place_goal_2_front_270: Received dict for DBN 2
place_goal_2_front_270: Received dict for DBN 3
place_goal_2_front_270: Sampling transitions and computing reward
place_goal_2_front_270: Building transition/reward matrices
place_region_0_top_0: Identifying enabled states...
place_region_0_top_0: Splitting up datasets...
place_region_0_top_0: Learning DBNS...
place_region_0_top_0: Building transition dicts for each DBN
place_region_0_top_0: Starting process for DBN 0
place_region_0_top_0: Starting process for DBN 1
place_region_0_top_0: Starting process for DBN 2
place_region_0_top_0: Starting process for DBN 3
place_region_0_top_0: Received dict for DBN 0
place_region_0_top_0: Received dict for DBN 3
place_region_0_top_0: Received dict for DBN 2
place_region_0_top_0: Received dict for DBN 1
place_region_0_top_0: Sampling transitions and computing reward
place_region_0_top_0: Building transition/reward matrices
place_region_0_left_0: Identifying enabled states...
place_region_0_left_0: Splitting up datasets...
place_region_0_left_0: Learning DBNS...
place_region_0_left_0: Building transition dicts for each DBN
place_region_0_left_0: Starting process for DBN 0
place_region_0_left_0: Starting process for DBN 1
place_region_0_left_0: Starting process for DBN 2
place_region_0_left_0: Starting process for DBN 3
place_region_0_left_0: Received dict for DBN 0
place_region_0_left_0: Received dict for DBN 1
place_region_0_left_0: Received dict for DBN 2
place_region_0_left_0: Received dict for DBN 3
place_region_0_left_0: Sampling transitions and computing reward
place_region_0_left_0: Building transition/reward matrices
place_region_0_right_0: Identifying enabled states...
place_region_0_right_0: Splitting up datasets...
place_region_0_right_0: Learning DBNS...
place_region_0_right_0: Building transition dicts for each DBN
place_region_0_right_0: Starting process for DBN 0
place_region_0_right_0: Starting process for DBN 1
place_region_0_right_0: Starting process for DBN 2
place_region_0_right_0: Starting process for DBN 3
place_region_0_right_0: Received dict for DBN 0
place_region_0_right_0: Received dict for DBN 1
place_region_0_right_0: Received dict for DBN 2
place_region_0_right_0: Received dict for DBN 3
place_region_0_right_0: Sampling transitions and computing reward
place_region_0_right_0: Building transition/reward matrices
place_region_0_front_270: Identifying enabled states...
place_region_0_front_270: Splitting up datasets...
place_region_0_front_270: Learning DBNS...
place_region_0_front_270: Building transition dicts for each DBN
place_region_0_front_270: Starting process for DBN 0
place_region_0_front_270: Starting process for DBN 1
place_region_0_front_270: Starting process for DBN 2
place_region_0_front_270: Starting process for DBN 3
place_region_0_front_270: Received dict for DBN 1
place_region_0_front_270: Received dict for DBN 0
place_region_0_front_270: Received dict for DBN 2
place_region_0_front_270: Received dict for DBN 3
place_region_0_front_270: Sampling transitions and computing reward
place_region_0_front_270: Building transition/reward matrices
place_region_1_top_0: Identifying enabled states...
place_region_1_top_0: Splitting up datasets...
place_region_1_top_0: Learning DBNS...
place_region_1_top_0: Building transition dicts for each DBN
place_region_1_top_0: Starting process for DBN 0
place_region_1_top_0: Starting process for DBN 1
place_region_1_top_0: Starting process for DBN 2
place_region_1_top_0: Starting process for DBN 3
place_region_1_top_0: Received dict for DBN 0
place_region_1_top_0: Received dict for DBN 1
place_region_1_top_0: Received dict for DBN 2
place_region_1_top_0: Received dict for DBN 3
place_region_1_top_0: Sampling transitions and computing reward
place_region_1_top_0: Building transition/reward matrices
place_region_1_left_0: Identifying enabled states...
place_region_1_left_0: Splitting up datasets...
place_region_1_left_0: Learning DBNS...
place_region_1_left_0: Building transition dicts for each DBN
place_region_1_left_0: Starting process for DBN 0
place_region_1_left_0: Starting process for DBN 1
place_region_1_left_0: Starting process for DBN 2
place_region_1_left_0: Starting process for DBN 3
place_region_1_left_0: Received dict for DBN 0
place_region_1_left_0: Received dict for DBN 1
place_region_1_left_0: Received dict for DBN 2
place_region_1_left_0: Received dict for DBN 3
place_region_1_left_0: Sampling transitions and computing reward
place_region_1_left_0: Building transition/reward matrices
place_region_1_right_0: Identifying enabled states...
place_region_1_right_0: Splitting up datasets...
place_region_1_right_0: Learning DBNS...
place_region_1_right_0: Building transition dicts for each DBN
place_region_1_right_0: Starting process for DBN 0
place_region_1_right_0: Starting process for DBN 1
place_region_1_right_0: Starting process for DBN 2
place_region_1_right_0: Starting process for DBN 3
place_region_1_right_0: Received dict for DBN 1
place_region_1_right_0: Received dict for DBN 0
place_region_1_right_0: Received dict for DBN 2
place_region_1_right_0: Received dict for DBN 3
place_region_1_right_0: Sampling transitions and computing reward
place_region_1_right_0: Building transition/reward matrices
place_region_1_front_270: Identifying enabled states...
place_region_1_front_270: Splitting up datasets...
place_region_1_front_270: Learning DBNS...
place_region_1_front_270: Building transition dicts for each DBN
place_region_1_front_270: Starting process for DBN 0
place_region_1_front_270: Starting process for DBN 1
place_region_1_front_270: Starting process for DBN 2
place_region_1_front_270: Starting process for DBN 3
place_region_1_front_270: Received dict for DBN 1
place_region_1_front_270: Received dict for DBN 0
place_region_1_front_270: Received dict for DBN 2
place_region_1_front_270: Received dict for DBN 3
place_region_1_front_270: Sampling transitions and computing reward
place_region_1_front_270: Building transition/reward matrices
place_region_2_top_0: Identifying enabled states...
place_region_2_top_0: Splitting up datasets...
place_region_2_top_0: Learning DBNS...
place_region_2_top_0: Building transition dicts for each DBN
place_region_2_top_0: Starting process for DBN 0
place_region_2_top_0: Starting process for DBN 1
place_region_2_top_0: Starting process for DBN 2
place_region_2_top_0: Starting process for DBN 3
place_region_2_top_0: Received dict for DBN 0
place_region_2_top_0: Received dict for DBN 1
place_region_2_top_0: Received dict for DBN 2
place_region_2_top_0: Received dict for DBN 3
place_region_2_top_0: Sampling transitions and computing reward
place_region_2_top_0: Building transition/reward matrices
place_region_2_left_0: Identifying enabled states...
place_region_2_left_0: Splitting up datasets...
place_region_2_left_0: Learning DBNS...
place_region_2_left_0: Building transition dicts for each DBN
place_region_2_left_0: Starting process for DBN 0
place_region_2_left_0: Starting process for DBN 1
place_region_2_left_0: Starting process for DBN 2
place_region_2_left_0: Starting process for DBN 3
place_region_2_left_0: Received dict for DBN 1
place_region_2_left_0: Received dict for DBN 0
place_region_2_left_0: Received dict for DBN 2
place_region_2_left_0: Received dict for DBN 3
place_region_2_left_0: Sampling transitions and computing reward
place_region_2_left_0: Building transition/reward matrices
place_region_2_right_0: Identifying enabled states...
place_region_2_right_0: Splitting up datasets...
place_region_2_right_0: Learning DBNS...
place_region_2_right_0: Building transition dicts for each DBN
place_region_2_right_0: Starting process for DBN 0
place_region_2_right_0: Starting process for DBN 1
place_region_2_right_0: Starting process for DBN 2
place_region_2_right_0: Starting process for DBN 3
place_region_2_right_0: Received dict for DBN 1
place_region_2_right_0: Received dict for DBN 0
place_region_2_right_0: Received dict for DBN 2
place_region_2_right_0: Received dict for DBN 3
place_region_2_right_0: Sampling transitions and computing reward
place_region_2_right_0: Building transition/reward matrices
place_region_2_front_270: Identifying enabled states...
place_region_2_front_270: Splitting up datasets...
place_region_2_front_270: Learning DBNS...
place_region_2_front_270: Building transition dicts for each DBN
place_region_2_front_270: Starting process for DBN 0
place_region_2_front_270: Starting process for DBN 1
place_region_2_front_270: Starting process for DBN 2
place_region_2_front_270: Starting process for DBN 3
place_region_2_front_270: Received dict for DBN 0
place_region_2_front_270: Received dict for DBN 1
place_region_2_front_270: Received dict for DBN 2
place_region_2_front_270: Received dict for DBN 3
place_region_2_front_270: Sampling transitions and computing reward
place_region_2_front_270: Building transition/reward matrices
Building MDP...
Synthesising Policy...
Solving MDP for timestep: 29
Solving MDP for timestep: 28
Solving MDP for timestep: 27
Solving MDP for timestep: 26
Solving MDP for timestep: 25
Solving MDP for timestep: 24
Solving MDP for timestep: 23
Solving MDP for timestep: 22
Solving MDP for timestep: 21
Solving MDP for timestep: 20
Solving MDP for timestep: 19
Solving MDP for timestep: 18
Solving MDP for timestep: 17
Solving MDP for timestep: 16
Solving MDP for timestep: 15
Solving MDP for timestep: 14
Solving MDP for timestep: 13
Solving MDP for timestep: 12
Solving MDP for timestep: 11
Solving MDP for timestep: 10
Solving MDP for timestep: 9
Solving MDP for timestep: 8
Solving MDP for timestep: 7
Solving MDP for timestep: 6
Solving MDP for timestep: 5
Solving MDP for timestep: 4
Solving MDP for timestep: 3
Solving MDP for timestep: 2
Solving MDP for timestep: 1
Solving MDP for timestep: 0
Resetting the scene for new episode
Step 0
policy value 41.79475402832031
State(column0: region_1, column1: region_2, column2: region_0)
pick_column2_front_270
Action: Action(ActionType.PICK, obj=/column2, slot=None,grasp=GraspType.FRONT_270)
[EXEC] Picking /column2 with front_270

[INFO] Found 7424 potential configurations.
[INFO] Motion completed successfully with result: success,in execution time: 4.56 seconds
[INFO] Found a reachable configuration for pick action after 1 attempts.
Tip distance after pick: 0.021214433546189123
[INFO] Pick action completed successfully.in execution time: 4.56 seconds
[EXEC] Action ActionType.PICK executed in 9.74 seconds
[SUCCESS] Action ActionType.PICK succeeded for object /column2
Action duration: 4.56
[LOG] Transition logged to MongoDB: 3b45543f-1da5-4b6b-a71d-6af8c33bab70 - Episode 18
Step 1
policy value 41.875343322753906
State(column0: region_1, column1: region_2, column2: held)
place_goal_0_top_0
Action: Action(ActionType.PLACE, obj=/column2, slot=/goal_0,grasp=GraspType.TOP_0)
[EXEC] Placing at [-0.27499999999999986, 0.8250000000000005, 0.5] with grasp top_0

[INFO] Found 9088 potential configurations.
[INFO] Motion completed successfully with result: success,in execution time: 4.60 seconds
[INFO] Found a reachable configuration for place action after 1 attempts.
[INFO] Place action completed successfully.
realigning placed object /column2 to target position
[EXEC] Action ActionType.PLACE executed in 12.91 seconds
[SUCCESS] Action ActionType.PLACE succeeded for object /column2
Action duration: 4.5999999999999
[LOG] Transition logged to MongoDB: 3b45543f-1da5-4b6b-a71d-6af8c33bab70 - Episode 18
Step 2
policy value 41.659873962402344
State(column0: region_1, column1: region_2, column2: goal_0)
pick_column1_front_270
Action: Action(ActionType.PICK, obj=/column1, slot=None,grasp=GraspType.FRONT_270)
[EXEC] Picking /column1 with front_270

[INFO] Found 5376 potential configurations.
[INFO] Motion completed successfully with result: success,in execution time: 4.20 seconds
[INFO] Found a reachable configuration for pick action after 1 attempts.
Tip distance after pick: 0.02046086319989729
[INFO] Pick action completed successfully.in execution time: 4.20 seconds
[EXEC] Action ActionType.PICK executed in 10.22 seconds
[SUCCESS] Action ActionType.PICK succeeded for object /column1
Action duration: 4.1999999999999
[LOG] Transition logged to MongoDB: 3b45543f-1da5-4b6b-a71d-6af8c33bab70 - Episode 18
Step 3
policy value 40.50291442871094
State(column0: region_1, column1: held, column2: goal_0)
place_region_0_left_0
Action: Action(ActionType.PLACE, obj=/column1, slot=/region_0,grasp=GraspType.LEFT_0)
[EXEC] Placing at [0.35, 0.8, 0.521] with grasp left_0

[INFO] Found 5120 potential configurations.
[INFO] Motion completed successfully with result: success,in execution time: 6.36 seconds
[INFO] Found a reachable configuration for place action after 1 attempts.
[INFO] Place action completed successfully.
realigning placed object /column1 to target position
[EXEC] Action ActionType.PLACE executed in 12.16 seconds
[SUCCESS] Action ActionType.PLACE succeeded for object /column1
Action duration: 6.3599999999999
[LOG] Transition logged to MongoDB: 3b45543f-1da5-4b6b-a71d-6af8c33bab70 - Episode 18
Step 4
policy value 38.297142028808594
State(column0: region_1, column1: region_0, column2: goal_0)
pick_column1_left_0
Action: Action(ActionType.PICK, obj=/column1, slot=None,grasp=GraspType.LEFT_0)
[EXEC] Picking /column1 with left_0

[INFO] Found 5056 potential configurations.
[INFO] Motion completed successfully with result: success,in execution time: 1.92 seconds
[INFO] Found a reachable configuration for pick action after 1 attempts.
Tip distance after pick: 0.021498505200137453
[INFO] Pick action completed successfully.in execution time: 1.92 seconds
[EXEC] Action ActionType.PICK executed in 8.31 seconds
[SUCCESS] Action ActionType.PICK succeeded for object /column1
Action duration: 1.92
[LOG] Transition logged to MongoDB: 3b45543f-1da5-4b6b-a71d-6af8c33bab70 - Episode 18
Step 5
policy value 37.5242919921875
State(column0: region_1, column1: held, column2: goal_0)
place_region_0_left_0
Action: Action(ActionType.PLACE, obj=/column1, slot=/region_0,grasp=GraspType.LEFT_0)
[EXEC] Placing at [0.35, 0.8, 0.521] with grasp left_0

[INFO] Found 4672 potential configurations.
[INFO] Motion completed successfully with result: success,in execution time: 0.64 seconds
[INFO] Found a reachable configuration for place action after 1 attempts.
[INFO] Place action completed successfully.
realigning placed object /column1 to target position
[EXEC] Action ActionType.PLACE executed in 8.62 seconds
[SUCCESS] Action ActionType.PLACE succeeded for object /column1
Action duration: 0.64000000000007
[LOG] Transition logged to MongoDB: 3b45543f-1da5-4b6b-a71d-6af8c33bab70 - Episode 18
Step 6
policy value 35.318817138671875
State(column0: region_1, column1: region_0, column2: goal_0)
pick_column1_left_0
Action: Action(ActionType.PICK, obj=/column1, slot=None,grasp=GraspType.LEFT_0)
[EXEC] Picking /column1 with left_0

[INFO] Found 7104 potential configurations.
[INFO] Motion completed successfully with result: success,in execution time: 1.88 seconds
[INFO] Found a reachable configuration for pick action after 1 attempts.
Tip distance after pick: 0.021660085300280345
[INFO] Pick action completed successfully.in execution time: 1.88 seconds
[EXEC] Action ActionType.PICK executed in 12.42 seconds
[SUCCESS] Action ActionType.PICK succeeded for object /column1
Action duration: 1.8800000000003
[LOG] Transition logged to MongoDB: 3b45543f-1da5-4b6b-a71d-6af8c33bab70 - Episode 18
Step 7
policy value 34.54566955566406
State(column0: region_1, column1: held, column2: goal_0)
place_region_0_left_0
Action: Action(ActionType.PLACE, obj=/column1, slot=/region_0,grasp=GraspType.LEFT_0)
[EXEC] Placing at [0.35, 0.8, 0.521] with grasp left_0

[INFO] Found 3456 potential configurations.
[INFO] Motion completed successfully with result: success,in execution time: 0.64 seconds
[INFO] Found a reachable configuration for place action after 1 attempts.
[INFO] Place action completed successfully.
realigning placed object /column1 to target position
[EXEC] Action ActionType.PLACE executed in 8.05 seconds
[SUCCESS] Action ActionType.PLACE succeeded for object /column1
Action duration: 0.6400000000001
[LOG] Transition logged to MongoDB: 3b45543f-1da5-4b6b-a71d-6af8c33bab70 - Episode 18
Step 8
policy value 32.34060287475586
State(column0: region_1, column1: region_0, column2: goal_0)
pick_column1_left_0
Action: Action(ActionType.PICK, obj=/column1, slot=None,grasp=GraspType.LEFT_0)
[EXEC] Picking /column1 with left_0

[INFO] Found 4864 potential configurations.
[INFO] Motion completed successfully with result: success,in execution time: 1.88 seconds
[INFO] Found a reachable configuration for pick action after 1 attempts.
Tip distance after pick: 0.021884261639553437
[INFO] Pick action completed successfully.in execution time: 1.88 seconds
[EXEC] Action ActionType.PICK executed in 9.87 seconds
[SUCCESS] Action ActionType.PICK succeeded for object /column1
Action duration: 1.8800000000003
[LOG] Transition logged to MongoDB: 3b45543f-1da5-4b6b-a71d-6af8c33bab70 - Episode 18
Step 9
policy value 31.567045211791992
State(column0: region_1, column1: held, column2: goal_0)
place_region_0_left_0
Action: Action(ActionType.PLACE, obj=/column1, slot=/region_0,grasp=GraspType.LEFT_0)
[EXEC] Placing at [0.35, 0.8, 0.521] with grasp left_0

[INFO] Found 4480 potential configurations.
[INFO] Motion completed successfully with result: success,in execution time: 0.60 seconds
[INFO] Found a reachable configuration for place action after 1 attempts.
[INFO] Place action completed successfully.
realigning placed object /column1 to target position
[EXEC] Action ActionType.PLACE executed in 9.06 seconds
[SUCCESS] Action ActionType.PLACE succeeded for object /column1
Action duration: 0.60000000000009
[LOG] Transition logged to MongoDB: 3b45543f-1da5-4b6b-a71d-6af8c33bab70 - Episode 18
Step 10
policy value 29.362564086914062
State(column0: region_1, column1: region_0, column2: goal_0)
pick_column1_left_0
Action: Action(ActionType.PICK, obj=/column1, slot=None,grasp=GraspType.LEFT_0)
[EXEC] Picking /column1 with left_0

[INFO] Found 5376 potential configurations.
[INFO] Motion completed successfully with result: success,in execution time: 1.88 seconds
[INFO] Found a reachable configuration for pick action after 1 attempts.
Tip distance after pick: 0.021612283203972467
[INFO] Pick action completed successfully.in execution time: 1.88 seconds
[EXEC] Action ActionType.PICK executed in 12.11 seconds
[SUCCESS] Action ActionType.PICK succeeded for object /column1
Action duration: 1.8800000000003
[LOG] Transition logged to MongoDB: 3b45543f-1da5-4b6b-a71d-6af8c33bab70 - Episode 18
Step 11
policy value 28.58841896057129
State(column0: region_1, column1: held, column2: goal_0)
place_region_0_left_0
Action: Action(ActionType.PLACE, obj=/column1, slot=/region_0,grasp=GraspType.LEFT_0)
[EXEC] Placing at [0.35, 0.8, 0.521] with grasp left_0

[INFO] Found 5376 potential configurations.
[INFO] Motion completed successfully with result: success,in execution time: 0.60 seconds
[INFO] Found a reachable configuration for place action after 1 attempts.
[INFO] Place action completed successfully.
realigning placed object /column1 to target position
[EXEC] Action ActionType.PLACE executed in 10.73 seconds
[SUCCESS] Action ActionType.PLACE succeeded for object /column1
Action duration: 0.60000000000009
[LOG] Transition logged to MongoDB: 3b45543f-1da5-4b6b-a71d-6af8c33bab70 - Episode 18
Step 12
policy value 26.3847713470459
State(column0: region_1, column1: region_0, column2: goal_0)
pick_column1_left_0
Action: Action(ActionType.PICK, obj=/column1, slot=None,grasp=GraspType.LEFT_0)
[EXEC] Picking /column1 with left_0

[INFO] Found 5120 potential configurations.
[INFO] Motion completed successfully with result: success,in execution time: 1.88 seconds
[INFO] Found a reachable configuration for pick action after 1 attempts.
Tip distance after pick: 0.021366261291385497
[INFO] Pick action completed successfully.in execution time: 1.88 seconds
[EXEC] Action ActionType.PICK executed in 12.47 seconds
[SUCCESS] Action ActionType.PICK succeeded for object /column1
Action duration: 1.8800000000003
[LOG] Transition logged to MongoDB: 3b45543f-1da5-4b6b-a71d-6af8c33bab70 - Episode 18
Step 13
policy value 25.609792709350586
State(column0: region_1, column1: held, column2: goal_0)
place_region_0_left_0
Action: Action(ActionType.PLACE, obj=/column1, slot=/region_0,grasp=GraspType.LEFT_0)
[EXEC] Placing at [0.35, 0.8, 0.521] with grasp left_0

[INFO] Found 4288 potential configurations.
[INFO] Motion completed successfully with result: success,in execution time: 0.56 seconds
[INFO] Found a reachable configuration for place action after 1 attempts.
[INFO] Place action completed successfully.
realigning placed object /column1 to target position
[EXEC] Action ActionType.PLACE executed in 13.83 seconds
[SUCCESS] Action ActionType.PLACE succeeded for object /column1
Action duration: 0.55999999999989
[LOG] Transition logged to MongoDB: 3b45543f-1da5-4b6b-a71d-6af8c33bab70 - Episode 18
Step 14
policy value 23.4073543548584
State(column0: region_1, column1: region_0, column2: goal_0)
pick_column1_left_0
Action: Action(ActionType.PICK, obj=/column1, slot=None,grasp=GraspType.LEFT_0)
[EXEC] Picking /column1 with left_0

[INFO] Found 4992 potential configurations.
[INFO] Motion completed successfully with result: success,in execution time: 1.92 seconds
[INFO] Found a reachable configuration for pick action after 1 attempts.
Tip distance after pick: 0.021202515598387085
[INFO] Pick action completed successfully.in execution time: 1.92 seconds
[EXEC] Action ActionType.PICK executed in 9.84 seconds
[SUCCESS] Action ActionType.PICK succeeded for object /column1
Action duration: 1.9199999999996
[LOG] Transition logged to MongoDB: 3b45543f-1da5-4b6b-a71d-6af8c33bab70 - Episode 18
Step 15
policy value 22.631166458129883
State(column0: region_1, column1: held, column2: goal_0)
place_region_0_left_0
Action: Action(ActionType.PLACE, obj=/column1, slot=/region_0,grasp=GraspType.LEFT_0)
[EXEC] Placing at [0.35, 0.8, 0.521] with grasp left_0

[INFO] Found 4288 potential configurations.
[INFO] Motion completed successfully with result: success,in execution time: 0.64 seconds
[INFO] Found a reachable configuration for place action after 1 attempts.
[INFO] Place action completed successfully.
realigning placed object /column1 to target position
[EXEC] Action ActionType.PLACE executed in 12.12 seconds
[SUCCESS] Action ActionType.PLACE succeeded for object /column1
Action duration: 0.63999999999987
[LOG] Transition logged to MongoDB: 3b45543f-1da5-4b6b-a71d-6af8c33bab70 - Episode 18
Step 16
policy value 20.430511474609375
State(column0: region_1, column1: region_0, column2: goal_0)
pick_column1_left_0
Action: Action(ActionType.PICK, obj=/column1, slot=None,grasp=GraspType.LEFT_0)
[EXEC] Picking /column1 with left_0

[INFO] Found 5504 potential configurations.
[INFO] Motion completed successfully with result: success,in execution time: 1.92 seconds
[INFO] Found a reachable configuration for pick action after 1 attempts.
Tip distance after pick: 0.021382372275508734
[INFO] Pick action completed successfully.in execution time: 1.92 seconds
[EXEC] Action ActionType.PICK executed in 10.30 seconds
[SUCCESS] Action ActionType.PICK succeeded for object /column1
Action duration: 1.9199999999996
[LOG] Transition logged to MongoDB: 3b45543f-1da5-4b6b-a71d-6af8c33bab70 - Episode 18
Step 17
policy value 19.65254020690918
State(column0: region_1, column1: held, column2: goal_0)
place_region_0_left_0
Action: Action(ActionType.PLACE, obj=/column1, slot=/region_0,grasp=GraspType.LEFT_0)
[EXEC] Placing at [0.35, 0.8, 0.521] with grasp left_0

[INFO] Found 4992 potential configurations.
[INFO] Motion completed successfully with result: success,in execution time: 0.56 seconds
[INFO] Found a reachable configuration for place action after 1 attempts.
[INFO] Place action completed successfully.
realigning placed object /column1 to target position
[EXEC] Action ActionType.PLACE executed in 8.58 seconds
[SUCCESS] Action ActionType.PLACE succeeded for object /column1
Action duration: 0.55999999999989
[LOG] Transition logged to MongoDB: 3b45543f-1da5-4b6b-a71d-6af8c33bab70 - Episode 18
Step 18
policy value 17.45502281188965
State(column0: region_1, column1: region_0, column2: goal_0)
pick_column1_left_0
Action: Action(ActionType.PICK, obj=/column1, slot=None,grasp=GraspType.LEFT_0)
[EXEC] Picking /column1 with left_0

[INFO] Found 5248 potential configurations.
[INFO] Motion completed successfully with result: success,in execution time: 1.92 seconds
[INFO] Found a reachable configuration for pick action after 1 attempts.
Tip distance after pick: 0.021285848499863688
[INFO] Pick action completed successfully.in execution time: 1.92 seconds
[EXEC] Action ActionType.PICK executed in 13.99 seconds
[SUCCESS] Action ActionType.PICK succeeded for object /column1
Action duration: 1.9199999999996
[LOG] Transition logged to MongoDB: 3b45543f-1da5-4b6b-a71d-6af8c33bab70 - Episode 18
Step 19
policy value 16.673913955688477
State(column0: region_1, column1: held, column2: goal_0)
place_region_0_left_0
Action: Action(ActionType.PLACE, obj=/column1, slot=/region_0,grasp=GraspType.LEFT_0)
[EXEC] Placing at [0.35, 0.8, 0.521] with grasp left_0

[INFO] Found 5632 potential configurations.
[INFO] Motion completed successfully with result: success,in execution time: 0.72 seconds
[INFO] Found a reachable configuration for place action after 1 attempts.
[INFO] Place action completed successfully.
realigning placed object /column1 to target position
[EXEC] Action ActionType.PLACE executed in 8.42 seconds
[SUCCESS] Action ActionType.PLACE succeeded for object /column1
Action duration: 0.71999999999986
[LOG] Transition logged to MongoDB: 3b45543f-1da5-4b6b-a71d-6af8c33bab70 - Episode 18
Step 20
policy value 14.487070083618164
State(column0: region_1, column1: region_0, column2: goal_0)
pick_column1_left_0
Action: Action(ActionType.PICK, obj=/column1, slot=None,grasp=GraspType.LEFT_0)
[EXEC] Picking /column1 with left_0

[INFO] Found 6848 potential configurations.
[INFO] Motion completed successfully with result: success,in execution time: 1.92 seconds
[INFO] Found a reachable configuration for pick action after 1 attempts.
Tip distance after pick: 0.02193727108459466
[INFO] Pick action completed successfully.in execution time: 1.92 seconds
[EXEC] Action ActionType.PICK executed in 9.25 seconds
[SUCCESS] Action ActionType.PICK succeeded for object /column1
Action duration: 1.9199999999996
[LOG] Transition logged to MongoDB: 3b45543f-1da5-4b6b-a71d-6af8c33bab70 - Episode 18
Step 21
policy value 13.695287704467773
State(column0: region_1, column1: held, column2: goal_0)
place_region_0_left_0
Action: Action(ActionType.PLACE, obj=/column1, slot=/region_0,grasp=GraspType.LEFT_0)
[EXEC] Placing at [0.35, 0.8, 0.521] with grasp left_0

[INFO] Found 4352 potential configurations.
[INFO] Motion completed successfully with result: success,in execution time: 0.64 seconds
[INFO] Found a reachable configuration for place action after 1 attempts.
[INFO] Place action completed successfully.
realigning placed object /column1 to target position
[EXEC] Action ActionType.PLACE executed in 12.60 seconds
[SUCCESS] Action ActionType.PLACE succeeded for object /column1
Action duration: 0.63999999999987
[LOG] Transition logged to MongoDB: 3b45543f-1da5-4b6b-a71d-6af8c33bab70 - Episode 18
Step 22
policy value 11.524444580078125
State(column0: region_1, column1: region_0, column2: goal_0)
pick_column1_left_0
Action: Action(ActionType.PICK, obj=/column1, slot=None,grasp=GraspType.LEFT_0)
[EXEC] Picking /column1 with left_0

[INFO] Found 5312 potential configurations.
[INFO] Motion completed successfully with result: success,in execution time: 1.92 seconds
[INFO] Found a reachable configuration for pick action after 1 attempts.
Tip distance after pick: 0.0212823654606716
[INFO] Pick action completed successfully.in execution time: 1.92 seconds
[EXEC] Action ActionType.PICK executed in 9.63 seconds
[SUCCESS] Action ActionType.PICK succeeded for object /column1
Action duration: 1.9199999999996
[LOG] Transition logged to MongoDB: 3b45543f-1da5-4b6b-a71d-6af8c33bab70 - Episode 18
Step 23
policy value 10.71666145324707
State(column0: region_1, column1: held, column2: goal_0)
place_region_0_left_0
Action: Action(ActionType.PLACE, obj=/column1, slot=/region_0,grasp=GraspType.LEFT_0)
[EXEC] Placing at [0.35, 0.8, 0.521] with grasp left_0

[INFO] Found 4544 potential configurations.
[INFO] Motion completed successfully with result: success,in execution time: 0.56 seconds
[INFO] Found a reachable configuration for place action after 1 attempts.
[INFO] Place action completed successfully.
realigning placed object /column1 to target position
[EXEC] Action ActionType.PLACE executed in 11.64 seconds
[SUCCESS] Action ActionType.PLACE succeeded for object /column1
Action duration: 0.55999999999989
[LOG] Transition logged to MongoDB: 3b45543f-1da5-4b6b-a71d-6af8c33bab70 - Episode 18
Step 24
policy value 8.569202423095703
State(column0: region_1, column1: region_0, column2: goal_0)
pick_column1_left_0
Action: Action(ActionType.PICK, obj=/column1, slot=None,grasp=GraspType.LEFT_0)
[EXEC] Picking /column1 with left_0

[INFO] Found 6400 potential configurations.
[INFO] Motion completed successfully with result: success,in execution time: 1.92 seconds
[INFO] Found a reachable configuration for pick action after 1 attempts.
Tip distance after pick: 0.021023130577180485
[INFO] Pick action completed successfully.in execution time: 1.92 seconds
[EXEC] Action ActionType.PICK executed in 10.08 seconds
[SUCCESS] Action ActionType.PICK succeeded for object /column1
Action duration: 1.9199999999996
[LOG] Transition logged to MongoDB: 3b45543f-1da5-4b6b-a71d-6af8c33bab70 - Episode 18
Step 25
policy value 7.738035678863525
State(column0: region_1, column1: held, column2: goal_0)
place_region_0_left_0
Action: Action(ActionType.PLACE, obj=/column1, slot=/region_0,grasp=GraspType.LEFT_0)
[EXEC] Placing at [0.35, 0.8, 0.521] with grasp left_0

[INFO] Found 4544 potential configurations.
[INFO] Motion completed successfully with result: success,in execution time: 0.64 seconds
[INFO] Found a reachable configuration for place action after 1 attempts.
[INFO] Place action completed successfully.
realigning placed object /column1 to target position
[EXEC] Action ActionType.PLACE executed in 9.12 seconds
[SUCCESS] Action ActionType.PLACE succeeded for object /column1
Action duration: 0.63999999999987
[LOG] Transition logged to MongoDB: 3b45543f-1da5-4b6b-a71d-6af8c33bab70 - Episode 18
Step 26
policy value 5.623806476593018
State(column0: region_1, column1: region_0, column2: goal_0)
pick_column1_left_0
Action: Action(ActionType.PICK, obj=/column1, slot=None,grasp=GraspType.LEFT_0)
[EXEC] Picking /column1 with left_0

[INFO] Found 6144 potential configurations.
[INFO] Motion completed successfully with result: success,in execution time: 1.92 seconds
[INFO] Found a reachable configuration for pick action after 1 attempts.
Tip distance after pick: 0.021155783652494254
[INFO] Pick action completed successfully.in execution time: 1.92 seconds
[EXEC] Action ActionType.PICK executed in 8.93 seconds
[SUCCESS] Action ActionType.PICK succeeded for object /column1
Action duration: 1.9199999999996
[LOG] Transition logged to MongoDB: 3b45543f-1da5-4b6b-a71d-6af8c33bab70 - Episode 18
Step 27
policy value 4.759410381317139
State(column0: region_1, column1: held, column2: goal_0)
place_region_0_left_0
Action: Action(ActionType.PLACE, obj=/column1, slot=/region_0,grasp=GraspType.LEFT_0)
[EXEC] Placing at [0.35, 0.8, 0.521] with grasp left_0

[INFO] Found 4992 potential configurations.
[INFO] Motion completed successfully with result: success,in execution time: 0.60 seconds
[INFO] Found a reachable configuration for place action after 1 attempts.
[INFO] Place action completed successfully.
realigning placed object /column1 to target position
[EXEC] Action ActionType.PLACE executed in 12.21 seconds
[SUCCESS] Action ActionType.PLACE succeeded for object /column1
Action duration: 0.60000000000031
[LOG] Transition logged to MongoDB: 3b45543f-1da5-4b6b-a71d-6af8c33bab70 - Episode 18
Step 28
policy value 2.525693655014038
State(column0: region_1, column1: region_0, column2: goal_0)
pick_column1_left_0
Action: Action(ActionType.PICK, obj=/column1, slot=None,grasp=GraspType.LEFT_0)
[EXEC] Picking /column1 with left_0

[INFO] Found 5120 potential configurations.
[INFO] Motion completed successfully with result: success,in execution time: 1.88 seconds
[INFO] Found a reachable configuration for pick action after 1 attempts.
Tip distance after pick: 0.021729595366891476
[INFO] Pick action completed successfully.in execution time: 1.88 seconds
[EXEC] Action ActionType.PICK executed in 10.67 seconds
[SUCCESS] Action ActionType.PICK succeeded for object /column1
Action duration: 1.880000000001
[LOG] Transition logged to MongoDB: 3b45543f-1da5-4b6b-a71d-6af8c33bab70 - Episode 18
Step 29
policy value 1.6457114219665527
State(column0: region_1, column1: held, column2: goal_0)
place_goal_1_front_270
Action: Action(ActionType.PLACE, obj=/column1, slot=/goal_1,grasp=GraspType.FRONT_270)
[EXEC] Placing at [-0.2749999999999999, 1.0750000000000006, 0.5] with grasp front_270

[INFO] Found 6208 potential configurations.
[ERROR] Motion failed (collision or invalid path)
[ERROR] Motion result: collision
[WARN] Failed to find a path to the selected place config on attempt 1.
[WARN] No path found to selected place config, discarding and trying next valid config...
[INFO] Motion completed successfully with result: success,in execution time: 9.24 seconds
[INFO] Found a reachable configuration for place action after 2 attempts.
[INFO] Place action completed successfully.
realigning placed object /column1 to target position
[EXEC] Action ActionType.PLACE executed in 22.19 seconds
[SUCCESS] Action ActionType.PLACE succeeded for object /column1
Action duration: 9.2400000000047
[LOG] Transition logged to MongoDB: 3b45543f-1da5-4b6b-a71d-6af8c33bab70 - Episode 18
Step 30
policy value None
No more valid actions in policy
Episode 15 ended
Revising policy
USING STORM: False
Reading data from MongoDB...
Total option moiton param combinations 36
Collected combinations 36
Building state to idx mapping...
Building option ensembles...
pick_column0_top_0: Identifying enabled states...
pick_column0_top_0: Splitting up datasets...
pick_column0_top_0: Learning DBNS...
pick_column0_top_0: Building transition dicts for each DBN
pick_column0_top_0: Starting process for DBN 0
pick_column0_top_0: Starting process for DBN 1
pick_column0_top_0: Starting process for DBN 2
pick_column0_top_0: Starting process for DBN 3
pick_column0_top_0: Received dict for DBN 0
pick_column0_top_0: Received dict for DBN 1
pick_column0_top_0: Received dict for DBN 2
pick_column0_top_0: Received dict for DBN 3
pick_column0_top_0: Sampling transitions and computing reward
pick_column0_top_0: Building transition/reward matrices
pick_column0_left_0: Identifying enabled states...
pick_column0_left_0: Splitting up datasets...
pick_column0_left_0: Learning DBNS...
pick_column0_left_0: Building transition dicts for each DBN
pick_column0_left_0: Starting process for DBN 0
pick_column0_left_0: Starting process for DBN 1
pick_column0_left_0: Starting process for DBN 2
pick_column0_left_0: Starting process for DBN 3
pick_column0_left_0: Received dict for DBN 0
pick_column0_left_0: Received dict for DBN 1
pick_column0_left_0: Received dict for DBN 2
pick_column0_left_0: Received dict for DBN 3
pick_column0_left_0: Sampling transitions and computing reward
pick_column0_left_0: Building transition/reward matrices
pick_column0_right_0: Identifying enabled states...
pick_column0_right_0: Splitting up datasets...
pick_column0_right_0: Learning DBNS...
pick_column0_right_0: Building transition dicts for each DBN
pick_column0_right_0: Starting process for DBN 0
pick_column0_right_0: Starting process for DBN 1
pick_column0_right_0: Starting process for DBN 2
pick_column0_right_0: Starting process for DBN 3
pick_column0_right_0: Received dict for DBN 0
pick_column0_right_0: Received dict for DBN 1
pick_column0_right_0: Received dict for DBN 2
pick_column0_right_0: Received dict for DBN 3
pick_column0_right_0: Sampling transitions and computing reward
pick_column0_right_0: Building transition/reward matrices
pick_column0_front_270: Identifying enabled states...
pick_column0_front_270: Splitting up datasets...
pick_column0_front_270: Learning DBNS...
pick_column0_front_270: Building transition dicts for each DBN
pick_column0_front_270: Starting process for DBN 0
pick_column0_front_270: Starting process for DBN 1
pick_column0_front_270: Starting process for DBN 2
pick_column0_front_270: Starting process for DBN 3
pick_column0_front_270: Received dict for DBN 0
pick_column0_front_270: Received dict for DBN 1
pick_column0_front_270: Received dict for DBN 2
pick_column0_front_270: Received dict for DBN 3
pick_column0_front_270: Sampling transitions and computing reward
pick_column0_front_270: Building transition/reward matrices
pick_column1_top_0: Identifying enabled states...
pick_column1_top_0: Splitting up datasets...
pick_column1_top_0: Learning DBNS...
pick_column1_top_0: Building transition dicts for each DBN
pick_column1_top_0: Starting process for DBN 0
pick_column1_top_0: Starting process for DBN 1
pick_column1_top_0: Starting process for DBN 2
pick_column1_top_0: Starting process for DBN 3
pick_column1_top_0: Received dict for DBN 1
pick_column1_top_0: Received dict for DBN 0
pick_column1_top_0: Received dict for DBN 2
pick_column1_top_0: Received dict for DBN 3
pick_column1_top_0: Sampling transitions and computing reward
pick_column1_top_0: Building transition/reward matrices
pick_column1_left_0: Identifying enabled states...
pick_column1_left_0: Splitting up datasets...
pick_column1_left_0: Learning DBNS...
pick_column1_left_0: Building transition dicts for each DBN
pick_column1_left_0: Starting process for DBN 0
pick_column1_left_0: Starting process for DBN 1
pick_column1_left_0: Starting process for DBN 2
pick_column1_left_0: Starting process for DBN 3
pick_column1_left_0: Received dict for DBN 0
pick_column1_left_0: Received dict for DBN 2
pick_column1_left_0: Received dict for DBN 1
pick_column1_left_0: Received dict for DBN 3
pick_column1_left_0: Sampling transitions and computing reward
pick_column1_left_0: Building transition/reward matrices
pick_column1_right_0: Identifying enabled states...
pick_column1_right_0: Splitting up datasets...
pick_column1_right_0: Learning DBNS...
pick_column1_right_0: Building transition dicts for each DBN
pick_column1_right_0: Starting process for DBN 0
pick_column1_right_0: Starting process for DBN 1
pick_column1_right_0: Starting process for DBN 2
pick_column1_right_0: Starting process for DBN 3
pick_column1_right_0: Received dict for DBN 0
pick_column1_right_0: Received dict for DBN 1
pick_column1_right_0: Received dict for DBN 3
pick_column1_right_0: Received dict for DBN 2
pick_column1_right_0: Sampling transitions and computing reward
pick_column1_right_0: Building transition/reward matrices
pick_column1_front_270: Identifying enabled states...
pick_column1_front_270: Splitting up datasets...
pick_column1_front_270: Learning DBNS...
pick_column1_front_270: Building transition dicts for each DBN
pick_column1_front_270: Starting process for DBN 0
pick_column1_front_270: Starting process for DBN 1
pick_column1_front_270: Starting process for DBN 2
pick_column1_front_270: Starting process for DBN 3
pick_column1_front_270: Received dict for DBN 1
pick_column1_front_270: Received dict for DBN 0
pick_column1_front_270: Received dict for DBN 3
pick_column1_front_270: Received dict for DBN 2
pick_column1_front_270: Sampling transitions and computing reward
pick_column1_front_270: Building transition/reward matrices
pick_column2_top_0: Identifying enabled states...
pick_column2_top_0: Splitting up datasets...
pick_column2_top_0: Learning DBNS...
pick_column2_top_0: Building transition dicts for each DBN
pick_column2_top_0: Starting process for DBN 0
pick_column2_top_0: Starting process for DBN 1
pick_column2_top_0: Starting process for DBN 2
pick_column2_top_0: Starting process for DBN 3
pick_column2_top_0: Received dict for DBN 0
pick_column2_top_0: Received dict for DBN 1
pick_column2_top_0: Received dict for DBN 2
pick_column2_top_0: Received dict for DBN 3
pick_column2_top_0: Sampling transitions and computing reward
pick_column2_top_0: Building transition/reward matrices
pick_column2_left_0: Identifying enabled states...
pick_column2_left_0: Splitting up datasets...
pick_column2_left_0: Learning DBNS...
pick_column2_left_0: Building transition dicts for each DBN
pick_column2_left_0: Starting process for DBN 0
pick_column2_left_0: Starting process for DBN 1
pick_column2_left_0: Starting process for DBN 2
pick_column2_left_0: Starting process for DBN 3
pick_column2_left_0: Received dict for DBN 0
pick_column2_left_0: Received dict for DBN 1
pick_column2_left_0: Received dict for DBN 2
pick_column2_left_0: Received dict for DBN 3
pick_column2_left_0: Sampling transitions and computing reward
pick_column2_left_0: Building transition/reward matrices
pick_column2_right_0: Identifying enabled states...
pick_column2_right_0: Splitting up datasets...
pick_column2_right_0: Learning DBNS...
pick_column2_right_0: Building transition dicts for each DBN
pick_column2_right_0: Starting process for DBN 0
pick_column2_right_0: Starting process for DBN 1
pick_column2_right_0: Starting process for DBN 2
pick_column2_right_0: Starting process for DBN 3
pick_column2_right_0: Received dict for DBN 0
pick_column2_right_0: Received dict for DBN 1
pick_column2_right_0: Received dict for DBN 2
pick_column2_right_0: Received dict for DBN 3
pick_column2_right_0: Sampling transitions and computing reward
pick_column2_right_0: Building transition/reward matrices
pick_column2_front_270: Identifying enabled states...
pick_column2_front_270: Splitting up datasets...
pick_column2_front_270: Learning DBNS...
pick_column2_front_270: Building transition dicts for each DBN
pick_column2_front_270: Starting process for DBN 0
pick_column2_front_270: Starting process for DBN 1
pick_column2_front_270: Starting process for DBN 2
pick_column2_front_270: Starting process for DBN 3
pick_column2_front_270: Received dict for DBN 0
pick_column2_front_270: Received dict for DBN 1
pick_column2_front_270: Received dict for DBN 2
pick_column2_front_270: Received dict for DBN 3
pick_column2_front_270: Sampling transitions and computing reward
pick_column2_front_270: Building transition/reward matrices
place_goal_0_top_0: Identifying enabled states...
place_goal_0_top_0: Splitting up datasets...
place_goal_0_top_0: Learning DBNS...
place_goal_0_top_0: Building transition dicts for each DBN
place_goal_0_top_0: Starting process for DBN 0
place_goal_0_top_0: Starting process for DBN 1
place_goal_0_top_0: Starting process for DBN 2
place_goal_0_top_0: Starting process for DBN 3
place_goal_0_top_0: Received dict for DBN 0
place_goal_0_top_0: Received dict for DBN 1
place_goal_0_top_0: Received dict for DBN 3
place_goal_0_top_0: Received dict for DBN 2
place_goal_0_top_0: Sampling transitions and computing reward
place_goal_0_top_0: Building transition/reward matrices
place_goal_0_left_0: Identifying enabled states...
place_goal_0_left_0: Splitting up datasets...
place_goal_0_left_0: Learning DBNS...
place_goal_0_left_0: Building transition dicts for each DBN
place_goal_0_left_0: Starting process for DBN 0
place_goal_0_left_0: Starting process for DBN 1
place_goal_0_left_0: Starting process for DBN 2
place_goal_0_left_0: Starting process for DBN 3
place_goal_0_left_0: Received dict for DBN 0
place_goal_0_left_0: Received dict for DBN 1
place_goal_0_left_0: Received dict for DBN 2
place_goal_0_left_0: Received dict for DBN 3
place_goal_0_left_0: Sampling transitions and computing reward
place_goal_0_left_0: Building transition/reward matrices
place_goal_0_right_0: Identifying enabled states...
place_goal_0_right_0: Splitting up datasets...
place_goal_0_right_0: Learning DBNS...
place_goal_0_right_0: Building transition dicts for each DBN
place_goal_0_right_0: Starting process for DBN 0
place_goal_0_right_0: Starting process for DBN 1
place_goal_0_right_0: Starting process for DBN 2
place_goal_0_right_0: Starting process for DBN 3
place_goal_0_right_0: Received dict for DBN 0
place_goal_0_right_0: Received dict for DBN 1
place_goal_0_right_0: Received dict for DBN 2
place_goal_0_right_0: Received dict for DBN 3
place_goal_0_right_0: Sampling transitions and computing reward
place_goal_0_right_0: Building transition/reward matrices
place_goal_0_front_270: Identifying enabled states...
place_goal_0_front_270: Splitting up datasets...
place_goal_0_front_270: Learning DBNS...
place_goal_0_front_270: Building transition dicts for each DBN
place_goal_0_front_270: Starting process for DBN 0
place_goal_0_front_270: Starting process for DBN 1
place_goal_0_front_270: Starting process for DBN 2
place_goal_0_front_270: Starting process for DBN 3
place_goal_0_front_270: Received dict for DBN 1
place_goal_0_front_270: Received dict for DBN 0
place_goal_0_front_270: Received dict for DBN 3
place_goal_0_front_270: Received dict for DBN 2
place_goal_0_front_270: Sampling transitions and computing reward
place_goal_0_front_270: Building transition/reward matrices
place_goal_1_top_0: Identifying enabled states...
place_goal_1_top_0: Splitting up datasets...
place_goal_1_top_0: Learning DBNS...
place_goal_1_top_0: Building transition dicts for each DBN
place_goal_1_top_0: Starting process for DBN 0
place_goal_1_top_0: Starting process for DBN 1
place_goal_1_top_0: Starting process for DBN 2
place_goal_1_top_0: Starting process for DBN 3
place_goal_1_top_0: Received dict for DBN 0
place_goal_1_top_0: Received dict for DBN 1
place_goal_1_top_0: Received dict for DBN 3
place_goal_1_top_0: Received dict for DBN 2
place_goal_1_top_0: Sampling transitions and computing reward
place_goal_1_top_0: Building transition/reward matrices
place_goal_1_left_0: Identifying enabled states...
place_goal_1_left_0: Splitting up datasets...
place_goal_1_left_0: Learning DBNS...
place_goal_1_left_0: Building transition dicts for each DBN
place_goal_1_left_0: Starting process for DBN 0
place_goal_1_left_0: Starting process for DBN 1
place_goal_1_left_0: Starting process for DBN 2
place_goal_1_left_0: Starting process for DBN 3
place_goal_1_left_0: Received dict for DBN 0
place_goal_1_left_0: Received dict for DBN 1
place_goal_1_left_0: Received dict for DBN 2
place_goal_1_left_0: Received dict for DBN 3
place_goal_1_left_0: Sampling transitions and computing reward
place_goal_1_left_0: Building transition/reward matrices
place_goal_1_right_0: Identifying enabled states...
place_goal_1_right_0: Splitting up datasets...
place_goal_1_right_0: Learning DBNS...
place_goal_1_right_0: Building transition dicts for each DBN
place_goal_1_right_0: Starting process for DBN 0
place_goal_1_right_0: Starting process for DBN 1
place_goal_1_right_0: Starting process for DBN 2
place_goal_1_right_0: Starting process for DBN 3
place_goal_1_right_0: Received dict for DBN 0
place_goal_1_right_0: Received dict for DBN 1
place_goal_1_right_0: Received dict for DBN 2
place_goal_1_right_0: Received dict for DBN 3
place_goal_1_right_0: Sampling transitions and computing reward
place_goal_1_right_0: Building transition/reward matrices
place_goal_1_front_270: Identifying enabled states...
place_goal_1_front_270: Splitting up datasets...
place_goal_1_front_270: Learning DBNS...
place_goal_1_front_270: Building transition dicts for each DBN
place_goal_1_front_270: Starting process for DBN 0
place_goal_1_front_270: Starting process for DBN 1
place_goal_1_front_270: Starting process for DBN 2
place_goal_1_front_270: Starting process for DBN 3
place_goal_1_front_270: Received dict for DBN 0
place_goal_1_front_270: Received dict for DBN 1
place_goal_1_front_270: Received dict for DBN 2
place_goal_1_front_270: Received dict for DBN 3
place_goal_1_front_270: Sampling transitions and computing reward
place_goal_1_front_270: Building transition/reward matrices
place_goal_2_top_0: Identifying enabled states...
place_goal_2_top_0: Splitting up datasets...
place_goal_2_top_0: Learning DBNS...
place_goal_2_top_0: Building transition dicts for each DBN
place_goal_2_top_0: Starting process for DBN 0
place_goal_2_top_0: Starting process for DBN 1
place_goal_2_top_0: Starting process for DBN 2
place_goal_2_top_0: Starting process for DBN 3
place_goal_2_top_0: Received dict for DBN 0
place_goal_2_top_0: Received dict for DBN 1
place_goal_2_top_0: Received dict for DBN 2
place_goal_2_top_0: Received dict for DBN 3
place_goal_2_top_0: Sampling transitions and computing reward
place_goal_2_top_0: Building transition/reward matrices
place_goal_2_left_0: Identifying enabled states...
place_goal_2_left_0: Splitting up datasets...
place_goal_2_left_0: Learning DBNS...
place_goal_2_left_0: Building transition dicts for each DBN
place_goal_2_left_0: Starting process for DBN 0
place_goal_2_left_0: Starting process for DBN 1
place_goal_2_left_0: Starting process for DBN 2
place_goal_2_left_0: Starting process for DBN 3
place_goal_2_left_0: Received dict for DBN 0
place_goal_2_left_0: Received dict for DBN 1
place_goal_2_left_0: Received dict for DBN 2
place_goal_2_left_0: Received dict for DBN 3
place_goal_2_left_0: Sampling transitions and computing reward
place_goal_2_left_0: Building transition/reward matrices
place_goal_2_right_0: Identifying enabled states...
place_goal_2_right_0: Splitting up datasets...
place_goal_2_right_0: Learning DBNS...
place_goal_2_right_0: Building transition dicts for each DBN
place_goal_2_right_0: Starting process for DBN 0
place_goal_2_right_0: Starting process for DBN 1
place_goal_2_right_0: Starting process for DBN 2
place_goal_2_right_0: Starting process for DBN 3
place_goal_2_right_0: Received dict for DBN 0
place_goal_2_right_0: Received dict for DBN 2
place_goal_2_right_0: Received dict for DBN 1
place_goal_2_right_0: Received dict for DBN 3
place_goal_2_right_0: Sampling transitions and computing reward
place_goal_2_right_0: Building transition/reward matrices
place_goal_2_front_270: Identifying enabled states...
place_goal_2_front_270: Splitting up datasets...
place_goal_2_front_270: Learning DBNS...
place_goal_2_front_270: Building transition dicts for each DBN
place_goal_2_front_270: Starting process for DBN 0
place_goal_2_front_270: Starting process for DBN 1
place_goal_2_front_270: Starting process for DBN 2
place_goal_2_front_270: Starting process for DBN 3
place_goal_2_front_270: Received dict for DBN 0
place_goal_2_front_270: Received dict for DBN 1
place_goal_2_front_270: Received dict for DBN 2
place_goal_2_front_270: Received dict for DBN 3
place_goal_2_front_270: Sampling transitions and computing reward
place_goal_2_front_270: Building transition/reward matrices
place_region_0_top_0: Identifying enabled states...
place_region_0_top_0: Splitting up datasets...
place_region_0_top_0: Learning DBNS...
place_region_0_top_0: Building transition dicts for each DBN
place_region_0_top_0: Starting process for DBN 0
place_region_0_top_0: Starting process for DBN 1
place_region_0_top_0: Starting process for DBN 2
place_region_0_top_0: Starting process for DBN 3
place_region_0_top_0: Received dict for DBN 0
place_region_0_top_0: Received dict for DBN 2
place_region_0_top_0: Received dict for DBN 3
place_region_0_top_0: Received dict for DBN 1
place_region_0_top_0: Sampling transitions and computing reward
place_region_0_top_0: Building transition/reward matrices
place_region_0_left_0: Identifying enabled states...
place_region_0_left_0: Splitting up datasets...
place_region_0_left_0: Learning DBNS...
place_region_0_left_0: Building transition dicts for each DBN
place_region_0_left_0: Starting process for DBN 0
place_region_0_left_0: Starting process for DBN 1
place_region_0_left_0: Starting process for DBN 2
place_region_0_left_0: Starting process for DBN 3
place_region_0_left_0: Received dict for DBN 0
place_region_0_left_0: Received dict for DBN 1
place_region_0_left_0: Received dict for DBN 2
place_region_0_left_0: Received dict for DBN 3
place_region_0_left_0: Sampling transitions and computing reward
place_region_0_left_0: Building transition/reward matrices
place_region_0_right_0: Identifying enabled states...
place_region_0_right_0: Splitting up datasets...
place_region_0_right_0: Learning DBNS...
place_region_0_right_0: Building transition dicts for each DBN
place_region_0_right_0: Starting process for DBN 0
place_region_0_right_0: Starting process for DBN 1
place_region_0_right_0: Starting process for DBN 2
place_region_0_right_0: Starting process for DBN 3
place_region_0_right_0: Received dict for DBN 0
place_region_0_right_0: Received dict for DBN 1
place_region_0_right_0: Received dict for DBN 2
place_region_0_right_0: Received dict for DBN 3
place_region_0_right_0: Sampling transitions and computing reward
place_region_0_right_0: Building transition/reward matrices
place_region_0_front_270: Identifying enabled states...
place_region_0_front_270: Splitting up datasets...
place_region_0_front_270: Learning DBNS...
place_region_0_front_270: Building transition dicts for each DBN
place_region_0_front_270: Starting process for DBN 0
place_region_0_front_270: Starting process for DBN 1
place_region_0_front_270: Starting process for DBN 2
place_region_0_front_270: Starting process for DBN 3
place_region_0_front_270: Received dict for DBN 1
place_region_0_front_270: Received dict for DBN 0
place_region_0_front_270: Received dict for DBN 2
place_region_0_front_270: Received dict for DBN 3
place_region_0_front_270: Sampling transitions and computing reward
place_region_0_front_270: Building transition/reward matrices
place_region_1_top_0: Identifying enabled states...
place_region_1_top_0: Splitting up datasets...
place_region_1_top_0: Learning DBNS...
place_region_1_top_0: Building transition dicts for each DBN
place_region_1_top_0: Starting process for DBN 0
place_region_1_top_0: Starting process for DBN 1
place_region_1_top_0: Starting process for DBN 2
place_region_1_top_0: Starting process for DBN 3
place_region_1_top_0: Received dict for DBN 1
place_region_1_top_0: Received dict for DBN 0
place_region_1_top_0: Received dict for DBN 2
place_region_1_top_0: Received dict for DBN 3
place_region_1_top_0: Sampling transitions and computing reward
place_region_1_top_0: Building transition/reward matrices
place_region_1_left_0: Identifying enabled states...
place_region_1_left_0: Splitting up datasets...
place_region_1_left_0: Learning DBNS...
place_region_1_left_0: Building transition dicts for each DBN
place_region_1_left_0: Starting process for DBN 0
place_region_1_left_0: Starting process for DBN 1
place_region_1_left_0: Starting process for DBN 2
place_region_1_left_0: Starting process for DBN 3
place_region_1_left_0: Received dict for DBN 0
place_region_1_left_0: Received dict for DBN 1
place_region_1_left_0: Received dict for DBN 2
place_region_1_left_0: Received dict for DBN 3
place_region_1_left_0: Sampling transitions and computing reward
place_region_1_left_0: Building transition/reward matrices
place_region_1_right_0: Identifying enabled states...
place_region_1_right_0: Splitting up datasets...
place_region_1_right_0: Learning DBNS...
place_region_1_right_0: Building transition dicts for each DBN
place_region_1_right_0: Starting process for DBN 0
place_region_1_right_0: Starting process for DBN 1
place_region_1_right_0: Starting process for DBN 2
place_region_1_right_0: Starting process for DBN 3
place_region_1_right_0: Received dict for DBN 0
place_region_1_right_0: Received dict for DBN 1
place_region_1_right_0: Received dict for DBN 2
place_region_1_right_0: Received dict for DBN 3
place_region_1_right_0: Sampling transitions and computing reward
place_region_1_right_0: Building transition/reward matrices
place_region_1_front_270: Identifying enabled states...
place_region_1_front_270: Splitting up datasets...
place_region_1_front_270: Learning DBNS...
place_region_1_front_270: Building transition dicts for each DBN
place_region_1_front_270: Starting process for DBN 0
place_region_1_front_270: Starting process for DBN 1
place_region_1_front_270: Starting process for DBN 2
place_region_1_front_270: Starting process for DBN 3
place_region_1_front_270: Received dict for DBN 1
place_region_1_front_270: Received dict for DBN 0
place_region_1_front_270: Received dict for DBN 2
place_region_1_front_270: Received dict for DBN 3
place_region_1_front_270: Sampling transitions and computing reward
place_region_1_front_270: Building transition/reward matrices
place_region_2_top_0: Identifying enabled states...
place_region_2_top_0: Splitting up datasets...
place_region_2_top_0: Learning DBNS...
place_region_2_top_0: Building transition dicts for each DBN
place_region_2_top_0: Starting process for DBN 0
place_region_2_top_0: Starting process for DBN 1
place_region_2_top_0: Starting process for DBN 2
place_region_2_top_0: Starting process for DBN 3
place_region_2_top_0: Received dict for DBN 0
place_region_2_top_0: Received dict for DBN 1
place_region_2_top_0: Received dict for DBN 2
place_region_2_top_0: Received dict for DBN 3
place_region_2_top_0: Sampling transitions and computing reward
place_region_2_top_0: Building transition/reward matrices
place_region_2_left_0: Identifying enabled states...
place_region_2_left_0: Splitting up datasets...
place_region_2_left_0: Learning DBNS...
place_region_2_left_0: Building transition dicts for each DBN
place_region_2_left_0: Starting process for DBN 0
place_region_2_left_0: Starting process for DBN 1
place_region_2_left_0: Starting process for DBN 2
place_region_2_left_0: Starting process for DBN 3
place_region_2_left_0: Received dict for DBN 0
place_region_2_left_0: Received dict for DBN 1
place_region_2_left_0: Received dict for DBN 2
place_region_2_left_0: Received dict for DBN 3
place_region_2_left_0: Sampling transitions and computing reward
place_region_2_left_0: Building transition/reward matrices
place_region_2_right_0: Identifying enabled states...
place_region_2_right_0: Splitting up datasets...
place_region_2_right_0: Learning DBNS...
place_region_2_right_0: Building transition dicts for each DBN
place_region_2_right_0: Starting process for DBN 0
place_region_2_right_0: Starting process for DBN 1
place_region_2_right_0: Starting process for DBN 2
place_region_2_right_0: Starting process for DBN 3
place_region_2_right_0: Received dict for DBN 1
place_region_2_right_0: Received dict for DBN 0
place_region_2_right_0: Received dict for DBN 2
place_region_2_right_0: Received dict for DBN 3
place_region_2_right_0: Sampling transitions and computing reward
place_region_2_right_0: Building transition/reward matrices
place_region_2_front_270: Identifying enabled states...
place_region_2_front_270: Splitting up datasets...
place_region_2_front_270: Learning DBNS...
place_region_2_front_270: Building transition dicts for each DBN
place_region_2_front_270: Starting process for DBN 0
place_region_2_front_270: Starting process for DBN 1
place_region_2_front_270: Starting process for DBN 2
place_region_2_front_270: Starting process for DBN 3
place_region_2_front_270: Received dict for DBN 1
place_region_2_front_270: Received dict for DBN 0
place_region_2_front_270: Received dict for DBN 2
place_region_2_front_270: Received dict for DBN 3
place_region_2_front_270: Sampling transitions and computing reward
place_region_2_front_270: Building transition/reward matrices
Building MDP...
Synthesising Policy...
Solving MDP for timestep: 29
Solving MDP for timestep: 28
Solving MDP for timestep: 27
Solving MDP for timestep: 26
Solving MDP for timestep: 25
Solving MDP for timestep: 24
Solving MDP for timestep: 23
Solving MDP for timestep: 22
Solving MDP for timestep: 21
Solving MDP for timestep: 20
Solving MDP for timestep: 19
Solving MDP for timestep: 18
Solving MDP for timestep: 17
Solving MDP for timestep: 16
Solving MDP for timestep: 15
Solving MDP for timestep: 14
Solving MDP for timestep: 13
Solving MDP for timestep: 12
Solving MDP for timestep: 11
Solving MDP for timestep: 10
Solving MDP for timestep: 9
Solving MDP for timestep: 8
Solving MDP for timestep: 7
Solving MDP for timestep: 6
Solving MDP for timestep: 5
Solving MDP for timestep: 4
Solving MDP for timestep: 3
Solving MDP for timestep: 2
Solving MDP for timestep: 1
Solving MDP for timestep: 0
Resetting the scene for new episode
Step 0
policy value 33.848628997802734
State(column0: region_1, column1: region_2, column2: region_0)
pick_column1_top_0
Action: Action(ActionType.PICK, obj=/column1, slot=None,grasp=GraspType.TOP_0)
[EXEC] Picking /column1 with top_0

[INFO] Found 5184 potential configurations.
[INFO] Motion completed successfully with result: success,in execution time: 3.84 seconds
[INFO] Found a reachable configuration for pick action after 1 attempts.
Tip distance after pick: 0.027242504946621456
[INFO] Pick action completed successfully.in execution time: 3.84 seconds
[EXEC] Action ActionType.PICK executed in 10.78 seconds
[SUCCESS] Action ActionType.PICK succeeded for object /column1
Action duration: 3.84
[LOG] Transition logged to MongoDB: 3b45543f-1da5-4b6b-a71d-6af8c33bab70 - Episode 18
Step 1
policy value 32.40388488769531
State(column0: region_1, column1: held, column2: region_0)
place_region_2_top_0
Action: Action(ActionType.PLACE, obj=/column1, slot=/region_2,grasp=GraspType.TOP_0)
[EXEC] Placing at [0.6, 0.80001, 0.5] with grasp top_0

[INFO] Found 3456 potential configurations.
[INFO] Motion completed successfully with result: success,in execution time: 0.32 seconds
[INFO] Found a reachable configuration for place action after 1 attempts.
[INFO] Place action completed successfully.
realigning placed object /column1 to target position
[EXEC] Action ActionType.PLACE executed in 11.67 seconds
[SUCCESS] Action ActionType.PLACE succeeded for object /column1
Action duration: 0.31999999999999
[LOG] Transition logged to MongoDB: 3b45543f-1da5-4b6b-a71d-6af8c33bab70 - Episode 18
Step 2
policy value 31.49908447265625
State(column0: region_1, column1: region_2, column2: region_0)
pick_column1_top_0
Action: Action(ActionType.PICK, obj=/column1, slot=None,grasp=GraspType.TOP_0)
[EXEC] Picking /column1 with top_0

[INFO] Found 4608 potential configurations.
[INFO] Motion completed successfully with result: success,in execution time: 1.76 seconds
[INFO] Found a reachable configuration for pick action after 1 attempts.
Tip distance after pick: 0.027652590606940745
[INFO] Pick action completed successfully.in execution time: 1.76 seconds
[EXEC] Action ActionType.PICK executed in 10.21 seconds
[SUCCESS] Action ActionType.PICK succeeded for object /column1
Action duration: 1.76
[LOG] Transition logged to MongoDB: 3b45543f-1da5-4b6b-a71d-6af8c33bab70 - Episode 18
Step 3
policy value 30.058364868164062
State(column0: region_1, column1: held, column2: region_0)
place_region_2_top_0
Action: Action(ActionType.PLACE, obj=/column1, slot=/region_2,grasp=GraspType.TOP_0)
[EXEC] Placing at [0.6, 0.80001, 0.5] with grasp top_0

[INFO] Found 3456 potential configurations.
[INFO] Motion completed successfully with result: success,in execution time: 0.32 seconds
[INFO] Found a reachable configuration for place action after 1 attempts.
[INFO] Place action completed successfully.
realigning placed object /column1 to target position
[EXEC] Action ActionType.PLACE executed in 10.30 seconds
[SUCCESS] Action ActionType.PLACE succeeded for object /column1
Action duration: 0.31999999999999
[LOG] Transition logged to MongoDB: 3b45543f-1da5-4b6b-a71d-6af8c33bab70 - Episode 18
Step 4
policy value 29.157756805419922
State(column0: region_1, column1: region_2, column2: region_0)
pick_column1_top_0
Action: Action(ActionType.PICK, obj=/column1, slot=None,grasp=GraspType.TOP_0)
[EXEC] Picking /column1 with top_0

[INFO] Found 4160 potential configurations.
[INFO] Motion completed successfully with result: success,in execution time: 1.76 seconds
[INFO] Found a reachable configuration for pick action after 1 attempts.
Tip distance after pick: 0.027549981376561124
[INFO] Pick action completed successfully.in execution time: 1.76 seconds
[EXEC] Action ActionType.PICK executed in 8.91 seconds
[SUCCESS] Action ActionType.PICK succeeded for object /column1
Action duration: 1.76
[LOG] Transition logged to MongoDB: 3b45543f-1da5-4b6b-a71d-6af8c33bab70 - Episode 18
Step 5
policy value 27.72154998779297
State(column0: region_1, column1: held, column2: region_0)
place_region_2_top_0
Action: Action(ActionType.PLACE, obj=/column1, slot=/region_2,grasp=GraspType.TOP_0)
[EXEC] Placing at [0.6, 0.80001, 0.5] with grasp top_0

[INFO] Found 3520 potential configurations.
[INFO] Motion completed successfully with result: success,in execution time: 0.32 seconds
[INFO] Found a reachable configuration for place action after 1 attempts.
[INFO] Place action completed successfully.
realigning placed object /column1 to target position
[EXEC] Action ActionType.PLACE executed in 11.00 seconds
[SUCCESS] Action ActionType.PLACE succeeded for object /column1
Action duration: 0.31999999999999
[LOG] Transition logged to MongoDB: 3b45543f-1da5-4b6b-a71d-6af8c33bab70 - Episode 18
Step 6
policy value 26.825834274291992
State(column0: region_1, column1: region_2, column2: region_0)
pick_column1_top_0
Action: Action(ActionType.PICK, obj=/column1, slot=None,grasp=GraspType.TOP_0)
[EXEC] Picking /column1 with top_0

[INFO] Found 2944 potential configurations.
[INFO] Motion completed successfully with result: success,in execution time: 1.76 seconds
[INFO] Found a reachable configuration for pick action after 1 attempts.
Tip distance after pick: 0.027910886499545588
[INFO] Pick action completed successfully.in execution time: 1.76 seconds
[EXEC] Action ActionType.PICK executed in 10.59 seconds
[SUCCESS] Action ActionType.PICK succeeded for object /column1
Action duration: 1.76
[LOG] Transition logged to MongoDB: 3b45543f-1da5-4b6b-a71d-6af8c33bab70 - Episode 18
Step 7
policy value 25.394922256469727
State(column0: region_1, column1: held, column2: region_0)
place_region_2_top_0
Action: Action(ActionType.PLACE, obj=/column1, slot=/region_2,grasp=GraspType.TOP_0)
[EXEC] Placing at [0.6, 0.80001, 0.5] with grasp top_0

[INFO] Found 3392 potential configurations.
[INFO] Motion completed successfully with result: success,in execution time: 0.28 seconds
[INFO] Found a reachable configuration for place action after 1 attempts.
[INFO] Place action completed successfully.
realigning placed object /column1 to target position
[EXEC] Action ActionType.PLACE executed in 10.06 seconds
[SUCCESS] Action ActionType.PLACE succeeded for object /column1
Action duration: 0.28000000000004
[LOG] Transition logged to MongoDB: 3b45543f-1da5-4b6b-a71d-6af8c33bab70 - Episode 18
Step 8
policy value 24.50471305847168
State(column0: region_1, column1: region_2, column2: region_0)
pick_column1_top_0
Action: Action(ActionType.PICK, obj=/column1, slot=None,grasp=GraspType.TOP_0)
[EXEC] Picking /column1 with top_0

[INFO] Found 4416 potential configurations.
[INFO] Motion completed successfully with result: success,in execution time: 1.72 seconds
[INFO] Found a reachable configuration for pick action after 1 attempts.
Tip distance after pick: 0.027474213409211985
[INFO] Pick action completed successfully.in execution time: 1.72 seconds
[EXEC] Action ActionType.PICK executed in 11.84 seconds
[SUCCESS] Action ActionType.PICK succeeded for object /column1
Action duration: 1.7200000000003
[LOG] Transition logged to MongoDB: 3b45543f-1da5-4b6b-a71d-6af8c33bab70 - Episode 18
Step 9
policy value 23.07951545715332
State(column0: region_1, column1: held, column2: region_0)
place_region_2_top_0
Action: Action(ActionType.PLACE, obj=/column1, slot=/region_2,grasp=GraspType.TOP_0)
[EXEC] Placing at [0.6, 0.80001, 0.5] with grasp top_0

[INFO] Found 3520 potential configurations.
[INFO] Motion completed successfully with result: success,in execution time: 0.28 seconds
[INFO] Found a reachable configuration for place action after 1 attempts.
[INFO] Place action completed successfully.
realigning placed object /column1 to target position
[EXEC] Action ActionType.PLACE executed in 10.08 seconds
[SUCCESS] Action ActionType.PLACE succeeded for object /column1
Action duration: 0.28000000000004
[LOG] Transition logged to MongoDB: 3b45543f-1da5-4b6b-a71d-6af8c33bab70 - Episode 18
Step 10
policy value 22.19520378112793
State(column0: region_1, column1: region_2, column2: region_0)
pick_column1_top_0
Action: Action(ActionType.PICK, obj=/column1, slot=None,grasp=GraspType.TOP_0)
[EXEC] Picking /column1 with top_0

[INFO] Found 4160 potential configurations.
[INFO] Motion completed successfully with result: success,in execution time: 1.72 seconds
[INFO] Found a reachable configuration for pick action after 1 attempts.
Tip distance after pick: 0.027443917719798063
[INFO] Pick action completed successfully.in execution time: 1.72 seconds
[EXEC] Action ActionType.PICK executed in 9.29 seconds
[SUCCESS] Action ActionType.PICK succeeded for object /column1
Action duration: 1.7200000000003
[LOG] Transition logged to MongoDB: 3b45543f-1da5-4b6b-a71d-6af8c33bab70 - Episode 18
Step 11
policy value 20.776134490966797
State(column0: region_1, column1: held, column2: region_0)
place_region_2_top_0
Action: Action(ActionType.PLACE, obj=/column1, slot=/region_2,grasp=GraspType.TOP_0)
[EXEC] Placing at [0.6, 0.80001, 0.5] with grasp top_0

[INFO] Found 4288 potential configurations.
[INFO] Motion completed successfully with result: success,in execution time: 0.24 seconds
[INFO] Found a reachable configuration for place action after 1 attempts.
[INFO] Place action completed successfully.
realigning placed object /column1 to target position
[EXEC] Action ActionType.PLACE executed in 8.81 seconds
[SUCCESS] Action ActionType.PLACE succeeded for object /column1
Action duration: 0.24000000000004
[LOG] Transition logged to MongoDB: 3b45543f-1da5-4b6b-a71d-6af8c33bab70 - Episode 18
Step 12
policy value 19.898164749145508
State(column0: region_1, column1: region_2, column2: region_0)
pick_column1_top_0
Action: Action(ActionType.PICK, obj=/column1, slot=None,grasp=GraspType.TOP_0)
[EXEC] Picking /column1 with top_0

[INFO] Found 4096 potential configurations.
[INFO] Motion completed successfully with result: success,in execution time: 1.72 seconds
[INFO] Found a reachable configuration for pick action after 1 attempts.
Tip distance after pick: 0.02727672067280724
[INFO] Pick action completed successfully.in execution time: 1.72 seconds
[EXEC] Action ActionType.PICK executed in 8.11 seconds
[SUCCESS] Action ActionType.PICK succeeded for object /column1
Action duration: 1.7200000000003
[LOG] Transition logged to MongoDB: 3b45543f-1da5-4b6b-a71d-6af8c33bab70 - Episode 18
Step 13
policy value 18.485782623291016
State(column0: region_1, column1: held, column2: region_0)
place_region_2_top_0
Action: Action(ActionType.PLACE, obj=/column1, slot=/region_2,grasp=GraspType.TOP_0)
[EXEC] Placing at [0.6, 0.80001, 0.5] with grasp top_0

[INFO] Found 3584 potential configurations.
[INFO] Motion completed successfully with result: success,in execution time: 0.28 seconds
[INFO] Found a reachable configuration for place action after 1 attempts.
[INFO] Place action completed successfully.
realigning placed object /column1 to target position
[EXEC] Action ActionType.PLACE executed in 12.12 seconds
[SUCCESS] Action ActionType.PLACE succeeded for object /column1
Action duration: 0.28000000000004
[LOG] Transition logged to MongoDB: 3b45543f-1da5-4b6b-a71d-6af8c33bab70 - Episode 18
Step 14
policy value 17.691940307617188
State(column0: region_1, column1: region_2, column2: region_0)
pick_column2_front_270
Action: Action(ActionType.PICK, obj=/column2, slot=None,grasp=GraspType.FRONT_270)
[EXEC] Picking /column2 with front_270

[INFO] Found 5888 potential configurations.
[INFO] Motion completed successfully with result: success,in execution time: 4.52 seconds
[INFO] Found a reachable configuration for pick action after 1 attempts.
Tip distance after pick: 0.021864664244774096
[INFO] Pick action completed successfully.in execution time: 4.52 seconds
[EXEC] Action ActionType.PICK executed in 11.20 seconds
[SUCCESS] Action ActionType.PICK succeeded for object /column2
Action duration: 4.5199999999991
[LOG] Transition logged to MongoDB: 3b45543f-1da5-4b6b-a71d-6af8c33bab70 - Episode 18
Step 15
policy value 16.9127254486084
State(column0: region_1, column1: region_2, column2: held)
place_region_0_right_0
Action: Action(ActionType.PLACE, obj=/column2, slot=/region_0,grasp=GraspType.RIGHT_0)
[EXEC] Placing at [0.35, 0.8, 0.521] with grasp right_0

[INFO] Found 7360 potential configurations.
[ERROR] Motion failed (collision or invalid path)
[ERROR] Motion result: collision
[WARN] Failed to find a path to the selected place config on attempt 1.
[WARN] No path found to selected place config, discarding and trying next valid config...
[INFO] Motion completed successfully with result: success,in execution time: 3.12 seconds
[INFO] Found a reachable configuration for place action after 2 attempts.
[INFO] Place action completed successfully.
realigning placed object /column2 to target position
[EXEC] Action ActionType.PLACE executed in 14.65 seconds
[SUCCESS] Action ActionType.PLACE succeeded for object /column2
Action duration: 3.1199999999994
[LOG] Transition logged to MongoDB: 3b45543f-1da5-4b6b-a71d-6af8c33bab70 - Episode 18
Step 16
policy value 15.52489948272705
State(column0: region_1, column1: region_2, column2: region_0)
pick_column2_front_270
Action: Action(ActionType.PICK, obj=/column2, slot=None,grasp=GraspType.FRONT_270)
[EXEC] Picking /column2 with front_270

[INFO] Found 6912 potential configurations.
[ERROR] Motion failed (collision or invalid path)
[ERROR] Motion result: collision
[WARN] Failed to find a path to the selected pick config on attempt 1.
[WARN] No path found to picked config, discarding and trying next valid config...
[ERROR] Motion failed (collision or invalid path)
[ERROR] Motion result: collision
[WARN] Failed to find a path to the selected pick config on attempt 2.
[WARN] No path found to picked config, discarding and trying next valid config...
[ERROR] Motion failed (collision or invalid path)
[ERROR] Motion result: collision
[WARN] Failed to find a path to the selected pick config on attempt 3.
[WARN] No path found to picked config, discarding and trying next valid config...
[ERROR] Max IK attempts reached, pick action failed.
[EXEC] Action ActionType.PICK executed in 17.48 seconds
[ERROR] Action ActionType.PICK failed for object /column2
Action duration: 0.001
[LOG] Transition logged to MongoDB: 3b45543f-1da5-4b6b-a71d-6af8c33bab70 - Episode 18
Action failed, stopping. Time elapsed: 0.001
Step 17
policy value 14.441083908081055
State(column0: region_1, column1: region_2, column2: region_0)
pick_column2_front_270
Action: Action(ActionType.PICK, obj=/column2, slot=None,grasp=GraspType.FRONT_270)
[EXEC] Picking /column2 with front_270

[INFO] Found 7872 potential configurations.
[ERROR] Motion failed (collision or invalid path)
[ERROR] Motion result: collision
[WARN] Failed to find a path to the selected pick config on attempt 1.
[WARN] No path found to picked config, discarding and trying next valid config...
[ERROR] Motion failed (collision or invalid path)
[ERROR] Motion result: collision
[WARN] Failed to find a path to the selected pick config on attempt 2.
[WARN] No path found to picked config, discarding and trying next valid config...
[ERROR] Motion failed (collision or invalid path)
[ERROR] Motion result: collision
[WARN] Failed to find a path to the selected pick config on attempt 3.
[WARN] No path found to picked config, discarding and trying next valid config...
[ERROR] Max IK attempts reached, pick action failed.
[EXEC] Action ActionType.PICK executed in 28.18 seconds
[ERROR] Action ActionType.PICK failed for object /column2
Action duration: 0.001
[LOG] Transition logged to MongoDB: 3b45543f-1da5-4b6b-a71d-6af8c33bab70 - Episode 18
Action failed, stopping. Time elapsed: 0.001
Step 18
policy value 13.358511924743652
State(column0: region_1, column1: region_2, column2: region_0)
pick_column2_front_270
Action: Action(ActionType.PICK, obj=/column2, slot=None,grasp=GraspType.FRONT_270)
[EXEC] Picking /column2 with front_270

[INFO] Found 7232 potential configurations.
[ERROR] Motion failed (collision or invalid path)
[ERROR] Motion result: collision
[WARN] Failed to find a path to the selected pick config on attempt 1.
[WARN] No path found to picked config, discarding and trying next valid config...
[ERROR] Motion failed (collision or invalid path)
[ERROR] Motion result: collision
[WARN] Failed to find a path to the selected pick config on attempt 2.
[WARN] No path found to picked config, discarding and trying next valid config...
[ERROR] Motion failed (collision or invalid path)
[ERROR] Motion result: collision
[WARN] Failed to find a path to the selected pick config on attempt 3.
[WARN] No path found to picked config, discarding and trying next valid config...
[ERROR] Max IK attempts reached, pick action failed.
[EXEC] Action ActionType.PICK executed in 30.72 seconds
[ERROR] Action ActionType.PICK failed for object /column2
Action duration: 0.001
[LOG] Transition logged to MongoDB: 3b45543f-1da5-4b6b-a71d-6af8c33bab70 - Episode 18
Action failed, stopping. Time elapsed: 0.001
Step 19
policy value 12.273980140686035
State(column0: region_1, column1: region_2, column2: region_0)
pick_column2_front_270
Action: Action(ActionType.PICK, obj=/column2, slot=None,grasp=GraspType.FRONT_270)
[EXEC] Picking /column2 with front_270

[INFO] Found 5952 potential configurations.
[ERROR] Motion failed (collision or invalid path)
[ERROR] Motion result: collision
[WARN] Failed to find a path to the selected pick config on attempt 1.
[WARN] No path found to picked config, discarding and trying next valid config...
[ERROR] Motion failed (collision or invalid path)
[ERROR] Motion result: collision
[WARN] Failed to find a path to the selected pick config on attempt 2.
[WARN] No path found to picked config, discarding and trying next valid config...
[ERROR] Motion failed (collision or invalid path)
[ERROR] Motion result: collision
[WARN] Failed to find a path to the selected pick config on attempt 3.
[WARN] No path found to picked config, discarding and trying next valid config...
[ERROR] Max IK attempts reached, pick action failed.
[EXEC] Action ActionType.PICK executed in 15.99 seconds
[ERROR] Action ActionType.PICK failed for object /column2
Action duration: 0.001
[LOG] Transition logged to MongoDB: 3b45543f-1da5-4b6b-a71d-6af8c33bab70 - Episode 18
Action failed, stopping. Time elapsed: 0.001
Step 20
policy value 11.192602157592773
State(column0: region_1, column1: region_2, column2: region_0)
pick_column2_front_270
Action: Action(ActionType.PICK, obj=/column2, slot=None,grasp=GraspType.FRONT_270)
[EXEC] Picking /column2 with front_270

[INFO] Found 7744 potential configurations.
[ERROR] Motion failed (collision or invalid path)
[ERROR] Motion result: collision
[WARN] Failed to find a path to the selected pick config on attempt 1.
[WARN] No path found to picked config, discarding and trying next valid config...
[INFO] Motion completed successfully with result: success,in execution time: 3.12 seconds
[INFO] Found a reachable configuration for pick action after 2 attempts.
Tip distance after pick: 0.021774361557824154
[INFO] Pick action completed successfully.in execution time: 3.12 seconds
[EXEC] Action ActionType.PICK executed in 16.12 seconds
[SUCCESS] Action ActionType.PICK succeeded for object /column2
Action duration: 3.1199999999994
[LOG] Transition logged to MongoDB: 3b45543f-1da5-4b6b-a71d-6af8c33bab70 - Episode 18
Step 21
policy value 10.421289443969727
State(column0: region_1, column1: region_2, column2: held)
place_region_0_right_0
Action: Action(ActionType.PLACE, obj=/column2, slot=/region_0,grasp=GraspType.RIGHT_0)
[EXEC] Placing at [0.35, 0.8, 0.521] with grasp right_0

[INFO] Found 8896 potential configurations.
[INFO] Motion completed successfully with result: success,in execution time: 3.12 seconds
[INFO] Found a reachable configuration for place action after 1 attempts.
[INFO] Place action completed successfully.
realigning placed object /column2 to target position
[EXEC] Action ActionType.PLACE executed in 15.10 seconds
[SUCCESS] Action ActionType.PLACE succeeded for object /column2
Action duration: 3.1199999999994
[LOG] Transition logged to MongoDB: 3b45543f-1da5-4b6b-a71d-6af8c33bab70 - Episode 18
Step 22
policy value 9.026365280151367
State(column0: region_1, column1: region_2, column2: region_0)
pick_column2_front_270
Action: Action(ActionType.PICK, obj=/column2, slot=None,grasp=GraspType.FRONT_270)
[EXEC] Picking /column2 with front_270

[INFO] Found 7808 potential configurations.
[ERROR] Motion failed (collision or invalid path)
[ERROR] Motion result: collision
[WARN] Failed to find a path to the selected pick config on attempt 1.
[WARN] No path found to picked config, discarding and trying next valid config...
[ERROR] Motion failed (collision or invalid path)
[ERROR] Motion result: collision
[WARN] Failed to find a path to the selected pick config on attempt 2.
[WARN] No path found to picked config, discarding and trying next valid config...
[ERROR] Motion failed (collision or invalid path)
[ERROR] Motion result: collision
[WARN] Failed to find a path to the selected pick config on attempt 3.
[WARN] No path found to picked config, discarding and trying next valid config...
[ERROR] Max IK attempts reached, pick action failed.
[EXEC] Action ActionType.PICK executed in 16.11 seconds
[ERROR] Action ActionType.PICK failed for object /column2
Action duration: 0.001
[LOG] Transition logged to MongoDB: 3b45543f-1da5-4b6b-a71d-6af8c33bab70 - Episode 18
Action failed, stopping. Time elapsed: 0.001
Step 23
policy value 7.930358409881592
State(column0: region_1, column1: region_2, column2: region_0)
pick_column2_front_270
Action: Action(ActionType.PICK, obj=/column2, slot=None,grasp=GraspType.FRONT_270)
[EXEC] Picking /column2 with front_270

[INFO] Found 7360 potential configurations.
[ERROR] Motion failed (collision or invalid path)
[ERROR] Motion result: collision
[WARN] Failed to find a path to the selected pick config on attempt 1.
[WARN] No path found to picked config, discarding and trying next valid config...
[ERROR] Motion failed (collision or invalid path)
[ERROR] Motion result: collision
[WARN] Failed to find a path to the selected pick config on attempt 2.
[WARN] No path found to picked config, discarding and trying next valid config...
[ERROR] Motion failed (collision or invalid path)
[ERROR] Motion result: collision
[WARN] Failed to find a path to the selected pick config on attempt 3.
[WARN] No path found to picked config, discarding and trying next valid config...
[ERROR] Max IK attempts reached, pick action failed.
[EXEC] Action ActionType.PICK executed in 22.62 seconds
[ERROR] Action ActionType.PICK failed for object /column2
Action duration: 0.001
[LOG] Transition logged to MongoDB: 3b45543f-1da5-4b6b-a71d-6af8c33bab70 - Episode 18
Action failed, stopping. Time elapsed: 0.001
Step 24
policy value 6.851274013519287
State(column0: region_1, column1: region_2, column2: region_0)
pick_column2_front_270
Action: Action(ActionType.PICK, obj=/column2, slot=None,grasp=GraspType.FRONT_270)
[EXEC] Picking /column2 with front_270

[INFO] Found 8064 potential configurations.
[ERROR] Motion failed (collision or invalid path)
[ERROR] Motion result: collision
[WARN] Failed to find a path to the selected pick config on attempt 1.
[WARN] No path found to picked config, discarding and trying next valid config...
[ERROR] Motion failed (collision or invalid path)
[ERROR] Motion result: collision
[WARN] Failed to find a path to the selected pick config on attempt 2.
[WARN] No path found to picked config, discarding and trying next valid config...
[ERROR] Motion failed (collision or invalid path)
[ERROR] Motion result: collision
[WARN] Failed to find a path to the selected pick config on attempt 3.
[WARN] No path found to picked config, discarding and trying next valid config...
[ERROR] Max IK attempts reached, pick action failed.
[EXEC] Action ActionType.PICK executed in 22.30 seconds
[ERROR] Action ActionType.PICK failed for object /column2
Action duration: 0.001
[LOG] Transition logged to MongoDB: 3b45543f-1da5-4b6b-a71d-6af8c33bab70 - Episode 18
Action failed, stopping. Time elapsed: 0.001
Step 25
policy value 5.715738296508789
State(column0: region_1, column1: region_2, column2: region_0)
pick_column2_front_270
Action: Action(ActionType.PICK, obj=/column2, slot=None,grasp=GraspType.FRONT_270)
[EXEC] Picking /column2 with front_270

[INFO] Found 6848 potential configurations.
[ERROR] Motion failed (collision or invalid path)
[ERROR] Motion result: collision
[WARN] Failed to find a path to the selected pick config on attempt 1.
[WARN] No path found to picked config, discarding and trying next valid config...
[ERROR] Motion failed (collision or invalid path)
[ERROR] Motion result: collision
[WARN] Failed to find a path to the selected pick config on attempt 2.
[WARN] No path found to picked config, discarding and trying next valid config...
[ERROR] Motion failed (collision or invalid path)
[ERROR] Motion result: collision
[WARN] Failed to find a path to the selected pick config on attempt 3.
[WARN] No path found to picked config, discarding and trying next valid config...
[ERROR] Max IK attempts reached, pick action failed.
[EXEC] Action ActionType.PICK executed in 13.65 seconds
[ERROR] Action ActionType.PICK failed for object /column2
Action duration: 0.001
[LOG] Transition logged to MongoDB: 3b45543f-1da5-4b6b-a71d-6af8c33bab70 - Episode 18
Action failed, stopping. Time elapsed: 0.001
Step 26
policy value 4.603530406951904
State(column0: region_1, column1: region_2, column2: region_0)
pick_column2_front_270
Action: Action(ActionType.PICK, obj=/column2, slot=None,grasp=GraspType.FRONT_270)
[EXEC] Picking /column2 with front_270

[INFO] Found 7104 potential configurations.
[ERROR] Motion failed (collision or invalid path)
[ERROR] Motion result: collision
[WARN] Failed to find a path to the selected pick config on attempt 1.
[WARN] No path found to picked config, discarding and trying next valid config...
[ERROR] Motion failed (collision or invalid path)
[ERROR] Motion result: collision
[WARN] Failed to find a path to the selected pick config on attempt 2.
[WARN] No path found to picked config, discarding and trying next valid config...
[ERROR] Motion failed (collision or invalid path)
[ERROR] Motion result: collision
[WARN] Failed to find a path to the selected pick config on attempt 3.
[WARN] No path found to picked config, discarding and trying next valid config...
[ERROR] Max IK attempts reached, pick action failed.
[EXEC] Action ActionType.PICK executed in 22.40 seconds
[ERROR] Action ActionType.PICK failed for object /column2
Action duration: 0.001
[LOG] Transition logged to MongoDB: 3b45543f-1da5-4b6b-a71d-6af8c33bab70 - Episode 18
Action failed, stopping. Time elapsed: 0.001
Step 27
policy value 3.4214231967926025
State(column0: region_1, column1: region_2, column2: region_0)
pick_column2_front_270
Action: Action(ActionType.PICK, obj=/column2, slot=None,grasp=GraspType.FRONT_270)
[EXEC] Picking /column2 with front_270

[INFO] Found 8256 potential configurations.
[ERROR] Motion failed (collision or invalid path)
[ERROR] Motion result: collision
[WARN] Failed to find a path to the selected pick config on attempt 1.
[WARN] No path found to picked config, discarding and trying next valid config...
[ERROR] Motion failed (collision or invalid path)
[ERROR] Motion result: collision
[WARN] Failed to find a path to the selected pick config on attempt 2.
[WARN] No path found to picked config, discarding and trying next valid config...
[ERROR] Motion failed (collision or invalid path)
[ERROR] Motion result: collision
[WARN] Failed to find a path to the selected pick config on attempt 3.
[WARN] No path found to picked config, discarding and trying next valid config...
[ERROR] Max IK attempts reached, pick action failed.
[EXEC] Action ActionType.PICK executed in 20.75 seconds
[ERROR] Action ActionType.PICK failed for object /column2
Action duration: 0.001
[LOG] Transition logged to MongoDB: 3b45543f-1da5-4b6b-a71d-6af8c33bab70 - Episode 18
Action failed, stopping. Time elapsed: 0.001
Too many failures, resetting episode
Episode 16 ended
Revising policy
USING STORM: False
Reading data from MongoDB...
Total option moiton param combinations 36
Collected combinations 36
Building state to idx mapping...
Building option ensembles...
pick_column0_top_0: Identifying enabled states...
pick_column0_top_0: Splitting up datasets...
pick_column0_top_0: Learning DBNS...
pick_column0_top_0: Building transition dicts for each DBN
pick_column0_top_0: Starting process for DBN 0
pick_column0_top_0: Starting process for DBN 1
pick_column0_top_0: Starting process for DBN 2
pick_column0_top_0: Starting process for DBN 3
pick_column0_top_0: Received dict for DBN 0
pick_column0_top_0: Received dict for DBN 1
pick_column0_top_0: Received dict for DBN 2
pick_column0_top_0: Received dict for DBN 3
pick_column0_top_0: Sampling transitions and computing reward
pick_column0_top_0: Building transition/reward matrices
pick_column0_left_0: Identifying enabled states...
pick_column0_left_0: Splitting up datasets...
pick_column0_left_0: Learning DBNS...
pick_column0_left_0: Building transition dicts for each DBN
pick_column0_left_0: Starting process for DBN 0
pick_column0_left_0: Starting process for DBN 1
pick_column0_left_0: Starting process for DBN 2
pick_column0_left_0: Starting process for DBN 3
pick_column0_left_0: Received dict for DBN 0
pick_column0_left_0: Received dict for DBN 1
pick_column0_left_0: Received dict for DBN 2
pick_column0_left_0: Received dict for DBN 3
pick_column0_left_0: Sampling transitions and computing reward
pick_column0_left_0: Building transition/reward matrices
pick_column0_right_0: Identifying enabled states...
pick_column0_right_0: Splitting up datasets...
pick_column0_right_0: Learning DBNS...
pick_column0_right_0: Building transition dicts for each DBN
pick_column0_right_0: Starting process for DBN 0
pick_column0_right_0: Starting process for DBN 1
pick_column0_right_0: Starting process for DBN 2
pick_column0_right_0: Starting process for DBN 3
pick_column0_right_0: Received dict for DBN 0
pick_column0_right_0: Received dict for DBN 1
pick_column0_right_0: Received dict for DBN 2
pick_column0_right_0: Received dict for DBN 3
pick_column0_right_0: Sampling transitions and computing reward
pick_column0_right_0: Building transition/reward matrices
pick_column0_front_270: Identifying enabled states...
pick_column0_front_270: Splitting up datasets...
pick_column0_front_270: Learning DBNS...
pick_column0_front_270: Building transition dicts for each DBN
pick_column0_front_270: Starting process for DBN 0
pick_column0_front_270: Starting process for DBN 1
pick_column0_front_270: Starting process for DBN 2
pick_column0_front_270: Starting process for DBN 3
pick_column0_front_270: Received dict for DBN 0
pick_column0_front_270: Received dict for DBN 1
pick_column0_front_270: Received dict for DBN 2
pick_column0_front_270: Received dict for DBN 3
pick_column0_front_270: Sampling transitions and computing reward
pick_column0_front_270: Building transition/reward matrices
pick_column1_top_0: Identifying enabled states...
pick_column1_top_0: Splitting up datasets...
pick_column1_top_0: Learning DBNS...
pick_column1_top_0: Building transition dicts for each DBN
pick_column1_top_0: Starting process for DBN 0
pick_column1_top_0: Starting process for DBN 1
pick_column1_top_0: Starting process for DBN 2
pick_column1_top_0: Starting process for DBN 3
pick_column1_top_0: Received dict for DBN 0
pick_column1_top_0: Received dict for DBN 1
pick_column1_top_0: Received dict for DBN 2
pick_column1_top_0: Received dict for DBN 3
pick_column1_top_0: Sampling transitions and computing reward
pick_column1_top_0: Building transition/reward matrices
pick_column1_left_0: Identifying enabled states...
pick_column1_left_0: Splitting up datasets...
pick_column1_left_0: Learning DBNS...
pick_column1_left_0: Building transition dicts for each DBN
pick_column1_left_0: Starting process for DBN 0
pick_column1_left_0: Starting process for DBN 1
pick_column1_left_0: Starting process for DBN 2
pick_column1_left_0: Starting process for DBN 3
pick_column1_left_0: Received dict for DBN 0
pick_column1_left_0: Received dict for DBN 1
pick_column1_left_0: Received dict for DBN 2
pick_column1_left_0: Received dict for DBN 3
pick_column1_left_0: Sampling transitions and computing reward
pick_column1_left_0: Building transition/reward matrices
pick_column1_right_0: Identifying enabled states...
pick_column1_right_0: Splitting up datasets...
pick_column1_right_0: Learning DBNS...
pick_column1_right_0: Building transition dicts for each DBN
pick_column1_right_0: Starting process for DBN 0
pick_column1_right_0: Starting process for DBN 1
pick_column1_right_0: Starting process for DBN 2
pick_column1_right_0: Starting process for DBN 3
pick_column1_right_0: Received dict for DBN 0
pick_column1_right_0: Received dict for DBN 1
pick_column1_right_0: Received dict for DBN 2
pick_column1_right_0: Received dict for DBN 3
pick_column1_right_0: Sampling transitions and computing reward
pick_column1_right_0: Building transition/reward matrices
pick_column1_front_270: Identifying enabled states...
pick_column1_front_270: Splitting up datasets...
pick_column1_front_270: Learning DBNS...
pick_column1_front_270: Building transition dicts for each DBN
pick_column1_front_270: Starting process for DBN 0
pick_column1_front_270: Starting process for DBN 1
pick_column1_front_270: Starting process for DBN 2
pick_column1_front_270: Starting process for DBN 3
pick_column1_front_270: Received dict for DBN 0
pick_column1_front_270: Received dict for DBN 1
pick_column1_front_270: Received dict for DBN 2
pick_column1_front_270: Received dict for DBN 3
pick_column1_front_270: Sampling transitions and computing reward
pick_column1_front_270: Building transition/reward matrices
pick_column2_top_0: Identifying enabled states...
pick_column2_top_0: Splitting up datasets...
pick_column2_top_0: Learning DBNS...
pick_column2_top_0: Building transition dicts for each DBN
pick_column2_top_0: Starting process for DBN 0
pick_column2_top_0: Starting process for DBN 1
pick_column2_top_0: Starting process for DBN 2
pick_column2_top_0: Starting process for DBN 3
pick_column2_top_0: Received dict for DBN 0
pick_column2_top_0: Received dict for DBN 1
pick_column2_top_0: Received dict for DBN 2
pick_column2_top_0: Received dict for DBN 3
pick_column2_top_0: Sampling transitions and computing reward
pick_column2_top_0: Building transition/reward matrices
pick_column2_left_0: Identifying enabled states...
pick_column2_left_0: Splitting up datasets...
pick_column2_left_0: Learning DBNS...
pick_column2_left_0: Building transition dicts for each DBN
pick_column2_left_0: Starting process for DBN 0
pick_column2_left_0: Starting process for DBN 1
pick_column2_left_0: Starting process for DBN 2
pick_column2_left_0: Starting process for DBN 3
pick_column2_left_0: Received dict for DBN 0
pick_column2_left_0: Received dict for DBN 1
pick_column2_left_0: Received dict for DBN 2
pick_column2_left_0: Received dict for DBN 3
pick_column2_left_0: Sampling transitions and computing reward
pick_column2_left_0: Building transition/reward matrices
pick_column2_right_0: Identifying enabled states...
pick_column2_right_0: Splitting up datasets...
pick_column2_right_0: Learning DBNS...
pick_column2_right_0: Building transition dicts for each DBN
pick_column2_right_0: Starting process for DBN 0
pick_column2_right_0: Starting process for DBN 1
pick_column2_right_0: Starting process for DBN 2
pick_column2_right_0: Starting process for DBN 3
pick_column2_right_0: Received dict for DBN 0
pick_column2_right_0: Received dict for DBN 1
pick_column2_right_0: Received dict for DBN 2
pick_column2_right_0: Received dict for DBN 3
pick_column2_right_0: Sampling transitions and computing reward
pick_column2_right_0: Building transition/reward matrices
pick_column2_front_270: Identifying enabled states...
pick_column2_front_270: Splitting up datasets...
pick_column2_front_270: Learning DBNS...
pick_column2_front_270: Building transition dicts for each DBN
pick_column2_front_270: Starting process for DBN 0
pick_column2_front_270: Starting process for DBN 1
pick_column2_front_270: Starting process for DBN 2
pick_column2_front_270: Starting process for DBN 3
pick_column2_front_270: Received dict for DBN 0
pick_column2_front_270: Received dict for DBN 1
pick_column2_front_270: Received dict for DBN 2
pick_column2_front_270: Received dict for DBN 3
pick_column2_front_270: Sampling transitions and computing reward
pick_column2_front_270: Building transition/reward matrices
place_goal_0_top_0: Identifying enabled states...
place_goal_0_top_0: Splitting up datasets...
place_goal_0_top_0: Learning DBNS...
place_goal_0_top_0: Building transition dicts for each DBN
place_goal_0_top_0: Starting process for DBN 0
place_goal_0_top_0: Starting process for DBN 1
place_goal_0_top_0: Starting process for DBN 2
place_goal_0_top_0: Starting process for DBN 3
place_goal_0_top_0: Received dict for DBN 1
place_goal_0_top_0: Received dict for DBN 0
place_goal_0_top_0: Received dict for DBN 2
place_goal_0_top_0: Received dict for DBN 3
place_goal_0_top_0: Sampling transitions and computing reward
place_goal_0_top_0: Building transition/reward matrices
place_goal_0_left_0: Identifying enabled states...
place_goal_0_left_0: Splitting up datasets...
place_goal_0_left_0: Learning DBNS...
place_goal_0_left_0: Building transition dicts for each DBN
place_goal_0_left_0: Starting process for DBN 0
place_goal_0_left_0: Starting process for DBN 1
place_goal_0_left_0: Starting process for DBN 2
place_goal_0_left_0: Starting process for DBN 3
place_goal_0_left_0: Received dict for DBN 0
place_goal_0_left_0: Received dict for DBN 1
place_goal_0_left_0: Received dict for DBN 2
place_goal_0_left_0: Received dict for DBN 3
place_goal_0_left_0: Sampling transitions and computing reward
place_goal_0_left_0: Building transition/reward matrices
place_goal_0_right_0: Identifying enabled states...
place_goal_0_right_0: Splitting up datasets...
place_goal_0_right_0: Learning DBNS...
place_goal_0_right_0: Building transition dicts for each DBN
place_goal_0_right_0: Starting process for DBN 0
place_goal_0_right_0: Starting process for DBN 1
place_goal_0_right_0: Starting process for DBN 2
place_goal_0_right_0: Starting process for DBN 3
place_goal_0_right_0: Received dict for DBN 0
place_goal_0_right_0: Received dict for DBN 1
place_goal_0_right_0: Received dict for DBN 2
place_goal_0_right_0: Received dict for DBN 3
place_goal_0_right_0: Sampling transitions and computing reward
place_goal_0_right_0: Building transition/reward matrices
place_goal_0_front_270: Identifying enabled states...
place_goal_0_front_270: Splitting up datasets...
place_goal_0_front_270: Learning DBNS...
place_goal_0_front_270: Building transition dicts for each DBN
place_goal_0_front_270: Starting process for DBN 0
place_goal_0_front_270: Starting process for DBN 1
place_goal_0_front_270: Starting process for DBN 2
place_goal_0_front_270: Starting process for DBN 3
place_goal_0_front_270: Received dict for DBN 0
place_goal_0_front_270: Received dict for DBN 1
place_goal_0_front_270: Received dict for DBN 3
place_goal_0_front_270: Received dict for DBN 2
place_goal_0_front_270: Sampling transitions and computing reward
place_goal_0_front_270: Building transition/reward matrices
place_goal_1_top_0: Identifying enabled states...
place_goal_1_top_0: Splitting up datasets...
place_goal_1_top_0: Learning DBNS...
place_goal_1_top_0: Building transition dicts for each DBN
place_goal_1_top_0: Starting process for DBN 0
place_goal_1_top_0: Starting process for DBN 1
place_goal_1_top_0: Starting process for DBN 2
place_goal_1_top_0: Starting process for DBN 3
place_goal_1_top_0: Received dict for DBN 0
place_goal_1_top_0: Received dict for DBN 1
place_goal_1_top_0: Received dict for DBN 2
place_goal_1_top_0: Received dict for DBN 3
place_goal_1_top_0: Sampling transitions and computing reward
place_goal_1_top_0: Building transition/reward matrices
place_goal_1_left_0: Identifying enabled states...
place_goal_1_left_0: Splitting up datasets...
place_goal_1_left_0: Learning DBNS...
place_goal_1_left_0: Building transition dicts for each DBN
place_goal_1_left_0: Starting process for DBN 0
place_goal_1_left_0: Starting process for DBN 1
place_goal_1_left_0: Starting process for DBN 2
place_goal_1_left_0: Starting process for DBN 3
place_goal_1_left_0: Received dict for DBN 0
place_goal_1_left_0: Received dict for DBN 1
place_goal_1_left_0: Received dict for DBN 2
place_goal_1_left_0: Received dict for DBN 3
place_goal_1_left_0: Sampling transitions and computing reward
place_goal_1_left_0: Building transition/reward matrices
place_goal_1_right_0: Identifying enabled states...
place_goal_1_right_0: Splitting up datasets...
place_goal_1_right_0: Learning DBNS...
place_goal_1_right_0: Building transition dicts for each DBN
place_goal_1_right_0: Starting process for DBN 0
place_goal_1_right_0: Starting process for DBN 1
place_goal_1_right_0: Starting process for DBN 2
place_goal_1_right_0: Starting process for DBN 3
place_goal_1_right_0: Received dict for DBN 0
place_goal_1_right_0: Received dict for DBN 1
place_goal_1_right_0: Received dict for DBN 2
place_goal_1_right_0: Received dict for DBN 3
place_goal_1_right_0: Sampling transitions and computing reward
place_goal_1_right_0: Building transition/reward matrices
place_goal_1_front_270: Identifying enabled states...
place_goal_1_front_270: Splitting up datasets...
place_goal_1_front_270: Learning DBNS...
place_goal_1_front_270: Building transition dicts for each DBN
place_goal_1_front_270: Starting process for DBN 0
place_goal_1_front_270: Starting process for DBN 1
place_goal_1_front_270: Starting process for DBN 2
place_goal_1_front_270: Starting process for DBN 3
place_goal_1_front_270: Received dict for DBN 0
place_goal_1_front_270: Received dict for DBN 1
place_goal_1_front_270: Received dict for DBN 3
place_goal_1_front_270: Received dict for DBN 2
place_goal_1_front_270: Sampling transitions and computing reward
place_goal_1_front_270: Building transition/reward matrices
place_goal_2_top_0: Identifying enabled states...
place_goal_2_top_0: Splitting up datasets...
place_goal_2_top_0: Learning DBNS...
place_goal_2_top_0: Building transition dicts for each DBN
place_goal_2_top_0: Starting process for DBN 0
place_goal_2_top_0: Starting process for DBN 1
place_goal_2_top_0: Starting process for DBN 2
place_goal_2_top_0: Starting process for DBN 3
place_goal_2_top_0: Received dict for DBN 0
place_goal_2_top_0: Received dict for DBN 1
place_goal_2_top_0: Received dict for DBN 2
place_goal_2_top_0: Received dict for DBN 3
place_goal_2_top_0: Sampling transitions and computing reward
place_goal_2_top_0: Building transition/reward matrices
place_goal_2_left_0: Identifying enabled states...
place_goal_2_left_0: Splitting up datasets...
place_goal_2_left_0: Learning DBNS...
place_goal_2_left_0: Building transition dicts for each DBN
place_goal_2_left_0: Starting process for DBN 0
place_goal_2_left_0: Starting process for DBN 1
place_goal_2_left_0: Starting process for DBN 2
place_goal_2_left_0: Starting process for DBN 3
place_goal_2_left_0: Received dict for DBN 0
place_goal_2_left_0: Received dict for DBN 1
place_goal_2_left_0: Received dict for DBN 2
place_goal_2_left_0: Received dict for DBN 3
place_goal_2_left_0: Sampling transitions and computing reward
place_goal_2_left_0: Building transition/reward matrices
place_goal_2_right_0: Identifying enabled states...
place_goal_2_right_0: Splitting up datasets...
place_goal_2_right_0: Learning DBNS...
place_goal_2_right_0: Building transition dicts for each DBN
place_goal_2_right_0: Starting process for DBN 0
place_goal_2_right_0: Starting process for DBN 1
place_goal_2_right_0: Starting process for DBN 2
place_goal_2_right_0: Starting process for DBN 3
place_goal_2_right_0: Received dict for DBN 2
place_goal_2_right_0: Received dict for DBN 1
place_goal_2_right_0: Received dict for DBN 0
place_goal_2_right_0: Received dict for DBN 3
place_goal_2_right_0: Sampling transitions and computing reward
place_goal_2_right_0: Building transition/reward matrices
place_goal_2_front_270: Identifying enabled states...
place_goal_2_front_270: Splitting up datasets...
place_goal_2_front_270: Learning DBNS...
place_goal_2_front_270: Building transition dicts for each DBN
place_goal_2_front_270: Starting process for DBN 0
place_goal_2_front_270: Starting process for DBN 1
place_goal_2_front_270: Starting process for DBN 2
place_goal_2_front_270: Starting process for DBN 3
place_goal_2_front_270: Received dict for DBN 0
place_goal_2_front_270: Received dict for DBN 1
place_goal_2_front_270: Received dict for DBN 2
place_goal_2_front_270: Received dict for DBN 3
place_goal_2_front_270: Sampling transitions and computing reward
place_goal_2_front_270: Building transition/reward matrices
place_region_0_top_0: Identifying enabled states...
place_region_0_top_0: Splitting up datasets...
place_region_0_top_0: Learning DBNS...
place_region_0_top_0: Building transition dicts for each DBN
place_region_0_top_0: Starting process for DBN 0
place_region_0_top_0: Starting process for DBN 1
place_region_0_top_0: Starting process for DBN 2
place_region_0_top_0: Starting process for DBN 3
place_region_0_top_0: Received dict for DBN 0
place_region_0_top_0: Received dict for DBN 1
place_region_0_top_0: Received dict for DBN 3
place_region_0_top_0: Received dict for DBN 2
place_region_0_top_0: Sampling transitions and computing reward
place_region_0_top_0: Building transition/reward matrices
place_region_0_left_0: Identifying enabled states...
place_region_0_left_0: Splitting up datasets...
place_region_0_left_0: Learning DBNS...
place_region_0_left_0: Building transition dicts for each DBN
place_region_0_left_0: Starting process for DBN 0
place_region_0_left_0: Starting process for DBN 1
place_region_0_left_0: Starting process for DBN 2
place_region_0_left_0: Starting process for DBN 3
place_region_0_left_0: Received dict for DBN 0
place_region_0_left_0: Received dict for DBN 1
place_region_0_left_0: Received dict for DBN 2
place_region_0_left_0: Received dict for DBN 3
place_region_0_left_0: Sampling transitions and computing reward
place_region_0_left_0: Building transition/reward matrices
place_region_0_right_0: Identifying enabled states...
place_region_0_right_0: Splitting up datasets...
place_region_0_right_0: Learning DBNS...
place_region_0_right_0: Building transition dicts for each DBN
place_region_0_right_0: Starting process for DBN 0
place_region_0_right_0: Starting process for DBN 1
place_region_0_right_0: Starting process for DBN 2
place_region_0_right_0: Starting process for DBN 3
place_region_0_right_0: Received dict for DBN 0
place_region_0_right_0: Received dict for DBN 1
place_region_0_right_0: Received dict for DBN 2
place_region_0_right_0: Received dict for DBN 3
place_region_0_right_0: Sampling transitions and computing reward
place_region_0_right_0: Building transition/reward matrices
place_region_0_front_270: Identifying enabled states...
place_region_0_front_270: Splitting up datasets...
place_region_0_front_270: Learning DBNS...
place_region_0_front_270: Building transition dicts for each DBN
place_region_0_front_270: Starting process for DBN 0
place_region_0_front_270: Starting process for DBN 1
place_region_0_front_270: Starting process for DBN 2
place_region_0_front_270: Starting process for DBN 3
place_region_0_front_270: Received dict for DBN 0
place_region_0_front_270: Received dict for DBN 1
place_region_0_front_270: Received dict for DBN 2
place_region_0_front_270: Received dict for DBN 3
place_region_0_front_270: Sampling transitions and computing reward
place_region_0_front_270: Building transition/reward matrices
place_region_1_top_0: Identifying enabled states...
place_region_1_top_0: Splitting up datasets...
place_region_1_top_0: Learning DBNS...
place_region_1_top_0: Building transition dicts for each DBN
place_region_1_top_0: Starting process for DBN 0
place_region_1_top_0: Starting process for DBN 1
place_region_1_top_0: Starting process for DBN 2
place_region_1_top_0: Starting process for DBN 3
place_region_1_top_0: Received dict for DBN 1
place_region_1_top_0: Received dict for DBN 0
place_region_1_top_0: Received dict for DBN 2
place_region_1_top_0: Received dict for DBN 3
place_region_1_top_0: Sampling transitions and computing reward
place_region_1_top_0: Building transition/reward matrices
place_region_1_left_0: Identifying enabled states...
place_region_1_left_0: Splitting up datasets...
place_region_1_left_0: Learning DBNS...
place_region_1_left_0: Building transition dicts for each DBN
place_region_1_left_0: Starting process for DBN 0
place_region_1_left_0: Starting process for DBN 1
place_region_1_left_0: Starting process for DBN 2
place_region_1_left_0: Starting process for DBN 3
place_region_1_left_0: Received dict for DBN 0
place_region_1_left_0: Received dict for DBN 1
place_region_1_left_0: Received dict for DBN 2
place_region_1_left_0: Received dict for DBN 3
place_region_1_left_0: Sampling transitions and computing reward
place_region_1_left_0: Building transition/reward matrices
place_region_1_right_0: Identifying enabled states...
place_region_1_right_0: Splitting up datasets...
place_region_1_right_0: Learning DBNS...
place_region_1_right_0: Building transition dicts for each DBN
place_region_1_right_0: Starting process for DBN 0
place_region_1_right_0: Starting process for DBN 1
place_region_1_right_0: Starting process for DBN 2
place_region_1_right_0: Starting process for DBN 3
place_region_1_right_0: Received dict for DBN 0
place_region_1_right_0: Received dict for DBN 1
place_region_1_right_0: Received dict for DBN 2
place_region_1_right_0: Received dict for DBN 3
place_region_1_right_0: Sampling transitions and computing reward
place_region_1_right_0: Building transition/reward matrices
place_region_1_front_270: Identifying enabled states...
place_region_1_front_270: Splitting up datasets...
place_region_1_front_270: Learning DBNS...
place_region_1_front_270: Building transition dicts for each DBN
place_region_1_front_270: Starting process for DBN 0
place_region_1_front_270: Starting process for DBN 1
place_region_1_front_270: Starting process for DBN 2
place_region_1_front_270: Starting process for DBN 3
place_region_1_front_270: Received dict for DBN 1
place_region_1_front_270: Received dict for DBN 0
place_region_1_front_270: Received dict for DBN 2
place_region_1_front_270: Received dict for DBN 3
place_region_1_front_270: Sampling transitions and computing reward
place_region_1_front_270: Building transition/reward matrices
place_region_2_top_0: Identifying enabled states...
place_region_2_top_0: Splitting up datasets...
place_region_2_top_0: Learning DBNS...
place_region_2_top_0: Building transition dicts for each DBN
place_region_2_top_0: Starting process for DBN 0
place_region_2_top_0: Starting process for DBN 1
place_region_2_top_0: Starting process for DBN 2
place_region_2_top_0: Starting process for DBN 3
place_region_2_top_0: Received dict for DBN 0
place_region_2_top_0: Received dict for DBN 1
place_region_2_top_0: Received dict for DBN 2
place_region_2_top_0: Received dict for DBN 3
place_region_2_top_0: Sampling transitions and computing reward
place_region_2_top_0: Building transition/reward matrices
place_region_2_left_0: Identifying enabled states...
place_region_2_left_0: Splitting up datasets...
place_region_2_left_0: Learning DBNS...
place_region_2_left_0: Building transition dicts for each DBN
place_region_2_left_0: Starting process for DBN 0
place_region_2_left_0: Starting process for DBN 1
place_region_2_left_0: Starting process for DBN 2
place_region_2_left_0: Starting process for DBN 3
place_region_2_left_0: Received dict for DBN 0
place_region_2_left_0: Received dict for DBN 1
place_region_2_left_0: Received dict for DBN 2
place_region_2_left_0: Received dict for DBN 3
place_region_2_left_0: Sampling transitions and computing reward
place_region_2_left_0: Building transition/reward matrices
place_region_2_right_0: Identifying enabled states...
place_region_2_right_0: Splitting up datasets...
place_region_2_right_0: Learning DBNS...
place_region_2_right_0: Building transition dicts for each DBN
place_region_2_right_0: Starting process for DBN 0
place_region_2_right_0: Starting process for DBN 1
place_region_2_right_0: Starting process for DBN 2
place_region_2_right_0: Starting process for DBN 3
place_region_2_right_0: Received dict for DBN 1
place_region_2_right_0: Received dict for DBN 0
place_region_2_right_0: Received dict for DBN 2
place_region_2_right_0: Received dict for DBN 3
place_region_2_right_0: Sampling transitions and computing reward
place_region_2_right_0: Building transition/reward matrices
place_region_2_front_270: Identifying enabled states...
place_region_2_front_270: Splitting up datasets...
place_region_2_front_270: Learning DBNS...
place_region_2_front_270: Building transition dicts for each DBN
place_region_2_front_270: Starting process for DBN 0
place_region_2_front_270: Starting process for DBN 1
place_region_2_front_270: Starting process for DBN 2
place_region_2_front_270: Starting process for DBN 3
place_region_2_front_270: Received dict for DBN 1
place_region_2_front_270: Received dict for DBN 0
place_region_2_front_270: Received dict for DBN 2
place_region_2_front_270: Received dict for DBN 3
place_region_2_front_270: Sampling transitions and computing reward
place_region_2_front_270: Building transition/reward matrices
Building MDP...
Synthesising Policy...
Solving MDP for timestep: 29
Solving MDP for timestep: 28
Solving MDP for timestep: 27
Solving MDP for timestep: 26
Solving MDP for timestep: 25
Solving MDP for timestep: 24
Solving MDP for timestep: 23
Solving MDP for timestep: 22
Solving MDP for timestep: 21
Solving MDP for timestep: 20
Solving MDP for timestep: 19
Solving MDP for timestep: 18
Solving MDP for timestep: 17
Solving MDP for timestep: 16
Solving MDP for timestep: 15
Solving MDP for timestep: 14
Solving MDP for timestep: 13
Solving MDP for timestep: 12
Solving MDP for timestep: 11
Solving MDP for timestep: 10
Solving MDP for timestep: 9
Solving MDP for timestep: 8
Solving MDP for timestep: 7
Solving MDP for timestep: 6
Solving MDP for timestep: 5
Solving MDP for timestep: 4
Solving MDP for timestep: 3
Solving MDP for timestep: 2
Solving MDP for timestep: 1
Solving MDP for timestep: 0
Resetting the scene for new episode
Step 0
policy value 33.189361572265625
State(column0: region_0, column1: region_1, column2: region_2)
pick_column1_right_0
Action: Action(ActionType.PICK, obj=/column1, slot=None,grasp=GraspType.RIGHT_0)
[EXEC] Picking /column1 with right_0
[ERROR] No IK configurations found for desired pick pose.
[EXEC] Action ActionType.PICK executed in 1.01 seconds
[ERROR] Action ActionType.PICK failed for object /column1
Action duration: 0.001
[LOG] Transition logged to MongoDB: 3b45543f-1da5-4b6b-a71d-6af8c33bab70 - Episode 18
Action failed, stopping. Time elapsed: 0.001
Step 1
policy value 32.03641891479492
State(column0: region_0, column1: region_1, column2: region_2)
pick_column1_right_0
Action: Action(ActionType.PICK, obj=/column1, slot=None,grasp=GraspType.RIGHT_0)
[EXEC] Picking /column1 with right_0
[ERROR] No IK configurations found for desired pick pose.
[EXEC] Action ActionType.PICK executed in 1.01 seconds
[ERROR] Action ActionType.PICK failed for object /column1
Action duration: 0.001
[LOG] Transition logged to MongoDB: 3b45543f-1da5-4b6b-a71d-6af8c33bab70 - Episode 18
Action failed, stopping. Time elapsed: 0.001
Step 2
policy value 30.88534927368164
State(column0: region_0, column1: region_1, column2: region_2)
pick_column1_right_0
Action: Action(ActionType.PICK, obj=/column1, slot=None,grasp=GraspType.RIGHT_0)
[EXEC] Picking /column1 with right_0
[ERROR] No IK configurations found for desired pick pose.
[EXEC] Action ActionType.PICK executed in 1.02 seconds
[ERROR] Action ActionType.PICK failed for object /column1
Action duration: 0.001
[LOG] Transition logged to MongoDB: 3b45543f-1da5-4b6b-a71d-6af8c33bab70 - Episode 18
Action failed, stopping. Time elapsed: 0.001
Step 3
policy value 29.736143112182617
State(column0: region_0, column1: region_1, column2: region_2)
pick_column1_right_0
Action: Action(ActionType.PICK, obj=/column1, slot=None,grasp=GraspType.RIGHT_0)
[EXEC] Picking /column1 with right_0
[ERROR] No IK configurations found for desired pick pose.
[EXEC] Action ActionType.PICK executed in 1.01 seconds
[ERROR] Action ActionType.PICK failed for object /column1
Action duration: 0.001
[LOG] Transition logged to MongoDB: 3b45543f-1da5-4b6b-a71d-6af8c33bab70 - Episode 18
Action failed, stopping. Time elapsed: 0.001
Step 4
policy value 28.588651657104492
State(column0: region_0, column1: region_1, column2: region_2)
pick_column1_right_0
Action: Action(ActionType.PICK, obj=/column1, slot=None,grasp=GraspType.RIGHT_0)
[EXEC] Picking /column1 with right_0
[ERROR] No IK configurations found for desired pick pose.
[EXEC] Action ActionType.PICK executed in 1.01 seconds
[ERROR] Action ActionType.PICK failed for object /column1
Action duration: 0.001
[LOG] Transition logged to MongoDB: 3b45543f-1da5-4b6b-a71d-6af8c33bab70 - Episode 18
Action failed, stopping. Time elapsed: 0.001
Step 5
policy value 27.442779541015625
State(column0: region_0, column1: region_1, column2: region_2)
pick_column1_right_0
Action: Action(ActionType.PICK, obj=/column1, slot=None,grasp=GraspType.RIGHT_0)
[EXEC] Picking /column1 with right_0
[ERROR] No IK configurations found for desired pick pose.
[EXEC] Action ActionType.PICK executed in 1.01 seconds
[ERROR] Action ActionType.PICK failed for object /column1
Action duration: 0.001
[LOG] Transition logged to MongoDB: 3b45543f-1da5-4b6b-a71d-6af8c33bab70 - Episode 18
Action failed, stopping. Time elapsed: 0.001
Too many failures, resetting episode
Episode 17 ended
Revising policy
USING STORM: False
Reading data from MongoDB...
Total option moiton param combinations 36
Collected combinations 36
Building state to idx mapping...
Building option ensembles...
pick_column0_top_0: Identifying enabled states...
pick_column0_top_0: Splitting up datasets...
pick_column0_top_0: Learning DBNS...
pick_column0_top_0: Building transition dicts for each DBN
pick_column0_top_0: Starting process for DBN 0
pick_column0_top_0: Starting process for DBN 1
pick_column0_top_0: Starting process for DBN 2
pick_column0_top_0: Starting process for DBN 3
pick_column0_top_0: Received dict for DBN 0
pick_column0_top_0: Received dict for DBN 1
pick_column0_top_0: Received dict for DBN 2
pick_column0_top_0: Received dict for DBN 3
pick_column0_top_0: Sampling transitions and computing reward
pick_column0_top_0: Building transition/reward matrices
pick_column0_left_0: Identifying enabled states...
pick_column0_left_0: Splitting up datasets...
pick_column0_left_0: Learning DBNS...
pick_column0_left_0: Building transition dicts for each DBN
pick_column0_left_0: Starting process for DBN 0
pick_column0_left_0: Starting process for DBN 1
pick_column0_left_0: Starting process for DBN 2
pick_column0_left_0: Starting process for DBN 3
pick_column0_left_0: Received dict for DBN 0
pick_column0_left_0: Received dict for DBN 1
pick_column0_left_0: Received dict for DBN 2
pick_column0_left_0: Received dict for DBN 3
pick_column0_left_0: Sampling transitions and computing reward
pick_column0_left_0: Building transition/reward matrices
pick_column0_right_0: Identifying enabled states...
pick_column0_right_0: Splitting up datasets...
pick_column0_right_0: Learning DBNS...
pick_column0_right_0: Building transition dicts for each DBN
pick_column0_right_0: Starting process for DBN 0
pick_column0_right_0: Starting process for DBN 1
pick_column0_right_0: Starting process for DBN 2
pick_column0_right_0: Starting process for DBN 3
pick_column0_right_0: Received dict for DBN 0
pick_column0_right_0: Received dict for DBN 1
pick_column0_right_0: Received dict for DBN 2
pick_column0_right_0: Received dict for DBN 3
pick_column0_right_0: Sampling transitions and computing reward
pick_column0_right_0: Building transition/reward matrices
pick_column0_front_270: Identifying enabled states...
pick_column0_front_270: Splitting up datasets...
pick_column0_front_270: Learning DBNS...
pick_column0_front_270: Building transition dicts for each DBN
pick_column0_front_270: Starting process for DBN 0
pick_column0_front_270: Starting process for DBN 1
pick_column0_front_270: Starting process for DBN 2
pick_column0_front_270: Starting process for DBN 3
pick_column0_front_270: Received dict for DBN 0
pick_column0_front_270: Received dict for DBN 1
pick_column0_front_270: Received dict for DBN 2
pick_column0_front_270: Received dict for DBN 3
pick_column0_front_270: Sampling transitions and computing reward
pick_column0_front_270: Building transition/reward matrices
pick_column1_top_0: Identifying enabled states...
pick_column1_top_0: Splitting up datasets...
pick_column1_top_0: Learning DBNS...
pick_column1_top_0: Building transition dicts for each DBN
pick_column1_top_0: Starting process for DBN 0
pick_column1_top_0: Starting process for DBN 1
pick_column1_top_0: Starting process for DBN 2
pick_column1_top_0: Starting process for DBN 3
pick_column1_top_0: Received dict for DBN 0
pick_column1_top_0: Received dict for DBN 1
pick_column1_top_0: Received dict for DBN 2
pick_column1_top_0: Received dict for DBN 3
pick_column1_top_0: Sampling transitions and computing reward
pick_column1_top_0: Building transition/reward matrices
pick_column1_left_0: Identifying enabled states...
pick_column1_left_0: Splitting up datasets...
pick_column1_left_0: Learning DBNS...
pick_column1_left_0: Building transition dicts for each DBN
pick_column1_left_0: Starting process for DBN 0
pick_column1_left_0: Starting process for DBN 1
pick_column1_left_0: Starting process for DBN 2
pick_column1_left_0: Starting process for DBN 3
pick_column1_left_0: Received dict for DBN 0
pick_column1_left_0: Received dict for DBN 1
pick_column1_left_0: Received dict for DBN 2
pick_column1_left_0: Received dict for DBN 3
pick_column1_left_0: Sampling transitions and computing reward
pick_column1_left_0: Building transition/reward matrices
pick_column1_right_0: Identifying enabled states...
pick_column1_right_0: Splitting up datasets...
pick_column1_right_0: Learning DBNS...
pick_column1_right_0: Building transition dicts for each DBN
pick_column1_right_0: Starting process for DBN 0
pick_column1_right_0: Starting process for DBN 1
pick_column1_right_0: Starting process for DBN 2
pick_column1_right_0: Starting process for DBN 3
pick_column1_right_0: Received dict for DBN 0
pick_column1_right_0: Received dict for DBN 1
pick_column1_right_0: Received dict for DBN 2
pick_column1_right_0: Received dict for DBN 3
pick_column1_right_0: Sampling transitions and computing reward
pick_column1_right_0: Building transition/reward matrices
pick_column1_front_270: Identifying enabled states...
pick_column1_front_270: Splitting up datasets...
pick_column1_front_270: Learning DBNS...
pick_column1_front_270: Building transition dicts for each DBN
pick_column1_front_270: Starting process for DBN 0
pick_column1_front_270: Starting process for DBN 1
pick_column1_front_270: Starting process for DBN 2
pick_column1_front_270: Starting process for DBN 3
pick_column1_front_270: Received dict for DBN 0
pick_column1_front_270: Received dict for DBN 1
pick_column1_front_270: Received dict for DBN 2
pick_column1_front_270: Received dict for DBN 3
pick_column1_front_270: Sampling transitions and computing reward
pick_column1_front_270: Building transition/reward matrices
pick_column2_top_0: Identifying enabled states...
pick_column2_top_0: Splitting up datasets...
pick_column2_top_0: Learning DBNS...
pick_column2_top_0: Building transition dicts for each DBN
pick_column2_top_0: Starting process for DBN 0
pick_column2_top_0: Starting process for DBN 1
pick_column2_top_0: Starting process for DBN 2
pick_column2_top_0: Starting process for DBN 3
pick_column2_top_0: Received dict for DBN 0
pick_column2_top_0: Received dict for DBN 1
pick_column2_top_0: Received dict for DBN 2
pick_column2_top_0: Received dict for DBN 3
pick_column2_top_0: Sampling transitions and computing reward
pick_column2_top_0: Building transition/reward matrices
pick_column2_left_0: Identifying enabled states...
pick_column2_left_0: Splitting up datasets...
pick_column2_left_0: Learning DBNS...
pick_column2_left_0: Building transition dicts for each DBN
pick_column2_left_0: Starting process for DBN 0
pick_column2_left_0: Starting process for DBN 1
pick_column2_left_0: Starting process for DBN 2
pick_column2_left_0: Starting process for DBN 3
pick_column2_left_0: Received dict for DBN 0
pick_column2_left_0: Received dict for DBN 1
pick_column2_left_0: Received dict for DBN 2
pick_column2_left_0: Received dict for DBN 3
pick_column2_left_0: Sampling transitions and computing reward
pick_column2_left_0: Building transition/reward matrices
pick_column2_right_0: Identifying enabled states...
pick_column2_right_0: Splitting up datasets...
pick_column2_right_0: Learning DBNS...
pick_column2_right_0: Building transition dicts for each DBN
pick_column2_right_0: Starting process for DBN 0
pick_column2_right_0: Starting process for DBN 1
pick_column2_right_0: Starting process for DBN 2
pick_column2_right_0: Starting process for DBN 3
pick_column2_right_0: Received dict for DBN 0
pick_column2_right_0: Received dict for DBN 1
pick_column2_right_0: Received dict for DBN 2
pick_column2_right_0: Received dict for DBN 3
pick_column2_right_0: Sampling transitions and computing reward
pick_column2_right_0: Building transition/reward matrices
pick_column2_front_270: Identifying enabled states...
pick_column2_front_270: Splitting up datasets...
pick_column2_front_270: Learning DBNS...
pick_column2_front_270: Building transition dicts for each DBN
pick_column2_front_270: Starting process for DBN 0
pick_column2_front_270: Starting process for DBN 1
pick_column2_front_270: Starting process for DBN 2
pick_column2_front_270: Starting process for DBN 3
pick_column2_front_270: Received dict for DBN 0
pick_column2_front_270: Received dict for DBN 1
pick_column2_front_270: Received dict for DBN 2
pick_column2_front_270: Received dict for DBN 3
pick_column2_front_270: Sampling transitions and computing reward
pick_column2_front_270: Building transition/reward matrices
place_goal_0_top_0: Identifying enabled states...
place_goal_0_top_0: Splitting up datasets...
place_goal_0_top_0: Learning DBNS...
place_goal_0_top_0: Building transition dicts for each DBN
place_goal_0_top_0: Starting process for DBN 0
place_goal_0_top_0: Starting process for DBN 1
place_goal_0_top_0: Starting process for DBN 2
place_goal_0_top_0: Starting process for DBN 3
place_goal_0_top_0: Received dict for DBN 1
place_goal_0_top_0: Received dict for DBN 0
place_goal_0_top_0: Received dict for DBN 2
place_goal_0_top_0: Received dict for DBN 3
place_goal_0_top_0: Sampling transitions and computing reward
place_goal_0_top_0: Building transition/reward matrices
place_goal_0_left_0: Identifying enabled states...
place_goal_0_left_0: Splitting up datasets...
place_goal_0_left_0: Learning DBNS...
place_goal_0_left_0: Building transition dicts for each DBN
place_goal_0_left_0: Starting process for DBN 0
place_goal_0_left_0: Starting process for DBN 1
place_goal_0_left_0: Starting process for DBN 2
place_goal_0_left_0: Starting process for DBN 3
place_goal_0_left_0: Received dict for DBN 0
place_goal_0_left_0: Received dict for DBN 1
place_goal_0_left_0: Received dict for DBN 2
place_goal_0_left_0: Received dict for DBN 3
place_goal_0_left_0: Sampling transitions and computing reward
place_goal_0_left_0: Building transition/reward matrices
place_goal_0_right_0: Identifying enabled states...
place_goal_0_right_0: Splitting up datasets...
place_goal_0_right_0: Learning DBNS...
place_goal_0_right_0: Building transition dicts for each DBN
place_goal_0_right_0: Starting process for DBN 0
place_goal_0_right_0: Starting process for DBN 1
place_goal_0_right_0: Starting process for DBN 2
place_goal_0_right_0: Starting process for DBN 3
place_goal_0_right_0: Received dict for DBN 0
place_goal_0_right_0: Received dict for DBN 1
place_goal_0_right_0: Received dict for DBN 2
place_goal_0_right_0: Received dict for DBN 3
place_goal_0_right_0: Sampling transitions and computing reward
place_goal_0_right_0: Building transition/reward matrices
place_goal_0_front_270: Identifying enabled states...
place_goal_0_front_270: Splitting up datasets...
place_goal_0_front_270: Learning DBNS...
place_goal_0_front_270: Building transition dicts for each DBN
place_goal_0_front_270: Starting process for DBN 0
place_goal_0_front_270: Starting process for DBN 1
place_goal_0_front_270: Starting process for DBN 2
place_goal_0_front_270: Starting process for DBN 3
place_goal_0_front_270: Received dict for DBN 1
place_goal_0_front_270: Received dict for DBN 2
place_goal_0_front_270: Received dict for DBN 0
place_goal_0_front_270: Received dict for DBN 3
place_goal_0_front_270: Sampling transitions and computing reward
place_goal_0_front_270: Building transition/reward matrices
place_goal_1_top_0: Identifying enabled states...
place_goal_1_top_0: Splitting up datasets...
place_goal_1_top_0: Learning DBNS...
place_goal_1_top_0: Building transition dicts for each DBN
place_goal_1_top_0: Starting process for DBN 0
place_goal_1_top_0: Starting process for DBN 1
place_goal_1_top_0: Starting process for DBN 2
place_goal_1_top_0: Starting process for DBN 3
place_goal_1_top_0: Received dict for DBN 0
place_goal_1_top_0: Received dict for DBN 1
place_goal_1_top_0: Received dict for DBN 2
place_goal_1_top_0: Received dict for DBN 3
place_goal_1_top_0: Sampling transitions and computing reward
place_goal_1_top_0: Building transition/reward matrices
place_goal_1_left_0: Identifying enabled states...
place_goal_1_left_0: Splitting up datasets...
place_goal_1_left_0: Learning DBNS...
place_goal_1_left_0: Building transition dicts for each DBN
place_goal_1_left_0: Starting process for DBN 0
place_goal_1_left_0: Starting process for DBN 1
place_goal_1_left_0: Starting process for DBN 2
place_goal_1_left_0: Starting process for DBN 3
place_goal_1_left_0: Received dict for DBN 0
place_goal_1_left_0: Received dict for DBN 1
place_goal_1_left_0: Received dict for DBN 2
place_goal_1_left_0: Received dict for DBN 3
place_goal_1_left_0: Sampling transitions and computing reward
place_goal_1_left_0: Building transition/reward matrices
place_goal_1_right_0: Identifying enabled states...
place_goal_1_right_0: Splitting up datasets...
place_goal_1_right_0: Learning DBNS...
place_goal_1_right_0: Building transition dicts for each DBN
place_goal_1_right_0: Starting process for DBN 0
place_goal_1_right_0: Starting process for DBN 1
place_goal_1_right_0: Starting process for DBN 2
place_goal_1_right_0: Starting process for DBN 3
place_goal_1_right_0: Received dict for DBN 0
place_goal_1_right_0: Received dict for DBN 1
place_goal_1_right_0: Received dict for DBN 2
place_goal_1_right_0: Received dict for DBN 3
place_goal_1_right_0: Sampling transitions and computing reward
place_goal_1_right_0: Building transition/reward matrices
place_goal_1_front_270: Identifying enabled states...
place_goal_1_front_270: Splitting up datasets...
place_goal_1_front_270: Learning DBNS...
place_goal_1_front_270: Building transition dicts for each DBN
place_goal_1_front_270: Starting process for DBN 0
place_goal_1_front_270: Starting process for DBN 1
place_goal_1_front_270: Starting process for DBN 2
place_goal_1_front_270: Starting process for DBN 3
place_goal_1_front_270: Received dict for DBN 0
place_goal_1_front_270: Received dict for DBN 2
place_goal_1_front_270: Received dict for DBN 1
place_goal_1_front_270: Received dict for DBN 3
place_goal_1_front_270: Sampling transitions and computing reward
place_goal_1_front_270: Building transition/reward matrices
place_goal_2_top_0: Identifying enabled states...
place_goal_2_top_0: Splitting up datasets...
place_goal_2_top_0: Learning DBNS...
place_goal_2_top_0: Building transition dicts for each DBN
place_goal_2_top_0: Starting process for DBN 0
place_goal_2_top_0: Starting process for DBN 1
place_goal_2_top_0: Starting process for DBN 2
place_goal_2_top_0: Starting process for DBN 3
place_goal_2_top_0: Received dict for DBN 0
place_goal_2_top_0: Received dict for DBN 1
place_goal_2_top_0: Received dict for DBN 2
place_goal_2_top_0: Received dict for DBN 3
place_goal_2_top_0: Sampling transitions and computing reward
place_goal_2_top_0: Building transition/reward matrices
place_goal_2_left_0: Identifying enabled states...
place_goal_2_left_0: Splitting up datasets...
place_goal_2_left_0: Learning DBNS...
place_goal_2_left_0: Building transition dicts for each DBN
place_goal_2_left_0: Starting process for DBN 0
place_goal_2_left_0: Starting process for DBN 1
place_goal_2_left_0: Starting process for DBN 2
place_goal_2_left_0: Starting process for DBN 3
place_goal_2_left_0: Received dict for DBN 0
place_goal_2_left_0: Received dict for DBN 1
place_goal_2_left_0: Received dict for DBN 2
place_goal_2_left_0: Received dict for DBN 3
place_goal_2_left_0: Sampling transitions and computing reward
place_goal_2_left_0: Building transition/reward matrices
place_goal_2_right_0: Identifying enabled states...
place_goal_2_right_0: Splitting up datasets...
place_goal_2_right_0: Learning DBNS...
place_goal_2_right_0: Building transition dicts for each DBN
place_goal_2_right_0: Starting process for DBN 0
place_goal_2_right_0: Starting process for DBN 1
place_goal_2_right_0: Starting process for DBN 2
place_goal_2_right_0: Starting process for DBN 3
place_goal_2_right_0: Received dict for DBN 0
place_goal_2_right_0: Received dict for DBN 2
place_goal_2_right_0: Received dict for DBN 1
place_goal_2_right_0: Received dict for DBN 3
place_goal_2_right_0: Sampling transitions and computing reward
place_goal_2_right_0: Building transition/reward matrices
place_goal_2_front_270: Identifying enabled states...
place_goal_2_front_270: Splitting up datasets...
place_goal_2_front_270: Learning DBNS...
place_goal_2_front_270: Building transition dicts for each DBN
place_goal_2_front_270: Starting process for DBN 0
place_goal_2_front_270: Starting process for DBN 1
place_goal_2_front_270: Starting process for DBN 2
place_goal_2_front_270: Starting process for DBN 3
place_goal_2_front_270: Received dict for DBN 0
place_goal_2_front_270: Received dict for DBN 1
place_goal_2_front_270: Received dict for DBN 2
place_goal_2_front_270: Received dict for DBN 3
place_goal_2_front_270: Sampling transitions and computing reward
place_goal_2_front_270: Building transition/reward matrices
place_region_0_top_0: Identifying enabled states...
place_region_0_top_0: Splitting up datasets...
place_region_0_top_0: Learning DBNS...
place_region_0_top_0: Building transition dicts for each DBN
place_region_0_top_0: Starting process for DBN 0
place_region_0_top_0: Starting process for DBN 1
place_region_0_top_0: Starting process for DBN 2
place_region_0_top_0: Starting process for DBN 3
place_region_0_top_0: Received dict for DBN 0
place_region_0_top_0: Received dict for DBN 1
place_region_0_top_0: Received dict for DBN 3
place_region_0_top_0: Received dict for DBN 2
place_region_0_top_0: Sampling transitions and computing reward
place_region_0_top_0: Building transition/reward matrices
place_region_0_left_0: Identifying enabled states...
place_region_0_left_0: Splitting up datasets...
place_region_0_left_0: Learning DBNS...
place_region_0_left_0: Building transition dicts for each DBN
place_region_0_left_0: Starting process for DBN 0
place_region_0_left_0: Starting process for DBN 1
place_region_0_left_0: Starting process for DBN 2
place_region_0_left_0: Starting process for DBN 3
place_region_0_left_0: Received dict for DBN 0
place_region_0_left_0: Received dict for DBN 1
place_region_0_left_0: Received dict for DBN 2
place_region_0_left_0: Received dict for DBN 3
place_region_0_left_0: Sampling transitions and computing reward
place_region_0_left_0: Building transition/reward matrices
place_region_0_right_0: Identifying enabled states...
place_region_0_right_0: Splitting up datasets...
place_region_0_right_0: Learning DBNS...
place_region_0_right_0: Building transition dicts for each DBN
place_region_0_right_0: Starting process for DBN 0
place_region_0_right_0: Starting process for DBN 1
place_region_0_right_0: Starting process for DBN 2
place_region_0_right_0: Starting process for DBN 3
place_region_0_right_0: Received dict for DBN 1
place_region_0_right_0: Received dict for DBN 0
place_region_0_right_0: Received dict for DBN 2
place_region_0_right_0: Received dict for DBN 3
place_region_0_right_0: Sampling transitions and computing reward
place_region_0_right_0: Building transition/reward matrices
place_region_0_front_270: Identifying enabled states...
place_region_0_front_270: Splitting up datasets...
place_region_0_front_270: Learning DBNS...
place_region_0_front_270: Building transition dicts for each DBN
place_region_0_front_270: Starting process for DBN 0
place_region_0_front_270: Starting process for DBN 1
place_region_0_front_270: Starting process for DBN 2
place_region_0_front_270: Starting process for DBN 3
place_region_0_front_270: Received dict for DBN 1
place_region_0_front_270: Received dict for DBN 0
place_region_0_front_270: Received dict for DBN 2
place_region_0_front_270: Received dict for DBN 3
place_region_0_front_270: Sampling transitions and computing reward
place_region_0_front_270: Building transition/reward matrices
place_region_1_top_0: Identifying enabled states...
place_region_1_top_0: Splitting up datasets...
place_region_1_top_0: Learning DBNS...
place_region_1_top_0: Building transition dicts for each DBN
place_region_1_top_0: Starting process for DBN 0
place_region_1_top_0: Starting process for DBN 1
place_region_1_top_0: Starting process for DBN 2
place_region_1_top_0: Starting process for DBN 3
place_region_1_top_0: Received dict for DBN 1
place_region_1_top_0: Received dict for DBN 0
place_region_1_top_0: Received dict for DBN 2
place_region_1_top_0: Received dict for DBN 3
place_region_1_top_0: Sampling transitions and computing reward
place_region_1_top_0: Building transition/reward matrices
place_region_1_left_0: Identifying enabled states...
place_region_1_left_0: Splitting up datasets...
place_region_1_left_0: Learning DBNS...
place_region_1_left_0: Building transition dicts for each DBN
place_region_1_left_0: Starting process for DBN 0
place_region_1_left_0: Starting process for DBN 1
place_region_1_left_0: Starting process for DBN 2
place_region_1_left_0: Starting process for DBN 3
place_region_1_left_0: Received dict for DBN 1
place_region_1_left_0: Received dict for DBN 0
place_region_1_left_0: Received dict for DBN 2
place_region_1_left_0: Received dict for DBN 3
place_region_1_left_0: Sampling transitions and computing reward
place_region_1_left_0: Building transition/reward matrices
place_region_1_right_0: Identifying enabled states...
place_region_1_right_0: Splitting up datasets...
place_region_1_right_0: Learning DBNS...
place_region_1_right_0: Building transition dicts for each DBN
place_region_1_right_0: Starting process for DBN 0
place_region_1_right_0: Starting process for DBN 1
place_region_1_right_0: Starting process for DBN 2
place_region_1_right_0: Starting process for DBN 3
place_region_1_right_0: Received dict for DBN 0
place_region_1_right_0: Received dict for DBN 1
place_region_1_right_0: Received dict for DBN 2
place_region_1_right_0: Received dict for DBN 3
place_region_1_right_0: Sampling transitions and computing reward
place_region_1_right_0: Building transition/reward matrices
place_region_1_front_270: Identifying enabled states...
place_region_1_front_270: Splitting up datasets...
place_region_1_front_270: Learning DBNS...
place_region_1_front_270: Building transition dicts for each DBN
place_region_1_front_270: Starting process for DBN 0
place_region_1_front_270: Starting process for DBN 1
place_region_1_front_270: Starting process for DBN 2
place_region_1_front_270: Starting process for DBN 3
place_region_1_front_270: Received dict for DBN 1
place_region_1_front_270: Received dict for DBN 0
place_region_1_front_270: Received dict for DBN 2
place_region_1_front_270: Received dict for DBN 3
place_region_1_front_270: Sampling transitions and computing reward
place_region_1_front_270: Building transition/reward matrices
place_region_2_top_0: Identifying enabled states...
place_region_2_top_0: Splitting up datasets...
place_region_2_top_0: Learning DBNS...
place_region_2_top_0: Building transition dicts for each DBN
place_region_2_top_0: Starting process for DBN 0
place_region_2_top_0: Starting process for DBN 1
place_region_2_top_0: Starting process for DBN 2
place_region_2_top_0: Starting process for DBN 3
place_region_2_top_0: Received dict for DBN 0
place_region_2_top_0: Received dict for DBN 1
place_region_2_top_0: Received dict for DBN 2
place_region_2_top_0: Received dict for DBN 3
place_region_2_top_0: Sampling transitions and computing reward
place_region_2_top_0: Building transition/reward matrices
place_region_2_left_0: Identifying enabled states...
place_region_2_left_0: Splitting up datasets...
place_region_2_left_0: Learning DBNS...
place_region_2_left_0: Building transition dicts for each DBN
place_region_2_left_0: Starting process for DBN 0
place_region_2_left_0: Starting process for DBN 1
place_region_2_left_0: Starting process for DBN 2
place_region_2_left_0: Starting process for DBN 3
place_region_2_left_0: Received dict for DBN 1
place_region_2_left_0: Received dict for DBN 0
place_region_2_left_0: Received dict for DBN 2
place_region_2_left_0: Received dict for DBN 3
place_region_2_left_0: Sampling transitions and computing reward
place_region_2_left_0: Building transition/reward matrices
place_region_2_right_0: Identifying enabled states...
place_region_2_right_0: Splitting up datasets...
place_region_2_right_0: Learning DBNS...
place_region_2_right_0: Building transition dicts for each DBN
place_region_2_right_0: Starting process for DBN 0
place_region_2_right_0: Starting process for DBN 1
place_region_2_right_0: Starting process for DBN 2
place_region_2_right_0: Starting process for DBN 3
place_region_2_right_0: Received dict for DBN 1
place_region_2_right_0: Received dict for DBN 0
place_region_2_right_0: Received dict for DBN 2
place_region_2_right_0: Received dict for DBN 3
place_region_2_right_0: Sampling transitions and computing reward
place_region_2_right_0: Building transition/reward matrices
place_region_2_front_270: Identifying enabled states...
place_region_2_front_270: Splitting up datasets...
place_region_2_front_270: Learning DBNS...
place_region_2_front_270: Building transition dicts for each DBN
place_region_2_front_270: Starting process for DBN 0
place_region_2_front_270: Starting process for DBN 1
place_region_2_front_270: Starting process for DBN 2
place_region_2_front_270: Starting process for DBN 3
place_region_2_front_270: Received dict for DBN 1
place_region_2_front_270: Received dict for DBN 0
place_region_2_front_270: Received dict for DBN 2
place_region_2_front_270: Received dict for DBN 3
place_region_2_front_270: Sampling transitions and computing reward
place_region_2_front_270: Building transition/reward matrices
Building MDP...
Synthesising Policy...
Solving MDP for timestep: 29
Solving MDP for timestep: 28
Solving MDP for timestep: 27
Solving MDP for timestep: 26
Solving MDP for timestep: 25
Solving MDP for timestep: 24
Solving MDP for timestep: 23
Solving MDP for timestep: 22
Solving MDP for timestep: 21
Solving MDP for timestep: 20
Solving MDP for timestep: 19
Solving MDP for timestep: 18
Solving MDP for timestep: 17
Solving MDP for timestep: 16
Solving MDP for timestep: 15
Solving MDP for timestep: 14
Solving MDP for timestep: 13
Solving MDP for timestep: 12
Solving MDP for timestep: 11
Solving MDP for timestep: 10
Solving MDP for timestep: 9
Solving MDP for timestep: 8
Solving MDP for timestep: 7
Solving MDP for timestep: 6
Solving MDP for timestep: 5
Solving MDP for timestep: 4
Solving MDP for timestep: 3
Solving MDP for timestep: 2
Solving MDP for timestep: 1
Solving MDP for timestep: 0
Resetting the scene for new episode
Step 0
policy value 44.45356369018555
State(column0: region_1, column1: region_2, column2: region_0)
pick_column1_front_270
Action: Action(ActionType.PICK, obj=/column1, slot=None,grasp=GraspType.FRONT_270)
[EXEC] Picking /column1 with front_270

[INFO] Found 7168 potential configurations.
[INFO] Motion completed successfully with result: success,in execution time: 4.16 seconds
[INFO] Found a reachable configuration for pick action after 1 attempts.
Tip distance after pick: 0.020148924113508007
[INFO] Pick action completed successfully.in execution time: 4.16 seconds
[EXEC] Action ActionType.PICK executed in 10.25 seconds
[SUCCESS] Action ActionType.PICK succeeded for object /column1
Action duration: 4.16
[LOG] Transition logged to MongoDB: 3b45543f-1da5-4b6b-a71d-6af8c33bab70 - Episode 18
Step 1
policy value 43.96017074584961
State(column0: region_1, column1: held, column2: region_0)
place_region_2_left_0
Action: Action(ActionType.PLACE, obj=/column1, slot=/region_2,grasp=GraspType.LEFT_0)
[EXEC] Placing at [0.6, 0.80001, 0.5] with grasp left_0

[INFO] Found 5184 potential configurations.
[INFO] Motion completed successfully with result: success,in execution time: 5.36 seconds
[INFO] Found a reachable configuration for place action after 1 attempts.
[INFO] Place action completed successfully.
realigning placed object /column1 to target position
[EXEC] Action ActionType.PLACE executed in 9.71 seconds
[SUCCESS] Action ActionType.PLACE succeeded for object /column1
Action duration: 5.3599999999999
[LOG] Transition logged to MongoDB: 3b45543f-1da5-4b6b-a71d-6af8c33bab70 - Episode 18
Step 2
policy value 41.07829666137695
State(column0: region_1, column1: region_2, column2: region_0)
pick_column1_front_270
Action: Action(ActionType.PICK, obj=/column1, slot=None,grasp=GraspType.FRONT_270)
[EXEC] Picking /column1 with front_270

[INFO] Found 5184 potential configurations.
[ERROR] Motion failed (collision or invalid path)
[ERROR] Motion result: collision
[WARN] Failed to find a path to the selected pick config on attempt 1.
[WARN] No path found to picked config, discarding and trying next valid config...
[ERROR] Motion failed (collision or invalid path)
[ERROR] Motion result: collision
[WARN] Failed to find a path to the selected pick config on attempt 2.
[WARN] No path found to picked config, discarding and trying next valid config...
[ERROR] Motion failed (collision or invalid path)
[ERROR] Motion result: collision
[WARN] Failed to find a path to the selected pick config on attempt 3.
[WARN] No path found to picked config, discarding and trying next valid config...
[ERROR] Max IK attempts reached, pick action failed.
[EXEC] Action ActionType.PICK executed in 21.93 seconds
[ERROR] Action ActionType.PICK failed for object /column1
Action duration: 0.001
[LOG] Transition logged to MongoDB: 3b45543f-1da5-4b6b-a71d-6af8c33bab70 - Episode 18
Action failed, stopping. Time elapsed: 0.001
Step 3
policy value 39.39227294921875
State(column0: region_1, column1: region_2, column2: region_0)
pick_column1_front_270
Action: Action(ActionType.PICK, obj=/column1, slot=None,grasp=GraspType.FRONT_270)
[EXEC] Picking /column1 with front_270

[INFO] Found 5248 potential configurations.
[ERROR] Motion failed (collision or invalid path)
[ERROR] Motion result: collision
[WARN] Failed to find a path to the selected pick config on attempt 1.
[WARN] No path found to picked config, discarding and trying next valid config...
[ERROR] Motion failed (collision or invalid path)
[ERROR] Motion result: collision
[WARN] Failed to find a path to the selected pick config on attempt 2.
[WARN] No path found to picked config, discarding and trying next valid config...
[ERROR] Motion failed (collision or invalid path)
[ERROR] Motion result: collision
[WARN] Failed to find a path to the selected pick config on attempt 3.
[WARN] No path found to picked config, discarding and trying next valid config...
[ERROR] Max IK attempts reached, pick action failed.
[EXEC] Action ActionType.PICK executed in 30.45 seconds
[ERROR] Action ActionType.PICK failed for object /column1
Action duration: 0.001
[LOG] Transition logged to MongoDB: 3b45543f-1da5-4b6b-a71d-6af8c33bab70 - Episode 18
Action failed, stopping. Time elapsed: 0.001
Step 4
policy value 37.70790100097656
State(column0: region_1, column1: region_2, column2: region_0)
pick_column1_front_270
Action: Action(ActionType.PICK, obj=/column1, slot=None,grasp=GraspType.FRONT_270)
[EXEC] Picking /column1 with front_270

[INFO] Found 5952 potential configurations.
[ERROR] Motion failed (collision or invalid path)
[ERROR] Motion result: collision
[WARN] Failed to find a path to the selected pick config on attempt 1.
[WARN] No path found to picked config, discarding and trying next valid config...
[ERROR] Motion failed (collision or invalid path)
[ERROR] Motion result: collision
[WARN] Failed to find a path to the selected pick config on attempt 2.
[WARN] No path found to picked config, discarding and trying next valid config...
[ERROR] Motion failed (collision or invalid path)
[ERROR] Motion result: collision
[WARN] Failed to find a path to the selected pick config on attempt 3.
[WARN] No path found to picked config, discarding and trying next valid config...
[ERROR] Max IK attempts reached, pick action failed.
[EXEC] Action ActionType.PICK executed in 36.47 seconds
[ERROR] Action ActionType.PICK failed for object /column1
Action duration: 0.001
[LOG] Transition logged to MongoDB: 3b45543f-1da5-4b6b-a71d-6af8c33bab70 - Episode 18
Action failed, stopping. Time elapsed: 0.001
Step 5
policy value 36.02580642700195
State(column0: region_1, column1: region_2, column2: region_0)
pick_column1_front_270
Action: Action(ActionType.PICK, obj=/column1, slot=None,grasp=GraspType.FRONT_270)
[EXEC] Picking /column1 with front_270

[INFO] Found 5760 potential configurations.
[ERROR] Motion failed (collision or invalid path)
[ERROR] Motion result: collision
[WARN] Failed to find a path to the selected pick config on attempt 1.
[WARN] No path found to picked config, discarding and trying next valid config...
[ERROR] Motion failed (collision or invalid path)
[ERROR] Motion result: collision
[WARN] Failed to find a path to the selected pick config on attempt 2.
[WARN] No path found to picked config, discarding and trying next valid config...
[ERROR] Motion failed (collision or invalid path)
[ERROR] Motion result: collision
[WARN] Failed to find a path to the selected pick config on attempt 3.
[WARN] No path found to picked config, discarding and trying next valid config...
[ERROR] Max IK attempts reached, pick action failed.
[EXEC] Action ActionType.PICK executed in 30.02 seconds
[ERROR] Action ActionType.PICK failed for object /column1
Action duration: 0.001
[LOG] Transition logged to MongoDB: 3b45543f-1da5-4b6b-a71d-6af8c33bab70 - Episode 18
Action failed, stopping. Time elapsed: 0.001
Step 6
policy value 34.34628677368164
State(column0: region_1, column1: region_2, column2: region_0)
pick_column1_front_270
Action: Action(ActionType.PICK, obj=/column1, slot=None,grasp=GraspType.FRONT_270)
[EXEC] Picking /column1 with front_270

[INFO] Found 5824 potential configurations.
[ERROR] Motion failed (collision or invalid path)
[ERROR] Motion result: collision
[WARN] Failed to find a path to the selected pick config on attempt 1.
[WARN] No path found to picked config, discarding and trying next valid config...
[ERROR] Motion failed (collision or invalid path)
[ERROR] Motion result: collision
[WARN] Failed to find a path to the selected pick config on attempt 2.
[WARN] No path found to picked config, discarding and trying next valid config...
[ERROR] Motion failed (collision or invalid path)
[ERROR] Motion result: collision
[WARN] Failed to find a path to the selected pick config on attempt 3.
[WARN] No path found to picked config, discarding and trying next valid config...
[ERROR] Max IK attempts reached, pick action failed.
[EXEC] Action ActionType.PICK executed in 22.46 seconds
[ERROR] Action ActionType.PICK failed for object /column1
Action duration: 0.001
[LOG] Transition logged to MongoDB: 3b45543f-1da5-4b6b-a71d-6af8c33bab70 - Episode 18
Action failed, stopping. Time elapsed: 0.001
Step 7
policy value 32.66976547241211
State(column0: region_1, column1: region_2, column2: region_0)
pick_column1_front_270
Action: Action(ActionType.PICK, obj=/column1, slot=None,grasp=GraspType.FRONT_270)
[EXEC] Picking /column1 with front_270

[INFO] Found 6720 potential configurations.
[ERROR] Motion failed (collision or invalid path)
[ERROR] Motion result: collision
[WARN] Failed to find a path to the selected pick config on attempt 1.
[WARN] No path found to picked config, discarding and trying next valid config...
[ERROR] Motion failed (collision or invalid path)
[ERROR] Motion result: collision
[WARN] Failed to find a path to the selected pick config on attempt 2.
[WARN] No path found to picked config, discarding and trying next valid config...
[ERROR] Motion failed (collision or invalid path)
[ERROR] Motion result: collision
[WARN] Failed to find a path to the selected pick config on attempt 3.
[WARN] No path found to picked config, discarding and trying next valid config...
[ERROR] Max IK attempts reached, pick action failed.
[EXEC] Action ActionType.PICK executed in 18.51 seconds
[ERROR] Action ActionType.PICK failed for object /column1
Action duration: 0.001
[LOG] Transition logged to MongoDB: 3b45543f-1da5-4b6b-a71d-6af8c33bab70 - Episode 18
Action failed, stopping. Time elapsed: 0.001
Too many failures, resetting episode
Episode 18 ended
Revising policy
USING STORM: False
Reading data from MongoDB...
Total option moiton param combinations 36
Collected combinations 36
Building state to idx mapping...
Building option ensembles...
pick_column0_top_0: Identifying enabled states...
pick_column0_top_0: Splitting up datasets...
pick_column0_top_0: Learning DBNS...
pick_column0_top_0: Building transition dicts for each DBN
pick_column0_top_0: Starting process for DBN 0
pick_column0_top_0: Starting process for DBN 1
pick_column0_top_0: Starting process for DBN 2
pick_column0_top_0: Starting process for DBN 3
pick_column0_top_0: Received dict for DBN 0
pick_column0_top_0: Received dict for DBN 1
pick_column0_top_0: Received dict for DBN 2
pick_column0_top_0: Received dict for DBN 3
pick_column0_top_0: Sampling transitions and computing reward
pick_column0_top_0: Building transition/reward matrices
pick_column0_left_0: Identifying enabled states...
pick_column0_left_0: Splitting up datasets...
pick_column0_left_0: Learning DBNS...
pick_column0_left_0: Building transition dicts for each DBN
pick_column0_left_0: Starting process for DBN 0
pick_column0_left_0: Starting process for DBN 1
pick_column0_left_0: Starting process for DBN 2
pick_column0_left_0: Starting process for DBN 3
pick_column0_left_0: Received dict for DBN 0
pick_column0_left_0: Received dict for DBN 1
pick_column0_left_0: Received dict for DBN 2
pick_column0_left_0: Received dict for DBN 3
pick_column0_left_0: Sampling transitions and computing reward
pick_column0_left_0: Building transition/reward matrices
pick_column0_right_0: Identifying enabled states...
pick_column0_right_0: Splitting up datasets...
pick_column0_right_0: Learning DBNS...
pick_column0_right_0: Building transition dicts for each DBN
pick_column0_right_0: Starting process for DBN 0
pick_column0_right_0: Starting process for DBN 1
pick_column0_right_0: Starting process for DBN 2
pick_column0_right_0: Starting process for DBN 3
pick_column0_right_0: Received dict for DBN 0
pick_column0_right_0: Received dict for DBN 1
pick_column0_right_0: Received dict for DBN 2
pick_column0_right_0: Received dict for DBN 3
pick_column0_right_0: Sampling transitions and computing reward
pick_column0_right_0: Building transition/reward matrices
pick_column0_front_270: Identifying enabled states...
pick_column0_front_270: Splitting up datasets...
pick_column0_front_270: Learning DBNS...
pick_column0_front_270: Building transition dicts for each DBN
pick_column0_front_270: Starting process for DBN 0
pick_column0_front_270: Starting process for DBN 1
pick_column0_front_270: Starting process for DBN 2
pick_column0_front_270: Starting process for DBN 3
pick_column0_front_270: Received dict for DBN 0
pick_column0_front_270: Received dict for DBN 1
pick_column0_front_270: Received dict for DBN 2
pick_column0_front_270: Received dict for DBN 3
pick_column0_front_270: Sampling transitions and computing reward
pick_column0_front_270: Building transition/reward matrices
pick_column1_top_0: Identifying enabled states...
pick_column1_top_0: Splitting up datasets...
pick_column1_top_0: Learning DBNS...
pick_column1_top_0: Building transition dicts for each DBN
pick_column1_top_0: Starting process for DBN 0
pick_column1_top_0: Starting process for DBN 1
pick_column1_top_0: Starting process for DBN 2
pick_column1_top_0: Starting process for DBN 3
pick_column1_top_0: Received dict for DBN 0
pick_column1_top_0: Received dict for DBN 1
pick_column1_top_0: Received dict for DBN 2
pick_column1_top_0: Received dict for DBN 3
pick_column1_top_0: Sampling transitions and computing reward
pick_column1_top_0: Building transition/reward matrices
pick_column1_left_0: Identifying enabled states...
pick_column1_left_0: Splitting up datasets...
pick_column1_left_0: Learning DBNS...
pick_column1_left_0: Building transition dicts for each DBN
pick_column1_left_0: Starting process for DBN 0
pick_column1_left_0: Starting process for DBN 1
pick_column1_left_0: Starting process for DBN 2
pick_column1_left_0: Starting process for DBN 3
pick_column1_left_0: Received dict for DBN 0
pick_column1_left_0: Received dict for DBN 1
pick_column1_left_0: Received dict for DBN 2
pick_column1_left_0: Received dict for DBN 3
pick_column1_left_0: Sampling transitions and computing reward
pick_column1_left_0: Building transition/reward matrices
pick_column1_right_0: Identifying enabled states...
pick_column1_right_0: Splitting up datasets...
pick_column1_right_0: Learning DBNS...
pick_column1_right_0: Building transition dicts for each DBN
pick_column1_right_0: Starting process for DBN 0
pick_column1_right_0: Starting process for DBN 1
pick_column1_right_0: Starting process for DBN 2
pick_column1_right_0: Starting process for DBN 3
pick_column1_right_0: Received dict for DBN 0
pick_column1_right_0: Received dict for DBN 1
pick_column1_right_0: Received dict for DBN 2
pick_column1_right_0: Received dict for DBN 3
pick_column1_right_0: Sampling transitions and computing reward
pick_column1_right_0: Building transition/reward matrices
pick_column1_front_270: Identifying enabled states...
pick_column1_front_270: Splitting up datasets...
pick_column1_front_270: Learning DBNS...
pick_column1_front_270: Building transition dicts for each DBN
pick_column1_front_270: Starting process for DBN 0
pick_column1_front_270: Starting process for DBN 1
pick_column1_front_270: Starting process for DBN 2
pick_column1_front_270: Starting process for DBN 3
pick_column1_front_270: Received dict for DBN 0
pick_column1_front_270: Received dict for DBN 1
pick_column1_front_270: Received dict for DBN 2
pick_column1_front_270: Received dict for DBN 3
pick_column1_front_270: Sampling transitions and computing reward
pick_column1_front_270: Building transition/reward matrices
pick_column2_top_0: Identifying enabled states...
pick_column2_top_0: Splitting up datasets...
pick_column2_top_0: Learning DBNS...
pick_column2_top_0: Building transition dicts for each DBN
pick_column2_top_0: Starting process for DBN 0
pick_column2_top_0: Starting process for DBN 1
pick_column2_top_0: Starting process for DBN 2
pick_column2_top_0: Starting process for DBN 3
pick_column2_top_0: Received dict for DBN 0
pick_column2_top_0: Received dict for DBN 1
pick_column2_top_0: Received dict for DBN 2
pick_column2_top_0: Received dict for DBN 3
pick_column2_top_0: Sampling transitions and computing reward
pick_column2_top_0: Building transition/reward matrices
pick_column2_left_0: Identifying enabled states...
pick_column2_left_0: Splitting up datasets...
pick_column2_left_0: Learning DBNS...
pick_column2_left_0: Building transition dicts for each DBN
pick_column2_left_0: Starting process for DBN 0
pick_column2_left_0: Starting process for DBN 1
pick_column2_left_0: Starting process for DBN 2
pick_column2_left_0: Starting process for DBN 3
pick_column2_left_0: Received dict for DBN 0
pick_column2_left_0: Received dict for DBN 1
pick_column2_left_0: Received dict for DBN 2
pick_column2_left_0: Received dict for DBN 3
pick_column2_left_0: Sampling transitions and computing reward
pick_column2_left_0: Building transition/reward matrices
pick_column2_right_0: Identifying enabled states...
pick_column2_right_0: Splitting up datasets...
pick_column2_right_0: Learning DBNS...
pick_column2_right_0: Building transition dicts for each DBN
pick_column2_right_0: Starting process for DBN 0
pick_column2_right_0: Starting process for DBN 1
pick_column2_right_0: Starting process for DBN 2
pick_column2_right_0: Starting process for DBN 3
pick_column2_right_0: Received dict for DBN 0
pick_column2_right_0: Received dict for DBN 1
pick_column2_right_0: Received dict for DBN 2
pick_column2_right_0: Received dict for DBN 3
pick_column2_right_0: Sampling transitions and computing reward
pick_column2_right_0: Building transition/reward matrices
pick_column2_front_270: Identifying enabled states...
pick_column2_front_270: Splitting up datasets...
pick_column2_front_270: Learning DBNS...
pick_column2_front_270: Building transition dicts for each DBN
pick_column2_front_270: Starting process for DBN 0
pick_column2_front_270: Starting process for DBN 1
pick_column2_front_270: Starting process for DBN 2
pick_column2_front_270: Starting process for DBN 3
pick_column2_front_270: Received dict for DBN 0
pick_column2_front_270: Received dict for DBN 1
pick_column2_front_270: Received dict for DBN 2
pick_column2_front_270: Received dict for DBN 3
pick_column2_front_270: Sampling transitions and computing reward
pick_column2_front_270: Building transition/reward matrices
place_goal_0_top_0: Identifying enabled states...
place_goal_0_top_0: Splitting up datasets...
place_goal_0_top_0: Learning DBNS...
place_goal_0_top_0: Building transition dicts for each DBN
place_goal_0_top_0: Starting process for DBN 0
place_goal_0_top_0: Starting process for DBN 1
place_goal_0_top_0: Starting process for DBN 2
place_goal_0_top_0: Starting process for DBN 3
place_goal_0_top_0: Received dict for DBN 1
place_goal_0_top_0: Received dict for DBN 2
place_goal_0_top_0: Received dict for DBN 0
place_goal_0_top_0: Received dict for DBN 3
place_goal_0_top_0: Sampling transitions and computing reward
place_goal_0_top_0: Building transition/reward matrices
place_goal_0_left_0: Identifying enabled states...
place_goal_0_left_0: Splitting up datasets...
place_goal_0_left_0: Learning DBNS...
place_goal_0_left_0: Building transition dicts for each DBN
place_goal_0_left_0: Starting process for DBN 0
place_goal_0_left_0: Starting process for DBN 1
place_goal_0_left_0: Starting process for DBN 2
place_goal_0_left_0: Starting process for DBN 3
place_goal_0_left_0: Received dict for DBN 0
place_goal_0_left_0: Received dict for DBN 1
place_goal_0_left_0: Received dict for DBN 2
place_goal_0_left_0: Received dict for DBN 3
place_goal_0_left_0: Sampling transitions and computing reward
place_goal_0_left_0: Building transition/reward matrices
place_goal_0_right_0: Identifying enabled states...
place_goal_0_right_0: Splitting up datasets...
place_goal_0_right_0: Learning DBNS...
place_goal_0_right_0: Building transition dicts for each DBN
place_goal_0_right_0: Starting process for DBN 0
place_goal_0_right_0: Starting process for DBN 1
place_goal_0_right_0: Starting process for DBN 2
place_goal_0_right_0: Starting process for DBN 3
place_goal_0_right_0: Received dict for DBN 0
place_goal_0_right_0: Received dict for DBN 1
place_goal_0_right_0: Received dict for DBN 2
place_goal_0_right_0: Received dict for DBN 3
place_goal_0_right_0: Sampling transitions and computing reward
place_goal_0_right_0: Building transition/reward matrices
place_goal_0_front_270: Identifying enabled states...
place_goal_0_front_270: Splitting up datasets...
place_goal_0_front_270: Learning DBNS...
place_goal_0_front_270: Building transition dicts for each DBN
place_goal_0_front_270: Starting process for DBN 0
place_goal_0_front_270: Starting process for DBN 1
place_goal_0_front_270: Starting process for DBN 2
place_goal_0_front_270: Starting process for DBN 3
place_goal_0_front_270: Received dict for DBN 0
place_goal_0_front_270: Received dict for DBN 1
place_goal_0_front_270: Received dict for DBN 2
place_goal_0_front_270: Received dict for DBN 3
place_goal_0_front_270: Sampling transitions and computing reward
place_goal_0_front_270: Building transition/reward matrices
place_goal_1_top_0: Identifying enabled states...
place_goal_1_top_0: Splitting up datasets...
place_goal_1_top_0: Learning DBNS...
place_goal_1_top_0: Building transition dicts for each DBN
place_goal_1_top_0: Starting process for DBN 0
place_goal_1_top_0: Starting process for DBN 1
place_goal_1_top_0: Starting process for DBN 2
place_goal_1_top_0: Starting process for DBN 3
place_goal_1_top_0: Received dict for DBN 0
place_goal_1_top_0: Received dict for DBN 1
place_goal_1_top_0: Received dict for DBN 2
place_goal_1_top_0: Received dict for DBN 3
place_goal_1_top_0: Sampling transitions and computing reward
place_goal_1_top_0: Building transition/reward matrices
place_goal_1_left_0: Identifying enabled states...
place_goal_1_left_0: Splitting up datasets...
place_goal_1_left_0: Learning DBNS...
place_goal_1_left_0: Building transition dicts for each DBN
place_goal_1_left_0: Starting process for DBN 0
place_goal_1_left_0: Starting process for DBN 1
place_goal_1_left_0: Starting process for DBN 2
place_goal_1_left_0: Starting process for DBN 3
place_goal_1_left_0: Received dict for DBN 0
place_goal_1_left_0: Received dict for DBN 1
place_goal_1_left_0: Received dict for DBN 2
place_goal_1_left_0: Received dict for DBN 3
place_goal_1_left_0: Sampling transitions and computing reward
place_goal_1_left_0: Building transition/reward matrices
place_goal_1_right_0: Identifying enabled states...
place_goal_1_right_0: Splitting up datasets...
place_goal_1_right_0: Learning DBNS...
place_goal_1_right_0: Building transition dicts for each DBN
place_goal_1_right_0: Starting process for DBN 0
place_goal_1_right_0: Starting process for DBN 1
place_goal_1_right_0: Starting process for DBN 2
place_goal_1_right_0: Starting process for DBN 3
place_goal_1_right_0: Received dict for DBN 0
place_goal_1_right_0: Received dict for DBN 1
place_goal_1_right_0: Received dict for DBN 2
place_goal_1_right_0: Received dict for DBN 3
place_goal_1_right_0: Sampling transitions and computing reward
place_goal_1_right_0: Building transition/reward matrices
place_goal_1_front_270: Identifying enabled states...
place_goal_1_front_270: Splitting up datasets...
place_goal_1_front_270: Learning DBNS...
place_goal_1_front_270: Building transition dicts for each DBN
place_goal_1_front_270: Starting process for DBN 0
place_goal_1_front_270: Starting process for DBN 1
place_goal_1_front_270: Starting process for DBN 2
place_goal_1_front_270: Starting process for DBN 3
place_goal_1_front_270: Received dict for DBN 1
place_goal_1_front_270: Received dict for DBN 0
place_goal_1_front_270: Received dict for DBN 3
place_goal_1_front_270: Received dict for DBN 2
place_goal_1_front_270: Sampling transitions and computing reward
place_goal_1_front_270: Building transition/reward matrices
place_goal_2_top_0: Identifying enabled states...
place_goal_2_top_0: Splitting up datasets...
place_goal_2_top_0: Learning DBNS...
place_goal_2_top_0: Building transition dicts for each DBN
place_goal_2_top_0: Starting process for DBN 0
place_goal_2_top_0: Starting process for DBN 1
place_goal_2_top_0: Starting process for DBN 2
place_goal_2_top_0: Starting process for DBN 3
place_goal_2_top_0: Received dict for DBN 0
place_goal_2_top_0: Received dict for DBN 1
place_goal_2_top_0: Received dict for DBN 2
place_goal_2_top_0: Received dict for DBN 3
place_goal_2_top_0: Sampling transitions and computing reward
place_goal_2_top_0: Building transition/reward matrices
place_goal_2_left_0: Identifying enabled states...
place_goal_2_left_0: Splitting up datasets...
place_goal_2_left_0: Learning DBNS...
place_goal_2_left_0: Building transition dicts for each DBN
place_goal_2_left_0: Starting process for DBN 0
place_goal_2_left_0: Starting process for DBN 1
place_goal_2_left_0: Starting process for DBN 2
place_goal_2_left_0: Starting process for DBN 3
place_goal_2_left_0: Received dict for DBN 0
place_goal_2_left_0: Received dict for DBN 1
place_goal_2_left_0: Received dict for DBN 2
place_goal_2_left_0: Received dict for DBN 3
place_goal_2_left_0: Sampling transitions and computing reward
place_goal_2_left_0: Building transition/reward matrices
place_goal_2_right_0: Identifying enabled states...
place_goal_2_right_0: Splitting up datasets...
place_goal_2_right_0: Learning DBNS...
place_goal_2_right_0: Building transition dicts for each DBN
place_goal_2_right_0: Starting process for DBN 0
place_goal_2_right_0: Starting process for DBN 1
place_goal_2_right_0: Starting process for DBN 2
place_goal_2_right_0: Starting process for DBN 3
place_goal_2_right_0: Received dict for DBN 0
place_goal_2_right_0: Received dict for DBN 1
place_goal_2_right_0: Received dict for DBN 2
place_goal_2_right_0: Received dict for DBN 3
place_goal_2_right_0: Sampling transitions and computing reward
place_goal_2_right_0: Building transition/reward matrices
place_goal_2_front_270: Identifying enabled states...
place_goal_2_front_270: Splitting up datasets...
place_goal_2_front_270: Learning DBNS...
place_goal_2_front_270: Building transition dicts for each DBN
place_goal_2_front_270: Starting process for DBN 0
place_goal_2_front_270: Starting process for DBN 1
place_goal_2_front_270: Starting process for DBN 2
place_goal_2_front_270: Starting process for DBN 3
place_goal_2_front_270: Received dict for DBN 0
place_goal_2_front_270: Received dict for DBN 1
place_goal_2_front_270: Received dict for DBN 2
place_goal_2_front_270: Received dict for DBN 3
place_goal_2_front_270: Sampling transitions and computing reward
place_goal_2_front_270: Building transition/reward matrices
place_region_0_top_0: Identifying enabled states...
place_region_0_top_0: Splitting up datasets...
place_region_0_top_0: Learning DBNS...
place_region_0_top_0: Building transition dicts for each DBN
place_region_0_top_0: Starting process for DBN 0
place_region_0_top_0: Starting process for DBN 1
place_region_0_top_0: Starting process for DBN 2
place_region_0_top_0: Starting process for DBN 3
place_region_0_top_0: Received dict for DBN 0
place_region_0_top_0: Received dict for DBN 1
place_region_0_top_0: Received dict for DBN 3
place_region_0_top_0: Received dict for DBN 2
place_region_0_top_0: Sampling transitions and computing reward
place_region_0_top_0: Building transition/reward matrices
place_region_0_left_0: Identifying enabled states...
place_region_0_left_0: Splitting up datasets...
place_region_0_left_0: Learning DBNS...
place_region_0_left_0: Building transition dicts for each DBN
place_region_0_left_0: Starting process for DBN 0
place_region_0_left_0: Starting process for DBN 1
place_region_0_left_0: Starting process for DBN 2
place_region_0_left_0: Starting process for DBN 3
place_region_0_left_0: Received dict for DBN 0
place_region_0_left_0: Received dict for DBN 1
place_region_0_left_0: Received dict for DBN 2
place_region_0_left_0: Received dict for DBN 3
place_region_0_left_0: Sampling transitions and computing reward
place_region_0_left_0: Building transition/reward matrices
place_region_0_right_0: Identifying enabled states...
place_region_0_right_0: Splitting up datasets...
place_region_0_right_0: Learning DBNS...
place_region_0_right_0: Building transition dicts for each DBN
place_region_0_right_0: Starting process for DBN 0
place_region_0_right_0: Starting process for DBN 1
place_region_0_right_0: Starting process for DBN 2
place_region_0_right_0: Starting process for DBN 3
place_region_0_right_0: Received dict for DBN 0
place_region_0_right_0: Received dict for DBN 1
place_region_0_right_0: Received dict for DBN 2
place_region_0_right_0: Received dict for DBN 3
place_region_0_right_0: Sampling transitions and computing reward
place_region_0_right_0: Building transition/reward matrices
place_region_0_front_270: Identifying enabled states...
place_region_0_front_270: Splitting up datasets...
place_region_0_front_270: Learning DBNS...
place_region_0_front_270: Building transition dicts for each DBN
place_region_0_front_270: Starting process for DBN 0
place_region_0_front_270: Starting process for DBN 1
place_region_0_front_270: Starting process for DBN 2
place_region_0_front_270: Starting process for DBN 3
place_region_0_front_270: Received dict for DBN 0
place_region_0_front_270: Received dict for DBN 1
place_region_0_front_270: Received dict for DBN 2
place_region_0_front_270: Received dict for DBN 3
place_region_0_front_270: Sampling transitions and computing reward
place_region_0_front_270: Building transition/reward matrices
place_region_1_top_0: Identifying enabled states...
place_region_1_top_0: Splitting up datasets...
place_region_1_top_0: Learning DBNS...
place_region_1_top_0: Building transition dicts for each DBN
place_region_1_top_0: Starting process for DBN 0
place_region_1_top_0: Starting process for DBN 1
place_region_1_top_0: Starting process for DBN 2
place_region_1_top_0: Starting process for DBN 3
place_region_1_top_0: Received dict for DBN 1
place_region_1_top_0: Received dict for DBN 0
place_region_1_top_0: Received dict for DBN 2
place_region_1_top_0: Received dict for DBN 3
place_region_1_top_0: Sampling transitions and computing reward
place_region_1_top_0: Building transition/reward matrices
place_region_1_left_0: Identifying enabled states...
place_region_1_left_0: Splitting up datasets...
place_region_1_left_0: Learning DBNS...
place_region_1_left_0: Building transition dicts for each DBN
place_region_1_left_0: Starting process for DBN 0
place_region_1_left_0: Starting process for DBN 1
place_region_1_left_0: Starting process for DBN 2
place_region_1_left_0: Starting process for DBN 3
place_region_1_left_0: Received dict for DBN 1
place_region_1_left_0: Received dict for DBN 0
place_region_1_left_0: Received dict for DBN 2
place_region_1_left_0: Received dict for DBN 3
place_region_1_left_0: Sampling transitions and computing reward
place_region_1_left_0: Building transition/reward matrices
place_region_1_right_0: Identifying enabled states...
place_region_1_right_0: Splitting up datasets...
place_region_1_right_0: Learning DBNS...
place_region_1_right_0: Building transition dicts for each DBN
place_region_1_right_0: Starting process for DBN 0
place_region_1_right_0: Starting process for DBN 1
place_region_1_right_0: Starting process for DBN 2
place_region_1_right_0: Starting process for DBN 3
place_region_1_right_0: Received dict for DBN 1
place_region_1_right_0: Received dict for DBN 0
place_region_1_right_0: Received dict for DBN 2
place_region_1_right_0: Received dict for DBN 3
place_region_1_right_0: Sampling transitions and computing reward
place_region_1_right_0: Building transition/reward matrices
place_region_1_front_270: Identifying enabled states...
place_region_1_front_270: Splitting up datasets...
place_region_1_front_270: Learning DBNS...
place_region_1_front_270: Building transition dicts for each DBN
place_region_1_front_270: Starting process for DBN 0
place_region_1_front_270: Starting process for DBN 1
place_region_1_front_270: Starting process for DBN 2
place_region_1_front_270: Starting process for DBN 3
place_region_1_front_270: Received dict for DBN 1
place_region_1_front_270: Received dict for DBN 0
place_region_1_front_270: Received dict for DBN 2
place_region_1_front_270: Received dict for DBN 3
place_region_1_front_270: Sampling transitions and computing reward
place_region_1_front_270: Building transition/reward matrices
place_region_2_top_0: Identifying enabled states...
place_region_2_top_0: Splitting up datasets...
place_region_2_top_0: Learning DBNS...
place_region_2_top_0: Building transition dicts for each DBN
place_region_2_top_0: Starting process for DBN 0
place_region_2_top_0: Starting process for DBN 1
place_region_2_top_0: Starting process for DBN 2
place_region_2_top_0: Starting process for DBN 3
place_region_2_top_0: Received dict for DBN 0
place_region_2_top_0: Received dict for DBN 1
place_region_2_top_0: Received dict for DBN 2
place_region_2_top_0: Received dict for DBN 3
place_region_2_top_0: Sampling transitions and computing reward
place_region_2_top_0: Building transition/reward matrices
place_region_2_left_0: Identifying enabled states...
place_region_2_left_0: Splitting up datasets...
place_region_2_left_0: Learning DBNS...
place_region_2_left_0: Building transition dicts for each DBN
place_region_2_left_0: Starting process for DBN 0
place_region_2_left_0: Starting process for DBN 1
place_region_2_left_0: Starting process for DBN 2
place_region_2_left_0: Starting process for DBN 3
place_region_2_left_0: Received dict for DBN 0
place_region_2_left_0: Received dict for DBN 2
place_region_2_left_0: Received dict for DBN 1
place_region_2_left_0: Received dict for DBN 3
place_region_2_left_0: Sampling transitions and computing reward
place_region_2_left_0: Building transition/reward matrices
place_region_2_right_0: Identifying enabled states...
place_region_2_right_0: Splitting up datasets...
place_region_2_right_0: Learning DBNS...
place_region_2_right_0: Building transition dicts for each DBN
place_region_2_right_0: Starting process for DBN 0
place_region_2_right_0: Starting process for DBN 1
place_region_2_right_0: Starting process for DBN 2
place_region_2_right_0: Starting process for DBN 3
place_region_2_right_0: Received dict for DBN 1
place_region_2_right_0: Received dict for DBN 0
place_region_2_right_0: Received dict for DBN 2
place_region_2_right_0: Received dict for DBN 3
place_region_2_right_0: Sampling transitions and computing reward
place_region_2_right_0: Building transition/reward matrices
place_region_2_front_270: Identifying enabled states...
place_region_2_front_270: Splitting up datasets...
place_region_2_front_270: Learning DBNS...
place_region_2_front_270: Building transition dicts for each DBN
place_region_2_front_270: Starting process for DBN 0
place_region_2_front_270: Starting process for DBN 1
place_region_2_front_270: Starting process for DBN 2
place_region_2_front_270: Starting process for DBN 3
place_region_2_front_270: Received dict for DBN 1
place_region_2_front_270: Received dict for DBN 0
place_region_2_front_270: Received dict for DBN 2
place_region_2_front_270: Received dict for DBN 3
place_region_2_front_270: Sampling transitions and computing reward
place_region_2_front_270: Building transition/reward matrices
Building MDP...
Synthesising Policy...
Solving MDP for timestep: 29
Solving MDP for timestep: 28
Solving MDP for timestep: 27
Solving MDP for timestep: 26
Solving MDP for timestep: 25
Solving MDP for timestep: 24
Solving MDP for timestep: 23
Solving MDP for timestep: 22
Solving MDP for timestep: 21
Solving MDP for timestep: 20
Solving MDP for timestep: 19
Solving MDP for timestep: 18
Solving MDP for timestep: 17
Solving MDP for timestep: 16
Solving MDP for timestep: 15
Solving MDP for timestep: 14
Solving MDP for timestep: 13
Solving MDP for timestep: 12
Solving MDP for timestep: 11
Solving MDP for timestep: 10
Solving MDP for timestep: 9
Solving MDP for timestep: 8
Solving MDP for timestep: 7
Solving MDP for timestep: 6
Solving MDP for timestep: 5
Solving MDP for timestep: 4
Solving MDP for timestep: 3
Solving MDP for timestep: 2
Solving MDP for timestep: 1
Solving MDP for timestep: 0
Resetting the scene for new episode
Step 0
policy value 42.135894775390625
State(column0: region_1, column1: region_0, column2: region_2)
pick_column2_front_270
Action: Action(ActionType.PICK, obj=/column2, slot=None,grasp=GraspType.FRONT_270)
[EXEC] Picking /column2 with front_270

[INFO] Found 5504 potential configurations.
[INFO] Motion completed successfully with result: success,in execution time: 4.16 seconds
[INFO] Found a reachable configuration for pick action after 1 attempts.
Tip distance after pick: 0.01993021518181978
[INFO] Pick action completed successfully.in execution time: 4.16 seconds
[EXEC] Action ActionType.PICK executed in 10.93 seconds
[SUCCESS] Action ActionType.PICK succeeded for object /column2
Action duration: 4.16
[LOG] Transition logged to MongoDB: 3b45543f-1da5-4b6b-a71d-6af8c33bab70 - Episode 18
Step 1
policy value 42.0064582824707
State(column0: region_1, column1: region_0, column2: held)
place_region_2_left_0
Action: Action(ActionType.PLACE, obj=/column2, slot=/region_2,grasp=GraspType.LEFT_0)
[EXEC] Placing at [0.6, 0.80001, 0.5] with grasp left_0

[INFO] Found 4864 potential configurations.
[INFO] Motion completed successfully with result: success,in execution time: 5.32 seconds
[INFO] Found a reachable configuration for place action after 1 attempts.
[INFO] Place action completed successfully.
realigning placed object /column2 to target position
[EXEC] Action ActionType.PLACE executed in 10.67 seconds
[SUCCESS] Action ActionType.PLACE succeeded for object /column2
Action duration: 5.3199999999999
[LOG] Transition logged to MongoDB: 3b45543f-1da5-4b6b-a71d-6af8c33bab70 - Episode 18
Step 2
policy value 39.172813415527344
State(column0: region_1, column1: region_0, column2: region_2)
pick_column2_front_270
Action: Action(ActionType.PICK, obj=/column2, slot=None,grasp=GraspType.FRONT_270)
[EXEC] Picking /column2 with front_270

[INFO] Found 5568 potential configurations.
[ERROR] Motion failed (collision or invalid path)
[ERROR] Motion result: collision
[WARN] Failed to find a path to the selected pick config on attempt 1.
[WARN] No path found to picked config, discarding and trying next valid config...
[ERROR] Motion failed (collision or invalid path)
[ERROR] Motion result: collision
[WARN] Failed to find a path to the selected pick config on attempt 2.
[WARN] No path found to picked config, discarding and trying next valid config...
[ERROR] Motion failed (collision or invalid path)
[ERROR] Motion result: collision
[WARN] Failed to find a path to the selected pick config on attempt 3.
[WARN] No path found to picked config, discarding and trying next valid config...
[ERROR] Max IK attempts reached, pick action failed.
[EXEC] Action ActionType.PICK executed in 26.30 seconds
[ERROR] Action ActionType.PICK failed for object /column2
Action duration: 0.001
[LOG] Transition logged to MongoDB: 3b45543f-1da5-4b6b-a71d-6af8c33bab70 - Episode 18
Action failed, stopping. Time elapsed: 0.001
Step 3
policy value 37.691307067871094
State(column0: region_1, column1: region_0, column2: region_2)
pick_column2_front_270
Action: Action(ActionType.PICK, obj=/column2, slot=None,grasp=GraspType.FRONT_270)
[EXEC] Picking /column2 with front_270

[INFO] Found 5248 potential configurations.
[ERROR] Motion failed (collision or invalid path)
[ERROR] Motion result: collision
[WARN] Failed to find a path to the selected pick config on attempt 1.
[WARN] No path found to picked config, discarding and trying next valid config...
[ERROR] Motion failed (collision or invalid path)
[ERROR] Motion result: collision
[WARN] Failed to find a path to the selected pick config on attempt 2.
[WARN] No path found to picked config, discarding and trying next valid config...
[ERROR] Motion failed (collision or invalid path)
[ERROR] Motion result: collision
[WARN] Failed to find a path to the selected pick config on attempt 3.
[WARN] No path found to picked config, discarding and trying next valid config...
[ERROR] Max IK attempts reached, pick action failed.
[EXEC] Action ActionType.PICK executed in 21.98 seconds
[ERROR] Action ActionType.PICK failed for object /column2
Action duration: 0.001
[LOG] Transition logged to MongoDB: 3b45543f-1da5-4b6b-a71d-6af8c33bab70 - Episode 18
Action failed, stopping. Time elapsed: 0.001
Step 4
policy value 36.20981979370117
State(column0: region_1, column1: region_0, column2: region_2)
pick_column2_front_270
Action: Action(ActionType.PICK, obj=/column2, slot=None,grasp=GraspType.FRONT_270)
[EXEC] Picking /column2 with front_270

[INFO] Found 5312 potential configurations.
[ERROR] Motion failed (collision or invalid path)
[ERROR] Motion result: collision
[WARN] Failed to find a path to the selected pick config on attempt 1.
[WARN] No path found to picked config, discarding and trying next valid config...
[ERROR] Motion failed (collision or invalid path)
[ERROR] Motion result: collision
[WARN] Failed to find a path to the selected pick config on attempt 2.
[WARN] No path found to picked config, discarding and trying next valid config...
[ERROR] Motion failed (collision or invalid path)
[ERROR] Motion result: collision
[WARN] Failed to find a path to the selected pick config on attempt 3.
[WARN] No path found to picked config, discarding and trying next valid config...
[ERROR] Max IK attempts reached, pick action failed.
[EXEC] Action ActionType.PICK executed in 19.22 seconds
[ERROR] Action ActionType.PICK failed for object /column2
Action duration: 0.001
[LOG] Transition logged to MongoDB: 3b45543f-1da5-4b6b-a71d-6af8c33bab70 - Episode 18
Action failed, stopping. Time elapsed: 0.001
Step 5
policy value 34.728363037109375
State(column0: region_1, column1: region_0, column2: region_2)
pick_column2_front_270
Action: Action(ActionType.PICK, obj=/column2, slot=None,grasp=GraspType.FRONT_270)
[EXEC] Picking /column2 with front_270

[INFO] Found 6016 potential configurations.
[ERROR] Motion failed (collision or invalid path)
[ERROR] Motion result: collision
[WARN] Failed to find a path to the selected pick config on attempt 1.
[WARN] No path found to picked config, discarding and trying next valid config...
[ERROR] Motion failed (collision or invalid path)
[ERROR] Motion result: collision
[WARN] Failed to find a path to the selected pick config on attempt 2.
[WARN] No path found to picked config, discarding and trying next valid config...
[ERROR] Motion failed (collision or invalid path)
[ERROR] Motion result: collision
[WARN] Failed to find a path to the selected pick config on attempt 3.
[WARN] No path found to picked config, discarding and trying next valid config...
[ERROR] Max IK attempts reached, pick action failed.
[EXEC] Action ActionType.PICK executed in 19.01 seconds
[ERROR] Action ActionType.PICK failed for object /column2
Action duration: 0.001
[LOG] Transition logged to MongoDB: 3b45543f-1da5-4b6b-a71d-6af8c33bab70 - Episode 18
Action failed, stopping. Time elapsed: 0.001
Step 6
policy value 33.2469596862793
State(column0: region_1, column1: region_0, column2: region_2)
pick_column2_front_270
Action: Action(ActionType.PICK, obj=/column2, slot=None,grasp=GraspType.FRONT_270)
[EXEC] Picking /column2 with front_270

[INFO] Found 6272 potential configurations.
[ERROR] Motion failed (collision or invalid path)
[ERROR] Motion result: collision
[WARN] Failed to find a path to the selected pick config on attempt 1.
[WARN] No path found to picked config, discarding and trying next valid config...
[ERROR] Motion failed (collision or invalid path)
[ERROR] Motion result: collision
[WARN] Failed to find a path to the selected pick config on attempt 2.
[WARN] No path found to picked config, discarding and trying next valid config...
[ERROR] Motion failed (collision or invalid path)
[ERROR] Motion result: collision
[WARN] Failed to find a path to the selected pick config on attempt 3.
[WARN] No path found to picked config, discarding and trying next valid config...
[ERROR] Max IK attempts reached, pick action failed.
[EXEC] Action ActionType.PICK executed in 19.01 seconds
[ERROR] Action ActionType.PICK failed for object /column2
Action duration: 0.001
[LOG] Transition logged to MongoDB: 3b45543f-1da5-4b6b-a71d-6af8c33bab70 - Episode 18
Action failed, stopping. Time elapsed: 0.001
Step 7
policy value 31.765605926513672
State(column0: region_1, column1: region_0, column2: region_2)
pick_column2_front_270
Action: Action(ActionType.PICK, obj=/column2, slot=None,grasp=GraspType.FRONT_270)
[EXEC] Picking /column2 with front_270

[INFO] Found 5696 potential configurations.
[ERROR] Motion failed (collision or invalid path)
[ERROR] Motion result: collision
[WARN] Failed to find a path to the selected pick config on attempt 1.
[WARN] No path found to picked config, discarding and trying next valid config...
[ERROR] Motion failed (collision or invalid path)
[ERROR] Motion result: collision
[WARN] Failed to find a path to the selected pick config on attempt 2.
[WARN] No path found to picked config, discarding and trying next valid config...
[ERROR] Motion failed (collision or invalid path)
[ERROR] Motion result: collision
[WARN] Failed to find a path to the selected pick config on attempt 3.
[WARN] No path found to picked config, discarding and trying next valid config...
[ERROR] Max IK attempts reached, pick action failed.
[EXEC] Action ActionType.PICK executed in 26.58 seconds
[ERROR] Action ActionType.PICK failed for object /column2
Action duration: 0.001
[LOG] Transition logged to MongoDB: 3b45543f-1da5-4b6b-a71d-6af8c33bab70 - Episode 18
Action failed, stopping. Time elapsed: 0.001
Too many failures, resetting episode
Episode 19 ended
Revising policy
USING STORM: False
Reading data from MongoDB...
Total option moiton param combinations 36
Collected combinations 36
Building state to idx mapping...
Building option ensembles...
pick_column0_top_0: Identifying enabled states...
pick_column0_top_0: Splitting up datasets...
pick_column0_top_0: Learning DBNS...
pick_column0_top_0: Building transition dicts for each DBN
pick_column0_top_0: Starting process for DBN 0
pick_column0_top_0: Starting process for DBN 1
pick_column0_top_0: Starting process for DBN 2
pick_column0_top_0: Starting process for DBN 3
pick_column0_top_0: Received dict for DBN 0
pick_column0_top_0: Received dict for DBN 1
pick_column0_top_0: Received dict for DBN 2
pick_column0_top_0: Received dict for DBN 3
pick_column0_top_0: Sampling transitions and computing reward
pick_column0_top_0: Building transition/reward matrices
pick_column0_left_0: Identifying enabled states...
pick_column0_left_0: Splitting up datasets...
pick_column0_left_0: Learning DBNS...
pick_column0_left_0: Building transition dicts for each DBN
pick_column0_left_0: Starting process for DBN 0
pick_column0_left_0: Starting process for DBN 1
pick_column0_left_0: Starting process for DBN 2
pick_column0_left_0: Starting process for DBN 3
pick_column0_left_0: Received dict for DBN 0
pick_column0_left_0: Received dict for DBN 1
pick_column0_left_0: Received dict for DBN 2
pick_column0_left_0: Received dict for DBN 3
pick_column0_left_0: Sampling transitions and computing reward
pick_column0_left_0: Building transition/reward matrices
pick_column0_right_0: Identifying enabled states...
pick_column0_right_0: Splitting up datasets...
pick_column0_right_0: Learning DBNS...
pick_column0_right_0: Building transition dicts for each DBN
pick_column0_right_0: Starting process for DBN 0
pick_column0_right_0: Starting process for DBN 1
pick_column0_right_0: Starting process for DBN 2
pick_column0_right_0: Starting process for DBN 3
pick_column0_right_0: Received dict for DBN 0
pick_column0_right_0: Received dict for DBN 1
pick_column0_right_0: Received dict for DBN 2
pick_column0_right_0: Received dict for DBN 3
pick_column0_right_0: Sampling transitions and computing reward
pick_column0_right_0: Building transition/reward matrices
pick_column0_front_270: Identifying enabled states...
pick_column0_front_270: Splitting up datasets...
pick_column0_front_270: Learning DBNS...
pick_column0_front_270: Building transition dicts for each DBN
pick_column0_front_270: Starting process for DBN 0
pick_column0_front_270: Starting process for DBN 1
pick_column0_front_270: Starting process for DBN 2
pick_column0_front_270: Starting process for DBN 3
pick_column0_front_270: Received dict for DBN 0
pick_column0_front_270: Received dict for DBN 3
pick_column0_front_270: Received dict for DBN 2
pick_column0_front_270: Received dict for DBN 1
pick_column0_front_270: Sampling transitions and computing reward
pick_column0_front_270: Building transition/reward matrices
pick_column1_top_0: Identifying enabled states...
pick_column1_top_0: Splitting up datasets...
pick_column1_top_0: Learning DBNS...
pick_column1_top_0: Building transition dicts for each DBN
pick_column1_top_0: Starting process for DBN 0
pick_column1_top_0: Starting process for DBN 1
pick_column1_top_0: Starting process for DBN 2
pick_column1_top_0: Starting process for DBN 3
pick_column1_top_0: Received dict for DBN 0
pick_column1_top_0: Received dict for DBN 1
pick_column1_top_0: Received dict for DBN 2
pick_column1_top_0: Received dict for DBN 3
pick_column1_top_0: Sampling transitions and computing reward
pick_column1_top_0: Building transition/reward matrices
pick_column1_left_0: Identifying enabled states...
pick_column1_left_0: Splitting up datasets...
pick_column1_left_0: Learning DBNS...
pick_column1_left_0: Building transition dicts for each DBN
pick_column1_left_0: Starting process for DBN 0
pick_column1_left_0: Starting process for DBN 1
pick_column1_left_0: Starting process for DBN 2
pick_column1_left_0: Starting process for DBN 3
pick_column1_left_0: Received dict for DBN 0
pick_column1_left_0: Received dict for DBN 1
pick_column1_left_0: Received dict for DBN 2
pick_column1_left_0: Received dict for DBN 3
pick_column1_left_0: Sampling transitions and computing reward
pick_column1_left_0: Building transition/reward matrices
pick_column1_right_0: Identifying enabled states...
pick_column1_right_0: Splitting up datasets...
pick_column1_right_0: Learning DBNS...
pick_column1_right_0: Building transition dicts for each DBN
pick_column1_right_0: Starting process for DBN 0
pick_column1_right_0: Starting process for DBN 1
pick_column1_right_0: Starting process for DBN 2
pick_column1_right_0: Starting process for DBN 3
pick_column1_right_0: Received dict for DBN 0
pick_column1_right_0: Received dict for DBN 1
pick_column1_right_0: Received dict for DBN 2
pick_column1_right_0: Received dict for DBN 3
pick_column1_right_0: Sampling transitions and computing reward
pick_column1_right_0: Building transition/reward matrices
pick_column1_front_270: Identifying enabled states...
pick_column1_front_270: Splitting up datasets...
pick_column1_front_270: Learning DBNS...
pick_column1_front_270: Building transition dicts for each DBN
pick_column1_front_270: Starting process for DBN 0
pick_column1_front_270: Starting process for DBN 1
pick_column1_front_270: Starting process for DBN 2
pick_column1_front_270: Starting process for DBN 3
pick_column1_front_270: Received dict for DBN 0
pick_column1_front_270: Received dict for DBN 1
pick_column1_front_270: Received dict for DBN 2
pick_column1_front_270: Received dict for DBN 3
pick_column1_front_270: Sampling transitions and computing reward
pick_column1_front_270: Building transition/reward matrices
pick_column2_top_0: Identifying enabled states...
pick_column2_top_0: Splitting up datasets...
pick_column2_top_0: Learning DBNS...
pick_column2_top_0: Building transition dicts for each DBN
pick_column2_top_0: Starting process for DBN 0
pick_column2_top_0: Starting process for DBN 1
pick_column2_top_0: Starting process for DBN 2
pick_column2_top_0: Starting process for DBN 3
pick_column2_top_0: Received dict for DBN 0
pick_column2_top_0: Received dict for DBN 1
pick_column2_top_0: Received dict for DBN 2
pick_column2_top_0: Received dict for DBN 3
pick_column2_top_0: Sampling transitions and computing reward
pick_column2_top_0: Building transition/reward matrices
pick_column2_left_0: Identifying enabled states...
pick_column2_left_0: Splitting up datasets...
pick_column2_left_0: Learning DBNS...
pick_column2_left_0: Building transition dicts for each DBN
pick_column2_left_0: Starting process for DBN 0
pick_column2_left_0: Starting process for DBN 1
pick_column2_left_0: Starting process for DBN 2
pick_column2_left_0: Starting process for DBN 3
pick_column2_left_0: Received dict for DBN 0
pick_column2_left_0: Received dict for DBN 2
pick_column2_left_0: Received dict for DBN 1
pick_column2_left_0: Received dict for DBN 3
pick_column2_left_0: Sampling transitions and computing reward
pick_column2_left_0: Building transition/reward matrices
pick_column2_right_0: Identifying enabled states...
pick_column2_right_0: Splitting up datasets...
pick_column2_right_0: Learning DBNS...
pick_column2_right_0: Building transition dicts for each DBN
pick_column2_right_0: Starting process for DBN 0
pick_column2_right_0: Starting process for DBN 1
pick_column2_right_0: Starting process for DBN 2
pick_column2_right_0: Starting process for DBN 3
pick_column2_right_0: Received dict for DBN 0
pick_column2_right_0: Received dict for DBN 1
pick_column2_right_0: Received dict for DBN 2
pick_column2_right_0: Received dict for DBN 3
pick_column2_right_0: Sampling transitions and computing reward
pick_column2_right_0: Building transition/reward matrices
pick_column2_front_270: Identifying enabled states...
pick_column2_front_270: Splitting up datasets...
pick_column2_front_270: Learning DBNS...
pick_column2_front_270: Building transition dicts for each DBN
pick_column2_front_270: Starting process for DBN 0
pick_column2_front_270: Starting process for DBN 1
pick_column2_front_270: Starting process for DBN 2
pick_column2_front_270: Starting process for DBN 3
pick_column2_front_270: Received dict for DBN 0
pick_column2_front_270: Received dict for DBN 1
pick_column2_front_270: Received dict for DBN 2
pick_column2_front_270: Received dict for DBN 3
pick_column2_front_270: Sampling transitions and computing reward
pick_column2_front_270: Building transition/reward matrices
place_goal_0_top_0: Identifying enabled states...
place_goal_0_top_0: Splitting up datasets...
place_goal_0_top_0: Learning DBNS...
place_goal_0_top_0: Building transition dicts for each DBN
place_goal_0_top_0: Starting process for DBN 0
place_goal_0_top_0: Starting process for DBN 1
place_goal_0_top_0: Starting process for DBN 2
place_goal_0_top_0: Starting process for DBN 3
place_goal_0_top_0: Received dict for DBN 1
place_goal_0_top_0: Received dict for DBN 0
place_goal_0_top_0: Received dict for DBN 2
place_goal_0_top_0: Received dict for DBN 3
place_goal_0_top_0: Sampling transitions and computing reward
place_goal_0_top_0: Building transition/reward matrices
place_goal_0_left_0: Identifying enabled states...
place_goal_0_left_0: Splitting up datasets...
place_goal_0_left_0: Learning DBNS...
place_goal_0_left_0: Building transition dicts for each DBN
place_goal_0_left_0: Starting process for DBN 0
place_goal_0_left_0: Starting process for DBN 1
place_goal_0_left_0: Starting process for DBN 2
place_goal_0_left_0: Starting process for DBN 3
place_goal_0_left_0: Received dict for DBN 0
place_goal_0_left_0: Received dict for DBN 1
place_goal_0_left_0: Received dict for DBN 2
place_goal_0_left_0: Received dict for DBN 3
place_goal_0_left_0: Sampling transitions and computing reward
place_goal_0_left_0: Building transition/reward matrices
place_goal_0_right_0: Identifying enabled states...
place_goal_0_right_0: Splitting up datasets...
place_goal_0_right_0: Learning DBNS...
place_goal_0_right_0: Building transition dicts for each DBN
place_goal_0_right_0: Starting process for DBN 0
place_goal_0_right_0: Starting process for DBN 1
place_goal_0_right_0: Starting process for DBN 2
place_goal_0_right_0: Starting process for DBN 3
place_goal_0_right_0: Received dict for DBN 0
place_goal_0_right_0: Received dict for DBN 1
place_goal_0_right_0: Received dict for DBN 2
place_goal_0_right_0: Received dict for DBN 3
place_goal_0_right_0: Sampling transitions and computing reward
place_goal_0_right_0: Building transition/reward matrices
place_goal_0_front_270: Identifying enabled states...
place_goal_0_front_270: Splitting up datasets...
place_goal_0_front_270: Learning DBNS...
place_goal_0_front_270: Building transition dicts for each DBN
place_goal_0_front_270: Starting process for DBN 0
place_goal_0_front_270: Starting process for DBN 1
place_goal_0_front_270: Starting process for DBN 2
place_goal_0_front_270: Starting process for DBN 3
place_goal_0_front_270: Received dict for DBN 0
place_goal_0_front_270: Received dict for DBN 3
place_goal_0_front_270: Received dict for DBN 1
place_goal_0_front_270: Received dict for DBN 2
place_goal_0_front_270: Sampling transitions and computing reward
place_goal_0_front_270: Building transition/reward matrices
place_goal_1_top_0: Identifying enabled states...
place_goal_1_top_0: Splitting up datasets...
place_goal_1_top_0: Learning DBNS...
place_goal_1_top_0: Building transition dicts for each DBN
place_goal_1_top_0: Starting process for DBN 0
place_goal_1_top_0: Starting process for DBN 1
place_goal_1_top_0: Starting process for DBN 2
place_goal_1_top_0: Starting process for DBN 3
place_goal_1_top_0: Received dict for DBN 0
place_goal_1_top_0: Received dict for DBN 1
place_goal_1_top_0: Received dict for DBN 3
place_goal_1_top_0: Received dict for DBN 2
place_goal_1_top_0: Sampling transitions and computing reward
place_goal_1_top_0: Building transition/reward matrices
place_goal_1_left_0: Identifying enabled states...
place_goal_1_left_0: Splitting up datasets...
place_goal_1_left_0: Learning DBNS...
place_goal_1_left_0: Building transition dicts for each DBN
place_goal_1_left_0: Starting process for DBN 0
place_goal_1_left_0: Starting process for DBN 1
place_goal_1_left_0: Starting process for DBN 2
place_goal_1_left_0: Starting process for DBN 3
place_goal_1_left_0: Received dict for DBN 0
place_goal_1_left_0: Received dict for DBN 1
place_goal_1_left_0: Received dict for DBN 2
place_goal_1_left_0: Received dict for DBN 3
place_goal_1_left_0: Sampling transitions and computing reward
place_goal_1_left_0: Building transition/reward matrices
place_goal_1_right_0: Identifying enabled states...
place_goal_1_right_0: Splitting up datasets...
place_goal_1_right_0: Learning DBNS...
place_goal_1_right_0: Building transition dicts for each DBN
place_goal_1_right_0: Starting process for DBN 0
place_goal_1_right_0: Starting process for DBN 1
place_goal_1_right_0: Starting process for DBN 2
place_goal_1_right_0: Starting process for DBN 3
place_goal_1_right_0: Received dict for DBN 0
place_goal_1_right_0: Received dict for DBN 1
place_goal_1_right_0: Received dict for DBN 2
place_goal_1_right_0: Received dict for DBN 3
place_goal_1_right_0: Sampling transitions and computing reward
place_goal_1_right_0: Building transition/reward matrices
place_goal_1_front_270: Identifying enabled states...
place_goal_1_front_270: Splitting up datasets...
place_goal_1_front_270: Learning DBNS...
place_goal_1_front_270: Building transition dicts for each DBN
place_goal_1_front_270: Starting process for DBN 0
place_goal_1_front_270: Starting process for DBN 1
place_goal_1_front_270: Starting process for DBN 2
place_goal_1_front_270: Starting process for DBN 3
place_goal_1_front_270: Received dict for DBN 0
place_goal_1_front_270: Received dict for DBN 1
place_goal_1_front_270: Received dict for DBN 2
place_goal_1_front_270: Received dict for DBN 3
place_goal_1_front_270: Sampling transitions and computing reward
place_goal_1_front_270: Building transition/reward matrices
place_goal_2_top_0: Identifying enabled states...
place_goal_2_top_0: Splitting up datasets...
place_goal_2_top_0: Learning DBNS...
place_goal_2_top_0: Building transition dicts for each DBN
place_goal_2_top_0: Starting process for DBN 0
place_goal_2_top_0: Starting process for DBN 1
place_goal_2_top_0: Starting process for DBN 2
place_goal_2_top_0: Starting process for DBN 3
place_goal_2_top_0: Received dict for DBN 0
place_goal_2_top_0: Received dict for DBN 1
place_goal_2_top_0: Received dict for DBN 2
place_goal_2_top_0: Received dict for DBN 3
place_goal_2_top_0: Sampling transitions and computing reward
place_goal_2_top_0: Building transition/reward matrices
place_goal_2_left_0: Identifying enabled states...
place_goal_2_left_0: Splitting up datasets...
place_goal_2_left_0: Learning DBNS...
place_goal_2_left_0: Building transition dicts for each DBN
place_goal_2_left_0: Starting process for DBN 0
place_goal_2_left_0: Starting process for DBN 1
place_goal_2_left_0: Starting process for DBN 2
place_goal_2_left_0: Starting process for DBN 3
place_goal_2_left_0: Received dict for DBN 0
place_goal_2_left_0: Received dict for DBN 1
place_goal_2_left_0: Received dict for DBN 2
place_goal_2_left_0: Received dict for DBN 3
place_goal_2_left_0: Sampling transitions and computing reward
place_goal_2_left_0: Building transition/reward matrices
place_goal_2_right_0: Identifying enabled states...
place_goal_2_right_0: Splitting up datasets...
place_goal_2_right_0: Learning DBNS...
place_goal_2_right_0: Building transition dicts for each DBN
place_goal_2_right_0: Starting process for DBN 0
place_goal_2_right_0: Starting process for DBN 1
place_goal_2_right_0: Starting process for DBN 2
place_goal_2_right_0: Starting process for DBN 3
place_goal_2_right_0: Received dict for DBN 0
place_goal_2_right_0: Received dict for DBN 2
place_goal_2_right_0: Received dict for DBN 1
place_goal_2_right_0: Received dict for DBN 3
place_goal_2_right_0: Sampling transitions and computing reward
place_goal_2_right_0: Building transition/reward matrices
place_goal_2_front_270: Identifying enabled states...
place_goal_2_front_270: Splitting up datasets...
place_goal_2_front_270: Learning DBNS...
place_goal_2_front_270: Building transition dicts for each DBN
place_goal_2_front_270: Starting process for DBN 0
place_goal_2_front_270: Starting process for DBN 1
place_goal_2_front_270: Starting process for DBN 2
place_goal_2_front_270: Starting process for DBN 3
place_goal_2_front_270: Received dict for DBN 0
place_goal_2_front_270: Received dict for DBN 1
place_goal_2_front_270: Received dict for DBN 2
place_goal_2_front_270: Received dict for DBN 3
place_goal_2_front_270: Sampling transitions and computing reward
place_goal_2_front_270: Building transition/reward matrices
place_region_0_top_0: Identifying enabled states...
place_region_0_top_0: Splitting up datasets...
place_region_0_top_0: Learning DBNS...
place_region_0_top_0: Building transition dicts for each DBN
place_region_0_top_0: Starting process for DBN 0
place_region_0_top_0: Starting process for DBN 1
place_region_0_top_0: Starting process for DBN 2
place_region_0_top_0: Starting process for DBN 3
place_region_0_top_0: Received dict for DBN 0
place_region_0_top_0: Received dict for DBN 1
place_region_0_top_0: Received dict for DBN 3
place_region_0_top_0: Received dict for DBN 2
place_region_0_top_0: Sampling transitions and computing reward
place_region_0_top_0: Building transition/reward matrices
place_region_0_left_0: Identifying enabled states...
place_region_0_left_0: Splitting up datasets...
place_region_0_left_0: Learning DBNS...
place_region_0_left_0: Building transition dicts for each DBN
place_region_0_left_0: Starting process for DBN 0
place_region_0_left_0: Starting process for DBN 1
place_region_0_left_0: Starting process for DBN 2
place_region_0_left_0: Starting process for DBN 3
place_region_0_left_0: Received dict for DBN 0
place_region_0_left_0: Received dict for DBN 1
place_region_0_left_0: Received dict for DBN 2
place_region_0_left_0: Received dict for DBN 3
place_region_0_left_0: Sampling transitions and computing reward
place_region_0_left_0: Building transition/reward matrices
place_region_0_right_0: Identifying enabled states...
place_region_0_right_0: Splitting up datasets...
place_region_0_right_0: Learning DBNS...
place_region_0_right_0: Building transition dicts for each DBN
place_region_0_right_0: Starting process for DBN 0
place_region_0_right_0: Starting process for DBN 1
place_region_0_right_0: Starting process for DBN 2
place_region_0_right_0: Starting process for DBN 3
place_region_0_right_0: Received dict for DBN 0
place_region_0_right_0: Received dict for DBN 1
place_region_0_right_0: Received dict for DBN 2
place_region_0_right_0: Received dict for DBN 3
place_region_0_right_0: Sampling transitions and computing reward
place_region_0_right_0: Building transition/reward matrices
place_region_0_front_270: Identifying enabled states...
place_region_0_front_270: Splitting up datasets...
place_region_0_front_270: Learning DBNS...
place_region_0_front_270: Building transition dicts for each DBN
place_region_0_front_270: Starting process for DBN 0
place_region_0_front_270: Starting process for DBN 1
place_region_0_front_270: Starting process for DBN 2
place_region_0_front_270: Starting process for DBN 3
place_region_0_front_270: Received dict for DBN 1
place_region_0_front_270: Received dict for DBN 0
place_region_0_front_270: Received dict for DBN 2
place_region_0_front_270: Received dict for DBN 3
place_region_0_front_270: Sampling transitions and computing reward
place_region_0_front_270: Building transition/reward matrices
place_region_1_top_0: Identifying enabled states...
place_region_1_top_0: Splitting up datasets...
place_region_1_top_0: Learning DBNS...
place_region_1_top_0: Building transition dicts for each DBN
place_region_1_top_0: Starting process for DBN 0
place_region_1_top_0: Starting process for DBN 1
place_region_1_top_0: Starting process for DBN 2
place_region_1_top_0: Starting process for DBN 3
place_region_1_top_0: Received dict for DBN 1
place_region_1_top_0: Received dict for DBN 0
place_region_1_top_0: Received dict for DBN 2
place_region_1_top_0: Received dict for DBN 3
place_region_1_top_0: Sampling transitions and computing reward
place_region_1_top_0: Building transition/reward matrices
place_region_1_left_0: Identifying enabled states...
place_region_1_left_0: Splitting up datasets...
place_region_1_left_0: Learning DBNS...
place_region_1_left_0: Building transition dicts for each DBN
place_region_1_left_0: Starting process for DBN 0
place_region_1_left_0: Starting process for DBN 1
place_region_1_left_0: Starting process for DBN 2
place_region_1_left_0: Starting process for DBN 3
place_region_1_left_0: Received dict for DBN 0
place_region_1_left_0: Received dict for DBN 1
place_region_1_left_0: Received dict for DBN 2
place_region_1_left_0: Received dict for DBN 3
place_region_1_left_0: Sampling transitions and computing reward
place_region_1_left_0: Building transition/reward matrices
place_region_1_right_0: Identifying enabled states...
place_region_1_right_0: Splitting up datasets...
place_region_1_right_0: Learning DBNS...
place_region_1_right_0: Building transition dicts for each DBN
place_region_1_right_0: Starting process for DBN 0
place_region_1_right_0: Starting process for DBN 1
place_region_1_right_0: Starting process for DBN 2
place_region_1_right_0: Starting process for DBN 3
place_region_1_right_0: Received dict for DBN 1
place_region_1_right_0: Received dict for DBN 0
place_region_1_right_0: Received dict for DBN 2
place_region_1_right_0: Received dict for DBN 3
place_region_1_right_0: Sampling transitions and computing reward
place_region_1_right_0: Building transition/reward matrices
place_region_1_front_270: Identifying enabled states...
place_region_1_front_270: Splitting up datasets...
place_region_1_front_270: Learning DBNS...
place_region_1_front_270: Building transition dicts for each DBN
place_region_1_front_270: Starting process for DBN 0
place_region_1_front_270: Starting process for DBN 1
place_region_1_front_270: Starting process for DBN 2
place_region_1_front_270: Starting process for DBN 3
place_region_1_front_270: Received dict for DBN 1
place_region_1_front_270: Received dict for DBN 0
place_region_1_front_270: Received dict for DBN 2
place_region_1_front_270: Received dict for DBN 3
place_region_1_front_270: Sampling transitions and computing reward
place_region_1_front_270: Building transition/reward matrices
place_region_2_top_0: Identifying enabled states...
place_region_2_top_0: Splitting up datasets...
place_region_2_top_0: Learning DBNS...
place_region_2_top_0: Building transition dicts for each DBN
place_region_2_top_0: Starting process for DBN 0
place_region_2_top_0: Starting process for DBN 1
place_region_2_top_0: Starting process for DBN 2
place_region_2_top_0: Starting process for DBN 3
place_region_2_top_0: Received dict for DBN 0
place_region_2_top_0: Received dict for DBN 1
place_region_2_top_0: Received dict for DBN 2
place_region_2_top_0: Received dict for DBN 3
place_region_2_top_0: Sampling transitions and computing reward
place_region_2_top_0: Building transition/reward matrices
place_region_2_left_0: Identifying enabled states...
place_region_2_left_0: Splitting up datasets...
place_region_2_left_0: Learning DBNS...
place_region_2_left_0: Building transition dicts for each DBN
place_region_2_left_0: Starting process for DBN 0
place_region_2_left_0: Starting process for DBN 1
place_region_2_left_0: Starting process for DBN 2
place_region_2_left_0: Starting process for DBN 3
place_region_2_left_0: Received dict for DBN 0
place_region_2_left_0: Received dict for DBN 1
place_region_2_left_0: Received dict for DBN 3
place_region_2_left_0: Received dict for DBN 2
place_region_2_left_0: Sampling transitions and computing reward
place_region_2_left_0: Building transition/reward matrices
place_region_2_right_0: Identifying enabled states...
place_region_2_right_0: Splitting up datasets...
place_region_2_right_0: Learning DBNS...
place_region_2_right_0: Building transition dicts for each DBN
place_region_2_right_0: Starting process for DBN 0
place_region_2_right_0: Starting process for DBN 1
place_region_2_right_0: Starting process for DBN 2
place_region_2_right_0: Starting process for DBN 3
place_region_2_right_0: Received dict for DBN 1
place_region_2_right_0: Received dict for DBN 0
place_region_2_right_0: Received dict for DBN 2
place_region_2_right_0: Received dict for DBN 3
place_region_2_right_0: Sampling transitions and computing reward
place_region_2_right_0: Building transition/reward matrices
place_region_2_front_270: Identifying enabled states...
place_region_2_front_270: Splitting up datasets...
place_region_2_front_270: Learning DBNS...
place_region_2_front_270: Building transition dicts for each DBN
place_region_2_front_270: Starting process for DBN 0
place_region_2_front_270: Starting process for DBN 1
place_region_2_front_270: Starting process for DBN 2
place_region_2_front_270: Starting process for DBN 3
place_region_2_front_270: Received dict for DBN 1
place_region_2_front_270: Received dict for DBN 0
place_region_2_front_270: Received dict for DBN 2
place_region_2_front_270: Received dict for DBN 3
place_region_2_front_270: Sampling transitions and computing reward
place_region_2_front_270: Building transition/reward matrices
Building MDP...
Synthesising Policy...
Solving MDP for timestep: 29
Solving MDP for timestep: 28
Solving MDP for timestep: 27
Solving MDP for timestep: 26
Solving MDP for timestep: 25
Solving MDP for timestep: 24
Solving MDP for timestep: 23
Solving MDP for timestep: 22
Solving MDP for timestep: 21
Solving MDP for timestep: 20
Solving MDP for timestep: 19
Solving MDP for timestep: 18
Solving MDP for timestep: 17
Solving MDP for timestep: 16
Solving MDP for timestep: 15
Solving MDP for timestep: 14
Solving MDP for timestep: 13
Solving MDP for timestep: 12
Solving MDP for timestep: 11
Solving MDP for timestep: 10
Solving MDP for timestep: 9
Solving MDP for timestep: 8
Solving MDP for timestep: 7
Solving MDP for timestep: 6
Solving MDP for timestep: 5
Solving MDP for timestep: 4
Solving MDP for timestep: 3
Solving MDP for timestep: 2
Solving MDP for timestep: 1
Solving MDP for timestep: 0
Exploration finished
