Connecting to port 23005
connected to simulation
simulation is explicitly stepped
Joint handles retrieved
[LOG] TransitionLogger initialized with ID: 52d3385f-528b-49a2-9db8-afd10a8f226e
[LOG] MongoDB connection established
Selected action: Action(ActionType.PICK, obj=/column2, slot=None,grasp=None) with motion param: front_270
here
[EXEC] Picking /column2 with front_270

[INFO] Found 5568 potential configurations.
[INFO] Motion completed successfully with result: success,in execution time: 4.52 seconds
[INFO] Found a reachable configuration for pick action after 1 attempts.
Tip distance after pick: 0.02069868347018036
[INFO] Pick action completed successfully.in execution time: 4.52 seconds
[EXEC] Action ActionType.PICK executed in 14.42 seconds
[SUCCESS] Action ActionType.PICK succeeded for object /column2
[LOG] Transition logged to MongoDB: 52d3385f-528b-49a2-9db8-afd10a8f226e - Episode 0
Selected action: Action(ActionType.PLACE, obj=/column2, slot=/goal_0,grasp=None) with motion param: front_270
here
[EXEC] Placing at [-0.27499999999999986, 0.8250000000000005, 0.5] with grasp front_270

[INFO] Found 5312 potential configurations.
[INFO] Motion completed successfully with result: success,in execution time: 2.56 seconds
[INFO] Found a reachable configuration for place action after 1 attempts.
[INFO] Place action completed successfully.
realigning placed object /column2 to target position
[EXEC] Action ActionType.PLACE executed in 14.79 seconds
[SUCCESS] Action ActionType.PLACE succeeded for object /column2
[LOG] Transition logged to MongoDB: 52d3385f-528b-49a2-9db8-afd10a8f226e - Episode 0
Selected action: Action(ActionType.PICK, obj=/column2, slot=None,grasp=GraspType.FRONT_270) with motion param: right_0
here
[EXEC] Picking /column2 with right_0

[INFO] Found 2432 potential configurations.
[INFO] Motion completed successfully with result: success,in execution time: 3.96 seconds
[INFO] Found a reachable configuration for pick action after 1 attempts.
Tip distance after pick: 0.020498623532665773
[INFO] Pick action completed successfully.in execution time: 3.96 seconds
[EXEC] Action ActionType.PICK executed in 17.18 seconds
[SUCCESS] Action ActionType.PICK succeeded for object /column2
[LOG] Transition logged to MongoDB: 52d3385f-528b-49a2-9db8-afd10a8f226e - Episode 0
Selected action: Action(ActionType.PLACE, obj=/column2, slot=/goal_2,grasp=None) with motion param: left_0
here
[EXEC] Placing at [-0.6000000000000001, 0.8250000000000003, 0.5] with grasp left_0

[INFO] Found 2176 potential configurations.
[WARN] No valid configuration found (all tested configs invalid).
[EXEC] Action ActionType.PLACE executed in 2.15 seconds
[ERROR] Action ActionType.PLACE failed for object /column2
[LOG] Transition logged to MongoDB: 52d3385f-528b-49a2-9db8-afd10a8f226e - Episode 0
Selected action: Action(ActionType.PLACE, obj=/column2, slot=/goal_0,grasp=GraspType.FRONT_270) with motion param: left_0
here
[EXEC] Placing at [-0.27499999999999986, 0.8250000000000005, 0.5] with grasp left_0

[INFO] Found 4480 potential configurations.
[WARN] No valid configuration found (all tested configs invalid).
[EXEC] Action ActionType.PLACE executed in 44.85 seconds
[ERROR] Action ActionType.PLACE failed for object /column2
[LOG] Transition logged to MongoDB: 52d3385f-528b-49a2-9db8-afd10a8f226e - Episode 0
Selected action: Action(ActionType.PLACE, obj=/column2, slot=/goal_1,grasp=None) with motion param: top_0
here
[EXEC] Placing at [-0.2749999999999999, 1.0750000000000006, 0.5] with grasp top_0

[INFO] Found 1472 potential configurations.
[INFO] Motion completed successfully with result: success,in execution time: 3.36 seconds
[INFO] Found a reachable configuration for place action after 1 attempts.
[INFO] Place action completed successfully.
realigning placed object /column2 to target position
[EXEC] Action ActionType.PLACE executed in 31.16 seconds
[SUCCESS] Action ActionType.PLACE succeeded for object /column2
[LOG] Transition logged to MongoDB: 52d3385f-528b-49a2-9db8-afd10a8f226e - Episode 0
Selected action: Action(ActionType.PICK, obj=/column2, slot=None,grasp=GraspType.RIGHT_0) with motion param: front_270
here
[EXEC] Picking /column2 with front_270

[INFO] Found 4480 potential configurations.
[INFO] Motion completed successfully with result: success,in execution time: 4.52 seconds
[INFO] Found a reachable configuration for pick action after 1 attempts.
Tip distance after pick: 0.020455970136330902
[INFO] Pick action completed successfully.in execution time: 4.52 seconds
[EXEC] Action ActionType.PICK executed in 22.76 seconds
[SUCCESS] Action ActionType.PICK succeeded for object /column2
[LOG] Transition logged to MongoDB: 52d3385f-528b-49a2-9db8-afd10a8f226e - Episode 0
Selected action: Action(ActionType.PLACE, obj=/column2, slot=/goal_1,grasp=GraspType.TOP_0) with motion param: top_0
here
[EXEC] Placing at [-0.2749999999999999, 1.0750000000000006, 0.5] with grasp top_0

[INFO] Found 1600 potential configurations.
[INFO] Motion completed successfully with result: success,in execution time: 4.64 seconds
[INFO] Found a reachable configuration for place action after 1 attempts.
[INFO] Place action completed successfully.
realigning placed object /column2 to target position
[EXEC] Action ActionType.PLACE executed in 15.29 seconds
[SUCCESS] Action ActionType.PLACE succeeded for object /column2
[LOG] Transition logged to MongoDB: 52d3385f-528b-49a2-9db8-afd10a8f226e - Episode 0
Selected action: Action(ActionType.PICK, obj=/column0, slot=None,grasp=None) with motion param: front_270
here
[EXEC] Picking /column0 with front_270

[INFO] Found 3840 potential configurations.
[INFO] Motion completed successfully with result: success,in execution time: 8.72 seconds
[INFO] Found a reachable configuration for pick action after 1 attempts.
Tip distance after pick: 0.020295183899158943
[INFO] Pick action completed successfully.in execution time: 8.72 seconds
[EXEC] Action ActionType.PICK executed in 22.28 seconds
[SUCCESS] Action ActionType.PICK succeeded for object /column0
[LOG] Transition logged to MongoDB: 52d3385f-528b-49a2-9db8-afd10a8f226e - Episode 0
Selected action: Action(ActionType.PLACE, obj=/column0, slot=/goal_2,grasp=None) with motion param: left_0
here
[EXEC] Placing at [-0.6000000000000001, 0.8250000000000003, 0.5] with grasp left_0

[INFO] Found 2432 potential configurations.
[WARN] No valid configuration found (all tested configs invalid).
[EXEC] Action ActionType.PLACE executed in 1.96 seconds
[ERROR] Action ActionType.PLACE failed for object /column0
[LOG] Transition logged to MongoDB: 52d3385f-528b-49a2-9db8-afd10a8f226e - Episode 0
Selected action: Action(ActionType.PLACE, obj=/column0, slot=/goal_0,grasp=None) with motion param: left_0
here
[EXEC] Placing at [-0.27499999999999986, 0.8250000000000005, 0.5] with grasp left_0

[INFO] Found 5888 potential configurations.
[WARN] No valid configuration found (all tested configs invalid).
[EXEC] Action ActionType.PLACE executed in 42.91 seconds
[ERROR] Action ActionType.PLACE failed for object /column0
[LOG] Transition logged to MongoDB: 52d3385f-528b-49a2-9db8-afd10a8f226e - Episode 0
Selected action: Action(ActionType.PLACE, obj=/column0, slot=/region_2,grasp=None) with motion param: top_0
here
[EXEC] Placing at [0.6, 0.80001, 0.5] with grasp top_0

[INFO] Found 2176 potential configurations.
[INFO] Motion completed successfully with result: success,in execution time: 4.20 seconds
[INFO] Found a reachable configuration for place action after 1 attempts.
[INFO] Place action completed successfully.
realigning placed object /column0 to target position
[EXEC] Action ActionType.PLACE executed in 19.38 seconds
[SUCCESS] Action ActionType.PLACE succeeded for object /column0
[LOG] Transition logged to MongoDB: 52d3385f-528b-49a2-9db8-afd10a8f226e - Episode 0
Selected action: Action(ActionType.PICK, obj=/column1, slot=None,grasp=None) with motion param: front_270
here
[EXEC] Picking /column1 with front_270

[INFO] Found 2816 potential configurations.
[WARN] No valid configuration found (all tested configs invalid).
[EXEC] Action ActionType.PICK executed in 2.75 seconds
[ERROR] Action ActionType.PICK failed for object /column1
[LOG] Transition logged to MongoDB: 52d3385f-528b-49a2-9db8-afd10a8f226e - Episode 0
Selected action: Action(ActionType.PICK, obj=/column1, slot=None,grasp=GraspType.FRONT_270) with motion param: right_0
here
[EXEC] Picking /column1 with right_0
[ERROR] No IK configurations found for desired pick pose.
[EXEC] Action ActionType.PICK executed in 1.02 seconds
[ERROR] Action ActionType.PICK failed for object /column1
[LOG] Transition logged to MongoDB: 52d3385f-528b-49a2-9db8-afd10a8f226e - Episode 0
Selected action: Action(ActionType.PICK, obj=/column2, slot=None,grasp=GraspType.FRONT_270) with motion param: front_270
here
[EXEC] Picking /column2 with front_270

[INFO] Found 3136 potential configurations.
[INFO] Motion completed successfully with result: success,in execution time: 8.28 seconds
[INFO] Found a reachable configuration for pick action after 1 attempts.
Tip distance after pick: 0.020887980308093045
[INFO] Pick action completed successfully.in execution time: 8.28 seconds
[EXEC] Action ActionType.PICK executed in 26.34 seconds
[SUCCESS] Action ActionType.PICK succeeded for object /column2
[LOG] Transition logged to MongoDB: 52d3385f-528b-49a2-9db8-afd10a8f226e - Episode 0
Selected action: Action(ActionType.PLACE, obj=/column2, slot=/region_0,grasp=None) with motion param: front_270
here
[EXEC] Placing at [0.35, 0.8, 0.521] with grasp front_270

[INFO] Found 4416 potential configurations.
[INFO] Motion completed successfully with result: success,in execution time: 7.64 seconds
[INFO] Found a reachable configuration for place action after 1 attempts.
[INFO] Place action completed successfully.
realigning placed object /column2 to target position
[EXEC] Action ActionType.PLACE executed in 19.58 seconds
[SUCCESS] Action ActionType.PLACE succeeded for object /column2
[LOG] Transition logged to MongoDB: 52d3385f-528b-49a2-9db8-afd10a8f226e - Episode 0
Selected action: Action(ActionType.PICK, obj=/column2, slot=None,grasp=GraspType.FRONT_270) with motion param: left_0
here
[EXEC] Picking /column2 with left_0

[INFO] Found 3328 potential configurations.
[INFO] Motion completed successfully with result: success,in execution time: 5.32 seconds
[INFO] Found a reachable configuration for pick action after 1 attempts.
Tip distance after pick: 0.020912661640808544
[INFO] Pick action completed successfully.in execution time: 5.32 seconds
[EXEC] Action ActionType.PICK executed in 14.40 seconds
[SUCCESS] Action ActionType.PICK succeeded for object /column2
[LOG] Transition logged to MongoDB: 52d3385f-528b-49a2-9db8-afd10a8f226e - Episode 0
Selected action: Action(ActionType.PLACE, obj=/column2, slot=/region_0,grasp=GraspType.FRONT_270) with motion param: front_270
here
[EXEC] Placing at [0.35, 0.8, 0.521] with grasp front_270

[INFO] Found 2752 potential configurations.
[INFO] Motion completed successfully with result: success,in execution time: 5.32 seconds
[INFO] Found a reachable configuration for place action after 1 attempts.
[INFO] Place action completed successfully.
realigning placed object /column2 to target position
[EXEC] Action ActionType.PLACE executed in 19.21 seconds
[SUCCESS] Action ActionType.PLACE succeeded for object /column2
[LOG] Transition logged to MongoDB: 52d3385f-528b-49a2-9db8-afd10a8f226e - Episode 0
Selected action: Action(ActionType.PICK, obj=/column2, slot=None,grasp=GraspType.LEFT_0) with motion param: right_0
here
[EXEC] Picking /column2 with right_0

[INFO] Found 3904 potential configurations.
[WARN] No valid configuration found (all tested configs invalid).
[EXEC] Action ActionType.PICK executed in 3.04 seconds
[ERROR] Action ActionType.PICK failed for object /column2
[LOG] Transition logged to MongoDB: 52d3385f-528b-49a2-9db8-afd10a8f226e - Episode 0
Selected action: Action(ActionType.PICK, obj=/column1, slot=None,grasp=GraspType.RIGHT_0) with motion param: top_0
here
[EXEC] Picking /column1 with top_0

[INFO] Found 448 potential configurations.
[WARN] No valid configuration found (all tested configs invalid).
[EXEC] Action ActionType.PICK executed in 10.64 seconds
[ERROR] Action ActionType.PICK failed for object /column1
[LOG] Transition logged to MongoDB: 52d3385f-528b-49a2-9db8-afd10a8f226e - Episode 0
Selected action: Action(ActionType.PICK, obj=/column2, slot=None,grasp=GraspType.RIGHT_0) with motion param: top_0
here
[EXEC] Picking /column2 with top_0

[INFO] Found 4160 potential configurations.
[INFO] Motion completed successfully with result: success,in execution time: 4.60 seconds
[INFO] Found a reachable configuration for pick action after 1 attempts.
Tip distance after pick: 0.028115553538293273
[INFO] Pick action completed successfully.in execution time: 4.60 seconds
[EXEC] Action ActionType.PICK executed in 21.70 seconds
[SUCCESS] Action ActionType.PICK succeeded for object /column2
[LOG] Transition logged to MongoDB: 52d3385f-528b-49a2-9db8-afd10a8f226e - Episode 0
Selected action: Action(ActionType.PLACE, obj=/column2, slot=/goal_1,grasp=GraspType.TOP_0) with motion param: left_0
here
[EXEC] Placing at [-0.2749999999999999, 1.0750000000000006, 0.5] with grasp left_0

[INFO] Found 1152 potential configurations.
[WARN] No valid configuration found (all tested configs invalid).
[EXEC] Action ActionType.PLACE executed in 7.76 seconds
[ERROR] Action ActionType.PLACE failed for object /column2
[LOG] Transition logged to MongoDB: 52d3385f-528b-49a2-9db8-afd10a8f226e - Episode 0
Selected action: Action(ActionType.PLACE, obj=/column2, slot=/goal_1,grasp=GraspType.LEFT_0) with motion param: right_0
here
[EXEC] Placing at [-0.2749999999999999, 1.0750000000000006, 0.5] with grasp right_0

[INFO] Found 1216 potential configurations.
[INFO] Motion completed successfully with result: success,in execution time: 8.00 seconds
[INFO] Found a reachable configuration for place action after 1 attempts.
[INFO] Place action completed successfully.
realigning placed object /column2 to target position
[EXEC] Action ActionType.PLACE executed in 27.93 seconds
[SUCCESS] Action ActionType.PLACE succeeded for object /column2
[LOG] Transition logged to MongoDB: 52d3385f-528b-49a2-9db8-afd10a8f226e - Episode 0
Selected action: Action(ActionType.PICK, obj=/column1, slot=None,grasp=GraspType.TOP_0) with motion param: top_0
here
[EXEC] Picking /column1 with top_0

[INFO] Found 256 potential configurations.
[WARN] No valid configuration found (all tested configs invalid).
[EXEC] Action ActionType.PICK executed in 6.57 seconds
[ERROR] Action ActionType.PICK failed for object /column1
[LOG] Transition logged to MongoDB: 52d3385f-528b-49a2-9db8-afd10a8f226e - Episode 0
Selected action: Action(ActionType.PICK, obj=/column2, slot=None,grasp=GraspType.TOP_0) with motion param: top_0
here
[EXEC] Picking /column2 with top_0

[INFO] Found 1344 potential configurations.
[INFO] Motion completed successfully with result: success,in execution time: 3.60 seconds
[INFO] Found a reachable configuration for pick action after 1 attempts.
Tip distance after pick: 0.02641539103346909
[INFO] Pick action completed successfully.in execution time: 3.60 seconds
[EXEC] Action ActionType.PICK executed in 21.96 seconds
[SUCCESS] Action ActionType.PICK succeeded for object /column2
[LOG] Transition logged to MongoDB: 52d3385f-528b-49a2-9db8-afd10a8f226e - Episode 0
Selected action: Action(ActionType.PLACE, obj=/column2, slot=/goal_0,grasp=GraspType.LEFT_0) with motion param: right_0
here
[EXEC] Placing at [-0.27499999999999986, 0.8250000000000005, 0.5] with grasp right_0

[INFO] Found 2752 potential configurations.
[INFO] Motion completed successfully with result: success,in execution time: 3.60 seconds
[INFO] Found a reachable configuration for place action after 1 attempts.
[INFO] Place action completed successfully.
realigning placed object /column2 to target position
[EXEC] Action ActionType.PLACE executed in 25.57 seconds
[SUCCESS] Action ActionType.PLACE succeeded for object /column2
[LOG] Transition logged to MongoDB: 52d3385f-528b-49a2-9db8-afd10a8f226e - Episode 0
Selected action: Action(ActionType.PICK, obj=/column2, slot=None,grasp=GraspType.TOP_0) with motion param: right_0
here
[EXEC] Picking /column2 with right_0

[INFO] Found 2688 potential configurations.
[INFO] Motion completed successfully with result: success,in execution time: 1.84 seconds
[INFO] Found a reachable configuration for pick action after 1 attempts.
Tip distance after pick: 0.021036864842692734
[INFO] Pick action completed successfully.in execution time: 1.84 seconds
[EXEC] Action ActionType.PICK executed in 14.43 seconds
[SUCCESS] Action ActionType.PICK succeeded for object /column2
[LOG] Transition logged to MongoDB: 52d3385f-528b-49a2-9db8-afd10a8f226e - Episode 0
Selected action: Action(ActionType.PLACE, obj=/column2, slot=/goal_1,grasp=GraspType.RIGHT_0) with motion param: top_0
here
[EXEC] Placing at [-0.2749999999999999, 1.0750000000000006, 0.5] with grasp top_0

[INFO] Found 1856 potential configurations.
[INFO] Motion completed successfully with result: success,in execution time: 3.36 seconds
[INFO] Found a reachable configuration for place action after 1 attempts.
[INFO] Place action completed successfully.
realigning placed object /column2 to target position
[EXEC] Action ActionType.PLACE executed in 22.68 seconds
[SUCCESS] Action ActionType.PLACE succeeded for object /column2
[LOG] Transition logged to MongoDB: 52d3385f-528b-49a2-9db8-afd10a8f226e - Episode 0
Selected action: Action(ActionType.PICK, obj=/column2, slot=None,grasp=GraspType.RIGHT_0) with motion param: right_0
here
[EXEC] Picking /column2 with right_0

[INFO] Found 1632 potential configurations.
[WARN] No valid configuration found (all tested configs invalid).
[EXEC] Action ActionType.PICK executed in 1.90 seconds
[ERROR] Action ActionType.PICK failed for object /column2
[LOG] Transition logged to MongoDB: 52d3385f-528b-49a2-9db8-afd10a8f226e - Episode 0
Selected action: Action(ActionType.PICK, obj=/column2, slot=None,grasp=GraspType.RIGHT_0) with motion param: left_0
here
[EXEC] Picking /column2 with left_0
[ERROR] No IK configurations found for desired pick pose.
[EXEC] Action ActionType.PICK executed in 1.02 seconds
[ERROR] Action ActionType.PICK failed for object /column2
[LOG] Transition logged to MongoDB: 52d3385f-528b-49a2-9db8-afd10a8f226e - Episode 0
Selected action: Action(ActionType.PICK, obj=/column0, slot=None,grasp=GraspType.FRONT_270) with motion param: top_0
here
[EXEC] Picking /column0 with top_0

[INFO] Found 1920 potential configurations.
[INFO] Motion completed successfully with result: success,in execution time: 10.12 seconds
[INFO] Found a reachable configuration for pick action after 1 attempts.
Tip distance after pick: 0.02828569099330987
[INFO] Pick action completed successfully.in execution time: 10.12 seconds
[EXEC] Action ActionType.PICK executed in 21.53 seconds
[SUCCESS] Action ActionType.PICK succeeded for object /column0
[LOG] Transition logged to MongoDB: 52d3385f-528b-49a2-9db8-afd10a8f226e - Episode 0
Selected action: Action(ActionType.PLACE, obj=/column0, slot=/goal_2,grasp=GraspType.LEFT_0) with motion param: top_0
here
[EXEC] Placing at [-0.6000000000000001, 0.8250000000000003, 0.5] with grasp top_0

[INFO] Found 3456 potential configurations.
[WARN] No valid configuration found (all tested configs invalid).
[EXEC] Action ActionType.PLACE executed in 2.91 seconds
[ERROR] Action ActionType.PLACE failed for object /column0
[LOG] Transition logged to MongoDB: 52d3385f-528b-49a2-9db8-afd10a8f226e - Episode 0
Selected action: Action(ActionType.PLACE, obj=/column0, slot=/region_2,grasp=GraspType.TOP_0) with motion param: top_0
here
[EXEC] Placing at [0.6, 0.80001, 0.5] with grasp top_0

[INFO] Found 2432 potential configurations.
[INFO] Motion completed successfully with result: success,in execution time: 0.40 seconds
[INFO] Found a reachable configuration for place action after 1 attempts.
[INFO] Place action completed successfully.
realigning placed object /column0 to target position
[EXEC] Action ActionType.PLACE executed in 14.70 seconds
[SUCCESS] Action ActionType.PLACE succeeded for object /column0
[LOG] Transition logged to MongoDB: 52d3385f-528b-49a2-9db8-afd10a8f226e - Episode 0
Selected action: Action(ActionType.PICK, obj=/column2, slot=None,grasp=GraspType.LEFT_0) with motion param: front_270
here
[EXEC] Picking /column2 with front_270

[INFO] Found 3520 potential configurations.
[INFO] Motion completed successfully with result: success,in execution time: 8.88 seconds
[INFO] Found a reachable configuration for pick action after 1 attempts.
Tip distance after pick: 0.02068647478688058
[INFO] Pick action completed successfully.in execution time: 8.88 seconds
[EXEC] Action ActionType.PICK executed in 19.25 seconds
[SUCCESS] Action ActionType.PICK succeeded for object /column2
[LOG] Transition logged to MongoDB: 52d3385f-528b-49a2-9db8-afd10a8f226e - Episode 0
Selected action: Action(ActionType.PLACE, obj=/column2, slot=/goal_0,grasp=GraspType.RIGHT_0) with motion param: front_270
here
[EXEC] Placing at [-0.27499999999999986, 0.8250000000000005, 0.5] with grasp front_270

[INFO] Found 4864 potential configurations.
[INFO] Motion completed successfully with result: success,in execution time: 1.64 seconds
[INFO] Found a reachable configuration for place action after 1 attempts.
[INFO] Place action completed successfully.
realigning placed object /column2 to target position
[EXEC] Action ActionType.PLACE executed in 16.82 seconds
[SUCCESS] Action ActionType.PLACE succeeded for object /column2
[LOG] Transition logged to MongoDB: 52d3385f-528b-49a2-9db8-afd10a8f226e - Episode 0
Selected action: Action(ActionType.PICK, obj=/column2, slot=None,grasp=GraspType.FRONT_270) with motion param: left_0
here
[EXEC] Picking /column2 with left_0

[INFO] Found 4672 potential configurations.
[INFO] Motion completed successfully with result: success,in execution time: 7.88 seconds
[INFO] Found a reachable configuration for pick action after 1 attempts.
Tip distance after pick: 0.01982117361063542
[INFO] Pick action completed successfully.in execution time: 7.88 seconds
[EXEC] Action ActionType.PICK executed in 35.62 seconds
[SUCCESS] Action ActionType.PICK succeeded for object /column2
[LOG] Transition logged to MongoDB: 52d3385f-528b-49a2-9db8-afd10a8f226e - Episode 0
Selected action: Action(ActionType.PLACE, obj=/column2, slot=/goal_0,grasp=GraspType.FRONT_270) with motion param: left_0
here
[EXEC] Placing at [-0.27499999999999986, 0.8250000000000005, 0.5] with grasp left_0

[INFO] Found 5440 potential configurations.
[WARN] No valid configuration found (all tested configs invalid).
[EXEC] Action ActionType.PLACE executed in 42.79 seconds
[ERROR] Action ActionType.PLACE failed for object /column2
[LOG] Transition logged to MongoDB: 52d3385f-528b-49a2-9db8-afd10a8f226e - Episode 0
Selected action: Action(ActionType.PLACE, obj=/column2, slot=/goal_0,grasp=GraspType.LEFT_0) with motion param: left_0
here
[EXEC] Placing at [-0.27499999999999986, 0.8250000000000005, 0.5] with grasp left_0

[INFO] Found 4608 potential configurations.
[WARN] No valid configuration found (all tested configs invalid).
[EXEC] Action ActionType.PLACE executed in 32.11 seconds
[ERROR] Action ActionType.PLACE failed for object /column2
[LOG] Transition logged to MongoDB: 52d3385f-528b-49a2-9db8-afd10a8f226e - Episode 0
Selected action: Action(ActionType.PLACE, obj=/column2, slot=/goal_2,grasp=GraspType.LEFT_0) with motion param: left_0
here
[EXEC] Placing at [-0.6000000000000001, 0.8250000000000003, 0.5] with grasp left_0

[INFO] Found 1856 potential configurations.
[WARN] No valid configuration found (all tested configs invalid).
[EXEC] Action ActionType.PLACE executed in 2.22 seconds
[ERROR] Action ActionType.PLACE failed for object /column2
[LOG] Transition logged to MongoDB: 52d3385f-528b-49a2-9db8-afd10a8f226e - Episode 0
Selected action: Action(ActionType.PLACE, obj=/column2, slot=/region_0,grasp=GraspType.FRONT_270) with motion param: top_0
here
[EXEC] Placing at [0.35, 0.8, 0.521] with grasp top_0

[INFO] Found 5376 potential configurations.
[INFO] Motion completed successfully with result: success,in execution time: 7.96 seconds
[INFO] Found a reachable configuration for place action after 1 attempts.
[INFO] Place action completed successfully.
realigning placed object /column2 to target position
[EXEC] Action ActionType.PLACE executed in 28.06 seconds
[SUCCESS] Action ActionType.PLACE succeeded for object /column2
[LOG] Transition logged to MongoDB: 52d3385f-528b-49a2-9db8-afd10a8f226e - Episode 0
Selected action: Action(ActionType.PICK, obj=/column0, slot=None,grasp=GraspType.TOP_0) with motion param: front_270
here
[EXEC] Picking /column0 with front_270

[INFO] Found 2560 potential configurations.
[INFO] Motion completed successfully with result: success,in execution time: 4.72 seconds
[INFO] Found a reachable configuration for pick action after 1 attempts.
Tip distance after pick: 0.08125319309840837
[INFO] Pick action completed successfully.in execution time: 4.72 seconds
[EXEC] Action ActionType.PICK executed in 17.09 seconds
[SUCCESS] Action ActionType.PICK succeeded for object /column0
[LOG] Transition logged to MongoDB: 52d3385f-528b-49a2-9db8-afd10a8f226e - Episode 0
Selected action: Action(ActionType.PLACE, obj=/column0, slot=/goal_0,grasp=GraspType.LEFT_0) with motion param: right_0
here
[EXEC] Placing at [-0.27499999999999986, 0.8250000000000005, 0.5] with grasp right_0

[INFO] Found 3392 potential configurations.
[INFO] Motion completed successfully with result: success,in execution time: 8.68 seconds
[INFO] Found a reachable configuration for place action after 1 attempts.
[INFO] Place action completed successfully.
realigning placed object /column0 to target position
[EXEC] Action ActionType.PLACE executed in 20.54 seconds
[SUCCESS] Action ActionType.PLACE succeeded for object /column0
[LOG] Transition contains 'unknown' state, not logging to MongoDB.
Selected action: Action(ActionType.PICK, obj=/column1, slot=None,grasp=GraspType.TOP_0) with motion param: left_0
here
[EXEC] Picking /column1 with left_0

[INFO] Found 960 potential configurations.
[WARN] No valid configuration found (all tested configs invalid).
[EXEC] Action ActionType.PICK executed in 1.47 seconds
[ERROR] Action ActionType.PICK failed for object /column1
[LOG] Transition contains 'unknown' state, not logging to MongoDB.
Selected action: Action(ActionType.PICK, obj=/column0, slot=None,grasp=GraspType.FRONT_270) with motion param: left_0
here
[EXEC] Picking /column0 with left_0

[INFO] Found 3648 potential configurations.
[INFO] Motion completed successfully with result: success,in execution time: 5.24 seconds
[INFO] Found a reachable configuration for pick action after 1 attempts.
Tip distance after pick: 0.019381981218559656
[INFO] Pick action completed successfully.in execution time: 5.24 seconds
[EXEC] Action ActionType.PICK executed in 14.17 seconds
[SUCCESS] Action ActionType.PICK succeeded for object /column0
[LOG] Transition contains 'unknown' state, not logging to MongoDB.
Selected action: Action(ActionType.PLACE, obj=/column0, slot=/region_2,grasp=GraspType.TOP_0) with motion param: left_0
here
[EXEC] Placing at [0.6, 0.80001, 0.5] with grasp left_0

[INFO] Found 2240 potential configurations.
[INFO] Motion completed successfully with result: success,in execution time: 11.56 seconds
[INFO] Found a reachable configuration for place action after 1 attempts.
[INFO] Place action completed successfully.
realigning placed object /column0 to target position
[EXEC] Action ActionType.PLACE executed in 27.53 seconds
[SUCCESS] Action ActionType.PLACE succeeded for object /column0
[LOG] Transition logged to MongoDB: 52d3385f-528b-49a2-9db8-afd10a8f226e - Episode 0
Selected action: Action(ActionType.PICK, obj=/column1, slot=None,grasp=GraspType.LEFT_0) with motion param: top_0
here
[EXEC] Picking /column1 with top_0

[INFO] Found 576 potential configurations.
[WARN] No valid configuration found (all tested configs invalid).
[EXEC] Action ActionType.PICK executed in 16.30 seconds
[ERROR] Action ActionType.PICK failed for object /column1
[LOG] Transition logged to MongoDB: 52d3385f-528b-49a2-9db8-afd10a8f226e - Episode 0
Selected action: Action(ActionType.PICK, obj=/column0, slot=None,grasp=GraspType.LEFT_0) with motion param: front_270
here
[EXEC] Picking /column0 with front_270

[INFO] Found 3264 potential configurations.
[INFO] Motion completed successfully with result: success,in execution time: 6.44 seconds
[INFO] Found a reachable configuration for pick action after 1 attempts.
Tip distance after pick: 0.020429159045660564
[INFO] Pick action completed successfully.in execution time: 6.44 seconds
[EXEC] Action ActionType.PICK executed in 19.20 seconds
[SUCCESS] Action ActionType.PICK succeeded for object /column0
[LOG] Transition logged to MongoDB: 52d3385f-528b-49a2-9db8-afd10a8f226e - Episode 0
Selected action: Action(ActionType.PLACE, obj=/column0, slot=/goal_0,grasp=GraspType.RIGHT_0) with motion param: top_0
here
[EXEC] Placing at [-0.27499999999999986, 0.8250000000000005, 0.5] with grasp top_0

[INFO] Found 3648 potential configurations.
[INFO] Motion completed successfully with result: success,in execution time: 6.92 seconds
[INFO] Found a reachable configuration for place action after 1 attempts.
[INFO] Place action completed successfully.
realigning placed object /column0 to target position
[EXEC] Action ActionType.PLACE executed in 18.70 seconds
[SUCCESS] Action ActionType.PLACE succeeded for object /column0
[LOG] Transition logged to MongoDB: 52d3385f-528b-49a2-9db8-afd10a8f226e - Episode 0
Selected action: Action(ActionType.PICK, obj=/column1, slot=None,grasp=GraspType.TOP_0) with motion param: top_0
here
[EXEC] Picking /column1 with top_0

[INFO] Found 640 potential configurations.
[WARN] No valid configuration found (all tested configs invalid).
[EXEC] Action ActionType.PICK executed in 18.47 seconds
[ERROR] Action ActionType.PICK failed for object /column1
[LOG] Transition logged to MongoDB: 52d3385f-528b-49a2-9db8-afd10a8f226e - Episode 0
Selected action: Action(ActionType.PICK, obj=/column1, slot=None,grasp=GraspType.TOP_0) with motion param: front_270
here
[EXEC] Picking /column1 with front_270

[INFO] Found 2048 potential configurations.
[INFO] Motion completed successfully with result: success,in execution time: 9.52 seconds
[INFO] Found a reachable configuration for pick action after 1 attempts.
Tip distance after pick: 0.0187264043595057
[INFO] Pick action completed successfully.in execution time: 9.52 seconds
[EXEC] Action ActionType.PICK executed in 28.25 seconds
[SUCCESS] Action ActionType.PICK succeeded for object /column1
[LOG] Transition logged to MongoDB: 52d3385f-528b-49a2-9db8-afd10a8f226e - Episode 0
Selected action: Action(ActionType.PLACE, obj=/column1, slot=/goal_2,grasp=None) with motion param: top_0
here
[EXEC] Placing at [-0.6000000000000001, 0.8250000000000003, 0.5] with grasp top_0

[INFO] Found 3584 potential configurations.
[WARN] No valid configuration found (all tested configs invalid).
[EXEC] Action ActionType.PLACE executed in 2.87 seconds
[ERROR] Action ActionType.PLACE failed for object /column1
[LOG] Transition logged to MongoDB: 52d3385f-528b-49a2-9db8-afd10a8f226e - Episode 0
Selected action: Action(ActionType.PLACE, obj=/column1, slot=/goal_1,grasp=None) with motion param: front_270
here
[EXEC] Placing at [-0.2749999999999999, 1.0750000000000006, 0.5] with grasp front_270

[INFO] Found 3008 potential configurations.
[INFO] Motion completed successfully with result: success,in execution time: 9.04 seconds
[INFO] Found a reachable configuration for place action after 1 attempts.
[INFO] Place action completed successfully.
realigning placed object /column1 to target position
[EXEC] Action ActionType.PLACE executed in 29.45 seconds
[SUCCESS] Action ActionType.PLACE succeeded for object /column1
[LOG] Transition logged to MongoDB: 52d3385f-528b-49a2-9db8-afd10a8f226e - Episode 0
Selected action: Action(ActionType.PICK, obj=/column0, slot=None,grasp=GraspType.FRONT_270) with motion param: front_270
here
[EXEC] Picking /column0 with front_270

[INFO] Found 3200 potential configurations.
[INFO] Motion completed successfully with result: success,in execution time: 2.28 seconds
[INFO] Found a reachable configuration for pick action after 1 attempts.
Tip distance after pick: 0.02173728287474444
[INFO] Pick action completed successfully.in execution time: 2.28 seconds
[EXEC] Action ActionType.PICK executed in 14.82 seconds
[SUCCESS] Action ActionType.PICK succeeded for object /column0
[LOG] Transition logged to MongoDB: 52d3385f-528b-49a2-9db8-afd10a8f226e - Episode 0
Selected action: Action(ActionType.PLACE, obj=/column0, slot=/goal_2,grasp=GraspType.TOP_0) with motion param: top_0
here
[EXEC] Placing at [-0.6000000000000001, 0.8250000000000003, 0.5] with grasp top_0

[INFO] Found 3200 potential configurations.
[WARN] No valid configuration found (all tested configs invalid).
[EXEC] Action ActionType.PLACE executed in 2.88 seconds
[ERROR] Action ActionType.PLACE failed for object /column0
[LOG] Transition logged to MongoDB: 52d3385f-528b-49a2-9db8-afd10a8f226e - Episode 0
Selected action: Action(ActionType.PLACE, obj=/column0, slot=/region_2,grasp=GraspType.LEFT_0) with motion param: left_0
here
[EXEC] Placing at [0.6, 0.80001, 0.5] with grasp left_0

[INFO] Found 3072 potential configurations.
[INFO] Motion completed successfully with result: success,in execution time: 12.28 seconds
[INFO] Found a reachable configuration for place action after 1 attempts.
[INFO] Place action completed successfully.
realigning placed object /column0 to target position
[EXEC] Action ActionType.PLACE executed in 48.50 seconds
[SUCCESS] Action ActionType.PLACE succeeded for object /column0
[LOG] Transition logged to MongoDB: 52d3385f-528b-49a2-9db8-afd10a8f226e - Episode 0
Selected action: Action(ActionType.PICK, obj=/column0, slot=None,grasp=GraspType.FRONT_270) with motion param: top_0
here
[EXEC] Picking /column0 with top_0

[INFO] Found 2688 potential configurations.
[INFO] Motion completed successfully with result: success,in execution time: 4.24 seconds
[INFO] Found a reachable configuration for pick action after 1 attempts.
Tip distance after pick: 0.025695508275967033
[INFO] Pick action completed successfully.in execution time: 4.24 seconds
[EXEC] Action ActionType.PICK executed in 17.30 seconds
[SUCCESS] Action ActionType.PICK succeeded for object /column0
[LOG] Transition logged to MongoDB: 52d3385f-528b-49a2-9db8-afd10a8f226e - Episode 0
Selected action: Action(ActionType.PLACE, obj=/column0, slot=/region_2,grasp=GraspType.LEFT_0) with motion param: top_0
here
[EXEC] Placing at [0.6, 0.80001, 0.5] with grasp top_0

[INFO] Found 1856 potential configurations.
[INFO] Motion completed successfully with result: success,in execution time: 0.36 seconds
[INFO] Found a reachable configuration for place action after 1 attempts.
[INFO] Place action completed successfully.
realigning placed object /column0 to target position
[EXEC] Action ActionType.PLACE executed in 16.30 seconds
[SUCCESS] Action ActionType.PLACE succeeded for object /column0
[LOG] Transition logged to MongoDB: 52d3385f-528b-49a2-9db8-afd10a8f226e - Episode 0
Selected action: Action(ActionType.PICK, obj=/column2, slot=None,grasp=GraspType.LEFT_0) with motion param: front_270
here
[EXEC] Picking /column2 with front_270

[INFO] Found 5824 potential configurations.
[INFO] Motion completed successfully with result: success,in execution time: 8.80 seconds
[INFO] Found a reachable configuration for pick action after 1 attempts.
Tip distance after pick: 0.02143233182849887
[INFO] Pick action completed successfully.in execution time: 8.80 seconds
[EXEC] Action ActionType.PICK executed in 14.38 seconds
[SUCCESS] Action ActionType.PICK succeeded for object /column2
[LOG] Transition logged to MongoDB: 52d3385f-528b-49a2-9db8-afd10a8f226e - Episode 0
Selected action: Action(ActionType.PLACE, obj=/column2, slot=/goal_2,grasp=GraspType.LEFT_0) with motion param: top_0
here
[EXEC] Placing at [-0.6000000000000001, 0.8250000000000003, 0.5] with grasp top_0

[INFO] Found 3904 potential configurations.
[WARN] No valid configuration found (all tested configs invalid).
[EXEC] Action ActionType.PLACE executed in 2.73 seconds
[ERROR] Action ActionType.PLACE failed for object /column2
[LOG] Transition logged to MongoDB: 52d3385f-528b-49a2-9db8-afd10a8f226e - Episode 0
Selected action: Action(ActionType.PLACE, obj=/column2, slot=/goal_2,grasp=GraspType.TOP_0) with motion param: front_270
here
[EXEC] Placing at [-0.6000000000000001, 0.8250000000000003, 0.5] with grasp front_270

[INFO] Found 4352 potential configurations.
[WARN] No valid configuration found (all tested configs invalid).
[EXEC] Action ActionType.PLACE executed in 3.08 seconds
[ERROR] Action ActionType.PLACE failed for object /column2
[LOG] Transition logged to MongoDB: 52d3385f-528b-49a2-9db8-afd10a8f226e - Episode 0
Selected action: Action(ActionType.PLACE, obj=/column2, slot=/goal_0,grasp=GraspType.LEFT_0) with motion param: top_0
here
[EXEC] Placing at [-0.27499999999999986, 0.8250000000000005, 0.5] with grasp top_0

[INFO] Found 5952 potential configurations.
[INFO] Motion completed successfully with result: success,in execution time: 3.92 seconds
[INFO] Found a reachable configuration for place action after 1 attempts.
[INFO] Place action completed successfully.
realigning placed object /column2 to target position
[EXEC] Action ActionType.PLACE executed in 14.32 seconds
[SUCCESS] Action ActionType.PLACE succeeded for object /column2
[LOG] Transition logged to MongoDB: 52d3385f-528b-49a2-9db8-afd10a8f226e - Episode 0
Selected action: Action(ActionType.PICK, obj=/column2, slot=None,grasp=GraspType.FRONT_270) with motion param: front_270
here
[EXEC] Picking /column2 with front_270

[INFO] Found 3392 potential configurations.
[INFO] Motion completed successfully with result: success,in execution time: 5.20 seconds
[INFO] Found a reachable configuration for pick action after 1 attempts.
Tip distance after pick: 0.021608766674609252
[INFO] Pick action completed successfully.in execution time: 5.20 seconds
[EXEC] Action ActionType.PICK executed in 18.95 seconds
[SUCCESS] Action ActionType.PICK succeeded for object /column2
[LOG] Transition logged to MongoDB: 52d3385f-528b-49a2-9db8-afd10a8f226e - Episode 0
Selected action: Action(ActionType.PLACE, obj=/column2, slot=/region_0,grasp=GraspType.TOP_0) with motion param: right_0
here
[EXEC] Placing at [0.35, 0.8, 0.521] with grasp right_0

[INFO] Found 5824 potential configurations.
[INFO] Motion completed successfully with result: success,in execution time: 6.16 seconds
[INFO] Found a reachable configuration for place action after 1 attempts.
[INFO] Place action completed successfully.
realigning placed object /column2 to target position
[EXEC] Action ActionType.PLACE executed in 16.01 seconds
[SUCCESS] Action ActionType.PLACE succeeded for object /column2
[LOG] Transition logged to MongoDB: 52d3385f-528b-49a2-9db8-afd10a8f226e - Episode 0
Selected action: Action(ActionType.PICK, obj=/column1, slot=None,grasp=GraspType.FRONT_270) with motion param: top_0
here
[EXEC] Picking /column1 with top_0

[INFO] Found 2240 potential configurations.
[INFO] Motion completed successfully with result: success,in execution time: 8.20 seconds
[INFO] Found a reachable configuration for pick action after 1 attempts.
Tip distance after pick: 0.026361739126273258
[INFO] Pick action completed successfully.in execution time: 8.20 seconds
[EXEC] Action ActionType.PICK executed in 15.48 seconds
[SUCCESS] Action ActionType.PICK succeeded for object /column1
[LOG] Transition logged to MongoDB: 52d3385f-528b-49a2-9db8-afd10a8f226e - Episode 0
Selected action: Action(ActionType.PLACE, obj=/column1, slot=/goal_1,grasp=GraspType.FRONT_270) with motion param: right_0
here
[EXEC] Placing at [-0.2749999999999999, 1.0750000000000006, 0.5] with grasp right_0

[INFO] Found 704 potential configurations.
[WARN] No valid configuration found (all tested configs invalid).
[EXEC] Action ActionType.PLACE executed in 2.99 seconds
[ERROR] Action ActionType.PLACE failed for object /column1
[LOG] Transition logged to MongoDB: 52d3385f-528b-49a2-9db8-afd10a8f226e - Episode 0
Selected action: Action(ActionType.PLACE, obj=/column1, slot=/goal_2,grasp=GraspType.TOP_0) with motion param: right_0
here
[EXEC] Placing at [-0.6000000000000001, 0.8250000000000003, 0.5] with grasp right_0

[INFO] Found 1088 potential configurations.
[ERROR] Motion failed (collision or invalid path)
[ERROR] Motion result: no_path
[WARN] Failed to find a path to the selected place config on attempt 1.
[WARN] No path found to selected place config, discarding and trying next valid config...
[ERROR] Motion failed (collision or invalid path)
[ERROR] Motion result: no_path
[WARN] Failed to find a path to the selected place config on attempt 2.
[WARN] No path found to selected place config, discarding and trying next valid config...
[INFO] Motion completed successfully with result: success,in execution time: 7.36 seconds
[INFO] Found a reachable configuration for place action after 3 attempts.
[INFO] Place action completed successfully.
realigning placed object /column1 to target position
[EXEC] Action ActionType.PLACE executed in 28.65 seconds
[SUCCESS] Action ActionType.PLACE succeeded for object /column1
[LOG] Transition logged to MongoDB: 52d3385f-528b-49a2-9db8-afd10a8f226e - Episode 0
Selected action: Action(ActionType.PICK, obj=/column2, slot=None,grasp=GraspType.FRONT_270) with motion param: top_0
here
[EXEC] Picking /column2 with top_0

[INFO] Found 5312 potential configurations.
[INFO] Motion completed successfully with result: success,in execution time: 10.16 seconds
[INFO] Found a reachable configuration for pick action after 1 attempts.
Tip distance after pick: 0.02731991625560879
[INFO] Pick action completed successfully.in execution time: 10.16 seconds
[EXEC] Action ActionType.PICK executed in 22.66 seconds
[SUCCESS] Action ActionType.PICK succeeded for object /column2
[LOG] Transition logged to MongoDB: 52d3385f-528b-49a2-9db8-afd10a8f226e - Episode 0
Selected action: Action(ActionType.PLACE, obj=/column2, slot=/region_1,grasp=None) with motion param: front_270
here
[EXEC] Placing at [0.6, 1.075, 0.5] with grasp front_270

[INFO] Found 2688 potential configurations.
[INFO] Motion completed successfully with result: success,in execution time: 3.96 seconds
[INFO] Found a reachable configuration for place action after 1 attempts.
[INFO] Place action completed successfully.
realigning placed object /column2 to target position
[EXEC] Action ActionType.PLACE executed in 25.68 seconds
[SUCCESS] Action ActionType.PLACE succeeded for object /column2
[LOG] Transition logged to MongoDB: 52d3385f-528b-49a2-9db8-afd10a8f226e - Episode 0
Selected action: Action(ActionType.PICK, obj=/column2, slot=None,grasp=GraspType.TOP_0) with motion param: right_0
here
[EXEC] Picking /column2 with right_0
[ERROR] No IK configurations found for desired pick pose.
[EXEC] Action ActionType.PICK executed in 1.02 seconds
[ERROR] Action ActionType.PICK failed for object /column2
[LOG] Transition logged to MongoDB: 52d3385f-528b-49a2-9db8-afd10a8f226e - Episode 0
Selected action: Action(ActionType.PICK, obj=/column1, slot=None,grasp=GraspType.TOP_0) with motion param: left_0
here
[EXEC] Picking /column1 with left_0
[ERROR] No IK configurations found for desired pick pose.
[EXEC] Action ActionType.PICK executed in 1.02 seconds
[ERROR] Action ActionType.PICK failed for object /column1
[LOG] Transition logged to MongoDB: 52d3385f-528b-49a2-9db8-afd10a8f226e - Episode 0
Selected action: Action(ActionType.PICK, obj=/column1, slot=None,grasp=GraspType.LEFT_0) with motion param: top_0
here
[EXEC] Picking /column1 with top_0

[INFO] Found 4864 potential configurations.
[WARN] No valid configuration found (all tested configs invalid).
[EXEC] Action ActionType.PICK executed in 25.73 seconds
[ERROR] Action ActionType.PICK failed for object /column1
[LOG] Transition logged to MongoDB: 52d3385f-528b-49a2-9db8-afd10a8f226e - Episode 0
Selected action: Action(ActionType.PICK, obj=/column1, slot=None,grasp=GraspType.TOP_0) with motion param: front_270
here
[EXEC] Picking /column1 with front_270

[INFO] Found 4416 potential configurations.
[WARN] No valid configuration found (all tested configs invalid).
[EXEC] Action ActionType.PICK executed in 3.79 seconds
[ERROR] Action ActionType.PICK failed for object /column1
[LOG] Transition logged to MongoDB: 52d3385f-528b-49a2-9db8-afd10a8f226e - Episode 0
Selected action: Action(ActionType.PICK, obj=/column1, slot=None,grasp=GraspType.FRONT_270) with motion param: right_0
here
[EXEC] Picking /column1 with right_0

[INFO] Found 2048 potential configurations.
[INFO] Motion completed successfully with result: success,in execution time: 8.64 seconds
[INFO] Found a reachable configuration for pick action after 1 attempts.
Tip distance after pick: 0.019630494903650344
[INFO] Pick action completed successfully.in execution time: 8.64 seconds
[EXEC] Action ActionType.PICK executed in 18.41 seconds
[SUCCESS] Action ActionType.PICK succeeded for object /column1
[LOG] Transition logged to MongoDB: 52d3385f-528b-49a2-9db8-afd10a8f226e - Episode 0
Selected action: Action(ActionType.PLACE, obj=/column1, slot=/region_0,grasp=None) with motion param: top_0
here
[EXEC] Placing at [0.35, 0.8, 0.521] with grasp top_0

[INFO] Found 3776 potential configurations.
[INFO] Motion completed successfully with result: success,in execution time: 3.76 seconds
[INFO] Found a reachable configuration for place action after 1 attempts.
[INFO] Place action completed successfully.
realigning placed object /column1 to target position
[EXEC] Action ActionType.PLACE executed in 26.01 seconds
[SUCCESS] Action ActionType.PLACE succeeded for object /column1
[LOG] Transition logged to MongoDB: 52d3385f-528b-49a2-9db8-afd10a8f226e - Episode 0
Selected action: Action(ActionType.PICK, obj=/column0, slot=None,grasp=GraspType.TOP_0) with motion param: right_0
here
[EXEC] Picking /column0 with right_0
[ERROR] No IK configurations found for desired pick pose.
[EXEC] Action ActionType.PICK executed in 1.03 seconds
[ERROR] Action ActionType.PICK failed for object /column0
[LOG] Transition logged to MongoDB: 52d3385f-528b-49a2-9db8-afd10a8f226e - Episode 0
Selected action: Action(ActionType.PICK, obj=/column2, slot=None,grasp=GraspType.RIGHT_0) with motion param: front_270
here
[EXEC] Picking /column2 with front_270

[INFO] Found 2176 potential configurations.
[WARN] No valid configuration found (all tested configs invalid).
[EXEC] Action ActionType.PICK executed in 2.84 seconds
[ERROR] Action ActionType.PICK failed for object /column2
[LOG] Transition logged to MongoDB: 52d3385f-528b-49a2-9db8-afd10a8f226e - Episode 0
Selected action: Action(ActionType.PICK, obj=/column2, slot=None,grasp=GraspType.FRONT_270) with motion param: right_0
here
[EXEC] Picking /column2 with right_0
[ERROR] No IK configurations found for desired pick pose.
[EXEC] Action ActionType.PICK executed in 1.02 seconds
[ERROR] Action ActionType.PICK failed for object /column2
[LOG] Transition logged to MongoDB: 52d3385f-528b-49a2-9db8-afd10a8f226e - Episode 0
Selected action: Action(ActionType.PICK, obj=/column1, slot=None,grasp=GraspType.RIGHT_0) with motion param: top_0
here
[EXEC] Picking /column1 with top_0

[INFO] Found 4288 potential configurations.
[INFO] Motion completed successfully with result: success,in execution time: 1.76 seconds
[INFO] Found a reachable configuration for pick action after 1 attempts.
Tip distance after pick: 0.028896176930832098
[INFO] Pick action completed successfully.in execution time: 1.76 seconds
[EXEC] Action ActionType.PICK executed in 12.49 seconds
[SUCCESS] Action ActionType.PICK succeeded for object /column1
[LOG] Transition logged to MongoDB: 52d3385f-528b-49a2-9db8-afd10a8f226e - Episode 0
Selected action: Action(ActionType.PLACE, obj=/column1, slot=/goal_0,grasp=None) with motion param: front_270
here
[EXEC] Placing at [-0.27499999999999986, 0.8250000000000005, 0.5] with grasp front_270

[INFO] Found 5888 potential configurations.
[INFO] Motion completed successfully with result: success,in execution time: 6.28 seconds
[INFO] Found a reachable configuration for place action after 1 attempts.
[INFO] Place action completed successfully.
realigning placed object /column1 to target position
[EXEC] Action ActionType.PLACE executed in 25.53 seconds
[SUCCESS] Action ActionType.PLACE succeeded for object /column1
[LOG] Transition logged to MongoDB: 52d3385f-528b-49a2-9db8-afd10a8f226e - Episode 0
Selected action: Action(ActionType.PICK, obj=/column0, slot=None,grasp=GraspType.RIGHT_0) with motion param: right_0
here
[EXEC] Picking /column0 with right_0
[ERROR] No IK configurations found for desired pick pose.
[EXEC] Action ActionType.PICK executed in 1.02 seconds
[ERROR] Action ActionType.PICK failed for object /column0
[LOG] Transition logged to MongoDB: 52d3385f-528b-49a2-9db8-afd10a8f226e - Episode 0
Selected action: Action(ActionType.PICK, obj=/column2, slot=None,grasp=GraspType.RIGHT_0) with motion param: right_0
here
[EXEC] Picking /column2 with right_0
[ERROR] No IK configurations found for desired pick pose.
[EXEC] Action ActionType.PICK executed in 1.01 seconds
[ERROR] Action ActionType.PICK failed for object /column2
[LOG] Transition logged to MongoDB: 52d3385f-528b-49a2-9db8-afd10a8f226e - Episode 0
Selected action: Action(ActionType.PICK, obj=/column2, slot=None,grasp=GraspType.RIGHT_0) with motion param: right_0
here
[EXEC] Picking /column2 with right_0
[ERROR] No IK configurations found for desired pick pose.
[EXEC] Action ActionType.PICK executed in 1.02 seconds
[ERROR] Action ActionType.PICK failed for object /column2
[LOG] Transition logged to MongoDB: 52d3385f-528b-49a2-9db8-afd10a8f226e - Episode 0
Selected action: Action(ActionType.PICK, obj=/column0, slot=None,grasp=GraspType.RIGHT_0) with motion param: right_0
here
[EXEC] Picking /column0 with right_0
[ERROR] No IK configurations found for desired pick pose.
[EXEC] Action ActionType.PICK executed in 1.02 seconds
[ERROR] Action ActionType.PICK failed for object /column0
[LOG] Transition logged to MongoDB: 52d3385f-528b-49a2-9db8-afd10a8f226e - Episode 0
Selected action: Action(ActionType.PICK, obj=/column2, slot=None,grasp=GraspType.RIGHT_0) with motion param: right_0
here
[EXEC] Picking /column2 with right_0
[ERROR] No IK configurations found for desired pick pose.
[EXEC] Action ActionType.PICK executed in 1.01 seconds
[ERROR] Action ActionType.PICK failed for object /column2
[LOG] Transition logged to MongoDB: 52d3385f-528b-49a2-9db8-afd10a8f226e - Episode 0
Selected action: Action(ActionType.PICK, obj=/column1, slot=None,grasp=GraspType.TOP_0) with motion param: left_0
here
[EXEC] Picking /column1 with left_0

[INFO] Found 5056 potential configurations.
[INFO] Motion completed successfully with result: success,in execution time: 5.28 seconds
[INFO] Found a reachable configuration for pick action after 1 attempts.
Tip distance after pick: 0.01967049762174362
[INFO] Pick action completed successfully.in execution time: 5.28 seconds
[EXEC] Action ActionType.PICK executed in 19.08 seconds
[SUCCESS] Action ActionType.PICK succeeded for object /column1
[LOG] Transition logged to MongoDB: 52d3385f-528b-49a2-9db8-afd10a8f226e - Episode 0
Selected action: Action(ActionType.PLACE, obj=/column1, slot=/goal_0,grasp=GraspType.FRONT_270) with motion param: left_0
here
[EXEC] Placing at [-0.27499999999999986, 0.8250000000000005, 0.5] with grasp left_0

[INFO] Found 6016 potential configurations.
[WARN] No valid configuration found (all tested configs invalid).
[EXEC] Action ActionType.PLACE executed in 46.82 seconds
[ERROR] Action ActionType.PLACE failed for object /column1
[LOG] Transition logged to MongoDB: 52d3385f-528b-49a2-9db8-afd10a8f226e - Episode 0
Selected action: Action(ActionType.PLACE, obj=/column1, slot=/region_0,grasp=GraspType.TOP_0) with motion param: top_0
here
[EXEC] Placing at [0.35, 0.8, 0.521] with grasp top_0

[INFO] Found 6080 potential configurations.
[ERROR] Motion failed (collision or invalid path)
[ERROR] Motion result: no_path
[WARN] Failed to find a path to the selected place config on attempt 1.
[WARN] No path found to selected place config, discarding and trying next valid config...
[INFO] Motion completed successfully with result: success,in execution time: 8.12 seconds
[INFO] Found a reachable configuration for place action after 2 attempts.
[INFO] Place action completed successfully.
realigning placed object /column1 to target position
[EXEC] Action ActionType.PLACE executed in 43.52 seconds
[SUCCESS] Action ActionType.PLACE succeeded for object /column1
[LOG] Transition logged to MongoDB: 52d3385f-528b-49a2-9db8-afd10a8f226e - Episode 0
Selected action: Action(ActionType.PICK, obj=/column2, slot=None,grasp=GraspType.RIGHT_0) with motion param: front_270
here
[EXEC] Picking /column2 with front_270

[INFO] Found 1600 potential configurations.
[WARN] No valid configuration found (all tested configs invalid).
[EXEC] Action ActionType.PICK executed in 2.39 seconds
[ERROR] Action ActionType.PICK failed for object /column2
[LOG] Transition logged to MongoDB: 52d3385f-528b-49a2-9db8-afd10a8f226e - Episode 0
Selected action: Action(ActionType.PICK, obj=/column2, slot=None,grasp=GraspType.FRONT_270) with motion param: top_0
here
[EXEC] Picking /column2 with top_0

[INFO] Found 96 potential configurations.
[INFO] Motion completed successfully with result: success,in execution time: 8.72 seconds
[INFO] Found a reachable configuration for pick action after 1 attempts.
Tip distance after pick: 0.024285408728242672
[INFO] Pick action completed successfully.in execution time: 8.72 seconds
[EXEC] Action ActionType.PICK executed in 17.55 seconds
[SUCCESS] Action ActionType.PICK succeeded for object /column2
[LOG] Transition logged to MongoDB: 52d3385f-528b-49a2-9db8-afd10a8f226e - Episode 0
Selected action: Action(ActionType.PLACE, obj=/column2, slot=/goal_0,grasp=GraspType.TOP_0) with motion param: left_0
here
[EXEC] Placing at [-0.27499999999999986, 0.8250000000000005, 0.5] with grasp left_0

[INFO] Found 2560 potential configurations.
[WARN] No valid configuration found (all tested configs invalid).
[EXEC] Action ActionType.PLACE executed in 28.87 seconds
[ERROR] Action ActionType.PLACE failed for object /column2
[LOG] Transition logged to MongoDB: 52d3385f-528b-49a2-9db8-afd10a8f226e - Episode 0
Selected action: Action(ActionType.PLACE, obj=/column2, slot=/region_1,grasp=GraspType.FRONT_270) with motion param: left_0
here
[EXEC] Placing at [0.6, 1.075, 0.5] with grasp left_0

[INFO] Found 704 potential configurations.
[WARN] No valid configuration found (all tested configs invalid).
[EXEC] Action ActionType.PLACE executed in 1.40 seconds
[ERROR] Action ActionType.PLACE failed for object /column2
[LOG] Transition logged to MongoDB: 52d3385f-528b-49a2-9db8-afd10a8f226e - Episode 0
Selected action: Action(ActionType.PLACE, obj=/column2, slot=/goal_0,grasp=GraspType.LEFT_0) with motion param: right_0
here
[EXEC] Placing at [-0.27499999999999986, 0.8250000000000005, 0.5] with grasp right_0

[INFO] Found 2304 potential configurations.
[INFO] Motion completed successfully with result: success,in execution time: 10.60 seconds
[INFO] Found a reachable configuration for place action after 1 attempts.
[INFO] Place action completed successfully.
realigning placed object /column2 to target position
[EXEC] Action ActionType.PLACE executed in 20.51 seconds
[SUCCESS] Action ActionType.PLACE succeeded for object /column2
[LOG] Transition logged to MongoDB: 52d3385f-528b-49a2-9db8-afd10a8f226e - Episode 0
Selected action: Action(ActionType.PICK, obj=/column2, slot=None,grasp=GraspType.TOP_0) with motion param: right_0
here
[EXEC] Picking /column2 with right_0

[INFO] Found 3008 potential configurations.
[INFO] Motion completed successfully with result: success,in execution time: 10.48 seconds
[INFO] Found a reachable configuration for pick action after 1 attempts.
Tip distance after pick: 0.0219990901204791
[INFO] Pick action completed successfully.in execution time: 10.48 seconds
[EXEC] Action ActionType.PICK executed in 32.58 seconds
[SUCCESS] Action ActionType.PICK succeeded for object /column2
[LOG] Transition contains 'unknown' state, not logging to MongoDB.
Selected action: Action(ActionType.PLACE, obj=/column2, slot=/region_1,grasp=GraspType.LEFT_0) with motion param: front_270
here
[EXEC] Placing at [0.6, 1.075, 0.5] with grasp front_270

[INFO] Found 2816 potential configurations.
[ERROR] Motion failed (collision or invalid path)
[ERROR] Motion result: no_path
[WARN] Failed to find a path to the selected place config on attempt 1.
[WARN] No path found to selected place config, discarding and trying next valid config...
[ERROR] Motion failed (collision or invalid path)
[ERROR] Motion result: no_path
[WARN] Failed to find a path to the selected place config on attempt 2.
[WARN] No path found to selected place config, discarding and trying next valid config...
[INFO] Motion completed successfully with result: success,in execution time: 8.32 seconds
[INFO] Found a reachable configuration for place action after 3 attempts.
[INFO] Place action completed successfully.
realigning placed object /column2 to target position
[EXEC] Action ActionType.PLACE executed in 31.28 seconds
[SUCCESS] Action ActionType.PLACE succeeded for object /column2
[LOG] Transition contains 'unknown' state, not logging to MongoDB.
Selected action: Action(ActionType.PICK, obj=/column2, slot=None,grasp=GraspType.RIGHT_0) with motion param: top_0
here
[EXEC] Picking /column2 with top_0

[INFO] Found 256 potential configurations.
[WARN] No valid configuration found (all tested configs invalid).
[EXEC] Action ActionType.PICK executed in 6.42 seconds
[ERROR] Action ActionType.PICK failed for object /column2
[LOG] Transition contains 'unknown' state, not logging to MongoDB.
Selected action: Action(ActionType.PICK, obj=/column0, slot=None,grasp=GraspType.RIGHT_0) with motion param: left_0
here
[EXEC] Picking /column0 with left_0

[INFO] Found 3584 potential configurations.
[INFO] Motion completed successfully with result: success,in execution time: 7.20 seconds
[INFO] Found a reachable configuration for pick action after 1 attempts.
Tip distance after pick: 0.21183274889977524
[ERROR] Grasped object lost during pick action.
[EXEC] Action ActionType.PICK executed in 20.72 seconds
[ERROR] Action ActionType.PICK failed for object /column0
[LOG] Transition has duplicate next state values, not logging to MongoDB.
Selected action: Action(ActionType.PICK, obj=/column2, slot=None,grasp=GraspType.TOP_0) with motion param: front_270
here
[EXEC] Picking /column2 with front_270

[INFO] Found 2688 potential configurations.
[INFO] Motion completed successfully with result: success,in execution time: 5.28 seconds
[INFO] Found a reachable configuration for pick action after 1 attempts.
Tip distance after pick: 0.01833314171083047
[INFO] Pick action completed successfully.in execution time: 5.28 seconds
[EXEC] Action ActionType.PICK executed in 14.65 seconds
[SUCCESS] Action ActionType.PICK succeeded for object /column2
[LOG] Transition has duplicate state values, not logging to MongoDB.
Selected action: Action(ActionType.PLACE, obj=/column2, slot=/region_0,grasp=GraspType.RIGHT_0) with motion param: right_0
here
[EXEC] Placing at [0.35, 0.8, 0.521] with grasp right_0

[INFO] Found 5312 potential configurations.
[WARN] No valid configuration found (all tested configs invalid).
[EXEC] Action ActionType.PLACE executed in 29.35 seconds
[ERROR] Action ActionType.PLACE failed for object /column2
[LOG] Transition has duplicate state values, not logging to MongoDB.
Selected action: Action(ActionType.PLACE, obj=/column2, slot=/region_0,grasp=GraspType.RIGHT_0) with motion param: front_270
here
[EXEC] Placing at [0.35, 0.8, 0.521] with grasp front_270

[INFO] Found 2240 potential configurations.
[INFO] Motion completed successfully with result: success,in execution time: 4.00 seconds
[INFO] Found a reachable configuration for place action after 1 attempts.
[INFO] Place action completed successfully.
realigning placed object /column2 to target position
[EXEC] Action ActionType.PLACE executed in 15.98 seconds
[SUCCESS] Action ActionType.PLACE succeeded for object /column2
[LOG] Transition has duplicate state values, not logging to MongoDB.
Selected action: Action(ActionType.PICK, obj=/column0, slot=None,grasp=GraspType.LEFT_0) with motion param: left_0
here
[EXEC] Picking /column0 with left_0
[ERROR] No IK configurations found for desired pick pose.
[EXEC] Action ActionType.PICK executed in 1.02 seconds
[ERROR] Action ActionType.PICK failed for object /column0
[LOG] Transition has duplicate state values, not logging to MongoDB.
Selected action: Action(ActionType.PICK, obj=/column1, slot=None,grasp=GraspType.LEFT_0) with motion param: top_0
here
[EXEC] Picking /column1 with top_0

[INFO] Found 384 potential configurations.
[WARN] No valid configuration found (all tested configs invalid).
[EXEC] Action ActionType.PICK executed in 10.73 seconds
[ERROR] Action ActionType.PICK failed for object /column1
[LOG] Transition logged to MongoDB: 52d3385f-528b-49a2-9db8-afd10a8f226e - Episode 0
Selected action: Action(ActionType.PICK, obj=/column1, slot=None,grasp=GraspType.TOP_0) with motion param: left_0
here
[EXEC] Picking /column1 with left_0

[INFO] Found 1600 potential configurations.
[WARN] No valid configuration found (all tested configs invalid).
[EXEC] Action ActionType.PICK executed in 1.59 seconds
[ERROR] Action ActionType.PICK failed for object /column1
[LOG] Transition logged to MongoDB: 52d3385f-528b-49a2-9db8-afd10a8f226e - Episode 0
Selected action: Action(ActionType.PICK, obj=/column1, slot=None,grasp=GraspType.LEFT_0) with motion param: left_0
here
[EXEC] Picking /column1 with left_0

[INFO] Found 1920 potential configurations.
[WARN] No valid configuration found (all tested configs invalid).
[EXEC] Action ActionType.PICK executed in 1.72 seconds
[ERROR] Action ActionType.PICK failed for object /column1
[LOG] Transition logged to MongoDB: 52d3385f-528b-49a2-9db8-afd10a8f226e - Episode 0
Selected action: Action(ActionType.PICK, obj=/column1, slot=None,grasp=GraspType.LEFT_0) with motion param: right_0
here
[EXEC] Picking /column1 with right_0
[ERROR] No IK configurations found for desired pick pose.
[EXEC] Action ActionType.PICK executed in 1.02 seconds
[ERROR] Action ActionType.PICK failed for object /column1
[LOG] Transition logged to MongoDB: 52d3385f-528b-49a2-9db8-afd10a8f226e - Episode 0
Selected action: Action(ActionType.PICK, obj=/column1, slot=None,grasp=GraspType.RIGHT_0) with motion param: front_270
here
[EXEC] Picking /column1 with front_270

[INFO] Found 2432 potential configurations.
[WARN] No valid configuration found (all tested configs invalid).
[EXEC] Action ActionType.PICK executed in 2.42 seconds
[ERROR] Action ActionType.PICK failed for object /column1
[LOG] Transition logged to MongoDB: 52d3385f-528b-49a2-9db8-afd10a8f226e - Episode 0
Selected action: Action(ActionType.PICK, obj=/column1, slot=None,grasp=GraspType.FRONT_270) with motion param: right_0
here
[EXEC] Picking /column1 with right_0
[ERROR] No IK configurations found for desired pick pose.
[EXEC] Action ActionType.PICK executed in 1.02 seconds
[ERROR] Action ActionType.PICK failed for object /column1
[LOG] Transition logged to MongoDB: 52d3385f-528b-49a2-9db8-afd10a8f226e - Episode 0
Selected action: Action(ActionType.PICK, obj=/column0, slot=None,grasp=GraspType.LEFT_0) with motion param: left_0
here
[EXEC] Picking /column0 with left_0

[INFO] Found 3136 potential configurations.
[WARN] No valid configuration found (all tested configs invalid).
[EXEC] Action ActionType.PICK executed in 4.33 seconds
[ERROR] Action ActionType.PICK failed for object /column0
[LOG] Transition logged to MongoDB: 52d3385f-528b-49a2-9db8-afd10a8f226e - Episode 0
Selected action: Action(ActionType.PICK, obj=/column0, slot=None,grasp=GraspType.LEFT_0) with motion param: front_270
here
[EXEC] Picking /column0 with front_270

[INFO] Found 3712 potential configurations.
[INFO] Motion completed successfully with result: success,in execution time: 4.16 seconds
[INFO] Found a reachable configuration for pick action after 1 attempts.
Tip distance after pick: 0.019842314657699277
[INFO] Pick action completed successfully.in execution time: 4.16 seconds
[EXEC] Action ActionType.PICK executed in 14.03 seconds
[SUCCESS] Action ActionType.PICK succeeded for object /column0
[LOG] Transition logged to MongoDB: 52d3385f-528b-49a2-9db8-afd10a8f226e - Episode 0
Selected action: Action(ActionType.PLACE, obj=/column0, slot=/goal_0,grasp=GraspType.TOP_0) with motion param: left_0
here
[EXEC] Placing at [-0.27499999999999986, 0.8250000000000005, 0.5] with grasp left_0

[INFO] Found 5696 potential configurations.
[WARN] No valid configuration found (all tested configs invalid).
[EXEC] Action ActionType.PLACE executed in 42.73 seconds
[ERROR] Action ActionType.PLACE failed for object /column0
[LOG] Transition logged to MongoDB: 52d3385f-528b-49a2-9db8-afd10a8f226e - Episode 0
Selected action: Action(ActionType.PLACE, obj=/column0, slot=/goal_0,grasp=GraspType.LEFT_0) with motion param: top_0
here
[EXEC] Placing at [-0.27499999999999986, 0.8250000000000005, 0.5] with grasp top_0

[INFO] Found 7232 potential configurations.
[INFO] Motion completed successfully with result: success,in execution time: 4.24 seconds
[INFO] Found a reachable configuration for place action after 1 attempts.
[INFO] Place action completed successfully.
realigning placed object /column0 to target position
[EXEC] Action ActionType.PLACE executed in 18.19 seconds
[SUCCESS] Action ActionType.PLACE succeeded for object /column0
[LOG] Transition logged to MongoDB: 52d3385f-528b-49a2-9db8-afd10a8f226e - Episode 0
Selected action: Action(ActionType.PICK, obj=/column1, slot=None,grasp=GraspType.RIGHT_0) with motion param: front_270
here
[EXEC] Picking /column1 with front_270

[INFO] Found 2624 potential configurations.
[INFO] Motion completed successfully with result: success,in execution time: 12.32 seconds
[INFO] Found a reachable configuration for pick action after 1 attempts.
Tip distance after pick: 0.019402010667093003
[INFO] Pick action completed successfully.in execution time: 12.32 seconds
[EXEC] Action ActionType.PICK executed in 22.65 seconds
[SUCCESS] Action ActionType.PICK succeeded for object /column1
[LOG] Transition contains 'unknown' state, not logging to MongoDB.
Selected action: Action(ActionType.PLACE, obj=/column1, slot=/region_0,grasp=GraspType.TOP_0) with motion param: right_0
here
[EXEC] Placing at [0.35, 0.8, 0.521] with grasp right_0

[INFO] Found 3648 potential configurations.
[INFO] Motion completed successfully with result: success,in execution time: 3.04 seconds
[INFO] Found a reachable configuration for place action after 1 attempts.
[INFO] Place action completed successfully.
realigning placed object /column1 to target position
[EXEC] Action ActionType.PLACE executed in 22.64 seconds
[SUCCESS] Action ActionType.PLACE succeeded for object /column1
[LOG] Transition contains 'unknown' state, not logging to MongoDB.
Selected action: Action(ActionType.PICK, obj=/column0, slot=None,grasp=GraspType.FRONT_270) with motion param: front_270
here
[EXEC] Picking /column0 with front_270

[INFO] Found 4416 potential configurations.
[INFO] Motion completed successfully with result: success,in execution time: 8.32 seconds
[INFO] Found a reachable configuration for pick action after 1 attempts.
Tip distance after pick: 0.021954197623073806
[INFO] Pick action completed successfully.in execution time: 8.32 seconds
[EXEC] Action ActionType.PICK executed in 27.53 seconds
[SUCCESS] Action ActionType.PICK succeeded for object /column0
[LOG] Transition contains 'unknown' state, not logging to MongoDB.
Selected action: Action(ActionType.PLACE, obj=/column0, slot=/goal_1,grasp=None) with motion param: left_0
here
[EXEC] Placing at [-0.2749999999999999, 1.0750000000000006, 0.5] with grasp left_0

[INFO] Found 768 potential configurations.
[WARN] No valid configuration found (all tested configs invalid).
[EXEC] Action ActionType.PLACE executed in 5.63 seconds
[ERROR] Action ActionType.PLACE failed for object /column0
[LOG] Transition contains 'unknown' state, not logging to MongoDB.
Selected action: Action(ActionType.PLACE, obj=/column0, slot=/goal_2,grasp=GraspType.TOP_0) with motion param: top_0
here
[EXEC] Placing at [-0.6000000000000001, 0.8250000000000003, 0.5] with grasp top_0

[INFO] Found 5184 potential configurations.
[WARN] No valid configuration found (all tested configs invalid).
[EXEC] Action ActionType.PLACE executed in 3.39 seconds
[ERROR] Action ActionType.PLACE failed for object /column0
[LOG] Transition contains 'unknown' state, not logging to MongoDB.
Selected action: Action(ActionType.PLACE, obj=/column0, slot=/goal_0,grasp=GraspType.TOP_0) with motion param: right_0
here
[EXEC] Placing at [-0.27499999999999986, 0.8250000000000005, 0.5] with grasp right_0

[INFO] Found 4288 potential configurations.
[INFO] Motion completed successfully with result: success,in execution time: 3.76 seconds
[INFO] Found a reachable configuration for place action after 1 attempts.
[INFO] Place action completed successfully.
realigning placed object /column0 to target position
[EXEC] Action ActionType.PLACE executed in 20.31 seconds
[SUCCESS] Action ActionType.PLACE succeeded for object /column0
[LOG] Transition contains 'unknown' state, not logging to MongoDB.
Selected action: Action(ActionType.PICK, obj=/column2, slot=None,grasp=GraspType.FRONT_270) with motion param: right_0
here
[EXEC] Picking /column2 with right_0
[ERROR] No IK configurations found for desired pick pose.
[EXEC] Action ActionType.PICK executed in 1.01 seconds
[ERROR] Action ActionType.PICK failed for object /column2
[LOG] Transition contains 'unknown' state, not logging to MongoDB.
Selected action: Action(ActionType.PICK, obj=/column1, slot=None,grasp=GraspType.FRONT_270) with motion param: top_0
here
[EXEC] Picking /column1 with top_0

[INFO] Found 4928 potential configurations.
[INFO] Motion completed successfully with result: success,in execution time: 3.24 seconds
[INFO] Found a reachable configuration for pick action after 1 attempts.
Tip distance after pick: 0.02809571583880851
[INFO] Pick action completed successfully.in execution time: 3.24 seconds
[EXEC] Action ActionType.PICK executed in 14.06 seconds
[SUCCESS] Action ActionType.PICK succeeded for object /column1
[LOG] Transition contains 'unknown' state, not logging to MongoDB.
Selected action: Action(ActionType.PLACE, obj=/column1, slot=/region_2,grasp=None) with motion param: left_0
here
[EXEC] Placing at [0.6, 0.80001, 0.5] with grasp left_0

[INFO] Found 3776 potential configurations.
[INFO] Motion completed successfully with result: success,in execution time: 3.28 seconds
[INFO] Found a reachable configuration for place action after 1 attempts.
[INFO] Place action completed successfully.
realigning placed object /column1 to target position
[EXEC] Action ActionType.PLACE executed in 18.30 seconds
[SUCCESS] Action ActionType.PLACE succeeded for object /column1
[LOG] Transition contains 'unknown' state, not logging to MongoDB.
Selected action: Action(ActionType.PICK, obj=/column0, slot=None,grasp=GraspType.FRONT_270) with motion param: left_0
here
[EXEC] Picking /column0 with left_0

[INFO] Found 3840 potential configurations.
[ERROR] Motion failed (collision or invalid path)
[ERROR] Motion result: no_path
[WARN] Failed to find a path to the selected pick config on attempt 1.
[WARN] No path found to picked config, discarding and trying next valid config...
[ERROR] Motion failed (collision or invalid path)
[ERROR] Motion result: no_path
[WARN] Failed to find a path to the selected pick config on attempt 2.
[WARN] No path found to picked config, discarding and trying next valid config...
[ERROR] Motion failed (collision or invalid path)
[ERROR] Motion result: no_path
[WARN] Failed to find a path to the selected pick config on attempt 3.
[WARN] No path found to picked config, discarding and trying next valid config...
[ERROR] Max IK attempts reached, pick action failed.
[EXEC] Action ActionType.PICK executed in 20.61 seconds
[ERROR] Action ActionType.PICK failed for object /column0
[LOG] Transition contains 'unknown' state, not logging to MongoDB.
Selected action: Action(ActionType.PICK, obj=/column2, slot=None,grasp=GraspType.RIGHT_0) with motion param: right_0
here
[EXEC] Picking /column2 with right_0
[ERROR] No IK configurations found for desired pick pose.
[EXEC] Action ActionType.PICK executed in 1.02 seconds
[ERROR] Action ActionType.PICK failed for object /column2
[LOG] Transition contains 'unknown' state, not logging to MongoDB.
Selected action: Action(ActionType.PICK, obj=/column0, slot=None,grasp=GraspType.LEFT_0) with motion param: front_270
here
[EXEC] Picking /column0 with front_270

[INFO] Found 4416 potential configurations.
[INFO] Motion completed successfully with result: success,in execution time: 5.20 seconds
[INFO] Found a reachable configuration for pick action after 1 attempts.
Tip distance after pick: 0.021608657860145184
[INFO] Pick action completed successfully.in execution time: 5.20 seconds
[EXEC] Action ActionType.PICK executed in 16.43 seconds
[SUCCESS] Action ActionType.PICK succeeded for object /column0
[LOG] Transition contains 'unknown' state, not logging to MongoDB.
Selected action: Action(ActionType.PLACE, obj=/column0, slot=/region_1,grasp=None) with motion param: left_0
here
[EXEC] Placing at [0.6, 1.075, 0.5] with grasp left_0

[INFO] Found 1472 potential configurations.
[WARN] No valid configuration found (all tested configs invalid).
[EXEC] Action ActionType.PLACE executed in 1.59 seconds
[ERROR] Action ActionType.PLACE failed for object /column0
[LOG] Transition contains 'unknown' state, not logging to MongoDB.
Selected action: Action(ActionType.PLACE, obj=/column0, slot=/region_0,grasp=None) with motion param: right_0
here
[EXEC] Placing at [0.35, 0.8, 0.521] with grasp right_0

[INFO] Found 4224 potential configurations.
[INFO] Motion completed successfully with result: success,in execution time: 8.72 seconds
[INFO] Found a reachable configuration for place action after 1 attempts.
[INFO] Place action completed successfully.
realigning placed object /column0 to target position
[EXEC] Action ActionType.PLACE executed in 19.27 seconds
[SUCCESS] Action ActionType.PLACE succeeded for object /column0
[LOG] Transition contains 'unknown' state, not logging to MongoDB.
Selected action: Action(ActionType.PICK, obj=/column0, slot=None,grasp=GraspType.FRONT_270) with motion param: top_0
here
[EXEC] Picking /column0 with top_0

[INFO] Found 6400 potential configurations.
[INFO] Motion completed successfully with result: success,in execution time: 3.88 seconds
[INFO] Found a reachable configuration for pick action after 1 attempts.
Tip distance after pick: 0.027851151213538552
[INFO] Pick action completed successfully.in execution time: 3.88 seconds
[EXEC] Action ActionType.PICK executed in 14.41 seconds
[SUCCESS] Action ActionType.PICK succeeded for object /column0
[LOG] Transition contains 'unknown' state, not logging to MongoDB.
Selected action: Action(ActionType.PLACE, obj=/column0, slot=/goal_1,grasp=GraspType.LEFT_0) with motion param: left_0
here
[EXEC] Placing at [-0.2749999999999999, 1.0750000000000006, 0.5] with grasp left_0

[INFO] Found 896 potential configurations.
[WARN] No valid configuration found (all tested configs invalid).
[EXEC] Action ActionType.PLACE executed in 9.54 seconds
[ERROR] Action ActionType.PLACE failed for object /column0
[LOG] Transition contains 'unknown' state, not logging to MongoDB.
Selected action: Action(ActionType.PLACE, obj=/column0, slot=/region_1,grasp=GraspType.LEFT_0) with motion param: front_270
here
[EXEC] Placing at [0.6, 1.075, 0.5] with grasp front_270

[INFO] Found 3264 potential configurations.
[INFO] Motion completed successfully with result: success,in execution time: 7.68 seconds
[INFO] Found a reachable configuration for place action after 1 attempts.
[INFO] Place action completed successfully.
realigning placed object /column0 to target position
[EXEC] Action ActionType.PLACE executed in 31.26 seconds
[SUCCESS] Action ActionType.PLACE succeeded for object /column0
[LOG] Transition contains 'unknown' state, not logging to MongoDB.
Selected action: Action(ActionType.PICK, obj=/column2, slot=None,grasp=GraspType.RIGHT_0) with motion param: left_0
here
[EXEC] Picking /column2 with left_0

[INFO] Found 4288 potential configurations.
[INFO] Motion completed successfully with result: success,in execution time: 5.36 seconds
[INFO] Found a reachable configuration for pick action after 1 attempts.
Tip distance after pick: 0.032895688703475076
[INFO] Pick action completed successfully.in execution time: 5.36 seconds
[EXEC] Action ActionType.PICK executed in 20.19 seconds
[SUCCESS] Action ActionType.PICK succeeded for object /column2
[LOG] Transition contains 'unknown' state, not logging to MongoDB.
Selected action: Action(ActionType.PLACE, obj=/column2, slot=/goal_1,grasp=GraspType.TOP_0) with motion param: right_0
here
[EXEC] Placing at [-0.2749999999999999, 1.0750000000000006, 0.5] with grasp right_0

[INFO] Found 2560 potential configurations.
[INFO] Motion completed successfully with result: success,in execution time: 7.24 seconds
[INFO] Found a reachable configuration for place action after 1 attempts.
[INFO] Place action completed successfully.
realigning placed object /column2 to target position
[EXEC] Action ActionType.PLACE executed in 26.71 seconds
[SUCCESS] Action ActionType.PLACE succeeded for object /column2
[LOG] Transition logged to MongoDB: 52d3385f-528b-49a2-9db8-afd10a8f226e - Episode 0
Selected action: Action(ActionType.PICK, obj=/column2, slot=None,grasp=GraspType.LEFT_0) with motion param: left_0
here
[EXEC] Picking /column2 with left_0

[INFO] Found 320 potential configurations.
[WARN] No valid configuration found (all tested configs invalid).
[EXEC] Action ActionType.PICK executed in 1.25 seconds
[ERROR] Action ActionType.PICK failed for object /column2
[LOG] Transition logged to MongoDB: 52d3385f-528b-49a2-9db8-afd10a8f226e - Episode 0
Selected action: Action(ActionType.PICK, obj=/column1, slot=None,grasp=GraspType.TOP_0) with motion param: front_270
here
[EXEC] Picking /column1 with front_270

[INFO] Found 3200 potential configurations.
[INFO] Motion completed successfully with result: success,in execution time: 11.96 seconds
[INFO] Found a reachable configuration for pick action after 1 attempts.
Tip distance after pick: 0.02111065689273243
[INFO] Pick action completed successfully.in execution time: 11.96 seconds
[EXEC] Action ActionType.PICK executed in 27.77 seconds
[SUCCESS] Action ActionType.PICK succeeded for object /column1
[LOG] Transition logged to MongoDB: 52d3385f-528b-49a2-9db8-afd10a8f226e - Episode 0
Selected action: Action(ActionType.PLACE, obj=/column1, slot=/goal_0,grasp=GraspType.LEFT_0) with motion param: left_0
here
[EXEC] Placing at [-0.27499999999999986, 0.8250000000000005, 0.5] with grasp left_0

[INFO] Found 4224 potential configurations.
[WARN] No valid configuration found (all tested configs invalid).
[EXEC] Action ActionType.PLACE executed in 39.12 seconds
[ERROR] Action ActionType.PLACE failed for object /column1
[LOG] Transition logged to MongoDB: 52d3385f-528b-49a2-9db8-afd10a8f226e - Episode 0
Selected action: Action(ActionType.PLACE, obj=/column1, slot=/region_0,grasp=GraspType.RIGHT_0) with motion param: right_0
here
[EXEC] Placing at [0.35, 0.8, 0.521] with grasp right_0

[INFO] Found 4992 potential configurations.
[INFO] Motion completed successfully with result: success,in execution time: 2.80 seconds
[INFO] Found a reachable configuration for place action after 1 attempts.
[INFO] Place action completed successfully.
realigning placed object /column1 to target position
[EXEC] Action ActionType.PLACE executed in 17.19 seconds
[SUCCESS] Action ActionType.PLACE succeeded for object /column1
[LOG] Transition logged to MongoDB: 52d3385f-528b-49a2-9db8-afd10a8f226e - Episode 0
Selected action: Action(ActionType.PICK, obj=/column2, slot=None,grasp=GraspType.LEFT_0) with motion param: front_270
here
[EXEC] Picking /column2 with front_270

[INFO] Found 3840 potential configurations.
[INFO] Motion completed successfully with result: success,in execution time: 8.48 seconds
[INFO] Found a reachable configuration for pick action after 1 attempts.
Tip distance after pick: 0.022063126916651472
[INFO] Pick action completed successfully.in execution time: 8.48 seconds
[EXEC] Action ActionType.PICK executed in 20.40 seconds
[SUCCESS] Action ActionType.PICK succeeded for object /column2
[LOG] Transition logged to MongoDB: 52d3385f-528b-49a2-9db8-afd10a8f226e - Episode 0
Selected action: Action(ActionType.PLACE, obj=/column2, slot=/goal_0,grasp=GraspType.RIGHT_0) with motion param: right_0
here
[EXEC] Placing at [-0.27499999999999986, 0.8250000000000005, 0.5] with grasp right_0

[INFO] Found 3392 potential configurations.
[ERROR] Motion failed (collision or invalid path)
[ERROR] Motion result: no_path
[WARN] Failed to find a path to the selected place config on attempt 1.
[WARN] No path found to selected place config, discarding and trying next valid config...
[ERROR] Motion failed (collision or invalid path)
[ERROR] Motion result: no_path
[WARN] Failed to find a path to the selected place config on attempt 2.
[WARN] No path found to selected place config, discarding and trying next valid config...
[ERROR] Motion failed (collision or invalid path)
[ERROR] Motion result: no_path
[WARN] Failed to find a path to the selected place config on attempt 3.
[WARN] No path found to selected place config, discarding and trying next valid config...
[ERROR] Max IK attempts reached, place action failed.
[EXEC] Action ActionType.PLACE executed in 21.24 seconds
[ERROR] Action ActionType.PLACE failed for object /column2
[LOG] Transition logged to MongoDB: 52d3385f-528b-49a2-9db8-afd10a8f226e - Episode 0
Selected action: Action(ActionType.PLACE, obj=/column2, slot=/goal_1,grasp=GraspType.RIGHT_0) with motion param: right_0
here
[EXEC] Placing at [-0.2749999999999999, 1.0750000000000006, 0.5] with grasp right_0

[INFO] Found 1856 potential configurations.
[ERROR] Motion failed (collision or invalid path)
[ERROR] Motion result: no_path
[WARN] Failed to find a path to the selected place config on attempt 1.
[WARN] No path found to selected place config, discarding and trying next valid config...
[ERROR] Motion failed (collision or invalid path)
[ERROR] Motion result: no_path
[WARN] Failed to find a path to the selected place config on attempt 2.
[WARN] No path found to selected place config, discarding and trying next valid config...
[INFO] Motion completed successfully with result: success,in execution time: 6.92 seconds
[INFO] Found a reachable configuration for place action after 3 attempts.
[INFO] Place action completed successfully.
realigning placed object /column2 to target position
[EXEC] Action ActionType.PLACE executed in 32.00 seconds
[SUCCESS] Action ActionType.PLACE succeeded for object /column2
[LOG] Transition logged to MongoDB: 52d3385f-528b-49a2-9db8-afd10a8f226e - Episode 0
Selected action: Action(ActionType.PICK, obj=/column2, slot=None,grasp=GraspType.FRONT_270) with motion param: left_0
here
[EXEC] Picking /column2 with left_0
[ERROR] No IK configurations found for desired pick pose.
[EXEC] Action ActionType.PICK executed in 1.02 seconds
[ERROR] Action ActionType.PICK failed for object /column2
[LOG] Transition logged to MongoDB: 52d3385f-528b-49a2-9db8-afd10a8f226e - Episode 0
Selected action: Action(ActionType.PICK, obj=/column2, slot=None,grasp=GraspType.LEFT_0) with motion param: left_0
here
[EXEC] Picking /column2 with left_0
[ERROR] No IK configurations found for desired pick pose.
[EXEC] Action ActionType.PICK executed in 1.03 seconds
[ERROR] Action ActionType.PICK failed for object /column2
[LOG] Transition logged to MongoDB: 52d3385f-528b-49a2-9db8-afd10a8f226e - Episode 0
Selected action: Action(ActionType.PICK, obj=/column0, slot=None,grasp=GraspType.TOP_0) with motion param: top_0
here
[EXEC] Picking /column0 with top_0

[INFO] Found 96 potential configurations.
[INFO] Motion completed successfully with result: success,in execution time: 8.60 seconds
[INFO] Found a reachable configuration for pick action after 1 attempts.
Tip distance after pick: 0.022431919701572822
[INFO] Pick action completed successfully.in execution time: 8.60 seconds
[EXEC] Action ActionType.PICK executed in 39.44 seconds
[SUCCESS] Action ActionType.PICK succeeded for object /column0
[LOG] Transition logged to MongoDB: 52d3385f-528b-49a2-9db8-afd10a8f226e - Episode 0
Selected action: Action(ActionType.PLACE, obj=/column0, slot=/goal_0,grasp=GraspType.RIGHT_0) with motion param: left_0
here
[EXEC] Placing at [-0.27499999999999986, 0.8250000000000005, 0.5] with grasp left_0

[INFO] Found 4800 potential configurations.
[WARN] No valid configuration found (all tested configs invalid).
[EXEC] Action ActionType.PLACE executed in 33.37 seconds
[ERROR] Action ActionType.PLACE failed for object /column0
[LOG] Transition logged to MongoDB: 52d3385f-528b-49a2-9db8-afd10a8f226e - Episode 0
Selected action: Action(ActionType.PLACE, obj=/column0, slot=/region_1,grasp=GraspType.FRONT_270) with motion param: front_270
here
[EXEC] Placing at [0.6, 1.075, 0.5] with grasp front_270

[INFO] Found 3008 potential configurations.
[INFO] Motion completed successfully with result: success,in execution time: 6.64 seconds
[INFO] Found a reachable configuration for place action after 1 attempts.
[INFO] Place action completed successfully.
realigning placed object /column0 to target position
[EXEC] Action ActionType.PLACE executed in 18.90 seconds
[SUCCESS] Action ActionType.PLACE succeeded for object /column0
[LOG] Transition logged to MongoDB: 52d3385f-528b-49a2-9db8-afd10a8f226e - Episode 0
Selected action: Action(ActionType.PICK, obj=/column2, slot=None,grasp=GraspType.LEFT_0) with motion param: right_0
here
[EXEC] Picking /column2 with right_0

[INFO] Found 1472 potential configurations.
[INFO] Motion completed successfully with result: success,in execution time: 6.20 seconds
[INFO] Found a reachable configuration for pick action after 1 attempts.
Tip distance after pick: 0.01764827257660806
[INFO] Pick action completed successfully.in execution time: 6.20 seconds
[EXEC] Action ActionType.PICK executed in 19.58 seconds
[SUCCESS] Action ActionType.PICK succeeded for object /column2
[LOG] Transition logged to MongoDB: 52d3385f-528b-49a2-9db8-afd10a8f226e - Episode 0
Selected action: Action(ActionType.PLACE, obj=/column2, slot=/goal_0,grasp=GraspType.RIGHT_0) with motion param: top_0
here
[EXEC] Placing at [-0.27499999999999986, 0.8250000000000005, 0.5] with grasp top_0

[INFO] Found 5248 potential configurations.
[INFO] Motion completed successfully with result: success,in execution time: 3.12 seconds
[INFO] Found a reachable configuration for place action after 1 attempts.
[INFO] Place action completed successfully.
realigning placed object /column2 to target position
[EXEC] Action ActionType.PLACE executed in 29.37 seconds
[SUCCESS] Action ActionType.PLACE succeeded for object /column2
[LOG] Transition logged to MongoDB: 52d3385f-528b-49a2-9db8-afd10a8f226e - Episode 0
Selected action: Action(ActionType.PICK, obj=/column2, slot=None,grasp=GraspType.RIGHT_0) with motion param: front_270
here
[EXEC] Picking /column2 with front_270

[INFO] Found 5184 potential configurations.
[INFO] Motion completed successfully with result: success,in execution time: 6.32 seconds
[INFO] Found a reachable configuration for pick action after 1 attempts.
Tip distance after pick: 0.021639609985837978
[INFO] Pick action completed successfully.in execution time: 6.32 seconds
[EXEC] Action ActionType.PICK executed in 20.31 seconds
[SUCCESS] Action ActionType.PICK succeeded for object /column2
[LOG] Transition logged to MongoDB: 52d3385f-528b-49a2-9db8-afd10a8f226e - Episode 0
Selected action: Action(ActionType.PLACE, obj=/column2, slot=/goal_1,grasp=GraspType.RIGHT_0) with motion param: top_0
here
[EXEC] Placing at [-0.2749999999999999, 1.0750000000000006, 0.5] with grasp top_0

[INFO] Found 1856 potential configurations.
[INFO] Motion completed successfully with result: success,in execution time: 6.24 seconds
[INFO] Found a reachable configuration for place action after 1 attempts.
[INFO] Place action completed successfully.
realigning placed object /column2 to target position
[EXEC] Action ActionType.PLACE executed in 30.08 seconds
[SUCCESS] Action ActionType.PLACE succeeded for object /column2
[LOG] Transition logged to MongoDB: 52d3385f-528b-49a2-9db8-afd10a8f226e - Episode 0
Selected action: Action(ActionType.PICK, obj=/column1, slot=None,grasp=GraspType.FRONT_270) with motion param: left_0
here
[EXEC] Picking /column1 with left_0

[INFO] Found 3648 potential configurations.
[INFO] Motion completed successfully with result: success,in execution time: 2.88 seconds
[INFO] Found a reachable configuration for pick action after 1 attempts.
Tip distance after pick: 0.02141227233021904
[INFO] Pick action completed successfully.in execution time: 2.88 seconds
[EXEC] Action ActionType.PICK executed in 15.90 seconds
[SUCCESS] Action ActionType.PICK succeeded for object /column1
[LOG] Transition logged to MongoDB: 52d3385f-528b-49a2-9db8-afd10a8f226e - Episode 0
Selected action: Action(ActionType.PLACE, obj=/column1, slot=/goal_0,grasp=GraspType.LEFT_0) with motion param: front_270
here
[EXEC] Placing at [-0.27499999999999986, 0.8250000000000005, 0.5] with grasp front_270

[INFO] Found 5568 potential configurations.
[INFO] Motion completed successfully with result: success,in execution time: 5.20 seconds
[INFO] Found a reachable configuration for place action after 1 attempts.
[INFO] Place action completed successfully.
realigning placed object /column1 to target position
[EXEC] Action ActionType.PLACE executed in 29.15 seconds
[SUCCESS] Action ActionType.PLACE succeeded for object /column1
[LOG] Transition logged to MongoDB: 52d3385f-528b-49a2-9db8-afd10a8f226e - Episode 0
Selected action: Action(ActionType.PICK, obj=/column1, slot=None,grasp=GraspType.LEFT_0) with motion param: right_0
here
[EXEC] Picking /column1 with right_0

[INFO] Found 3840 potential configurations.
[INFO] Motion completed successfully with result: success,in execution time: 3.96 seconds
[INFO] Found a reachable configuration for pick action after 1 attempts.
Tip distance after pick: 0.020070730005589642
[INFO] Pick action completed successfully.in execution time: 3.96 seconds
[EXEC] Action ActionType.PICK executed in 15.29 seconds
[SUCCESS] Action ActionType.PICK succeeded for object /column1
[LOG] Transition logged to MongoDB: 52d3385f-528b-49a2-9db8-afd10a8f226e - Episode 0
Selected action: Action(ActionType.PLACE, obj=/column1, slot=/goal_2,grasp=GraspType.RIGHT_0) with motion param: right_0
here
[EXEC] Placing at [-0.6000000000000001, 0.8250000000000003, 0.5] with grasp right_0

[INFO] Found 2816 potential configurations.
[INFO] Motion completed successfully with result: success,in execution time: 1.52 seconds
[INFO] Found a reachable configuration for place action after 1 attempts.
[INFO] Place action completed successfully.
realigning placed object /column1 to target position
[EXEC] Action ActionType.PLACE executed in 22.26 seconds
[SUCCESS] Action ActionType.PLACE succeeded for object /column1
[LOG] Transition logged to MongoDB: 52d3385f-528b-49a2-9db8-afd10a8f226e - Episode 0
Selected action: Action(ActionType.PICK, obj=/column1, slot=None,grasp=GraspType.RIGHT_0) with motion param: left_0
here
[EXEC] Picking /column1 with left_0
[ERROR] No IK configurations found for desired pick pose.
[EXEC] Action ActionType.PICK executed in 1.02 seconds
[ERROR] Action ActionType.PICK failed for object /column1
[LOG] Transition logged to MongoDB: 52d3385f-528b-49a2-9db8-afd10a8f226e - Episode 0
Selected action: Action(ActionType.PICK, obj=/column1, slot=None,grasp=GraspType.LEFT_0) with motion param: front_270
here
[EXEC] Picking /column1 with front_270

[INFO] Found 3968 potential configurations.
[WARN] No valid configuration found (all tested configs invalid).
[EXEC] Action ActionType.PICK executed in 3.77 seconds
[ERROR] Action ActionType.PICK failed for object /column1
[LOG] Transition logged to MongoDB: 52d3385f-528b-49a2-9db8-afd10a8f226e - Episode 0
Selected action: Action(ActionType.PICK, obj=/column0, slot=None,grasp=GraspType.TOP_0) with motion param: top_0
here
[EXEC] Picking /column0 with top_0

[INFO] Found 128 potential configurations.
[ERROR] Motion failed (collision or invalid path)
[ERROR] Motion result: no_path
[WARN] Failed to find a path to the selected pick config on attempt 1.
[WARN] No path found to picked config, discarding and trying next valid config...
[INFO] Motion completed successfully with result: success,in execution time: 11.92 seconds
[INFO] Found a reachable configuration for pick action after 2 attempts.
Tip distance after pick: 0.02496686382373537
[INFO] Pick action completed successfully.in execution time: 11.92 seconds
[EXEC] Action ActionType.PICK executed in 37.78 seconds
[SUCCESS] Action ActionType.PICK succeeded for object /column0
[LOG] Transition logged to MongoDB: 52d3385f-528b-49a2-9db8-afd10a8f226e - Episode 0
Selected action: Action(ActionType.PLACE, obj=/column0, slot=/region_1,grasp=GraspType.FRONT_270) with motion param: top_0
here
[EXEC] Placing at [0.6, 1.075, 0.5] with grasp top_0

[INFO] Found 320 potential configurations.
[WARN] No valid configuration found (all tested configs invalid).
[EXEC] Action ActionType.PLACE executed in 1.19 seconds
[ERROR] Action ActionType.PLACE failed for object /column0
[LOG] Transition logged to MongoDB: 52d3385f-528b-49a2-9db8-afd10a8f226e - Episode 0
Selected action: Action(ActionType.PLACE, obj=/column0, slot=/region_2,grasp=GraspType.TOP_0) with motion param: left_0
here
[EXEC] Placing at [0.6, 0.80001, 0.5] with grasp left_0

[INFO] Found 3648 potential configurations.
[ERROR] Motion failed (collision or invalid path)
[ERROR] Motion result: no_path
[WARN] Failed to find a path to the selected place config on attempt 1.
[WARN] No path found to selected place config, discarding and trying next valid config...
[INFO] Motion completed successfully with result: success,in execution time: 6.52 seconds
[INFO] Found a reachable configuration for place action after 2 attempts.
[INFO] Place action completed successfully.
realigning placed object /column0 to target position
[EXEC] Action ActionType.PLACE executed in 34.33 seconds
[SUCCESS] Action ActionType.PLACE succeeded for object /column0
[LOG] Transition logged to MongoDB: 52d3385f-528b-49a2-9db8-afd10a8f226e - Episode 0
Selected action: Action(ActionType.PICK, obj=/column0, slot=None,grasp=GraspType.TOP_0) with motion param: front_270
here
[EXEC] Picking /column0 with front_270

[INFO] Found 5056 potential configurations.
[INFO] Motion completed successfully with result: success,in execution time: 5.24 seconds
[INFO] Found a reachable configuration for pick action after 1 attempts.
Tip distance after pick: 0.020468859294351265
[INFO] Pick action completed successfully.in execution time: 5.24 seconds
[EXEC] Action ActionType.PICK executed in 21.84 seconds
[SUCCESS] Action ActionType.PICK succeeded for object /column0
[LOG] Transition logged to MongoDB: 52d3385f-528b-49a2-9db8-afd10a8f226e - Episode 0
Selected action: Action(ActionType.PLACE, obj=/column0, slot=/region_0,grasp=GraspType.RIGHT_0) with motion param: right_0
here
[EXEC] Placing at [0.35, 0.8, 0.521] with grasp right_0

[INFO] Found 5056 potential configurations.
[INFO] Motion completed successfully with result: success,in execution time: 2.84 seconds
[INFO] Found a reachable configuration for place action after 1 attempts.
[INFO] Place action completed successfully.
realigning placed object /column0 to target position
[EXEC] Action ActionType.PLACE executed in 17.01 seconds
[SUCCESS] Action ActionType.PLACE succeeded for object /column0
[LOG] Transition logged to MongoDB: 52d3385f-528b-49a2-9db8-afd10a8f226e - Episode 0
Selected action: Action(ActionType.PICK, obj=/column2, slot=None,grasp=GraspType.FRONT_270) with motion param: top_0
here
[EXEC] Picking /column2 with top_0

[INFO] Found 1792 potential configurations.
[INFO] Motion completed successfully with result: success,in execution time: 12.40 seconds
[INFO] Found a reachable configuration for pick action after 1 attempts.
Tip distance after pick: 0.02619601767089216
[INFO] Pick action completed successfully.in execution time: 12.40 seconds
[EXEC] Action ActionType.PICK executed in 25.91 seconds
[SUCCESS] Action ActionType.PICK succeeded for object /column2
[LOG] Transition logged to MongoDB: 52d3385f-528b-49a2-9db8-afd10a8f226e - Episode 0
Selected action: Action(ActionType.PLACE, obj=/column2, slot=/goal_1,grasp=GraspType.TOP_0) with motion param: top_0
here
[EXEC] Placing at [-0.2749999999999999, 1.0750000000000006, 0.5] with grasp top_0

[INFO] Found 1536 potential configurations.
[INFO] Motion completed successfully with result: success,in execution time: 0.36 seconds
[INFO] Found a reachable configuration for place action after 1 attempts.
[INFO] Place action completed successfully.
realigning placed object /column2 to target position
[EXEC] Action ActionType.PLACE executed in 17.66 seconds
[SUCCESS] Action ActionType.PLACE succeeded for object /column2
[LOG] Transition logged to MongoDB: 52d3385f-528b-49a2-9db8-afd10a8f226e - Episode 0
Selected action: Action(ActionType.PICK, obj=/column0, slot=None,grasp=GraspType.FRONT_270) with motion param: left_0
here
[EXEC] Picking /column0 with left_0

[INFO] Found 3328 potential configurations.
[INFO] Motion completed successfully with result: success,in execution time: 2.88 seconds
[INFO] Found a reachable configuration for pick action after 1 attempts.
Tip distance after pick: 0.0209836609765502
[INFO] Pick action completed successfully.in execution time: 2.88 seconds
[EXEC] Action ActionType.PICK executed in 15.24 seconds
[SUCCESS] Action ActionType.PICK succeeded for object /column0
[LOG] Transition logged to MongoDB: 52d3385f-528b-49a2-9db8-afd10a8f226e - Episode 0
Selected action: Action(ActionType.PLACE, obj=/column0, slot=/region_2,grasp=GraspType.LEFT_0) with motion param: right_0
here
[EXEC] Placing at [0.6, 0.80001, 0.5] with grasp right_0
[ERROR] No IK configurations found for desired place pose.
[EXEC] Action ActionType.PLACE executed in 1.02 seconds
[ERROR] Action ActionType.PLACE failed for object /column0
[LOG] Transition logged to MongoDB: 52d3385f-528b-49a2-9db8-afd10a8f226e - Episode 0
Selected action: Action(ActionType.PLACE, obj=/column0, slot=/region_0,grasp=GraspType.RIGHT_0) with motion param: top_0
here
[EXEC] Placing at [0.35, 0.8, 0.521] with grasp top_0

[INFO] Found 3200 potential configurations.
[INFO] Motion completed successfully with result: success,in execution time: 3.28 seconds
[INFO] Found a reachable configuration for place action after 1 attempts.
[INFO] Place action completed successfully.
realigning placed object /column0 to target position
[EXEC] Action ActionType.PLACE executed in 16.48 seconds
[SUCCESS] Action ActionType.PLACE succeeded for object /column0
[LOG] Transition logged to MongoDB: 52d3385f-528b-49a2-9db8-afd10a8f226e - Episode 0
Selected action: Action(ActionType.PICK, obj=/column0, slot=None,grasp=GraspType.LEFT_0) with motion param: front_270
here
[EXEC] Picking /column0 with front_270

[INFO] Found 3712 potential configurations.
[INFO] Motion completed successfully with result: success,in execution time: 4.56 seconds
[INFO] Found a reachable configuration for pick action after 1 attempts.
Tip distance after pick: 0.02134298962008126
[INFO] Pick action completed successfully.in execution time: 4.56 seconds
[EXEC] Action ActionType.PICK executed in 21.65 seconds
[SUCCESS] Action ActionType.PICK succeeded for object /column0
[LOG] Transition logged to MongoDB: 52d3385f-528b-49a2-9db8-afd10a8f226e - Episode 0
Selected action: Action(ActionType.PLACE, obj=/column0, slot=/region_0,grasp=GraspType.TOP_0) with motion param: left_0
here
[EXEC] Placing at [0.35, 0.8, 0.521] with grasp left_0

[INFO] Found 1920 potential configurations.
[INFO] Motion completed successfully with result: success,in execution time: 5.24 seconds
[INFO] Found a reachable configuration for place action after 1 attempts.
[INFO] Place action completed successfully.
realigning placed object /column0 to target position
[EXEC] Action ActionType.PLACE executed in 16.60 seconds
[SUCCESS] Action ActionType.PLACE succeeded for object /column0
[LOG] Transition logged to MongoDB: 52d3385f-528b-49a2-9db8-afd10a8f226e - Episode 0
Selected action: Action(ActionType.PICK, obj=/column2, slot=None,grasp=GraspType.TOP_0) with motion param: right_0
here
[EXEC] Picking /column2 with right_0

[INFO] Found 1728 potential configurations.
[INFO] Motion completed successfully with result: success,in execution time: 5.24 seconds
[INFO] Found a reachable configuration for pick action after 1 attempts.
Tip distance after pick: 0.018969494950715562
[INFO] Pick action completed successfully.in execution time: 5.24 seconds
[EXEC] Action ActionType.PICK executed in 19.73 seconds
[SUCCESS] Action ActionType.PICK succeeded for object /column2
[LOG] Transition logged to MongoDB: 52d3385f-528b-49a2-9db8-afd10a8f226e - Episode 0
Selected action: Action(ActionType.PLACE, obj=/column2, slot=/goal_0,grasp=GraspType.TOP_0) with motion param: left_0
here
[EXEC] Placing at [-0.27499999999999986, 0.8250000000000005, 0.5] with grasp left_0

[INFO] Found 3840 potential configurations.
[WARN] No valid configuration found (all tested configs invalid).
[EXEC] Action ActionType.PLACE executed in 26.16 seconds
[ERROR] Action ActionType.PLACE failed for object /column2
[LOG] Transition logged to MongoDB: 52d3385f-528b-49a2-9db8-afd10a8f226e - Episode 0
Selected action: Action(ActionType.PLACE, obj=/column2, slot=/goal_0,grasp=GraspType.LEFT_0) with motion param: right_0
here
[EXEC] Placing at [-0.27499999999999986, 0.8250000000000005, 0.5] with grasp right_0

[INFO] Found 4160 potential configurations.
[INFO] Motion completed successfully with result: success,in execution time: 2.08 seconds
[INFO] Found a reachable configuration for place action after 1 attempts.
[INFO] Place action completed successfully.
realigning placed object /column2 to target position
[EXEC] Action ActionType.PLACE executed in 17.31 seconds
[SUCCESS] Action ActionType.PLACE succeeded for object /column2
[LOG] Transition logged to MongoDB: 52d3385f-528b-49a2-9db8-afd10a8f226e - Episode 0
Selected action: Action(ActionType.PICK, obj=/column2, slot=None,grasp=GraspType.RIGHT_0) with motion param: top_0
here
[EXEC] Picking /column2 with top_0

[INFO] Found 5632 potential configurations.
[INFO] Motion completed successfully with result: success,in execution time: 2.96 seconds
[INFO] Found a reachable configuration for pick action after 1 attempts.
Tip distance after pick: 0.027396967635917795
[INFO] Pick action completed successfully.in execution time: 2.96 seconds
[EXEC] Action ActionType.PICK executed in 19.38 seconds
[SUCCESS] Action ActionType.PICK succeeded for object /column2
[LOG] Transition logged to MongoDB: 52d3385f-528b-49a2-9db8-afd10a8f226e - Episode 0
Selected action: Action(ActionType.PLACE, obj=/column2, slot=/goal_1,grasp=GraspType.TOP_0) with motion param: top_0
here
[EXEC] Placing at [-0.2749999999999999, 1.0750000000000006, 0.5] with grasp top_0

[INFO] Found 2048 potential configurations.
[INFO] Motion completed successfully with result: success,in execution time: 5.52 seconds
[INFO] Found a reachable configuration for place action after 1 attempts.
[INFO] Place action completed successfully.
realigning placed object /column2 to target position
[EXEC] Action ActionType.PLACE executed in 19.98 seconds
[SUCCESS] Action ActionType.PLACE succeeded for object /column2
[LOG] Transition logged to MongoDB: 52d3385f-528b-49a2-9db8-afd10a8f226e - Episode 0
Selected action: Action(ActionType.PICK, obj=/column0, slot=None,grasp=GraspType.FRONT_270) with motion param: front_270
here
[EXEC] Picking /column0 with front_270

[INFO] Found 4672 potential configurations.
[INFO] Motion completed successfully with result: success,in execution time: 5.56 seconds
[INFO] Found a reachable configuration for pick action after 1 attempts.
Tip distance after pick: 0.021284943185605823
[INFO] Pick action completed successfully.in execution time: 5.56 seconds
[EXEC] Action ActionType.PICK executed in 20.49 seconds
[SUCCESS] Action ActionType.PICK succeeded for object /column0
[LOG] Transition logged to MongoDB: 52d3385f-528b-49a2-9db8-afd10a8f226e - Episode 0
Selected action: Action(ActionType.PLACE, obj=/column0, slot=/region_0,grasp=GraspType.LEFT_0) with motion param: left_0
here
[EXEC] Placing at [0.35, 0.8, 0.521] with grasp left_0

[INFO] Found 3008 potential configurations.
[INFO] Motion completed successfully with result: success,in execution time: 6.76 seconds
[INFO] Found a reachable configuration for place action after 1 attempts.
[INFO] Place action completed successfully.
realigning placed object /column0 to target position
[EXEC] Action ActionType.PLACE executed in 17.60 seconds
[SUCCESS] Action ActionType.PLACE succeeded for object /column0
[LOG] Transition logged to MongoDB: 52d3385f-528b-49a2-9db8-afd10a8f226e - Episode 0
Selected action: Action(ActionType.PICK, obj=/column0, slot=None,grasp=GraspType.FRONT_270) with motion param: right_0
here
[EXEC] Picking /column0 with right_0

[INFO] Found 4224 potential configurations.
[INFO] Motion completed successfully with result: success,in execution time: 8.80 seconds
[INFO] Found a reachable configuration for pick action after 1 attempts.
Tip distance after pick: 0.019055012439664086
[INFO] Pick action completed successfully.in execution time: 8.80 seconds
[EXEC] Action ActionType.PICK executed in 20.93 seconds
[SUCCESS] Action ActionType.PICK succeeded for object /column0
[LOG] Transition logged to MongoDB: 52d3385f-528b-49a2-9db8-afd10a8f226e - Episode 0
Selected action: Action(ActionType.PLACE, obj=/column0, slot=/region_2,grasp=GraspType.RIGHT_0) with motion param: front_270
here
[EXEC] Placing at [0.6, 0.80001, 0.5] with grasp front_270

[INFO] Found 4352 potential configurations.
[INFO] Motion completed successfully with result: success,in execution time: 2.88 seconds
[INFO] Found a reachable configuration for place action after 1 attempts.
[INFO] Place action completed successfully.
realigning placed object /column0 to target position
[EXEC] Action ActionType.PLACE executed in 16.44 seconds
[SUCCESS] Action ActionType.PLACE succeeded for object /column0
[LOG] Transition logged to MongoDB: 52d3385f-528b-49a2-9db8-afd10a8f226e - Episode 0
Selected action: Action(ActionType.PICK, obj=/column1, slot=None,grasp=GraspType.FRONT_270) with motion param: top_0
here
[EXEC] Picking /column1 with top_0

[INFO] Found 4480 potential configurations.
[WARN] No valid configuration found (all tested configs invalid).
[EXEC] Action ActionType.PICK executed in 41.76 seconds
[ERROR] Action ActionType.PICK failed for object /column1
[LOG] Transition logged to MongoDB: 52d3385f-528b-49a2-9db8-afd10a8f226e - Episode 0
Selected action: Action(ActionType.PICK, obj=/column1, slot=None,grasp=GraspType.TOP_0) with motion param: right_0
here
[EXEC] Picking /column1 with right_0

[INFO] Found 2048 potential configurations.
[INFO] Motion completed successfully with result: success,in execution time: 9.20 seconds
[INFO] Found a reachable configuration for pick action after 1 attempts.
Tip distance after pick: 0.02149525600768529
[INFO] Pick action completed successfully.in execution time: 9.20 seconds
[EXEC] Action ActionType.PICK executed in 24.03 seconds
[SUCCESS] Action ActionType.PICK succeeded for object /column1
[LOG] Transition logged to MongoDB: 52d3385f-528b-49a2-9db8-afd10a8f226e - Episode 0
Selected action: Action(ActionType.PLACE, obj=/column1, slot=/region_0,grasp=GraspType.RIGHT_0) with motion param: left_0
here
[EXEC] Placing at [0.35, 0.8, 0.521] with grasp left_0

[INFO] Found 2368 potential configurations.
[INFO] Motion completed successfully with result: success,in execution time: 5.88 seconds
[INFO] Found a reachable configuration for place action after 1 attempts.
[INFO] Place action completed successfully.
realigning placed object /column1 to target position
[EXEC] Action ActionType.PLACE executed in 14.86 seconds
[SUCCESS] Action ActionType.PLACE succeeded for object /column1
[LOG] Transition logged to MongoDB: 52d3385f-528b-49a2-9db8-afd10a8f226e - Episode 0
Selected action: Action(ActionType.PICK, obj=/column0, slot=None,grasp=GraspType.RIGHT_0) with motion param: right_0
here
[EXEC] Picking /column0 with right_0
[ERROR] No IK configurations found for desired pick pose.
[EXEC] Action ActionType.PICK executed in 1.01 seconds
[ERROR] Action ActionType.PICK failed for object /column0
[LOG] Transition logged to MongoDB: 52d3385f-528b-49a2-9db8-afd10a8f226e - Episode 0
Selected action: Action(ActionType.PICK, obj=/column2, slot=None,grasp=GraspType.TOP_0) with motion param: front_270
here
[EXEC] Picking /column2 with front_270

[INFO] Found 3776 potential configurations.
[ERROR] Motion failed (collision or invalid path)
[ERROR] Motion result: no_path
[WARN] Failed to find a path to the selected pick config on attempt 1.
[WARN] No path found to picked config, discarding and trying next valid config...
[INFO] Motion completed successfully with result: success,in execution time: 5.28 seconds
[INFO] Found a reachable configuration for pick action after 2 attempts.
Tip distance after pick: 0.0207506534473276
[INFO] Pick action completed successfully.in execution time: 5.28 seconds
[EXEC] Action ActionType.PICK executed in 19.99 seconds
[SUCCESS] Action ActionType.PICK succeeded for object /column2
[LOG] Transition logged to MongoDB: 52d3385f-528b-49a2-9db8-afd10a8f226e - Episode 0
Selected action: Action(ActionType.PLACE, obj=/column2, slot=/region_1,grasp=GraspType.FRONT_270) with motion param: right_0
here
[EXEC] Placing at [0.6, 1.075, 0.5] with grasp right_0
[ERROR] No IK configurations found for desired place pose.
[EXEC] Action ActionType.PLACE executed in 1.01 seconds
[ERROR] Action ActionType.PLACE failed for object /column2
[LOG] Transition logged to MongoDB: 52d3385f-528b-49a2-9db8-afd10a8f226e - Episode 0
Selected action: Action(ActionType.PLACE, obj=/column2, slot=/goal_0,grasp=GraspType.RIGHT_0) with motion param: right_0
here
[EXEC] Placing at [-0.27499999999999986, 0.8250000000000005, 0.5] with grasp right_0

[INFO] Found 2560 potential configurations.
[INFO] Motion completed successfully with result: success,in execution time: 3.60 seconds
[INFO] Found a reachable configuration for place action after 1 attempts.
[INFO] Place action completed successfully.
realigning placed object /column2 to target position
[EXEC] Action ActionType.PLACE executed in 21.56 seconds
[SUCCESS] Action ActionType.PLACE succeeded for object /column2
[LOG] Transition logged to MongoDB: 52d3385f-528b-49a2-9db8-afd10a8f226e - Episode 0
Selected action: Action(ActionType.PICK, obj=/column0, slot=None,grasp=GraspType.RIGHT_0) with motion param: front_270
here
[EXEC] Picking /column0 with front_270

[INFO] Found 3776 potential configurations.
[INFO] Motion completed successfully with result: success,in execution time: 2.24 seconds
[INFO] Found a reachable configuration for pick action after 1 attempts.
Tip distance after pick: 0.20102643658247518
[ERROR] Grasped object lost during pick action.
[EXEC] Action ActionType.PICK executed in 14.20 seconds
[ERROR] Action ActionType.PICK failed for object /column0
[LOG] Transition contains 'unknown' state, not logging to MongoDB.
Selected action: Action(ActionType.PICK, obj=/column1, slot=None,grasp=GraspType.RIGHT_0) with motion param: left_0
here
[EXEC] Picking /column1 with left_0

[INFO] Found 3264 potential configurations.
[INFO] Motion completed successfully with result: success,in execution time: 6.32 seconds
[INFO] Found a reachable configuration for pick action after 1 attempts.
Tip distance after pick: 0.020660252550918308
[INFO] Pick action completed successfully.in execution time: 6.32 seconds
[EXEC] Action ActionType.PICK executed in 17.98 seconds
[SUCCESS] Action ActionType.PICK succeeded for object /column1
[LOG] Transition contains 'unknown' state, not logging to MongoDB.
Selected action: Action(ActionType.PLACE, obj=/column1, slot=/region_0,grasp=GraspType.LEFT_0) with motion param: front_270
here
[EXEC] Placing at [0.35, 0.8, 0.521] with grasp front_270

[INFO] Found 4096 potential configurations.
[INFO] Motion completed successfully with result: success,in execution time: 5.32 seconds
[INFO] Found a reachable configuration for place action after 1 attempts.
[INFO] Place action completed successfully.
realigning placed object /column1 to target position
[EXEC] Action ActionType.PLACE executed in 16.63 seconds
[SUCCESS] Action ActionType.PLACE succeeded for object /column1
[LOG] Transition contains 'unknown' state, not logging to MongoDB.
Selected action: Action(ActionType.PICK, obj=/column1, slot=None,grasp=GraspType.LEFT_0) with motion param: right_0
here
[EXEC] Picking /column1 with right_0

[INFO] Found 3904 potential configurations.
[INFO] Motion completed successfully with result: success,in execution time: 3.24 seconds
[INFO] Found a reachable configuration for pick action after 1 attempts.
Tip distance after pick: 0.019281313193033358
[INFO] Pick action completed successfully.in execution time: 3.24 seconds
[EXEC] Action ActionType.PICK executed in 17.66 seconds
[SUCCESS] Action ActionType.PICK succeeded for object /column1
[LOG] Transition contains 'unknown' state, not logging to MongoDB.
Selected action: Action(ActionType.PLACE, obj=/column1, slot=/region_2,grasp=GraspType.LEFT_0) with motion param: left_0
here
[EXEC] Placing at [0.6, 0.80001, 0.5] with grasp left_0

[INFO] Found 2496 potential configurations.
[INFO] Motion completed successfully with result: success,in execution time: 10.28 seconds
[INFO] Found a reachable configuration for place action after 1 attempts.
[INFO] Place action completed successfully.
realigning placed object /column1 to target position
[EXEC] Action ActionType.PLACE executed in 22.37 seconds
[SUCCESS] Action ActionType.PLACE succeeded for object /column1
[LOG] Transition contains 'unknown' state, not logging to MongoDB.
Selected action: Action(ActionType.PICK, obj=/column2, slot=None,grasp=GraspType.FRONT_270) with motion param: top_0
here
[EXEC] Picking /column2 with top_0

[INFO] Found 5376 potential configurations.
[ERROR] Motion failed (collision or invalid path)
[ERROR] Motion result: no_path
[WARN] Failed to find a path to the selected pick config on attempt 1.
[WARN] No path found to picked config, discarding and trying next valid config...
[INFO] Motion completed successfully with result: success,in execution time: 6.80 seconds
[INFO] Found a reachable configuration for pick action after 2 attempts.
Tip distance after pick: 0.028080653126121874
[INFO] Pick action completed successfully.in execution time: 6.80 seconds
[EXEC] Action ActionType.PICK executed in 37.11 seconds
[SUCCESS] Action ActionType.PICK succeeded for object /column2
[LOG] Transition contains 'unknown' state, not logging to MongoDB.
Selected action: Action(ActionType.PLACE, obj=/column2, slot=/goal_1,grasp=GraspType.TOP_0) with motion param: top_0
here
[EXEC] Placing at [-0.2749999999999999, 1.0750000000000006, 0.5] with grasp top_0

[INFO] Found 1792 potential configurations.
[INFO] Motion completed successfully with result: success,in execution time: 5.28 seconds
[INFO] Found a reachable configuration for place action after 1 attempts.
[INFO] Place action completed successfully.
realigning placed object /column2 to target position
[EXEC] Action ActionType.PLACE executed in 14.28 seconds
[SUCCESS] Action ActionType.PLACE succeeded for object /column2
[LOG] Transition contains 'unknown' state, not logging to MongoDB.
Selected action: Action(ActionType.PICK, obj=/column2, slot=None,grasp=GraspType.TOP_0) with motion param: top_0
here
[EXEC] Picking /column2 with top_0

[INFO] Found 1792 potential configurations.
[INFO] Motion completed successfully with result: success,in execution time: 1.80 seconds
[INFO] Found a reachable configuration for pick action after 1 attempts.
Tip distance after pick: 0.026612992814693835
[INFO] Pick action completed successfully.in execution time: 1.80 seconds
[EXEC] Action ActionType.PICK executed in 22.21 seconds
[SUCCESS] Action ActionType.PICK succeeded for object /column2
[LOG] Transition contains 'unknown' state, not logging to MongoDB.
Selected action: Action(ActionType.PLACE, obj=/column2, slot=/goal_0,grasp=GraspType.RIGHT_0) with motion param: front_270
here
[EXEC] Placing at [-0.27499999999999986, 0.8250000000000005, 0.5] with grasp front_270

[INFO] Found 3968 potential configurations.
[INFO] Motion completed successfully with result: success,in execution time: 4.24 seconds
[INFO] Found a reachable configuration for place action after 1 attempts.
[INFO] Place action completed successfully.
realigning placed object /column2 to target position
[EXEC] Action ActionType.PLACE executed in 18.50 seconds
[SUCCESS] Action ActionType.PLACE succeeded for object /column2
[LOG] Transition contains 'unknown' state, not logging to MongoDB.
Selected action: Action(ActionType.PICK, obj=/column2, slot=None,grasp=GraspType.TOP_0) with motion param: left_0
here
[EXEC] Picking /column2 with left_0

[INFO] Found 4544 potential configurations.
[ERROR] Motion failed (collision or invalid path)
[ERROR] Motion result: no_path
[WARN] Failed to find a path to the selected pick config on attempt 1.
[WARN] No path found to picked config, discarding and trying next valid config...
[INFO] Motion completed successfully with result: success,in execution time: 5.28 seconds
[INFO] Found a reachable configuration for pick action after 2 attempts.
Tip distance after pick: 0.019898227194389915
[INFO] Pick action completed successfully.in execution time: 5.28 seconds
[EXEC] Action ActionType.PICK executed in 31.44 seconds
[SUCCESS] Action ActionType.PICK succeeded for object /column2
[LOG] Transition contains 'unknown' state, not logging to MongoDB.
Selected action: Action(ActionType.PLACE, obj=/column2, slot=/region_1,grasp=GraspType.RIGHT_0) with motion param: right_0
here
[EXEC] Placing at [0.6, 1.075, 0.5] with grasp right_0
[ERROR] No IK configurations found for desired place pose.
[EXEC] Action ActionType.PLACE executed in 1.02 seconds
[ERROR] Action ActionType.PLACE failed for object /column2
[LOG] Transition contains 'unknown' state, not logging to MongoDB.
Selected action: Action(ActionType.PLACE, obj=/column2, slot=/region_0,grasp=GraspType.FRONT_270) with motion param: front_270
here
[EXEC] Placing at [0.35, 0.8, 0.521] with grasp front_270

[INFO] Found 2176 potential configurations.
[INFO] Motion completed successfully with result: success,in execution time: 8.32 seconds
[INFO] Found a reachable configuration for place action after 1 attempts.
[INFO] Place action completed successfully.
realigning placed object /column2 to target position
[EXEC] Action ActionType.PLACE executed in 19.64 seconds
[SUCCESS] Action ActionType.PLACE succeeded for object /column2
[LOG] Transition contains 'unknown' state, not logging to MongoDB.
Selected action: Action(ActionType.PICK, obj=/column0, slot=None,grasp=GraspType.FRONT_270) with motion param: right_0
here
[EXEC] Picking /column0 with right_0

[INFO] Found 3520 potential configurations.
[INFO] Motion completed successfully with result: success,in execution time: 2.24 seconds
[INFO] Found a reachable configuration for pick action after 1 attempts.
Tip distance after pick: 0.01988636442806161
[INFO] Pick action completed successfully.in execution time: 2.24 seconds
[EXEC] Action ActionType.PICK executed in 12.16 seconds
[SUCCESS] Action ActionType.PICK succeeded for object /column0
[LOG] Transition contains 'unknown' state, not logging to MongoDB.
Selected action: Action(ActionType.PLACE, obj=/column0, slot=/goal_0,grasp=GraspType.LEFT_0) with motion param: left_0
here
[EXEC] Placing at [-0.27499999999999986, 0.8250000000000005, 0.5] with grasp left_0

[INFO] Found 3840 potential configurations.
[WARN] No valid configuration found (all tested configs invalid).
[EXEC] Action ActionType.PLACE executed in 32.96 seconds
[ERROR] Action ActionType.PLACE failed for object /column0
[LOG] Transition logged to MongoDB: 52d3385f-528b-49a2-9db8-afd10a8f226e - Episode 0
Selected action: Action(ActionType.PLACE, obj=/column0, slot=/goal_2,grasp=GraspType.TOP_0) with motion param: left_0
here
[EXEC] Placing at [-0.6000000000000001, 0.8250000000000003, 0.5] with grasp left_0

[INFO] Found 2752 potential configurations.
[WARN] No valid configuration found (all tested configs invalid).
[EXEC] Action ActionType.PLACE executed in 2.01 seconds
[ERROR] Action ActionType.PLACE failed for object /column0
[LOG] Transition logged to MongoDB: 52d3385f-528b-49a2-9db8-afd10a8f226e - Episode 0
Selected action: Action(ActionType.PLACE, obj=/column0, slot=/region_1,grasp=GraspType.TOP_0) with motion param: left_0
here
[EXEC] Placing at [0.6, 1.075, 0.5] with grasp left_0

[INFO] Found 2112 potential configurations.
[WARN] No valid configuration found (all tested configs invalid).
[EXEC] Action ActionType.PLACE executed in 2.02 seconds
[ERROR] Action ActionType.PLACE failed for object /column0
[LOG] Transition logged to MongoDB: 52d3385f-528b-49a2-9db8-afd10a8f226e - Episode 0
Selected action: Action(ActionType.PLACE, obj=/column0, slot=/goal_0,grasp=GraspType.LEFT_0) with motion param: top_0
here
[EXEC] Placing at [-0.27499999999999986, 0.8250000000000005, 0.5] with grasp top_0

[INFO] Found 5312 potential configurations.
[INFO] Motion completed successfully with result: success,in execution time: 14.32 seconds
[INFO] Found a reachable configuration for place action after 1 attempts.
[INFO] Place action completed successfully.
realigning placed object /column0 to target position
[EXEC] Action ActionType.PLACE executed in 34.15 seconds
[SUCCESS] Action ActionType.PLACE succeeded for object /column0
[LOG] Transition logged to MongoDB: 52d3385f-528b-49a2-9db8-afd10a8f226e - Episode 0
Selected action: Action(ActionType.PICK, obj=/column0, slot=None,grasp=GraspType.RIGHT_0) with motion param: front_270
here
[EXEC] Picking /column0 with front_270

[INFO] Found 2944 potential configurations.
[INFO] Motion completed successfully with result: success,in execution time: 11.80 seconds
[INFO] Found a reachable configuration for pick action after 1 attempts.
Tip distance after pick: 0.02257211816591861
[INFO] Pick action completed successfully.in execution time: 11.80 seconds
[EXEC] Action ActionType.PICK executed in 20.73 seconds
[SUCCESS] Action ActionType.PICK succeeded for object /column0
[LOG] Transition logged to MongoDB: 52d3385f-528b-49a2-9db8-afd10a8f226e - Episode 0
Selected action: Action(ActionType.PLACE, obj=/column0, slot=/goal_2,grasp=GraspType.LEFT_0) with motion param: left_0
here
[EXEC] Placing at [-0.6000000000000001, 0.8250000000000003, 0.5] with grasp left_0

[INFO] Found 2880 potential configurations.
[WARN] No valid configuration found (all tested configs invalid).
[EXEC] Action ActionType.PLACE executed in 2.28 seconds
[ERROR] Action ActionType.PLACE failed for object /column0
[LOG] Transition logged to MongoDB: 52d3385f-528b-49a2-9db8-afd10a8f226e - Episode 0
Selected action: Action(ActionType.PLACE, obj=/column0, slot=/goal_0,grasp=GraspType.TOP_0) with motion param: left_0
here
[EXEC] Placing at [-0.27499999999999986, 0.8250000000000005, 0.5] with grasp left_0

[INFO] Found 5184 potential configurations.
[WARN] No valid configuration found (all tested configs invalid).
[EXEC] Action ActionType.PLACE executed in 44.44 seconds
[ERROR] Action ActionType.PLACE failed for object /column0
[LOG] Transition logged to MongoDB: 52d3385f-528b-49a2-9db8-afd10a8f226e - Episode 0
Selected action: Action(ActionType.PLACE, obj=/column0, slot=/goal_0,grasp=GraspType.LEFT_0) with motion param: front_270
here
[EXEC] Placing at [-0.27499999999999986, 0.8250000000000005, 0.5] with grasp front_270

[INFO] Found 4992 potential configurations.
[INFO] Motion completed successfully with result: success,in execution time: 0.56 seconds
[INFO] Found a reachable configuration for place action after 1 attempts.
[INFO] Place action completed successfully.
realigning placed object /column0 to target position
[EXEC] Action ActionType.PLACE executed in 16.69 seconds
[SUCCESS] Action ActionType.PLACE succeeded for object /column0
[LOG] Transition logged to MongoDB: 52d3385f-528b-49a2-9db8-afd10a8f226e - Episode 0
Selected action: Action(ActionType.PICK, obj=/column0, slot=None,grasp=GraspType.FRONT_270) with motion param: front_270
here
[EXEC] Picking /column0 with front_270

[INFO] Found 2688 potential configurations.
[INFO] Motion completed successfully with result: success,in execution time: 4.16 seconds
[INFO] Found a reachable configuration for pick action after 1 attempts.
Tip distance after pick: 0.019896036982769896
[INFO] Pick action completed successfully.in execution time: 4.16 seconds
[EXEC] Action ActionType.PICK executed in 14.57 seconds
[SUCCESS] Action ActionType.PICK succeeded for object /column0
[LOG] Transition logged to MongoDB: 52d3385f-528b-49a2-9db8-afd10a8f226e - Episode 0
Selected action: Action(ActionType.PLACE, obj=/column0, slot=/region_2,grasp=GraspType.FRONT_270) with motion param: front_270
here
[EXEC] Placing at [0.6, 0.80001, 0.5] with grasp front_270

[INFO] Found 4160 potential configurations.
[INFO] Motion completed successfully with result: success,in execution time: 0.48 seconds
[INFO] Found a reachable configuration for place action after 1 attempts.
[INFO] Place action completed successfully.
realigning placed object /column0 to target position
[EXEC] Action ActionType.PLACE executed in 16.39 seconds
[SUCCESS] Action ActionType.PLACE succeeded for object /column0
[LOG] Transition logged to MongoDB: 52d3385f-528b-49a2-9db8-afd10a8f226e - Episode 0
Selected action: Action(ActionType.PICK, obj=/column0, slot=None,grasp=GraspType.FRONT_270) with motion param: right_0
here
[EXEC] Picking /column0 with right_0
[ERROR] No IK configurations found for desired pick pose.
[EXEC] Action ActionType.PICK executed in 1.02 seconds
[ERROR] Action ActionType.PICK failed for object /column0
[LOG] Transition logged to MongoDB: 52d3385f-528b-49a2-9db8-afd10a8f226e - Episode 0
Selected action: Action(ActionType.PICK, obj=/column1, slot=None,grasp=GraspType.RIGHT_0) with motion param: top_0
here
[EXEC] Picking /column1 with top_0

[INFO] Found 4992 potential configurations.
[INFO] Motion completed successfully with result: success,in execution time: 4.24 seconds
[INFO] Found a reachable configuration for pick action after 1 attempts.
Tip distance after pick: 0.02779721925323826
[INFO] Pick action completed successfully.in execution time: 4.24 seconds
[EXEC] Action ActionType.PICK executed in 13.62 seconds
[SUCCESS] Action ActionType.PICK succeeded for object /column1
[LOG] Transition logged to MongoDB: 52d3385f-528b-49a2-9db8-afd10a8f226e - Episode 0
Selected action: Action(ActionType.PLACE, obj=/column1, slot=/region_0,grasp=GraspType.FRONT_270) with motion param: top_0
here
[EXEC] Placing at [0.35, 0.8, 0.521] with grasp top_0

[INFO] Found 4288 potential configurations.
[INFO] Motion completed successfully with result: success,in execution time: 0.56 seconds
[INFO] Found a reachable configuration for place action after 1 attempts.
[INFO] Place action completed successfully.
realigning placed object /column1 to target position
[EXEC] Action ActionType.PLACE executed in 14.21 seconds
[SUCCESS] Action ActionType.PLACE succeeded for object /column1
[LOG] Transition logged to MongoDB: 52d3385f-528b-49a2-9db8-afd10a8f226e - Episode 0
Selected action: Action(ActionType.PICK, obj=/column2, slot=None,grasp=GraspType.LEFT_0) with motion param: top_0
here
[EXEC] Picking /column2 with top_0

[INFO] Found 448 potential configurations.
[WARN] No valid configuration found (all tested configs invalid).
[EXEC] Action ActionType.PICK executed in 9.83 seconds
[ERROR] Action ActionType.PICK failed for object /column2
[LOG] Transition logged to MongoDB: 52d3385f-528b-49a2-9db8-afd10a8f226e - Episode 0
Selected action: Action(ActionType.PICK, obj=/column0, slot=None,grasp=GraspType.RIGHT_0) with motion param: top_0
here
[EXEC] Picking /column0 with top_0

[INFO] Found 2560 potential configurations.
[INFO] Motion completed successfully with result: success,in execution time: 1.56 seconds
[INFO] Found a reachable configuration for pick action after 1 attempts.
Tip distance after pick: 0.027057091566798887
[INFO] Pick action completed successfully.in execution time: 1.56 seconds
[EXEC] Action ActionType.PICK executed in 10.70 seconds
[SUCCESS] Action ActionType.PICK succeeded for object /column0
[LOG] Transition logged to MongoDB: 52d3385f-528b-49a2-9db8-afd10a8f226e - Episode 0
Selected action: Action(ActionType.PLACE, obj=/column0, slot=/goal_1,grasp=GraspType.LEFT_0) with motion param: left_0
here
[EXEC] Placing at [-0.2749999999999999, 1.0750000000000006, 0.5] with grasp left_0

[INFO] Found 1472 potential configurations.
[WARN] No valid configuration found (all tested configs invalid).
[EXEC] Action ActionType.PLACE executed in 10.77 seconds
[ERROR] Action ActionType.PLACE failed for object /column0
[LOG] Transition logged to MongoDB: 52d3385f-528b-49a2-9db8-afd10a8f226e - Episode 0
Selected action: Action(ActionType.PLACE, obj=/column0, slot=/goal_1,grasp=GraspType.LEFT_0) with motion param: right_0
here
[EXEC] Placing at [-0.2749999999999999, 1.0750000000000006, 0.5] with grasp right_0

[INFO] Found 1600 potential configurations.
[INFO] Motion completed successfully with result: success,in execution time: 7.96 seconds
[INFO] Found a reachable configuration for place action after 1 attempts.
[INFO] Place action completed successfully.
realigning placed object /column0 to target position
[EXEC] Action ActionType.PLACE executed in 19.97 seconds
[SUCCESS] Action ActionType.PLACE succeeded for object /column0
[LOG] Transition logged to MongoDB: 52d3385f-528b-49a2-9db8-afd10a8f226e - Episode 0
Selected action: Action(ActionType.PICK, obj=/column0, slot=None,grasp=GraspType.TOP_0) with motion param: top_0
here
[EXEC] Picking /column0 with top_0

[INFO] Found 1280 potential configurations.
[INFO] Motion completed successfully with result: success,in execution time: 3.36 seconds
[INFO] Found a reachable configuration for pick action after 1 attempts.
Tip distance after pick: 0.026253364981336968
[INFO] Pick action completed successfully.in execution time: 3.36 seconds
[EXEC] Action ActionType.PICK executed in 16.25 seconds
[SUCCESS] Action ActionType.PICK succeeded for object /column0
[LOG] Transition logged to MongoDB: 52d3385f-528b-49a2-9db8-afd10a8f226e - Episode 0
Selected action: Action(ActionType.PLACE, obj=/column0, slot=/goal_2,grasp=GraspType.LEFT_0) with motion param: top_0
here
[EXEC] Placing at [-0.6000000000000001, 0.8250000000000003, 0.5] with grasp top_0

[INFO] Found 4736 potential configurations.
[WARN] No valid configuration found (all tested configs invalid).
[EXEC] Action ActionType.PLACE executed in 3.50 seconds
[ERROR] Action ActionType.PLACE failed for object /column0
[LOG] Transition logged to MongoDB: 52d3385f-528b-49a2-9db8-afd10a8f226e - Episode 0
Selected action: Action(ActionType.PLACE, obj=/column0, slot=/region_2,grasp=GraspType.FRONT_270) with motion param: left_0
here
[EXEC] Placing at [0.6, 0.80001, 0.5] with grasp left_0

[INFO] Found 2176 potential configurations.
[ERROR] Motion failed (collision or invalid path)
[ERROR] Motion result: no_path
[WARN] Failed to find a path to the selected place config on attempt 1.
[WARN] No path found to selected place config, discarding and trying next valid config...
[INFO] Motion completed successfully with result: success,in execution time: 7.16 seconds
[INFO] Found a reachable configuration for place action after 2 attempts.
[INFO] Place action completed successfully.
realigning placed object /column0 to target position
[EXEC] Action ActionType.PLACE executed in 24.54 seconds
[SUCCESS] Action ActionType.PLACE succeeded for object /column0
[LOG] Transition logged to MongoDB: 52d3385f-528b-49a2-9db8-afd10a8f226e - Episode 0
Selected action: Action(ActionType.PICK, obj=/column1, slot=None,grasp=GraspType.TOP_0) with motion param: top_0
here
[EXEC] Picking /column1 with top_0

[INFO] Found 6208 potential configurations.
[INFO] Motion completed successfully with result: success,in execution time: 3.28 seconds
[INFO] Found a reachable configuration for pick action after 1 attempts.
Tip distance after pick: 0.027886394587997427
[INFO] Pick action completed successfully.in execution time: 3.28 seconds
[EXEC] Action ActionType.PICK executed in 18.69 seconds
[SUCCESS] Action ActionType.PICK succeeded for object /column1
[LOG] Transition logged to MongoDB: 52d3385f-528b-49a2-9db8-afd10a8f226e - Episode 0
Selected action: Action(ActionType.PLACE, obj=/column1, slot=/region_0,grasp=GraspType.TOP_0) with motion param: left_0
here
[EXEC] Placing at [0.35, 0.8, 0.521] with grasp left_0

[INFO] Found 3712 potential configurations.
[INFO] Motion completed successfully with result: success,in execution time: 3.28 seconds
[INFO] Found a reachable configuration for place action after 1 attempts.
[INFO] Place action completed successfully.
realigning placed object /column1 to target position
[EXEC] Action ActionType.PLACE executed in 21.88 seconds
[SUCCESS] Action ActionType.PLACE succeeded for object /column1
[LOG] Transition logged to MongoDB: 52d3385f-528b-49a2-9db8-afd10a8f226e - Episode 0
Selected action: Action(ActionType.PICK, obj=/column2, slot=None,grasp=GraspType.TOP_0) with motion param: front_270
here
[EXEC] Picking /column2 with front_270

[INFO] Found 2432 potential configurations.
[WARN] No valid configuration found (all tested configs invalid).
[EXEC] Action ActionType.PICK executed in 2.13 seconds
[ERROR] Action ActionType.PICK failed for object /column2
[LOG] Transition logged to MongoDB: 52d3385f-528b-49a2-9db8-afd10a8f226e - Episode 0
Selected action: Action(ActionType.PICK, obj=/column2, slot=None,grasp=GraspType.FRONT_270) with motion param: left_0
here
[EXEC] Picking /column2 with left_0

[INFO] Found 1536 potential configurations.
[WARN] No valid configuration found (all tested configs invalid).
[EXEC] Action ActionType.PICK executed in 1.71 seconds
[ERROR] Action ActionType.PICK failed for object /column2
[LOG] Transition logged to MongoDB: 52d3385f-528b-49a2-9db8-afd10a8f226e - Episode 0
Selected action: Action(ActionType.PICK, obj=/column0, slot=None,grasp=GraspType.TOP_0) with motion param: right_0
here
[EXEC] Picking /column0 with right_0
[ERROR] No IK configurations found for desired pick pose.
[EXEC] Action ActionType.PICK executed in 1.03 seconds
[ERROR] Action ActionType.PICK failed for object /column0
[LOG] Transition logged to MongoDB: 52d3385f-528b-49a2-9db8-afd10a8f226e - Episode 0
Selected action: Action(ActionType.PICK, obj=/column0, slot=None,grasp=GraspType.RIGHT_0) with motion param: front_270
here
[EXEC] Picking /column0 with front_270

[INFO] Found 2752 potential configurations.
[INFO] Motion completed successfully with result: success,in execution time: 10.32 seconds
[INFO] Found a reachable configuration for pick action after 1 attempts.
Tip distance after pick: 0.02006575966236763
[INFO] Pick action completed successfully.in execution time: 10.32 seconds
[EXEC] Action ActionType.PICK executed in 24.53 seconds
[SUCCESS] Action ActionType.PICK succeeded for object /column0
[LOG] Transition logged to MongoDB: 52d3385f-528b-49a2-9db8-afd10a8f226e - Episode 0
Selected action: Action(ActionType.PLACE, obj=/column0, slot=/goal_1,grasp=GraspType.RIGHT_0) with motion param: top_0
here
[EXEC] Placing at [-0.2749999999999999, 1.0750000000000006, 0.5] with grasp top_0

[INFO] Found 1408 potential configurations.
[INFO] Motion completed successfully with result: success,in execution time: 11.04 seconds
[INFO] Found a reachable configuration for place action after 1 attempts.
[INFO] Place action completed successfully.
realigning placed object /column0 to target position
[EXEC] Action ActionType.PLACE executed in 28.48 seconds
[SUCCESS] Action ActionType.PLACE succeeded for object /column0
[LOG] Transition logged to MongoDB: 52d3385f-528b-49a2-9db8-afd10a8f226e - Episode 0
Selected action: Action(ActionType.PICK, obj=/column1, slot=None,grasp=GraspType.TOP_0) with motion param: top_0
here
[EXEC] Picking /column1 with top_0

[INFO] Found 3264 potential configurations.
[ERROR] Motion failed (collision or invalid path)
[ERROR] Motion result: no_path
[WARN] Failed to find a path to the selected pick config on attempt 1.
[WARN] No path found to picked config, discarding and trying next valid config...
[INFO] Motion completed successfully with result: success,in execution time: 11.48 seconds
[INFO] Found a reachable configuration for pick action after 2 attempts.
Tip distance after pick: 0.027058982408206075
[INFO] Pick action completed successfully.in execution time: 11.48 seconds
[EXEC] Action ActionType.PICK executed in 28.13 seconds
[SUCCESS] Action ActionType.PICK succeeded for object /column1
[LOG] Transition logged to MongoDB: 52d3385f-528b-49a2-9db8-afd10a8f226e - Episode 0
Selected action: Action(ActionType.PLACE, obj=/column1, slot=/goal_0,grasp=GraspType.FRONT_270) with motion param: front_270
here
[EXEC] Placing at [-0.27499999999999986, 0.8250000000000005, 0.5] with grasp front_270

[INFO] Found 4160 potential configurations.
[INFO] Motion completed successfully with result: success,in execution time: 11.32 seconds
[INFO] Found a reachable configuration for place action after 1 attempts.
[INFO] Place action completed successfully.
realigning placed object /column1 to target position
[EXEC] Action ActionType.PLACE executed in 39.19 seconds
[SUCCESS] Action ActionType.PLACE succeeded for object /column1
[LOG] Transition logged to MongoDB: 52d3385f-528b-49a2-9db8-afd10a8f226e - Episode 0
Selected action: Action(ActionType.PICK, obj=/column0, slot=None,grasp=GraspType.FRONT_270) with motion param: top_0
here
[EXEC] Picking /column0 with top_0

[INFO] Found 1280 potential configurations.
[ERROR] Motion failed (collision or invalid path)
[ERROR] Motion result: no_path
[WARN] Failed to find a path to the selected pick config on attempt 1.
[WARN] No path found to picked config, discarding and trying next valid config...
[INFO] Motion completed successfully with result: success,in execution time: 7.08 seconds
[INFO] Found a reachable configuration for pick action after 2 attempts.
Tip distance after pick: 0.026775244698689277
[INFO] Pick action completed successfully.in execution time: 7.08 seconds
[EXEC] Action ActionType.PICK executed in 29.78 seconds
[SUCCESS] Action ActionType.PICK succeeded for object /column0
[LOG] Transition logged to MongoDB: 52d3385f-528b-49a2-9db8-afd10a8f226e - Episode 0
Selected action: Action(ActionType.PLACE, obj=/column0, slot=/goal_1,grasp=GraspType.TOP_0) with motion param: right_0
here
[EXEC] Placing at [-0.2749999999999999, 1.0750000000000006, 0.5] with grasp right_0

[INFO] Found 1728 potential configurations.
[INFO] Motion completed successfully with result: success,in execution time: 3.56 seconds
[INFO] Found a reachable configuration for place action after 1 attempts.
[INFO] Place action completed successfully.
realigning placed object /column0 to target position
[EXEC] Action ActionType.PLACE executed in 17.95 seconds
[SUCCESS] Action ActionType.PLACE succeeded for object /column0
[LOG] Transition logged to MongoDB: 52d3385f-528b-49a2-9db8-afd10a8f226e - Episode 0
Selected action: Action(ActionType.PICK, obj=/column2, slot=None,grasp=GraspType.LEFT_0) with motion param: front_270
here
[EXEC] Picking /column2 with front_270

[INFO] Found 3904 potential configurations.
[INFO] Motion completed successfully with result: success,in execution time: 10.56 seconds
[INFO] Found a reachable configuration for pick action after 1 attempts.
Tip distance after pick: 0.018528468034793057
[INFO] Pick action completed successfully.in execution time: 10.56 seconds
[EXEC] Action ActionType.PICK executed in 29.76 seconds
[SUCCESS] Action ActionType.PICK succeeded for object /column2
[LOG] Transition logged to MongoDB: 52d3385f-528b-49a2-9db8-afd10a8f226e - Episode 0
Selected action: Action(ActionType.PLACE, obj=/column2, slot=/region_1,grasp=GraspType.RIGHT_0) with motion param: right_0
here
[EXEC] Placing at [0.6, 1.075, 0.5] with grasp right_0
[ERROR] No IK configurations found for desired place pose.
[EXEC] Action ActionType.PLACE executed in 1.02 seconds
[ERROR] Action ActionType.PLACE failed for object /column2
[LOG] Transition logged to MongoDB: 52d3385f-528b-49a2-9db8-afd10a8f226e - Episode 0
Selected action: Action(ActionType.PLACE, obj=/column2, slot=/region_1,grasp=GraspType.RIGHT_0) with motion param: right_0
here
[EXEC] Placing at [0.6, 1.075, 0.5] with grasp right_0
[ERROR] No IK configurations found for desired place pose.
[EXEC] Action ActionType.PLACE executed in 1.01 seconds
[ERROR] Action ActionType.PLACE failed for object /column2
[LOG] Transition logged to MongoDB: 52d3385f-528b-49a2-9db8-afd10a8f226e - Episode 0
Selected action: Action(ActionType.PLACE, obj=/column2, slot=/region_0,grasp=GraspType.FRONT_270) with motion param: right_0
here
[EXEC] Placing at [0.35, 0.8, 0.521] with grasp right_0

[INFO] Found 4864 potential configurations.
[INFO] Motion completed successfully with result: success,in execution time: 3.08 seconds
[INFO] Found a reachable configuration for place action after 1 attempts.
[INFO] Place action completed successfully.
realigning placed object /column2 to target position
[EXEC] Action ActionType.PLACE executed in 19.12 seconds
[SUCCESS] Action ActionType.PLACE succeeded for object /column2
[LOG] Transition logged to MongoDB: 52d3385f-528b-49a2-9db8-afd10a8f226e - Episode 0
Selected action: Action(ActionType.PICK, obj=/column2, slot=None,grasp=GraspType.FRONT_270) with motion param: top_0
here
[EXEC] Picking /column2 with top_0

[INFO] Found 6464 potential configurations.
[INFO] Motion completed successfully with result: success,in execution time: 3.80 seconds
[INFO] Found a reachable configuration for pick action after 1 attempts.
Tip distance after pick: 0.028155456056189007
[INFO] Pick action completed successfully.in execution time: 3.80 seconds
[EXEC] Action ActionType.PICK executed in 12.43 seconds
[SUCCESS] Action ActionType.PICK succeeded for object /column2
[LOG] Transition logged to MongoDB: 52d3385f-528b-49a2-9db8-afd10a8f226e - Episode 0
Selected action: Action(ActionType.PLACE, obj=/column2, slot=/region_0,grasp=GraspType.RIGHT_0) with motion param: right_0
here
[EXEC] Placing at [0.35, 0.8, 0.521] with grasp right_0

[INFO] Found 3712 potential configurations.
[INFO] Motion completed successfully with result: success,in execution time: 3.12 seconds
[INFO] Found a reachable configuration for place action after 1 attempts.
[INFO] Place action completed successfully.
realigning placed object /column2 to target position
[EXEC] Action ActionType.PLACE executed in 15.52 seconds
[SUCCESS] Action ActionType.PLACE succeeded for object /column2
[LOG] Transition logged to MongoDB: 52d3385f-528b-49a2-9db8-afd10a8f226e - Episode 0
Selected action: Action(ActionType.PICK, obj=/column1, slot=None,grasp=GraspType.TOP_0) with motion param: right_0
here
[EXEC] Picking /column1 with right_0

[INFO] Found 3200 potential configurations.
[INFO] Motion completed successfully with result: success,in execution time: 6.60 seconds
[INFO] Found a reachable configuration for pick action after 1 attempts.
Tip distance after pick: 0.02052737266137721
[INFO] Pick action completed successfully.in execution time: 6.60 seconds
[EXEC] Action ActionType.PICK executed in 20.77 seconds
[SUCCESS] Action ActionType.PICK succeeded for object /column1
[LOG] Transition logged to MongoDB: 52d3385f-528b-49a2-9db8-afd10a8f226e - Episode 0
Selected action: Action(ActionType.PLACE, obj=/column1, slot=/goal_2,grasp=GraspType.RIGHT_0) with motion param: front_270
here
[EXEC] Placing at [-0.6000000000000001, 0.8250000000000003, 0.5] with grasp front_270

[INFO] Found 4864 potential configurations.
[WARN] No valid configuration found (all tested configs invalid).
[EXEC] Action ActionType.PLACE executed in 3.05 seconds
[ERROR] Action ActionType.PLACE failed for object /column1
[LOG] Transition logged to MongoDB: 52d3385f-528b-49a2-9db8-afd10a8f226e - Episode 0
Selected action: Action(ActionType.PLACE, obj=/column1, slot=/region_1,grasp=None) with motion param: top_0
here
[EXEC] Placing at [0.6, 1.075, 0.5] with grasp top_0

[INFO] Found 320 potential configurations.
[WARN] No valid configuration found (all tested configs invalid).
[EXEC] Action ActionType.PLACE executed in 1.19 seconds
[ERROR] Action ActionType.PLACE failed for object /column1
[LOG] Transition logged to MongoDB: 52d3385f-528b-49a2-9db8-afd10a8f226e - Episode 0
Selected action: Action(ActionType.PLACE, obj=/column1, slot=/goal_2,grasp=GraspType.FRONT_270) with motion param: right_0
here
[EXEC] Placing at [-0.6000000000000001, 0.8250000000000003, 0.5] with grasp right_0

[INFO] Found 2880 potential configurations.
[INFO] Motion completed successfully with result: success,in execution time: 1.52 seconds
[INFO] Found a reachable configuration for place action after 1 attempts.
[INFO] Place action completed successfully.
realigning placed object /column1 to target position
[EXEC] Action ActionType.PLACE executed in 17.48 seconds
[SUCCESS] Action ActionType.PLACE succeeded for object /column1
[LOG] Transition logged to MongoDB: 52d3385f-528b-49a2-9db8-afd10a8f226e - Episode 0
Selected action: Action(ActionType.PICK, obj=/column0, slot=None,grasp=GraspType.TOP_0) with motion param: top_0
here
[EXEC] Picking /column0 with top_0

[INFO] Found 2048 potential configurations.
[INFO] Motion completed successfully with result: success,in execution time: 3.68 seconds
[INFO] Found a reachable configuration for pick action after 1 attempts.
Tip distance after pick: 0.02646992746657698
[INFO] Pick action completed successfully.in execution time: 3.68 seconds
[EXEC] Action ActionType.PICK executed in 23.33 seconds
[SUCCESS] Action ActionType.PICK succeeded for object /column0
[LOG] Transition logged to MongoDB: 52d3385f-528b-49a2-9db8-afd10a8f226e - Episode 0
Selected action: Action(ActionType.PLACE, obj=/column0, slot=/region_1,grasp=GraspType.LEFT_0) with motion param: left_0
here
[EXEC] Placing at [0.6, 1.075, 0.5] with grasp left_0

[INFO] Found 1728 potential configurations.
[WARN] No valid configuration found (all tested configs invalid).
[EXEC] Action ActionType.PLACE executed in 1.99 seconds
[ERROR] Action ActionType.PLACE failed for object /column0
[LOG] Transition logged to MongoDB: 52d3385f-528b-49a2-9db8-afd10a8f226e - Episode 0
Selected action: Action(ActionType.PLACE, obj=/column0, slot=/region_1,grasp=GraspType.LEFT_0) with motion param: left_0
here
[EXEC] Placing at [0.6, 1.075, 0.5] with grasp left_0

[INFO] Found 1280 potential configurations.
[WARN] No valid configuration found (all tested configs invalid).
[EXEC] Action ActionType.PLACE executed in 1.78 seconds
[ERROR] Action ActionType.PLACE failed for object /column0
[LOG] Transition logged to MongoDB: 52d3385f-528b-49a2-9db8-afd10a8f226e - Episode 0
Selected action: Action(ActionType.PLACE, obj=/column0, slot=/region_2,grasp=GraspType.LEFT_0) with motion param: right_0
here
[EXEC] Placing at [0.6, 0.80001, 0.5] with grasp right_0
[ERROR] No IK configurations found for desired place pose.
[EXEC] Action ActionType.PLACE executed in 1.02 seconds
[ERROR] Action ActionType.PLACE failed for object /column0
[LOG] Transition logged to MongoDB: 52d3385f-528b-49a2-9db8-afd10a8f226e - Episode 0
Selected action: Action(ActionType.PLACE, obj=/column0, slot=/region_1,grasp=GraspType.LEFT_0) with motion param: right_0
here
[EXEC] Placing at [0.6, 1.075, 0.5] with grasp right_0
[ERROR] No IK configurations found for desired place pose.
[EXEC] Action ActionType.PLACE executed in 1.02 seconds
[ERROR] Action ActionType.PLACE failed for object /column0
[LOG] Transition logged to MongoDB: 52d3385f-528b-49a2-9db8-afd10a8f226e - Episode 0
Selected action: Action(ActionType.PLACE, obj=/column0, slot=/goal_0,grasp=GraspType.FRONT_270) with motion param: left_0
here
[EXEC] Placing at [-0.27499999999999986, 0.8250000000000005, 0.5] with grasp left_0

[INFO] Found 4032 potential configurations.
[WARN] No valid configuration found (all tested configs invalid).
[EXEC] Action ActionType.PLACE executed in 26.09 seconds
[ERROR] Action ActionType.PLACE failed for object /column0
[LOG] Transition logged to MongoDB: 52d3385f-528b-49a2-9db8-afd10a8f226e - Episode 0
Selected action: Action(ActionType.PLACE, obj=/column0, slot=/region_2,grasp=GraspType.RIGHT_0) with motion param: front_270
here
[EXEC] Placing at [0.6, 0.80001, 0.5] with grasp front_270

[INFO] Found 4608 potential configurations.
[INFO] Motion completed successfully with result: success,in execution time: 8.12 seconds
[INFO] Found a reachable configuration for place action after 1 attempts.
[INFO] Place action completed successfully.
realigning placed object /column0 to target position
[EXEC] Action ActionType.PLACE executed in 23.90 seconds
[SUCCESS] Action ActionType.PLACE succeeded for object /column0
[LOG] Transition logged to MongoDB: 52d3385f-528b-49a2-9db8-afd10a8f226e - Episode 0
Selected action: Action(ActionType.PICK, obj=/column2, slot=None,grasp=GraspType.TOP_0) with motion param: right_0
here
[EXEC] Picking /column2 with right_0

[INFO] Found 4480 potential configurations.
[WARN] No valid configuration found (all tested configs invalid).
[EXEC] Action ActionType.PICK executed in 3.54 seconds
[ERROR] Action ActionType.PICK failed for object /column2
[LOG] Transition logged to MongoDB: 52d3385f-528b-49a2-9db8-afd10a8f226e - Episode 0
Selected action: Action(ActionType.PICK, obj=/column1, slot=None,grasp=GraspType.RIGHT_0) with motion param: left_0
here
[EXEC] Picking /column1 with left_0
[ERROR] No IK configurations found for desired pick pose.
[EXEC] Action ActionType.PICK executed in 1.02 seconds
[ERROR] Action ActionType.PICK failed for object /column1
[LOG] Transition logged to MongoDB: 52d3385f-528b-49a2-9db8-afd10a8f226e - Episode 0
Selected action: Action(ActionType.PICK, obj=/column2, slot=None,grasp=GraspType.RIGHT_0) with motion param: left_0
here
[EXEC] Picking /column2 with left_0

[INFO] Found 4160 potential configurations.
[ERROR] Motion failed (collision or invalid path)
[ERROR] Motion result: no_path
[WARN] Failed to find a path to the selected pick config on attempt 1.
[WARN] No path found to picked config, discarding and trying next valid config...
[INFO] Motion completed successfully with result: success,in execution time: 6.24 seconds
[INFO] Found a reachable configuration for pick action after 2 attempts.
Tip distance after pick: 0.021225848582560543
[INFO] Pick action completed successfully.in execution time: 6.24 seconds
[EXEC] Action ActionType.PICK executed in 20.45 seconds
[SUCCESS] Action ActionType.PICK succeeded for object /column2
[LOG] Transition logged to MongoDB: 52d3385f-528b-49a2-9db8-afd10a8f226e - Episode 0
Selected action: Action(ActionType.PLACE, obj=/column2, slot=/region_0,grasp=GraspType.RIGHT_0) with motion param: left_0
here
[EXEC] Placing at [0.35, 0.8, 0.521] with grasp left_0

[INFO] Found 3520 potential configurations.
[INFO] Motion completed successfully with result: success,in execution time: 0.64 seconds
[INFO] Found a reachable configuration for place action after 1 attempts.
[INFO] Place action completed successfully.
realigning placed object /column2 to target position
[EXEC] Action ActionType.PLACE executed in 13.93 seconds
[SUCCESS] Action ActionType.PLACE succeeded for object /column2
[LOG] Transition logged to MongoDB: 52d3385f-528b-49a2-9db8-afd10a8f226e - Episode 0
Selected action: Action(ActionType.PICK, obj=/column1, slot=None,grasp=GraspType.LEFT_0) with motion param: top_0
here
[EXEC] Picking /column1 with top_0

[INFO] Found 4672 potential configurations.
[WARN] No valid configuration found (all tested configs invalid).
[EXEC] Action ActionType.PICK executed in 44.10 seconds
[ERROR] Action ActionType.PICK failed for object /column1
[LOG] Transition logged to MongoDB: 52d3385f-528b-49a2-9db8-afd10a8f226e - Episode 0
Selected action: Action(ActionType.PICK, obj=/column1, slot=None,grasp=GraspType.TOP_0) with motion param: front_270
here
[EXEC] Picking /column1 with front_270

[INFO] Found 4032 potential configurations.
[WARN] No valid configuration found (all tested configs invalid).
[EXEC] Action ActionType.PICK executed in 3.18 seconds
[ERROR] Action ActionType.PICK failed for object /column1
[LOG] Transition logged to MongoDB: 52d3385f-528b-49a2-9db8-afd10a8f226e - Episode 0
Selected action: Action(ActionType.PICK, obj=/column1, slot=None,grasp=GraspType.FRONT_270) with motion param: left_0
here
[EXEC] Picking /column1 with left_0
[ERROR] No IK configurations found for desired pick pose.
[EXEC] Action ActionType.PICK executed in 1.02 seconds
[ERROR] Action ActionType.PICK failed for object /column1
[LOG] Transition logged to MongoDB: 52d3385f-528b-49a2-9db8-afd10a8f226e - Episode 0
Selected action: Action(ActionType.PICK, obj=/column0, slot=None,grasp=GraspType.TOP_0) with motion param: left_0
here
[EXEC] Picking /column0 with left_0

[INFO] Found 3200 potential configurations.
[WARN] No valid configuration found (all tested configs invalid).
[EXEC] Action ActionType.PICK executed in 4.38 seconds
[ERROR] Action ActionType.PICK failed for object /column0
[LOG] Transition logged to MongoDB: 52d3385f-528b-49a2-9db8-afd10a8f226e - Episode 0
Selected action: Action(ActionType.PICK, obj=/column2, slot=None,grasp=GraspType.LEFT_0) with motion param: front_270
here
[EXEC] Picking /column2 with front_270

[INFO] Found 3520 potential configurations.
[INFO] Motion completed successfully with result: success,in execution time: 10.32 seconds
[INFO] Found a reachable configuration for pick action after 1 attempts.
Tip distance after pick: 0.02126501427999625
[INFO] Pick action completed successfully.in execution time: 10.32 seconds
[EXEC] Action ActionType.PICK executed in 31.61 seconds
[SUCCESS] Action ActionType.PICK succeeded for object /column2
[LOG] Transition logged to MongoDB: 52d3385f-528b-49a2-9db8-afd10a8f226e - Episode 0
Selected action: Action(ActionType.PLACE, obj=/column2, slot=/goal_1,grasp=GraspType.TOP_0) with motion param: left_0
here
[EXEC] Placing at [-0.2749999999999999, 1.0750000000000006, 0.5] with grasp left_0

[INFO] Found 1472 potential configurations.
[WARN] No valid configuration found (all tested configs invalid).
[EXEC] Action ActionType.PLACE executed in 8.01 seconds
[ERROR] Action ActionType.PLACE failed for object /column2
[LOG] Transition logged to MongoDB: 52d3385f-528b-49a2-9db8-afd10a8f226e - Episode 0
Selected action: Action(ActionType.PLACE, obj=/column2, slot=/region_1,grasp=GraspType.RIGHT_0) with motion param: right_0
here
[EXEC] Placing at [0.6, 1.075, 0.5] with grasp right_0
[ERROR] No IK configurations found for desired place pose.
[EXEC] Action ActionType.PLACE executed in 1.01 seconds
[ERROR] Action ActionType.PLACE failed for object /column2
[LOG] Transition logged to MongoDB: 52d3385f-528b-49a2-9db8-afd10a8f226e - Episode 0
Selected action: Action(ActionType.PLACE, obj=/column2, slot=/region_1,grasp=GraspType.RIGHT_0) with motion param: right_0
here
[EXEC] Placing at [0.6, 1.075, 0.5] with grasp right_0
[ERROR] No IK configurations found for desired place pose.
[EXEC] Action ActionType.PLACE executed in 1.02 seconds
[ERROR] Action ActionType.PLACE failed for object /column2
[LOG] Transition logged to MongoDB: 52d3385f-528b-49a2-9db8-afd10a8f226e - Episode 0
Selected action: Action(ActionType.PLACE, obj=/column2, slot=/region_1,grasp=GraspType.RIGHT_0) with motion param: top_0
here
[EXEC] Placing at [0.6, 1.075, 0.5] with grasp top_0

[INFO] Found 256 potential configurations.
[WARN] No valid configuration found (all tested configs invalid).
[EXEC] Action ActionType.PLACE executed in 1.16 seconds
[ERROR] Action ActionType.PLACE failed for object /column2
[LOG] Transition logged to MongoDB: 52d3385f-528b-49a2-9db8-afd10a8f226e - Episode 0
Selected action: Action(ActionType.PLACE, obj=/column2, slot=/goal_0,grasp=GraspType.FRONT_270) with motion param: left_0
here
[EXEC] Placing at [-0.27499999999999986, 0.8250000000000005, 0.5] with grasp left_0

[INFO] Found 5504 potential configurations.
[WARN] No valid configuration found (all tested configs invalid).
[EXEC] Action ActionType.PLACE executed in 34.29 seconds
[ERROR] Action ActionType.PLACE failed for object /column2
[LOG] Transition logged to MongoDB: 52d3385f-528b-49a2-9db8-afd10a8f226e - Episode 0
Selected action: Action(ActionType.PLACE, obj=/column2, slot=/goal_1,grasp=GraspType.LEFT_0) with motion param: left_0
here
[EXEC] Placing at [-0.2749999999999999, 1.0750000000000006, 0.5] with grasp left_0

[INFO] Found 1088 potential configurations.
[WARN] No valid configuration found (all tested configs invalid).
[EXEC] Action ActionType.PLACE executed in 5.68 seconds
[ERROR] Action ActionType.PLACE failed for object /column2
[LOG] Transition logged to MongoDB: 52d3385f-528b-49a2-9db8-afd10a8f226e - Episode 0
Selected action: Action(ActionType.PLACE, obj=/column2, slot=/goal_1,grasp=GraspType.LEFT_0) with motion param: left_0
here
[EXEC] Placing at [-0.2749999999999999, 1.0750000000000006, 0.5] with grasp left_0

[INFO] Found 640 potential configurations.
[WARN] No valid configuration found (all tested configs invalid).
[EXEC] Action ActionType.PLACE executed in 7.13 seconds
[ERROR] Action ActionType.PLACE failed for object /column2
[LOG] Transition logged to MongoDB: 52d3385f-528b-49a2-9db8-afd10a8f226e - Episode 0
Selected action: Action(ActionType.PLACE, obj=/column2, slot=/goal_1,grasp=GraspType.LEFT_0) with motion param: left_0
here
[EXEC] Placing at [-0.2749999999999999, 1.0750000000000006, 0.5] with grasp left_0

[INFO] Found 640 potential configurations.
[WARN] No valid configuration found (all tested configs invalid).
[EXEC] Action ActionType.PLACE executed in 5.34 seconds
[ERROR] Action ActionType.PLACE failed for object /column2
[LOG] Transition logged to MongoDB: 52d3385f-528b-49a2-9db8-afd10a8f226e - Episode 0
Selected action: Action(ActionType.PLACE, obj=/column2, slot=/goal_0,grasp=GraspType.LEFT_0) with motion param: left_0
here
[EXEC] Placing at [-0.27499999999999986, 0.8250000000000005, 0.5] with grasp left_0

[INFO] Found 3840 potential configurations.
[WARN] No valid configuration found (all tested configs invalid).
[EXEC] Action ActionType.PLACE executed in 28.12 seconds
[ERROR] Action ActionType.PLACE failed for object /column2
[LOG] Transition logged to MongoDB: 52d3385f-528b-49a2-9db8-afd10a8f226e - Episode 0
Selected action: Action(ActionType.PLACE, obj=/column2, slot=/region_1,grasp=GraspType.TOP_0) with motion param: left_0
here
[EXEC] Placing at [0.6, 1.075, 0.5] with grasp left_0

[INFO] Found 1728 potential configurations.
[WARN] No valid configuration found (all tested configs invalid).
[EXEC] Action ActionType.PLACE executed in 1.77 seconds
[ERROR] Action ActionType.PLACE failed for object /column2
[LOG] Transition logged to MongoDB: 52d3385f-528b-49a2-9db8-afd10a8f226e - Episode 0
Selected action: Action(ActionType.PLACE, obj=/column2, slot=/goal_0,grasp=GraspType.LEFT_0) with motion param: right_0
here
[EXEC] Placing at [-0.27499999999999986, 0.8250000000000005, 0.5] with grasp right_0

[INFO] Found 3648 potential configurations.
[INFO] Motion completed successfully with result: success,in execution time: 2.44 seconds
[INFO] Found a reachable configuration for place action after 1 attempts.
[INFO] Place action completed successfully.
realigning placed object /column2 to target position
[EXEC] Action ActionType.PLACE executed in 15.98 seconds
[SUCCESS] Action ActionType.PLACE succeeded for object /column2
[LOG] Transition logged to MongoDB: 52d3385f-528b-49a2-9db8-afd10a8f226e - Episode 0
Selected action: Action(ActionType.PICK, obj=/column2, slot=None,grasp=GraspType.FRONT_270) with motion param: top_0
here
[EXEC] Picking /column2 with top_0

[INFO] Found 4736 potential configurations.
[INFO] Motion completed successfully with result: success,in execution time: 3.68 seconds
[INFO] Found a reachable configuration for pick action after 1 attempts.
Tip distance after pick: 0.02811175995445852
[INFO] Pick action completed successfully.in execution time: 3.68 seconds
[EXEC] Action ActionType.PICK executed in 16.07 seconds
[SUCCESS] Action ActionType.PICK succeeded for object /column2
[LOG] Transition logged to MongoDB: 52d3385f-528b-49a2-9db8-afd10a8f226e - Episode 0
Selected action: Action(ActionType.PLACE, obj=/column2, slot=/region_1,grasp=GraspType.LEFT_0) with motion param: front_270
here
[EXEC] Placing at [0.6, 1.075, 0.5] with grasp front_270

[INFO] Found 2752 potential configurations.
[INFO] Motion completed successfully with result: success,in execution time: 8.00 seconds
[INFO] Found a reachable configuration for place action after 1 attempts.
[INFO] Place action completed successfully.
realigning placed object /column2 to target position
[EXEC] Action ActionType.PLACE executed in 29.41 seconds
[SUCCESS] Action ActionType.PLACE succeeded for object /column2
[LOG] Transition logged to MongoDB: 52d3385f-528b-49a2-9db8-afd10a8f226e - Episode 0
Selected action: Action(ActionType.PICK, obj=/column0, slot=None,grasp=GraspType.LEFT_0) with motion param: left_0
here
[EXEC] Picking /column0 with left_0

[INFO] Found 3584 potential configurations.
[INFO] Motion completed successfully with result: success,in execution time: 5.24 seconds
[INFO] Found a reachable configuration for pick action after 1 attempts.
Tip distance after pick: 0.020603764419508296
[INFO] Pick action completed successfully.in execution time: 5.24 seconds
[EXEC] Action ActionType.PICK executed in 18.08 seconds
[SUCCESS] Action ActionType.PICK succeeded for object /column0
[LOG] Transition logged to MongoDB: 52d3385f-528b-49a2-9db8-afd10a8f226e - Episode 0
Selected action: Action(ActionType.PLACE, obj=/column0, slot=/goal_1,grasp=GraspType.RIGHT_0) with motion param: top_0
here
[EXEC] Placing at [-0.2749999999999999, 1.0750000000000006, 0.5] with grasp top_0

[INFO] Found 896 potential configurations.
[INFO] Motion completed successfully with result: success,in execution time: 13.96 seconds
[INFO] Found a reachable configuration for place action after 1 attempts.
[INFO] Place action completed successfully.
realigning placed object /column0 to target position
[EXEC] Action ActionType.PLACE executed in 30.83 seconds
[SUCCESS] Action ActionType.PLACE succeeded for object /column0
[LOG] Transition logged to MongoDB: 52d3385f-528b-49a2-9db8-afd10a8f226e - Episode 0
Selected action: Action(ActionType.PICK, obj=/column0, slot=None,grasp=GraspType.LEFT_0) with motion param: right_0
here
[EXEC] Picking /column0 with right_0

[INFO] Found 1920 potential configurations.
[INFO] Motion completed successfully with result: success,in execution time: 3.36 seconds
[INFO] Found a reachable configuration for pick action after 1 attempts.
Tip distance after pick: 0.019180145139456685
[INFO] Pick action completed successfully.in execution time: 3.36 seconds
[EXEC] Action ActionType.PICK executed in 16.52 seconds
[SUCCESS] Action ActionType.PICK succeeded for object /column0
[LOG] Transition logged to MongoDB: 52d3385f-528b-49a2-9db8-afd10a8f226e - Episode 0
Selected action: Action(ActionType.PLACE, obj=/column0, slot=/goal_1,grasp=GraspType.TOP_0) with motion param: right_0
here
[EXEC] Placing at [-0.2749999999999999, 1.0750000000000006, 0.5] with grasp right_0

[INFO] Found 1472 potential configurations.
[INFO] Motion completed successfully with result: success,in execution time: 0.36 seconds
[INFO] Found a reachable configuration for place action after 1 attempts.
[INFO] Place action completed successfully.
realigning placed object /column0 to target position
[EXEC] Action ActionType.PLACE executed in 13.20 seconds
[SUCCESS] Action ActionType.PLACE succeeded for object /column0
[LOG] Transition logged to MongoDB: 52d3385f-528b-49a2-9db8-afd10a8f226e - Episode 0
Selected action: Action(ActionType.PICK, obj=/column2, slot=None,grasp=GraspType.TOP_0) with motion param: left_0
here
[EXEC] Picking /column2 with left_0

[INFO] Found 1152 potential configurations.
[WARN] No valid configuration found (all tested configs invalid).
[EXEC] Action ActionType.PICK executed in 1.49 seconds
[ERROR] Action ActionType.PICK failed for object /column2
[LOG] Transition logged to MongoDB: 52d3385f-528b-49a2-9db8-afd10a8f226e - Episode 0
Selected action: Action(ActionType.PICK, obj=/column1, slot=None,grasp=GraspType.LEFT_0) with motion param: left_0
here
[EXEC] Picking /column1 with left_0
[ERROR] No IK configurations found for desired pick pose.
[EXEC] Action ActionType.PICK executed in 1.02 seconds
[ERROR] Action ActionType.PICK failed for object /column1
[LOG] Transition logged to MongoDB: 52d3385f-528b-49a2-9db8-afd10a8f226e - Episode 0
Selected action: Action(ActionType.PICK, obj=/column2, slot=None,grasp=GraspType.LEFT_0) with motion param: top_0
here
[EXEC] Picking /column2 with top_0
[ERROR] No IK configurations found for desired pick pose.
[EXEC] Action ActionType.PICK executed in 1.02 seconds
[ERROR] Action ActionType.PICK failed for object /column2
[LOG] Transition logged to MongoDB: 52d3385f-528b-49a2-9db8-afd10a8f226e - Episode 0
Selected action: Action(ActionType.PICK, obj=/column2, slot=None,grasp=GraspType.TOP_0) with motion param: right_0
here
[EXEC] Picking /column2 with right_0
[ERROR] No IK configurations found for desired pick pose.
[EXEC] Action ActionType.PICK executed in 1.02 seconds
[ERROR] Action ActionType.PICK failed for object /column2
[LOG] Transition logged to MongoDB: 52d3385f-528b-49a2-9db8-afd10a8f226e - Episode 0
Selected action: Action(ActionType.PICK, obj=/column2, slot=None,grasp=GraspType.RIGHT_0) with motion param: right_0
here
[EXEC] Picking /column2 with right_0
[ERROR] No IK configurations found for desired pick pose.
[EXEC] Action ActionType.PICK executed in 1.02 seconds
[ERROR] Action ActionType.PICK failed for object /column2
[LOG] Transition logged to MongoDB: 52d3385f-528b-49a2-9db8-afd10a8f226e - Episode 0
Selected action: Action(ActionType.PICK, obj=/column0, slot=None,grasp=GraspType.RIGHT_0) with motion param: top_0
here
[EXEC] Picking /column0 with top_0

[INFO] Found 1600 potential configurations.
[INFO] Motion completed successfully with result: success,in execution time: 3.36 seconds
[INFO] Found a reachable configuration for pick action after 1 attempts.
Tip distance after pick: 0.026492288809509767
[INFO] Pick action completed successfully.in execution time: 3.36 seconds
[EXEC] Action ActionType.PICK executed in 18.53 seconds
[SUCCESS] Action ActionType.PICK succeeded for object /column0
[LOG] Transition logged to MongoDB: 52d3385f-528b-49a2-9db8-afd10a8f226e - Episode 0
Selected action: Action(ActionType.PLACE, obj=/column0, slot=/region_2,grasp=GraspType.FRONT_270) with motion param: top_0
here
[EXEC] Placing at [0.6, 0.80001, 0.5] with grasp top_0

[INFO] Found 2240 potential configurations.
[INFO] Motion completed successfully with result: success,in execution time: 10.32 seconds
[INFO] Found a reachable configuration for place action after 1 attempts.
[INFO] Place action completed successfully.
realigning placed object /column0 to target position
[EXEC] Action ActionType.PLACE executed in 31.94 seconds
[SUCCESS] Action ActionType.PLACE succeeded for object /column0
[LOG] Transition logged to MongoDB: 52d3385f-528b-49a2-9db8-afd10a8f226e - Episode 0
Selected action: Action(ActionType.PICK, obj=/column2, slot=None,grasp=GraspType.RIGHT_0) with motion param: left_0
here
[EXEC] Picking /column2 with left_0

[INFO] Found 1024 potential configurations.
[WARN] No valid configuration found (all tested configs invalid).
[EXEC] Action ActionType.PICK executed in 1.42 seconds
[ERROR] Action ActionType.PICK failed for object /column2
[LOG] Transition logged to MongoDB: 52d3385f-528b-49a2-9db8-afd10a8f226e - Episode 0
Selected action: Action(ActionType.PICK, obj=/column1, slot=None,grasp=GraspType.LEFT_0) with motion param: right_0
here
[EXEC] Picking /column1 with right_0

[INFO] Found 2176 potential configurations.
[INFO] Motion completed successfully with result: success,in execution time: 6.80 seconds
[INFO] Found a reachable configuration for pick action after 1 attempts.
Tip distance after pick: 0.020219032445925815
[INFO] Pick action completed successfully.in execution time: 6.80 seconds
[EXEC] Action ActionType.PICK executed in 21.41 seconds
[SUCCESS] Action ActionType.PICK succeeded for object /column1
[LOG] Transition logged to MongoDB: 52d3385f-528b-49a2-9db8-afd10a8f226e - Episode 0
Selected action: Action(ActionType.PLACE, obj=/column1, slot=/goal_2,grasp=GraspType.RIGHT_0) with motion param: right_0
here
[EXEC] Placing at [-0.6000000000000001, 0.8250000000000003, 0.5] with grasp right_0

[INFO] Found 2944 potential configurations.
[INFO] Motion completed successfully with result: success,in execution time: 0.40 seconds
[INFO] Found a reachable configuration for place action after 1 attempts.
[INFO] Place action completed successfully.
realigning placed object /column1 to target position
[EXEC] Action ActionType.PLACE executed in 21.84 seconds
[SUCCESS] Action ActionType.PLACE succeeded for object /column1
[LOG] Transition logged to MongoDB: 52d3385f-528b-49a2-9db8-afd10a8f226e - Episode 0
Selected action: Action(ActionType.PICK, obj=/column0, slot=None,grasp=GraspType.TOP_0) with motion param: top_0
here
[EXEC] Picking /column0 with top_0

[INFO] Found 2560 potential configurations.
[INFO] Motion completed successfully with result: success,in execution time: 7.24 seconds
[INFO] Found a reachable configuration for pick action after 1 attempts.
Tip distance after pick: 0.026140795083243577
[INFO] Pick action completed successfully.in execution time: 7.24 seconds
[EXEC] Action ActionType.PICK executed in 16.46 seconds
[SUCCESS] Action ActionType.PICK succeeded for object /column0
[LOG] Transition logged to MongoDB: 52d3385f-528b-49a2-9db8-afd10a8f226e - Episode 0
Selected action: Action(ActionType.PLACE, obj=/column0, slot=/goal_0,grasp=GraspType.LEFT_0) with motion param: left_0
here
[EXEC] Placing at [-0.27499999999999986, 0.8250000000000005, 0.5] with grasp left_0

[INFO] Found 4736 potential configurations.
[WARN] No valid configuration found (all tested configs invalid).
[EXEC] Action ActionType.PLACE executed in 27.97 seconds
[ERROR] Action ActionType.PLACE failed for object /column0
[LOG] Transition logged to MongoDB: 52d3385f-528b-49a2-9db8-afd10a8f226e - Episode 0
Selected action: Action(ActionType.PLACE, obj=/column0, slot=/goal_1,grasp=GraspType.RIGHT_0) with motion param: front_270
here
[EXEC] Placing at [-0.2749999999999999, 1.0750000000000006, 0.5] with grasp front_270

[INFO] Found 4800 potential configurations.
[INFO] Motion completed successfully with result: success,in execution time: 7.60 seconds
[INFO] Found a reachable configuration for place action after 1 attempts.
[INFO] Place action completed successfully.
realigning placed object /column0 to target position
[EXEC] Action ActionType.PLACE executed in 18.99 seconds
[SUCCESS] Action ActionType.PLACE succeeded for object /column0
[LOG] Transition logged to MongoDB: 52d3385f-528b-49a2-9db8-afd10a8f226e - Episode 0
Selected action: Action(ActionType.PICK, obj=/column1, slot=None,grasp=GraspType.RIGHT_0) with motion param: front_270
here
[EXEC] Picking /column1 with front_270

[INFO] Found 2816 potential configurations.
[WARN] No valid configuration found (all tested configs invalid).
[EXEC] Action ActionType.PICK executed in 2.78 seconds
[ERROR] Action ActionType.PICK failed for object /column1
[LOG] Transition logged to MongoDB: 52d3385f-528b-49a2-9db8-afd10a8f226e - Episode 0
Selected action: Action(ActionType.PICK, obj=/column0, slot=None,grasp=GraspType.TOP_0) with motion param: right_0
here
[EXEC] Picking /column0 with right_0

[INFO] Found 704 potential configurations.
[INFO] Motion completed successfully with result: success,in execution time: 3.68 seconds
[INFO] Found a reachable configuration for pick action after 1 attempts.
Tip distance after pick: 0.01824326312899905
[INFO] Pick action completed successfully.in execution time: 3.68 seconds
[EXEC] Action ActionType.PICK executed in 16.73 seconds
[SUCCESS] Action ActionType.PICK succeeded for object /column0
[LOG] Transition logged to MongoDB: 52d3385f-528b-49a2-9db8-afd10a8f226e - Episode 0
Selected action: Action(ActionType.PLACE, obj=/column0, slot=/region_0,grasp=GraspType.LEFT_0) with motion param: right_0
here
[EXEC] Placing at [0.35, 0.8, 0.521] with grasp right_0

[INFO] Found 4864 potential configurations.
[INFO] Motion completed successfully with result: success,in execution time: 9.60 seconds
[INFO] Found a reachable configuration for place action after 1 attempts.
[INFO] Place action completed successfully.
realigning placed object /column0 to target position
[EXEC] Action ActionType.PLACE executed in 23.36 seconds
[SUCCESS] Action ActionType.PLACE succeeded for object /column0
[LOG] Transition logged to MongoDB: 52d3385f-528b-49a2-9db8-afd10a8f226e - Episode 0
Selected action: Action(ActionType.PICK, obj=/column2, slot=None,grasp=GraspType.LEFT_0) with motion param: front_270
here
[EXEC] Picking /column2 with front_270

[INFO] Found 2496 potential configurations.
[INFO] Motion completed successfully with result: success,in execution time: 3.04 seconds
[INFO] Found a reachable configuration for pick action after 1 attempts.
Tip distance after pick: 0.0191825485611715
[INFO] Pick action completed successfully.in execution time: 3.04 seconds
[EXEC] Action ActionType.PICK executed in 12.23 seconds
[SUCCESS] Action ActionType.PICK succeeded for object /column2
[LOG] Transition logged to MongoDB: 52d3385f-528b-49a2-9db8-afd10a8f226e - Episode 0
Selected action: Action(ActionType.PLACE, obj=/column2, slot=/goal_1,grasp=GraspType.LEFT_0) with motion param: left_0
here
[EXEC] Placing at [-0.2749999999999999, 1.0750000000000006, 0.5] with grasp left_0

[INFO] Found 832 potential configurations.
[WARN] No valid configuration found (all tested configs invalid).
[EXEC] Action ActionType.PLACE executed in 5.74 seconds
[ERROR] Action ActionType.PLACE failed for object /column2
[LOG] Transition logged to MongoDB: 52d3385f-528b-49a2-9db8-afd10a8f226e - Episode 0
Selected action: Action(ActionType.PLACE, obj=/column2, slot=/goal_1,grasp=GraspType.LEFT_0) with motion param: right_0
here
[EXEC] Placing at [-0.2749999999999999, 1.0750000000000006, 0.5] with grasp right_0

[INFO] Found 2112 potential configurations.
[WARN] No valid configuration found (all tested configs invalid).
[EXEC] Action ActionType.PLACE executed in 3.43 seconds
[ERROR] Action ActionType.PLACE failed for object /column2
[LOG] Transition logged to MongoDB: 52d3385f-528b-49a2-9db8-afd10a8f226e - Episode 0
Selected action: Action(ActionType.PLACE, obj=/column2, slot=/region_1,grasp=GraspType.FRONT_270) with motion param: left_0
here
[EXEC] Placing at [0.6, 1.075, 0.5] with grasp left_0

[INFO] Found 1280 potential configurations.
[WARN] No valid configuration found (all tested configs invalid).
[EXEC] Action ActionType.PLACE executed in 1.80 seconds
[ERROR] Action ActionType.PLACE failed for object /column2
[LOG] Transition logged to MongoDB: 52d3385f-528b-49a2-9db8-afd10a8f226e - Episode 0
Selected action: Action(ActionType.PLACE, obj=/column2, slot=/region_1,grasp=GraspType.LEFT_0) with motion param: top_0
here
[EXEC] Placing at [0.6, 1.075, 0.5] with grasp top_0

[INFO] Found 128 potential configurations.
[WARN] No valid configuration found (all tested configs invalid).
[EXEC] Action ActionType.PLACE executed in 1.10 seconds
[ERROR] Action ActionType.PLACE failed for object /column2
[LOG] Transition logged to MongoDB: 52d3385f-528b-49a2-9db8-afd10a8f226e - Episode 0
Selected action: Action(ActionType.PLACE, obj=/column2, slot=/goal_0,grasp=GraspType.RIGHT_0) with motion param: right_0
here
[EXEC] Placing at [-0.27499999999999986, 0.8250000000000005, 0.5] with grasp right_0

[INFO] Found 3200 potential configurations.
[INFO] Motion completed successfully with result: success,in execution time: 12.28 seconds
[INFO] Found a reachable configuration for place action after 1 attempts.
[INFO] Place action completed successfully.
realigning placed object /column2 to target position
[EXEC] Action ActionType.PLACE executed in 33.38 seconds
[SUCCESS] Action ActionType.PLACE succeeded for object /column2
[LOG] Transition logged to MongoDB: 52d3385f-528b-49a2-9db8-afd10a8f226e - Episode 0
Selected action: Action(ActionType.PICK, obj=/column0, slot=None,grasp=GraspType.RIGHT_0) with motion param: right_0
here
[EXEC] Picking /column0 with right_0

[INFO] Found 4992 potential configurations.
[INFO] Motion completed successfully with result: success,in execution time: 5.60 seconds
[INFO] Found a reachable configuration for pick action after 1 attempts.
Tip distance after pick: 0.019818536409964914
[INFO] Pick action completed successfully.in execution time: 5.60 seconds
[EXEC] Action ActionType.PICK executed in 18.41 seconds
[SUCCESS] Action ActionType.PICK succeeded for object /column0
[LOG] Transition logged to MongoDB: 52d3385f-528b-49a2-9db8-afd10a8f226e - Episode 0
Selected action: Action(ActionType.PLACE, obj=/column0, slot=/region_2,grasp=GraspType.TOP_0) with motion param: left_0
here
[EXEC] Placing at [0.6, 0.80001, 0.5] with grasp left_0

[INFO] Found 2560 potential configurations.
[INFO] Motion completed successfully with result: success,in execution time: 12.20 seconds
[INFO] Found a reachable configuration for place action after 1 attempts.
[INFO] Place action completed successfully.
realigning placed object /column0 to target position
[EXEC] Action ActionType.PLACE executed in 27.80 seconds
[SUCCESS] Action ActionType.PLACE succeeded for object /column0
[LOG] Transition logged to MongoDB: 52d3385f-528b-49a2-9db8-afd10a8f226e - Episode 0
Selected action: Action(ActionType.PICK, obj=/column2, slot=None,grasp=GraspType.FRONT_270) with motion param: left_0
here
[EXEC] Picking /column2 with left_0

[INFO] Found 3840 potential configurations.
[WARN] No valid configuration found (all tested configs invalid).
[EXEC] Action ActionType.PICK executed in 3.33 seconds
[ERROR] Action ActionType.PICK failed for object /column2
[LOG] Transition logged to MongoDB: 52d3385f-528b-49a2-9db8-afd10a8f226e - Episode 0
Selected action: Action(ActionType.PICK, obj=/column2, slot=None,grasp=GraspType.LEFT_0) with motion param: front_270
here
[EXEC] Picking /column2 with front_270

[INFO] Found 3840 potential configurations.
[INFO] Motion completed successfully with result: success,in execution time: 11.88 seconds
[INFO] Found a reachable configuration for pick action after 1 attempts.
Tip distance after pick: 0.021877299053126856
[INFO] Pick action completed successfully.in execution time: 11.88 seconds
[EXEC] Action ActionType.PICK executed in 39.98 seconds
[SUCCESS] Action ActionType.PICK succeeded for object /column2
[LOG] Transition logged to MongoDB: 52d3385f-528b-49a2-9db8-afd10a8f226e - Episode 0
Selected action: Action(ActionType.PLACE, obj=/column2, slot=/region_1,grasp=GraspType.TOP_0) with motion param: right_0
here
[EXEC] Placing at [0.6, 1.075, 0.5] with grasp right_0
[ERROR] No IK configurations found for desired place pose.
[EXEC] Action ActionType.PLACE executed in 1.03 seconds
[ERROR] Action ActionType.PLACE failed for object /column2
[LOG] Transition logged to MongoDB: 52d3385f-528b-49a2-9db8-afd10a8f226e - Episode 0
Selected action: Action(ActionType.PLACE, obj=/column2, slot=/goal_0,grasp=GraspType.RIGHT_0) with motion param: left_0
here
[EXEC] Placing at [-0.27499999999999986, 0.8250000000000005, 0.5] with grasp left_0

[INFO] Found 4224 potential configurations.
[WARN] No valid configuration found (all tested configs invalid).
[EXEC] Action ActionType.PLACE executed in 25.70 seconds
[ERROR] Action ActionType.PLACE failed for object /column2
[LOG] Transition logged to MongoDB: 52d3385f-528b-49a2-9db8-afd10a8f226e - Episode 0
Selected action: Action(ActionType.PLACE, obj=/column2, slot=/region_1,grasp=GraspType.RIGHT_0) with motion param: right_0
here
[EXEC] Placing at [0.6, 1.075, 0.5] with grasp right_0
[ERROR] No IK configurations found for desired place pose.
[EXEC] Action ActionType.PLACE executed in 1.01 seconds
[ERROR] Action ActionType.PLACE failed for object /column2
[LOG] Transition logged to MongoDB: 52d3385f-528b-49a2-9db8-afd10a8f226e - Episode 0
Selected action: Action(ActionType.PLACE, obj=/column2, slot=/goal_1,grasp=GraspType.RIGHT_0) with motion param: left_0
here
[EXEC] Placing at [-0.2749999999999999, 1.0750000000000006, 0.5] with grasp left_0

[INFO] Found 768 potential configurations.
[WARN] No valid configuration found (all tested configs invalid).
[EXEC] Action ActionType.PLACE executed in 6.96 seconds
[ERROR] Action ActionType.PLACE failed for object /column2
[LOG] Transition logged to MongoDB: 52d3385f-528b-49a2-9db8-afd10a8f226e - Episode 0
Selected action: Action(ActionType.PLACE, obj=/column2, slot=/region_0,grasp=GraspType.LEFT_0) with motion param: top_0
here
[EXEC] Placing at [0.35, 0.8, 0.521] with grasp top_0

[INFO] Found 4416 potential configurations.
[INFO] Motion completed successfully with result: success,in execution time: 4.24 seconds
[INFO] Found a reachable configuration for place action after 1 attempts.
[INFO] Place action completed successfully.
realigning placed object /column2 to target position
[EXEC] Action ActionType.PLACE executed in 21.48 seconds
[SUCCESS] Action ActionType.PLACE succeeded for object /column2
[LOG] Transition logged to MongoDB: 52d3385f-528b-49a2-9db8-afd10a8f226e - Episode 0
Selected action: Action(ActionType.PICK, obj=/column1, slot=None,grasp=GraspType.FRONT_270) with motion param: left_0
here
[EXEC] Picking /column1 with left_0
[ERROR] No IK configurations found for desired pick pose.
[EXEC] Action ActionType.PICK executed in 1.02 seconds
[ERROR] Action ActionType.PICK failed for object /column1
[LOG] Transition logged to MongoDB: 52d3385f-528b-49a2-9db8-afd10a8f226e - Episode 0
Selected action: Action(ActionType.PICK, obj=/column2, slot=None,grasp=GraspType.FRONT_270) with motion param: right_0
here
[EXEC] Picking /column2 with right_0

[INFO] Found 3904 potential configurations.
[WARN] No valid configuration found (all tested configs invalid).
[EXEC] Action ActionType.PICK executed in 4.30 seconds
[ERROR] Action ActionType.PICK failed for object /column2
[LOG] Transition logged to MongoDB: 52d3385f-528b-49a2-9db8-afd10a8f226e - Episode 0
Selected action: Action(ActionType.PICK, obj=/column1, slot=None,grasp=GraspType.LEFT_0) with motion param: top_0
here
[EXEC] Picking /column1 with top_0

[INFO] Found 4992 potential configurations.
[WARN] No valid configuration found (all tested configs invalid).
[EXEC] Action ActionType.PICK executed in 32.22 seconds
[ERROR] Action ActionType.PICK failed for object /column1
[LOG] Transition logged to MongoDB: 52d3385f-528b-49a2-9db8-afd10a8f226e - Episode 0
Time taken for random data collection: 4804.7099006175995 seconds
