Warning: Ignoring XDG_SESSION_TYPE=wayland on Gnome. Use QT_QPA_PLATFORM=wayland to run on Wayland anyway.
Warning: Ignoring XDG_SESSION_TYPE=wayland on Gnome. Use QT_QPA_PLATFORM=wayland to run on Wayland anyway.
[CoppeliaSimClient]   loading the CoppeliaSim library...
[CoppeliaSimClient:loadinfo]   done.
[CoppeliaSimClient:loadinfo]   launching CoppeliaSim...
[CoppeliaSim:loadinfo]   Application directory is /home/kolletms/CoppeliaSim_Edu_V4_10_0_rev0_Ubuntu22_04
[CoppeliaSim:loadinfo]   user settings file is /home/kolletms/.CoppeliaSim/usrset.txt
[CoppeliaSim:loadinfo]   CoppeliaSim v4.10.0 (rev. 0), flavor: 1, linux
[CoppeliaSim:loadinfo]   ds:   0
[CoppeliaSim:loadinfo]   msnd: 1
[CoppeliaSim:loadinfo]   ms:   1
[CoppeliaSim:loadinfo]   midx: 5000-91EB-FFC4-9CCA-F764-C71D
[CoppeliaSim:loadinfo]   did:  
[CoppeliaSim:loadinfo]   mid0: FC97-7379-1C16-0023-1C17-0101
[CoppeliaSim:loadinfo]   mid1: FC9773791C1600231C17
[CoppeliaSim:loadinfo]   mid2: 7AB7966CC9EF9BB7FD7FEC7D769DC7BA
[CoppeliaSim:loadinfo]   mid3: 04E3981EA27E99B4CE66
[CoppeliaSim:loadinfo]   k:    687FFE88B3DF088E5DDD414A
[CoppeliaSim:loadinfo]   plugin simIK0: loading...
[CoppeliaSim:loadinfo]   plugin simIK0: done.
[CoppeliaSim:loadinfo]   primary screen physical dots per inch: 165
[CoppeliaSim:loadinfo]   display scaling (guessed): 100
[CoppeliaSim:loadinfo]   simulator launched.
[CoppeliaSim:loadinfo]   plugin 'BWF': loading...
[CoppeliaSim:loadinfo]   plugin 'BWF': load succeeded.
[CoppeliaSim:loadinfo]   plugin 'RemoteApi': loading...
[CoppeliaSim:loadinfo]   plugin 'RemoteApi': load succeeded.
[CoppeliaSim:loadinfo]   SK:   687FFE88B3DF088E5DDD414A
[CoppeliaSim:loadinfo]   initializing the sandbox script...
[sandboxScript:loadinfo]   plugin simZMQ: loading...
[sandboxScript:loadinfo]   plugin simZMQ: done.
[sandboxScript:loadinfo]   plugin simSubprocess: loading...
[sandboxScript:loadinfo]   plugin simSubprocess: done.
[sandboxScript:info]   Simulator launched, welcome! 
[CoppeliaSim:loadinfo]   sandbox script initialized.
[CoppeliaSim:loadinfo]   add-on '3D text generator.lua' was loaded.
[CoppeliaSim:loadinfo]   add-on 'Add-on edit.lua' was loaded.
[CoppeliaSim:loadinfo]   add-on 'Alias change.lua' was loaded.
[CoppeliaSim:loadinfo]   add-on 'Animation capture.lua' was loaded.
[CoppeliaSim:loadinfo]   add-on 'B0 remote Api server.lua' was loaded.
[CoppeliaSim:loadinfo]   add-on 'Button action.lua' was loaded.
[CoppeliaSim:loadinfo]   add-on 'Collision check.lua' was loaded.
[CoppeliaSim:loadinfo]   add-on 'Color changer.lua' was loaded.
[CoppeliaSim:loadinfo]   add-on 'Commander.lua' was loaded.
[CoppeliaSim:loadinfo]   add-on 'Contact display.lua' was loaded.
[CoppeliaSim:loadinfo]   add-on 'Convex decomposition hacd.lua' was loaded.
[CoppeliaSim:loadinfo]   add-on 'Convex decomposition vhacd.lua' was loaded.
[CoppeliaSim:loadinfo]   add-on 'Convex hull.lua' was loaded.
[CoppeliaSim:loadinfo]   add-on 'Create dummies on mesh surface.lua' was loaded.
[CoppeliaSim:loadinfo]   add-on 'Define joint group.lua' was loaded.
[CoppeliaSim:loadinfo]   add-on 'Denavit Hartenberg creator.lua' was loaded.
[CoppeliaSim:loadinfo]   add-on 'Denavit Hartenberg extractor.lua' was loaded.
[CoppeliaSim:loadinfo]   add-on 'Distance check.lua' was loaded.
[CoppeliaSim:loadinfo]   add-on 'Distribute objects uniformly.lua' was loaded.
[CoppeliaSim:loadinfo]   add-on 'Event viewer.lua' was loaded.
[CoppeliaSim:loadinfo]   add-on 'Events capture.lua' was loaded.
[CoppeliaSim:loadinfo]   add-on 'Events dump exporter.lua' was loaded.
[CoppeliaSim:loadinfo]   add-on 'External model auto reload.lua' was loaded.
[CoppeliaSim:loadinfo]   add-on 'External model auto save.lua' was loaded.
[CoppeliaSim:loadinfo]   add-on 'External model load.lua' was loaded.
[CoppeliaSim:loadinfo]   add-on 'External model reload selected.lua' was loaded.
[CoppeliaSim:loadinfo]   add-on 'External model save.lua' was loaded.
[CoppeliaSim:loadinfo]   add-on 'Find in scripts.lua' was loaded.
[CoppeliaSim:loadinfo]   add-on 'Find midpoint.lua' was loaded.
[CoppeliaSim:loadinfo]   add-on 'Floor plan importer.lua' was loaded.
[CoppeliaSim:loadinfo]   add-on 'GLTF animation exporter.lua' was loaded.
[CoppeliaSim:loadinfo]   add-on 'GLTF exporter.lua' was loaded.
[CoppeliaSim:loadinfo]   add-on 'Inverse Kinematics > generator.lua' was loaded.
[CoppeliaSim:loadinfo]   add-on 'Isometric scaling.lua' was loaded.
[CoppeliaSim:loadinfo]   add-on 'Joint tool.lua' was loaded.
[CoppeliaSim:loadinfo]   add-on 'LDraw importer.lua' was loaded.
[CoppeliaSim:loadinfo]   add-on 'Make objects same appearance.lua' was loaded.
[CoppeliaSim:loadinfo]   add-on 'Measure distance and direction.lua' was loaded.
[CoppeliaSim:loadinfo]   add-on 'Mesh decimation.lua' was loaded.
[CoppeliaSim:loadinfo]   add-on 'Mesh difference.lua' was loaded.
[CoppeliaSim:loadinfo]   add-on 'Mesh intersection.lua' was loaded.
[CoppeliaSim:loadinfo]   add-on 'Mesh subdivision.lua' was loaded.
[CoppeliaSim:loadinfo]   add-on 'Mesh symmetric difference.lua' was loaded.
[CoppeliaSim:loadinfo]   add-on 'Mesh union.lua' was loaded.
[CoppeliaSim:loadinfo]   add-on 'Message viewer.lua' was loaded.
[CoppeliaSim:loadinfo]   add-on 'Minimalistic exporter.lua' was loaded.
[CoppeliaSim:loadinfo]   add-on 'Minimalistic importer.lua' was loaded.
[CoppeliaSim:loadinfo]   add-on 'Motion Planning generator.lua' was loaded.
[CoppeliaSim:loadinfo]   add-on 'Notepad++ autocompletion.lua' was loaded.
[CoppeliaSim:loadinfo]   add-on 'Pause Stop Simulation on Condition.lua' was loaded.
[CoppeliaSim:loadinfo]   add-on 'Plugin enumerator.lua' was loaded.
[CoppeliaSim:loadinfo]   add-on 'Point cloud importer.lua' was loaded.
[CoppeliaSim:loadinfo]   add-on 'Point sampler interactive.lua' was loaded.
[CoppeliaSim:loadinfo]   add-on 'Point sampler service.lua' was loaded.
[CoppeliaSim:loadinfo]   add-on 'Property explorer.lua' was loaded.
[CoppeliaSim:loadinfo]   add-on 'PyRep.lua' was loaded.
[CoppeliaSim:loadinfo]   add-on 'Referenced handles explorer.lua' was loaded.
[CoppeliaSim:loadinfo]   add-on 'Referenced handles highlight.lua' was loaded.
[CoppeliaSim:loadinfo]   add-on 'Screenshot tool.lua' was loaded.
[CoppeliaSim:loadinfo]   add-on 'Script capture.lua' was loaded.
[CoppeliaSim:loadinfo]   add-on 'SDF importer.lua' was loaded.
[CoppeliaSim:loadinfo]   add-on 'Simulation stepper.lua' was loaded.
[CoppeliaSim:loadinfo]   add-on 'Subdivide large triangles.lua' was loaded.
[CoppeliaSim:loadinfo]   add-on 'Surface reconstruction.lua' was loaded.
[CoppeliaSim:loadinfo]   add-on 'Translate to align vertex.lua' was loaded.
[CoppeliaSim:loadinfo]   add-on 'URDF exporter.lua' was loaded.
[CoppeliaSim:loadinfo]   add-on 'URDF importer.lua' was loaded.
[CoppeliaSim:loadinfo]   add-on 'URL drop service.lua' was loaded.
[CoppeliaSim:loadinfo]   add-on 'Video recorder.lua' was loaded.
[CoppeliaSim:loadinfo]   add-on 'Visualization stream.lua' was loaded.
[CoppeliaSim:loadinfo]   add-on 'WS remote API server.lua' was loaded.
[CoppeliaSim:loadinfo]   add-on 'ZMQ remote API server.lua' was loaded.
[CoppeliaSim:loadinfo]   add-on 'Convex decomposition coacd.py' was loaded.
[Developer tools >> Commander >> Commander@addOnScript:loadinfo]   plugin simCmd: loading...
[simCmd:warning]   Selected script: Sandbox (Python)
[Developer tools >> Commander >> Commander@addOnScript:loadinfo]   plugin simCmd: done.
[Connectivity >> WebSocket remote API server@addOnScript:loadinfo]   plugin simWS: loading...
[Connectivity >> WebSocket remote API server@addOnScript:loadinfo]   plugin simWS: done.
[Connectivity >> WebSocket remote API server@addOnScript:info]   WebSocket Remote API server starting (port=23051)...
[Connectivity >> ZMQ remote API server@addOnScript:info]   ZeroMQ Remote API server starting (rpcPort=23003)...
[CoppeliaSim:warning]   If CoppeliaSim crashed in previous session, you can find auto-saved scenes in /home/kolletms/.CoppeliaSim/autoSavedScenes
[/UR10/followPath:loadinfo]   plugin simIK: loading...
[/UR10/followPath:loadinfo]   plugin simIK: done.
[/UR10/followPath:loadinfo]   plugin simOMPL: loading...
[/UR10/followPath:loadinfo]   plugin simOMPL: done.
/Floor, 13
/MPO_700, 86
/assembly_table, 88
/obs1, 133
/obs2, 135
/obs0, 137
/column0, 139
/column1, 143
/column2, 141
[3G[0m[J[3G[3G[0m[J[3G[3G[0m[J[3G[/UR10/followPath:warning]   sim.switchThread is deprecated. please use sim.step instead. (control verbosity via notifyDeprecated in usrset.txt)
[/moveToPose:warning]   sim.setThreadSwitchTiming is deprecated. please use sim.setAutoYieldDelay instead. (control verbosity via notifyDeprecated in usrset.txt)
[/moveToPose:warning]   sim.switchThread is deprecated. please use sim.step instead. (control verbosity via notifyDeprecated in usrset.txt)
[sandboxScript:info]   Simulation started.
[CoppeliaSim:loadinfo]   plugin simGeom: loading...
[CoppeliaSim:loadinfo]   plugin simGeom: done.
[CoppeliaSim:loadinfo]   plugin simBullet-2-83: loading...
[CoppeliaSim:loadinfo]   plugin simBullet-2-83: done.
[CoppeliaSim:warning]   Detected non-default settings (time steps and/or dyn. engine global settings).
[sandboxScript:info]   Simulation stopping...
[sandboxScript:info]   Simulation stopped.
[sandboxScript:info]   Simulation started.
[CoppeliaSim:warning]   Detected non-default settings (time steps and/or dyn. engine global settings).
Goal signal recieved..
Planning ...
Collision pairs set
goal state set
Using RRT Connect
task setup complete
solving task...
OMPL states:, 200.
path found
Validating path...
[3G[0m[J[3G[3G[0m[J[3Gvalid path found, generating trajectory...
[/UR10/followPath:warning]   module 'matrix' was implicitly loaded.
[/UR10/followPath:warning]   "matrix" module is deprecated. please use simEigen
Trajectory points:, 1000.
Duration:, 3.574758
excecuting path...
current error: , 0.072284
current error: , 0.072284
current error: , 0.00629
Final error:, 0.001508
Execution successful
[CoppeliaSim:loadinfo]   plugin simRuckig: loading...
[CoppeliaSim:loadinfo]   plugin simRuckig: done.
Goal signal recieved..
Planning ...
Collision pairs set
goal state set
Using RRT Connect
task setup complete
solving task...
OMPL states:, 200.
path found
Validating path...
valid path found, generating trajectory...
Trajectory points:, 1000.
Duration:, 7.853787
excecuting path...
current error: , 0.405086
current error: , 0.405086
current error: , 0.298683
current error: , 0.20602
current error: , 0.122111
current error: , 0.038421
current error: , 0.003346
Final error:, 0.001035
Execution successful
Goal signal recieved..
Planning ...
Collision pairs set
goal state set
Using RRT Connect
task setup complete
solving task...
OMPL states:, 200.
path found
Validating path...
valid path found, generating trajectory...
Trajectory points:, 1000.
Duration:, 3.427449
excecuting path...
current error: , 0.073902
current error: , 0.073902
current error: , 0.010459
Final error:, 0.003257
Execution successful
Goal signal recieved..
Planning ...
Collision pairs set
goal state set
Using RRT Connect
task setup complete
solving task...
OMPL states:, 200.
path found
Validating path...
Collision detected at state:, 176
Collision pairs:, column0, obs0_collisiondummy
path invalid
Goal signal recieved..
Planning ...
Collision pairs set
goal state set
Using RRT Connect
task setup complete
solving task...
OMPL states:, 200.
path found
Validating path...
Collision detected at state:, 191
Collision pairs:, column0, obs0_collisiondummy
path invalid
Goal signal recieved..
Planning ...
Collision pairs set
goal state set
Using RRT Connect
task setup complete
solving task...
OMPL states:, 200.
path found
Validating path...
Collision detected at state:, 146
Collision pairs:, column0, obs0
path invalid
Goal signal recieved..
Planning ...
Collision pairs set
goal state set
Using RRT Connect
task setup complete
solving task...
OMPL states:, 200.
path found
Validating path...
Collision detected at state:, 131
Collision pairs:, column0, obs0_collisiondummy
path invalid
Goal signal recieved..
Planning ...
Collision pairs set
goal state set
Using RRT Connect
task setup complete
solving task...
OMPL states:, 200.
path found
Validating path...
Collision detected at state:, 156
Collision pairs:, column0, obs0
path invalid
Goal signal recieved..
Planning ...
Collision pairs set
goal state set
Using RRT Connect
task setup complete
solving task...
OMPL states:, 200.
path found
Validating path...
Collision detected at state:, 176
Collision pairs:, column0, obs0
path invalid
Goal signal recieved..
Planning ...
Collision pairs set
goal state set
Using RRT Connect
task setup complete
solving task...
OMPL states:, 200.
path found
Validating path...
Collision detected at state:, 146
Collision pairs:, column0, obs0
path invalid
Goal signal recieved..
Planning ...
Collision pairs set
goal state set
Using RRT Connect
task setup complete
solving task...
OMPL states:, 200.
path found
Validating path...
Collision detected at state:, 176
Collision pairs:, column0, obs0
path invalid
Goal signal recieved..
Planning ...
Collision pairs set
goal state set
Using RRT Connect
task setup complete
solving task...
OMPL states:, 200.
path found
Validating path...
Collision detected at state:, 151
Collision pairs:, column0, obs0
path invalid
[sandboxScript:info]   Simulation stopping...
[sandboxScript:info]   Simulation stopped.
[sandboxScript:info]   Simulation started.
[CoppeliaSim:warning]   Detected non-default settings (time steps and/or dyn. engine global settings).
[sandboxScript:info]   Simulation stopping...
[sandboxScript:info]   Simulation stopped.
[sandboxScript:info]   Simulation started.
[CoppeliaSim:warning]   Detected non-default settings (time steps and/or dyn. engine global settings).
Goal signal recieved..
Planning ...
Collision pairs set
goal state set
Using RRT Connect
task setup complete
solving task...
OMPL states:, 200.
path found
Validating path...
valid path found, generating trajectory...
Trajectory points:, 1000.
Duration:, 3.575113
excecuting path...
current error: , 0.100414
current error: , 0.100414
current error: , 0.017931
Final error:, 0.000288
Execution successful
Goal signal recieved..
Planning ...
Collision pairs set
goal state set
Using RRT Connect
task setup complete
solving task...
OMPL states:, 200.
path found
Validating path...
Collision detected at state:, 151
Collision pairs:, column1, obs0_collisiondummy
path invalid
Goal signal recieved..
Planning ...
Collision pairs set
goal state set
Using RRT Connect
task setup complete
solving task...
OMPL states:, 200.
path found
Validating path...
Collision detected at state:, 31
Collision pairs:, column1, obs0_collisiondummy
path invalid
Goal signal recieved..
Planning ...
Collision pairs set
goal state set
Using RRT Connect
task setup complete
solving task...
Goal signal recieved..
Planning ...
Collision pairs set
goal state set
Using RRT Connect
task setup complete
solving task...
OMPL states:, 200.
path found
Validating path...
valid path found, generating trajectory...
Trajectory points:, 1000.
Duration:, 8.741866
excecuting path...
current error: , 1.038566
current error: , 1.038566
current error: , 0.954874
current error: , 0.871171
current error: , 0.787449
current error: , 0.703737
current error: , 0.62006
current error: , 0.536346
current error: , 0.452677
current error: , 0.368976
current error: , 0.285268
current error: , 0.201589
current error: , 0.117887
current error: , 0.034207
current error: , 0.003223
Final error:, 0.001172
Execution successful
Goal signal recieved..
Planning ...
Collision pairs set
goal state set
Using RRT Connect
task setup complete
solving task...
OMPL states:, 200.
path found
Validating path...
valid path found, generating trajectory...
Trajectory points:, 1000.
Duration:, 3.427772
excecuting path...
current error: , 0.074096
current error: , 0.074096
current error: , 0.010521
Final error:, 0.003151
Execution successful
Goal signal recieved..
Planning ...
Collision pairs set
goal state set
Using RRT Connect
task setup complete
solving task...
OMPL states:, 200.
path found
Validating path...
Collision detected at state:, 166
Collision pairs:, leftLink0_visible, obs0_collisiondummy
path invalid
Goal signal recieved..
Planning ...
Collision pairs set
goal state set
Using RRT Connect
task setup complete
solving task...
OMPL states:, 200.
path found
Validating path...
Collision detected at state:, 196
Collision pairs:, column0, obs0_collisiondummy
path invalid
Goal signal recieved..
Planning ...
Collision pairs set
goal state set
Using RRT Connect
task setup complete
solving task...
OMPL states:, 200.
path found
Validating path...
Collision detected at state:, 176
Collision pairs:, column0, obs0_collisiondummy
path invalid
Goal signal recieved..
Planning ...
Collision pairs set
goal state set
Using RRT Connect
task setup complete
solving task...
OMPL states:, 200.
path found
Validating path...
valid path found, generating trajectory...
Trajectory points:, 1000.
Duration:, 3.71477
excecuting path...
current error: , 0.210913
current error: , 0.210913
current error: , 0.127244
current error: , 0.043591
current error: , 0.004156
Final error:, 0.001278
Execution successful
Goal signal recieved..
Planning ...
Collision pairs set
goal state set
Using RRT Connect
task setup complete
solving task...
OMPL states:, 200.
path found
Validating path...
valid path found, generating trajectory...
Trajectory points:, 1000.
Duration:, 3.716189
excecuting path...
current error: , 0.215046
current error: , 0.215046
current error: , 0.131263
current error: , 0.047567
current error: , 0.004851
Final error:, 0.001806
Execution successful
Goal signal recieved..
Planning ...
Collision pairs set
goal state set
Using RRT Connect
task setup complete
solving task...
OMPL states:, 200.
path found
Validating path...
Collision detected at state:, 176
Collision pairs:, column0, obs0_collisiondummy
path invalid
Goal signal recieved..
Planning ...
Collision pairs set
goal state set
Using RRT Connect
task setup complete
solving task...
OMPL states:, 200.
path found
Validating path...
valid path found, generating trajectory...
Trajectory points:, 1000.
Duration:, 3.715941
excecuting path...
current error: , 0.217069
current error: , 0.217069
current error: , 0.133338
current error: , 0.049648
current error: , 0.00487
Final error:, 0.001205
Execution successful
Goal signal recieved..
Planning ...
Collision pairs set
goal state set
Using RRT Connect
task setup complete
solving task...
OMPL states:, 200.
path found
Validating path...
valid path found, generating trajectory...
Trajectory points:, 1000.
Duration:, 3.716058
excecuting path...
current error: , 0.214972
current error: , 0.214972
current error: , 0.131191
current error: , 0.047477
current error: , 0.004555
Final error:, 0.001358
Execution successful
Goal signal recieved..
Planning ...
Collision pairs set
goal state set
Using RRT Connect
task setup complete
solving task...
OMPL states:, 200.
path found
Validating path...
Collision detected at state:, 161
Collision pairs:, column0, obs0_collisiondummy
path invalid
Goal signal recieved..
Planning ...
Collision pairs set
goal state set
Using RRT Connect
task setup complete
solving task...
OMPL states:, 200.
path found
Validating path...
valid path found, generating trajectory...
Trajectory points:, 1000.
Duration:, 3.715979
excecuting path...
current error: , 0.217158
current error: , 0.217158
current error: , 0.133461
current error: , 0.049733
current error: , 0.004879
Final error:, 0.001508
Execution successful
Goal signal recieved..
Planning ...
Collision pairs set
goal state set
Using RRT Connect
task setup complete
solving task...
OMPL states:, 200.
path found
Validating path...
valid path found, generating trajectory...
Trajectory points:, 1000.
Duration:, 3.716677
excecuting path...
current error: , 0.215791
current error: , 0.215791
current error: , 0.132083
current error: , 0.048406
current error: , 0.004869
Final error:, 0.001923
Execution successful
Goal signal recieved..
Planning ...
Collision pairs set
goal state set
Using RRT Connect
task setup complete
solving task...
OMPL states:, 200.
path found
Validating path...
Collision detected at state:, 176
Collision pairs:, column0, obs0_collisiondummy
path invalid
Goal signal recieved..
Planning ...
Collision pairs set
goal state set
Using RRT Connect
task setup complete
solving task...
OMPL states:, 200.
path found
Validating path...
valid path found, generating trajectory...
Trajectory points:, 1000.
Duration:, 3.71634
excecuting path...
current error: , 0.213208
current error: , 0.213208
current error: , 0.129488
current error: , 0.045842
current error: , 0.004466
Final error:, 0.001587
Execution successful
Goal signal recieved..
Planning ...
Collision pairs set
goal state set
Using RRT Connect
task setup complete
solving task...
OMPL states:, 200.
path found
Validating path...
valid path found, generating trajectory...
Trajectory points:, 1000.
Duration:, 3.716907
excecuting path...
current error: , 0.211354
current error: , 0.211354
current error: , 0.127621
current error: , 0.043921
current error: , 0.004279
Final error:, 0.001596
Execution successful
Goal signal recieved..
Planning ...
Collision pairs set
goal state set
Using RRT Connect
task setup complete
solving task...
OMPL states:, 200.
path found
Validating path...
Collision detected at state:, 191
Collision pairs:, column0, obs0_collisiondummy
path invalid
Goal signal recieved..
Planning ...
Collision pairs set
goal state set
Using RRT Connect
task setup complete
solving task...
OMPL states:, 200.
path found
Validating path...
valid path found, generating trajectory...
Trajectory points:, 1000.
Duration:, 3.716929
excecuting path...
current error: , 0.213767
current error: , 0.213767
current error: , 0.130071
current error: , 0.046375
current error: , 0.004527
Final error:, 0.001188
Execution successful
Goal signal recieved..
Planning ...
Collision pairs set
goal state set
Using RRT Connect
task setup complete
solving task...
OMPL states:, 200.
path found
Validating path...
valid path found, generating trajectory...
Trajectory points:, 1000.
Duration:, 3.715864
excecuting path...
current error: , 0.210145
current error: , 0.210145
current error: , 0.126395
current error: , 0.042662
current error: , 0.004339
Final error:, 0.001447
Execution successful
Goal signal recieved..
Planning ...
Collision pairs set
goal state set
Using RRT Connect
task setup complete
solving task...
OMPL states:, 200.
path found
Validating path...
Collision detected at state:, 186
Collision pairs:, column0, obs0_collisiondummy
path invalid
Goal signal recieved..
Planning ...
Collision pairs set
goal state set
Using RRT Connect
task setup complete
solving task...
OMPL states:, 200.
path found
Validating path...
Collision detected at state:, 171
Collision pairs:, column0, obs0_collisiondummy
path invalid
Goal signal recieved..
Planning ...
Collision pairs set
goal state set
Using RRT Connect
task setup complete
solving task...
OMPL states:, 200.
path found
Validating path...
Collision detected at state:, 171
Collision pairs:, column0, obs0_collisiondummy
path invalid
[sandboxScript:info]   Simulation stopping...
[sandboxScript:info]   Simulation stopped.
[sandboxScript:info]   Simulation started.
[CoppeliaSim:warning]   Detected non-default settings (time steps and/or dyn. engine global settings).
[sandboxScript:info]   Simulation stopping...
[sandboxScript:info]   Simulation stopped.
[sandboxScript:info]   Simulation started.
[CoppeliaSim:warning]   Detected non-default settings (time steps and/or dyn. engine global settings).
Goal signal recieved..
Planning ...
Collision pairs set
goal state set
Using RRT Connect
task setup complete
solving task...
OMPL states:, 200.
path found
Validating path...
valid path found, generating trajectory...
Trajectory points:, 1000.
Duration:, 3.575192
excecuting path...
current error: , 0.099641
current error: , 0.099641
current error: , 0.016852
Final error:, 0.001069
Execution successful
Goal signal recieved..
Planning ...
Collision pairs set
goal state set
Using RRT Connect
task setup complete
solving task...
OMPL states:, 200.
path found
Validating path...
Collision detected at state:, 41
Collision pairs:, column1, column0
path invalid
Goal signal recieved..
Planning ...
Collision pairs set
goal state set
Using RRT Connect
task setup complete
solving task...
OMPL states:, 200.
path found
Validating path...
valid path found, generating trajectory...
Trajectory points:, 1000.
Duration:, 7.962633
excecuting path...
current error: , 0.793896
current error: , 0.793896
current error: , 0.71019
current error: , 0.626475
current error: , 0.542761
current error: , 0.459085
current error: , 0.375394
current error: , 0.291677
current error: , 0.207979
current error: , 0.124278
current error: , 0.040602
current error: , 0.004036
Final error:, 0.001352
Execution successful
Goal signal recieved..
Planning ...
Collision pairs set
goal state set
Using RRT Connect
task setup complete
solving task...
OMPL states:, 200.
path found
Validating path...
valid path found, generating trajectory...
Trajectory points:, 1000.
Duration:, 3.427416
excecuting path...
current error: , 0.074338
current error: , 0.074338
current error: , 0.010614
Final error:, 0.003189
Execution successful
Goal signal recieved..
Planning ...
Collision pairs set
goal state set
Using RRT Connect
task setup complete
solving task...
OMPL states:, 200.
path found
Validating path...
valid path found, generating trajectory...
Trajectory points:, 1000.
Duration:, 3.714764
excecuting path...
current error: , 0.211192
current error: , 0.211192
current error: , 0.127477
current error: , 0.04375
current error: , 0.004219
Final error:, 0.001188
Execution successful
Goal signal recieved..
Planning ...
Collision pairs set
goal state set
Using RRT Connect
task setup complete
solving task...
OMPL states:, 200.
path found
Validating path...
valid path found, generating trajectory...
Trajectory points:, 1000.
Duration:, 3.716076
excecuting path...
current error: , 0.238274
current error: , 0.238274
current error: , 0.154533
current error: , 0.070826
current error: , 0.009994
Final error:, 0.003388
Execution successful
Goal signal recieved..
Planning ...
Collision pairs set
goal state set
Using RRT Connect
task setup complete
solving task...
OMPL states:, 200.
path found
Validating path...
valid path found, generating trajectory...
Trajectory points:, 1000.
Duration:, 3.71446
excecuting path...
current error: , 0.215139
current error: , 0.215139
current error: , 0.131433
current error: , 0.047711
current error: , 0.004645
Final error:, 0.001442
Execution successful
Goal signal recieved..
Planning ...
Collision pairs set
goal state set
Using RRT Connect
task setup complete
solving task...
OMPL states:, 200.
path found
Validating path...
valid path found, generating trajectory...
Trajectory points:, 1000.
Duration:, 3.716063
excecuting path...
current error: , 0.214925
current error: , 0.214925
current error: , 0.131238
current error: , 0.047545
current error: , 0.004614
Final error:, 0.001588
Execution successful
Goal signal recieved..
Planning ...
Collision pairs set
goal state set
Using RRT Connect
task setup complete
solving task...
OMPL states:, 200.
path found
Validating path...
Collision detected at state:, 166
Collision pairs:, column0, obs0_collisiondummy
path invalid
Goal signal recieved..
Planning ...
Collision pairs set
goal state set
Using RRT Connect
task setup complete
solving task...
OMPL states:, 200.
path found
Validating path...
valid path found, generating trajectory...
Trajectory points:, 1000.
Duration:, 3.715934
excecuting path...
current error: , 0.21713
current error: , 0.21713
current error: , 0.133409
current error: , 0.049768
current error: , 0.00487
Final error:, 0.001205
Execution successful
Goal signal recieved..
Planning ...
Collision pairs set
goal state set
Using RRT Connect
task setup complete
solving task...
OMPL states:, 200.
path found
Validating path...
valid path found, generating trajectory...
Trajectory points:, 1000.
Duration:, 3.716203
excecuting path...
current error: , 0.214924
current error: , 0.214924
current error: , 0.131206
current error: , 0.047486
current error: , 0.004704
Final error:, 0.002015
Execution successful
Goal signal recieved..
Planning ...
Collision pairs set
goal state set
Using RRT Connect
task setup complete
solving task...
OMPL states:, 200.
path found
Validating path...
Collision detected at state:, 161
Collision pairs:, column0, obs0_collisiondummy
path invalid
Goal signal recieved..
Planning ...
Collision pairs set
goal state set
Using RRT Connect
task setup complete
solving task...
OMPL states:, 200.
path found
Validating path...
valid path found, generating trajectory...
Trajectory points:, 1000.
Duration:, 3.716064
excecuting path...
current error: , 0.217408
current error: , 0.217408
current error: , 0.133735
current error: , 0.050082
current error: , 0.004938
Final error:, 0.001207
Execution successful
Goal signal recieved..
Planning ...
Collision pairs set
goal state set
Using RRT Connect
task setup complete
solving task...
OMPL states:, 200.
path found
Validating path...
valid path found, generating trajectory...
Trajectory points:, 1000.
Duration:, 3.716229
excecuting path...
current error: , 0.210605
current error: , 0.210605
current error: , 0.126877
current error: , 0.043188
current error: , 0.004299
Final error:, 0.001512
Execution successful
Goal signal recieved..
Planning ...
Collision pairs set
goal state set
Using RRT Connect
task setup complete
solving task...
OMPL states:, 200.
path found
Validating path...
Collision detected at state:, 191
Collision pairs:, column0, obs0_collisiondummy
path invalid
Goal signal recieved..
Planning ...
Collision pairs set
goal state set
Using RRT Connect
task setup complete
solving task...
OMPL states:, 200.
path found
Validating path...
Collision detected at state:, 146
Collision pairs:, column0, obs0_collisiondummy
path invalid
Goal signal recieved..
Planning ...
Collision pairs set
goal state set
Using RRT Connect
task setup complete
solving task...
OMPL states:, 200.
path found
Validating path...
Collision detected at state:, 161
Collision pairs:, column0, obs0_collisiondummy
path invalid
Goal signal recieved..
Planning ...
Collision pairs set
goal state set
Using RRT Connect
task setup complete
solving task...
OMPL states:, 200.
path found
Validating path...
valid path found, generating trajectory...
Trajectory points:, 1000.
Duration:, 3.716183
excecuting path...
current error: , 0.212824
current error: , 0.212824
current error: , 0.12916
current error: , 0.045448
current error: , 0.00427
Final error:, 0.001655
Execution successful
Goal signal recieved..
Planning ...
Collision pairs set
goal state set
Using RRT Connect
task setup complete
solving task...
OMPL states:, 200.
path found
Validating path...
valid path found, generating trajectory...
Trajectory points:, 1000.
Duration:, 3.715968
excecuting path...
current error: , 0.210237
current error: , 0.210237
current error: , 0.12655
current error: , 0.042819
current error: , 0.004241
Final error:, 0.001946
Execution successful
Goal signal recieved..
Planning ...
Collision pairs set
goal state set
Using RRT Connect
task setup complete
solving task...
OMPL states:, 200.
path found
Validating path...
valid path found, generating trajectory...
Trajectory points:, 1000.
Duration:, 3.715866
excecuting path...
current error: , 0.212454
current error: , 0.212454
current error: , 0.128776
current error: , 0.045078
current error: , 0.004371
Final error:, 0.001432
Execution successful
Goal signal recieved..
Planning ...
Collision pairs set
goal state set
Using RRT Connect
task setup complete
solving task...
OMPL states:, 200.
path found
Validating path...
valid path found, generating trajectory...
Trajectory points:, 1000.
Duration:, 3.71579
excecuting path...
current error: , 0.237668
current error: , 0.237668
current error: , 0.153946
current error: , 0.070219
current error: , 0.009869
Final error:, 0.003255
Execution successful
[sandboxScript:info]   Simulation stopping...
[sandboxScript:info]   Simulation stopped.
[sandboxScript:info]   Simulation started.
[CoppeliaSim:warning]   Detected non-default settings (time steps and/or dyn. engine global settings).
[sandboxScript:info]   Simulation stopping...
[sandboxScript:info]   Simulation stopped.
[sandboxScript:info]   Simulation started.
[CoppeliaSim:warning]   Detected non-default settings (time steps and/or dyn. engine global settings).
Goal signal recieved..
Planning ...
Collision pairs set
goal state set
Using RRT Connect
task setup complete
solving task...
OMPL states:, 200.
path found
Validating path...
valid path found, generating trajectory...
Trajectory points:, 1000.
Duration:, 3.575189
excecuting path...
current error: , 0.100284
current error: , 0.100284
current error: , 0.017903
Final error:, 0.000969
Execution successful
Goal signal recieved..
Planning ...
Collision pairs set
goal state set
Using RRT Connect
task setup complete
solving task...
OMPL states:, 200.
path found
Validating path...
Collision detected at state:, 161
Collision pairs:, column1, obs0
path invalid
Goal signal recieved..
Planning ...
Collision pairs set
goal state set
Using RRT Connect
task setup complete
solving task...
OMPL states:, 200.
path found
Validating path...
valid path found, generating trajectory...
Trajectory points:, 1000.
Duration:, 5.13305
excecuting path...
current error: , 0.001524
Final error:, 0.001524
Execution successful
Goal signal recieved..
Planning ...
Collision pairs set
goal state set
Using RRT Connect
task setup complete
solving task...
[3G[0m[J[3G[3G[0m[J[3GOMPL states:, 200.
path found
Validating path...
valid path found, generating trajectory...
[3G[0m[J[3G[3G[0m[J[3GTrajectory points:, 1000.
Duration:, 3.427077
excecuting path...
current error: , 0.073622
current error: , 0.073622
current error: , 0.010384
Final error:, 0.003043
Execution successful
Goal signal recieved..
Planning ...
Collision pairs set
goal state set
Using RRT Connect
task setup complete
solving task...
OMPL states:, 200.
path found
Validating path...
Collision detected at state:, 181
Collision pairs:, column0, obs0_collisiondummy
path invalid
Goal signal recieved..
Planning ...
Collision pairs set
goal state set
Using RRT Connect
task setup complete
solving task...
OMPL states:, 200.
path found
Validating path...
Collision detected at state:, 186
Collision pairs:, column0, obs0_collisiondummy
path invalid
Goal signal recieved..
Planning ...
Collision pairs set
goal state set
Using RRT Connect
task setup complete
solving task...
OMPL states:, 200.
path found
Validating path...
Collision detected at state:, 181
Collision pairs:, column0, obs0_collisiondummy
path invalid
Goal signal recieved..
Planning ...
Collision pairs set
goal state set
Using RRT Connect
task setup complete
solving task...
OMPL states:, 200.
path found
Validating path...
valid path found, generating trajectory...
Trajectory points:, 1000.
Duration:, 3.714718
excecuting path...
current error: , 0.210586
current error: , 0.210586
current error: , 0.126873
current error: , 0.043188
current error: , 0.004195
Final error:, 0.001611
Execution successful
Goal signal recieved..
Planning ...
Collision pairs set
goal state set
Using RRT Connect
task setup complete
solving task...
OMPL states:, 200.
path found
Validating path...
valid path found, generating trajectory...
Trajectory points:, 1000.
Duration:, 3.71684
excecuting path...
current error: , 0.239056
current error: , 0.239056
current error: , 0.155333
current error: , 0.071647
current error: , 0.008896
Final error:, 0.001881
Execution successful
Goal signal recieved..
Planning ...
Collision pairs set
goal state set
Using RRT Connect
task setup complete
solving task...
OMPL states:, 200.
path found
Validating path...
valid path found, generating trajectory...
Trajectory points:, 1000.
Duration:, 3.716475
excecuting path...
current error: , 0.217891
current error: , 0.217891
current error: , 0.134207
current error: , 0.050552
current error: , 0.005112
Final error:, 0.001444
Execution successful
Goal signal recieved..
Planning ...
Collision pairs set
goal state set
Using RRT Connect
task setup complete
solving task...
OMPL states:, 200.
path found
Validating path...
valid path found, generating trajectory...
Trajectory points:, 1000.
Duration:, 3.715871
excecuting path...
current error: , 0.214706
current error: , 0.214706
current error: , 0.130959
current error: , 0.04723
current error: , 0.004647
Final error:, 0.001527
Execution successful
Goal signal recieved..
Planning ...
Collision pairs set
goal state set
Using RRT Connect
task setup complete
solving task...
OMPL states:, 200.
path found
Validating path...
Collision detected at state:, 156
Collision pairs:, column0, obs0_collisiondummy
path invalid
Goal signal recieved..
Planning ...
Collision pairs set
goal state set
Using RRT Connect
task setup complete
solving task...
OMPL states:, 200.
path found
Validating path...
valid path found, generating trajectory...
Trajectory points:, 1000.
Duration:, 3.715785
excecuting path...
current error: , 0.216738
current error: , 0.216738
current error: , 0.133043
current error: , 0.049332
current error: , 0.004811
Final error:, 0.00127
Execution successful
Goal signal recieved..
Planning ...
Collision pairs set
goal state set
Using RRT Connect
task setup complete
solving task...
OMPL states:, 200.
path found
Validating path...
valid path found, generating trajectory...
Trajectory points:, 1000.
Duration:, 3.716815
excecuting path...
current error: , 0.215851
current error: , 0.215851
current error: , 0.132105
current error: , 0.048365
current error: , 0.00485
Final error:, 0.001374
Execution successful
Goal signal recieved..
Planning ...
Collision pairs set
goal state set
Using RRT Connect
task setup complete
solving task...
OMPL states:, 200.
path found
Validating path...
valid path found, generating trajectory...
Trajectory points:, 1000.
Duration:, 6.79633
excecuting path...
current error: , 0.350628
current error: , 0.350628
current error: , 0.267004
current error: , 0.183469
current error: , 0.099814
current error: , 0.019764
Final error:, 0.002398
Execution successful
Goal signal recieved..
Planning ...
Collision pairs set
goal state set
Using RRT Connect
task setup complete
solving task...
OMPL states:, 200.
path found
Validating path...
valid path found, generating trajectory...
Trajectory points:, 1000.
Duration:, 3.395615
excecuting path...
current error: , 0.035654
current error: , 0.035654
current error: , 0.003622
Final error:, 0.001138
Execution successful
Goal signal recieved..
Planning ...
Collision pairs set
goal state set
Using RRT Connect
task setup complete
solving task...
OMPL states:, 200.
path found
Validating path...
Collision detected at state:, 146
Collision pairs:, column0, obs0_collisiondummy
path invalid
Goal signal recieved..
Planning ...
Collision pairs set
goal state set
Using RRT Connect
task setup complete
solving task...
OMPL states:, 200.
path found
Validating path...
Collision detected at state:, 166
Collision pairs:, column0, obs0_collisiondummy
path invalid
Goal signal recieved..
Planning ...
Collision pairs set
goal state set
Using RRT Connect
task setup complete
solving task...
OMPL states:, 200.
path found
Validating path...
Collision detected at state:, 146
Collision pairs:, column0, obs0
path invalid
Goal signal recieved..
Planning ...
Collision pairs set
goal state set
Using RRT Connect
task setup complete
solving task...
OMPL states:, 200.
path found
Validating path...
Collision detected at state:, 161
Collision pairs:, column0, obs0_collisiondummy
path invalid
Goal signal recieved..
Planning ...
Collision pairs set
goal state set
Using RRT Connect
task setup complete
solving task...
OMPL states:, 200.
path found
Validating path...
Collision detected at state:, 161
Collision pairs:, column0, obs0
path invalid
Goal signal recieved..
Planning ...
Collision pairs set
goal state set
Using RRT Connect
task setup complete
solving task...
OMPL states:, 200.
path found
Validating path...
Collision detected at state:, 151
Collision pairs:, column0, obs0_collisiondummy
path invalid
Goal signal recieved..
Planning ...
Collision pairs set
goal state set
Using RRT Connect
task setup complete
solving task...
OMPL states:, 200.
path found
Validating path...
Collision detected at state:, 166
Collision pairs:, column0, obs0
path invalid
Goal signal recieved..
Planning ...
Collision pairs set
goal state set
Using RRT Connect
task setup complete
solving task...
OMPL states:, 200.
path found
Validating path...
Collision detected at state:, 171
Collision pairs:, column0, obs0
path invalid
Goal signal recieved..
Planning ...
Collision pairs set
goal state set
Using RRT Connect
task setup complete
solving task...
OMPL states:, 200.
path found
Validating path...
Collision detected at state:, 161
Collision pairs:, column0, obs0
path invalid
[sandboxScript:info]   Simulation stopping...
[sandboxScript:info]   Simulation stopped.
[sandboxScript:info]   Simulation started.
[CoppeliaSim:warning]   Detected non-default settings (time steps and/or dyn. engine global settings).
[sandboxScript:info]   Simulation stopping...
[sandboxScript:info]   Simulation stopped.
[sandboxScript:info]   Simulation started.
[CoppeliaSim:warning]   Detected non-default settings (time steps and/or dyn. engine global settings).
Goal signal recieved..
Planning ...
Collision pairs set
goal state set
Using RRT Connect
task setup complete
solving task...
OMPL states:, 200.
path found
Validating path...
valid path found, generating trajectory...
Trajectory points:, 1000.
Duration:, 3.57469
excecuting path...
current error: , 0.099565
current error: , 0.099565
current error: , 0.017433
Final error:, 0.000491
Execution successful
Goal signal recieved..
Planning ...
Collision pairs set
goal state set
Using RRT Connect
task setup complete
solving task...
OMPL states:, 200.
path found
Validating path...
Collision detected at state:, 91
Collision pairs:, leftLink0_visible, obs0_collisiondummy
path invalid
Goal signal recieved..
Planning ...
Collision pairs set
goal state set
Using RRT Connect
task setup complete
solving task...
OMPL states:, 200.
path found
Validating path...
valid path found, generating trajectory...
Trajectory points:, 1000.
Duration:, 12.071429
excecuting path...
current error: , 1.755185
current error: , 1.755185
current error: , 1.643295
current error: , 1.532146
current error: , 1.421977
current error: , 1.313241
current error: , 1.206139
current error: , 1.101217
current error: , 0.99931
current error: , 0.901283
current error: , 0.808498
current error: , 0.723047
current error: , 0.640068
current error: , 0.556965
current error: , 0.473777
current error: , 0.390549
current error: , 0.30747
current error: , 0.224373
current error: , 0.141211
current error: , 0.058456
current error: , 0.007474
Final error:, 0.002881
Execution successful
Goal signal recieved..
Planning ...
Collision pairs set
goal state set
Using RRT Connect
task setup complete
solving task...
OMPL states:, 200.
path found
Validating path...
valid path found, generating trajectory...
Trajectory points:, 1000.
Duration:, 3.427066
excecuting path...
current error: , 0.073626
current error: , 0.073626
current error: , 0.01044
Final error:, 0.003123
Execution successful
Goal signal recieved..
Planning ...
Collision pairs set
goal state set
Using RRT Connect
task setup complete
solving task...
OMPL states:, 200.
path found
Validating path...
Collision detected at state:, 166
Collision pairs:, leftLink0_visible, obs0_collisiondummy
path invalid
Goal signal recieved..
Planning ...
Collision pairs set
goal state set
Using RRT Connect
task setup complete
solving task...
OMPL states:, 200.
path found
Validating path...
Collision detected at state:, 166
Collision pairs:, leftLink0_visible, obs0_collisiondummy
path invalid
Goal signal recieved..
Planning ...
Collision pairs set
goal state set
Using RRT Connect
task setup complete
solving task...
OMPL states:, 200.
path found
Validating path...
valid path found, generating trajectory...
Trajectory points:, 1000.
Duration:, 3.714779
excecuting path...
current error: , 0.210907
current error: , 0.210907
current error: , 0.127214
current error: , 0.043482
current error: , 0.004133
Final error:, 0.001426
Execution successful
Goal signal recieved..
Planning ...
Collision pairs set
goal state set
Using RRT Connect
task setup complete
solving task...
OMPL states:, 200.
path found
Validating path...
valid path found, generating trajectory...
Trajectory points:, 1000.
Duration:, 3.715965
excecuting path...
current error: , 0.214717
current error: , 0.214717
current error: , 0.131046
current error: , 0.047322
current error: , 0.00464
Final error:, 0.001716
Execution successful
Goal signal recieved..
Planning ...
Collision pairs set
goal state set
Using RRT Connect
task setup complete
solving task...
OMPL states:, 200.
path found
Validating path...
Collision detected at state:, 171
Collision pairs:, column0, obs0_collisiondummy
path invalid
Goal signal recieved..
Planning ...
Collision pairs set
goal state set
Using RRT Connect
task setup complete
solving task...
OMPL states:, 200.
path found
Validating path...
Collision detected at state:, 181
Collision pairs:, column0, obs0_collisiondummy
path invalid
Goal signal recieved..
Planning ...
Collision pairs set
goal state set
Using RRT Connect
task setup complete
solving task...
OMPL states:, 200.
path found
Validating path...
valid path found, generating trajectory...
Trajectory points:, 1000.
Duration:, 3.715764
excecuting path...
current error: , 0.216908
current error: , 0.216908
current error: , 0.133217
current error: , 0.049535
current error: , 0.00506
Final error:, 0.001583
Execution successful
Goal signal recieved..
Planning ...
Collision pairs set
goal state set
Using RRT Connect
task setup complete
solving task...
OMPL states:, 200.
path found
Validating path...
valid path found, generating trajectory...
Trajectory points:, 1000.
Duration:, 3.716272
excecuting path...
current error: , 0.215088
current error: , 0.215088
current error: , 0.131325
current error: , 0.04762
current error: , 0.004901
Final error:, 0.001243
Execution successful
Goal signal recieved..
Planning ...
Collision pairs set
goal state set
Using RRT Connect
task setup complete
solving task...
OMPL states:, 200.
path found
Validating path...
Collision detected at state:, 146
Collision pairs:, column0, obs0_collisiondummy
path invalid
Goal signal recieved..
Planning ...
Collision pairs set
goal state set
Using RRT Connect
task setup complete
solving task...
OMPL states:, 200.
path found
Validating path...
valid path found, generating trajectory...
Trajectory points:, 1000.
Duration:, 3.715892
excecuting path...
current error: , 0.216835
current error: , 0.216835
current error: , 0.133121
current error: , 0.049454
current error: , 0.004922
Final error:, 0.001478
Execution successful
Goal signal recieved..
Planning ...
Collision pairs set
goal state set
Using RRT Connect
task setup complete
solving task...
OMPL states:, 200.
path found
Validating path...
valid path found, generating trajectory...
Trajectory points:, 1000.
Duration:, 3.715784
excecuting path...
current error: , 0.214523
current error: , 0.214523
current error: , 0.130811
current error: , 0.047139
current error: , 0.004659
Final error:, 0.001819
Execution successful
Goal signal recieved..
Planning ...
Collision pairs set
goal state set
Using RRT Connect
task setup complete
solving task...
OMPL states:, 200.
path found
Validating path...
valid path found, generating trajectory...
Trajectory points:, 1000.
Duration:, 3.715932
excecuting path...
current error: , 0.212557
current error: , 0.212557
current error: , 0.128898
current error: , 0.045214
current error: , 0.004253
Final error:, 0.0012
Execution successful
Goal signal recieved..
Planning ...
Collision pairs set
goal state set
Using RRT Connect
task setup complete
solving task...
OMPL states:, 200.
path found
Validating path...
valid path found, generating trajectory...
Trajectory points:, 1000.
Duration:, 3.715436
excecuting path...
current error: , 0.209369
current error: , 0.209369
current error: , 0.125642
current error: , 0.041924
current error: , 0.004053
Final error:, 0.001423
Execution successful
Goal signal recieved..
Planning ...
Collision pairs set
goal state set
Using RRT Connect
task setup complete
solving task...
OMPL states:, 200.
path found
Validating path...
valid path found, generating trajectory...
Trajectory points:, 1000.
Duration:, 3.714728
excecuting path...
current error: , 0.211183
current error: , 0.211183
current error: , 0.127479
current error: , 0.043787
current error: , 0.004167
Final error:, 0.001233
Execution successful
Goal signal recieved..
Planning ...
Collision pairs set
goal state set
Using RRT Connect
task setup complete
solving task...
OMPL states:, 200.
path found
Validating path...
valid path found, generating trajectory...
Trajectory points:, 1000.
Duration:, 3.715669
excecuting path...
current error: , 0.237781
current error: , 0.237781
current error: , 0.154048
current error: , 0.070374
current error: , 0.009902
Final error:, 0.003419
Execution successful
Goal signal recieved..
Planning ...
Collision pairs set
goal state set
Using RRT Connect
task setup complete
solving task...
OMPL states:, 200.
path found
Validating path...
Collision detected at state:, 191
Collision pairs:, column0, obs0_collisiondummy
path invalid
Goal signal recieved..
Planning ...
Collision pairs set
goal state set
Using RRT Connect
task setup complete
solving task...
OMPL states:, 200.
path found
Validating path...
valid path found, generating trajectory...
Trajectory points:, 1000.
Duration:, 3.71452
excecuting path...
current error: , 0.210608
current error: , 0.210608
current error: , 0.126877
current error: , 0.04322
current error: , 0.004106
Final error:, 0.001484
Execution successful
Goal signal recieved..
Planning ...
Collision pairs set
goal state set
Using RRT Connect
task setup complete
solving task...
OMPL states:, 200.
path found
Validating path...
valid path found, generating trajectory...
Trajectory points:, 1000.
Duration:, 3.71633
excecuting path...
current error: , 0.210609
current error: , 0.210609
current error: , 0.126843
current error: , 0.043124
current error: , 0.004146
Final error:, 0.001372
Execution successful
Goal signal recieved..
Planning ...
Collision pairs set
goal state set
Using RRT Connect
task setup complete
solving task...
OMPL states:, 200.
path found
Validating path...
valid path found, generating trajectory...
Trajectory points:, 1000.
Duration:, 3.716207
excecuting path...
current error: , 0.212947
current error: , 0.212947
current error: , 0.129262
current error: , 0.045567
current error: , 0.004491
Final error:, 0.001389
Execution successful
[sandboxScript:info]   Simulation stopping...
[sandboxScript:info]   Simulation stopped.
[sandboxScript:info]   Simulation started.
[CoppeliaSim:warning]   Detected non-default settings (time steps and/or dyn. engine global settings).
[sandboxScript:info]   Simulation stopping...
[sandboxScript:info]   Simulation stopped.
[sandboxScript:info]   Simulation started.
[CoppeliaSim:warning]   Detected non-default settings (time steps and/or dyn. engine global settings).
Goal signal recieved..
Planning ...
Collision pairs set
goal state set
Using RRT Connect
task setup complete
solving task...
OMPL states:, 200.
path found
Validating path...
valid path found, generating trajectory...
Trajectory points:, 1000.
Duration:, 3.575238
excecuting path...
current error: , 0.072221
current error: , 0.072221
current error: , 0.00564
Final error:, 0.000548
Execution successful
Goal signal recieved..
Planning ...
Collision pairs set
goal state set
Using RRT Connect
task setup complete
solving task...
OMPL states:, 200.
path found
Validating path...
Collision detected at state:, 136
Collision pairs:, column1, obs0_collisiondummy
path invalid
Goal signal recieved..
Planning ...
Collision pairs set
goal state set
Using RRT Connect
task setup complete
solving task...
Goal signal recieved..
Planning ...
Collision pairs set
goal state set
Using RRT Connect
task setup complete
solving task...
OMPL states:, 200.
path found
Validating path...
valid path found, generating trajectory...
Trajectory points:, 1000.
Duration:, 11.897076
excecuting path...
current error: , 0.004136
Final error:, 0.004136
Execution successful
Goal signal recieved..
Planning ...
Collision pairs set
goal state set
Using RRT Connect
task setup complete
solving task...
OMPL states:, 200.
path found
Validating path...
valid path found, generating trajectory...
Trajectory points:, 1000.
Duration:, 3.426887
excecuting path...
current error: , 0.072878
current error: , 0.072878
current error: , 0.010159
Final error:, 0.00312
Execution successful
Goal signal recieved..
Planning ...
Collision pairs set
goal state set
Using RRT Connect
task setup complete
solving task...
OMPL states:, 200.
path found
Validating path...
Collision detected at state:, 176
Collision pairs:, column0, obs0_collisiondummy
path invalid
Goal signal recieved..
Planning ...
Collision pairs set
goal state set
Using RRT Connect
task setup complete
solving task...
OMPL states:, 200.
path found
Validating path...
valid path found, generating trajectory...
Trajectory points:, 1000.
Duration:, 3.714776
excecuting path...
current error: , 0.21102
current error: , 0.21102
current error: , 0.127368
current error: , 0.043741
current error: , 0.004086
Final error:, 0.001185
Execution successful
Goal signal recieved..
Planning ...
Collision pairs set
goal state set
Using RRT Connect
task setup complete
solving task...
OMPL states:, 200.
path found
Validating path...
valid path found, generating trajectory...
Trajectory points:, 1000.
Duration:, 3.715667
excecuting path...
current error: , 0.21435
current error: , 0.21435
current error: , 0.130659
current error: , 0.047002
current error: , 0.004712
Final error:, 0.001526
Execution successful
Goal signal recieved..
Planning ...
Collision pairs set
goal state set
Using RRT Connect
task setup complete
solving task...
OMPL states:, 200.
path found
Validating path...
Collision detected at state:, 161
Collision pairs:, column0, obs0_collisiondummy
path invalid
Goal signal recieved..
Planning ...
Collision pairs set
goal state set
Using RRT Connect
task setup complete
solving task...
OMPL states:, 200.
path found
Validating path...
valid path found, generating trajectory...
Trajectory points:, 1000.
Duration:, 3.715512
excecuting path...
current error: , 0.216385
current error: , 0.216385
current error: , 0.132664
current error: , 0.048975
current error: , 0.004824
Final error:, 0.001284
Execution successful
Goal signal recieved..
Planning ...
Collision pairs set
goal state set
Using RRT Connect
task setup complete
solving task...
OMPL states:, 200.
path found
Validating path...
valid path found, generating trajectory...
Trajectory points:, 1000.
Duration:, 3.716166
excecuting path...
current error: , 0.215063
current error: , 0.215063
current error: , 0.131311
current error: , 0.04757
current error: , 0.004809
Final error:, 0.001454
Execution successful
Goal signal recieved..
Planning ...
Collision pairs set
goal state set
Using RRT Connect
task setup complete
solving task...
OMPL states:, 200.
path found
Validating path...
valid path found, generating trajectory...
Trajectory points:, 1000.
Duration:, 3.716102
excecuting path...
current error: , 0.217368
current error: , 0.217368
current error: , 0.133678
current error: , 0.049975
current error: , 0.004827
Final error:, 0.001501
Execution successful
Goal signal recieved..
Planning ...
Collision pairs set
goal state set
Using RRT Connect
task setup complete
solving task...
OMPL states:, 200.
path found
Validating path...
valid path found, generating trajectory...
Trajectory points:, 1000.
Duration:, 3.715915
excecuting path...
current error: , 0.214645
current error: , 0.214645
current error: , 0.130899
current error: , 0.04726
current error: , 0.004602
Final error:, 0.001415
Execution successful
Goal signal recieved..
Planning ...
Collision pairs set
goal state set
Using RRT Connect
task setup complete
solving task...
OMPL states:, 200.
path found
Validating path...
valid path found, generating trajectory...
Trajectory points:, 1000.
Duration:, 3.715734
excecuting path...
current error: , 0.212129
current error: , 0.212129
current error: , 0.128404
current error: , 0.044729
current error: , 0.004254
Final error:, 0.001534
Execution successful
Goal signal recieved..
Planning ...
Collision pairs set
goal state set
Using RRT Connect
task setup complete
solving task...
OMPL states:, 200.
path found
Validating path...
valid path found, generating trajectory...
Trajectory points:, 1000.
Duration:, 3.716154
excecuting path...
current error: , 0.210375
current error: , 0.210375
current error: , 0.126689
current error: , 0.042971
current error: , 0.004183
Final error:, 0.001639
Execution successful
Goal signal recieved..
Planning ...
Collision pairs set
goal state set
Using RRT Connect
task setup complete
solving task...
OMPL states:, 200.
path found
Validating path...
Collision detected at state:, 146
Collision pairs:, column0, obs0_collisiondummy
path invalid
Goal signal recieved..
Planning ...
Collision pairs set
goal state set
Using RRT Connect
task setup complete
solving task...
OMPL states:, 200.
path found
Validating path...
valid path found, generating trajectory...
Trajectory points:, 1000.
Duration:, 3.716134
excecuting path...
current error: , 0.212649
current error: , 0.212649
current error: , 0.128939
current error: , 0.045255
current error: , 0.004295
Final error:, 0.001379
Execution successful
Goal signal recieved..
Planning ...
Collision pairs set
goal state set
Using RRT Connect
task setup complete
solving task...
OMPL states:, 200.
path found
Validating path...
valid path found, generating trajectory...
Trajectory points:, 1000.
Duration:, 3.716578
excecuting path...
current error: , 0.211062
current error: , 0.211062
current error: , 0.127371
current error: , 0.043655
current error: , 0.004289
Final error:, 0.002332
Execution successful
Goal signal recieved..
Planning ...
Collision pairs set
goal state set
Using RRT Connect
task setup complete
solving task...
OMPL states:, 200.
path found
Validating path...
Collision detected at state:, 171
Collision pairs:, column0, obs0_collisiondummy
path invalid
Goal signal recieved..
Planning ...
Collision pairs set
goal state set
Using RRT Connect
task setup complete
solving task...
OMPL states:, 200.
path found
Validating path...
Collision detected at state:, 186
Collision pairs:, column0, obs0_collisiondummy
path invalid
Goal signal recieved..
Planning ...
Collision pairs set
goal state set
Using RRT Connect
task setup complete
solving task...
OMPL states:, 200.
path found
Validating path...
Collision detected at state:, 166
Collision pairs:, column0, obs0_collisiondummy
path invalid
Goal signal recieved..
Planning ...
Collision pairs set
goal state set
Using RRT Connect
task setup complete
solving task...
OMPL states:, 200.
path found
Validating path...
Collision detected at state:, 191
Collision pairs:, column0, obs0_collisiondummy
path invalid
Goal signal recieved..
Planning ...
Collision pairs set
goal state set
Using RRT Connect
task setup complete
solving task...
OMPL states:, 200.
path found
Validating path...
Collision detected at state:, 171
Collision pairs:, column0, obs0_collisiondummy
path invalid
Goal signal recieved..
Planning ...
Collision pairs set
goal state set
Using RRT Connect
task setup complete
solving task...
OMPL states:, 200.
path found
Validating path...
valid path found, generating trajectory...
Trajectory points:, 1000.
Duration:, 3.716475
excecuting path...
current error: , 0.213249
current error: , 0.213249
current error: , 0.129548
current error: , 0.045864
current error: , 0.004494
Final error:, 0.001056
Execution successful
Goal signal recieved..
Planning ...
Collision pairs set
goal state set
Using RRT Connect
task setup complete
solving task...
OMPL states:, 200.
path found
Validating path...
valid path found, generating trajectory...
Trajectory points:, 1000.
Duration:, 3.716009
excecuting path...
current error: , 0.210203
current error: , 0.210203
current error: , 0.126501
current error: , 0.042839
current error: , 0.004175
Final error:, 0.001781
Execution successful
[sandboxScript:info]   Simulation stopping...
[sandboxScript:info]   Simulation stopped.
[sandboxScript:info]   Simulation started.
[CoppeliaSim:warning]   Detected non-default settings (time steps and/or dyn. engine global settings).
[sandboxScript:info]   Simulation stopping...
[sandboxScript:info]   Simulation stopped.
[sandboxScript:info]   Simulation started.
[CoppeliaSim:warning]   Detected non-default settings (time steps and/or dyn. engine global settings).
Goal signal recieved..
Planning ...
Collision pairs set
goal state set
Using RRT Connect
task setup complete
solving task...
OMPL states:, 200.
path found
Validating path...
valid path found, generating trajectory...
Trajectory points:, 1000.
Duration:, 3.574694
excecuting path...
current error: , 0.070299
current error: , 0.070299
current error: , 0.005262
Final error:, 0.001142
Execution successful
Goal signal recieved..
Planning ...
Collision pairs set
goal state set
Using RRT Connect
task setup complete
solving task...
OMPL states:, 200.
path found
Validating path...
valid path found, generating trajectory...
Trajectory points:, 1000.
Duration:, 11.707043
excecuting path...
current error: , 0.004549
Final error:, 0.004549
Execution successful
Goal signal recieved..
Planning ...
Collision pairs set
goal state set
Using RRT Connect
task setup complete
solving task...
OMPL states:, 200.
path found
Validating path...
valid path found, generating trajectory...
Trajectory points:, 1000.
Duration:, 3.424272
excecuting path...
current error: , 0.070376
current error: , 0.070376
current error: , 0.009499
Final error:, 0.002945
Execution successful
Goal signal recieved..
Planning ...
Collision pairs set
goal state set
Using RRT Connect
task setup complete
solving task...
OMPL states:, 200.
path found
Validating path...
Collision detected at state:, 191
Collision pairs:, column0, obs0_collisiondummy
path invalid
Goal signal recieved..
Planning ...
Collision pairs set
goal state set
Using RRT Connect
task setup complete
solving task...
OMPL states:, 200.
path found
Validating path...
valid path found, generating trajectory...
Trajectory points:, 1000.
Duration:, 3.714959
excecuting path...
current error: , 0.211855
current error: , 0.211855
current error: , 0.128145
current error: , 0.04448
current error: , 0.004176
Final error:, 0.001324
Execution successful
Goal signal recieved..
Planning ...
Collision pairs set
goal state set
Using RRT Connect
task setup complete
solving task...
OMPL states:, 200.
path found
Validating path...
valid path found, generating trajectory...
Trajectory points:, 1000.
Duration:, 3.716335
excecuting path...
current error: , 0.215443
current error: , 0.215443
current error: , 0.131719
current error: , 0.048042
current error: , 0.004785
Final error:, 0.001555
Execution successful
Goal signal recieved..
Planning ...
Collision pairs set
goal state set
Using RRT Connect
task setup complete
solving task...
OMPL states:, 200.
path found
Validating path...
valid path found, generating trajectory...
Trajectory points:, 1000.
Duration:, 3.71611
excecuting path...
current error: , 0.217266
current error: , 0.217266
current error: , 0.133559
current error: , 0.049884
current error: , 0.004922
Final error:, 0.001174
Execution successful
Goal signal recieved..
Planning ...
Collision pairs set
goal state set
Using RRT Connect
task setup complete
solving task...
OMPL states:, 200.
path found
Validating path...
valid path found, generating trajectory...
Trajectory points:, 1000.
Duration:, 3.716162
excecuting path...
current error: , 0.215012
current error: , 0.215012
current error: , 0.131283
current error: , 0.047543
current error: , 0.004699
Final error:, 0.001554
Execution successful
Goal signal recieved..
Planning ...
Collision pairs set
goal state set
Using RRT Connect
task setup complete
solving task...
OMPL states:, 200.
path found
Validating path...
Collision detected at state:, 156
Collision pairs:, column0, obs0_collisiondummy
path invalid
Goal signal recieved..
Planning ...
Collision pairs set
goal state set
Using RRT Connect
task setup complete
solving task...
OMPL states:, 200.
path found
Validating path...
valid path found, generating trajectory...
Trajectory points:, 1000.
Duration:, 3.716092
excecuting path...
current error: , 0.217068
current error: , 0.217068
current error: , 0.133396
current error: , 0.049696
current error: , 0.004831
Final error:, 0.001481
Execution successful
Goal signal recieved..
Planning ...
Collision pairs set
goal state set
Using RRT Connect
task setup complete
solving task...
OMPL states:, 200.
path found
Validating path...
valid path found, generating trajectory...
Trajectory points:, 1000.
Duration:, 3.715951
excecuting path...
current error: , 0.214628
current error: , 0.214628
current error: , 0.130893
current error: , 0.04721
current error: , 0.004794
Final error:, 0.00155
Execution successful
Goal signal recieved..
Planning ...
Collision pairs set
goal state set
Using RRT Connect
task setup complete
solving task...
OMPL states:, 200.
path found
Validating path...
Collision detected at state:, 161
Collision pairs:, column0, obs0_collisiondummy
path invalid
Goal signal recieved..
Planning ...
Collision pairs set
goal state set
Using RRT Connect
task setup complete
solving task...
OMPL states:, 200.
path found
Validating path...
valid path found, generating trajectory...
Trajectory points:, 1000.
Duration:, 3.715873
excecuting path...
current error: , 0.212388
current error: , 0.212388
current error: , 0.128707
current error: , 0.04504
current error: , 0.004255
Final error:, 0.001243
Execution successful
Goal signal recieved..
Planning ...
Collision pairs set
goal state set
Using RRT Connect
task setup complete
solving task...
OMPL states:, 200.
path found
Validating path...
valid path found, generating trajectory...
Trajectory points:, 1000.
Duration:, 3.715248
excecuting path...
current error: , 0.209317
current error: , 0.209317
current error: , 0.125564
current error: , 0.041919
current error: , 0.004249
Final error:, 0.001491
Execution successful
Goal signal recieved..
Planning ...
Collision pairs set
goal state set
Using RRT Connect
task setup complete
solving task...
OMPL states:, 200.
path found
Validating path...
valid path found, generating trajectory...
Trajectory points:, 1000.
Duration:, 3.715176
excecuting path...
current error: , 0.211427
current error: , 0.211427
current error: , 0.127749
current error: , 0.044043
current error: , 0.00428
Final error:, 0.001512
Execution successful
Goal signal recieved..
Planning ...
Collision pairs set
goal state set
Using RRT Connect
task setup complete
solving task...
OMPL states:, 200.
path found
Validating path...
valid path found, generating trajectory...
Trajectory points:, 1000.
Duration:, 3.716083
excecuting path...
current error: , 0.210267
current error: , 0.210267
current error: , 0.126554
current error: , 0.042869
current error: , 0.004193
Final error:, 0.001299
Execution successful
Goal signal recieved..
Planning ...
Collision pairs set
goal state set
Using RRT Connect
task setup complete
solving task...
OMPL states:, 200.
path found
Validating path...
valid path found, generating trajectory...
Trajectory points:, 1000.
Duration:, 3.715999
excecuting path...
current error: , 0.212424
current error: , 0.212424
current error: , 0.1287
current error: , 0.045035
current error: , 0.004413
Final error:, 0.001317
Execution successful
Goal signal recieved..
Planning ...
Collision pairs set
goal state set
Using RRT Connect
task setup complete
solving task...
OMPL states:, 200.
path found
Validating path...
valid path found, generating trajectory...
Trajectory points:, 1000.
Duration:, 3.715749
excecuting path...
current error: , 0.237853
current error: , 0.237853
current error: , 0.154141
current error: , 0.070463
current error: , 0.009938
Final error:, 0.003305
Execution successful
Goal signal recieved..
Planning ...
Collision pairs set
goal state set
Using RRT Connect
task setup complete
solving task...
OMPL states:, 200.
path found
Validating path...
Collision detected at state:, 181
Collision pairs:, column0, obs0_collisiondummy
path invalid
Goal signal recieved..
Planning ...
Collision pairs set
goal state set
Using RRT Connect
task setup complete
solving task...
OMPL states:, 200.
path found
Validating path...
Collision detected at state:, 146
Collision pairs:, column0, obs0_collisiondummy
path invalid
Goal signal recieved..
Planning ...
Collision pairs set
goal state set
Using RRT Connect
task setup complete
solving task...
OMPL states:, 200.
path found
Validating path...
valid path found, generating trajectory...
Trajectory points:, 1000.
Duration:, 3.714103
excecuting path...
current error: , 0.210089
current error: , 0.210089
current error: , 0.126349
current error: , 0.042669
current error: , 0.003944
Final error:, 0.001258
Execution successful
[sandboxScript:info]   Simulation stopping...
[sandboxScript:info]   Simulation stopped.
[sandboxScript:info]   Simulation started.
[CoppeliaSim:warning]   Detected non-default settings (time steps and/or dyn. engine global settings).
[sandboxScript:info]   Simulation stopping...
[sandboxScript:info]   Simulation stopped.
[sandboxScript:info]   Simulation started.
[CoppeliaSim:warning]   Detected non-default settings (time steps and/or dyn. engine global settings).
Goal signal recieved..
Planning ...
Collision pairs set
goal state set
Using RRT Connect
task setup complete
solving task...
OMPL states:, 200.
path found
Validating path...
valid path found, generating trajectory...
Trajectory points:, 1000.
Duration:, 3.57513
excecuting path...
current error: , 0.072324
current error: , 0.072324
current error: , 0.006489
Final error:, 0.000675
Execution successful
Goal signal recieved..
Planning ...
Collision pairs set
goal state set
Using RRT Connect
task setup complete
solving task...
OMPL states:, 200.
path found
Validating path...
valid path found, generating trajectory...
Trajectory points:, 1000.
Duration:, 7.918182
excecuting path...
current error: , 0.900372
current error: , 0.900372
current error: , 0.81665
current error: , 0.732927
current error: , 0.649214
current error: , 0.565483
current error: , 0.481742
current error: , 0.398033
current error: , 0.314326
current error: , 0.230643
current error: , 0.146948
current error: , 0.063274
current error: , 0.008426
Final error:, 0.003113
Execution successful
Goal signal recieved..
Planning ...
Collision pairs set
goal state set
Using RRT Connect
task setup complete
solving task...
OMPL states:, 200.
path found
Validating path...
valid path found, generating trajectory...
Trajectory points:, 1000.
Duration:, 3.425585
excecuting path...
current error: , 0.071447
current error: , 0.071447
current error: , 0.00978
Final error:, 0.00304
Execution successful
Goal signal recieved..
Planning ...
Collision pairs set
goal state set
Using RRT Connect
task setup complete
solving task...
OMPL states:, 200.
path found
Validating path...
Collision detected at state:, 196
Collision pairs:, column0, obs0_collisiondummy
path invalid
Goal signal recieved..
Planning ...
Collision pairs set
goal state set
Using RRT Connect
task setup complete
solving task...
OMPL states:, 200.
path found
Validating path...
valid path found, generating trajectory...
Trajectory points:, 1000.
Duration:, 3.714416
excecuting path...
current error: , 0.210662
current error: , 0.210662
current error: , 0.12696
current error: , 0.043297
current error: , 0.004173
Final error:, 0.001384
Execution successful
Goal signal recieved..
Planning ...
Collision pairs set
goal state set
Using RRT Connect
task setup complete
solving task...
OMPL states:, 200.
path found
Validating path...
valid path found, generating trajectory...
Trajectory points:, 1000.
Duration:, 3.715282
excecuting path...
current error: , 0.209349
current error: , 0.209349
current error: , 0.125578
current error: , 0.041858
current error: , 0.00409
Final error:, 0.001634
Execution successful
Goal signal recieved..
Planning ...
Collision pairs set
goal state set
Using RRT Connect
task setup complete
solving task...
OMPL states:, 200.
path found
Validating path...
valid path found, generating trajectory...
Trajectory points:, 1000.
Duration:, 3.716091
excecuting path...
current error: , 0.217158
current error: , 0.217158
current error: , 0.133501
current error: , 0.049849
current error: , 0.004924
Final error:, 0.001381
Execution successful
Goal signal recieved..
Planning ...
Collision pairs set
goal state set
Using RRT Connect
task setup complete
solving task...
OMPL states:, 200.
path found
Validating path...
valid path found, generating trajectory...
Trajectory points:, 1000.
Duration:, 3.716102
excecuting path...
current error: , 0.215054
current error: , 0.215054
current error: , 0.131407
current error: , 0.047716
current error: , 0.004652
Final error:, 0.001463
Execution successful
Goal signal recieved..
Planning ...
Collision pairs set
goal state set
Using RRT Connect
task setup complete
solving task...
OMPL states:, 200.
path found
Validating path...
Collision detected at state:, 176
Collision pairs:, column0, obs0_collisiondummy
path invalid
Goal signal recieved..
Planning ...
Collision pairs set
goal state set
Using RRT Connect
task setup complete
solving task...
OMPL states:, 200.
path found
Validating path...
Collision detected at state:, 186
Collision pairs:, column0, obs0_collisiondummy
path invalid
Goal signal recieved..
Planning ...
Collision pairs set
goal state set
Using RRT Connect
task setup complete
solving task...
OMPL states:, 200.
path found
Validating path...
valid path found, generating trajectory...
Trajectory points:, 1000.
Duration:, 3.71603
excecuting path...
current error: , 0.2173
current error: , 0.2173
current error: , 0.133572
current error: , 0.04985
current error: , 0.00492
Final error:, 0.001402
Execution successful
Goal signal recieved..
Planning ...
Collision pairs set
goal state set
Using RRT Connect
task setup complete
solving task...
OMPL states:, 200.
path found
Validating path...
valid path found, generating trajectory...
Trajectory points:, 1000.
Duration:, 3.716074
excecuting path...
current error: , 0.215224
current error: , 0.215224
current error: , 0.131513
current error: , 0.047813
current error: , 0.004674
Final error:, 0.001773
Execution successful
Goal signal recieved..
Planning ...
Collision pairs set
goal state set
Using RRT Connect
task setup complete
solving task...
OMPL states:, 200.
path found
Validating path...
valid path found, generating trajectory...
Trajectory points:, 1000.
Duration:, 3.715996
excecuting path...
current error: , 0.226496
current error: , 0.226496
current error: , 0.142799
current error: , 0.059102
current error: , 0.007656
Final error:, 0.00295
Execution successful
Goal signal recieved..
Planning ...
Collision pairs set
goal state set
Using RRT Connect
task setup complete
solving task...
OMPL states:, 200.
path found
Validating path...
valid path found, generating trajectory...
Trajectory points:, 1000.
Duration:, 3.714346
excecuting path...
current error: , 0.208009
current error: , 0.208009
current error: , 0.124273
current error: , 0.040569
current error: , 0.00396
Final error:, 0.001658
Execution successful
Goal signal recieved..
Planning ...
Collision pairs set
goal state set
Using RRT Connect
task setup complete
solving task...
OMPL states:, 200.
path found
Validating path...
valid path found, generating trajectory...
Trajectory points:, 1000.
Duration:, 3.715688
excecuting path...
current error: , 0.212198
current error: , 0.212198
current error: , 0.128505
current error: , 0.044831
current error: , 0.004295
Final error:, 0.001615
Execution successful
Goal signal recieved..
Planning ...
Collision pairs set
goal state set
Using RRT Connect
task setup complete
solving task...
OMPL states:, 200.
path found
Validating path...
valid path found, generating trajectory...
Trajectory points:, 1000.
Duration:, 3.716092
excecuting path...
current error: , 0.210337
current error: , 0.210337
current error: , 0.1266
current error: , 0.042897
current error: , 0.004262
Final error:, 0.00156
Execution successful
Goal signal recieved..
Planning ...
Collision pairs set
goal state set
Using RRT Connect
task setup complete
solving task...
OMPL states:, 200.
path found
Validating path...
Collision detected at state:, 156
Collision pairs:, column0, obs0_collisiondummy
path invalid
Goal signal recieved..
Planning ...
Collision pairs set
goal state set
Using RRT Connect
task setup complete
solving task...
OMPL states:, 200.
path found
Validating path...
valid path found, generating trajectory...
Trajectory points:, 1000.
Duration:, 3.715897
excecuting path...
current error: , 0.212357
current error: , 0.212357
current error: , 0.128664
current error: , 0.04498
current error: , 0.004367
Final error:, 0.001183
Execution successful
Goal signal recieved..
Planning ...
Collision pairs set
goal state set
Using RRT Connect
task setup complete
solving task...
OMPL states:, 200.
path found
Validating path...
valid path found, generating trajectory...
Trajectory points:, 1000.
Duration:, 3.716089
excecuting path...
current error: , 0.210247
current error: , 0.210247
current error: , 0.126536
current error: , 0.042864
current error: , 0.004323
Final error:, 0.001552
Execution successful
Goal signal recieved..
Planning ...
Collision pairs set
goal state set
Using RRT Connect
task setup complete
solving task...
OMPL states:, 200.
path found
Validating path...
Collision detected at state:, 166
Collision pairs:, column0, obs0_collisiondummy
path invalid
Goal signal recieved..
Planning ...
Collision pairs set
goal state set
Using RRT Connect
task setup complete
solving task...
OMPL states:, 200.
path found
Validating path...
Collision detected at state:, 181
Collision pairs:, column0, obs0_collisiondummy
path invalid
Goal signal recieved..
Planning ...
Collision pairs set
goal state set
Using RRT Connect
task setup complete
solving task...
OMPL states:, 200.
path found
Validating path...
valid path found, generating trajectory...
Trajectory points:, 1000.
Duration:, 3.716011
excecuting path...
current error: , 0.212415
current error: , 0.212415
current error: , 0.128717
current error: , 0.045031
current error: , 0.004294
Final error:, 0.00108
Execution successful
[sandboxScript:info]   Simulation stopping...
[sandboxScript:info]   Simulation stopped.
[sandboxScript:info]   Simulation started.
[CoppeliaSim:warning]   Detected non-default settings (time steps and/or dyn. engine global settings).
[sandboxScript:info]   Simulation stopping...
[sandboxScript:info]   Simulation stopped.
[sandboxScript:info]   Simulation started.
[CoppeliaSim:warning]   Detected non-default settings (time steps and/or dyn. engine global settings).
Goal signal recieved..
Planning ...
Collision pairs set
goal state set
Using RRT Connect
task setup complete
solving task...
OMPL states:, 200.
path found
Validating path...
valid path found, generating trajectory...
Trajectory points:, 1000.
Duration:, 3.575126
excecuting path...
current error: , 0.101132
current error: , 0.101132
current error: , 0.018822
Final error:, 0.000903
Execution successful
Goal signal recieved..
Planning ...
Collision pairs set
goal state set
Using RRT Connect
task setup complete
solving task...
OMPL states:, 200.
path found
Validating path...
Collision detected at state:, 106
Collision pairs:, link6_visible, table
path invalid
Goal signal recieved..
Planning ...
Collision pairs set
goal state set
Using RRT Connect
task setup complete
solving task...
OMPL states:, 200.
path found
Validating path...
valid path found, generating trajectory...
Trajectory points:, 1000.
Duration:, 5.344844
excecuting path...
current error: , 0.025672
current error: , 0.025672
current error: , 0.00369
Final error:, 0.002119
Execution successful
Goal signal recieved..
Planning ...
Collision pairs set
goal state set
Using RRT Connect
task setup complete
solving task...
OMPL states:, 200.
path found
Validating path...
valid path found, generating trajectory...
Trajectory points:, 1000.
Duration:, 3.426512
excecuting path...
current error: , 0.073307
current error: , 0.073307
current error: , 0.010286
Final error:, 0.003135
Execution successful
Goal signal recieved..
Planning ...
Collision pairs set
goal state set
Using RRT Connect
task setup complete
solving task...
OMPL states:, 200.
path found
Validating path...
Collision detected at state:, 196
Collision pairs:, column0, obs0_collisiondummy
path invalid
Goal signal recieved..
Planning ...
Collision pairs set
goal state set
Using RRT Connect
task setup complete
solving task...
OMPL states:, 200.
path found
Validating path...
Collision detected at state:, 166
Collision pairs:, leftLink2_visible, obs0_collisiondummy
path invalid
Goal signal recieved..
Planning ...
Collision pairs set
goal state set
Using RRT Connect
task setup complete
solving task...
OMPL states:, 200.
path found
Validating path...
valid path found, generating trajectory...
Trajectory points:, 1000.
Duration:, 3.714892
excecuting path...
current error: , 0.210959
current error: , 0.210959
current error: , 0.127264
current error: , 0.043539
current error: , 0.004074
Final error:, 0.001222
Execution successful
Goal signal recieved..
Planning ...
Collision pairs set
goal state set
Using RRT Connect
task setup complete
solving task...
OMPL states:, 200.
path found
Validating path...
valid path found, generating trajectory...
Trajectory points:, 1000.
Duration:, 3.716305
excecuting path...
current error: , 0.21064
current error: , 0.21064
current error: , 0.126906
current error: , 0.043228
current error: , 0.00422
Final error:, 0.001561
Execution successful
Goal signal recieved..
Planning ...
Collision pairs set
goal state set
Using RRT Connect
task setup complete
solving task...
OMPL states:, 200.
path found
Validating path...
valid path found, generating trajectory...
Trajectory points:, 1000.
Duration:, 3.716085
excecuting path...
current error: , 0.21717
current error: , 0.21717
current error: , 0.133474
current error: , 0.049771
current error: , 0.004963
Final error:, 0.001427
Execution successful
Goal signal recieved..
Planning ...
Collision pairs set
goal state set
Using RRT Connect
task setup complete
solving task...
OMPL states:, 200.
path found
Validating path...
valid path found, generating trajectory...
Trajectory points:, 1000.
Duration:, 3.71561
excecuting path...
current error: , 0.214331
current error: , 0.214331
current error: , 0.130626
current error: , 0.046947
current error: , 0.004726
Final error:, 0.001408
Execution successful
Goal signal recieved..
Planning ...
Collision pairs set
goal state set
Using RRT Connect
task setup complete
solving task...
OMPL states:, 200.
path found
Validating path...
valid path found, generating trajectory...
Trajectory points:, 1000.
Duration:, 3.715541
excecuting path...
current error: , 0.216619
current error: , 0.216619
current error: , 0.132948
current error: , 0.04926
current error: , 0.004819
Final error:, 0.001167
Execution successful
Goal signal recieved..
Planning ...
Collision pairs set
goal state set
Using RRT Connect
task setup complete
solving task...
OMPL states:, 200.
path found
Validating path...
valid path found, generating trajectory...
Trajectory points:, 1000.
Duration:, 3.7163
excecuting path...
current error: , 0.215219
current error: , 0.215219
current error: , 0.131473
current error: , 0.047795
current error: , 0.004772
Final error:, 0.001488
Execution successful
Goal signal recieved..
Planning ...
Collision pairs set
goal state set
Using RRT Connect
task setup complete
solving task...
OMPL states:, 200.
path found
Validating path...
Collision detected at state:, 146
Collision pairs:, column0, obs0_collisiondummy
path invalid
Goal signal recieved..
Planning ...
Collision pairs set
goal state set
Using RRT Connect
task setup complete
solving task...
OMPL states:, 200.
path found
Validating path...
Collision detected at state:, 166
Collision pairs:, column0, obs0_collisiondummy
path invalid
Goal signal recieved..
Planning ...
Collision pairs set
goal state set
Using RRT Connect
task setup complete
solving task...
OMPL states:, 200.
path found
Validating path...
valid path found, generating trajectory...
Trajectory points:, 1000.
Duration:, 3.715259
excecuting path...
current error: , 0.18835
current error: , 0.18835
current error: , 0.104651
current error: , 0.02307
current error: , 0.00249
Final error:, 0.00147
Execution successful
Goal signal recieved..
Planning ...
Collision pairs set
goal state set
Using RRT Connect
task setup complete
solving task...
OMPL states:, 200.
path found
Validating path...
valid path found, generating trajectory...
Trajectory points:, 1000.
Duration:, 3.715532
excecuting path...
current error: , 0.20981
current error: , 0.20981
current error: , 0.126119
current error: , 0.042445
current error: , 0.004238
Final error:, 0.001412
Execution successful
Goal signal recieved..
Planning ...
Collision pairs set
goal state set
Using RRT Connect
task setup complete
solving task...
OMPL states:, 200.
path found
Validating path...
Collision detected at state:, 186
Collision pairs:, column0, obs0_collisiondummy
path invalid
Goal signal recieved..
Planning ...
Collision pairs set
goal state set
Using RRT Connect
task setup complete
solving task...
OMPL states:, 200.
path found
Validating path...
Collision detected at state:, 161
Collision pairs:, column0, obs0_collisiondummy
path invalid
Goal signal recieved..
Planning ...
Collision pairs set
goal state set
Using RRT Connect
task setup complete
solving task...
OMPL states:, 200.
path found
Validating path...
valid path found, generating trajectory...
Trajectory points:, 1000.
Duration:, 3.715576
excecuting path...
current error: , 0.211531
current error: , 0.211531
current error: , 0.127849
current error: , 0.044169
current error: , 0.004277
Final error:, 0.001235
Execution successful
Goal signal recieved..
Planning ...
Collision pairs set
goal state set
Using RRT Connect
task setup complete
solving task...
OMPL states:, 200.
path found
Validating path...
valid path found, generating trajectory...
Trajectory points:, 1000.
Duration:, 3.715582
excecuting path...
current error: , 0.209511
current error: , 0.209511
current error: , 0.125788
current error: , 0.042079
current error: , 0.004297
Final error:, 0.001277
Execution successful
Goal signal recieved..
Planning ...
Collision pairs set
goal state set
Using RRT Connect
task setup complete
solving task...
OMPL states:, 200.
path found
Validating path...
Collision detected at state:, 186
Collision pairs:, column0, obs0_collisiondummy
path invalid
Goal signal recieved..
Planning ...
Collision pairs set
goal state set
Using RRT Connect
task setup complete
solving task...
OMPL states:, 200.
path found
Validating path...
valid path found, generating trajectory...
Trajectory points:, 1000.
Duration:, 3.715999
excecuting path...
current error: , 0.212592
current error: , 0.212592
current error: , 0.128892
current error: , 0.045209
current error: , 0.004297
Final error:, 0.001558
Execution successful
Goal signal recieved..
Planning ...
Collision pairs set
goal state set
Using RRT Connect
task setup complete
solving task...
OMPL states:, 200.
path found
Validating path...
valid path found, generating trajectory...
Trajectory points:, 1000.
Duration:, 3.716677
excecuting path...
current error: , 0.211175
current error: , 0.211175
current error: , 0.127451
current error: , 0.043712
current error: , 0.004317
Final error:, 0.001865
Execution successful
Goal signal recieved..
Planning ...
Collision pairs set
goal state set
Using RRT Connect
task setup complete
solving task...
OMPL states:, 200.
path found
Validating path...
Collision detected at state:, 166
Collision pairs:, column0, obs0_collisiondummy
path invalid
Goal signal recieved..
Planning ...
Collision pairs set
goal state set
Using RRT Connect
task setup complete
solving task...
OMPL states:, 200.
path found
Validating path...
Collision detected at state:, 156
Collision pairs:, column0, obs0_collisiondummy
path invalid
Goal signal recieved..
Planning ...
Collision pairs set
goal state set
Using RRT Connect
task setup complete
solving task...
OMPL states:, 200.
path found
Validating path...
valid path found, generating trajectory...
Trajectory points:, 1000.
Duration:, 3.716545
excecuting path...
current error: , 0.21354
current error: , 0.21354
current error: , 0.129849
current error: , 0.046164
current error: , 0.004495
Final error:, 0.001254
Execution successful
[sandboxScript:info]   Simulation stopping...
[sandboxScript:info]   Simulation stopped.
[sandboxScript:info]   Simulation started.
[CoppeliaSim:warning]   Detected non-default settings (time steps and/or dyn. engine global settings).
[sandboxScript:info]   Simulation stopping...
[sandboxScript:info]   Simulation stopped.
[sandboxScript:info]   Simulation started.
[CoppeliaSim:warning]   Detected non-default settings (time steps and/or dyn. engine global settings).
Goal signal recieved..
Planning ...
Collision pairs set
goal state set
Using RRT Connect
task setup complete
solving task...
OMPL states:, 200.
path found
Validating path...
valid path found, generating trajectory...
Trajectory points:, 1000.
Duration:, 3.575061
excecuting path...
current error: , 0.101051
current error: , 0.101051
current error: , 0.018778
Final error:, 0.0009
Execution successful
Goal signal recieved..
Planning ...
Collision pairs set
goal state set
Using RRT Connect
task setup complete
solving task...
OMPL states:, 200.
path found
Validating path...
valid path found, generating trajectory...
Trajectory points:, 1000.
Duration:, 8.30939
excecuting path...
current error: , 0.971985
current error: , 0.971985
current error: , 0.8883
current error: , 0.804631
current error: , 0.72092
current error: , 0.637237
current error: , 0.553557
current error: , 0.469858
current error: , 0.386153
current error: , 0.302456
current error: , 0.218752
current error: , 0.135066
current error: , 0.051394
current error: , 0.006217
Final error:, 0.002588
Execution successful
Goal signal recieved..
Planning ...
Collision pairs set
goal state set
Using RRT Connect
task setup complete
solving task...
OMPL states:, 200.
path found
Validating path...
valid path found, generating trajectory...
Trajectory points:, 1000.
Duration:, 3.426292
excecuting path...
current error: , 0.044461
current error: , 0.044461
current error: , 0.005557
Final error:, 0.0027
Execution successful
Goal signal recieved..
Planning ...
Collision pairs set
goal state set
Using RRT Connect
task setup complete
solving task...
OMPL states:, 200.
path found
Validating path...
valid path found, generating trajectory...
Trajectory points:, 1000.
Duration:, 3.714949
excecuting path...
current error: , 0.210863
current error: , 0.210863
current error: , 0.127132
current error: , 0.043434
current error: , 0.004084
Final error:, 0.001338
Execution successful
Goal signal recieved..
Planning ...
Collision pairs set
goal state set
Using RRT Connect
task setup complete
solving task...
OMPL states:, 200.
path found
Validating path...
valid path found, generating trajectory...
Trajectory points:, 1000.
Duration:, 3.716235
excecuting path...
current error: , 0.210401
current error: , 0.210401
current error: , 0.126726
current error: , 0.043035
current error: , 0.004108
Final error:, 0.001627
Execution successful
Goal signal recieved..
Planning ...
Collision pairs set
goal state set
Using RRT Connect
task setup complete
solving task...
OMPL states:, 200.
path found
Validating path...
valid path found, generating trajectory...
Trajectory points:, 1000.
Duration:, 3.716416
excecuting path...
current error: , 0.21757
current error: , 0.21757
current error: , 0.133851
current error: , 0.050165
current error: , 0.00492
Final error:, 0.001015
Execution successful
Goal signal recieved..
Planning ...
Collision pairs set
goal state set
Using RRT Connect
task setup complete
solving task...
OMPL states:, 200.
path found
Validating path...
valid path found, generating trajectory...
Trajectory points:, 1000.
Duration:, 3.715945
excecuting path...
current error: , 0.214521
current error: , 0.214521
current error: , 0.130796
current error: , 0.047153
current error: , 0.00465
Final error:, 0.001791
Execution successful
Goal signal recieved..
Planning ...
Collision pairs set
goal state set
Using RRT Connect
task setup complete
solving task...
OMPL states:, 200.
path found
Validating path...
valid path found, generating trajectory...
Trajectory points:, 1000.
Duration:, 3.71571
excecuting path...
current error: , 0.216875
current error: , 0.216875
current error: , 0.13316
current error: , 0.049426
current error: , 0.004812
Final error:, 0.001202
Execution successful
Goal signal recieved..
Planning ...
Collision pairs set
goal state set
Using RRT Connect
task setup complete
solving task...
OMPL states:, 200.
path found
Validating path...
valid path found, generating trajectory...
Trajectory points:, 1000.
Duration:, 3.715796
excecuting path...
current error: , 0.21441
current error: , 0.21441
current error: , 0.130648
current error: , 0.046934
current error: , 0.004552
Final error:, 0.001643
Execution successful
Goal signal recieved..
Planning ...
Collision pairs set
goal state set
Using RRT Connect
task setup complete
solving task...
OMPL states:, 200.
path found
Validating path...
valid path found, generating trajectory...
Trajectory points:, 1000.
Duration:, 3.715867
excecuting path...
current error: , 0.189222
current error: , 0.189222
current error: , 0.105528
current error: , 0.023698
current error: , 0.002628
Final error:, 0.001188
Execution successful
Goal signal recieved..
Planning ...
Collision pairs set
goal state set
Using RRT Connect
task setup complete
solving task...
OMPL states:, 200.
path found
Validating path...
valid path found, generating trajectory...
Trajectory points:, 1000.
Duration:, 3.717304
excecuting path...
current error: , 0.211996
current error: , 0.211996
current error: , 0.128285
current error: , 0.044675
current error: , 0.004405
Final error:, 0.001892
Execution successful
Goal signal recieved..
Planning ...
Collision pairs set
goal state set
Using RRT Connect
task setup complete
solving task...
OMPL states:, 200.
path found
Validating path...
Collision detected at state:, 181
Collision pairs:, column0, obs0_collisiondummy
path invalid
Goal signal recieved..
Planning ...
Collision pairs set
goal state set
Using RRT Connect
task setup complete
solving task...
OMPL states:, 200.
path found
Validating path...
valid path found, generating trajectory...
Trajectory points:, 1000.
Duration:, 3.717059
excecuting path...
current error: , 0.213879
current error: , 0.213879
current error: , 0.130177
current error: , 0.046458
current error: , 0.00453
Final error:, 0.001487
Execution successful
Goal signal recieved..
Planning ...
Collision pairs set
goal state set
Using RRT Connect
task setup complete
solving task...
OMPL states:, 200.
path found
Validating path...
valid path found, generating trajectory...
Trajectory points:, 1000.
Duration:, 3.716064
excecuting path...
current error: , 0.210342
current error: , 0.210342
current error: , 0.126615
current error: , 0.042891
current error: , 0.004336
Final error:, 0.00162
Execution successful
Goal signal recieved..
Planning ...
Collision pairs set
goal state set
Using RRT Connect
task setup complete
solving task...
OMPL states:, 200.
path found
Validating path...
valid path found, generating trajectory...
Trajectory points:, 1000.
Duration:, 3.715962
excecuting path...
current error: , 0.212806
current error: , 0.212806
current error: , 0.129101
current error: , 0.045379
current error: , 0.004349
Final error:, 0.001643
Execution successful
Goal signal recieved..
Planning ...
Collision pairs set
goal state set
Using RRT Connect
task setup complete
solving task...
OMPL states:, 200.
path found
Validating path...
valid path found, generating trajectory...
Trajectory points:, 1000.
Duration:, 3.71622
excecuting path...
current error: , 0.21042
current error: , 0.21042
current error: , 0.126718
current error: , 0.043026
current error: , 0.004113
Final error:, 0.001858
Execution successful
Goal signal recieved..
Planning ...
Collision pairs set
goal state set
Using RRT Connect
task setup complete
solving task...
OMPL states:, 200.
path found
Validating path...
valid path found, generating trajectory...
Trajectory points:, 1000.
Duration:, 3.716121
excecuting path...
current error: , 0.212956
current error: , 0.212956
current error: , 0.129249
current error: , 0.045554
current error: , 0.004501
Final error:, 0.001428
Execution successful
[sandboxScript:info]   Simulation stopping...
[sandboxScript:info]   Simulation stopped.
[sandboxScript:info]   Simulation started.
[CoppeliaSim:warning]   Detected non-default settings (time steps and/or dyn. engine global settings).
[sandboxScript:info]   Simulation stopping...
[sandboxScript:info]   Simulation stopped.
[sandboxScript:info]   Simulation started.
[CoppeliaSim:warning]   Detected non-default settings (time steps and/or dyn. engine global settings).
Goal signal recieved..
Planning ...
Collision pairs set
goal state set
Using RRT Connect
task setup complete
solving task...
OMPL states:, 200.
path found
Validating path...
valid path found, generating trajectory...
Trajectory points:, 1000.
Duration:, 3.676345
excecuting path...
current error: , 0.226039
current error: , 0.226039
current error: , 0.114057
current error: , 0.027468
current error: , 0.004636
Final error:, 0.003148
Execution successful
Goal signal recieved..
Planning ...
Collision pairs set
goal state set
Using RRT Connect
task setup complete
solving task...
OMPL states:, 200.
path found
Validating path...
valid path found, generating trajectory...
Trajectory points:, 1000.
Duration:, 7.058738
excecuting path...
current error: , 0.003021
Final error:, 0.003021
Execution successful
Goal signal recieved..
Planning ...
Collision pairs set
goal state set
Using RRT Connect
task setup complete
solving task...
Goal signal recieved..
Planning ...
Collision pairs set
goal state set
Using RRT Connect
task setup complete
solving task...
OMPL states:, 200.
path found
Validating path...
Collision detected at state:, 111
Collision pairs:, leftLink0_visible, obs0_collisiondummy
path invalid
Goal signal recieved..
Planning ...
Collision pairs set
goal state set
Using RRT Connect
task setup complete
solving task...
OMPL states:, 200.
path found
Validating path...
valid path found, generating trajectory...
Trajectory points:, 1000.
Duration:, 7.523647
excecuting path...
current error: , 0.013844
Final error:, 0.013844
Execution successful
Goal signal recieved..
Planning ...
Collision pairs set
goal state set
Using RRT Connect
task setup complete
solving task...
OMPL states:, 200.
path found
Validating path...
Collision detected at state:, 131
Collision pairs:, column2, column0
path invalid
Goal signal recieved..
Planning ...
Collision pairs set
goal state set
Using RRT Connect
task setup complete
solving task...
OMPL states:, 200.
path found
Validating path...
Collision detected at state:, 146
Collision pairs:, column2, table
path invalid
Goal signal recieved..
Planning ...
Collision pairs set
goal state set
Using RRT Connect
task setup complete
solving task...
OMPL states:, 200.
path found
Validating path...
Collision detected at state:, 156
Collision pairs:, column2, table
path invalid
Goal signal recieved..
Planning ...
Collision pairs set
goal state set
Using RRT Connect
task setup complete
solving task...
Goal signal recieved..
Planning ...
Collision pairs set
goal state set
Using RRT Connect
task setup complete
solving task...
OMPL states:, 200.
path found
Validating path...
Collision detected at state:, 131
Collision pairs:, column2, obs0
path invalid
Goal signal recieved..
Planning ...
Collision pairs set
goal state set
Using RRT Connect
task setup complete
solving task...
OMPL states:, 200.
path found
Validating path...
Collision detected at state:, 46
Collision pairs:, column2, obs0_collisiondummy
path invalid
Goal signal recieved..
Planning ...
Collision pairs set
goal state set
Using RRT Connect
task setup complete
solving task...
OMPL states:, 200.
path found
Validating path...
Collision detected at state:, 161
Collision pairs:, column2, table
path invalid
Goal signal recieved..
Planning ...
Collision pairs set
goal state set
Using RRT Connect
task setup complete
solving task...
Goal signal recieved..
Planning ...
Collision pairs set
goal state set
Using RRT Connect
task setup complete
solving task...
OMPL states:, 200.
path found
Validating path...
Collision detected at state:, 101
Collision pairs:, link6_visible, table
path invalid
[sandboxScript:info]   Simulation stopping...
[sandboxScript:info]   Simulation stopped.
[sandboxScript:info]   Simulation started.
[CoppeliaSim:warning]   Detected non-default settings (time steps and/or dyn. engine global settings).
[sandboxScript:info]   Simulation stopping...
[sandboxScript:info]   Simulation stopped.
[sandboxScript:info]   Simulation started.
[CoppeliaSim:warning]   Detected non-default settings (time steps and/or dyn. engine global settings).
Goal signal recieved..
Planning ...
Collision pairs set
goal state set
Using RRT Connect
task setup complete
solving task...
OMPL states:, 200.
path found
Validating path...
valid path found, generating trajectory...
Trajectory points:, 1000.
Duration:, 3.676539
excecuting path...
current error: , 0.225652
current error: , 0.225652
current error: , 0.113931
current error: , 0.027728
current error: , 0.004716
Final error:, 0.003215
Execution successful
Goal signal recieved..
Planning ...
Collision pairs set
goal state set
Using RRT Connect
task setup complete
solving task...
OMPL states:, 200.
path found
Validating path...
valid path found, generating trajectory...
Trajectory points:, 1000.
Duration:, 10.007954
excecuting path...
current error: , 0.83902
current error: , 0.83902
current error: , 0.755315
current error: , 0.671581
current error: , 0.587877
current error: , 0.504169
current error: , 0.420482
current error: , 0.336802
current error: , 0.253099
current error: , 0.169422
current error: , 0.085718
current error: , 0.013009
Final error:, 0.001937
Execution successful
Goal signal recieved..
Planning ...
Collision pairs set
goal state set
Using RRT Connect
task setup complete
solving task...
OMPL states:, 200.
path found
Validating path...
valid path found, generating trajectory...
Trajectory points:, 1000.
Duration:, 7.437623
excecuting path...
current error: , 0.004572
Final error:, 0.004572
Execution successful
Goal signal recieved..
Planning ...
Collision pairs set
goal state set
Using RRT Connect
task setup complete
solving task...
OMPL states:, 200.
path found
Validating path...
Collision detected at state:, 56
Collision pairs:, column2, table
path invalid
Goal signal recieved..
Planning ...
Collision pairs set
goal state set
Using RRT Connect
task setup complete
solving task...
OMPL states:, 200.
path found
Validating path...
Collision detected at state:, 131
Collision pairs:, column2, column0
path invalid
Goal signal recieved..
Planning ...
Collision pairs set
goal state set
Using RRT Connect
task setup complete
solving task...
OMPL states:, 200.
path found
Validating path...
Collision detected at state:, 46
Collision pairs:, column2, obs0
path invalid
Goal signal recieved..
Planning ...
Collision pairs set
goal state set
Using RRT Connect
task setup complete
solving task...
OMPL states:, 200.
path found
Validating path...
Collision detected at state:, 166
Collision pairs:, link6_visible, table
path invalid
Goal signal recieved..
Planning ...
Collision pairs set
goal state set
Using RRT Connect
task setup complete
solving task...
OMPL states:, 200.
path found
Validating path...
Collision detected at state:, 156
Collision pairs:, column2, column0
path invalid
Goal signal recieved..
Planning ...
Collision pairs set
goal state set
Using RRT Connect
task setup complete
solving task...
OMPL states:, 200.
path found
Validating path...
Collision detected at state:, 81
Collision pairs:, column2, obs0_collisiondummy
path invalid
Goal signal recieved..
Planning ...
Collision pairs set
goal state set
Using RRT Connect
task setup complete
solving task...
Goal signal recieved..
Planning ...
Collision pairs set
goal state set
Using RRT Connect
task setup complete
solving task...
OMPL states:, 200.
path found
Validating path...
Collision detected at state:, 71
Collision pairs:, column2, obs0
path invalid
Goal signal recieved..
Planning ...
Collision pairs set
goal state set
Using RRT Connect
task setup complete
solving task...
OMPL states:, 200.
path found
Validating path...
Collision detected at state:, 76
Collision pairs:, column2, table
path invalid
[sandboxScript:info]   Simulation stopping...
[sandboxScript:info]   Simulation stopped.
[sandboxScript:info]   Simulation started.
[CoppeliaSim:warning]   Detected non-default settings (time steps and/or dyn. engine global settings).
[sandboxScript:info]   Simulation stopping...
[sandboxScript:info]   Simulation stopped.
[sandboxScript:info]   Simulation started.
[CoppeliaSim:warning]   Detected non-default settings (time steps and/or dyn. engine global settings).
Goal signal recieved..
Planning ...
Collision pairs set
goal state set
Using RRT Connect
task setup complete
solving task...
OMPL states:, 200.
path found
Validating path...
valid path found, generating trajectory...
Trajectory points:, 1000.
Duration:, 3.676808
excecuting path...
current error: , 0.225112
current error: , 0.225112
current error: , 0.114255
current error: , 0.028028
current error: , 0.00486
Final error:, 0.003319
Execution successful
Goal signal recieved..
Planning ...
Collision pairs set
goal state set
Using RRT Connect
task setup complete
solving task...
OMPL states:, 200.
path found
Validating path...
valid path found, generating trajectory...
Trajectory points:, 1000.
Duration:, 8.140138
excecuting path...
current error: , 0.352467
current error: , 0.352467
current error: , 0.268674
current error: , 0.184917
current error: , 0.101083
current error: , 0.021088
current error: , 0.003247
Final error:, 0.002331
Execution successful
Goal signal recieved..
Planning ...
Collision pairs set
goal state set
Using RRT Connect
task setup complete
solving task...
OMPL states:, 200.
path found
Validating path...
Collision detected at state:, 56
Collision pairs:, leftLink0_visible, obs0_collisiondummy
path invalid
Goal signal recieved..
Planning ...
Collision pairs set
goal state set
Using RRT Connect
task setup complete
solving task...
OMPL states:, 200.
path found
Validating path...
Collision detected at state:, 86
Collision pairs:, leftLink0_visible, obs0
path invalid
Goal signal recieved..
Planning ...
Collision pairs set
goal state set
Using RRT Connect
task setup complete
solving task...
OMPL states:, 200.
path found
Validating path...
valid path found, generating trajectory...
Trajectory points:, 1000.
Duration:, 8.886209
excecuting path...
current error: , 0.001999
Final error:, 0.001999
Execution successful
Goal signal recieved..
Planning ...
Collision pairs set
goal state set
Using RRT Connect
task setup complete
solving task...
OMPL states:, 200.
path found
Validating path...
Collision detected at state:, 51
Collision pairs:, column2, table
path invalid
Goal signal recieved..
Planning ...
Collision pairs set
goal state set
Using RRT Connect
task setup complete
solving task...
OMPL states:, 200.
path found
Validating path...
valid path found, generating trajectory...
Trajectory points:, 1000.
Duration:, 7.315768
excecuting path...
current error: , 0.014472
Final error:, 0.014472
Execution successful
Goal signal recieved..
Planning ...
Collision pairs set
goal state set
Using RRT Connect
task setup complete
solving task...
OMPL states:, 200.
path found
Validating path...
Collision detected at state:, 181
Collision pairs:, leftLink2_visible, column0
path invalid
Goal signal recieved..
Planning ...
Collision pairs set
goal state set
Using RRT Connect
task setup complete
solving task...
OMPL states:, 200.
path found
Validating path...
Collision detected at state:, 166
Collision pairs:, rightLink2_visible, obs1_collisiondummy
path invalid
Goal signal recieved..
Planning ...
Collision pairs set
goal state set
Using RRT Connect
task setup complete
solving task...
OMPL states:, 200.
path found
Validating path...
Collision detected at state:, 166
Collision pairs:, rightLink2_visible, obs1_collisiondummy
path invalid
Goal signal recieved..
Planning ...
Collision pairs set
goal state set
Using RRT Connect
task setup complete
solving task...
OMPL states:, 200.
path found
Validating path...
Collision detected at state:, 181
Collision pairs:, rightLink0_visible, obs1_collisiondummy
path invalid
Goal signal recieved..
Planning ...
Collision pairs set
goal state set
Using RRT Connect
task setup complete
solving task...
OMPL states:, 200.
path found
Validating path...
Collision detected at state:, 181
Collision pairs:, leftLink2_visible, column0
path invalid
Goal signal recieved..
Planning ...
Collision pairs set
goal state set
Using RRT Connect
task setup complete
solving task...
OMPL states:, 200.
path found
Validating path...
valid path found, generating trajectory...
Trajectory points:, 1000.
Duration:, 2.349521
excecuting path...
current error: , 0.003323
Final error:, 0.003323
Execution successful
Goal signal recieved..
Planning ...
Collision pairs set
goal state set
Using RRT Connect
task setup complete
solving task...
OMPL states:, 200.
path found
Validating path...
valid path found, generating trajectory...
Trajectory points:, 1000.
Duration:, 2.543132
excecuting path...
current error: , 0.002528
Final error:, 0.002528
Execution successful
[sandboxScript:info]   Simulation stopping...
[sandboxScript:info]   Simulation stopped.
[sandboxScript:info]   Simulation started.
[CoppeliaSim:warning]   Detected non-default settings (time steps and/or dyn. engine global settings).
[sandboxScript:info]   Simulation stopping...
[sandboxScript:info]   Simulation stopped.
[sandboxScript:info]   Simulation started.
[CoppeliaSim:warning]   Detected non-default settings (time steps and/or dyn. engine global settings).
Goal signal recieved..
Planning ...
Collision pairs set
goal state set
Using RRT Connect
task setup complete
solving task...
OMPL states:, 200.
path found
Validating path...
valid path found, generating trajectory...
Trajectory points:, 1000.
Duration:, 3.67657
excecuting path...
current error: , 0.226342
current error: , 0.226342
current error: , 0.114176
current error: , 0.027721
current error: , 0.004726
Final error:, 0.003185
Execution successful
Goal signal recieved..
Planning ...
Collision pairs set
goal state set
Using RRT Connect
task setup complete
solving task...
OMPL states:, 200.
path found
Validating path...
Collision detected at state:, 66
Collision pairs:, column1, table
path invalid
Goal signal recieved..
Planning ...
Collision pairs set
goal state set
Using RRT Connect
task setup complete
solving task...
OMPL states:, 200.
path found
Validating path...
valid path found, generating trajectory...
Trajectory points:, 1000.
Duration:, 8.559501
excecuting path...
current error: , 0.389217
current error: , 0.389217
current error: , 0.305406
current error: , 0.221536
current error: , 0.137765
current error: , 0.05398
current error: , 0.007003
Final error:, 0.003045
Execution successful
Goal signal recieved..
Planning ...
Collision pairs set
goal state set
Using RRT Connect
task setup complete
solving task...
OMPL states:, 200.
path found
Validating path...
valid path found, generating trajectory...
Trajectory points:, 1000.
Duration:, 8.008743
excecuting path...
current error: , 0.001773
Final error:, 0.001773
Execution successful
Goal signal recieved..
Planning ...
Collision pairs set
goal state set
Using RRT Connect
task setup complete
solving task...
Goal signal recieved..
Planning ...
Collision pairs set
goal state set
Using RRT Connect
task setup complete
solving task...
OMPL states:, 200.
path found
Validating path...
Collision detected at state:, 146
Collision pairs:, link5_visible, table
path invalid
Goal signal recieved..
Planning ...
Collision pairs set
goal state set
Using RRT Connect
task setup complete
solving task...
Goal signal recieved..
Planning ...
Collision pairs set
goal state set
Using RRT Connect
task setup complete
solving task...
Goal signal recieved..
Planning ...
Collision pairs set
goal state set
Using RRT Connect
task setup complete
solving task...
OMPL states:, 200.
path found
Validating path...
Collision detected at state:, 96
Collision pairs:, column2, top
path invalid
Goal signal recieved..
Planning ...
Collision pairs set
goal state set
Using RRT Connect
task setup complete
solving task...
OMPL states:, 200.
path found
Validating path...
Collision detected at state:, 36
Collision pairs:, column2, obs0
path invalid
Goal signal recieved..
Planning ...
Collision pairs set
goal state set
Using RRT Connect
task setup complete
solving task...
OMPL states:, 200.
path found
Validating path...
Collision detected at state:, 81
Collision pairs:, link6_visible, table
path invalid
Goal signal recieved..
Planning ...
Collision pairs set
goal state set
Using RRT Connect
task setup complete
solving task...
OMPL states:, 200.
path found
Validating path...
Collision detected at state:, 176
Collision pairs:, column2, top
path invalid
Goal signal recieved..
Planning ...
Collision pairs set
goal state set
Using RRT Connect
task setup complete
solving task...
OMPL states:, 200.
path found
Validating path...
Collision detected at state:, 191
Collision pairs:, link6_visible, table
path invalid
[sandboxScript:info]   Simulation stopping...
[sandboxScript:info]   Simulation stopped.
[sandboxScript:info]   Simulation started.
[CoppeliaSim:warning]   Detected non-default settings (time steps and/or dyn. engine global settings).
[sandboxScript:info]   Simulation stopping...
[sandboxScript:info]   Simulation stopped.
[sandboxScript:info]   Simulation started.
[CoppeliaSim:warning]   Detected non-default settings (time steps and/or dyn. engine global settings).
Goal signal recieved..
Planning ...
Collision pairs set
goal state set
Using RRT Connect
task setup complete
solving task...
OMPL states:, 200.
path found
Validating path...
valid path found, generating trajectory...
Trajectory points:, 1000.
Duration:, 3.676617
excecuting path...
current error: , 0.18654
current error: , 0.18654
current error: , 0.083068
current error: , 0.012041
Final error:, 0.001706
Execution successful
Goal signal recieved..
Planning ...
Collision pairs set
goal state set
Using RRT Connect
task setup complete
solving task...
OMPL states:, 200.
path found
Validating path...
Collision detected at state:, 116
Collision pairs:, column1, table
path invalid
Goal signal recieved..
Planning ...
Collision pairs set
goal state set
Using RRT Connect
task setup complete
solving task...
OMPL states:, 200.
path found
Validating path...
valid path found, generating trajectory...
Trajectory points:, 1000.
Duration:, 9.375128
excecuting path...
current error: , 0.615096
current error: , 0.615096
current error: , 0.531383
current error: , 0.447639
current error: , 0.363956
current error: , 0.280281
current error: , 0.196598
current error: , 0.11292
current error: , 0.029439
current error: , 0.002741
Final error:, 0.001983
Execution successful
Goal signal recieved..
Planning ...
Collision pairs set
goal state set
Using RRT Connect
task setup complete
solving task...
OMPL states:, 200.
path found
Validating path...
valid path found, generating trajectory...
Trajectory points:, 1000.
Duration:, 12.357389
excecuting path...
current error: , 0.671711
current error: , 0.671711
current error: , 0.5887
current error: , 0.505848
current error: , 0.422932
current error: , 0.339862
current error: , 0.256778
current error: , 0.174022
current error: , 0.090798
current error: , 0.015612
Final error:, 0.002054
Execution successful
Goal signal recieved..
Planning ...
Collision pairs set
goal state set
Using RRT Connect
task setup complete
solving task...
OMPL states:, 200.
path found
Validating path...
Collision detected at state:, 66
Collision pairs:, column2, table
path invalid
Goal signal recieved..
Planning ...
Collision pairs set
goal state set
Using RRT Connect
task setup complete
solving task...
OMPL states:, 200.
path found
Validating path...
Collision detected at state:, 66
Collision pairs:, link4_visible, table
path invalid
Goal signal recieved..
Planning ...
Collision pairs set
goal state set
Using RRT Connect
task setup complete
solving task...
OMPL states:, 200.
path found
Validating path...
valid path found, generating trajectory...
Trajectory points:, 1000.
Duration:, 11.42412
excecuting path...
current error: , 1.393478
current error: , 1.393478
current error: , 1.30976
current error: , 1.226065
current error: , 1.142352
current error: , 1.058623
current error: , 0.97491
current error: , 0.891176
current error: , 0.80746
current error: , 0.723751
current error: , 0.640064
current error: , 0.556382
current error: , 0.472705
current error: , 0.389009
current error: , 0.305311
current error: , 0.221611
current error: , 0.137926
current error: , 0.054227
current error: , 0.005222
Final error:, 0.001406
Execution successful
Goal signal recieved..
Planning ...
Collision pairs set
goal state set
Using RRT Connect
task setup complete
solving task...
OMPL states:, 200.
path found
Validating path...
valid path found, generating trajectory...
Trajectory points:, 1000.
Duration:, 2.350443
excecuting path...
current error: , 0.003383
Final error:, 0.003383
Execution successful
Goal signal recieved..
Planning ...
Collision pairs set
goal state set
Using RRT Connect
task setup complete
solving task...
OMPL states:, 200.
path found
Validating path...
valid path found, generating trajectory...
Trajectory points:, 1000.
Duration:, 2.542788
excecuting path...
current error: , 0.002573
Final error:, 0.002573
Execution successful
[sandboxScript:info]   Simulation stopping...
[sandboxScript:info]   Simulation stopped.
[sandboxScript:info]   Simulation started.
[CoppeliaSim:warning]   Detected non-default settings (time steps and/or dyn. engine global settings).
[sandboxScript:info]   Simulation stopping...
[sandboxScript:info]   Simulation stopped.
[sandboxScript:info]   Simulation started.
[CoppeliaSim:warning]   Detected non-default settings (time steps and/or dyn. engine global settings).
Goal signal recieved..
Planning ...
Collision pairs set
goal state set
Using RRT Connect
task setup complete
solving task...
OMPL states:, 200.
path found
Validating path...
valid path found, generating trajectory...
Trajectory points:, 1000.
Duration:, 3.676318
excecuting path...
current error: , 0.225916
current error: , 0.225916
current error: , 0.113989
current error: , 0.02739
current error: , 0.004706
Final error:, 0.003177
Execution successful
Goal signal recieved..
Planning ...
Collision pairs set
goal state set
Using RRT Connect
task setup complete
solving task...
OMPL states:, 200.
path found
Validating path...
valid path found, generating trajectory...
Trajectory points:, 1000.
Duration:, 8.082844
excecuting path...
current error: , 0.001911
Final error:, 0.001911
Execution successful
Goal signal recieved..
Planning ...
Collision pairs set
goal state set
Using RRT Connect
task setup complete
solving task...
OMPL states:, 200.
path found
Validating path...
Collision detected at state:, 76
Collision pairs:, leftLink0_visible, obs0_collisiondummy
path invalid
Goal signal recieved..
Planning ...
Collision pairs set
goal state set
Using RRT Connect
task setup complete
solving task...
OMPL states:, 200.
path found
Validating path...
valid path found, generating trajectory...
Trajectory points:, 1000.
Duration:, 8.299838
excecuting path...
current error: , 0.003626
Final error:, 0.003626
Execution successful
Goal signal recieved..
Planning ...
Collision pairs set
goal state set
Using RRT Connect
task setup complete
solving task...
OMPL states:, 200.
path found
Validating path...
valid path found, generating trajectory...
Trajectory points:, 1000.
Duration:, 8.577327
excecuting path...
current error: , 0.001696
Final error:, 0.001696
Execution successful
Goal signal recieved..
Planning ...
Collision pairs set
goal state set
Using RRT Connect
task setup complete
solving task...
OMPL states:, 200.
path found
Validating path...
Collision detected at state:, 181
Collision pairs:, leftLink2_visible, column0
path invalid
Goal signal recieved..
Planning ...
Collision pairs set
goal state set
Using RRT Connect
task setup complete
solving task...
OMPL states:, 200.
path found
Validating path...
Collision detected at state:, 181
Collision pairs:, leftLink2_visible, column0
path invalid
Goal signal recieved..
Planning ...
Collision pairs set
goal state set
Using RRT Connect
task setup complete
solving task...
OMPL states:, 200.
path found
Validating path...
Collision detected at state:, 181
Collision pairs:, leftLink2_visible, column0
path invalid
Goal signal recieved..
Planning ...
Collision pairs set
goal state set
Using RRT Connect
task setup complete
solving task...
OMPL states:, 200.
path found
Validating path...
Collision detected at state:, 181
Collision pairs:, leftLink2_visible, column0
path invalid
Goal signal recieved..
Planning ...
Collision pairs set
goal state set
Using RRT Connect
task setup complete
solving task...
OMPL states:, 200.
path found
Validating path...
Collision detected at state:, 181
Collision pairs:, leftLink2_visible, column0
path invalid
Goal signal recieved..
Planning ...
Collision pairs set
goal state set
Using RRT Connect
task setup complete
solving task...
OMPL states:, 200.
path found
Validating path...
valid path found, generating trajectory...
Trajectory points:, 1000.
Duration:, 2.350206
excecuting path...
current error: , 0.003409
Final error:, 0.003409
Execution successful
Goal signal recieved..
Planning ...
Collision pairs set
goal state set
Using RRT Connect
task setup complete
solving task...
OMPL states:, 200.
path found
Validating path...
valid path found, generating trajectory...
Trajectory points:, 1000.
Duration:, 2.542993
excecuting path...
current error: , 0.002509
Final error:, 0.002509
Execution successful
[sandboxScript:info]   Simulation stopping...
[sandboxScript:info]   Simulation stopped.
[sandboxScript:info]   Simulation started.
[CoppeliaSim:warning]   Detected non-default settings (time steps and/or dyn. engine global settings).
[sandboxScript:info]   Simulation stopping...
[sandboxScript:info]   Simulation stopped.
[sandboxScript:info]   Simulation started.
[CoppeliaSim:warning]   Detected non-default settings (time steps and/or dyn. engine global settings).
Goal signal recieved..
Planning ...
Collision pairs set
goal state set
Using RRT Connect
task setup complete
solving task...
OMPL states:, 200.
path found
Validating path...
valid path found, generating trajectory...
Trajectory points:, 1000.
Duration:, 3.676267
excecuting path...
current error: , 0.225796
current error: , 0.225796
current error: , 0.113896
current error: , 0.02734
current error: , 0.004698
Final error:, 0.003171
Execution successful
Goal signal recieved..
Planning ...
Collision pairs set
goal state set
Using RRT Connect
task setup complete
solving task...
OMPL states:, 200.
path found
Validating path...
valid path found, generating trajectory...
Trajectory points:, 1000.
Duration:, 6.852212
excecuting path...
current error: , 0.002037
Final error:, 0.002037
Execution successful
Goal signal recieved..
Planning ...
Collision pairs set
goal state set
Using RRT Connect
task setup complete
solving task...
OMPL states:, 200.
path found
Validating path...
valid path found, generating trajectory...
Trajectory points:, 1000.
Duration:, 8.540954
excecuting path...
current error: , 0.00461
Final error:, 0.00461
Execution successful
Goal signal recieved..
Planning ...
Collision pairs set
goal state set
Using RRT Connect
task setup complete
solving task...
OMPL states:, 200.
path found
Validating path...
valid path found, generating trajectory...
Trajectory points:, 1000.
Duration:, 9.822079
excecuting path...
current error: , 0.276443
current error: , 0.276443
current error: , 0.192724
current error: , 0.108992
current error: , 0.026208
current error: , 0.002639
Final error:, 0.000649
Execution successful
Goal signal recieved..
Planning ...
Collision pairs set
goal state set
Using RRT Connect
task setup complete
solving task...
OMPL states:, 200.
path found
Validating path...
Collision detected at state:, 181
Collision pairs:, rightLink0_visible, obs1_collisiondummy
path invalid
Goal signal recieved..
Planning ...
Collision pairs set
goal state set
Using RRT Connect
task setup complete
solving task...
OMPL states:, 200.
path found
Validating path...
Collision detected at state:, 181
Collision pairs:, leftLink2_visible, column0
path invalid
Goal signal recieved..
Planning ...
Collision pairs set
goal state set
Using RRT Connect
task setup complete
solving task...
OMPL states:, 200.
path found
Validating path...
Collision detected at state:, 181
Collision pairs:, leftLink2_visible, column0
path invalid
Goal signal recieved..
Planning ...
Collision pairs set
goal state set
Using RRT Connect
task setup complete
solving task...
OMPL states:, 200.
path found
Validating path...
Collision detected at state:, 181
Collision pairs:, leftLink2_visible, column0
path invalid
Goal signal recieved..
Planning ...
Collision pairs set
goal state set
Using RRT Connect
task setup complete
solving task...
OMPL states:, 200.
path found
Validating path...
Collision detected at state:, 181
Collision pairs:, leftLink2_visible, column0
path invalid
Goal signal recieved..
Planning ...
Collision pairs set
goal state set
Using RRT Connect
task setup complete
solving task...
OMPL states:, 200.
path found
Validating path...
Collision detected at state:, 181
Collision pairs:, leftLink2_visible, column0
path invalid
Goal signal recieved..
Planning ...
Collision pairs set
goal state set
Using RRT Connect
task setup complete
solving task...
OMPL states:, 200.
path found
Validating path...
valid path found, generating trajectory...
Trajectory points:, 1000.
Duration:, 2.349962
excecuting path...
current error: , 0.003339
Final error:, 0.003339
Execution successful
Goal signal recieved..
Planning ...
Collision pairs set
goal state set
Using RRT Connect
task setup complete
solving task...
OMPL states:, 200.
path found
Validating path...
valid path found, generating trajectory...
Trajectory points:, 1000.
Duration:, 2.54286
excecuting path...
current error: , 0.002501
Final error:, 0.002501
Execution successful
[sandboxScript:info]   Simulation stopping...
[sandboxScript:info]   Simulation stopped.
[sandboxScript:info]   Simulation started.
[CoppeliaSim:warning]   Detected non-default settings (time steps and/or dyn. engine global settings).
[sandboxScript:info]   Simulation stopping...
[sandboxScript:info]   Simulation stopped.
[sandboxScript:info]   Simulation started.
[CoppeliaSim:warning]   Detected non-default settings (time steps and/or dyn. engine global settings).
Goal signal recieved..
Planning ...
Collision pairs set
goal state set
Using RRT Connect
task setup complete
solving task...
OMPL states:, 200.
path found
Validating path...
valid path found, generating trajectory...
Trajectory points:, 1000.
Duration:, 3.676548
excecuting path...
current error: , 0.226037
current error: , 0.226037
current error: , 0.1143
current error: , 0.02765
current error: , 0.004648
Final error:, 0.003219
Execution successful
Goal signal recieved..
Planning ...
Collision pairs set
goal state set
Using RRT Connect
task setup complete
solving task...
OMPL states:, 200.
path found
Validating path...
valid path found, generating trajectory...
Trajectory points:, 1000.
Duration:, 7.812783
excecuting path...
current error: , 0.09659
current error: , 0.09659
current error: , 0.018009
Final error:, 0.002532
Execution successful
Goal signal recieved..
Planning ...
Collision pairs set
goal state set
Using RRT Connect
task setup complete
solving task...
OMPL states:, 200.
path found
Validating path...
valid path found, generating trajectory...
Trajectory points:, 1000.
Duration:, 8.997556
excecuting path...
current error: , 0.002794
Final error:, 0.002794
Execution successful
Goal signal recieved..
Planning ...
Collision pairs set
goal state set
Using RRT Connect
task setup complete
solving task...
OMPL states:, 200.
path found
Validating path...
Collision detected at state:, 26
Collision pairs:, link6_visible, table
path invalid
Goal signal recieved..
Planning ...
Collision pairs set
goal state set
Using RRT Connect
task setup complete
solving task...
OMPL states:, 200.
path found
Validating path...
Collision detected at state:, 176
Collision pairs:, link6_visible, table
path invalid
Goal signal recieved..
Planning ...
Collision pairs set
goal state set
Using RRT Connect
task setup complete
solving task...
OMPL states:, 200.
path found
Validating path...
Collision detected at state:, 151
Collision pairs:, column2, table
path invalid
Goal signal recieved..
Planning ...
Collision pairs set
goal state set
Using RRT Connect
task setup complete
solving task...
OMPL states:, 200.
path found
Validating path...
Collision detected at state:, 196
Collision pairs:, link6_visible, table
path invalid
Goal signal recieved..
Planning ...
Collision pairs set
goal state set
Using RRT Connect
task setup complete
solving task...
OMPL states:, 200.
path found
Validating path...
Collision detected at state:, 66
Collision pairs:, column2, table
path invalid
Goal signal recieved..
Planning ...
Collision pairs set
goal state set
Using RRT Connect
task setup complete
solving task...
OMPL states:, 200.
path found
Validating path...
valid path found, generating trajectory...
Trajectory points:, 1000.
Duration:, 6.784858
excecuting path...
current error: , 0.004455
Final error:, 0.004455
Execution successful
Goal signal recieved..
Planning ...
Collision pairs set
goal state set
Using RRT Connect
task setup complete
solving task...
OMPL states:, 200.
path found
Validating path...
Collision detected at state:, 191
Collision pairs:, rightLink0_visible, obs1_collisiondummy
path invalid
Goal signal recieved..
Planning ...
Collision pairs set
goal state set
Using RRT Connect
task setup complete
solving task...
OMPL states:, 200.
path found
Validating path...
Collision detected at state:, 186
Collision pairs:, rightLink0_visible, obs1_collisiondummy
path invalid
Goal signal recieved..
Planning ...
Collision pairs set
goal state set
Using RRT Connect
task setup complete
solving task...
OMPL states:, 200.
path found
Validating path...
Collision detected at state:, 186
Collision pairs:, rightLink0_visible, obs1_collisiondummy
path invalid
Goal signal recieved..
Planning ...
Collision pairs set
goal state set
Using RRT Connect
task setup complete
solving task...
OMPL states:, 200.
path found
Validating path...
Collision detected at state:, 181
Collision pairs:, leftLink2_visible, column0
path invalid
Goal signal recieved..
Planning ...
Collision pairs set
goal state set
Using RRT Connect
task setup complete
solving task...
OMPL states:, 200.
path found
Validating path...
Collision detected at state:, 181
Collision pairs:, leftLink2_visible, column0
path invalid
Goal signal recieved..
Planning ...
Collision pairs set
goal state set
Using RRT Connect
task setup complete
solving task...
OMPL states:, 200.
path found
Validating path...
Collision detected at state:, 191
Collision pairs:, rightLink0_visible, obs1_collisiondummy
path invalid
Goal signal recieved..
Planning ...
Collision pairs set
goal state set
Using RRT Connect
task setup complete
solving task...
OMPL states:, 200.
path found
Validating path...
Collision detected at state:, 161
Collision pairs:, rightLink2_visible, obs1_collisiondummy
path invalid
Goal signal recieved..
Planning ...
Collision pairs set
goal state set
Using RRT Connect
task setup complete
solving task...
OMPL states:, 200.
path found
Validating path...
Collision detected at state:, 181
Collision pairs:, leftLink2_visible, column0
path invalid
Goal signal recieved..
Planning ...
Collision pairs set
goal state set
Using RRT Connect
task setup complete
solving task...
OMPL states:, 200.
path found
Validating path...
Collision detected at state:, 181
Collision pairs:, leftLink2_visible, column0
path invalid
[sandboxScript:info]   Simulation stopping...
[sandboxScript:info]   Simulation stopped.
[sandboxScript:info]   Simulation started.
[CoppeliaSim:warning]   Detected non-default settings (time steps and/or dyn. engine global settings).
[sandboxScript:info]   Simulation stopping...
[sandboxScript:info]   Simulation stopped.
[sandboxScript:info]   Simulation started.
[CoppeliaSim:warning]   Detected non-default settings (time steps and/or dyn. engine global settings).
Goal signal recieved..
Planning ...
Collision pairs set
goal state set
Using RRT Connect
task setup complete
solving task...
OMPL states:, 200.
path found
Validating path...
valid path found, generating trajectory...
Trajectory points:, 1000.
Duration:, 3.676777
excecuting path...
current error: , 0.226443
current error: , 0.226443
current error: , 0.114562
current error: , 0.027807
current error: , 0.004777
Final error:, 0.003311
Execution successful
Goal signal recieved..
Planning ...
Collision pairs set
goal state set
Using RRT Connect
task setup complete
solving task...
OMPL states:, 200.
path found
Validating path...
valid path found, generating trajectory...
Trajectory points:, 1000.
Duration:, 7.42556
excecuting path...
current error: , 0.003881
Final error:, 0.003881
Execution successful
Goal signal recieved..
Planning ...
Collision pairs set
goal state set
Using RRT Connect
task setup complete
solving task...
Goal signal recieved..
Planning ...
Collision pairs set
goal state set
Using RRT Connect
task setup complete
solving task...
OMPL states:, 200.
path found
Validating path...
valid path found, generating trajectory...
Trajectory points:, 1000.
Duration:, 10.219276
excecuting path...
current error: , 0.367737
current error: , 0.367737
current error: , 0.284001
current error: , 0.200271
current error: , 0.116595
current error: , 0.032911
current error: , 0.004022
Final error:, 0.001953
Execution successful
Goal signal recieved..
Planning ...
Collision pairs set
goal state set
Using RRT Connect
task setup complete
solving task...
OMPL states:, 200.
path found
Validating path...
Collision detected at state:, 21
Collision pairs:, column2, obs0
path invalid
Goal signal recieved..
Planning ...
Collision pairs set
goal state set
Using RRT Connect
task setup complete
solving task...
OMPL states:, 200.
path found
Validating path...
Collision detected at state:, 96
Collision pairs:, link6_visible, table
path invalid
Goal signal recieved..
Planning ...
Collision pairs set
goal state set
Using RRT Connect
task setup complete
solving task...
OMPL states:, 200.
path found
Validating path...
Collision detected at state:, 66
Collision pairs:, column2, table
path invalid
Goal signal recieved..
Planning ...
Collision pairs set
goal state set
Using RRT Connect
task setup complete
solving task...
OMPL states:, 200.
path found
Validating path...
Collision detected at state:, 61
Collision pairs:, link6_visible, table
path invalid
Goal signal recieved..
Planning ...
Collision pairs set
goal state set
Using RRT Connect
task setup complete
solving task...
OMPL states:, 200.
path found
Validating path...
Collision detected at state:, 151
Collision pairs:, column2, column0
path invalid
Goal signal recieved..
Planning ...
Collision pairs set
goal state set
Using RRT Connect
task setup complete
solving task...
OMPL states:, 200.
path found
Validating path...
valid path found, generating trajectory...
Trajectory points:, 1000.
Duration:, 17.594149
excecuting path...
current error: , 0.555543
current error: , 0.555543
current error: , 0.437525
current error: , 0.319843
current error: , 0.20301
current error: , 0.090556
current error: , 0.013642
Final error:, 0.001813
Execution successful
Goal signal recieved..
Planning ...
Collision pairs set
goal state set
Using RRT Connect
task setup complete
solving task...
OMPL states:, 200.
path found
Validating path...
Collision detected at state:, 166
Collision pairs:, rightLink2_visible, obs1_collisiondummy
path invalid
Goal signal recieved..
Planning ...
Collision pairs set
goal state set
Using RRT Connect
task setup complete
solving task...
OMPL states:, 200.
path found
Validating path...
Collision detected at state:, 181
Collision pairs:, leftLink2_visible, column0
path invalid
Goal signal recieved..
Planning ...
Collision pairs set
goal state set
Using RRT Connect
task setup complete
solving task...
OMPL states:, 200.
path found
Validating path...
valid path found, generating trajectory...
Trajectory points:, 1000.
Duration:, 2.350586
excecuting path...
current error: , 0.003412
Final error:, 0.003412
Execution successful
Goal signal recieved..
Planning ...
Collision pairs set
goal state set
Using RRT Connect
task setup complete
solving task...
OMPL states:, 200.
path found
Validating path...
valid path found, generating trajectory...
Trajectory points:, 1000.
Duration:, 2.542816
excecuting path...
current error: , 0.002606
Final error:, 0.002606
Execution successful
[sandboxScript:info]   Simulation stopping...
[sandboxScript:info]   Simulation stopped.
[sandboxScript:info]   Simulation started.
[CoppeliaSim:warning]   Detected non-default settings (time steps and/or dyn. engine global settings).
[sandboxScript:info]   Simulation stopping...
[sandboxScript:info]   Simulation stopped.
[sandboxScript:info]   Simulation started.
[CoppeliaSim:warning]   Detected non-default settings (time steps and/or dyn. engine global settings).
Goal signal recieved..
Planning ...
Collision pairs set
goal state set
Using RRT Connect
task setup complete
solving task...
OMPL states:, 200.
path found
Validating path...
valid path found, generating trajectory...
Trajectory points:, 1000.
Duration:, 3.676508
excecuting path...
current error: , 0.226264
current error: , 0.226264
current error: , 0.114145
current error: , 0.027631
current error: , 0.004665
Final error:, 0.003309
Execution successful
Goal signal recieved..
Planning ...
Collision pairs set
goal state set
Using RRT Connect
task setup complete
solving task...
Goal signal recieved..
Planning ...
Collision pairs set
goal state set
Using RRT Connect
task setup complete
solving task...
Goal signal recieved..
Planning ...
Collision pairs set
goal state set
Using RRT Connect
task setup complete
solving task...
OMPL states:, 200.
path found
Validating path...
valid path found, generating trajectory...
Trajectory points:, 1000.
Duration:, 7.45566
excecuting path...
current error: , 0.002279
Final error:, 0.002279
Execution successful
Goal signal recieved..
Planning ...
Collision pairs set
goal state set
Using RRT Connect
task setup complete
solving task...
OMPL states:, 200.
path found
Validating path...
Collision detected at state:, 81
Collision pairs:, rightLink0_visible, obs0_collisiondummy
path invalid
Goal signal recieved..
Planning ...
Collision pairs set
goal state set
Using RRT Connect
task setup complete
solving task...
OMPL states:, 200.
path found
Validating path...
Collision detected at state:, 71
Collision pairs:, link6_visible, assembly_table
path invalid
Goal signal recieved..
Planning ...
Collision pairs set
goal state set
Using RRT Connect
task setup complete
solving task...
OMPL states:, 200.
path found
Validating path...
Collision detected at state:, 121
Collision pairs:, leftLink0_visible, obs0_collisiondummy
path invalid
Goal signal recieved..
Planning ...
Collision pairs set
goal state set
Using RRT Connect
task setup complete
solving task...
OMPL states:, 200.
path found
Validating path...
Collision detected at state:, 101
Collision pairs:, leftLink2_visible, obs0_collisiondummy
path invalid
Goal signal recieved..
Planning ...
Collision pairs set
goal state set
Using RRT Connect
task setup complete
solving task...
OMPL states:, 200.
path found
Validating path...
Collision detected at state:, 91
Collision pairs:, leftLink0_visible, obs0_collisiondummy
path invalid
Goal signal recieved..
Planning ...
Collision pairs set
goal state set
Using RRT Connect
task setup complete
solving task...
OMPL states:, 200.
path found
Validating path...
Collision detected at state:, 96
Collision pairs:, baseVisible, obs0_collisiondummy
path invalid
Goal signal recieved..
Planning ...
Collision pairs set
goal state set
Using RRT Connect
task setup complete
solving task...
OMPL states:, 200.
path found
Validating path...
valid path found, generating trajectory...
Trajectory points:, 1000.
Duration:, 7.594197
excecuting path...
current error: , 0.005025
Final error:, 0.005025
Execution successful
Goal signal recieved..
Planning ...
Collision pairs set
goal state set
Using RRT Connect
task setup complete
solving task...
OMPL states:, 200.
path found
Validating path...
Collision detected at state:, 91
Collision pairs:, link4_visible, table
path invalid
Goal signal recieved..
Planning ...
Collision pairs set
goal state set
Using RRT Connect
task setup complete
solving task...
OMPL states:, 200.
path found
Validating path...
Collision detected at state:, 61
Collision pairs:, column2, table
path invalid
Goal signal recieved..
Planning ...
Collision pairs set
goal state set
Using RRT Connect
task setup complete
solving task...
OMPL states:, 200.
path found
Validating path...
Collision detected at state:, 36
Collision pairs:, column2, table
path invalid
Goal signal recieved..
Planning ...
Collision pairs set
goal state set
Using RRT Connect
task setup complete
solving task...
OMPL states:, 200.
path found
Validating path...
Collision detected at state:, 151
Collision pairs:, column2, table
path invalid
Goal signal recieved..
Planning ...
Collision pairs set
goal state set
Using RRT Connect
task setup complete
solving task...
OMPL states:, 200.
path found
Validating path...
Collision detected at state:, 76
Collision pairs:, column2, table
path invalid
Goal signal recieved..
Planning ...
Collision pairs set
goal state set
Using RRT Connect
task setup complete
solving task...
OMPL states:, 200.
path found
Validating path...
Collision detected at state:, 131
Collision pairs:, column2, obs0_collisiondummy
path invalid
Goal signal recieved..
Planning ...
Collision pairs set
goal state set
Using RRT Connect
task setup complete
solving task...
OMPL states:, 200.
path found
Validating path...
Collision detected at state:, 91
Collision pairs:, column2, table
path invalid
Goal signal recieved..
Planning ...
Collision pairs set
goal state set
Using RRT Connect
task setup complete
solving task...
OMPL states:, 200.
path found
Validating path...
Collision detected at state:, 56
Collision pairs:, column2, obs0
path invalid
Goal signal recieved..
Planning ...
Collision pairs set
goal state set
Using RRT Connect
task setup complete
solving task...
OMPL states:, 200.
path found
Validating path...
valid path found, generating trajectory...
Trajectory points:, 1000.
Duration:, 10.824811
excecuting path...
current error: , 2.825624
current error: , 2.825624
current error: , 2.742385
current error: , 2.659246
current error: , 2.576094
current error: , 2.4929
current error: , 2.409768
current error: , 2.326759
current error: , 2.243733
current error: , 2.160751
current error: , 2.077882
current error: , 1.994716
current error: , 1.911713
current error: , 1.82861
current error: , 1.745541
current error: , 1.662406
current error: , 1.579179
current error: , 1.496085
current error: , 1.413136
current error: , 1.329899
current error: , 1.24658
current error: , 1.163353
current error: , 1.080242
current error: , 0.997219
current error: , 0.913901
current error: , 0.830838
current error: , 0.74789
current error: , 0.66475
current error: , 0.581622
current error: , 0.498648
current error: , 0.415419
current error: , 0.332397
current error: , 0.2493
current error: , 0.166248
current error: , 0.083289
current error: , 0.012414
Final error:, 0.001704
Execution successful
Goal signal recieved..
Planning ...
Collision pairs set
goal state set
Using RRT Connect
task setup complete
solving task...
OMPL states:, 200.
path found
Validating path...
Collision detected at state:, 176
Collision pairs:, rightLink0_visible, obs1_collisiondummy
path invalid
Goal signal recieved..
Planning ...
Collision pairs set
goal state set
Using RRT Connect
task setup complete
solving task...
OMPL states:, 200.
path found
Validating path...
Collision detected at state:, 171
Collision pairs:, rightLink2_visible, obs1_collisiondummy
path invalid
Goal signal recieved..
Planning ...
Collision pairs set
goal state set
Using RRT Connect
task setup complete
solving task...
OMPL states:, 200.
path found
Validating path...
Collision detected at state:, 171
Collision pairs:, rightLink2_visible, obs1_collisiondummy
path invalid
Goal signal recieved..
Planning ...
Collision pairs set
goal state set
Using RRT Connect
task setup complete
solving task...
OMPL states:, 200.
path found
Validating path...
valid path found, generating trajectory...
Trajectory points:, 1000.
Duration:, 2.350832
excecuting path...
current error: , 0.003437
Final error:, 0.003437
Execution successful
[sandboxScript:info]   Simulation stopping...
[sandboxScript:info]   Simulation stopped.
[sandboxScript:info]   Simulation started.
[CoppeliaSim:warning]   Detected non-default settings (time steps and/or dyn. engine global settings).
[sandboxScript:info]   Simulation stopping...
[sandboxScript:info]   Simulation stopped.
[sandboxScript:info]   Simulation started.
[CoppeliaSim:warning]   Detected non-default settings (time steps and/or dyn. engine global settings).
Goal signal recieved..
Planning ...
Collision pairs set
goal state set
Using RRT Connect
task setup complete
solving task...
OMPL states:, 200.
path found
Validating path...
valid path found, generating trajectory...
Trajectory points:, 1000.
Duration:, 3.676022
excecuting path...
current error: , 0.18603
current error: , 0.18603
current error: , 0.082328
current error: , 0.011765
Final error:, 0.001679
Execution successful
Goal signal recieved..
Planning ...
Collision pairs set
goal state set
Using RRT Connect
task setup complete
solving task...
OMPL states:, 200.
path found
Validating path...
valid path found, generating trajectory...
Trajectory points:, 1000.
Duration:, 8.116329
excecuting path...
current error: , 0.45952
current error: , 0.45952
current error: , 0.375793
current error: , 0.292093
current error: , 0.208365
current error: , 0.124614
current error: , 0.040958
current error: , 0.003942
Final error:, 0.00156
Execution successful
Goal signal recieved..
Planning ...
Collision pairs set
goal state set
Using RRT Connect
task setup complete
solving task...
Goal signal recieved..
Planning ...
Collision pairs set
goal state set
Using RRT Connect
task setup complete
solving task...
OMPL states:, 200.
path found
Validating path...
valid path found, generating trajectory...
Trajectory points:, 1000.
Duration:, 12.269199
excecuting path...
current error: , 1.589188
current error: , 1.589188
current error: , 1.505481
current error: , 1.421811
current error: , 1.338127
current error: , 1.254434
current error: , 1.170735
current error: , 1.087045
current error: , 1.003351
current error: , 0.919675
current error: , 0.835999
current error: , 0.752275
current error: , 0.668602
current error: , 0.584914
current error: , 0.501238
current error: , 0.417558
current error: , 0.333843
current error: , 0.250168
current error: , 0.166483
current error: , 0.082824
current error: , 0.012126
Final error:, 0.001916
Execution successful
Goal signal recieved..
Planning ...
Collision pairs set
goal state set
Using RRT Connect
task setup complete
solving task...
OMPL states:, 200.
path found
Validating path...
valid path found, generating trajectory...
Trajectory points:, 1000.
Duration:, 9.909673
excecuting path...
current error: , 0.798777
current error: , 0.798777
current error: , 0.71254
current error: , 0.629562
current error: , 0.546446
current error: , 0.463576
current error: , 0.38048
current error: , 0.297863
current error: , 0.214872
current error: , 0.131814
current error: , 0.048798
current error: , 0.00471
Final error:, 0.001541
Execution successful
Goal signal recieved..
Planning ...
Collision pairs set
goal state set
Using RRT Connect
task setup complete
solving task...
OMPL states:, 200.
path found
Validating path...
Collision detected at state:, 191
Collision pairs:, rightLink0_visible, obs1_collisiondummy
path invalid
Goal signal recieved..
Planning ...
Collision pairs set
goal state set
Using RRT Connect
task setup complete
solving task...
OMPL states:, 200.
path found
Validating path...
Collision detected at state:, 181
Collision pairs:, rightLink0_visible, obs1_collisiondummy
path invalid
Goal signal recieved..
Planning ...
Collision pairs set
goal state set
Using RRT Connect
task setup complete
solving task...
OMPL states:, 200.
path found
Validating path...
Collision detected at state:, 21
Collision pairs:, leftLink0_visible, obs1_collisiondummy
path invalid
Goal signal recieved..
Planning ...
Collision pairs set
goal state set
Using RRT Connect
task setup complete
solving task...
OMPL states:, 200.
path found
Validating path...
Collision detected at state:, 26
Collision pairs:, leftLink0_visible, obs1_collisiondummy
path invalid
Goal signal recieved..
Planning ...
Collision pairs set
goal state set
Using RRT Connect
task setup complete
solving task...
OMPL states:, 200.
path found
Validating path...
valid path found, generating trajectory...
Trajectory points:, 1000.
Duration:, 11.735084
excecuting path...
current error: , 1.93057
current error: , 1.93057
current error: , 1.846866
current error: , 1.763169
current error: , 1.679459
current error: , 1.595742
current error: , 1.512032
current error: , 1.428358
current error: , 1.344682
current error: , 1.260975
current error: , 1.177273
current error: , 1.093592
current error: , 1.009871
current error: , 0.9262
current error: , 0.842503
current error: , 0.758793
current error: , 0.675078
current error: , 0.59142
current error: , 0.507722
current error: , 0.424034
current error: , 0.340328
current error: , 0.256631
current error: , 0.172917
current error: , 0.089205
current error: , 0.014465
Final error:, 0.001392
Execution successful
Goal signal recieved..
Planning ...
Collision pairs set
goal state set
Using RRT Connect
task setup complete
solving task...
OMPL states:, 200.
path found
Validating path...
valid path found, generating trajectory...
Trajectory points:, 1000.
Duration:, 2.542902
excecuting path...
current error: , 0.002513
Final error:, 0.002513
Execution successful
[sandboxScript:info]   Simulation stopping...
[sandboxScript:info]   Simulation stopped.
[sandboxScript:info]   Simulation started.
[CoppeliaSim:warning]   Detected non-default settings (time steps and/or dyn. engine global settings).
[sandboxScript:info]   Simulation stopping...
[sandboxScript:info]   Simulation stopped.
[sandboxScript:info]   Simulation started.
[CoppeliaSim:warning]   Detected non-default settings (time steps and/or dyn. engine global settings).
Goal signal recieved..
Planning ...
Collision pairs set
goal state set
Using RRT Connect
task setup complete
solving task...
OMPL states:, 200.
path found
Validating path...
valid path found, generating trajectory...
Trajectory points:, 1000.
Duration:, 3.676316
excecuting path...
current error: , 0.187203
current error: , 0.187203
current error: , 0.082635
current error: , 0.011852
Final error:, 0.001581
Execution successful
Goal signal recieved..
Planning ...
Collision pairs set
goal state set
Using RRT Connect
task setup complete
solving task...
OMPL states:, 200.
path found
Validating path...
Collision detected at state:, 126
Collision pairs:, column1, table
path invalid
Goal signal recieved..
Planning ...
Collision pairs set
goal state set
Using RRT Connect
task setup complete
solving task...
OMPL states:, 200.
path found
Validating path...
valid path found, generating trajectory...
Trajectory points:, 1000.
Duration:, 9.905865
excecuting path...
current error: , 1.386024
current error: , 1.386024
current error: , 1.302323
current error: , 1.21862
current error: , 1.134944
current error: , 1.051249
current error: , 0.967578
current error: , 0.883888
current error: , 0.800182
current error: , 0.716495
current error: , 0.632807
current error: , 0.549091
current error: , 0.465352
current error: , 0.381698
current error: , 0.298003
current error: , 0.21428
current error: , 0.130557
current error: , 0.046817
current error: , 0.005516
Final error:, 0.002357
Execution successful
Goal signal recieved..
Planning ...
Collision pairs set
goal state set
Using RRT Connect
task setup complete
solving task...
OMPL states:, 200.
path found
Validating path...
valid path found, generating trajectory...
Trajectory points:, 1000.
Duration:, 7.503494
excecuting path...
current error: , 0.05269
current error: , 0.05269
current error: , 0.004121
Final error:, 0.002514
Execution successful
Goal signal recieved..
Planning ...
Collision pairs set
goal state set
Using RRT Connect
task setup complete
solving task...
OMPL states:, 200.
path found
Validating path...
Collision detected at state:, 86
Collision pairs:, column2, table
path invalid
Goal signal recieved..
Planning ...
Collision pairs set
goal state set
Using RRT Connect
task setup complete
solving task...
OMPL states:, 200.
path found
Validating path...
valid path found, generating trajectory...
Trajectory points:, 1000.
Duration:, 9.858299
excecuting path...
current error: , 0.001996
Final error:, 0.001996
Execution successful
Goal signal recieved..
Planning ...
Collision pairs set
goal state set
Using RRT Connect
task setup complete
solving task...
OMPL states:, 200.
path found
Validating path...
Collision detected at state:, 181
Collision pairs:, leftLink2_visible, column0
path invalid
Goal signal recieved..
Planning ...
Collision pairs set
goal state set
Using RRT Connect
task setup complete
solving task...
OMPL states:, 200.
path found
Validating path...
Collision detected at state:, 181
Collision pairs:, leftLink2_visible, column0
path invalid
Goal signal recieved..
Planning ...
Collision pairs set
goal state set
Using RRT Connect
task setup complete
solving task...
OMPL states:, 200.
path found
Validating path...
Collision detected at state:, 181
Collision pairs:, leftLink2_visible, column0
path invalid
Goal signal recieved..
Planning ...
Collision pairs set
goal state set
Using RRT Connect
task setup complete
solving task...
OMPL states:, 200.
path found
Validating path...
Collision detected at state:, 181
Collision pairs:, leftLink2_visible, column0
path invalid
Goal signal recieved..
Planning ...
Collision pairs set
goal state set
Using RRT Connect
task setup complete
solving task...
OMPL states:, 200.
path found
Validating path...
Collision detected at state:, 181
Collision pairs:, leftLink2_visible, column0
path invalid
Goal signal recieved..
Planning ...
Collision pairs set
goal state set
Using RRT Connect
task setup complete
solving task...
OMPL states:, 200.
path found
Validating path...
Collision detected at state:, 181
Collision pairs:, leftLink2_visible, column0
path invalid
Goal signal recieved..
Planning ...
Collision pairs set
goal state set
Using RRT Connect
task setup complete
solving task...
OMPL states:, 200.
path found
Validating path...
Collision detected at state:, 181
Collision pairs:, leftLink2_visible, column0
path invalid
Goal signal recieved..
Planning ...
Collision pairs set
goal state set
Using RRT Connect
task setup complete
solving task...
OMPL states:, 200.
path found
Validating path...
Collision detected at state:, 181
Collision pairs:, leftLink2_visible, column0
path invalid
Goal signal recieved..
Planning ...
Collision pairs set
goal state set
Using RRT Connect
task setup complete
solving task...
OMPL states:, 200.
path found
Validating path...
Collision detected at state:, 181
Collision pairs:, leftLink2_visible, column0
path invalid
[sandboxScript:info]   Simulation stopping...
[sandboxScript:info]   Simulation stopped.
[sandboxScript:info]   Simulation started.
[CoppeliaSim:warning]   Detected non-default settings (time steps and/or dyn. engine global settings).
[sandboxScript:info]   Simulation stopping...
[sandboxScript:info]   Simulation stopped.
[sandboxScript:info]   Simulation started.
[CoppeliaSim:warning]   Detected non-default settings (time steps and/or dyn. engine global settings).
Goal signal recieved..
Planning ...
Collision pairs set
goal state set
Using RRT Connect
task setup complete
solving task...
OMPL states:, 200.
path found
Validating path...
valid path found, generating trajectory...
Trajectory points:, 1000.
Duration:, 3.676792
excecuting path...
current error: , 0.226171
current error: , 0.226171
current error: , 0.114522
current error: , 0.02745
current error: , 0.002712
Final error:, 0.001211
Execution successful
Goal signal recieved..
Planning ...
Collision pairs set
goal state set
Using RRT Connect
task setup complete
solving task...
OMPL states:, 200.
path found
Validating path...
valid path found, generating trajectory...
Trajectory points:, 1000.
Duration:, 6.90003
excecuting path...
current error: , 0.007325
Final error:, 0.007325
Execution successful
Goal signal recieved..
Planning ...
Collision pairs set
goal state set
Using RRT Connect
task setup complete
solving task...
OMPL states:, 200.
path found
Validating path...
valid path found, generating trajectory...
Trajectory points:, 1000.
Duration:, 5.439624
excecuting path...
current error: , 0.003333
Final error:, 0.003333
Execution successful
Goal signal recieved..
Planning ...
Collision pairs set
goal state set
Using RRT Connect
task setup complete
solving task...
OMPL states:, 200.
path found
Validating path...
Collision detected at state:, 71
Collision pairs:, column2, table
path invalid
Goal signal recieved..
Planning ...
Collision pairs set
goal state set
Using RRT Connect
task setup complete
solving task...
OMPL states:, 200.
path found
Validating path...
Collision detected at state:, 196
Collision pairs:, link6_visible, table
path invalid
Goal signal recieved..
Planning ...
Collision pairs set
goal state set
Using RRT Connect
task setup complete
solving task...
OMPL states:, 200.
path found
Validating path...
Collision detected at state:, 146
Collision pairs:, column2, table
path invalid
Goal signal recieved..
Planning ...
Collision pairs set
goal state set
Using RRT Connect
task setup complete
solving task...
OMPL states:, 200.
path found
Validating path...
Collision detected at state:, 41
Collision pairs:, column2, obs0_collisiondummy
path invalid
Goal signal recieved..
Planning ...
Collision pairs set
goal state set
Using RRT Connect
task setup complete
solving task...
OMPL states:, 200.
path found
Validating path...
Collision detected at state:, 56
Collision pairs:, column2, column0
path invalid
Goal signal recieved..
Planning ...
Collision pairs set
goal state set
Using RRT Connect
task setup complete
solving task...
OMPL states:, 200.
path found
Validating path...
Collision detected at state:, 126
Collision pairs:, column2, table
path invalid
Goal signal recieved..
Planning ...
Collision pairs set
goal state set
Using RRT Connect
task setup complete
solving task...
OMPL states:, 200.
path found
Validating path...
Collision detected at state:, 66
Collision pairs:, column2, table
path invalid
Goal signal recieved..
Planning ...
Collision pairs set
goal state set
Using RRT Connect
task setup complete
solving task...
Goal signal recieved..
Planning ...
Collision pairs set
goal state set
Using RRT Connect
task setup complete
solving task...
OMPL states:, 200.
path found
Validating path...
Collision detected at state:, 56
Collision pairs:, column2, table
path invalid
[sandboxScript:info]   Simulation stopping...
[sandboxScript:info]   Simulation stopped.
[sandboxScript:info]   Simulation started.
[CoppeliaSim:warning]   Detected non-default settings (time steps and/or dyn. engine global settings).
[sandboxScript:info]   Simulation stopping...
[sandboxScript:info]   Simulation stopped.
[sandboxScript:info]   Simulation started.
[CoppeliaSim:warning]   Detected non-default settings (time steps and/or dyn. engine global settings).
Goal signal recieved..
Planning ...
Collision pairs set
goal state set
Using RRT Connect
task setup complete
solving task...
OMPL states:, 200.
path found
Validating path...
valid path found, generating trajectory...
Trajectory points:, 1000.
Duration:, 3.676401
excecuting path...
current error: , 0.224959
current error: , 0.224959
current error: , 0.113607
current error: , 0.027557
current error: , 0.00481
Final error:, 0.003136
Execution successful
Goal signal recieved..
Planning ...
Collision pairs set
goal state set
Using RRT Connect
task setup complete
solving task...
OMPL states:, 200.
path found
Validating path...
valid path found, generating trajectory...
Trajectory points:, 1000.
Duration:, 7.831605
excecuting path...
current error: , 0.525843
current error: , 0.525843
current error: , 0.442144
current error: , 0.358461
current error: , 0.274724
current error: , 0.191038
current error: , 0.107406
current error: , 0.025389
current error: , 0.004068
Final error:, 0.002466
Execution successful
Goal signal recieved..
Planning ...
Collision pairs set
goal state set
Using RRT Connect
task setup complete
solving task...
OMPL states:, 200.
path found
Validating path...
Collision detected at state:, 161
Collision pairs:, leftLink0_visible, obs1_collisiondummy
path invalid
Goal signal recieved..
Planning ...
Collision pairs set
goal state set
Using RRT Connect
task setup complete
solving task...
OMPL states:, 200.
path found
Validating path...
valid path found, generating trajectory...
Trajectory points:, 1000.
Duration:, 8.13437
excecuting path...
current error: , 0.093254
current error: , 0.093254
current error: , 0.01509
Final error:, 0.002686
Execution successful
Goal signal recieved..
Planning ...
Collision pairs set
goal state set
Using RRT Connect
task setup complete
solving task...
OMPL states:, 200.
path found
Validating path...
Collision detected at state:, 156
Collision pairs:, column2, column0
path invalid
Goal signal recieved..
Planning ...
Collision pairs set
goal state set
Using RRT Connect
task setup complete
solving task...
OMPL states:, 200.
path found
Validating path...
Collision detected at state:, 71
Collision pairs:, link4_visible, table
path invalid
Goal signal recieved..
Planning ...
Collision pairs set
goal state set
Using RRT Connect
task setup complete
solving task...
OMPL states:, 200.
path found
Validating path...
valid path found, generating trajectory...
Trajectory points:, 1000.
Duration:, 11.498915
excecuting path...
current error: , 1.515244
current error: , 1.515244
current error: , 1.431506
current error: , 1.347782
current error: , 1.26409
current error: , 1.180372
current error: , 1.096658
current error: , 1.012951
current error: , 0.929223
current error: , 0.845489
current error: , 0.761765
current error: , 0.678027
current error: , 0.594287
current error: , 0.510535
current error: , 0.426874
current error: , 0.343191
current error: , 0.259489
current error: , 0.175831
current error: , 0.092165
current error: , 0.015836
Final error:, 0.001854
Execution successful
Goal signal recieved..
Planning ...
Collision pairs set
goal state set
Using RRT Connect
task setup complete
solving task...
OMPL states:, 200.
path found
Validating path...
Collision detected at state:, 181
Collision pairs:, leftLink2_visible, column0
path invalid
Goal signal recieved..
Planning ...
Collision pairs set
goal state set
Using RRT Connect
task setup complete
solving task...
OMPL states:, 200.
path found
Validating path...
valid path found, generating trajectory...
Trajectory points:, 1000.
Duration:, 2.350569
excecuting path...
current error: , 0.003374
Final error:, 0.003374
Execution successful
Goal signal recieved..
Planning ...
Collision pairs set
goal state set
Using RRT Connect
task setup complete
solving task...
OMPL states:, 200.
path found
Validating path...
valid path found, generating trajectory...
Trajectory points:, 1000.
Duration:, 2.543081
excecuting path...
current error: , 0.002558
Final error:, 0.002558
Execution successful
[sandboxScript:info]   Simulation stopping...
[sandboxScript:info]   Simulation stopped.
[sandboxScript:info]   Simulation started.
[CoppeliaSim:warning]   Detected non-default settings (time steps and/or dyn. engine global settings).
[sandboxScript:info]   Simulation stopping...
[sandboxScript:info]   Simulation stopped.
[sandboxScript:info]   Simulation started.
[CoppeliaSim:warning]   Detected non-default settings (time steps and/or dyn. engine global settings).
Goal signal recieved..
Planning ...
Collision pairs set
goal state set
Using RRT Connect
task setup complete
solving task...
OMPL states:, 200.
path found
Validating path...
valid path found, generating trajectory...
Trajectory points:, 1000.
Duration:, 3.676655
excecuting path...
current error: , 0.226486
current error: , 0.226486
current error: , 0.114424
current error: , 0.027783
current error: , 0.004759
Final error:, 0.003294
Execution successful
Goal signal recieved..
Planning ...
Collision pairs set
goal state set
Using RRT Connect
task setup complete
solving task...
OMPL states:, 200.
path found
Validating path...
valid path found, generating trajectory...
Trajectory points:, 1000.
Duration:, 7.669366
excecuting path...
current error: , 0.547874
current error: , 0.547874
current error: , 0.464189
current error: , 0.380481
current error: , 0.296789
current error: , 0.213048
current error: , 0.129337
current error: , 0.045654
current error: , 0.005529
Final error:, 0.002405
Execution successful
Goal signal recieved..
Planning ...
Collision pairs set
goal state set
Using RRT Connect
task setup complete
solving task...
OMPL states:, 200.
path found
Validating path...
valid path found, generating trajectory...
Trajectory points:, 1000.
Duration:, 5.885729
excecuting path...
current error: , 0.003231
Final error:, 0.003231
Execution successful
Goal signal recieved..
Planning ...
Collision pairs set
goal state set
Using RRT Connect
task setup complete
solving task...
OMPL states:, 200.
path found
Validating path...
Collision detected at state:, 76
Collision pairs:, link5_visible, table
path invalid
Goal signal recieved..
Planning ...
Collision pairs set
goal state set
Using RRT Connect
task setup complete
solving task...
OMPL states:, 200.
path found
Validating path...
Collision detected at state:, 116
Collision pairs:, column2, column0
path invalid
Goal signal recieved..
Planning ...
Collision pairs set
goal state set
Using RRT Connect
task setup complete
solving task...
OMPL states:, 200.
path found
Validating path...
Collision detected at state:, 31
Collision pairs:, column2, obs0
path invalid
Goal signal recieved..
Planning ...
Collision pairs set
goal state set
Using RRT Connect
task setup complete
solving task...
OMPL states:, 200.
path found
Validating path...
Collision detected at state:, 81
Collision pairs:, column2, column0
path invalid
Goal signal recieved..
Planning ...
Collision pairs set
goal state set
Using RRT Connect
task setup complete
solving task...
OMPL states:, 200.
path found
Validating path...
Collision detected at state:, 111
Collision pairs:, column2, table
path invalid
Goal signal recieved..
Planning ...
Collision pairs set
goal state set
Using RRT Connect
task setup complete
solving task...
OMPL states:, 200.
path found
Validating path...
Collision detected at state:, 36
Collision pairs:, column2, obs0
path invalid
Goal signal recieved..
Planning ...
Collision pairs set
goal state set
Using RRT Connect
task setup complete
solving task...
OMPL states:, 200.
path found
Validating path...
Collision detected at state:, 111
Collision pairs:, link6_visible, table
path invalid
Goal signal recieved..
Planning ...
Collision pairs set
goal state set
Using RRT Connect
task setup complete
solving task...
OMPL states:, 200.
path found
Validating path...
Collision detected at state:, 171
Collision pairs:, link5_visible, top
path invalid
Goal signal recieved..
Planning ...
Collision pairs set
goal state set
Using RRT Connect
task setup complete
solving task...
OMPL states:, 200.
path found
Validating path...
valid path found, generating trajectory...
Trajectory points:, 1000.
Duration:, 10.029462
excecuting path...
current error: , 0.945059
current error: , 0.945059
current error: , 0.861385
current error: , 0.777683
current error: , 0.693985
current error: , 0.610307
current error: , 0.526615
current error: , 0.442931
current error: , 0.359267
current error: , 0.275536
current error: , 0.191834
current error: , 0.108133
current error: , 0.025536
current error: , 0.00245
Final error:, 0.001259
Execution successful
Goal signal recieved..
Planning ...
Collision pairs set
goal state set
Using RRT Connect
task setup complete
solving task...
OMPL states:, 200.
path found
Validating path...
valid path found, generating trajectory...
Trajectory points:, 1000.
Duration:, 2.350391
excecuting path...
current error: , 0.003385
Final error:, 0.003385
Execution successful
Goal signal recieved..
Planning ...
Collision pairs set
goal state set
Using RRT Connect
task setup complete
solving task...
OMPL states:, 200.
path found
Validating path...
valid path found, generating trajectory...
Trajectory points:, 1000.
Duration:, 2.543096
excecuting path...
current error: , 0.002525
Final error:, 0.002525
Execution successful
[sandboxScript:info]   Simulation stopping...
[sandboxScript:info]   Simulation stopped.
[sandboxScript:info]   Simulation started.
[CoppeliaSim:warning]   Detected non-default settings (time steps and/or dyn. engine global settings).
[sandboxScript:info]   Simulation stopping...
[sandboxScript:info]   Simulation stopped.
[sandboxScript:info]   Simulation started.
[CoppeliaSim:warning]   Detected non-default settings (time steps and/or dyn. engine global settings).
Goal signal recieved..
Planning ...
Collision pairs set
goal state set
Using RRT Connect
task setup complete
solving task...
OMPL states:, 200.
path found
Validating path...
valid path found, generating trajectory...
Trajectory points:, 1000.
Duration:, 3.676312
excecuting path...
current error: , 0.187274
current error: , 0.187274
current error: , 0.082795
current error: , 0.011856
Final error:, 0.001611
Execution successful
Goal signal recieved..
Planning ...
Collision pairs set
goal state set
Using RRT Connect
task setup complete
solving task...
OMPL states:, 200.
path found
Validating path...
valid path found, generating trajectory...
Trajectory points:, 1000.
Duration:, 9.816203
excecuting path...
current error: , 1.371601
current error: , 1.371601
current error: , 1.287902
current error: , 1.204212
current error: , 1.120534
current error: , 1.036819
current error: , 0.95315
current error: , 0.869417
current error: , 0.785681
current error: , 0.701985
current error: , 0.618292
current error: , 0.534558
current error: , 0.450849
current error: , 0.367153
current error: , 0.283442
current error: , 0.199722
current error: , 0.115991
current error: , 0.032325
current error: , 0.003802
Final error:, 0.001817
Execution successful
Goal signal recieved..
Planning ...
Collision pairs set
goal state set
Using RRT Connect
task setup complete
solving task...
OMPL states:, 200.
path found
Validating path...
Collision detected at state:, 196
Collision pairs:, rightLink0_visible, obs1_collisiondummy
path invalid
Goal signal recieved..
Planning ...
Collision pairs set
goal state set
Using RRT Connect
task setup complete
solving task...
OMPL states:, 200.
path found
Validating path...
valid path found, generating trajectory...
Trajectory points:, 1000.
Duration:, 10.00292
excecuting path...
current error: , 0.152796
current error: , 0.152796
current error: , 0.069008
current error: , 0.007329
Final error:, 0.001399
Execution successful
Goal signal recieved..
Planning ...
Collision pairs set
goal state set
Using RRT Connect
task setup complete
solving task...
OMPL states:, 200.
path found
Validating path...
valid path found, generating trajectory...
Trajectory points:, 1000.
Duration:, 11.44073
excecuting path...
current error: , 0.00329
Final error:, 0.00329
Execution successful
Goal signal recieved..
Planning ...
Collision pairs set
goal state set
Using RRT Connect
task setup complete
solving task...
OMPL states:, 200.
path found
Validating path...
Collision detected at state:, 181
Collision pairs:, leftLink2_visible, column0
path invalid
Goal signal recieved..
Planning ...
Collision pairs set
goal state set
Using RRT Connect
task setup complete
solving task...
OMPL states:, 200.
path found
Validating path...
Collision detected at state:, 186
Collision pairs:, rightLink0_visible, obs1_collisiondummy
path invalid
Goal signal recieved..
Planning ...
Collision pairs set
goal state set
Using RRT Connect
task setup complete
solving task...
OMPL states:, 200.
path found
Validating path...
Collision detected at state:, 181
Collision pairs:, leftLink2_visible, column0
path invalid
Goal signal recieved..
Planning ...
Collision pairs set
goal state set
Using RRT Connect
task setup complete
solving task...
OMPL states:, 200.
path found
Validating path...
Collision detected at state:, 181
Collision pairs:, leftLink2_visible, column0
path invalid
Goal signal recieved..
Planning ...
Collision pairs set
goal state set
Using RRT Connect
task setup complete
solving task...
OMPL states:, 200.
path found
Validating path...
Collision detected at state:, 16
Collision pairs:, leftLink0_visible, obs1_collisiondummy
path invalid
Goal signal recieved..
Planning ...
Collision pairs set
goal state set
Using RRT Connect
task setup complete
solving task...
OMPL states:, 200.
path found
Validating path...
Collision detected at state:, 181
Collision pairs:, leftLink2_visible, column0
path invalid
Goal signal recieved..
Planning ...
Collision pairs set
goal state set
Using RRT Connect
task setup complete
solving task...
OMPL states:, 200.
path found
Validating path...
Collision detected at state:, 181
Collision pairs:, leftLink2_visible, column0
path invalid
Goal signal recieved..
Planning ...
Collision pairs set
goal state set
Using RRT Connect
task setup complete
solving task...
OMPL states:, 200.
path found
Validating path...
Collision detected at state:, 171
Collision pairs:, rightLink2_visible, obs1_collisiondummy
path invalid
Goal signal recieved..
Planning ...
Collision pairs set
goal state set
Using RRT Connect
task setup complete
solving task...
OMPL states:, 200.
path found
Validating path...
Collision detected at state:, 161
Collision pairs:, rightLink2_visible, obs1_collisiondummy
path invalid
[sandboxScript:info]   Simulation stopping...
[sandboxScript:info]   Simulation stopped.
[sandboxScript:info]   Simulation started.
[CoppeliaSim:warning]   Detected non-default settings (time steps and/or dyn. engine global settings).
[sandboxScript:info]   Simulation stopping...
[sandboxScript:info]   Simulation stopped.
[sandboxScript:info]   Simulation started.
[CoppeliaSim:warning]   Detected non-default settings (time steps and/or dyn. engine global settings).
Goal signal recieved..
Planning ...
Collision pairs set
goal state set
Using RRT Connect
task setup complete
solving task...
OMPL states:, 200.
path found
Validating path...
valid path found, generating trajectory...
Trajectory points:, 1000.
Duration:, 3.67632
excecuting path...
current error: , 0.225414
current error: , 0.225414
current error: , 0.113774
current error: , 0.027399
current error: , 0.00472
Final error:, 0.003183
Execution successful
Goal signal recieved..
Planning ...
Collision pairs set
goal state set
Using RRT Connect
task setup complete
solving task...
OMPL states:, 200.
path found
Validating path...
valid path found, generating trajectory...
Trajectory points:, 1000.
Duration:, 9.221117
excecuting path...
current error: , 0.226774
current error: , 0.226774
current error: , 0.143122
current error: , 0.059411
current error: , 0.006045
Final error:, 0.001188
Execution successful
Goal signal recieved..
Planning ...
Collision pairs set
goal state set
Using RRT Connect
task setup complete
solving task...
OMPL states:, 200.
path found
Validating path...
valid path found, generating trajectory...
Trajectory points:, 1000.
Duration:, 8.441595
excecuting path...
current error: , 0.002726
Final error:, 0.002726
Execution successful
Goal signal recieved..
Planning ...
Collision pairs set
goal state set
Using RRT Connect
task setup complete
solving task...
OMPL states:, 200.
path found
Validating path...
Collision detected at state:, 61
Collision pairs:, column2, table
path invalid
Goal signal recieved..
Planning ...
Collision pairs set
goal state set
Using RRT Connect
task setup complete
solving task...
OMPL states:, 200.
path found
Validating path...
Collision detected at state:, 186
Collision pairs:, link6_visible, table
path invalid
Goal signal recieved..
Planning ...
Collision pairs set
goal state set
Using RRT Connect
task setup complete
solving task...
OMPL states:, 200.
path found
Validating path...
Collision detected at state:, 166
Collision pairs:, column2, column0
path invalid
Goal signal recieved..
Planning ...
Collision pairs set
goal state set
Using RRT Connect
task setup complete
solving task...
OMPL states:, 200.
path found
Validating path...
Collision detected at state:, 121
Collision pairs:, link6_visible, table
path invalid
Goal signal recieved..
Planning ...
Collision pairs set
goal state set
Using RRT Connect
task setup complete
solving task...
OMPL states:, 200.
path found
Validating path...
Collision detected at state:, 56
Collision pairs:, column2, column0
path invalid
Goal signal recieved..
Planning ...
Collision pairs set
goal state set
Using RRT Connect
task setup complete
solving task...
OMPL states:, 200.
path found
Validating path...
Collision detected at state:, 21
Collision pairs:, column2, table
path invalid
Goal signal recieved..
Planning ...
Collision pairs set
goal state set
Using RRT Connect
task setup complete
solving task...
OMPL states:, 200.
path found
Validating path...
Collision detected at state:, 191
Collision pairs:, link6_visible, table
path invalid
Goal signal recieved..
Planning ...
Collision pairs set
goal state set
Using RRT Connect
task setup complete
solving task...
OMPL states:, 200.
path found
Validating path...
Collision detected at state:, 81
Collision pairs:, link4_visible, table
path invalid
Goal signal recieved..
Planning ...
Collision pairs set
goal state set
Using RRT Connect
task setup complete
solving task...
OMPL states:, 200.
path found
Validating path...
valid path found, generating trajectory...
Trajectory points:, 1000.
Duration:, 9.393786
excecuting path...
current error: , 0.003169
Final error:, 0.003169
Execution successful
Goal signal recieved..
Planning ...
Collision pairs set
goal state set
Using RRT Connect
task setup complete
solving task...
OMPL states:, 200.
path found
Validating path...
Collision detected at state:, 181
Collision pairs:, leftLink2_visible, column0
path invalid
Goal signal recieved..
Planning ...
Collision pairs set
goal state set
Using RRT Connect
task setup complete
solving task...
OMPL states:, 200.
path found
Validating path...
Collision detected at state:, 181
Collision pairs:, leftLink2_visible, column0
path invalid
Goal signal recieved..
Planning ...
Collision pairs set
goal state set
Using RRT Connect
task setup complete
solving task...
OMPL states:, 200.
path found
Validating path...
Collision detected at state:, 181
Collision pairs:, leftLink2_visible, column0
path invalid
Goal signal recieved..
Planning ...
Collision pairs set
goal state set
Using RRT Connect
task setup complete
solving task...
OMPL states:, 200.
path found
Validating path...
Collision detected at state:, 181
Collision pairs:, leftLink2_visible, column0
path invalid
Goal signal recieved..
Planning ...
Collision pairs set
goal state set
Using RRT Connect
task setup complete
solving task...
OMPL states:, 200.
path found
Validating path...
Collision detected at state:, 171
Collision pairs:, rightLink2_visible, obs1_collisiondummy
path invalid
Goal signal recieved..
Planning ...
Collision pairs set
goal state set
Using RRT Connect
task setup complete
solving task...
OMPL states:, 200.
path found
Validating path...
valid path found, generating trajectory...
Trajectory points:, 1000.
Duration:, 2.348859
excecuting path...
current error: , 0.003263
Final error:, 0.003263
Execution successful
Goal signal recieved..
Planning ...
Collision pairs set
goal state set
Using RRT Connect
task setup complete
solving task...
OMPL states:, 200.
path found
Validating path...
valid path found, generating trajectory...
Trajectory points:, 1000.
Duration:, 2.542768
excecuting path...
current error: , 0.002515
Final error:, 0.002515
Execution successful
[sandboxScript:info]   Simulation stopping...
[sandboxScript:info]   Simulation stopped.
[sandboxScript:info]   Simulation started.
[CoppeliaSim:warning]   Detected non-default settings (time steps and/or dyn. engine global settings).
[sandboxScript:info]   Simulation stopping...
[sandboxScript:info]   Simulation stopped.
[sandboxScript:info]   Simulation started.
[CoppeliaSim:warning]   Detected non-default settings (time steps and/or dyn. engine global settings).
Goal signal recieved..
Planning ...
Collision pairs set
goal state set
Using RRT Connect
task setup complete
solving task...
OMPL states:, 200.
path found
Validating path...
valid path found, generating trajectory...
Trajectory points:, 1000.
Duration:, 3.676407
excecuting path...
current error: , 0.187465
current error: , 0.187465
current error: , 0.082934
current error: , 0.011905
Final error:, 0.001658
Execution successful
Goal signal recieved..
Planning ...
Collision pairs set
goal state set
Using RRT Connect
task setup complete
solving task...
OMPL states:, 200.
path found
Validating path...
valid path found, generating trajectory...
Trajectory points:, 1000.
Duration:, 6.176377
excecuting path...
current error: , 0.001514
Final error:, 0.001514
Execution successful
Goal signal recieved..
Planning ...
Collision pairs set
goal state set
Using RRT Connect
task setup complete
solving task...
OMPL states:, 200.
path found
Validating path...
valid path found, generating trajectory...
Trajectory points:, 1000.
Duration:, 11.193485
excecuting path...
current error: , 1.479515
current error: , 1.479515
current error: , 1.395489
current error: , 1.311475
current error: , 1.227513
current error: , 1.143488
current error: , 1.059578
current error: , 0.975651
current error: , 0.891717
current error: , 0.807786
current error: , 0.723849
current error: , 0.639873
current error: , 0.555922
current error: , 0.472008
current error: , 0.388225
current error: , 0.304314
current error: , 0.220442
current error: , 0.136554
current error: , 0.052568
current error: , 0.00646
Final error:, 0.002486
Execution successful
Goal signal recieved..
Planning ...
Collision pairs set
goal state set
Using RRT Connect
task setup complete
solving task...
Goal signal recieved..
Planning ...
Collision pairs set
goal state set
Using RRT Connect
task setup complete
solving task...
OMPL states:, 200.
path found
Validating path...
Collision detected at state:, 91
Collision pairs:, column2, table
path invalid
Goal signal recieved..
Planning ...
Collision pairs set
goal state set
Using RRT Connect
task setup complete
solving task...
OMPL states:, 200.
path found
Validating path...
Collision detected at state:, 21
Collision pairs:, column2, column0
path invalid
Goal signal recieved..
Planning ...
Collision pairs set
goal state set
Using RRT Connect
task setup complete
solving task...
OMPL states:, 200.
path found
Validating path...
valid path found, generating trajectory...
Trajectory points:, 1000.
Duration:, 9.234014
excecuting path...
current error: , 0.002212
Final error:, 0.002212
Execution successful
Goal signal recieved..
Planning ...
Collision pairs set
goal state set
Using RRT Connect
task setup complete
solving task...
OMPL states:, 200.
path found
Validating path...
Collision detected at state:, 181
Collision pairs:, leftLink2_visible, column0
path invalid
Goal signal recieved..
Planning ...
Collision pairs set
goal state set
Using RRT Connect
task setup complete
solving task...
OMPL states:, 200.
path found
Validating path...
Collision detected at state:, 166
Collision pairs:, rightLink2_visible, obs1_collisiondummy
path invalid
Goal signal recieved..
Planning ...
Collision pairs set
goal state set
Using RRT Connect
task setup complete
solving task...
OMPL states:, 200.
path found
Validating path...
Collision detected at state:, 181
Collision pairs:, leftLink2_visible, column0
path invalid
Goal signal recieved..
Planning ...
Collision pairs set
goal state set
Using RRT Connect
task setup complete
solving task...
OMPL states:, 200.
path found
Validating path...
Collision detected at state:, 181
Collision pairs:, leftLink2_visible, column0
path invalid
Goal signal recieved..
Planning ...
Collision pairs set
goal state set
Using RRT Connect
task setup complete
solving task...
OMPL states:, 200.
path found
Validating path...
Collision detected at state:, 181
Collision pairs:, leftLink2_visible, column0
path invalid
Goal signal recieved..
Planning ...
Collision pairs set
goal state set
Using RRT Connect
task setup complete
solving task...
OMPL states:, 200.
path found
Validating path...
Collision detected at state:, 181
Collision pairs:, leftLink2_visible, column0
path invalid
Goal signal recieved..
Planning ...
Collision pairs set
goal state set
Using RRT Connect
task setup complete
solving task...
OMPL states:, 200.
path found
Validating path...
Collision detected at state:, 181
Collision pairs:, leftLink2_visible, column0
path invalid
Goal signal recieved..
Planning ...
Collision pairs set
goal state set
Using RRT Connect
task setup complete
solving task...
OMPL states:, 200.
path found
Validating path...
Collision detected at state:, 181
Collision pairs:, leftLink2_visible, column0
path invalid
Goal signal recieved..
Planning ...
Collision pairs set
goal state set
Using RRT Connect
task setup complete
solving task...
OMPL states:, 200.
path found
Validating path...
Collision detected at state:, 181
Collision pairs:, leftLink2_visible, column0
path invalid
[sandboxScript:info]   Simulation stopping...
[sandboxScript:info]   Simulation stopped.
[sandboxScript:info]   Simulation started.
[CoppeliaSim:warning]   Detected non-default settings (time steps and/or dyn. engine global settings).
[sandboxScript:info]   Simulation stopping...
[sandboxScript:info]   Simulation stopped.
[sandboxScript:info]   Simulation started.
[CoppeliaSim:warning]   Detected non-default settings (time steps and/or dyn. engine global settings).
Goal signal recieved..
Planning ...
Collision pairs set
goal state set
Using RRT Connect
task setup complete
solving task...
OMPL states:, 200.
path found
Validating path...
valid path found, generating trajectory...
Trajectory points:, 1000.
Duration:, 3.676608
excecuting path...
current error: , 0.187756
current error: , 0.187756
current error: , 0.083187
current error: , 0.011983
Final error:, 0.001851
Execution successful
Goal signal recieved..
Planning ...
Collision pairs set
goal state set
Using RRT Connect
task setup complete
solving task...
OMPL states:, 200.
path found
Validating path...
valid path found, generating trajectory...
Trajectory points:, 1000.
Duration:, 9.016156
excecuting path...
current error: , 1.005481
current error: , 1.005481
current error: , 0.921784
current error: , 0.838095
current error: , 0.754372
current error: , 0.670732
current error: , 0.587015
current error: , 0.503355
current error: , 0.419714
current error: , 0.336019
current error: , 0.252333
current error: , 0.168653
current error: , 0.084964
current error: , 0.013393
Final error:, 0.002318
Execution successful
Goal signal recieved..
Planning ...
Collision pairs set
goal state set
Using RRT Connect
task setup complete
solving task...
OMPL states:, 200.
path found
Validating path...
Collision detected at state:, 36
Collision pairs:, rightLink0_visible, obs1_collisiondummy
path invalid
Goal signal recieved..
Planning ...
Collision pairs set
goal state set
Using RRT Connect
task setup complete
solving task...
OMPL states:, 200.
path found
Validating path...
Collision detected at state:, 161
Collision pairs:, leftLink0_visible, obs1_collisiondummy
path invalid
Goal signal recieved..
Planning ...
Collision pairs set
goal state set
Using RRT Connect
task setup complete
solving task...
OMPL states:, 200.
path found
Validating path...
valid path found, generating trajectory...
Trajectory points:, 1000.
Duration:, 4.526069
excecuting path...
current error: , 0.00246
Final error:, 0.00246
Execution successful
Goal signal recieved..
Planning ...
Collision pairs set
goal state set
Using RRT Connect
task setup complete
solving task...
OMPL states:, 200.
path found
Validating path...
Collision detected at state:, 181
Collision pairs:, link6_visible, table
path invalid
Goal signal recieved..
Planning ...
Collision pairs set
goal state set
Using RRT Connect
task setup complete
solving task...
OMPL states:, 200.
path found
Validating path...
valid path found, generating trajectory...
Trajectory points:, 1000.
Duration:, 12.190653
excecuting path...
current error: , 1.787428
current error: , 1.787428
current error: , 1.703743
current error: , 1.619989
current error: , 1.536291
current error: , 1.452611
current error: , 1.368937
current error: , 1.285239
current error: , 1.201528
current error: , 1.117832
current error: , 1.034104
current error: , 0.950384
current error: , 0.866682
current error: , 0.78302
current error: , 0.699316
current error: , 0.615589
current error: , 0.531895
current error: , 0.448214
current error: , 0.364529
current error: , 0.280787
current error: , 0.197061
current error: , 0.113347
current error: , 0.029895
current error: , 0.003032
Final error:, 0.001339
Execution successful
Goal signal recieved..
Planning ...
Collision pairs set
goal state set
Using RRT Connect
task setup complete
solving task...
OMPL states:, 200.
path found
Validating path...
Collision detected at state:, 191
Collision pairs:, rightLink0_visible, obs1_collisiondummy
path invalid
Goal signal recieved..
Planning ...
Collision pairs set
goal state set
Using RRT Connect
task setup complete
solving task...
OMPL states:, 200.
path found
Validating path...
Collision detected at state:, 161
Collision pairs:, rightLink2_visible, obs1_collisiondummy
path invalid
Goal signal recieved..
Planning ...
Collision pairs set
goal state set
Using RRT Connect
task setup complete
solving task...
OMPL states:, 200.
path found
Validating path...
valid path found, generating trajectory...
Trajectory points:, 1000.
Duration:, 2.350738
excecuting path...
current error: , 0.003381
Final error:, 0.003381
Execution successful
Goal signal recieved..
Planning ...
Collision pairs set
goal state set
Using RRT Connect
task setup complete
solving task...
OMPL states:, 200.
path found
Validating path...
valid path found, generating trajectory...
Trajectory points:, 1000.
Duration:, 2.543092
excecuting path...
current error: , 0.002561
Final error:, 0.002561
Execution successful
[sandboxScript:info]   Simulation stopping...
[sandboxScript:info]   Simulation stopped.
[sandboxScript:info]   Simulation started.
[CoppeliaSim:warning]   Detected non-default settings (time steps and/or dyn. engine global settings).
[sandboxScript:info]   Simulation stopping...
[sandboxScript:info]   Simulation stopped.
[sandboxScript:info]   Simulation started.
[CoppeliaSim:warning]   Detected non-default settings (time steps and/or dyn. engine global settings).
Goal signal recieved..
Planning ...
Collision pairs set
goal state set
Using RRT Connect
task setup complete
solving task...
OMPL states:, 200.
path found
Validating path...
valid path found, generating trajectory...
Trajectory points:, 1000.
Duration:, 3.675831
excecuting path...
current error: , 0.186877
current error: , 0.186877
current error: , 0.08205
current error: , 0.011619
Final error:, 0.001698
Execution successful
Goal signal recieved..
Planning ...
Collision pairs set
goal state set
Using RRT Connect
task setup complete
solving task...
OMPL states:, 200.
path found
Validating path...
valid path found, generating trajectory...
Trajectory points:, 1000.
Duration:, 7.985253
excecuting path...
current error: , 0.002138
Final error:, 0.002138
Execution successful
Goal signal recieved..
Planning ...
Collision pairs set
goal state set
Using RRT Connect
task setup complete
solving task...
OMPL states:, 200.
path found
Validating path...
valid path found, generating trajectory...
Trajectory points:, 1000.
Duration:, 8.176391
excecuting path...
current error: , 0.119879
current error: , 0.119879
current error: , 0.036252
current error: , 0.003496
Final error:, 0.00122
Execution successful
Goal signal recieved..
Planning ...
Collision pairs set
goal state set
Using RRT Connect
task setup complete
solving task...
OMPL states:, 200.
path found
Validating path...
Collision detected at state:, 66
Collision pairs:, column2, table
path invalid
Goal signal recieved..
Planning ...
Collision pairs set
goal state set
Using RRT Connect
task setup complete
solving task...
OMPL states:, 200.
path found
Validating path...
Collision detected at state:, 101
Collision pairs:, column2, obs0
path invalid
Goal signal recieved..
Planning ...
Collision pairs set
goal state set
Using RRT Connect
task setup complete
solving task...
OMPL states:, 200.
path found
Validating path...
valid path found, generating trajectory...
Trajectory points:, 1000.
Duration:, 8.715546
excecuting path...
current error: , 0.653922
current error: , 0.653922
current error: , 0.545493
current error: , 0.442192
current error: , 0.348745
current error: , 0.265103
current error: , 0.182134
current error: , 0.098967
current error: , 0.020703
current error: , 0.004136
Final error:, 0.003009
Execution successful
Goal signal recieved..
Planning ...
Collision pairs set
goal state set
Using RRT Connect
task setup complete
solving task...
OMPL states:, 200.
path found
Validating path...
Collision detected at state:, 181
Collision pairs:, leftLink2_visible, column0
path invalid
Goal signal recieved..
Planning ...
Collision pairs set
goal state set
Using RRT Connect
task setup complete
solving task...
OMPL states:, 200.
path found
Validating path...
valid path found, generating trajectory...
Trajectory points:, 1000.
Duration:, 2.348783
excecuting path...
current error: , 0.003331
Final error:, 0.003331
Execution successful
Goal signal recieved..
Planning ...
Collision pairs set
goal state set
Using RRT Connect
task setup complete
solving task...
OMPL states:, 200.
path found
Validating path...
valid path found, generating trajectory...
Trajectory points:, 1000.
Duration:, 2.543011
excecuting path...
current error: , 0.002548
Final error:, 0.002548
Execution successful
