Warning: Ignoring XDG_SESSION_TYPE=wayland on Gnome. Use QT_QPA_PLATFORM=wayland to run on Wayland anyway.
Warning: Ignoring XDG_SESSION_TYPE=wayland on Gnome. Use QT_QPA_PLATFORM=wayland to run on Wayland anyway.
[CoppeliaSimClient]   loading the CoppeliaSim library...
[CoppeliaSimClient:loadinfo]   done.
[CoppeliaSimClient:loadinfo]   launching CoppeliaSim...
[CoppeliaSim:loadinfo]   Application directory is /home/kolletms/CoppeliaSim_Edu_V4_10_0_rev0_Ubuntu22_04
[CoppeliaSim:loadinfo]   user settings file is /home/kolletms/.CoppeliaSim/usrset.txt
[CoppeliaSim:loadinfo]   CoppeliaSim v4.10.0 (rev. 0), flavor: 1, linux
[CoppeliaSim:loadinfo]   ds:   0
[CoppeliaSim:loadinfo]   msnd: 1
[CoppeliaSim:loadinfo]   ms:   1
[CoppeliaSim:loadinfo]   midx: 5000-91EB-FFC4-9CCA-F764-C71D
[CoppeliaSim:loadinfo]   did:  
[CoppeliaSim:loadinfo]   mid0: FC97-7379-1C16-0023-1C17-0101
[CoppeliaSim:loadinfo]   mid1: FC9773791C1600231C17
[CoppeliaSim:loadinfo]   mid2: 7AB7966CC9EF9BB7FD7FEC7D769DC7BA
[CoppeliaSim:loadinfo]   mid3: 04E3981EA27E99B4CE66
[CoppeliaSim:loadinfo]   k:    687FFE88B3DF088E5DDD414A
[CoppeliaSim:loadinfo]   plugin simIK0: loading...
[CoppeliaSim:loadinfo]   plugin simIK0: done.
[CoppeliaSim:loadinfo]   primary screen physical dots per inch: 165
[CoppeliaSim:loadinfo]   display scaling (guessed): 100
[CoppeliaSim:loadinfo]   simulator launched.
[CoppeliaSim:loadinfo]   plugin 'BWF': loading...
[CoppeliaSim:loadinfo]   plugin 'BWF': load succeeded.
[CoppeliaSim:loadinfo]   plugin 'RemoteApi': loading...
[CoppeliaSim:loadinfo]   plugin 'RemoteApi': load succeeded.
[CoppeliaSim:loadinfo]   SK:   687FFE88B3DF088E5DDD414A
[CoppeliaSim:loadinfo]   initializing the sandbox script...
[sandboxScript:loadinfo]   plugin simZMQ: loading...
[sandboxScript:loadinfo]   plugin simZMQ: done.
[sandboxScript:loadinfo]   plugin simSubprocess: loading...
[sandboxScript:loadinfo]   plugin simSubprocess: done.
[sandboxScript:info]   Simulator launched, welcome! 
[CoppeliaSim:loadinfo]   sandbox script initialized.
[CoppeliaSim:loadinfo]   add-on '3D text generator.lua' was loaded.
[CoppeliaSim:loadinfo]   add-on 'Add-on edit.lua' was loaded.
[CoppeliaSim:loadinfo]   add-on 'Alias change.lua' was loaded.
[CoppeliaSim:loadinfo]   add-on 'Animation capture.lua' was loaded.
[CoppeliaSim:loadinfo]   add-on 'B0 remote Api server.lua' was loaded.
[CoppeliaSim:loadinfo]   add-on 'Button action.lua' was loaded.
[CoppeliaSim:loadinfo]   add-on 'Collision check.lua' was loaded.
[CoppeliaSim:loadinfo]   add-on 'Color changer.lua' was loaded.
[CoppeliaSim:loadinfo]   add-on 'Commander.lua' was loaded.
[CoppeliaSim:loadinfo]   add-on 'Contact display.lua' was loaded.
[CoppeliaSim:loadinfo]   add-on 'Convex decomposition hacd.lua' was loaded.
[CoppeliaSim:loadinfo]   add-on 'Convex decomposition vhacd.lua' was loaded.
[CoppeliaSim:loadinfo]   add-on 'Convex hull.lua' was loaded.
[CoppeliaSim:loadinfo]   add-on 'Create dummies on mesh surface.lua' was loaded.
[CoppeliaSim:loadinfo]   add-on 'Define joint group.lua' was loaded.
[CoppeliaSim:loadinfo]   add-on 'Denavit Hartenberg creator.lua' was loaded.
[CoppeliaSim:loadinfo]   add-on 'Denavit Hartenberg extractor.lua' was loaded.
[CoppeliaSim:loadinfo]   add-on 'Distance check.lua' was loaded.
[CoppeliaSim:loadinfo]   add-on 'Distribute objects uniformly.lua' was loaded.
[CoppeliaSim:loadinfo]   add-on 'Event viewer.lua' was loaded.
[CoppeliaSim:loadinfo]   add-on 'Events capture.lua' was loaded.
[CoppeliaSim:loadinfo]   add-on 'Events dump exporter.lua' was loaded.
[CoppeliaSim:loadinfo]   add-on 'External model auto reload.lua' was loaded.
[CoppeliaSim:loadinfo]   add-on 'External model auto save.lua' was loaded.
[CoppeliaSim:loadinfo]   add-on 'External model load.lua' was loaded.
[CoppeliaSim:loadinfo]   add-on 'External model reload selected.lua' was loaded.
[CoppeliaSim:loadinfo]   add-on 'External model save.lua' was loaded.
[CoppeliaSim:loadinfo]   add-on 'Find in scripts.lua' was loaded.
[CoppeliaSim:loadinfo]   add-on 'Find midpoint.lua' was loaded.
[CoppeliaSim:loadinfo]   add-on 'Floor plan importer.lua' was loaded.
[CoppeliaSim:loadinfo]   add-on 'GLTF animation exporter.lua' was loaded.
[CoppeliaSim:loadinfo]   add-on 'GLTF exporter.lua' was loaded.
[CoppeliaSim:loadinfo]   add-on 'Inverse Kinematics > generator.lua' was loaded.
[CoppeliaSim:loadinfo]   add-on 'Isometric scaling.lua' was loaded.
[CoppeliaSim:loadinfo]   add-on 'Joint tool.lua' was loaded.
[CoppeliaSim:loadinfo]   add-on 'LDraw importer.lua' was loaded.
[CoppeliaSim:loadinfo]   add-on 'Make objects same appearance.lua' was loaded.
[CoppeliaSim:loadinfo]   add-on 'Measure distance and direction.lua' was loaded.
[CoppeliaSim:loadinfo]   add-on 'Mesh decimation.lua' was loaded.
[CoppeliaSim:loadinfo]   add-on 'Mesh difference.lua' was loaded.
[CoppeliaSim:loadinfo]   add-on 'Mesh intersection.lua' was loaded.
[CoppeliaSim:loadinfo]   add-on 'Mesh subdivision.lua' was loaded.
[CoppeliaSim:loadinfo]   add-on 'Mesh symmetric difference.lua' was loaded.
[CoppeliaSim:loadinfo]   add-on 'Mesh union.lua' was loaded.
[CoppeliaSim:loadinfo]   add-on 'Message viewer.lua' was loaded.
[CoppeliaSim:loadinfo]   add-on 'Minimalistic exporter.lua' was loaded.
[CoppeliaSim:loadinfo]   add-on 'Minimalistic importer.lua' was loaded.
[CoppeliaSim:loadinfo]   add-on 'Motion Planning generator.lua' was loaded.
[CoppeliaSim:loadinfo]   add-on 'Notepad++ autocompletion.lua' was loaded.
[CoppeliaSim:loadinfo]   add-on 'Pause Stop Simulation on Condition.lua' was loaded.
[CoppeliaSim:loadinfo]   add-on 'Plugin enumerator.lua' was loaded.
[CoppeliaSim:loadinfo]   add-on 'Point cloud importer.lua' was loaded.
[CoppeliaSim:loadinfo]   add-on 'Point sampler interactive.lua' was loaded.
[CoppeliaSim:loadinfo]   add-on 'Point sampler service.lua' was loaded.
[CoppeliaSim:loadinfo]   add-on 'Property explorer.lua' was loaded.
[CoppeliaSim:loadinfo]   add-on 'PyRep.lua' was loaded.
[CoppeliaSim:loadinfo]   add-on 'Referenced handles explorer.lua' was loaded.
[CoppeliaSim:loadinfo]   add-on 'Referenced handles highlight.lua' was loaded.
[CoppeliaSim:loadinfo]   add-on 'Screenshot tool.lua' was loaded.
[CoppeliaSim:loadinfo]   add-on 'Script capture.lua' was loaded.
[CoppeliaSim:loadinfo]   add-on 'SDF importer.lua' was loaded.
[CoppeliaSim:loadinfo]   add-on 'Simulation stepper.lua' was loaded.
[CoppeliaSim:loadinfo]   add-on 'Subdivide large triangles.lua' was loaded.
[CoppeliaSim:loadinfo]   add-on 'Surface reconstruction.lua' was loaded.
[CoppeliaSim:loadinfo]   add-on 'Translate to align vertex.lua' was loaded.
[CoppeliaSim:loadinfo]   add-on 'URDF exporter.lua' was loaded.
[CoppeliaSim:loadinfo]   add-on 'URDF importer.lua' was loaded.
[CoppeliaSim:loadinfo]   add-on 'URL drop service.lua' was loaded.
[CoppeliaSim:loadinfo]   add-on 'Video recorder.lua' was loaded.
[CoppeliaSim:loadinfo]   add-on 'Visualization stream.lua' was loaded.
[CoppeliaSim:loadinfo]   add-on 'WS remote API server.lua' was loaded.
[CoppeliaSim:loadinfo]   add-on 'ZMQ remote API server.lua' was loaded.
[CoppeliaSim:loadinfo]   add-on 'Convex decomposition coacd.py' was loaded.
[Developer tools >> Commander >> Commander@addOnScript:loadinfo]   plugin simCmd: loading...
[simCmd:warning]   Selected script: Sandbox (Python)
[Developer tools >> Commander >> Commander@addOnScript:loadinfo]   plugin simCmd: done.
[Connectivity >> WebSocket remote API server@addOnScript:loadinfo]   plugin simWS: loading...
[Connectivity >> WebSocket remote API server@addOnScript:loadinfo]   plugin simWS: done.
[Connectivity >> WebSocket remote API server@addOnScript:info]   WebSocket Remote API server starting (port=23052)...
[Connectivity >> ZMQ remote API server@addOnScript:info]   ZeroMQ Remote API server starting (rpcPort=23001)...
[CoppeliaSim:warning]   If CoppeliaSim crashed in previous session, you can find auto-saved scenes in /home/kolletms/.CoppeliaSim/autoSavedScenes
[/UR10/followPath:loadinfo]   plugin simIK: loading...
[/UR10/followPath:loadinfo]   plugin simIK: done.
[/UR10/followPath:loadinfo]   plugin simOMPL: loading...
[/UR10/followPath:loadinfo]   plugin simOMPL: done.
/Floor, 13
/MPO_700, 86
/assembly_table, 88
/obs1, 133
/obs2, 135
/obs0, 137
/column0, 141
/column1, 143
/column2, 139
[/UR10/followPath:warning]   sim.switchThread is deprecated. please use sim.step instead. (control verbosity via notifyDeprecated in usrset.txt)
[/moveToPose:warning]   sim.setThreadSwitchTiming is deprecated. please use sim.setAutoYieldDelay instead. (control verbosity via notifyDeprecated in usrset.txt)
[/moveToPose:warning]   sim.switchThread is deprecated. please use sim.step instead. (control verbosity via notifyDeprecated in usrset.txt)
[sandboxScript:info]   Simulation started.
[CoppeliaSim:loadinfo]   plugin simGeom: loading...
[CoppeliaSim:loadinfo]   plugin simGeom: done.
[CoppeliaSim:loadinfo]   plugin simBullet-2-83: loading...
[CoppeliaSim:loadinfo]   plugin simBullet-2-83: done.
[CoppeliaSim:warning]   Detected non-default settings (time steps and/or dyn. engine global settings).
[sandboxScript:info]   Simulation stopping...
[sandboxScript:info]   Simulation stopped.
[sandboxScript:info]   Simulation started.
[CoppeliaSim:warning]   Detected non-default settings (time steps and/or dyn. engine global settings).
[sandboxScript:info]   Simulation stopping...
[sandboxScript:info]   Simulation stopped.
[sandboxScript:info]   Simulation started.
[CoppeliaSim:warning]   Detected non-default settings (time steps and/or dyn. engine global settings).
Goal signal recieved..
Planning ...
Collision pairs set
goal state set
Using RRT Connect
task setup complete
solving task...
OMPL states:, 200.
path found
valid path found, generating trajectory...
[/UR10/followPath:warning]   module 'matrix' was implicitly loaded.
[/UR10/followPath:warning]   "matrix" module is deprecated. please use simEigen
Trajectory points:, 1000.
Duration:, 3.402646
excecuting path...
current error: , 0.014652
Final error:, 0.014652
Execution successful
[CoppeliaSim:loadinfo]   plugin simRuckig: loading...
[CoppeliaSim:loadinfo]   plugin simRuckig: done.
Goal signal recieved..
Planning ...
Collision pairs set
goal state set
Using RRT Connect
task setup complete
solving task...
OMPL states:, 200.
path found
valid path found, generating trajectory...
Trajectory points:, 1000.
Duration:, 2.067266
excecuting path...
current error: , 0.004518
Final error:, 0.004518
Execution successful
Goal signal recieved..
Planning ...
Collision pairs set
goal state set
Using RRT Connect
task setup complete
solving task...
OMPL states:, 200.
path found
valid path found, generating trajectory...
Trajectory points:, 1000.
Duration:, 5.983717
excecuting path...
current error: , 0.002134
Final error:, 0.002134
Execution successful
Goal signal recieved..
Planning ...
Collision pairs set
goal state set
Using RRT Connect
task setup complete
solving task...
OMPL states:, 200.
path found
valid path found, generating trajectory...
Trajectory points:, 1000.
Duration:, 7.87156
excecuting path...
current error: , 0.556577
current error: , 0.556577
current error: , 0.472867
current error: , 0.389157
current error: , 0.305469
current error: , 0.22176
current error: , 0.138042
current error: , 0.054335
current error: , 0.005334
Final error:, 0.001287
Execution successful
[sandboxScript:info]   Simulation stopping...
[sandboxScript:info]   Simulation stopped.
[sandboxScript:info]   Simulation started.
[CoppeliaSim:warning]   Detected non-default settings (time steps and/or dyn. engine global settings).
Goal signal recieved..
Planning ...
Collision pairs set
goal state set
Using RRT Connect
task setup complete
solving task...
OMPL states:, 200.
path found
valid path found, generating trajectory...
Trajectory points:, 1000.
Duration:, 3.402851
excecuting path...
current error: , 0.014324
Final error:, 0.014324
Execution successful
Goal signal recieved..
Planning ...
Collision pairs set
goal state set
Using RRT Connect
task setup complete
solving task...
Goal signal recieved..
Planning ...
Collision pairs set
goal state set
Using RRT Connect
task setup complete
solving task...
OMPL states:, 200.
path found
valid path found, generating trajectory...
Trajectory points:, 1000.
Duration:, 2.066217
excecuting path...
current error: , 0.002223
Final error:, 0.002223
Execution successful
[sandboxScript:info]   Simulation stopping...
[sandboxScript:info]   Simulation stopped.
[sandboxScript:info]   Simulation started.
[CoppeliaSim:warning]   Detected non-default settings (time steps and/or dyn. engine global settings).
Goal signal recieved..
Planning ...
Collision pairs set
goal state set
Using RRT Connect
task setup complete
solving task...
OMPL states:, 200.
path found
valid path found, generating trajectory...
Trajectory points:, 1000.
Duration:, 3.402602
excecuting path...
current error: , 0.017225
Final error:, 0.017225
Execution successful
Goal signal recieved..
Planning ...
Collision pairs set
goal state set
Using RRT Connect
task setup complete
solving task...
OMPL states:, 200.
path found
valid path found, generating trajectory...
Trajectory points:, 1000.
Duration:, 8.44416
excecuting path...
current error: , 0.002323
Final error:, 0.002323
Execution successful
Goal signal recieved..
Planning ...
Collision pairs set
goal state set
Using RRT Connect
task setup complete
solving task...
OMPL states:, 200.
path found
valid path found, generating trajectory...
Trajectory points:, 1000.
Duration:, 14.716183
excecuting path...
current error: , 2.354136
current error: , 2.354136
current error: , 2.2379
current error: , 2.121846
current error: , 2.006027
current error: , 1.8905
current error: , 1.775325
current error: , 1.660668
current error: , 1.546599
current error: , 1.433152
current error: , 1.320614
current error: , 1.209241
current error: , 1.099331
current error: , 0.991338
current error: , 0.8861
current error: , 0.784648
current error: , 0.688558
current error: , 0.600572
current error: , 0.516734
current error: , 0.432953
current error: , 0.349234
current error: , 0.2655
current error: , 0.181742
current error: , 0.098075
current error: , 0.019056
Final error:, 0.002309
Execution successful
Goal signal recieved..
Planning ...
Collision pairs set
goal state set
Using RRT Connect
task setup complete
solving task...
OMPL states:, 200.
path found
valid path found, generating trajectory...
Trajectory points:, 1000.
Duration:, 7.650778
excecuting path...
current error: , 0.136704
current error: , 0.136704
current error: , 0.052873
current error: , 0.005213
Final error:, 0.001613
Execution successful
Goal signal recieved..
Planning ...
Collision pairs set
goal state set
Using RRT Connect
task setup complete
solving task...
OMPL states:, 200.
path found
valid path found, generating trajectory...
Trajectory points:, 1000.
Duration:, 3.427819
excecuting path...
current error: , 0.051573
current error: , 0.051573
current error: , 0.005113
Final error:, 0.001221
Execution successful
Goal signal recieved..
Planning ...
Collision pairs set
goal state set
Using RRT Connect
task setup complete
solving task...
OMPL states:, 200.
path found
valid path found, generating trajectory...
Trajectory points:, 1000.
Duration:, 6.543865
excecuting path...
current error: , 0.024209
current error: , 0.024209
current error: , 0.002346
Final error:, 0.001139
Execution successful
Goal signal recieved..
Planning ...
Collision pairs set
goal state set
Using RRT Connect
task setup complete
solving task...
OMPL states:, 200.
path found
valid path found, generating trajectory...
Trajectory points:, 1000.
Duration:, 1.769233
excecuting path...
current error: , 0.001616
Final error:, 0.001616
Execution successful
Goal signal recieved..
Planning ...
Collision pairs set
goal state set
Using RRT Connect
task setup complete
solving task...
OMPL states:, 200.
path found
valid path found, generating trajectory...
Trajectory points:, 1000.
Duration:, 0.516017
excecuting path...
current error: , 0.003383
Final error:, 0.003383
Execution successful
Goal signal recieved..
Planning ...
Collision pairs set
goal state set
Using RRT Connect
task setup complete
solving task...
OMPL states:, 200.
path found
valid path found, generating trajectory...
Trajectory points:, 1000.
Duration:, 1.767531
excecuting path...
current error: , 0.001592
Final error:, 0.001592
Execution successful
Goal signal recieved..
Planning ...
Collision pairs set
goal state set
Using RRT Connect
task setup complete
solving task...
OMPL states:, 200.
path found
valid path found, generating trajectory...
Trajectory points:, 1000.
Duration:, 0.517369
excecuting path...
current error: , 0.002659
Final error:, 0.002659
Execution successful
Goal signal recieved..
Planning ...
Collision pairs set
goal state set
Using RRT Connect
task setup complete
solving task...
OMPL states:, 200.
path found
valid path found, generating trajectory...
Trajectory points:, 1000.
Duration:, 1.767522
excecuting path...
current error: , 0.001483
Final error:, 0.001483
Execution successful
Goal signal recieved..
Planning ...
Collision pairs set
goal state set
Using RRT Connect
task setup complete
solving task...
OMPL states:, 200.
path found
valid path found, generating trajectory...
Trajectory points:, 1000.
Duration:, 0.515062
excecuting path...
current error: , 0.005095
Final error:, 0.005095
Execution successful
Goal signal recieved..
Planning ...
Collision pairs set
goal state set
Using RRT Connect
task setup complete
solving task...
OMPL states:, 200.
path found
valid path found, generating trajectory...
Trajectory points:, 1000.
Duration:, 1.764331
excecuting path...
current error: , 0.000887
Final error:, 0.000887
Execution successful
Goal signal recieved..
Planning ...
Collision pairs set
goal state set
Using RRT Connect
task setup complete
solving task...
OMPL states:, 200.
path found
valid path found, generating trajectory...
Trajectory points:, 1000.
Duration:, 0.515131
excecuting path...
current error: , 0.002579
Final error:, 0.002579
Execution successful
Goal signal recieved..
Planning ...
Collision pairs set
goal state set
Using RRT Connect
task setup complete
solving task...
OMPL states:, 200.
path found
valid path found, generating trajectory...
Trajectory points:, 1000.
Duration:, 1.765597
excecuting path...
current error: , 0.001123
Final error:, 0.001123
Execution successful
Goal signal recieved..
Planning ...
Collision pairs set
goal state set
Using RRT Connect
task setup complete
solving task...
OMPL states:, 200.
path found
valid path found, generating trajectory...
Trajectory points:, 1000.
Duration:, 0.508735
excecuting path...
current error: , 0.002293
Final error:, 0.002293
Execution successful
Goal signal recieved..
Planning ...
Collision pairs set
goal state set
Using RRT Connect
task setup complete
solving task...
OMPL states:, 200.
path found
valid path found, generating trajectory...
Trajectory points:, 1000.
Duration:, 1.766425
excecuting path...
current error: , 0.00146
Final error:, 0.00146
Execution successful
Goal signal recieved..
Planning ...
Collision pairs set
goal state set
Using RRT Connect
task setup complete
solving task...
OMPL states:, 200.
path found
valid path found, generating trajectory...
Trajectory points:, 1000.
Duration:, 0.516006
excecuting path...
current error: , 0.002569
Final error:, 0.002569
Execution successful
Goal signal recieved..
Planning ...
Collision pairs set
goal state set
Using RRT Connect
task setup complete
solving task...
OMPL states:, 200.
path found
valid path found, generating trajectory...
Trajectory points:, 1000.
Duration:, 1.766753
excecuting path...
current error: , 0.001449
Final error:, 0.001449
Execution successful
Goal signal recieved..
Planning ...
Collision pairs set
goal state set
Using RRT Connect
task setup complete
solving task...
OMPL states:, 200.
path found
valid path found, generating trajectory...
Trajectory points:, 1000.
Duration:, 0.512829
excecuting path...
current error: , 0.002598
Final error:, 0.002598
Execution successful
Goal signal recieved..
Planning ...
Collision pairs set
goal state set
Using RRT Connect
task setup complete
solving task...
OMPL states:, 200.
path found
valid path found, generating trajectory...
Trajectory points:, 1000.
Duration:, 1.766964
excecuting path...
current error: , 0.001466
Final error:, 0.001466
Execution successful
Goal signal recieved..
Planning ...
Collision pairs set
goal state set
Using RRT Connect
task setup complete
solving task...
OMPL states:, 200.
path found
valid path found, generating trajectory...
Trajectory points:, 1000.
Duration:, 0.517785
excecuting path...
current error: , 0.002573
Final error:, 0.002573
Execution successful
Goal signal recieved..
Planning ...
Collision pairs set
goal state set
Using RRT Connect
task setup complete
solving task...
OMPL states:, 200.
path found
valid path found, generating trajectory...
Trajectory points:, 1000.
Duration:, 1.767874
excecuting path...
current error: , 0.001471
Final error:, 0.001471
Execution successful
Goal signal recieved..
Planning ...
Collision pairs set
goal state set
Using RRT Connect
task setup complete
solving task...
OMPL states:, 200.
path found
valid path found, generating trajectory...
Trajectory points:, 1000.
Duration:, 0.517702
excecuting path...
current error: , 0.003346
Final error:, 0.003346
Execution successful
Goal signal recieved..
Planning ...
Collision pairs set
goal state set
Using RRT Connect
task setup complete
solving task...
OMPL states:, 200.
path found
valid path found, generating trajectory...
Trajectory points:, 1000.
Duration:, 2.701253
excecuting path...
current error: , 0.002824
Final error:, 0.002824
Execution successful
Goal signal recieved..
Planning ...
Collision pairs set
goal state set
Using RRT Connect
task setup complete
solving task...
OMPL states:, 200.
path found
valid path found, generating trajectory...
Trajectory points:, 1000.
Duration:, 3.037317
excecuting path...
current error: , 0.004534
Final error:, 0.004534
Execution successful
Goal signal recieved..
Planning ...
Collision pairs set
goal state set
Using RRT Connect
task setup complete
solving task...
OMPL states:, 200.
path found
valid path found, generating trajectory...
Trajectory points:, 1000.
Duration:, 2.701592
excecuting path...
current error: , 0.002835
Final error:, 0.002835
Execution successful
Goal signal recieved..
Planning ...
Collision pairs set
goal state set
Using RRT Connect
task setup complete
solving task...
OMPL states:, 200.
path found
valid path found, generating trajectory...
Trajectory points:, 1000.
Duration:, 8.141149
excecuting path...
current error: , 0.904081
current error: , 0.904081
current error: , 0.820407
current error: , 0.736689
current error: , 0.652991
current error: , 0.569271
current error: , 0.485546
current error: , 0.401815
current error: , 0.318129
current error: , 0.234439
current error: , 0.150705
current error: , 0.067023
current error: , 0.007557
Final error:, 0.00115
Execution successful
Goal signal recieved..
Planning ...
Collision pairs set
goal state set
Using RRT Connect
task setup complete
solving task...
OMPL states:, 200.
path found
valid path found, generating trajectory...
Trajectory points:, 1000.
Duration:, 4.551517
excecuting path...
current error: , 0.833244
current error: , 0.833244
current error: , 0.749391
current error: , 0.665581
current error: , 0.581775
current error: , 0.497965
current error: , 0.414176
current error: , 0.330434
current error: , 0.246735
current error: , 0.162947
current error: , 0.079265
current error: , 0.010979
Final error:, 0.002135
Execution successful
Goal signal recieved..
Planning ...
Collision pairs set
goal state set
Using RRT Connect
task setup complete
solving task...
OMPL states:, 200.
path found
valid path found, generating trajectory...
Trajectory points:, 1000.
Duration:, 2.943373
excecuting path...
current error: , 0.004064
Final error:, 0.004064
Execution successful
[sandboxScript:info]   Simulation stopping...
[sandboxScript:info]   Simulation stopped.
[sandboxScript:info]   Simulation started.
[CoppeliaSim:warning]   Detected non-default settings (time steps and/or dyn. engine global settings).
Goal signal recieved..
Planning ...
Collision pairs set
goal state set
Using RRT Connect
task setup complete
solving task...
OMPL states:, 200.
path found
valid path found, generating trajectory...
Trajectory points:, 1000.
Duration:, 3.402611
excecuting path...
current error: , 0.01464
Final error:, 0.01464
Execution successful
Goal signal recieved..
Planning ...
Collision pairs set
goal state set
Using RRT Connect
task setup complete
solving task...
Goal signal recieved..
Planning ...
Collision pairs set
goal state set
Using RRT Connect
task setup complete
solving task...
OMPL states:, 200.
path found
valid path found, generating trajectory...
Trajectory points:, 1000.
Duration:, 7.281264
excecuting path...
current error: , 0.006927
Final error:, 0.006927
Execution successful
Goal signal recieved..
Planning ...
Collision pairs set
goal state set
Using RRT Connect
task setup complete
solving task...
OMPL states:, 200.
path found
valid path found, generating trajectory...
Trajectory points:, 1000.
Duration:, 7.914628
excecuting path...
current error: , 0.00266
Final error:, 0.00266
Execution successful
Goal signal recieved..
Planning ...
Collision pairs set
goal state set
Using RRT Connect
task setup complete
solving task...
OMPL states:, 200.
path found
valid path found, generating trajectory...
Trajectory points:, 1000.
Duration:, 8.332977
excecuting path...
current error: , 0.299437
current error: , 0.299437
current error: , 0.215264
current error: , 0.131212
current error: , 0.047266
current error: , 0.004357
Final error:, 0.00115
Execution successful
Goal signal recieved..
Planning ...
Collision pairs set
goal state set
Using RRT Connect
task setup complete
solving task...
OMPL states:, 200.
path found
valid path found, generating trajectory...
Trajectory points:, 1000.
Duration:, 1.755258
excecuting path...
current error: , 0.002477
Final error:, 0.002477
Execution successful
Goal signal recieved..
Planning ...
Collision pairs set
goal state set
Using RRT Connect
task setup complete
solving task...
OMPL states:, 200.
path found
valid path found, generating trajectory...
Trajectory points:, 1000.
Duration:, 0.396528
excecuting path...
current error: , 0.003907
Final error:, 0.003907
Execution successful
Goal signal recieved..
Planning ...
Collision pairs set
goal state set
Using RRT Connect
task setup complete
solving task...
OMPL states:, 200.
path found
valid path found, generating trajectory...
Trajectory points:, 1000.
Duration:, 1.765459
excecuting path...
current error: , 0.001338
Final error:, 0.001338
Execution successful
Goal signal recieved..
Planning ...
Collision pairs set
goal state set
Using RRT Connect
task setup complete
solving task...
OMPL states:, 200.
path found
valid path found, generating trajectory...
Trajectory points:, 1000.
Duration:, 0.375453
excecuting path...
current error: , 0.003066
Final error:, 0.003066
Execution successful
Goal signal recieved..
Planning ...
Collision pairs set
goal state set
Using RRT Connect
task setup complete
solving task...
OMPL states:, 200.
path found
valid path found, generating trajectory...
Trajectory points:, 1000.
Duration:, 1.765983
excecuting path...
current error: , 0.001372
Final error:, 0.001372
Execution successful
Goal signal recieved..
Planning ...
Collision pairs set
goal state set
Using RRT Connect
task setup complete
solving task...
OMPL states:, 200.
path found
valid path found, generating trajectory...
Trajectory points:, 1000.
Duration:, 0.365657
excecuting path...
current error: , 0.00278
Final error:, 0.00278
Execution successful
Goal signal recieved..
Planning ...
Collision pairs set
goal state set
Using RRT Connect
task setup complete
solving task...
OMPL states:, 200.
path found
valid path found, generating trajectory...
Trajectory points:, 1000.
Duration:, 1.765297
excecuting path...
current error: , 0.001519
Final error:, 0.001519
Execution successful
Goal signal recieved..
Planning ...
Collision pairs set
goal state set
Using RRT Connect
task setup complete
solving task...
OMPL states:, 200.
path found
valid path found, generating trajectory...
Trajectory points:, 1000.
Duration:, 0.389184
excecuting path...
current error: , 0.005122
Final error:, 0.005122
Execution successful
Goal signal recieved..
Planning ...
Collision pairs set
goal state set
Using RRT Connect
task setup complete
solving task...
OMPL states:, 200.
path found
valid path found, generating trajectory...
Trajectory points:, 1000.
Duration:, 1.75927
excecuting path...
current error: , 0.004461
Final error:, 0.004461
Execution successful
Goal signal recieved..
Planning ...
Collision pairs set
goal state set
Using RRT Connect
task setup complete
solving task...
OMPL states:, 200.
path found
valid path found, generating trajectory...
Trajectory points:, 1000.
Duration:, 0.351429
excecuting path...
current error: , 0.002731
Final error:, 0.002731
Execution successful
Goal signal recieved..
Planning ...
Collision pairs set
goal state set
Using RRT Connect
task setup complete
solving task...
OMPL states:, 200.
path found
valid path found, generating trajectory...
Trajectory points:, 1000.
Duration:, 1.761406
excecuting path...
current error: , 0.001303
Final error:, 0.001303
Execution successful
Goal signal recieved..
Planning ...
Collision pairs set
goal state set
Using RRT Connect
task setup complete
solving task...
OMPL states:, 200.
path found
valid path found, generating trajectory...
Trajectory points:, 1000.
Duration:, 0.36056
excecuting path...
current error: , 0.003528
Final error:, 0.003528
Execution successful
Goal signal recieved..
Planning ...
Collision pairs set
goal state set
Using RRT Connect
task setup complete
solving task...
OMPL states:, 200.
path found
valid path found, generating trajectory...
Trajectory points:, 1000.
Duration:, 8.062499
excecuting path...
current error: , 0.003436
Final error:, 0.003436
Execution successful
Goal signal recieved..
Planning ...
Collision pairs set
goal state set
Using RRT Connect
task setup complete
solving task...
OMPL states:, 200.
path found
valid path found, generating trajectory...
Trajectory points:, 1000.
Duration:, 0.368765
excecuting path...
current error: , 0.001852
Final error:, 0.001852
Execution successful
Goal signal recieved..
Planning ...
Collision pairs set
goal state set
Using RRT Connect
task setup complete
solving task...
OMPL states:, 200.
path found
valid path found, generating trajectory...
Trajectory points:, 1000.
Duration:, 1.795499
excecuting path...
current error: , 0.001793
Final error:, 0.001793
Execution successful
Goal signal recieved..
Planning ...
Collision pairs set
goal state set
Using RRT Connect
task setup complete
solving task...
OMPL states:, 200.
path found
valid path found, generating trajectory...
Trajectory points:, 1000.
Duration:, 0.391315
excecuting path...
current error: , 0.00496
Final error:, 0.00496
Execution successful
Goal signal recieved..
Planning ...
Collision pairs set
goal state set
Using RRT Connect
task setup complete
solving task...
OMPL states:, 200.
path found
valid path found, generating trajectory...
Trajectory points:, 1000.
Duration:, 1.792789
excecuting path...
current error: , 0.001664
Final error:, 0.001664
Execution successful
Goal signal recieved..
Planning ...
Collision pairs set
goal state set
Using RRT Connect
task setup complete
solving task...
OMPL states:, 200.
path found
valid path found, generating trajectory...
Trajectory points:, 1000.
Duration:, 0.376068
excecuting path...
current error: , 0.004021
Final error:, 0.004021
Execution successful
Goal signal recieved..
Planning ...
Collision pairs set
goal state set
Using RRT Connect
task setup complete
solving task...
Goal signal recieved..
Planning ...
Collision pairs set
goal state set
Using RRT Connect
task setup complete
solving task...
OMPL states:, 200.
path found
valid path found, generating trajectory...
Trajectory points:, 1000.
Duration:, 7.83179
excecuting path...
current error: , 0.207084
current error: , 0.207084
current error: , 0.123378
current error: , 0.039668
current error: , 0.00368
Final error:, 0.001631
Execution successful
Goal signal recieved..
Planning ...
Collision pairs set
goal state set
Using RRT Connect
task setup complete
solving task...
OMPL states:, 200.
path found
valid path found, generating trajectory...
Trajectory points:, 1000.
Duration:, 0.376314
excecuting path...
current error: , 0.002268
Final error:, 0.002268
Execution successful
Goal signal recieved..
Planning ...
Collision pairs set
goal state set
Using RRT Connect
task setup complete
solving task...
OMPL states:, 200.
path found
valid path found, generating trajectory...
Trajectory points:, 1000.
Duration:, 1.76508
excecuting path...
current error: , 0.001564
Final error:, 0.001564
Execution successful
Goal signal recieved..
Planning ...
Collision pairs set
goal state set
Using RRT Connect
task setup complete
solving task...
OMPL states:, 200.
path found
valid path found, generating trajectory...
Trajectory points:, 1000.
Duration:, 0.381042
excecuting path...
current error: , 0.002863
Final error:, 0.002863
Execution successful
Goal signal recieved..
Planning ...
Collision pairs set
goal state set
Using RRT Connect
task setup complete
solving task...
OMPL states:, 200.
path found
valid path found, generating trajectory...
Trajectory points:, 1000.
Duration:, 1.763178
excecuting path...
current error: , 0.001337
Final error:, 0.001337
Execution successful
Goal signal recieved..
Planning ...
Collision pairs set
goal state set
Using RRT Connect
task setup complete
solving task...
OMPL states:, 200.
path found
valid path found, generating trajectory...
Trajectory points:, 1000.
Duration:, 0.369148
excecuting path...
current error: , 0.002323
Final error:, 0.002323
Execution successful
Goal signal recieved..
Planning ...
Collision pairs set
goal state set
Using RRT Connect
task setup complete
solving task...
OMPL states:, 200.
path found
valid path found, generating trajectory...
Trajectory points:, 1000.
Duration:, 1.765133
excecuting path...
current error: , 0.001396
Final error:, 0.001396
Execution successful
Goal signal recieved..
Planning ...
Collision pairs set
goal state set
Using RRT Connect
task setup complete
solving task...
OMPL states:, 200.
path found
valid path found, generating trajectory...
Trajectory points:, 1000.
Duration:, 0.377676
excecuting path...
current error: , 0.002896
Final error:, 0.002896
Execution successful
[sandboxScript:info]   Simulation stopping...
[sandboxScript:info]   Simulation stopped.
[sandboxScript:info]   Simulation started.
[CoppeliaSim:warning]   Detected non-default settings (time steps and/or dyn. engine global settings).
Goal signal recieved..
Planning ...
Collision pairs set
goal state set
Using RRT Connect
task setup complete
solving task...
OMPL states:, 200.
path found
valid path found, generating trajectory...
Trajectory points:, 1000.
Duration:, 3.574687
excecuting path...
current error: , 0.10019
current error: , 0.10019
current error: , 0.018001
Final error:, 0.001359
Execution successful
Goal signal recieved..
Planning ...
Collision pairs set
goal state set
Using RRT Connect
task setup complete
solving task...
OMPL states:, 200.
path found
valid path found, generating trajectory...
Trajectory points:, 1000.
Duration:, 8.36272
excecuting path...
current error: , 1.055396
current error: , 1.055396
current error: , 0.971706
current error: , 0.887947
current error: , 0.804053
current error: , 0.720155
current error: , 0.636301
current error: , 0.552511
current error: , 0.468651
current error: , 0.384846
current error: , 0.30102
current error: , 0.217238
current error: , 0.133396
current error: , 0.049509
current error: , 0.004446
Final error:, 0.00132
Execution successful
Goal signal recieved..
Planning ...
Collision pairs set
goal state set
Using RRT Connect
task setup complete
solving task...
OMPL states:, 200.
path found
valid path found, generating trajectory...
Trajectory points:, 1000.
Duration:, 8.137665
excecuting path...
current error: , 0.004145
Final error:, 0.004145
Execution successful
Goal signal recieved..
Planning ...
Collision pairs set
goal state set
Using RRT Connect
task setup complete
solving task...
OMPL states:, 200.
path found
valid path found, generating trajectory...
Trajectory points:, 1000.
Duration:, 3.428282
excecuting path...
current error: , 0.076418
current error: , 0.076418
current error: , 0.0111
Final error:, 0.003119
Execution successful
[sandboxScript:info]   Simulation stopping...
[sandboxScript:info]   Simulation stopped.
[sandboxScript:info]   Simulation started.
[CoppeliaSim:warning]   Detected non-default settings (time steps and/or dyn. engine global settings).
Goal signal recieved..
Planning ...
Collision pairs set
goal state set
Using RRT Connect
task setup complete
solving task...
OMPL states:, 200.
path found
valid path found, generating trajectory...
Trajectory points:, 1000.
Duration:, 3.402827
excecuting path...
current error: , 0.005721
Final error:, 0.005721
Execution successful
Goal signal recieved..
Planning ...
Collision pairs set
goal state set
Using RRT Connect
task setup complete
solving task...
OMPL states:, 200.
path found
valid path found, generating trajectory...
Trajectory points:, 1000.
Duration:, 0.515518
excecuting path...
current error: , 0.002671
Final error:, 0.002671
Execution successful
Goal signal recieved..
Planning ...
Collision pairs set
goal state set
Using RRT Connect
task setup complete
solving task...
OMPL states:, 200.
path found
valid path found, generating trajectory...
Trajectory points:, 1000.
Duration:, 1.765331
excecuting path...
current error: , 0.001244
Final error:, 0.001244
Execution successful
Goal signal recieved..
Planning ...
Collision pairs set
goal state set
Using RRT Connect
task setup complete
solving task...
OMPL states:, 200.
path found
valid path found, generating trajectory...
Trajectory points:, 1000.
Duration:, 0.517025
excecuting path...
current error: , 0.002817
Final error:, 0.002817
Execution successful
Goal signal recieved..
Planning ...
Collision pairs set
goal state set
Using RRT Connect
task setup complete
solving task...
OMPL states:, 200.
path found
valid path found, generating trajectory...
Trajectory points:, 1000.
Duration:, 1.767395
excecuting path...
current error: , 0.00168
Final error:, 0.00168
Execution successful
Goal signal recieved..
Planning ...
Collision pairs set
goal state set
Using RRT Connect
task setup complete
solving task...
OMPL states:, 200.
path found
valid path found, generating trajectory...
Trajectory points:, 1000.
Duration:, 0.514098
excecuting path...
current error: , 0.002802
Final error:, 0.002802
Execution successful
Goal signal recieved..
Planning ...
Collision pairs set
goal state set
Using RRT Connect
task setup complete
solving task...
OMPL states:, 200.
path found
valid path found, generating trajectory...
Trajectory points:, 1000.
Duration:, 1.767012
excecuting path...
current error: , 0.00143
Final error:, 0.00143
Execution successful
Goal signal recieved..
Planning ...
Collision pairs set
goal state set
Using RRT Connect
task setup complete
solving task...
OMPL states:, 200.
path found
valid path found, generating trajectory...
Trajectory points:, 1000.
Duration:, 0.518588
excecuting path...
current error: , 0.003335
Final error:, 0.003335
Execution successful
Goal signal recieved..
Planning ...
Collision pairs set
goal state set
Using RRT Connect
task setup complete
solving task...
OMPL states:, 200.
path found
valid path found, generating trajectory...
Trajectory points:, 1000.
Duration:, 1.766822
excecuting path...
current error: , 0.001551
Final error:, 0.001551
Execution successful
Goal signal recieved..
Planning ...
Collision pairs set
goal state set
Using RRT Connect
task setup complete
solving task...
OMPL states:, 200.
path found
valid path found, generating trajectory...
Trajectory points:, 1000.
Duration:, 0.513302
excecuting path...
current error: , 0.003278
Final error:, 0.003278
Execution successful
Goal signal recieved..
Planning ...
Collision pairs set
goal state set
Using RRT Connect
task setup complete
solving task...
OMPL states:, 200.
path found
valid path found, generating trajectory...
Trajectory points:, 1000.
Duration:, 1.767409
excecuting path...
current error: , 0.001809
Final error:, 0.001809
Execution successful
Goal signal recieved..
Planning ...
Collision pairs set
goal state set
Using RRT Connect
task setup complete
solving task...
OMPL states:, 200.
path found
valid path found, generating trajectory...
Trajectory points:, 1000.
Duration:, 0.516579
excecuting path...
current error: , 0.003279
Final error:, 0.003279
Execution successful
Goal signal recieved..
Planning ...
Collision pairs set
goal state set
Using RRT Connect
task setup complete
solving task...
OMPL states:, 200.
path found
valid path found, generating trajectory...
Trajectory points:, 1000.
Duration:, 1.76763
excecuting path...
current error: , 0.001786
Final error:, 0.001786
Execution successful
Goal signal recieved..
Planning ...
Collision pairs set
goal state set
Using RRT Connect
task setup complete
solving task...
OMPL states:, 200.
path found
valid path found, generating trajectory...
Trajectory points:, 1000.
Duration:, 0.517958
excecuting path...
current error: , 0.003437
Final error:, 0.003437
Execution successful
Goal signal recieved..
Planning ...
Collision pairs set
goal state set
Using RRT Connect
task setup complete
solving task...
OMPL states:, 200.
path found
valid path found, generating trajectory...
Trajectory points:, 1000.
Duration:, 1.767469
excecuting path...
current error: , 0.00133
Final error:, 0.00133
Execution successful
Goal signal recieved..
Planning ...
Collision pairs set
goal state set
Using RRT Connect
task setup complete
solving task...
OMPL states:, 200.
path found
valid path found, generating trajectory...
Trajectory points:, 1000.
Duration:, 0.515699
excecuting path...
current error: , 0.002771
Final error:, 0.002771
Execution successful
Goal signal recieved..
Planning ...
Collision pairs set
goal state set
Using RRT Connect
task setup complete
solving task...
OMPL states:, 200.
path found
valid path found, generating trajectory...
Trajectory points:, 1000.
Duration:, 1.767507
excecuting path...
current error: , 0.001476
Final error:, 0.001476
Execution successful
Goal signal recieved..
Planning ...
Collision pairs set
goal state set
Using RRT Connect
task setup complete
solving task...
OMPL states:, 200.
path found
valid path found, generating trajectory...
Trajectory points:, 1000.
Duration:, 0.516994
excecuting path...
current error: , 0.002582
Final error:, 0.002582
Execution successful
Goal signal recieved..
Planning ...
Collision pairs set
goal state set
Using RRT Connect
task setup complete
solving task...
OMPL states:, 200.
path found
valid path found, generating trajectory...
Trajectory points:, 1000.
Duration:, 1.767562
excecuting path...
current error: , 0.002638
Final error:, 0.002638
Execution successful
Goal signal recieved..
Planning ...
Collision pairs set
goal state set
Using RRT Connect
task setup complete
solving task...
OMPL states:, 200.
path found
valid path found, generating trajectory...
Trajectory points:, 1000.
Duration:, 0.514308
excecuting path...
current error: , 0.002725
Final error:, 0.002725
Execution successful
Goal signal recieved..
Planning ...
Collision pairs set
goal state set
Using RRT Connect
task setup complete
solving task...
OMPL states:, 200.
path found
valid path found, generating trajectory...
Trajectory points:, 1000.
Duration:, 1.766942
excecuting path...
current error: , 0.001463
Final error:, 0.001463
Execution successful
Goal signal recieved..
Planning ...
Collision pairs set
goal state set
Using RRT Connect
task setup complete
solving task...
OMPL states:, 200.
path found
valid path found, generating trajectory...
Trajectory points:, 1000.
Duration:, 0.512174
excecuting path...
current error: , 0.002227
Final error:, 0.002227
Execution successful
Goal signal recieved..
Planning ...
Collision pairs set
goal state set
Using RRT Connect
task setup complete
solving task...
OMPL states:, 200.
path found
valid path found, generating trajectory...
Trajectory points:, 1000.
Duration:, 1.766742
excecuting path...
current error: , 0.001605
Final error:, 0.001605
Execution successful
Goal signal recieved..
Planning ...
Collision pairs set
goal state set
Using RRT Connect
task setup complete
solving task...
OMPL states:, 200.
path found
valid path found, generating trajectory...
Trajectory points:, 1000.
Duration:, 0.513972
excecuting path...
current error: , 0.002359
Final error:, 0.002359
Execution successful
Goal signal recieved..
Planning ...
Collision pairs set
goal state set
Using RRT Connect
task setup complete
solving task...
OMPL states:, 200.
path found
valid path found, generating trajectory...
Trajectory points:, 1000.
Duration:, 1.765831
excecuting path...
current error: , 0.001427
Final error:, 0.001427
Execution successful
Goal signal recieved..
Planning ...
Collision pairs set
goal state set
Using RRT Connect
task setup complete
solving task...
OMPL states:, 200.
path found
valid path found, generating trajectory...
Trajectory points:, 1000.
Duration:, 0.512595
excecuting path...
current error: , 0.002369
Final error:, 0.002369
Execution successful
Goal signal recieved..
Planning ...
Collision pairs set
goal state set
Using RRT Connect
task setup complete
solving task...
OMPL states:, 200.
path found
valid path found, generating trajectory...
Trajectory points:, 1000.
Duration:, 1.767178
excecuting path...
current error: , 0.001364
Final error:, 0.001364
Execution successful
Goal signal recieved..
Planning ...
Collision pairs set
goal state set
Using RRT Connect
task setup complete
solving task...
OMPL states:, 200.
path found
valid path found, generating trajectory...
Trajectory points:, 1000.
Duration:, 0.517104
excecuting path...
current error: , 0.002693
Final error:, 0.002693
Execution successful
Goal signal recieved..
Planning ...
Collision pairs set
goal state set
Using RRT Connect
task setup complete
solving task...
OMPL states:, 200.
path found
valid path found, generating trajectory...
Trajectory points:, 1000.
Duration:, 1.768123
excecuting path...
current error: , 0.001799
Final error:, 0.001799
Execution successful
Goal signal recieved..
Planning ...
Collision pairs set
goal state set
Using RRT Connect
task setup complete
solving task...
OMPL states:, 200.
path found
valid path found, generating trajectory...
Trajectory points:, 1000.
Duration:, 0.518357
excecuting path...
current error: , 0.0034
Final error:, 0.0034
Execution successful
[sandboxScript:info]   Simulation stopping...
[sandboxScript:info]   Simulation stopped.
[sandboxScript:info]   Simulation started.
[CoppeliaSim:warning]   Detected non-default settings (time steps and/or dyn. engine global settings).
[sandboxScript:info]   Simulation stopping...
[sandboxScript:info]   Simulation stopped.
[sandboxScript:info]   Simulation started.
[CoppeliaSim:warning]   Detected non-default settings (time steps and/or dyn. engine global settings).
Goal signal recieved..
Planning ...
Collision pairs set
goal state set
Using RRT Connect
task setup complete
solving task...
OMPL states:, 200.
path found
valid path found, generating trajectory...
Trajectory points:, 1000.
Duration:, 3.574793
excecuting path...
current error: , 0.099592
current error: , 0.099592
current error: , 0.017932
Final error:, 0.000264
Execution successful
Goal signal recieved..
Planning ...
Collision pairs set
goal state set
Using RRT Connect
task setup complete
solving task...
OMPL states:, 200.
path found
valid path found, generating trajectory...
Trajectory points:, 1000.
Duration:, 7.598587
excecuting path...
current error: , 0.808222
current error: , 0.808222
current error: , 0.724481
current error: , 0.640758
current error: , 0.557022
current error: , 0.473279
current error: , 0.389563
current error: , 0.305838
current error: , 0.222121
current error: , 0.138415
current error: , 0.054685
current error: , 0.007016
Final error:, 0.003028
Execution successful
Goal signal recieved..
Planning ...
Collision pairs set
goal state set
Using RRT Connect
task setup complete
solving task...
OMPL states:, 200.
path found
valid path found, generating trajectory...
Trajectory points:, 1000.
Duration:, 3.426321
excecuting path...
current error: , 0.044281
current error: , 0.044281
current error: , 0.004139
Final error:, 0.001188
Execution successful
Goal signal recieved..
Planning ...
Collision pairs set
goal state set
Using RRT Connect
task setup complete
solving task...
Goal signal recieved..
Planning ...
Collision pairs set
goal state set
Using RRT Connect
task setup complete
solving task...
Goal signal recieved..
Planning ...
Collision pairs set
goal state set
Using RRT Connect
task setup complete
solving task...
Goal signal recieved..
Planning ...
Collision pairs set
goal state set
Using RRT Connect
task setup complete
solving task...
OMPL states:, 200.
path found
valid path found, generating trajectory...
Trajectory points:, 1000.
Duration:, 9.078272
excecuting path...
current error: , 0.898484
current error: , 0.898484
current error: , 0.815558
current error: , 0.732445
current error: , 0.64944
current error: , 0.566545
current error: , 0.483476
current error: , 0.400521
current error: , 0.317324
current error: , 0.234101
current error: , 0.151244
current error: , 0.068156
current error: , 0.008281
Final error:, 0.001618
Execution successful
Goal signal recieved..
Planning ...
Collision pairs set
goal state set
Using RRT Connect
task setup complete
solving task...
OMPL states:, 200.
path found
valid path found, generating trajectory...
Trajectory points:, 1000.
Duration:, 3.909767
excecuting path...
current error: , 0.342477
current error: , 0.342477
current error: , 0.258688
current error: , 0.174879
current error: , 0.091148
current error: , 0.015464
Final error:, 0.002315
Execution successful
Goal signal recieved..
Planning ...
Collision pairs set
goal state set
Using RRT Connect
task setup complete
solving task...
OMPL states:, 200.
path found
valid path found, generating trajectory...
Trajectory points:, 1000.
Duration:, 3.909454
excecuting path...
current error: , 0.335425
current error: , 0.335425
current error: , 0.251719
current error: , 0.168046
current error: , 0.08433
current error: , 0.012668
Final error:, 0.001595
Execution successful
Goal signal recieved..
Planning ...
Collision pairs set
goal state set
Using RRT Connect
task setup complete
solving task...
OMPL states:, 200.
path found
valid path found, generating trajectory...
Trajectory points:, 1000.
Duration:, 3.909593
excecuting path...
current error: , 0.331305
current error: , 0.331305
current error: , 0.247493
current error: , 0.163718
current error: , 0.079961
current error: , 0.011126
Final error:, 0.001726
Execution successful
Goal signal recieved..
Planning ...
Collision pairs set
goal state set
Using RRT Connect
task setup complete
solving task...
OMPL states:, 200.
path found
valid path found, generating trajectory...
Trajectory points:, 1000.
Duration:, 3.909456
excecuting path...
current error: , 0.33518
current error: , 0.33518
current error: , 0.251477
current error: , 0.167811
current error: , 0.084094
current error: , 0.012524
Final error:, 0.001773
Execution successful
Goal signal recieved..
Planning ...
Collision pairs set
goal state set
Using RRT Connect
task setup complete
solving task...
OMPL states:, 200.
path found
valid path found, generating trajectory...
Trajectory points:, 1000.
Duration:, 3.909486
excecuting path...
current error: , 0.331286
current error: , 0.331286
current error: , 0.247494
current error: , 0.163727
current error: , 0.079972
current error: , 0.011188
Final error:, 0.002071
Execution successful
Goal signal recieved..
Planning ...
Collision pairs set
goal state set
Using RRT Connect
task setup complete
solving task...
Goal signal recieved..
Planning ...
Collision pairs set
goal state set
Using RRT Connect
task setup complete
solving task...
OMPL states:, 200.
path found
valid path found, generating trajectory...
Trajectory points:, 1000.
Duration:, 3.909462
excecuting path...
current error: , 0.335415
current error: , 0.335415
current error: , 0.251716
current error: , 0.168018
current error: , 0.08431
current error: , 0.012632
Final error:, 0.001721
Execution successful
Goal signal recieved..
Planning ...
Collision pairs set
goal state set
Using RRT Connect
task setup complete
solving task...
OMPL states:, 200.
path found
valid path found, generating trajectory...
Trajectory points:, 1000.
Duration:, 3.909527
excecuting path...
current error: , 0.354508
current error: , 0.354508
current error: , 0.270726
current error: , 0.18693
current error: , 0.103155
current error: , 0.022549
current error: , 0.003902
Final error:, 0.002737
Execution successful
Goal signal recieved..
Planning ...
Collision pairs set
goal state set
Using RRT Connect
task setup complete
solving task...
OMPL states:, 200.
path found
valid path found, generating trajectory...
Trajectory points:, 1000.
Duration:, 3.908613
excecuting path...
current error: , 0.357543
current error: , 0.357543
current error: , 0.273831
current error: , 0.190129
current error: , 0.106419
current error: , 0.024724
current error: , 0.003861
Final error:, 0.002398
Execution successful
Goal signal recieved..
Planning ...
Collision pairs set
goal state set
Using RRT Connect
task setup complete
solving task...
OMPL states:, 200.
path found
valid path found, generating trajectory...
Trajectory points:, 1000.
Duration:, 3.908698
excecuting path...
current error: , 0.353609
current error: , 0.353609
current error: , 0.269802
current error: , 0.186029
current error: , 0.102273
current error: , 0.022003
current error: , 0.003922
Final error:, 0.002552
Execution successful
Goal signal recieved..
Planning ...
Collision pairs set
goal state set
Using RRT Connect
task setup complete
solving task...
OMPL states:, 200.
path found
valid path found, generating trajectory...
Trajectory points:, 1000.
Duration:, 3.90851
excecuting path...
current error: , 0.357084
current error: , 0.357084
current error: , 0.273421
current error: , 0.189728
current error: , 0.106026
current error: , 0.024463
current error: , 0.003777
Final error:, 0.00267
Execution successful
Goal signal recieved..
Planning ...
Collision pairs set
goal state set
Using RRT Connect
task setup complete
solving task...
OMPL states:, 200.
path found
valid path found, generating trajectory...
Trajectory points:, 1000.
Duration:, 3.908875
excecuting path...
current error: , 0.325664
current error: , 0.325664
current error: , 0.241829
current error: , 0.158051
current error: , 0.074257
current error: , 0.009517
Final error:, 0.00168
Execution successful
Goal signal recieved..
Planning ...
Collision pairs set
goal state set
Using RRT Connect
task setup complete
solving task...
OMPL states:, 200.
path found
valid path found, generating trajectory...
Trajectory points:, 1000.
Duration:, 3.909541
excecuting path...
current error: , 0.358948
current error: , 0.358948
current error: , 0.275243
current error: , 0.191513
current error: , 0.107748
current error: , 0.025679
current error: , 0.004108
Final error:, 0.002438
Execution successful
Goal signal recieved..
Planning ...
Collision pairs set
goal state set
Using RRT Connect
task setup complete
solving task...
OMPL states:, 200.
path found
valid path found, generating trajectory...
Trajectory points:, 1000.
Duration:, 3.908629
excecuting path...
current error: , 0.353514
current error: , 0.353514
current error: , 0.269722
current error: , 0.185948
current error: , 0.102179
current error: , 0.021933
current error: , 0.003778
Final error:, 0.002535
Execution successful
Goal signal recieved..
Planning ...
Collision pairs set
goal state set
Using RRT Connect
task setup complete
solving task...
OMPL states:, 200.
path found
valid path found, generating trajectory...
Trajectory points:, 1000.
Duration:, 3.908475
excecuting path...
current error: , 0.357557
current error: , 0.357557
current error: , 0.273852
current error: , 0.19018
current error: , 0.106528
current error: , 0.024786
current error: , 0.003846
Final error:, 0.002514
Execution successful
Goal signal recieved..
Planning ...
Collision pairs set
goal state set
Using RRT Connect
task setup complete
solving task...
OMPL states:, 200.
path found
valid path found, generating trajectory...
Trajectory points:, 1000.
Duration:, 3.908752
excecuting path...
current error: , 0.353459
current error: , 0.353459
current error: , 0.269648
current error: , 0.185812
current error: , 0.102059
current error: , 0.021931
current error: , 0.003841
Final error:, 0.002471
Execution successful
Goal signal recieved..
Planning ...
Collision pairs set
goal state set
Using RRT Connect
task setup complete
solving task...
OMPL states:, 200.
path found
valid path found, generating trajectory...
Trajectory points:, 1000.
Duration:, 3.908537
excecuting path...
current error: , 0.357723
current error: , 0.357723
current error: , 0.27398
current error: , 0.190277
current error: , 0.106556
current error: , 0.024768
current error: , 0.00395
Final error:, 0.002386
Execution successful
Goal signal recieved..
Planning ...
Collision pairs set
goal state set
Using RRT Connect
task setup complete
solving task...
OMPL states:, 200.
path found
valid path found, generating trajectory...
Trajectory points:, 1000.
Duration:, 3.908522
excecuting path...
current error: , 0.329944
current error: , 0.329944
current error: , 0.246176
current error: , 0.162384
current error: , 0.078672
current error: , 0.010717
Final error:, 0.001824
Execution successful
Goal signal recieved..
Planning ...
Collision pairs set
goal state set
Using RRT Connect
task setup complete
solving task...
OMPL states:, 200.
path found
valid path found, generating trajectory...
Trajectory points:, 1000.
Duration:, 3.909237
excecuting path...
current error: , 0.334979
current error: , 0.334979
current error: , 0.251267
current error: , 0.167582
current error: , 0.083883
current error: , 0.01249
Final error:, 0.001839
Execution successful
Goal signal recieved..
Planning ...
Collision pairs set
goal state set
Using RRT Connect
task setup complete
solving task...
OMPL states:, 200.
path found
valid path found, generating trajectory...
Trajectory points:, 1000.
Duration:, 3.909492
excecuting path...
current error: , 0.33106
current error: , 0.33106
current error: , 0.247217
current error: , 0.16342
current error: , 0.079623
current error: , 0.01106
Final error:, 0.002282
Execution successful
Goal signal recieved..
Planning ...
Collision pairs set
goal state set
Using RRT Connect
task setup complete
solving task...
OMPL states:, 200.
path found
valid path found, generating trajectory...
Trajectory points:, 1000.
Duration:, 3.909441
excecuting path...
current error: , 0.335361
current error: , 0.335361
current error: , 0.251636
current error: , 0.167942
current error: , 0.084196
current error: , 0.012638
Final error:, 0.001568
Execution successful
Goal signal recieved..
Planning ...
Collision pairs set
goal state set
Using RRT Connect
task setup complete
solving task...
OMPL states:, 200.
path found
valid path found, generating trajectory...
Trajectory points:, 1000.
Duration:, 3.909726
excecuting path...
current error: , 0.331277
current error: , 0.331277
current error: , 0.247494
current error: , 0.163701
current error: , 0.079966
current error: , 0.011181
Final error:, 0.001696
Execution successful
Goal signal recieved..
Planning ...
Collision pairs set
goal state set
Using RRT Connect
task setup complete
solving task...
Goal signal recieved..
Planning ...
Collision pairs set
goal state set
Using RRT Connect
task setup complete
solving task...
Goal signal recieved..
Planning ...
Collision pairs set
goal state set
Using RRT Connect
task setup complete
solving task...
OMPL states:, 200.
path found
valid path found, generating trajectory...
Trajectory points:, 1000.
Duration:, 3.909754
excecuting path...
current error: , 0.335883
current error: , 0.335883
current error: , 0.252189
current error: , 0.168489
current error: , 0.084777
current error: , 0.012875
Final error:, 0.001869
Execution successful
Goal signal recieved..
Planning ...
Collision pairs set
goal state set
Using RRT Connect
task setup complete
solving task...
OMPL states:, 200.
path found
valid path found, generating trajectory...
Trajectory points:, 1000.
Duration:, 3.909484
excecuting path...
current error: , 0.331103
current error: , 0.331103
current error: , 0.24736
current error: , 0.163536
current error: , 0.079775
current error: , 0.011091
Final error:, 0.002169
Execution successful
Goal signal recieved..
Planning ...
Collision pairs set
goal state set
Using RRT Connect
task setup complete
solving task...
OMPL states:, 200.
path found
valid path found, generating trajectory...
Trajectory points:, 1000.
Duration:, 3.909359
excecuting path...
current error: , 0.335661
current error: , 0.335661
current error: , 0.251977
current error: , 0.168266
current error: , 0.084608
current error: , 0.012758
Final error:, 0.0016
Execution successful
Goal signal recieved..
Planning ...
Collision pairs set
goal state set
Using RRT Connect
task setup complete
solving task...
OMPL states:, 200.
path found
valid path found, generating trajectory...
Trajectory points:, 1000.
Duration:, 3.909404
excecuting path...
current error: , 0.331135
current error: , 0.331135
current error: , 0.247343
current error: , 0.163581
current error: , 0.079814
current error: , 0.011082
Final error:, 0.00204
Execution successful
[sandboxScript:info]   Simulation stopping...
[sandboxScript:info]   Simulation stopped.
[sandboxScript:info]   Simulation started.
[CoppeliaSim:warning]   Detected non-default settings (time steps and/or dyn. engine global settings).
Goal signal recieved..
Planning ...
Collision pairs set
goal state set
Using RRT Connect
task setup complete
solving task...
OMPL states:, 200.
path found
valid path found, generating trajectory...
Trajectory points:, 1000.
Duration:, 3.402526
excecuting path...
current error: , 0.0137
Final error:, 0.0137
Execution successful
Goal signal recieved..
Planning ...
Collision pairs set
goal state set
Using RRT Connect
task setup complete
solving task...
OMPL states:, 200.
path found
valid path found, generating trajectory...
Trajectory points:, 1000.
Duration:, 3.092321
excecuting path...
current error: , 0.001883
Final error:, 0.001883
Execution successful
Goal signal recieved..
Planning ...
Collision pairs set
goal state set
Using RRT Connect
task setup complete
solving task...
Goal signal recieved..
Planning ...
Collision pairs set
goal state set
Using RRT Connect
task setup complete
solving task...
OMPL states:, 200.
path found
valid path found, generating trajectory...
Trajectory points:, 1000.
Duration:, 8.406583
excecuting path...
current error: , 0.550043
current error: , 0.550043
current error: , 0.46638
current error: , 0.382667
current error: , 0.298937
current error: , 0.215236
current error: , 0.131548
current error: , 0.04786
current error: , 0.004896
Final error:, 0.001686
Execution successful
Goal signal recieved..
Planning ...
Collision pairs set
goal state set
Using RRT Connect
task setup complete
solving task...
OMPL states:, 200.
path found
valid path found, generating trajectory...
Trajectory points:, 1000.
Duration:, 8.26346
excecuting path...
current error: , 0.688858
current error: , 0.688858
current error: , 0.605128
current error: , 0.521386
current error: , 0.437664
current error: , 0.353978
current error: , 0.270302
current error: , 0.186588
current error: , 0.102886
current error: , 0.02334
current error: , 0.006261
Final error:, 0.004927
Execution successful
Goal signal recieved..
Planning ...
Collision pairs set
goal state set
Using RRT Connect
task setup complete
solving task...
OMPL states:, 200.
path found
valid path found, generating trajectory...
Trajectory points:, 1000.
Duration:, 4.234656
excecuting path...
current error: , 0.613586
current error: , 0.613586
current error: , 0.530178
current error: , 0.447207
current error: , 0.364049
current error: , 0.281012
current error: , 0.19777
current error: , 0.114741
current error: , 0.031862
current error: , 0.004818
Final error:, 0.002936
Execution successful
Goal signal recieved..
Planning ...
Collision pairs set
goal state set
Using RRT Connect
task setup complete
solving task...
OMPL states:, 200.
path found
valid path found, generating trajectory...
Trajectory points:, 1000.
Duration:, 11.601922
excecuting path...
current error: , 0.933576
current error: , 0.933576
current error: , 0.85051
current error: , 0.767369
current error: , 0.684274
current error: , 0.601186
current error: , 0.518433
current error: , 0.4354
current error: , 0.3524
current error: , 0.269444
current error: , 0.186393
current error: , 0.103272
current error: , 0.022355
current error: , 0.002324
Final error:, 0.000999
Execution successful
Goal signal recieved..
Planning ...
Collision pairs set
goal state set
Using RRT Connect
task setup complete
solving task...
OMPL states:, 200.
path found
valid path found, generating trajectory...
Trajectory points:, 1000.
Duration:, 8.582577
excecuting path...
current error: , 0.991993
current error: , 0.991993
current error: , 0.90813
current error: , 0.824255
current error: , 0.740399
current error: , 0.656559
current error: , 0.572748
current error: , 0.488905
current error: , 0.405084
current error: , 0.321296
current error: , 0.237543
current error: , 0.153779
current error: , 0.070016
current error: , 0.008213
Final error:, 0.00124
Execution successful
Goal signal recieved..
Planning ...
Collision pairs set
goal state set
Using RRT Connect
task setup complete
solving task...
OMPL states:, 200.
path found
valid path found, generating trajectory...
Trajectory points:, 1000.
Duration:, 3.280989
excecuting path...
current error: , 0.005406
Final error:, 0.005406
Execution successful
Goal signal recieved..
Planning ...
Collision pairs set
goal state set
Using RRT Connect
task setup complete
solving task...
OMPL states:, 200.
path found
valid path found, generating trajectory...
Trajectory points:, 1000.
Duration:, 3.295276
excecuting path...
current error: , 0.008708
Final error:, 0.008708
Execution successful
Goal signal recieved..
Planning ...
Collision pairs set
goal state set
Using RRT Connect
task setup complete
solving task...
OMPL states:, 200.
path found
valid path found, generating trajectory...
Trajectory points:, 1000.
Duration:, 3.28556
excecuting path...
current error: , 0.005248
Final error:, 0.005248
Execution successful
Goal signal recieved..
Planning ...
Collision pairs set
goal state set
Using RRT Connect
task setup complete
solving task...
OMPL states:, 200.
path found
valid path found, generating trajectory...
Trajectory points:, 1000.
Duration:, 3.285278
excecuting path...
current error: , 0.005489
Final error:, 0.005489
Execution successful
Goal signal recieved..
Planning ...
Collision pairs set
goal state set
Using RRT Connect
task setup complete
solving task...
OMPL states:, 200.
path found
valid path found, generating trajectory...
Trajectory points:, 1000.
Duration:, 3.292826
excecuting path...
current error: , 0.006606
Final error:, 0.006606
Execution successful
Goal signal recieved..
Planning ...
Collision pairs set
goal state set
Using RRT Connect
task setup complete
solving task...
OMPL states:, 200.
path found
valid path found, generating trajectory...
Trajectory points:, 1000.
Duration:, 3.292758
excecuting path...
current error: , 0.016036
Final error:, 0.016036
Execution successful
Goal signal recieved..
Planning ...
Collision pairs set
goal state set
Using RRT Connect
task setup complete
solving task...
OMPL states:, 200.
path found
valid path found, generating trajectory...
Trajectory points:, 1000.
Duration:, 3.291654
excecuting path...
current error: , 0.006426
Final error:, 0.006426
Execution successful
Goal signal recieved..
Planning ...
Collision pairs set
goal state set
Using RRT Connect
task setup complete
solving task...
OMPL states:, 200.
path found
valid path found, generating trajectory...
Trajectory points:, 1000.
Duration:, 3.292947
excecuting path...
current error: , 0.00701
Final error:, 0.00701
Execution successful
Goal signal recieved..
Planning ...
Collision pairs set
goal state set
Using RRT Connect
task setup complete
solving task...
OMPL states:, 200.
path found
valid path found, generating trajectory...
Trajectory points:, 1000.
Duration:, 3.288627
excecuting path...
current error: , 0.005939
Final error:, 0.005939
Execution successful
Goal signal recieved..
Planning ...
Collision pairs set
goal state set
Using RRT Connect
task setup complete
solving task...
OMPL states:, 200.
path found
valid path found, generating trajectory...
Trajectory points:, 1000.
Duration:, 3.288056
excecuting path...
current error: , 0.005899
Final error:, 0.005899
Execution successful
Goal signal recieved..
Planning ...
Collision pairs set
goal state set
Using RRT Connect
task setup complete
solving task...
OMPL states:, 200.
path found
valid path found, generating trajectory...
Trajectory points:, 1000.
Duration:, 3.296215
excecuting path...
current error: , 0.007487
Final error:, 0.007487
Execution successful
Goal signal recieved..
Planning ...
Collision pairs set
goal state set
Using RRT Connect
task setup complete
solving task...
OMPL states:, 200.
path found
valid path found, generating trajectory...
Trajectory points:, 1000.
Duration:, 3.295739
excecuting path...
current error: , 0.007554
Final error:, 0.007554
Execution successful
Goal signal recieved..
Planning ...
Collision pairs set
goal state set
Using RRT Connect
task setup complete
solving task...
OMPL states:, 200.
path found
valid path found, generating trajectory...
Trajectory points:, 1000.
Duration:, 3.274855
excecuting path...
current error: , 0.008676
Final error:, 0.008676
Execution successful
Goal signal recieved..
Planning ...
Collision pairs set
goal state set
Using RRT Connect
task setup complete
solving task...
OMPL states:, 200.
path found
valid path found, generating trajectory...
Trajectory points:, 1000.
Duration:, 3.273568
excecuting path...
current error: , 0.010158
Final error:, 0.010158
Execution successful
Goal signal recieved..
Planning ...
Collision pairs set
goal state set
Using RRT Connect
task setup complete
solving task...
OMPL states:, 200.
path found
valid path found, generating trajectory...
Trajectory points:, 1000.
Duration:, 3.297177
excecuting path...
current error: , 0.00912
Final error:, 0.00912
Execution successful
Goal signal recieved..
Planning ...
Collision pairs set
goal state set
Using RRT Connect
task setup complete
solving task...
OMPL states:, 200.
path found
valid path found, generating trajectory...
Trajectory points:, 1000.
Duration:, 3.297741
excecuting path...
current error: , 0.012393
Final error:, 0.012393
Execution successful
Goal signal recieved..
Planning ...
Collision pairs set
goal state set
Using RRT Connect
task setup complete
solving task...
OMPL states:, 200.
path found
valid path found, generating trajectory...
Trajectory points:, 1000.
Duration:, 3.289041
excecuting path...
current error: , 0.006848
Final error:, 0.006848
Execution successful
Goal signal recieved..
Planning ...
Collision pairs set
goal state set
Using RRT Connect
task setup complete
solving task...
OMPL states:, 200.
path found
valid path found, generating trajectory...
Trajectory points:, 1000.
Duration:, 3.289807
excecuting path...
current error: , 0.010287
Final error:, 0.010287
Execution successful
Goal signal recieved..
Planning ...
Collision pairs set
goal state set
Using RRT Connect
task setup complete
solving task...
OMPL states:, 200.
path found
valid path found, generating trajectory...
Trajectory points:, 1000.
Duration:, 3.285769
excecuting path...
current error: , 0.006296
Final error:, 0.006296
Execution successful
Goal signal recieved..
Planning ...
Collision pairs set
goal state set
Using RRT Connect
task setup complete
solving task...
OMPL states:, 200.
path found
valid path found, generating trajectory...
Trajectory points:, 1000.
Duration:, 3.285676
excecuting path...
current error: , 0.006455
Final error:, 0.006455
Execution successful
Goal signal recieved..
Planning ...
Collision pairs set
goal state set
Using RRT Connect
task setup complete
solving task...
OMPL states:, 200.
path found
valid path found, generating trajectory...
Trajectory points:, 1000.
Duration:, 3.282047
excecuting path...
current error: , 0.005528
Final error:, 0.005528
Execution successful
Goal signal recieved..
Planning ...
Collision pairs set
goal state set
Using RRT Connect
task setup complete
solving task...
OMPL states:, 200.
path found
valid path found, generating trajectory...
Trajectory points:, 1000.
Duration:, 3.28161
excecuting path...
current error: , 0.005681
Final error:, 0.005681
Execution successful
Goal signal recieved..
Planning ...
Collision pairs set
goal state set
Using RRT Connect
task setup complete
solving task...
OMPL states:, 200.
path found
valid path found, generating trajectory...
Trajectory points:, 1000.
Duration:, 3.287128
excecuting path...
current error: , 0.006566
Final error:, 0.006566
Execution successful
[sandboxScript:info]   Simulation stopping...
[sandboxScript:info]   Simulation stopped.
[sandboxScript:info]   Simulation started.
[CoppeliaSim:warning]   Detected non-default settings (time steps and/or dyn. engine global settings).
Goal signal recieved..
Planning ...
Collision pairs set
goal state set
Using RRT Connect
task setup complete
solving task...
OMPL states:, 200.
path found
valid path found, generating trajectory...
Trajectory points:, 1000.
Duration:, 3.574828
excecuting path...
current error: , 0.071792
current error: , 0.071792
current error: , 0.006587
Final error:, 0.000631
Execution successful
Goal signal recieved..
Planning ...
Collision pairs set
goal state set
Using RRT Connect
task setup complete
solving task...
OMPL states:, 200.
path found
valid path found, generating trajectory...
Trajectory points:, 1000.
Duration:, 6.140864
excecuting path...
current error: , 0.055962
current error: , 0.055962
current error: , 0.006496
Final error:, 0.002174
Execution successful
Goal signal recieved..
Planning ...
Collision pairs set
goal state set
Using RRT Connect
task setup complete
solving task...
OMPL states:, 200.
path found
valid path found, generating trajectory...
Trajectory points:, 1000.
Duration:, 7.901072
excecuting path...
current error: , 0.004506
Final error:, 0.004506
Execution successful
Goal signal recieved..
Planning ...
Collision pairs set
goal state set
Using RRT Connect
task setup complete
solving task...
OMPL states:, 200.
path found
valid path found, generating trajectory...
Trajectory points:, 1000.
Duration:, 0.521867
excecuting path...
current error: , 0.003007
Final error:, 0.003007
Execution successful
Goal signal recieved..
Planning ...
Collision pairs set
goal state set
Using RRT Connect
task setup complete
solving task...
OMPL states:, 200.
path found
valid path found, generating trajectory...
Trajectory points:, 1000.
Duration:, 1.768573
excecuting path...
current error: , 0.001137
Final error:, 0.001137
Execution successful
Goal signal recieved..
Planning ...
Collision pairs set
goal state set
Using RRT Connect
task setup complete
solving task...
OMPL states:, 200.
path found
valid path found, generating trajectory...
Trajectory points:, 1000.
Duration:, 0.520732
excecuting path...
current error: , 0.001721
Final error:, 0.001721
Execution successful
Goal signal recieved..
Planning ...
Collision pairs set
goal state set
Using RRT Connect
task setup complete
solving task...
OMPL states:, 200.
path found
valid path found, generating trajectory...
Trajectory points:, 1000.
Duration:, 1.767302
excecuting path...
current error: , 0.001642
Final error:, 0.001642
Execution successful
Goal signal recieved..
Planning ...
Collision pairs set
goal state set
Using RRT Connect
task setup complete
solving task...
OMPL states:, 200.
path found
valid path found, generating trajectory...
Trajectory points:, 1000.
Duration:, 0.513857
excecuting path...
current error: , 0.003375
Final error:, 0.003375
Execution successful
Goal signal recieved..
Planning ...
Collision pairs set
goal state set
Using RRT Connect
task setup complete
solving task...
OMPL states:, 200.
path found
valid path found, generating trajectory...
Trajectory points:, 1000.
Duration:, 1.76695
excecuting path...
current error: , 0.001865
Final error:, 0.001865
Execution successful
Goal signal recieved..
Planning ...
Collision pairs set
goal state set
Using RRT Connect
task setup complete
solving task...
OMPL states:, 200.
path found
valid path found, generating trajectory...
Trajectory points:, 1000.
Duration:, 0.517127
excecuting path...
current error: , 0.003482
Final error:, 0.003482
Execution successful
Goal signal recieved..
Planning ...
Collision pairs set
goal state set
Using RRT Connect
task setup complete
solving task...
OMPL states:, 200.
path found
valid path found, generating trajectory...
Trajectory points:, 1000.
Duration:, 1.767399
excecuting path...
current error: , 0.001588
Final error:, 0.001588
Execution successful
Goal signal recieved..
Planning ...
Collision pairs set
goal state set
Using RRT Connect
task setup complete
solving task...
OMPL states:, 200.
path found
valid path found, generating trajectory...
Trajectory points:, 1000.
Duration:, 0.515021
excecuting path...
current error: , 0.003482
Final error:, 0.003482
Execution successful
Goal signal recieved..
Planning ...
Collision pairs set
goal state set
Using RRT Connect
task setup complete
solving task...
OMPL states:, 200.
path found
valid path found, generating trajectory...
Trajectory points:, 1000.
Duration:, 1.767087
excecuting path...
current error: , 0.002751
Final error:, 0.002751
Execution successful
Goal signal recieved..
Planning ...
Collision pairs set
goal state set
Using RRT Connect
task setup complete
solving task...
OMPL states:, 200.
path found
valid path found, generating trajectory...
Trajectory points:, 1000.
Duration:, 0.512141
excecuting path...
current error: , 0.002395
Final error:, 0.002395
Execution successful
Goal signal recieved..
Planning ...
Collision pairs set
goal state set
Using RRT Connect
task setup complete
solving task...
OMPL states:, 200.
path found
valid path found, generating trajectory...
Trajectory points:, 1000.
Duration:, 1.767531
excecuting path...
current error: , 0.001444
Final error:, 0.001444
Execution successful
Goal signal recieved..
Planning ...
Collision pairs set
goal state set
Using RRT Connect
task setup complete
solving task...
OMPL states:, 200.
path found
valid path found, generating trajectory...
Trajectory points:, 1000.
Duration:, 0.515908
excecuting path...
current error: , 0.002786
Final error:, 0.002786
Execution successful
Goal signal recieved..
Planning ...
Collision pairs set
goal state set
Using RRT Connect
task setup complete
solving task...
OMPL states:, 200.
path found
valid path found, generating trajectory...
Trajectory points:, 1000.
Duration:, 1.767662
excecuting path...
current error: , 0.001234
Final error:, 0.001234
Execution successful
Goal signal recieved..
Planning ...
Collision pairs set
goal state set
Using RRT Connect
task setup complete
solving task...
OMPL states:, 200.
path found
valid path found, generating trajectory...
Trajectory points:, 1000.
Duration:, 0.5131
excecuting path...
current error: , 0.007617
Final error:, 0.007617
Execution successful
Goal signal recieved..
Planning ...
Collision pairs set
goal state set
Using RRT Connect
task setup complete
solving task...
OMPL states:, 200.
path found
valid path found, generating trajectory...
Trajectory points:, 1000.
Duration:, 1.759078
excecuting path...
current error: , 0.004898
Final error:, 0.004898
Execution successful
Goal signal recieved..
Planning ...
Collision pairs set
goal state set
Using RRT Connect
task setup complete
solving task...
OMPL states:, 200.
path found
valid path found, generating trajectory...
Trajectory points:, 1000.
Duration:, 0.501017
excecuting path...
current error: , 0.00193
Final error:, 0.00193
Execution successful
Goal signal recieved..
Planning ...
Collision pairs set
goal state set
Using RRT Connect
task setup complete
solving task...
OMPL states:, 200.
path found
valid path found, generating trajectory...
Trajectory points:, 1000.
Duration:, 1.767607
excecuting path...
current error: , 0.00151
Final error:, 0.00151
Execution successful
Goal signal recieved..
Planning ...
Collision pairs set
goal state set
Using RRT Connect
task setup complete
solving task...
OMPL states:, 200.
path found
valid path found, generating trajectory...
Trajectory points:, 1000.
Duration:, 0.51976
excecuting path...
current error: , 0.002993
Final error:, 0.002993
Execution successful
Goal signal recieved..
Planning ...
Collision pairs set
goal state set
Using RRT Connect
task setup complete
solving task...
OMPL states:, 200.
path found
valid path found, generating trajectory...
Trajectory points:, 1000.
Duration:, 1.768338
excecuting path...
current error: , 0.001612
Final error:, 0.001612
Execution successful
Goal signal recieved..
Planning ...
Collision pairs set
goal state set
Using RRT Connect
task setup complete
solving task...
OMPL states:, 200.
path found
valid path found, generating trajectory...
Trajectory points:, 1000.
Duration:, 3.09281
excecuting path...
current error: , 0.004023
Final error:, 0.004023
Execution successful
Goal signal recieved..
Planning ...
Collision pairs set
goal state set
Using RRT Connect
task setup complete
solving task...
Goal signal recieved..
Planning ...
Collision pairs set
goal state set
Using RRT Connect
task setup complete
solving task...
OMPL states:, 200.
path found
valid path found, generating trajectory...
Trajectory points:, 1000.
Duration:, 12.527638
excecuting path...
current error: , 1.523717
current error: , 1.523717
current error: , 1.431265
current error: , 1.343503
current error: , 1.259503
current error: , 1.175673
current error: , 1.091933
current error: , 1.008221
current error: , 0.924471
current error: , 0.840751
current error: , 0.75703
current error: , 0.673306
current error: , 0.589592
current error: , 0.505895
current error: , 0.42217
current error: , 0.338452
current error: , 0.254734
current error: , 0.171004
current error: , 0.087295
current error: , 0.013654
Final error:, 0.002001
Execution successful
Goal signal recieved..
Planning ...
Collision pairs set
goal state set
Using RRT Connect
task setup complete
solving task...
Goal signal recieved..
Planning ...
Collision pairs set
goal state set
Using RRT Connect
task setup complete
solving task...
OMPL states:, 200.
path found
valid path found, generating trajectory...
Trajectory points:, 1000.
Duration:, 4.242511
excecuting path...
current error: , 0.576717
current error: , 0.576717
current error: , 0.4936
current error: , 0.410409
current error: , 0.327383
current error: , 0.244414
current error: , 0.161273
current error: , 0.078283
current error: , 0.010502
Final error:, 0.001196
Execution successful
Goal signal recieved..
Planning ...
Collision pairs set
goal state set
Using RRT Connect
task setup complete
solving task...
OMPL states:, 200.
path found
valid path found, generating trajectory...
Trajectory points:, 1000.
Duration:, 7.315508
excecuting path...
current error: , 0.002745
Final error:, 0.002745
Execution successful
Goal signal recieved..
Planning ...
Collision pairs set
goal state set
Using RRT Connect
task setup complete
solving task...
OMPL states:, 200.
path found
valid path found, generating trajectory...
Trajectory points:, 1000.
Duration:, 4.447662
excecuting path...
current error: , 0.86474
current error: , 0.86474
current error: , 0.749855
current error: , 0.636096
current error: , 0.524146
current error: , 0.415624
current error: , 0.313824
current error: , 0.225962
current error: , 0.142248
current error: , 0.058572
current error: , 0.005858
Final error:, 0.001514
Execution successful
Goal signal recieved..
Planning ...
Collision pairs set
goal state set
Using RRT Connect
task setup complete
solving task...
OMPL states:, 200.
path found
valid path found, generating trajectory...
Trajectory points:, 1000.
Duration:, 3.087545
excecuting path...
current error: , 0.002784
Final error:, 0.002784
Execution successful
Goal signal recieved..
Planning ...
Collision pairs set
goal state set
Using RRT Connect
task setup complete
solving task...
OMPL states:, 200.
path found
valid path found, generating trajectory...
Trajectory points:, 1000.
Duration:, 9.606356
excecuting path...
current error: , 0.820559
current error: , 0.820559
current error: , 0.736837
current error: , 0.653049
current error: , 0.569273
current error: , 0.485465
current error: , 0.401666
current error: , 0.317828
current error: , 0.23399
current error: , 0.150182
current error: , 0.066374
current error: , 0.007383
Final error:, 0.001532
Execution successful
[sandboxScript:info]   Simulation stopping...
[sandboxScript:info]   Simulation stopped.
[sandboxScript:info]   Simulation started.
[CoppeliaSim:warning]   Detected non-default settings (time steps and/or dyn. engine global settings).
[sandboxScript:info]   Simulation stopping...
[sandboxScript:info]   Simulation stopped.
[sandboxScript:info]   Simulation started.
[CoppeliaSim:warning]   Detected non-default settings (time steps and/or dyn. engine global settings).
Goal signal recieved..
Planning ...
Collision pairs set
goal state set
Using RRT Connect
task setup complete
solving task...
OMPL states:, 200.
path found
valid path found, generating trajectory...
Trajectory points:, 1000.
Duration:, 3.574861
excecuting path...
current error: , 0.100349
current error: , 0.100349
current error: , 0.016781
Final error:, 0.0004
Execution successful
Goal signal recieved..
Planning ...
Collision pairs set
goal state set
Using RRT Connect
task setup complete
solving task...
OMPL states:, 200.
path found
valid path found, generating trajectory...
Trajectory points:, 1000.
Duration:, 6.47019
excecuting path...
current error: , 0.004797
Final error:, 0.004797
Execution successful
Goal signal recieved..
Planning ...
Collision pairs set
goal state set
Using RRT Connect
task setup complete
solving task...
OMPL states:, 200.
path found
valid path found, generating trajectory...
Trajectory points:, 1000.
Duration:, 3.909737
excecuting path...
current error: , 0.354678
current error: , 0.354678
current error: , 0.270909
current error: , 0.187146
current error: , 0.103443
current error: , 0.02277
current error: , 0.004026
Final error:, 0.002994
Execution successful
Goal signal recieved..
Planning ...
Collision pairs set
goal state set
Using RRT Connect
task setup complete
solving task...
OMPL states:, 200.
path found
valid path found, generating trajectory...
Trajectory points:, 1000.
Duration:, 3.908273
excecuting path...
current error: , 0.357436
current error: , 0.357436
current error: , 0.273728
current error: , 0.190032
current error: , 0.106314
current error: , 0.024607
current error: , 0.003821
Final error:, 0.002465
Execution successful
Goal signal recieved..
Planning ...
Collision pairs set
goal state set
Using RRT Connect
task setup complete
solving task...
OMPL states:, 200.
path found
valid path found, generating trajectory...
Trajectory points:, 1000.
Duration:, 3.908828
excecuting path...
current error: , 0.35388
current error: , 0.35388
current error: , 0.270077
current error: , 0.186311
current error: , 0.102583
current error: , 0.022175
current error: , 0.003918
Final error:, 0.002644
Execution successful
Goal signal recieved..
Planning ...
Collision pairs set
goal state set
Using RRT Connect
task setup complete
solving task...
OMPL states:, 200.
path found
valid path found, generating trajectory...
Trajectory points:, 1000.
Duration:, 3.908592
excecuting path...
current error: , 0.334427
current error: , 0.334427
current error: , 0.25075
current error: , 0.167031
current error: , 0.083335
current error: , 0.012296
Final error:, 0.001887
Execution successful
Goal signal recieved..
Planning ...
Collision pairs set
goal state set
Using RRT Connect
task setup complete
solving task...
Goal signal recieved..
Planning ...
Collision pairs set
goal state set
Using RRT Connect
task setup complete
solving task...
OMPL states:, 200.
path found
valid path found, generating trajectory...
Trajectory points:, 1000.
Duration:, 3.909619
excecuting path...
current error: , 0.331307
current error: , 0.331307
current error: , 0.247519
current error: , 0.163715
current error: , 0.079985
current error: , 0.01124
Final error:, 0.001849
Execution successful
Goal signal recieved..
Planning ...
Collision pairs set
goal state set
Using RRT Connect
task setup complete
solving task...
OMPL states:, 200.
path found
valid path found, generating trajectory...
Trajectory points:, 1000.
Duration:, 3.909535
excecuting path...
current error: , 0.335504
current error: , 0.335504
current error: , 0.251781
current error: , 0.168087
current error: , 0.08439
current error: , 0.012667
Final error:, 0.001882
Execution successful
Goal signal recieved..
Planning ...
Collision pairs set
goal state set
Using RRT Connect
task setup complete
solving task...
OMPL states:, 200.
path found
valid path found, generating trajectory...
Trajectory points:, 1000.
Duration:, 3.908949
excecuting path...
current error: , 0.330432
current error: , 0.330432
current error: , 0.246597
current error: , 0.162821
current error: , 0.079052
current error: , 0.010899
Final error:, 0.001667
Execution successful
Goal signal recieved..
Planning ...
Collision pairs set
goal state set
Using RRT Connect
task setup complete
solving task...
OMPL states:, 200.
path found
valid path found, generating trajectory...
Trajectory points:, 1000.
Duration:, 3.908938
excecuting path...
current error: , 0.334519
current error: , 0.334519
current error: , 0.25083
current error: , 0.167154
current error: , 0.083461
current error: , 0.012297
Final error:, 0.001804
Execution successful
Goal signal recieved..
Planning ...
Collision pairs set
goal state set
Using RRT Connect
task setup complete
solving task...
OMPL states:, 200.
path found
valid path found, generating trajectory...
Trajectory points:, 1000.
Duration:, 3.909378
excecuting path...
current error: , 0.351926
current error: , 0.351926
current error: , 0.268177
current error: , 0.184423
current error: , 0.100698
current error: , 0.021079
current error: , 0.003694
Final error:, 0.002838
Execution successful
Goal signal recieved..
Planning ...
Collision pairs set
goal state set
Using RRT Connect
task setup complete
solving task...
OMPL states:, 200.
path found
valid path found, generating trajectory...
Trajectory points:, 1000.
Duration:, 3.908414
excecuting path...
current error: , 0.357389
current error: , 0.357389
current error: , 0.273655
current error: , 0.189998
current error: , 0.106309
current error: , 0.024617
current error: , 0.003844
Final error:, 0.002353
Execution successful
Goal signal recieved..
Planning ...
Collision pairs set
goal state set
Using RRT Connect
task setup complete
solving task...
OMPL states:, 200.
path found
valid path found, generating trajectory...
Trajectory points:, 1000.
Duration:, 3.908742
excecuting path...
current error: , 0.325675
current error: , 0.325675
current error: , 0.241897
current error: , 0.158168
current error: , 0.074429
current error: , 0.009522
Final error:, 0.001513
Execution successful
Goal signal recieved..
Planning ...
Collision pairs set
goal state set
Using RRT Connect
task setup complete
solving task...
OMPL states:, 200.
path found
valid path found, generating trajectory...
Trajectory points:, 1000.
Duration:, 3.909371
excecuting path...
current error: , 0.359022
current error: , 0.359022
current error: , 0.275281
current error: , 0.191605
current error: , 0.107873
current error: , 0.025754
current error: , 0.004258
Final error:, 0.002732
Execution successful
Goal signal recieved..
Planning ...
Collision pairs set
goal state set
Using RRT Connect
task setup complete
solving task...
OMPL states:, 200.
path found
valid path found, generating trajectory...
Trajectory points:, 1000.
Duration:, 3.908696
excecuting path...
current error: , 0.353496
current error: , 0.353496
current error: , 0.269737
current error: , 0.185916
current error: , 0.102158
current error: , 0.021921
current error: , 0.003776
Final error:, 0.002792
Execution successful
Goal signal recieved..
Planning ...
Collision pairs set
goal state set
Using RRT Connect
task setup complete
solving task...
OMPL states:, 200.
path found
valid path found, generating trajectory...
Trajectory points:, 1000.
Duration:, 3.908519
excecuting path...
current error: , 0.357592
current error: , 0.357592
current error: , 0.273868
current error: , 0.19017
current error: , 0.106452
current error: , 0.024737
current error: , 0.003987
Final error:, 0.002538
Execution successful
Goal signal recieved..
Planning ...
Collision pairs set
goal state set
Using RRT Connect
task setup complete
solving task...
OMPL states:, 200.
path found
valid path found, generating trajectory...
Trajectory points:, 1000.
Duration:, 3.908729
excecuting path...
current error: , 0.353378
current error: , 0.353378
current error: , 0.269604
current error: , 0.185857
current error: , 0.102085
current error: , 0.021903
current error: , 0.003791
Final error:, 0.002545
Execution successful
Goal signal recieved..
Planning ...
Collision pairs set
goal state set
Using RRT Connect
task setup complete
solving task...
OMPL states:, 200.
path found
valid path found, generating trajectory...
Trajectory points:, 1000.
Duration:, 3.908578
excecuting path...
current error: , 0.357612
current error: , 0.357612
current error: , 0.273921
current error: , 0.190217
current error: , 0.106531
current error: , 0.024803
current error: , 0.003857
Final error:, 0.00243
Execution successful
Goal signal recieved..
Planning ...
Collision pairs set
goal state set
Using RRT Connect
task setup complete
solving task...
OMPL states:, 200.
path found
valid path found, generating trajectory...
Trajectory points:, 1000.
Duration:, 3.90882
excecuting path...
current error: , 0.353618
current error: , 0.353618
current error: , 0.269806
current error: , 0.186045
current error: , 0.102313
current error: , 0.022088
current error: , 0.003857
Final error:, 0.002823
Execution successful
Goal signal recieved..
Planning ...
Collision pairs set
goal state set
Using RRT Connect
task setup complete
solving task...
OMPL states:, 200.
path found
valid path found, generating trajectory...
Trajectory points:, 1000.
Duration:, 3.908544
excecuting path...
current error: , 0.357274
current error: , 0.357274
current error: , 0.273599
current error: , 0.189909
current error: , 0.106209
current error: , 0.024552
current error: , 0.004028
Final error:, 0.00242
Execution successful
Goal signal recieved..
Planning ...
Collision pairs set
goal state set
Using RRT Connect
task setup complete
solving task...
OMPL states:, 200.
path found
valid path found, generating trajectory...
Trajectory points:, 1000.
Duration:, 3.90865
excecuting path...
current error: , 0.353532
current error: , 0.353532
current error: , 0.269744
current error: , 0.186005
current error: , 0.10229
current error: , 0.022022
current error: , 0.003968
Final error:, 0.002862
Execution successful
Goal signal recieved..
Planning ...
Collision pairs set
goal state set
Using RRT Connect
task setup complete
solving task...
OMPL states:, 200.
path found
valid path found, generating trajectory...
Trajectory points:, 1000.
Duration:, 3.908451
excecuting path...
current error: , 0.306031
current error: , 0.306031
current error: , 0.222349
current error: , 0.138665
current error: , 0.05495
current error: , 0.005446
Final error:, 0.001217
Execution successful
Goal signal recieved..
Planning ...
Collision pairs set
goal state set
Using RRT Connect
task setup complete
solving task...
OMPL states:, 200.
path found
valid path found, generating trajectory...
Trajectory points:, 1000.
Duration:, 3.909443
excecuting path...
current error: , 0.331354
current error: , 0.331354
current error: , 0.247563
current error: , 0.163772
current error: , 0.080004
current error: , 0.011096
Final error:, 0.002008
Execution successful
Goal signal recieved..
Planning ...
Collision pairs set
goal state set
Using RRT Connect
task setup complete
solving task...
OMPL states:, 200.
path found
valid path found, generating trajectory...
Trajectory points:, 1000.
Duration:, 3.909399
excecuting path...
current error: , 0.335085
current error: , 0.335085
current error: , 0.251367
current error: , 0.167633
current error: , 0.083975
current error: , 0.012538
Final error:, 0.001682
Execution successful
Goal signal recieved..
Planning ...
Collision pairs set
goal state set
Using RRT Connect
task setup complete
solving task...
OMPL states:, 200.
path found
valid path found, generating trajectory...
Trajectory points:, 1000.
Duration:, 3.909486
excecuting path...
current error: , 0.331459
current error: , 0.331459
current error: , 0.247598
current error: , 0.163877
current error: , 0.080161
current error: , 0.011196
Final error:, 0.001682
Execution successful
Goal signal recieved..
Planning ...
Collision pairs set
goal state set
Using RRT Connect
task setup complete
solving task...
OMPL states:, 200.
path found
valid path found, generating trajectory...
Trajectory points:, 1000.
Duration:, 3.909499
excecuting path...
current error: , 0.335571
current error: , 0.335571
current error: , 0.251877
current error: , 0.168204
current error: , 0.084479
current error: , 0.012705
Final error:, 0.001627
Execution successful
Goal signal recieved..
Planning ...
Collision pairs set
goal state set
Using RRT Connect
task setup complete
solving task...
OMPL states:, 200.
path found
valid path found, generating trajectory...
Trajectory points:, 1000.
Duration:, 3.909498
excecuting path...
current error: , 0.330914
current error: , 0.330914
current error: , 0.247137
current error: , 0.163379
current error: , 0.079654
current error: , 0.011113
Final error:, 0.00176
Execution successful
Goal signal recieved..
Planning ...
Collision pairs set
goal state set
Using RRT Connect
task setup complete
solving task...
OMPL states:, 200.
path found
valid path found, generating trajectory...
Trajectory points:, 1000.
Duration:, 3.909466
excecuting path...
current error: , 0.33539
current error: , 0.33539
current error: , 0.251713
current error: , 0.168003
current error: , 0.084297
current error: , 0.012613
Final error:, 0.001565
Execution successful
Goal signal recieved..
Planning ...
Collision pairs set
goal state set
Using RRT Connect
task setup complete
solving task...
OMPL states:, 200.
path found
valid path found, generating trajectory...
Trajectory points:, 1000.
Duration:, 3.909625
excecuting path...
current error: , 0.331398
current error: , 0.331398
current error: , 0.247603
current error: , 0.163871
current error: , 0.080126
current error: , 0.011219
Final error:, 0.001691
Execution successful
Goal signal recieved..
Planning ...
Collision pairs set
goal state set
Using RRT Connect
task setup complete
solving task...
OMPL states:, 200.
path found
valid path found, generating trajectory...
Trajectory points:, 1000.
Duration:, 8.320415
excecuting path...
current error: , 0.151701
current error: , 0.151701
current error: , 0.068075
current error: , 0.007736
Final error:, 0.001169
Execution successful
[sandboxScript:info]   Simulation stopping...
[sandboxScript:info]   Simulation stopped.
[sandboxScript:info]   Simulation started.
[CoppeliaSim:warning]   Detected non-default settings (time steps and/or dyn. engine global settings).
Goal signal recieved..
Planning ...
Collision pairs set
goal state set
Using RRT Connect
task setup complete
solving task...
OMPL states:, 200.
path found
valid path found, generating trajectory...
Trajectory points:, 1000.
Duration:, 3.402736
excecuting path...
current error: , 0.014711
Final error:, 0.014711
Execution successful
Goal signal recieved..
Planning ...
Collision pairs set
goal state set
Using RRT Connect
task setup complete
solving task...
OMPL states:, 200.
path found
valid path found, generating trajectory...
Trajectory points:, 1000.
Duration:, 3.092766
excecuting path...
current error: , 0.001949
Final error:, 0.001949
Execution successful
Goal signal recieved..
Planning ...
Collision pairs set
goal state set
Using RRT Connect
task setup complete
solving task...
OMPL states:, 200.
path found
valid path found, generating trajectory...
Trajectory points:, 1000.
Duration:, 3.101608
excecuting path...
current error: , 0.005426
Final error:, 0.005426
Execution successful
Goal signal recieved..
Planning ...
Collision pairs set
goal state set
Using RRT Connect
task setup complete
solving task...
OMPL states:, 200.
path found
valid path found, generating trajectory...
Trajectory points:, 1000.
Duration:, 11.195562
excecuting path...
current error: , 1.854819
current error: , 1.854819
current error: , 1.741789
current error: , 1.629487
current error: , 1.518147
current error: , 1.407982
current error: , 1.299165
current error: , 1.192158
current error: , 1.087485
current error: , 0.985932
current error: , 0.888487
current error: , 0.796615
current error: , 0.711634
current error: , 0.627656
current error: , 0.543746
current error: , 0.4598
current error: , 0.375813
current error: , 0.291852
current error: , 0.20799
current error: , 0.124125
current error: , 0.040069
current error: , 0.005308
Final error:, 0.002861
Execution successful
Goal signal recieved..
Planning ...
Collision pairs set
goal state set
Using RRT Connect
task setup complete
solving task...
Goal signal recieved..
Planning ...
Collision pairs set
goal state set
Using RRT Connect
task setup complete
solving task...
OMPL states:, 200.
path found
valid path found, generating trajectory...
Trajectory points:, 1000.
Duration:, 7.675198
excecuting path...
current error: , 2.260456
current error: , 2.260456
current error: , 2.17837
current error: , 2.097221
current error: , 2.017912
current error: , 1.936302
current error: , 1.856144
current error: , 1.775427
current error: , 1.693067
current error: , 1.610008
current error: , 1.526877
current error: , 1.443865
current error: , 1.360497
current error: , 1.277004
current error: , 1.193407
current error: , 1.109678
current error: , 1.025964
current error: , 0.942262
current error: , 0.858656
current error: , 0.775105
current error: , 0.691673
current error: , 0.608531
current error: , 0.525303
current error: , 0.442146
current error: , 0.359132
current error: , 0.276038
current error: , 0.19295
current error: , 0.109906
current error: , 0.027481
current error: , 0.003099
Final error:, 0.001482
Execution successful
Goal signal recieved..
Planning ...
Collision pairs set
goal state set
Using RRT Connect
task setup complete
solving task...
OMPL states:, 200.
path found
valid path found, generating trajectory...
Trajectory points:, 1000.
Duration:, 3.369599
excecuting path...
current error: , 0.016984
Final error:, 0.016984
Execution successful
Goal signal recieved..
Planning ...
Collision pairs set
goal state set
Using RRT Connect
task setup complete
solving task...
OMPL states:, 200.
path found
valid path found, generating trajectory...
Trajectory points:, 1000.
Duration:, 3.406081
excecuting path...
current error: , 0.026716
current error: , 0.026716
current error: , 0.002589
Final error:, 0.001694
Execution successful
Goal signal recieved..
Planning ...
Collision pairs set
goal state set
Using RRT Connect
task setup complete
solving task...
OMPL states:, 200.
path found
valid path found, generating trajectory...
Trajectory points:, 1000.
Duration:, 3.36781
excecuting path...
current error: , 0.015929
Final error:, 0.015929
Execution successful
Goal signal recieved..
Planning ...
Collision pairs set
goal state set
Using RRT Connect
task setup complete
solving task...
OMPL states:, 200.
path found
valid path found, generating trajectory...
Trajectory points:, 1000.
Duration:, 3.40643
excecuting path...
current error: , 0.027093
current error: , 0.027093
current error: , 0.002415
Final error:, 0.00174
Execution successful
Goal signal recieved..
Planning ...
Collision pairs set
goal state set
Using RRT Connect
task setup complete
solving task...
OMPL states:, 200.
path found
valid path found, generating trajectory...
Trajectory points:, 1000.
Duration:, 3.368013
excecuting path...
current error: , 0.016048
Final error:, 0.016048
Execution successful
Goal signal recieved..
Planning ...
Collision pairs set
goal state set
Using RRT Connect
task setup complete
solving task...
OMPL states:, 200.
path found
valid path found, generating trajectory...
Trajectory points:, 1000.
Duration:, 3.406246
excecuting path...
current error: , 0.049311
current error: , 0.049311
current error: , 0.005286
Final error:, 0.001713
Execution successful
Goal signal recieved..
Planning ...
Collision pairs set
goal state set
Using RRT Connect
task setup complete
solving task...
OMPL states:, 200.
path found
valid path found, generating trajectory...
Trajectory points:, 1000.
Duration:, 3.367314
excecuting path...
current error: , 0.01362
Final error:, 0.01362
Execution successful
Goal signal recieved..
Planning ...
Collision pairs set
goal state set
Using RRT Connect
task setup complete
solving task...
OMPL states:, 200.
path found
valid path found, generating trajectory...
Trajectory points:, 1000.
Duration:, 3.408276
excecuting path...
current error: , 0.051861
current error: , 0.051861
current error: , 0.00548
Final error:, 0.002011
Execution successful
Goal signal recieved..
Planning ...
Collision pairs set
goal state set
Using RRT Connect
task setup complete
solving task...
OMPL states:, 200.
path found
valid path found, generating trajectory...
Trajectory points:, 1000.
Duration:, 3.369091
excecuting path...
current error: , 0.014464
Final error:, 0.014464
Execution successful
Goal signal recieved..
Planning ...
Collision pairs set
goal state set
Using RRT Connect
task setup complete
solving task...
OMPL states:, 200.
path found
valid path found, generating trajectory...
Trajectory points:, 1000.
Duration:, 3.406509
excecuting path...
current error: , 0.049879
current error: , 0.049879
current error: , 0.005247
Final error:, 0.001634
Execution successful
Goal signal recieved..
Planning ...
Collision pairs set
goal state set
Using RRT Connect
task setup complete
solving task...
OMPL states:, 200.
path found
valid path found, generating trajectory...
Trajectory points:, 1000.
Duration:, 3.367414
excecuting path...
current error: , 0.013811
Final error:, 0.013811
Execution successful
Goal signal recieved..
Planning ...
Collision pairs set
goal state set
Using RRT Connect
task setup complete
solving task...
Goal signal recieved..
Planning ...
Collision pairs set
goal state set
Using RRT Connect
task setup complete
solving task...
OMPL states:, 200.
path found
valid path found, generating trajectory...
Trajectory points:, 1000.
Duration:, 6.255264
excecuting path...
current error: , 2.341579
current error: , 2.341579
current error: , 2.261393
current error: , 2.180138
current error: , 2.100171
current error: , 2.019495
current error: , 1.939902
current error: , 1.858843
current error: , 1.777336
current error: , 1.694939
current error: , 1.612227
current error: , 1.52995
current error: , 1.447044
current error: , 1.363876
current error: , 1.280473
current error: , 1.196945
current error: , 1.113344
current error: , 1.029701
current error: , 0.946148
current error: , 0.862602
current error: , 0.779141
current error: , 0.696049
current error: , 0.613146
current error: , 0.530001
current error: , 0.446838
current error: , 0.364018
current error: , 0.281077
current error: , 0.198124
current error: , 0.115191
current error: , 0.032285
current error: , 0.003067
Final error:, 0.00154
Execution successful
Goal signal recieved..
Planning ...
Collision pairs set
goal state set
Using RRT Connect
task setup complete
solving task...
OMPL states:, 200.
path found
valid path found, generating trajectory...
Trajectory points:, 1000.
Duration:, 3.367702
excecuting path...
current error: , 0.01383
Final error:, 0.01383
Execution successful
Goal signal recieved..
Planning ...
Collision pairs set
goal state set
Using RRT Connect
task setup complete
solving task...
OMPL states:, 200.
path found
valid path found, generating trajectory...
Trajectory points:, 1000.
Duration:, 3.406614
excecuting path...
current error: , 0.050277
current error: , 0.050277
current error: , 0.00524
Final error:, 0.002
Execution successful
Goal signal recieved..
Planning ...
Collision pairs set
goal state set
Using RRT Connect
task setup complete
solving task...
OMPL states:, 200.
path found
valid path found, generating trajectory...
Trajectory points:, 1000.
Duration:, 3.367446
excecuting path...
current error: , 0.013696
Final error:, 0.013696
Execution successful
Goal signal recieved..
Planning ...
Collision pairs set
goal state set
Using RRT Connect
task setup complete
solving task...
OMPL states:, 200.
path found
valid path found, generating trajectory...
Trajectory points:, 1000.
Duration:, 3.406242
excecuting path...
current error: , 0.049438
current error: , 0.049438
current error: , 0.0052
Final error:, 0.001886
Execution successful
Goal signal recieved..
Planning ...
Collision pairs set
goal state set
Using RRT Connect
task setup complete
solving task...
OMPL states:, 200.
path found
valid path found, generating trajectory...
Trajectory points:, 1000.
Duration:, 1.975702
excecuting path...
current error: , 0.002708
Final error:, 0.002708
Execution successful
[sandboxScript:info]   Simulation stopping...
[sandboxScript:info]   Simulation stopped.
[sandboxScript:info]   Simulation started.
[CoppeliaSim:warning]   Detected non-default settings (time steps and/or dyn. engine global settings).
[sandboxScript:info]   Simulation stopping...
[sandboxScript:info]   Simulation stopped.
[sandboxScript:info]   Simulation started.
[CoppeliaSim:warning]   Detected non-default settings (time steps and/or dyn. engine global settings).
Goal signal recieved..
Planning ...
Collision pairs set
goal state set
Using RRT Connect
task setup complete
solving task...
OMPL states:, 200.
path found
valid path found, generating trajectory...
Trajectory points:, 1000.
Duration:, 3.402434
excecuting path...
current error: , 0.014468
Final error:, 0.014468
Execution successful
Goal signal recieved..
Planning ...
Collision pairs set
goal state set
Using RRT Connect
task setup complete
solving task...
OMPL states:, 200.
path found
valid path found, generating trajectory...
Trajectory points:, 1000.
Duration:, 8.348019
excecuting path...
current error: , 0.488293
current error: , 0.488293
current error: , 0.405133
current error: , 0.32184
current error: , 0.238866
current error: , 0.155628
current error: , 0.072452
current error: , 0.009094
Final error:, 0.001386
Execution successful
Goal signal recieved..
Planning ...
Collision pairs set
goal state set
Using RRT Connect
task setup complete
solving task...
OMPL states:, 200.
path found
valid path found, generating trajectory...
Trajectory points:, 1000.
Duration:, 6.615859
excecuting path...
current error: , 0.071165
current error: , 0.071165
current error: , 0.009238
Final error:, 0.00225
Execution successful
Goal signal recieved..
Planning ...
Collision pairs set
goal state set
Using RRT Connect
task setup complete
solving task...
OMPL states:, 200.
path found
valid path found, generating trajectory...
Trajectory points:, 1000.
Duration:, 3.488985
excecuting path...
current error: , 0.099647
current error: , 0.099647
current error: , 0.020615
current error: , 0.002791
Final error:, 0.001923
Execution successful
Goal signal recieved..
Planning ...
Collision pairs set
goal state set
Using RRT Connect
task setup complete
solving task...
OMPL states:, 200.
path found
valid path found, generating trajectory...
Trajectory points:, 1000.
Duration:, 4.209734
excecuting path...
current error: , 0.792751
current error: , 0.792751
current error: , 0.674798
current error: , 0.556796
current error: , 0.438864
current error: , 0.32111
current error: , 0.203481
current error: , 0.085636
current error: , 0.009887
Final error:, 0.002438
Execution successful
Goal signal recieved..
Planning ...
Collision pairs set
goal state set
Using RRT Connect
task setup complete
solving task...
OMPL states:, 200.
path found
valid path found, generating trajectory...
Trajectory points:, 1000.
Duration:, 13.496319
excecuting path...
current error: , 0.001953
Final error:, 0.001953
Execution successful
Goal signal recieved..
Planning ...
Collision pairs set
goal state set
Using RRT Connect
task setup complete
solving task...
OMPL states:, 200.
path found
valid path found, generating trajectory...
Trajectory points:, 1000.
Duration:, 5.2597
excecuting path...
current error: , 0.002122
Final error:, 0.002122
Execution successful
Goal signal recieved..
Planning ...
Collision pairs set
goal state set
Using RRT Connect
task setup complete
solving task...
OMPL states:, 200.
path found
valid path found, generating trajectory...
Trajectory points:, 1000.
Duration:, 7.274923
excecuting path...
current error: , 0.672277
current error: , 0.672277
current error: , 0.588591
current error: , 0.504885
current error: , 0.421178
current error: , 0.337505
current error: , 0.253765
current error: , 0.170079
current error: , 0.08636
current error: , 0.013475
Final error:, 0.001799
Execution successful
Goal signal recieved..
Planning ...
Collision pairs set
goal state set
Using RRT Connect
task setup complete
solving task...
OMPL states:, 200.
path found
valid path found, generating trajectory...
Trajectory points:, 1000.
Duration:, 3.300481
excecuting path...
current error: , 0.006429
Final error:, 0.006429
Execution successful
Goal signal recieved..
Planning ...
Collision pairs set
goal state set
Using RRT Connect
task setup complete
solving task...
OMPL states:, 200.
path found
valid path found, generating trajectory...
Trajectory points:, 1000.
Duration:, 3.281826
excecuting path...
current error: , 0.004731
Final error:, 0.004731
Execution successful
Goal signal recieved..
Planning ...
Collision pairs set
goal state set
Using RRT Connect
task setup complete
solving task...
OMPL states:, 200.
path found
valid path found, generating trajectory...
Trajectory points:, 1000.
Duration:, 3.282063
excecuting path...
current error: , 0.005026
Final error:, 0.005026
Execution successful
Goal signal recieved..
Planning ...
Collision pairs set
goal state set
Using RRT Connect
task setup complete
solving task...
OMPL states:, 200.
path found
valid path found, generating trajectory...
Trajectory points:, 1000.
Duration:, 3.289144
excecuting path...
current error: , 0.005922
Final error:, 0.005922
Execution successful
Goal signal recieved..
Planning ...
Collision pairs set
goal state set
Using RRT Connect
task setup complete
solving task...
OMPL states:, 200.
path found
valid path found, generating trajectory...
Trajectory points:, 1000.
Duration:, 3.288456
excecuting path...
current error: , 0.006002
Final error:, 0.006002
Execution successful
Goal signal recieved..
Planning ...
Collision pairs set
goal state set
Using RRT Connect
task setup complete
solving task...
OMPL states:, 200.
path found
valid path found, generating trajectory...
Trajectory points:, 1000.
Duration:, 3.295818
excecuting path...
current error: , 0.007437
Final error:, 0.007437
Execution successful
Goal signal recieved..
Planning ...
Collision pairs set
goal state set
Using RRT Connect
task setup complete
solving task...
OMPL states:, 200.
path found
valid path found, generating trajectory...
Trajectory points:, 1000.
Duration:, 3.295846
excecuting path...
current error: , 0.01787
Final error:, 0.01787
Execution successful
Goal signal recieved..
Planning ...
Collision pairs set
goal state set
Using RRT Connect
task setup complete
solving task...
OMPL states:, 200.
path found
valid path found, generating trajectory...
Trajectory points:, 1000.
Duration:, 3.290955
excecuting path...
current error: , 0.006252
Final error:, 0.006252
Execution successful
Goal signal recieved..
Planning ...
Collision pairs set
goal state set
Using RRT Connect
task setup complete
solving task...
OMPL states:, 200.
path found
valid path found, generating trajectory...
Trajectory points:, 1000.
Duration:, 3.292318
excecuting path...
current error: , 0.015464
Final error:, 0.015464
Execution successful
Goal signal recieved..
Planning ...
Collision pairs set
goal state set
Using RRT Connect
task setup complete
solving task...
OMPL states:, 200.
path found
valid path found, generating trajectory...
Trajectory points:, 1000.
Duration:, 3.290448
excecuting path...
current error: , 0.014495
Final error:, 0.014495
Execution successful
Goal signal recieved..
Planning ...
Collision pairs set
goal state set
Using RRT Connect
task setup complete
solving task...
OMPL states:, 200.
path found
valid path found, generating trajectory...
Trajectory points:, 1000.
Duration:, 3.290405
excecuting path...
current error: , 0.006276
Final error:, 0.006276
Execution successful
Goal signal recieved..
Planning ...
Collision pairs set
goal state set
Using RRT Connect
task setup complete
solving task...
OMPL states:, 200.
path found
valid path found, generating trajectory...
Trajectory points:, 1000.
Duration:, 3.296592
excecuting path...
current error: , 0.017595
Final error:, 0.017595
Execution successful
Goal signal recieved..
Planning ...
Collision pairs set
goal state set
Using RRT Connect
task setup complete
solving task...
OMPL states:, 200.
path found
valid path found, generating trajectory...
Trajectory points:, 1000.
Duration:, 3.294441
excecuting path...
current error: , 0.007323
Final error:, 0.007323
Execution successful
Goal signal recieved..
Planning ...
Collision pairs set
goal state set
Using RRT Connect
task setup complete
solving task...
OMPL states:, 200.
path found
valid path found, generating trajectory...
Trajectory points:, 1000.
Duration:, 3.297248
excecuting path...
current error: , 0.009277
Final error:, 0.009277
Execution successful
Goal signal recieved..
Planning ...
Collision pairs set
goal state set
Using RRT Connect
task setup complete
solving task...
OMPL states:, 200.
path found
valid path found, generating trajectory...
Trajectory points:, 1000.
Duration:, 3.296842
excecuting path...
current error: , 0.009265
Final error:, 0.009265
Execution successful
Goal signal recieved..
Planning ...
Collision pairs set
goal state set
Using RRT Connect
task setup complete
solving task...
OMPL states:, 200.
path found
valid path found, generating trajectory...
Trajectory points:, 1000.
Duration:, 3.287724
excecuting path...
current error: , 0.006699
Final error:, 0.006699
Execution successful
Goal signal recieved..
Planning ...
Collision pairs set
goal state set
Using RRT Connect
task setup complete
solving task...
OMPL states:, 200.
path found
valid path found, generating trajectory...
Trajectory points:, 1000.
Duration:, 3.287134
excecuting path...
current error: , 0.006796
Final error:, 0.006796
Execution successful
Goal signal recieved..
Planning ...
Collision pairs set
goal state set
Using RRT Connect
task setup complete
solving task...
OMPL states:, 200.
path found
valid path found, generating trajectory...
Trajectory points:, 1000.
Duration:, 3.288103
excecuting path...
current error: , 0.006652
Final error:, 0.006652
Execution successful
Goal signal recieved..
Planning ...
Collision pairs set
goal state set
Using RRT Connect
task setup complete
solving task...
OMPL states:, 200.
path found
valid path found, generating trajectory...
Trajectory points:, 1000.
Duration:, 3.28731
excecuting path...
current error: , 0.00671
Final error:, 0.00671
Execution successful
Goal signal recieved..
Planning ...
Collision pairs set
goal state set
Using RRT Connect
task setup complete
solving task...
OMPL states:, 200.
path found
valid path found, generating trajectory...
Trajectory points:, 1000.
Duration:, 3.29701
excecuting path...
current error: , 0.009117
Final error:, 0.009117
Execution successful
Goal signal recieved..
Planning ...
Collision pairs set
goal state set
Using RRT Connect
task setup complete
solving task...
OMPL states:, 200.
path found
valid path found, generating trajectory...
Trajectory points:, 1000.
Duration:, 3.296897
excecuting path...
current error: , 0.009458
Final error:, 0.009458
Execution successful
Goal signal recieved..
Planning ...
Collision pairs set
goal state set
Using RRT Connect
task setup complete
solving task...
OMPL states:, 200.
path found
valid path found, generating trajectory...
Trajectory points:, 1000.
Duration:, 3.283401
excecuting path...
current error: , 0.005815
Final error:, 0.005815
Execution successful
[sandboxScript:info]   Simulation stopping...
[sandboxScript:info]   Simulation stopped.
[sandboxScript:info]   Simulation started.
[CoppeliaSim:warning]   Detected non-default settings (time steps and/or dyn. engine global settings).
Goal signal recieved..
Planning ...
Collision pairs set
goal state set
Using RRT Connect
task setup complete
solving task...
OMPL states:, 200.
path found
valid path found, generating trajectory...
Trajectory points:, 1000.
Duration:, 3.402871
excecuting path...
current error: , 0.014384
Final error:, 0.014384
Execution successful
Goal signal recieved..
Planning ...
Collision pairs set
goal state set
Using RRT Connect
task setup complete
solving task...
OMPL states:, 200.
path found
valid path found, generating trajectory...
Trajectory points:, 1000.
Duration:, 3.092265
excecuting path...
current error: , 0.001751
Final error:, 0.001751
Execution successful
Goal signal recieved..
Planning ...
Collision pairs set
goal state set
Using RRT Connect
task setup complete
solving task...
OMPL states:, 200.
path found
valid path found, generating trajectory...
Trajectory points:, 1000.
Duration:, 3.092315
excecuting path...
current error: , 0.004513
Final error:, 0.004513
Execution successful
Goal signal recieved..
Planning ...
Collision pairs set
goal state set
Using RRT Connect
task setup complete
solving task...
OMPL states:, 200.
path found
valid path found, generating trajectory...
Trajectory points:, 1000.
Duration:, 15.074631
excecuting path...
current error: , 2.061873
current error: , 2.061873
current error: , 1.9614
current error: , 1.863018
current error: , 1.767206
current error: , 1.674329
current error: , 1.584887
current error: , 1.49949
current error: , 1.41574
current error: , 1.332052
current error: , 1.248331
current error: , 1.164645
current error: , 1.080942
current error: , 0.997202
current error: , 0.91349
current error: , 0.829776
current error: , 0.746073
current error: , 0.662343
current error: , 0.578637
current error: , 0.494951
current error: , 0.411238
current error: , 0.327549
current error: , 0.243852
current error: , 0.160179
current error: , 0.07648
current error: , 0.011287
Final error:, 0.003214
Execution successful
[sandboxScript:info]   Simulation stopping...
[sandboxScript:info]   Simulation stopped.
[sandboxScript:info]   Simulation started.
[CoppeliaSim:warning]   Detected non-default settings (time steps and/or dyn. engine global settings).
Goal signal recieved..
Planning ...
Collision pairs set
goal state set
Using RRT Connect
task setup complete
solving task...
OMPL states:, 200.
path found
valid path found, generating trajectory...
Trajectory points:, 1000.
Duration:, 3.402667
excecuting path...
current error: , 0.014671
Final error:, 0.014671
Execution successful
Goal signal recieved..
Planning ...
Collision pairs set
goal state set
Using RRT Connect
task setup complete
solving task...
OMPL states:, 200.
path found
valid path found, generating trajectory...
Trajectory points:, 1000.
Duration:, 6.947207
excecuting path...
current error: , 0.00466
Final error:, 0.00466
Execution successful
Goal signal recieved..
Planning ...
Collision pairs set
goal state set
Using RRT Connect
task setup complete
solving task...
OMPL states:, 200.
path found
valid path found, generating trajectory...
Trajectory points:, 1000.
Duration:, 6.206417
excecuting path...
current error: , 0.545315
current error: , 0.545315
current error: , 0.461512
current error: , 0.377702
current error: , 0.293901
current error: , 0.210159
current error: , 0.126397
current error: , 0.042671
current error: , 0.004421
Final error:, 0.001717
Execution successful
Goal signal recieved..
Planning ...
Collision pairs set
goal state set
Using RRT Connect
task setup complete
solving task...
OMPL states:, 200.
path found
valid path found, generating trajectory...
Trajectory points:, 1000.
Duration:, 3.479398
excecuting path...
current error: , 0.087715
current error: , 0.087715
current error: , 0.014236
Final error:, 0.002027
Execution successful
Goal signal recieved..
Planning ...
Collision pairs set
goal state set
Using RRT Connect
task setup complete
solving task...
OMPL states:, 200.
path found
valid path found, generating trajectory...
Trajectory points:, 1000.
Duration:, 4.2399
excecuting path...
current error: , 0.620801
current error: , 0.620801
current error: , 0.537903
current error: , 0.454727
current error: , 0.371647
current error: , 0.288519
current error: , 0.205284
current error: , 0.122254
current error: , 0.039211
current error: , 0.00569
Final error:, 0.003395
Execution successful
Goal signal recieved..
Planning ...
Collision pairs set
goal state set
Using RRT Connect
task setup complete
solving task...
OMPL states:, 200.
path found
valid path found, generating trajectory...
Trajectory points:, 1000.
Duration:, 8.933491
excecuting path...
current error: , 0.116049
current error: , 0.116049
current error: , 0.033107
current error: , 0.00293
Final error:, 0.001283
Execution successful
Goal signal recieved..
Planning ...
Collision pairs set
goal state set
Using RRT Connect
task setup complete
solving task...
OMPL states:, 200.
path found
valid path found, generating trajectory...
Trajectory points:, 1000.
Duration:, 3.017981
excecuting path...
current error: , 0.00196
Final error:, 0.00196
Execution successful
Goal signal recieved..
Planning ...
Collision pairs set
goal state set
Using RRT Connect
task setup complete
solving task...
OMPL states:, 200.
path found
valid path found, generating trajectory...
Trajectory points:, 1000.
Duration:, 5.028809
excecuting path...
current error: , 1.259594
current error: , 1.259594
current error: , 1.176351
current error: , 1.093362
current error: , 1.010201
current error: , 0.927152
current error: , 0.844149
current error: , 0.76106
current error: , 0.677877
current error: , 0.594738
current error: , 0.511583
current error: , 0.428308
current error: , 0.345088
current error: , 0.262029
current error: , 0.178894
current error: , 0.095973
current error: , 0.01825
Final error:, 0.002653
Execution successful
Goal signal recieved..
Planning ...
Collision pairs set
goal state set
Using RRT Connect
task setup complete
solving task...
OMPL states:, 200.
path found
valid path found, generating trajectory...
Trajectory points:, 1000.
Duration:, 3.897493
excecuting path...
current error: , 0.319392
current error: , 0.319392
current error: , 0.235685
current error: , 0.151937
current error: , 0.068248
current error: , 0.007828
Final error:, 0.000887
Execution successful
Goal signal recieved..
Planning ...
Collision pairs set
goal state set
Using RRT Connect
task setup complete
solving task...
OMPL states:, 200.
path found
valid path found, generating trajectory...
Trajectory points:, 1000.
Duration:, 3.920064
excecuting path...
current error: , 0.317773
current error: , 0.317773
current error: , 0.233959
current error: , 0.150156
current error: , 0.066441
current error: , 0.007329
Final error:, 0.001413
Execution successful
Goal signal recieved..
Planning ...
Collision pairs set
goal state set
Using RRT Connect
task setup complete
solving task...
OMPL states:, 200.
path found
valid path found, generating trajectory...
Trajectory points:, 1000.
Duration:, 3.898101
excecuting path...
current error: , 0.315367
current error: , 0.315367
current error: , 0.231735
current error: , 0.148062
current error: , 0.06437
current error: , 0.006991
Final error:, 0.001194
Execution successful
Goal signal recieved..
Planning ...
Collision pairs set
goal state set
Using RRT Connect
task setup complete
solving task...
OMPL states:, 200.
path found
valid path found, generating trajectory...
Trajectory points:, 1000.
Duration:, 3.920535
excecuting path...
current error: , 0.313634
current error: , 0.313634
current error: , 0.229792
current error: , 0.146023
current error: , 0.062277
current error: , 0.006621
Final error:, 0.001752
Execution successful
Goal signal recieved..
Planning ...
Collision pairs set
goal state set
Using RRT Connect
task setup complete
solving task...
OMPL states:, 200.
path found
valid path found, generating trajectory...
Trajectory points:, 1000.
Duration:, 3.897127
excecuting path...
current error: , 0.341663
current error: , 0.341663
current error: , 0.257978
current error: , 0.174258
current error: , 0.090597
current error: , 0.015687
Final error:, 0.002681
Execution successful
Goal signal recieved..
Planning ...
Collision pairs set
goal state set
Using RRT Connect
task setup complete
solving task...
OMPL states:, 200.
path found
valid path found, generating trajectory...
Trajectory points:, 1000.
Duration:, 3.918534
excecuting path...
current error: , 0.311006
current error: , 0.311006
current error: , 0.227234
current error: , 0.143519
current error: , 0.059769
current error: , 0.006456
Final error:, 0.002012
Execution successful
Goal signal recieved..
Planning ...
Collision pairs set
goal state set
Using RRT Connect
task setup complete
solving task...
Goal signal recieved..
Planning ...
Collision pairs set
goal state set
Using RRT Connect
task setup complete
solving task...
OMPL states:, 200.
path found
valid path found, generating trajectory...
Trajectory points:, 1000.
Duration:, 3.897192
excecuting path...
current error: , 0.31402
current error: , 0.31402
current error: , 0.230356
current error: , 0.146689
current error: , 0.062964
current error: , 0.006657
Final error:, 0.001036
Execution successful
Goal signal recieved..
Planning ...
Collision pairs set
goal state set
Using RRT Connect
task setup complete
solving task...
OMPL states:, 200.
path found
valid path found, generating trajectory...
Trajectory points:, 1000.
Duration:, 3.92042
excecuting path...
current error: , 0.313418
current error: , 0.313418
current error: , 0.229605
current error: , 0.145804
current error: , 0.062045
current error: , 0.006422
Final error:, 0.002154
Execution successful
Goal signal recieved..
Planning ...
Collision pairs set
goal state set
Using RRT Connect
task setup complete
solving task...
OMPL states:, 200.
path found
valid path found, generating trajectory...
Trajectory points:, 1000.
Duration:, 3.898455
excecuting path...
current error: , 0.343695
current error: , 0.343695
current error: , 0.260012
current error: , 0.176325
current error: , 0.092603
current error: , 0.016627
Final error:, 0.002765
Execution successful
Goal signal recieved..
Planning ...
Collision pairs set
goal state set
Using RRT Connect
task setup complete
solving task...
OMPL states:, 200.
path found
valid path found, generating trajectory...
Trajectory points:, 1000.
Duration:, 3.9204
excecuting path...
current error: , 0.313368
current error: , 0.313368
current error: , 0.229615
current error: , 0.145799
current error: , 0.062074
current error: , 0.006432
Final error:, 0.001457
Execution successful
Goal signal recieved..
Planning ...
Collision pairs set
goal state set
Using RRT Connect
task setup complete
solving task...
OMPL states:, 200.
path found
valid path found, generating trajectory...
Trajectory points:, 1000.
Duration:, 3.898108
excecuting path...
current error: , 0.343699
current error: , 0.343699
current error: , 0.259989
current error: , 0.176256
current error: , 0.092594
current error: , 0.016601
Final error:, 0.00294
Execution successful
Goal signal recieved..
Planning ...
Collision pairs set
goal state set
Using RRT Connect
task setup complete
solving task...
OMPL states:, 200.
path found
valid path found, generating trajectory...
Trajectory points:, 1000.
Duration:, 3.919618
excecuting path...
current error: , 0.368372
current error: , 0.368372
current error: , 0.284581
current error: , 0.200745
current error: , 0.116943
current error: , 0.0333
current error: , 0.005186
Final error:, 0.003625
Execution successful
Goal signal recieved..
Planning ...
Collision pairs set
goal state set
Using RRT Connect
task setup complete
solving task...
OMPL states:, 200.
path found
valid path found, generating trajectory...
Trajectory points:, 1000.
Duration:, 3.897
excecuting path...
current error: , 0.341835
current error: , 0.341835
current error: , 0.258209
current error: , 0.174513
current error: , 0.090841
current error: , 0.015163
Final error:, 0.001921
Execution successful
Goal signal recieved..
Planning ...
Collision pairs set
goal state set
Using RRT Connect
task setup complete
solving task...
OMPL states:, 200.
path found
valid path found, generating trajectory...
Trajectory points:, 1000.
Duration:, 3.921073
excecuting path...
current error: , 0.319348
current error: , 0.319348
current error: , 0.235533
current error: , 0.151877
current error: , 0.068114
current error: , 0.007737
Final error:, 0.001525
Execution successful
Goal signal recieved..
Planning ...
Collision pairs set
goal state set
Using RRT Connect
task setup complete
solving task...
OMPL states:, 200.
path found
valid path found, generating trajectory...
Trajectory points:, 1000.
Duration:, 3.897875
excecuting path...
current error: , 0.291775
current error: , 0.291775
current error: , 0.208043
current error: , 0.124342
current error: , 0.040665
current error: , 0.004563
Final error:, 0.001824
Execution successful
Goal signal recieved..
Planning ...
Collision pairs set
goal state set
Using RRT Connect
task setup complete
solving task...
OMPL states:, 200.
path found
valid path found, generating trajectory...
Trajectory points:, 1000.
Duration:, 3.919576
excecuting path...
current error: , 0.344972
current error: , 0.344972
current error: , 0.261193
current error: , 0.177468
current error: , 0.093708
current error: , 0.016771
Final error:, 0.002571
Execution successful
Goal signal recieved..
Planning ...
Collision pairs set
goal state set
Using RRT Connect
task setup complete
solving task...
OMPL states:, 200.
path found
valid path found, generating trajectory...
Trajectory points:, 1000.
Duration:, 3.897498
excecuting path...
current error: , 0.319228
current error: , 0.319228
current error: , 0.235537
current error: , 0.151807
current error: , 0.06814
current error: , 0.007775
Final error:, 0.001339
Execution successful
Goal signal recieved..
Planning ...
Collision pairs set
goal state set
Using RRT Connect
task setup complete
solving task...
Goal signal recieved..
Planning ...
Collision pairs set
goal state set
Using RRT Connect
task setup complete
solving task...
OMPL states:, 200.
path found
valid path found, generating trajectory...
Trajectory points:, 1000.
Duration:, 3.920341
excecuting path...
current error: , 0.317778
current error: , 0.317778
current error: , 0.234014
current error: , 0.150206
current error: , 0.066458
current error: , 0.007266
Final error:, 0.001265
Execution successful
Goal signal recieved..
Planning ...
Collision pairs set
goal state set
Using RRT Connect
task setup complete
solving task...
OMPL states:, 200.
path found
valid path found, generating trajectory...
Trajectory points:, 1000.
Duration:, 3.897676
excecuting path...
current error: , 0.319745
current error: , 0.319745
current error: , 0.236078
current error: , 0.152376
current error: , 0.068664
current error: , 0.007909
Final error:, 0.001218
Execution successful
Goal signal recieved..
Planning ...
Collision pairs set
goal state set
Using RRT Connect
task setup complete
solving task...
OMPL states:, 200.
path found
valid path found, generating trajectory...
Trajectory points:, 1000.
Duration:, 3.920468
excecuting path...
current error: , 0.317997
current error: , 0.317997
current error: , 0.234219
current error: , 0.150456
current error: , 0.066745
current error: , 0.007361
Final error:, 0.001614
Execution successful
Goal signal recieved..
Planning ...
Collision pairs set
goal state set
Using RRT Connect
task setup complete
solving task...
OMPL states:, 200.
path found
valid path found, generating trajectory...
Trajectory points:, 1000.
Duration:, 3.897391
excecuting path...
current error: , 0.31889
current error: , 0.31889
current error: , 0.235176
current error: , 0.151524
current error: , 0.067801
current error: , 0.007678
Final error:, 0.001353
Execution successful
Goal signal recieved..
Planning ...
Collision pairs set
goal state set
Using RRT Connect
task setup complete
solving task...
OMPL states:, 200.
path found
valid path found, generating trajectory...
Trajectory points:, 1000.
Duration:, 3.919639
excecuting path...
current error: , 0.344819
current error: , 0.344819
current error: , 0.261026
current error: , 0.177244
current error: , 0.093536
current error: , 0.0167
Final error:, 0.00213
Execution successful
[sandboxScript:info]   Simulation stopping...
[sandboxScript:info]   Simulation stopped.
[sandboxScript:info]   Simulation started.
[CoppeliaSim:warning]   Detected non-default settings (time steps and/or dyn. engine global settings).
Goal signal recieved..
Planning ...
Collision pairs set
goal state set
Using RRT Connect
task setup complete
solving task...
OMPL states:, 200.
path found
valid path found, generating trajectory...
Trajectory points:, 1000.
Duration:, 3.402772
excecuting path...
current error: , 0.014072
Final error:, 0.014072
Execution successful
Goal signal recieved..
Planning ...
Collision pairs set
goal state set
Using RRT Connect
task setup complete
solving task...
OMPL states:, 200.
path found
valid path found, generating trajectory...
Trajectory points:, 1000.
Duration:, 2.06558
excecuting path...
current error: , 0.002174
Final error:, 0.002174
Execution successful
Goal signal recieved..
Planning ...
Collision pairs set
goal state set
Using RRT Connect
task setup complete
solving task...
OMPL states:, 200.
path found
valid path found, generating trajectory...
Trajectory points:, 1000.
Duration:, 4.215365
excecuting path...
current error: , 0.003686
Final error:, 0.003686
Execution successful
Goal signal recieved..
Planning ...
Collision pairs set
goal state set
Using RRT Connect
task setup complete
solving task...
OMPL states:, 200.
path found
valid path found, generating trajectory...
Trajectory points:, 1000.
Duration:, 9.458206
excecuting path...
current error: , 1.502422
current error: , 1.502422
current error: , 1.402784
current error: , 1.30631
current error: , 1.213735
current error: , 1.126081
current error: , 1.042244
current error: , 0.958546
current error: , 0.874818
current error: , 0.791149
current error: , 0.707419
current error: , 0.623736
current error: , 0.540011
current error: , 0.456324
current error: , 0.372623
current error: , 0.288933
current error: , 0.205229
current error: , 0.121522
current error: , 0.037856
current error: , 0.004395
Final error:, 0.002175
Execution successful
[sandboxScript:info]   Simulation stopping...
[sandboxScript:info]   Simulation stopped.
[sandboxScript:info]   Simulation started.
[CoppeliaSim:warning]   Detected non-default settings (time steps and/or dyn. engine global settings).
Goal signal recieved..
Planning ...
Collision pairs set
goal state set
Using RRT Connect
task setup complete
solving task...
OMPL states:, 200.
path found
valid path found, generating trajectory...
Trajectory points:, 1000.
Duration:, 3.402634
excecuting path...
current error: , 0.014922
Final error:, 0.014922
Execution successful
Goal signal recieved..
Planning ...
Collision pairs set
goal state set
Using RRT Connect
task setup complete
solving task...
OMPL states:, 200.
path found
valid path found, generating trajectory...
Trajectory points:, 1000.
Duration:, 7.028375
excecuting path...
current error: , 0.041092
current error: , 0.041092
current error: , 0.004874
Final error:, 0.002035
Execution successful
Goal signal recieved..
Planning ...
Collision pairs set
goal state set
Using RRT Connect
task setup complete
solving task...
OMPL states:, 200.
path found
valid path found, generating trajectory...
Trajectory points:, 1000.
Duration:, 3.408041
excecuting path...
current error: , 0.051701
current error: , 0.051701
current error: , 0.005475
Final error:, 0.00188
Execution successful
Goal signal recieved..
Planning ...
Collision pairs set
goal state set
Using RRT Connect
task setup complete
solving task...
OMPL states:, 200.
path found
valid path found, generating trajectory...
Trajectory points:, 1000.
Duration:, 3.367995
excecuting path...
current error: , 0.014075
Final error:, 0.014075
Execution successful
Goal signal recieved..
Planning ...
Collision pairs set
goal state set
Using RRT Connect
task setup complete
solving task...
OMPL states:, 200.
path found
valid path found, generating trajectory...
Trajectory points:, 1000.
Duration:, 3.406337
excecuting path...
current error: , 0.049649
current error: , 0.049649
current error: , 0.005329
Final error:, 0.001844
Execution successful
Goal signal recieved..
Planning ...
Collision pairs set
goal state set
Using RRT Connect
task setup complete
solving task...
OMPL states:, 200.
path found
valid path found, generating trajectory...
Trajectory points:, 1000.
Duration:, 3.36719
excecuting path...
current error: , 0.031627
current error: , 0.031627
current error: , 0.002637
Final error:, 0.001105
Execution successful
Goal signal recieved..
Planning ...
Collision pairs set
goal state set
Using RRT Connect
task setup complete
solving task...
OMPL states:, 200.
path found
valid path found, generating trajectory...
Trajectory points:, 1000.
Duration:, 3.407554
excecuting path...
current error: , 0.028259
current error: , 0.028259
current error: , 0.002802
Final error:, 0.0019
Execution successful
Goal signal recieved..
Planning ...
Collision pairs set
goal state set
Using RRT Connect
task setup complete
solving task...
OMPL states:, 200.
path found
valid path found, generating trajectory...
Trajectory points:, 1000.
Duration:, 3.36814
excecuting path...
current error: , 0.016154
Final error:, 0.016154
Execution successful
Goal signal recieved..
Planning ...
Collision pairs set
goal state set
Using RRT Connect
task setup complete
solving task...
OMPL states:, 200.
path found
valid path found, generating trajectory...
Trajectory points:, 1000.
Duration:, 3.406043
excecuting path...
current error: , 0.026617
current error: , 0.026617
current error: , 0.00254
Final error:, 0.001467
Execution successful
Goal signal recieved..
Planning ...
Collision pairs set
goal state set
Using RRT Connect
task setup complete
solving task...
OMPL states:, 200.
path found
valid path found, generating trajectory...
Trajectory points:, 1000.
Duration:, 3.367552
excecuting path...
current error: , 0.015925
Final error:, 0.015925
Execution successful
Goal signal recieved..
Planning ...
Collision pairs set
goal state set
Using RRT Connect
task setup complete
solving task...
OMPL states:, 200.
path found
valid path found, generating trajectory...
Trajectory points:, 1000.
Duration:, 3.406421
excecuting path...
current error: , 0.027146
current error: , 0.027146
current error: , 0.002715
Final error:, 0.001526
Execution successful
Goal signal recieved..
Planning ...
Collision pairs set
goal state set
Using RRT Connect
task setup complete
solving task...
OMPL states:, 200.
path found
valid path found, generating trajectory...
Trajectory points:, 1000.
Duration:, 3.36802
excecuting path...
current error: , 0.003139
Final error:, 0.003139
Execution successful
Goal signal recieved..
Planning ...
Collision pairs set
goal state set
Using RRT Connect
task setup complete
solving task...
OMPL states:, 200.
path found
valid path found, generating trajectory...
Trajectory points:, 1000.
Duration:, 3.4075
excecuting path...
current error: , 0.051167
current error: , 0.051167
current error: , 0.005385
Final error:, 0.001592
Execution successful
Goal signal recieved..
Planning ...
Collision pairs set
goal state set
Using RRT Connect
task setup complete
solving task...
OMPL states:, 200.
path found
valid path found, generating trajectory...
Trajectory points:, 1000.
Duration:, 3.367625
excecuting path...
current error: , 0.013733
Final error:, 0.013733
Execution successful
Goal signal recieved..
Planning ...
Collision pairs set
goal state set
Using RRT Connect
task setup complete
solving task...
OMPL states:, 200.
path found
valid path found, generating trajectory...
Trajectory points:, 1000.
Duration:, 3.409891
excecuting path...
current error: , 0.054145
current error: , 0.054145
current error: , 0.005988
Final error:, 0.002391
Execution successful
Goal signal recieved..
Planning ...
Collision pairs set
goal state set
Using RRT Connect
task setup complete
solving task...
OMPL states:, 200.
path found
valid path found, generating trajectory...
Trajectory points:, 1000.
Duration:, 3.370781
excecuting path...
current error: , 0.015608
Final error:, 0.015608
Execution successful
Goal signal recieved..
Planning ...
Collision pairs set
goal state set
Using RRT Connect
task setup complete
solving task...
OMPL states:, 200.
path found
valid path found, generating trajectory...
Trajectory points:, 1000.
Duration:, 3.406435
excecuting path...
current error: , 0.049793
current error: , 0.049793
current error: , 0.005102
Final error:, 0.001551
Execution successful
Goal signal recieved..
Planning ...
Collision pairs set
goal state set
Using RRT Connect
task setup complete
solving task...
OMPL states:, 200.
path found
valid path found, generating trajectory...
Trajectory points:, 1000.
Duration:, 3.367517
excecuting path...
current error: , 0.013765
Final error:, 0.013765
Execution successful
Goal signal recieved..
Planning ...
Collision pairs set
goal state set
Using RRT Connect
task setup complete
solving task...
OMPL states:, 200.
path found
valid path found, generating trajectory...
Trajectory points:, 1000.
Duration:, 3.406077
excecuting path...
current error: , 0.023277
current error: , 0.023277
current error: , 0.002516
Final error:, 0.001474
Execution successful
Goal signal recieved..
Planning ...
Collision pairs set
goal state set
Using RRT Connect
task setup complete
solving task...
OMPL states:, 200.
path found
valid path found, generating trajectory...
Trajectory points:, 1000.
Duration:, 3.367578
excecuting path...
current error: , 0.013738
Final error:, 0.013738
Execution successful
Goal signal recieved..
Planning ...
Collision pairs set
goal state set
Using RRT Connect
task setup complete
solving task...
OMPL states:, 200.
path found
valid path found, generating trajectory...
Trajectory points:, 1000.
Duration:, 3.406583
excecuting path...
current error: , 0.050078
current error: , 0.050078
current error: , 0.00531
Final error:, 0.001697
Execution successful
Goal signal recieved..
Planning ...
Collision pairs set
goal state set
Using RRT Connect
task setup complete
solving task...
OMPL states:, 200.
path found
valid path found, generating trajectory...
Trajectory points:, 1000.
Duration:, 3.367395
excecuting path...
current error: , 0.013733
Final error:, 0.013733
Execution successful
Goal signal recieved..
Planning ...
Collision pairs set
goal state set
Using RRT Connect
task setup complete
solving task...
OMPL states:, 200.
path found
valid path found, generating trajectory...
Trajectory points:, 1000.
Duration:, 3.406382
excecuting path...
current error: , 0.049579
current error: , 0.049579
current error: , 0.005168
Final error:, 0.002084
Execution successful
Goal signal recieved..
Planning ...
Collision pairs set
goal state set
Using RRT Connect
task setup complete
solving task...
OMPL states:, 200.
path found
valid path found, generating trajectory...
Trajectory points:, 1000.
Duration:, 3.367171
excecuting path...
current error: , 0.008292
Final error:, 0.008292
Execution successful
Goal signal recieved..
Planning ...
Collision pairs set
goal state set
Using RRT Connect
task setup complete
solving task...
OMPL states:, 200.
path found
valid path found, generating trajectory...
Trajectory points:, 1000.
Duration:, 3.406628
excecuting path...
current error: , 0.027305
current error: , 0.027305
current error: , 0.002497
Final error:, 0.001418
Execution successful
Goal signal recieved..
Planning ...
Collision pairs set
goal state set
Using RRT Connect
task setup complete
solving task...
OMPL states:, 200.
path found
valid path found, generating trajectory...
Trajectory points:, 1000.
Duration:, 3.367747
excecuting path...
current error: , 0.015943
Final error:, 0.015943
Execution successful
[sandboxScript:info]   Simulation stopping...
[sandboxScript:info]   Simulation stopped.
[sandboxScript:info]   Simulation started.
[CoppeliaSim:warning]   Detected non-default settings (time steps and/or dyn. engine global settings).
Goal signal recieved..
Planning ...
Collision pairs set
goal state set
Using RRT Connect
task setup complete
solving task...
OMPL states:, 200.
path found
valid path found, generating trajectory...
Trajectory points:, 1000.
Duration:, 3.402641
excecuting path...
current error: , 0.01403
Final error:, 0.01403
Execution successful
Goal signal recieved..
Planning ...
Collision pairs set
goal state set
Using RRT Connect
task setup complete
solving task...
OMPL states:, 200.
path found
valid path found, generating trajectory...
Trajectory points:, 1000.
Duration:, 9.625241
excecuting path...
current error: , 0.811733
current error: , 0.811733
current error: , 0.728628
current error: , 0.64568
current error: , 0.562696
current error: , 0.479686
current error: , 0.396557
current error: , 0.313552
current error: , 0.230571
current error: , 0.147703
current error: , 0.064521
current error: , 0.007287
Final error:, 0.001199
Execution successful
Goal signal recieved..
Planning ...
Collision pairs set
goal state set
Using RRT Connect
task setup complete
solving task...
OMPL states:, 200.
path found
valid path found, generating trajectory...
Trajectory points:, 1000.
Duration:, 7.868337
excecuting path...
current error: , 0.510561
current error: , 0.510561
current error: , 0.426767
current error: , 0.34298
current error: , 0.259158
current error: , 0.175397
current error: , 0.091597
current error: , 0.015647
Final error:, 0.002221
Execution successful
Goal signal recieved..
Planning ...
Collision pairs set
goal state set
Using RRT Connect
task setup complete
solving task...
OMPL states:, 200.
path found
valid path found, generating trajectory...
Trajectory points:, 1000.
Duration:, 2.999207
excecuting path...
current error: , 0.002779
Final error:, 0.002779
Execution successful
Goal signal recieved..
Planning ...
Collision pairs set
goal state set
Using RRT Connect
task setup complete
solving task...
OMPL states:, 200.
path found
valid path found, generating trajectory...
Trajectory points:, 1000.
Duration:, 3.519047
excecuting path...
current error: , 0.131008
current error: , 0.131008
current error: , 0.047535
current error: , 0.004708
Final error:, 0.001447
Execution successful
Goal signal recieved..
Planning ...
Collision pairs set
goal state set
Using RRT Connect
task setup complete
solving task...
OMPL states:, 200.
path found
valid path found, generating trajectory...
Trajectory points:, 1000.
Duration:, 3.122774
excecuting path...
current error: , 0.002653
Final error:, 0.002653
Execution successful
Goal signal recieved..
Planning ...
Collision pairs set
goal state set
Using RRT Connect
task setup complete
solving task...
OMPL states:, 200.
path found
valid path found, generating trajectory...
Trajectory points:, 1000.
Duration:, 3.519639
excecuting path...
current error: , 0.10852
current error: , 0.10852
current error: , 0.025939
current error: , 0.002847
Final error:, 0.001631
Execution successful
Goal signal recieved..
Planning ...
Collision pairs set
goal state set
Using RRT Connect
task setup complete
solving task...
OMPL states:, 200.
path found
valid path found, generating trajectory...
Trajectory points:, 1000.
Duration:, 3.121954
excecuting path...
current error: , 0.002399
Final error:, 0.002399
Execution successful
Goal signal recieved..
Planning ...
Collision pairs set
goal state set
Using RRT Connect
task setup complete
solving task...
OMPL states:, 200.
path found
valid path found, generating trajectory...
Trajectory points:, 1000.
Duration:, 3.518303
excecuting path...
current error: , 0.107022
current error: , 0.107022
current error: , 0.024899
current error: , 0.002846
Final error:, 0.001589
Execution successful
Goal signal recieved..
Planning ...
Collision pairs set
goal state set
Using RRT Connect
task setup complete
solving task...
OMPL states:, 200.
path found
valid path found, generating trajectory...
Trajectory points:, 1000.
Duration:, 3.122467
excecuting path...
current error: , 0.002083
Final error:, 0.002083
Execution successful
Goal signal recieved..
Planning ...
Collision pairs set
goal state set
Using RRT Connect
task setup complete
solving task...
OMPL states:, 200.
path found
valid path found, generating trajectory...
Trajectory points:, 1000.
Duration:, 3.519023
excecuting path...
current error: , 0.130615
current error: , 0.130615
current error: , 0.047105
current error: , 0.006532
Final error:, 0.003462
Execution successful
Goal signal recieved..
Planning ...
Collision pairs set
goal state set
Using RRT Connect
task setup complete
solving task...
OMPL states:, 200.
path found
valid path found, generating trajectory...
Trajectory points:, 1000.
Duration:, 3.120627
excecuting path...
current error: , 0.001998
Final error:, 0.001998
Execution successful
Goal signal recieved..
Planning ...
Collision pairs set
goal state set
Using RRT Connect
task setup complete
solving task...
OMPL states:, 200.
path found
valid path found, generating trajectory...
Trajectory points:, 1000.
Duration:, 3.518315
excecuting path...
current error: , 0.130019
current error: , 0.130019
current error: , 0.046478
current error: , 0.006405
Final error:, 0.003309
Execution successful
Goal signal recieved..
Planning ...
Collision pairs set
goal state set
Using RRT Connect
task setup complete
solving task...
OMPL states:, 200.
path found
valid path found, generating trajectory...
Trajectory points:, 1000.
Duration:, 3.122083
excecuting path...
current error: , 0.001673
Final error:, 0.001673
Execution successful
Goal signal recieved..
Planning ...
Collision pairs set
goal state set
Using RRT Connect
task setup complete
solving task...
OMPL states:, 200.
path found
valid path found, generating trajectory...
Trajectory points:, 1000.
Duration:, 3.520346
excecuting path...
current error: , 0.076387
current error: , 0.076387
current error: , 0.009889
Final error:, 0.001179
Execution successful
Goal signal recieved..
Planning ...
Collision pairs set
goal state set
Using RRT Connect
task setup complete
solving task...
OMPL states:, 200.
path found
valid path found, generating trajectory...
Trajectory points:, 1000.
Duration:, 3.12371
excecuting path...
current error: , 0.002089
Final error:, 0.002089
Execution successful
Goal signal recieved..
Planning ...
Collision pairs set
goal state set
Using RRT Connect
task setup complete
solving task...
OMPL states:, 200.
path found
valid path found, generating trajectory...
Trajectory points:, 1000.
Duration:, 3.51981
excecuting path...
current error: , 0.132123
current error: , 0.132123
current error: , 0.048588
current error: , 0.006738
Final error:, 0.003541
Execution successful
Goal signal recieved..
Planning ...
Collision pairs set
goal state set
Using RRT Connect
task setup complete
solving task...
OMPL states:, 200.
path found
valid path found, generating trajectory...
Trajectory points:, 1000.
Duration:, 3.121982
excecuting path...
current error: , 0.001707
Final error:, 0.001707
Execution successful
Goal signal recieved..
Planning ...
Collision pairs set
goal state set
Using RRT Connect
task setup complete
solving task...
OMPL states:, 200.
path found
valid path found, generating trajectory...
Trajectory points:, 1000.
Duration:, 3.51956
excecuting path...
current error: , 0.131495
current error: , 0.131495
current error: , 0.04789
current error: , 0.006552
Final error:, 0.003603
Execution successful
Goal signal recieved..
Planning ...
Collision pairs set
goal state set
Using RRT Connect
task setup complete
solving task...
OMPL states:, 200.
path found
valid path found, generating trajectory...
Trajectory points:, 1000.
Duration:, 3.121101
excecuting path...
current error: , 0.001808
Final error:, 0.001808
Execution successful
Goal signal recieved..
Planning ...
Collision pairs set
goal state set
Using RRT Connect
task setup complete
solving task...
OMPL states:, 200.
path found
valid path found, generating trajectory...
Trajectory points:, 1000.
Duration:, 3.519169
excecuting path...
current error: , 0.130947
current error: , 0.130947
current error: , 0.047362
current error: , 0.006516
Final error:, 0.003809
Execution successful
Goal signal recieved..
Planning ...
Collision pairs set
goal state set
Using RRT Connect
task setup complete
solving task...
OMPL states:, 200.
path found
valid path found, generating trajectory...
Trajectory points:, 1000.
Duration:, 3.243058
excecuting path...
current error: , 0.007193
Final error:, 0.007193
Execution successful
Goal signal recieved..
Planning ...
Collision pairs set
goal state set
Using RRT Connect
task setup complete
solving task...
OMPL states:, 200.
path found
valid path found, generating trajectory...
Trajectory points:, 1000.
Duration:, 3.293593
excecuting path...
current error: , 0.008218
Final error:, 0.008218
Execution successful
Goal signal recieved..
Planning ...
Collision pairs set
goal state set
Using RRT Connect
task setup complete
solving task...
OMPL states:, 200.
path found
valid path found, generating trajectory...
Trajectory points:, 1000.
Duration:, 3.297796
excecuting path...
current error: , 0.00926
Final error:, 0.00926
Execution successful
Goal signal recieved..
Planning ...
Collision pairs set
goal state set
Using RRT Connect
task setup complete
solving task...
OMPL states:, 200.
path found
valid path found, generating trajectory...
Trajectory points:, 1000.
Duration:, 3.297101
excecuting path...
current error: , 0.009456
Final error:, 0.009456
Execution successful
Goal signal recieved..
Planning ...
Collision pairs set
goal state set
Using RRT Connect
task setup complete
solving task...
OMPL states:, 200.
path found
valid path found, generating trajectory...
Trajectory points:, 1000.
Duration:, 3.282028
excecuting path...
current error: , 0.005654
Final error:, 0.005654
Execution successful
Goal signal recieved..
Planning ...
Collision pairs set
goal state set
Using RRT Connect
task setup complete
solving task...
OMPL states:, 200.
path found
valid path found, generating trajectory...
Trajectory points:, 1000.
Duration:, 3.28204
excecuting path...
current error: , 0.005831
Final error:, 0.005831
Execution successful
Goal signal recieved..
Planning ...
Collision pairs set
goal state set
Using RRT Connect
task setup complete
solving task...
OMPL states:, 200.
path found
valid path found, generating trajectory...
Trajectory points:, 1000.
Duration:, 3.297373
excecuting path...
current error: , 0.009257
Final error:, 0.009257
Execution successful
Goal signal recieved..
Planning ...
Collision pairs set
goal state set
Using RRT Connect
task setup complete
solving task...
OMPL states:, 200.
path found
valid path found, generating trajectory...
Trajectory points:, 1000.
Duration:, 3.296319
excecuting path...
current error: , 0.009041
Final error:, 0.009041
Execution successful
Goal signal recieved..
Planning ...
Collision pairs set
goal state set
Using RRT Connect
task setup complete
solving task...
OMPL states:, 200.
path found
valid path found, generating trajectory...
Trajectory points:, 1000.
Duration:, 3.284152
excecuting path...
current error: , 0.005958
Final error:, 0.005958
Execution successful
