[LOG] TransitionLogger initialized with ID: 42446c84-281e-44e4-a59f-5beaf841bf45
[LOG] MongoDB connection established
Using port 23003 for CoppeliaSim connection
Starting Manipulator Study
Using first 2000 entries from example-a-seeded
writing mongo databse to yaml file
YAML Dataset Created
READING IN DATASET
LEARNING TRANSITION DBN FOR OPTION: pick_column0_front_270
LEARNING REWARD DBN FOR OPTION: pick_column0_front_270
LEARNING TRANSITION DBN FOR OPTION: pick_column0_left_0
LEARNING REWARD DBN FOR OPTION: pick_column0_left_0
LEARNING TRANSITION DBN FOR OPTION: pick_column0_right_0
LEARNING REWARD DBN FOR OPTION: pick_column0_right_0
LEARNING TRANSITION DBN FOR OPTION: pick_column0_top_0
LEARNING REWARD DBN FOR OPTION: pick_column0_top_0
LEARNING TRANSITION DBN FOR OPTION: pick_column1_front_270
LEARNING REWARD DBN FOR OPTION: pick_column1_front_270
LEARNING TRANSITION DBN FOR OPTION: pick_column1_left_0
LEARNING REWARD DBN FOR OPTION: pick_column1_left_0
LEARNING TRANSITION DBN FOR OPTION: pick_column1_right_0
LEARNING REWARD DBN FOR OPTION: pick_column1_right_0
LEARNING TRANSITION DBN FOR OPTION: pick_column1_top_0
LEARNING REWARD DBN FOR OPTION: pick_column1_top_0
LEARNING TRANSITION DBN FOR OPTION: pick_column2_front_270
LEARNING REWARD DBN FOR OPTION: pick_column2_front_270
LEARNING TRANSITION DBN FOR OPTION: pick_column2_left_0
LEARNING REWARD DBN FOR OPTION: pick_column2_left_0
LEARNING TRANSITION DBN FOR OPTION: pick_column2_right_0
LEARNING REWARD DBN FOR OPTION: pick_column2_right_0
LEARNING TRANSITION DBN FOR OPTION: pick_column2_top_0
LEARNING REWARD DBN FOR OPTION: pick_column2_top_0
LEARNING TRANSITION DBN FOR OPTION: place_goal_0_front_270
LEARNING REWARD DBN FOR OPTION: place_goal_0_front_270
LEARNING TRANSITION DBN FOR OPTION: place_goal_0_left_0
LEARNING REWARD DBN FOR OPTION: place_goal_0_left_0
LEARNING TRANSITION DBN FOR OPTION: place_goal_0_right_0
LEARNING REWARD DBN FOR OPTION: place_goal_0_right_0
LEARNING TRANSITION DBN FOR OPTION: place_goal_0_top_0
LEARNING REWARD DBN FOR OPTION: place_goal_0_top_0
LEARNING TRANSITION DBN FOR OPTION: place_goal_1_front_270
LEARNING REWARD DBN FOR OPTION: place_goal_1_front_270
LEARNING TRANSITION DBN FOR OPTION: place_goal_1_left_0
LEARNING REWARD DBN FOR OPTION: place_goal_1_left_0
LEARNING TRANSITION DBN FOR OPTION: place_goal_1_right_0
LEARNING REWARD DBN FOR OPTION: place_goal_1_right_0
LEARNING TRANSITION DBN FOR OPTION: place_goal_1_top_0
LEARNING REWARD DBN FOR OPTION: place_goal_1_top_0
LEARNING TRANSITION DBN FOR OPTION: place_goal_2_front_270
LEARNING REWARD DBN FOR OPTION: place_goal_2_front_270
LEARNING TRANSITION DBN FOR OPTION: place_goal_2_left_0
LEARNING REWARD DBN FOR OPTION: place_goal_2_left_0
LEARNING TRANSITION DBN FOR OPTION: place_goal_2_right_0
LEARNING REWARD DBN FOR OPTION: place_goal_2_right_0
LEARNING TRANSITION DBN FOR OPTION: place_goal_2_top_0
LEARNING REWARD DBN FOR OPTION: place_goal_2_top_0
LEARNING TRANSITION DBN FOR OPTION: place_region_0_front_270
LEARNING REWARD DBN FOR OPTION: place_region_0_front_270
LEARNING TRANSITION DBN FOR OPTION: place_region_0_left_0
LEARNING REWARD DBN FOR OPTION: place_region_0_left_0
LEARNING TRANSITION DBN FOR OPTION: place_region_0_right_0
LEARNING REWARD DBN FOR OPTION: place_region_0_right_0
LEARNING TRANSITION DBN FOR OPTION: place_region_0_top_0
LEARNING REWARD DBN FOR OPTION: place_region_0_top_0
LEARNING TRANSITION DBN FOR OPTION: place_region_1_front_270
LEARNING REWARD DBN FOR OPTION: place_region_1_front_270
LEARNING TRANSITION DBN FOR OPTION: place_region_1_left_0
LEARNING REWARD DBN FOR OPTION: place_region_1_left_0
LEARNING TRANSITION DBN FOR OPTION: place_region_1_right_0
LEARNING REWARD DBN FOR OPTION: place_region_1_right_0
LEARNING TRANSITION DBN FOR OPTION: place_region_1_top_0
LEARNING REWARD DBN FOR OPTION: place_region_1_top_0
LEARNING TRANSITION DBN FOR OPTION: place_region_2_front_270
LEARNING REWARD DBN FOR OPTION: place_region_2_front_270
LEARNING TRANSITION DBN FOR OPTION: place_region_2_left_0
LEARNING REWARD DBN FOR OPTION: place_region_2_left_0
LEARNING TRANSITION DBN FOR OPTION: place_region_2_right_0
LEARNING REWARD DBN FOR OPTION: place_region_2_right_0
LEARNING TRANSITION DBN FOR OPTION: place_region_2_top_0
LEARNING REWARD DBN FOR OPTION: place_region_2_top_0
Running study for permutation 0, at limit 2000
connected to simulation
simulation is explicitly stepped
Joint handles retrieved
State(column0: region_0, column1: region_2, column2: region_1)
Reading in option: pick_column0_top_0
Reading in option: pick_column0_left_0
Reading in option: pick_column0_right_0
Reading in option: pick_column0_front_270
Reading in option: pick_column1_top_0
Reading in option: pick_column1_left_0
Reading in option: pick_column1_right_0
Reading in option: pick_column1_front_270
Reading in option: pick_column2_top_0
Reading in option: pick_column2_left_0
Reading in option: pick_column2_right_0
Reading in option: pick_column2_front_270
Reading in option: place_goal_0_top_0
Reading in option: place_goal_0_left_0
Reading in option: place_goal_0_right_0
Reading in option: place_goal_0_front_270
Reading in option: place_goal_1_top_0
Reading in option: place_goal_1_left_0
Reading in option: place_goal_1_right_0
Reading in option: place_goal_1_front_270
Reading in option: place_goal_2_top_0
Reading in option: place_goal_2_left_0
Reading in option: place_goal_2_right_0
Reading in option: place_goal_2_front_270
Reading in option: place_region_0_top_0
Reading in option: place_region_0_left_0
Reading in option: place_region_0_right_0
Reading in option: place_region_0_front_270
Reading in option: place_region_1_top_0
Reading in option: place_region_1_left_0
Reading in option: place_region_1_right_0
Reading in option: place_region_1_front_270
Reading in option: place_region_2_top_0
Reading in option: place_region_2_left_0
Reading in option: place_region_2_right_0
Reading in option: place_region_2_front_270
Creating MDP...
Synthesising Policy...
Step 0
State fingerprint: frozenset({('/column2', '/region_1'), ('/column0', '/region_0'), ('/column1', '/region_2')})
policy state State(column0: region_0, column1: region_2, column2: region_1)
policy value 13.613691116278455
State(column0: region_0, column1: region_2, column2: region_1)
pick_column0_front_270
Action: Action(ActionType.PICK, obj=/column0, slot=None,grasp=GraspType.FRONT_270)
[EXEC] Picking /column0 with front_270

[INFO] Found 4544 potential configurations.
[INFO] Motion completed successfully with result: success,in execution time: 4.52 seconds
[INFO] Found a reachable configuration for pick action after 1 attempts.
Tip distance after pick: 0.022019204709348282
[INFO] Pick action completed successfully.in execution time: 4.52 seconds
[EXEC] Action ActionType.PICK executed in 19.83 seconds
[SUCCESS] Action ActionType.PICK succeeded for object /column0
Action duration: 4.52
reward 4.52
[LOG] Transition logged to MongoDB: 42446c84-281e-44e4-a59f-5beaf841bf45 - Episode 0
Step 2
State fingerprint: frozenset({('/column2', '/region_1'), ('/column0', 'held'), ('/column1', '/region_2')})
policy state State(column0: held, column1: region_2, column2: region_1)
policy value 12.18831737374108
State(column0: held, column1: region_2, column2: region_1)
place_goal_1_top_0
Action: Action(ActionType.PLACE, obj=/column0, slot=/goal_1,grasp=GraspType.TOP_0)
[EXEC] Placing at [-0.2749999999999999, 1.0750000000000006, 0.5] with grasp top_0

[INFO] Found 1536 potential configurations.
[INFO] Motion completed successfully with result: success,in execution time: 8.16 seconds
[INFO] Found a reachable configuration for place action after 1 attempts.
[INFO] Place action completed successfully.
realigning placed object /column0 to target position
[EXEC] Action ActionType.PLACE executed in 25.22 seconds
[SUCCESS] Action ActionType.PLACE succeeded for object /column0
Action duration: 8.1599999999998
reward 8.1599999999998
[LOG] Transition logged to MongoDB: 42446c84-281e-44e4-a59f-5beaf841bf45 - Episode 0
Step 4
State fingerprint: frozenset({('/column1', '/region_2'), ('/column2', '/region_1'), ('/column0', '/goal_1')})
policy state State(column0: goal_1, column1: region_2, column2: region_1)
policy value 9.052513925506569
State(column0: goal_1, column1: region_2, column2: region_1)
pick_column2_front_270
Action: Action(ActionType.PICK, obj=/column2, slot=None,grasp=GraspType.FRONT_270)
[EXEC] Picking /column2 with front_270

[INFO] Found 3648 potential configurations.
[WARN] No valid configuration found (all tested configs invalid).
[EXEC] Action ActionType.PICK executed in 2.32 seconds
[ERROR] Action ActionType.PICK failed for object /column2
Action duration: 0.001
reward 0.001
[LOG] Transition logged to MongoDB: 42446c84-281e-44e4-a59f-5beaf841bf45 - Episode 0
Action failed, stopping. Time elapsed: 0.001
Step 6
State fingerprint: frozenset({('/column1', '/region_2'), ('/column2', '/region_1'), ('/column0', '/goal_1')})
State has been visited before, stopping to avoid loops
policy state State(column0: goal_1, column1: region_2, column2: region_1)
policy value 9.052513925506569
State(column0: goal_1, column1: region_2, column2: region_1)
pick_column2_front_270
Action: Action(ActionType.PICK, obj=/column2, slot=None,grasp=GraspType.FRONT_270)
[EXEC] Picking /column2 with front_270

[INFO] Found 3328 potential configurations.
[WARN] No valid configuration found (all tested configs invalid).
[EXEC] Action ActionType.PICK executed in 2.42 seconds
[ERROR] Action ActionType.PICK failed for object /column2
Action duration: 0.001
reward 0.001
[LOG] Transition logged to MongoDB: 42446c84-281e-44e4-a59f-5beaf841bf45 - Episode 0
Action failed, stopping. Time elapsed: 0.001
Goal achieved: False
Goal region occupancy: ['None', '/column0', 'None']
Number of actions: 4
Total task time: 12.681999999999798 sec
connected to simulation
simulation is explicitly stepped
Joint handles retrieved
State(column0: region_0, column1: region_2, column2: region_1)
Reading in option: pick_column0_top_0
Reading in option: pick_column0_left_0
Reading in option: pick_column0_right_0
Reading in option: pick_column0_front_270
Reading in option: pick_column1_top_0
Reading in option: pick_column1_left_0
Reading in option: pick_column1_right_0
Reading in option: pick_column1_front_270
Reading in option: pick_column2_top_0
Reading in option: pick_column2_left_0
Reading in option: pick_column2_right_0
Reading in option: pick_column2_front_270
Reading in option: place_goal_0_top_0
Reading in option: place_goal_0_left_0
Reading in option: place_goal_0_right_0
Reading in option: place_goal_0_front_270
Reading in option: place_goal_1_top_0
Reading in option: place_goal_1_left_0
Reading in option: place_goal_1_right_0
Reading in option: place_goal_1_front_270
Reading in option: place_goal_2_top_0
Reading in option: place_goal_2_left_0
Reading in option: place_goal_2_right_0
Reading in option: place_goal_2_front_270
Reading in option: place_region_0_top_0
Reading in option: place_region_0_left_0
Reading in option: place_region_0_right_0
Reading in option: place_region_0_front_270
Reading in option: place_region_1_top_0
Reading in option: place_region_1_left_0
Reading in option: place_region_1_right_0
Reading in option: place_region_1_front_270
Reading in option: place_region_2_top_0
Reading in option: place_region_2_left_0
Reading in option: place_region_2_right_0
Reading in option: place_region_2_front_270
Creating MDP...
Synthesising Policy...
Step 0
State fingerprint: frozenset({('/column2', '/region_1'), ('/column0', '/region_0'), ('/column1', '/region_2')})
policy state State(column0: region_0, column1: region_2, column2: region_1)
policy value 13.613690592868387
State(column0: region_0, column1: region_2, column2: region_1)
pick_column0_front_270
Action: Action(ActionType.PICK, obj=/column0, slot=None,grasp=GraspType.FRONT_270)
[EXEC] Picking /column0 with front_270

[INFO] Found 4544 potential configurations.
[INFO] Motion completed successfully with result: success,in execution time: 4.52 seconds
[INFO] Found a reachable configuration for pick action after 1 attempts.
Tip distance after pick: 0.021714470879658984
[INFO] Pick action completed successfully.in execution time: 4.52 seconds
[EXEC] Action ActionType.PICK executed in 13.48 seconds
[SUCCESS] Action ActionType.PICK succeeded for object /column0
Action duration: 4.52
reward 4.52
[LOG] Transition logged to MongoDB: 42446c84-281e-44e4-a59f-5beaf841bf45 - Episode 0
Step 2
State fingerprint: frozenset({('/column2', '/region_1'), ('/column0', 'held'), ('/column1', '/region_2')})
policy state State(column0: held, column1: region_2, column2: region_1)
policy value 12.188316850331013
State(column0: held, column1: region_2, column2: region_1)
place_goal_1_top_0
Action: Action(ActionType.PLACE, obj=/column0, slot=/goal_1,grasp=GraspType.TOP_0)
[EXEC] Placing at [-0.2749999999999999, 1.0750000000000006, 0.5] with grasp top_0

[INFO] Found 2112 potential configurations.
[INFO] Motion completed successfully with result: success,in execution time: 9.72 seconds
[INFO] Found a reachable configuration for place action after 1 attempts.
[INFO] Place action completed successfully.
realigning placed object /column0 to target position
[EXEC] Action ActionType.PLACE executed in 21.92 seconds
[SUCCESS] Action ActionType.PLACE succeeded for object /column0
Action duration: 9.7199999999998
reward 9.7199999999998
[LOG] Transition logged to MongoDB: 42446c84-281e-44e4-a59f-5beaf841bf45 - Episode 0
Step 4
State fingerprint: frozenset({('/column1', '/region_2'), ('/column2', '/region_1'), ('/column0', '/goal_1')})
policy state State(column0: goal_1, column1: region_2, column2: region_1)
policy value 9.052513460510434
State(column0: goal_1, column1: region_2, column2: region_1)
pick_column2_front_270
Action: Action(ActionType.PICK, obj=/column2, slot=None,grasp=GraspType.FRONT_270)
[EXEC] Picking /column2 with front_270

[INFO] Found 2688 potential configurations.
[WARN] No valid configuration found (all tested configs invalid).
[EXEC] Action ActionType.PICK executed in 2.34 seconds
[ERROR] Action ActionType.PICK failed for object /column2
Action duration: 0.001
reward 0.001
[LOG] Transition logged to MongoDB: 42446c84-281e-44e4-a59f-5beaf841bf45 - Episode 0
Action failed, stopping. Time elapsed: 0.001
Step 6
State fingerprint: frozenset({('/column1', '/region_2'), ('/column2', '/region_1'), ('/column0', '/goal_1')})
State has been visited before, stopping to avoid loops
policy state State(column0: goal_1, column1: region_2, column2: region_1)
policy value 9.052513460510434
State(column0: goal_1, column1: region_2, column2: region_1)
pick_column2_front_270
Action: Action(ActionType.PICK, obj=/column2, slot=None,grasp=GraspType.FRONT_270)
[EXEC] Picking /column2 with front_270

[INFO] Found 2944 potential configurations.
[WARN] No valid configuration found (all tested configs invalid).
[EXEC] Action ActionType.PICK executed in 2.37 seconds
[ERROR] Action ActionType.PICK failed for object /column2
Action duration: 0.001
reward 0.001
[LOG] Transition logged to MongoDB: 42446c84-281e-44e4-a59f-5beaf841bf45 - Episode 0
Action failed, stopping. Time elapsed: 0.001
Goal achieved: False
Goal region occupancy: ['None', '/column0', 'None']
Number of actions: 4
Total task time: 14.241999999999798 sec
connected to simulation
simulation is explicitly stepped
Joint handles retrieved
State(column0: region_0, column1: region_2, column2: region_1)
Reading in option: pick_column0_top_0
Reading in option: pick_column0_left_0
Reading in option: pick_column0_right_0
Reading in option: pick_column0_front_270
Reading in option: pick_column1_top_0
Reading in option: pick_column1_left_0
Reading in option: pick_column1_right_0
Reading in option: pick_column1_front_270
Reading in option: pick_column2_top_0
Reading in option: pick_column2_left_0
Reading in option: pick_column2_right_0
Reading in option: pick_column2_front_270
Reading in option: place_goal_0_top_0
Reading in option: place_goal_0_left_0
Reading in option: place_goal_0_right_0
Reading in option: place_goal_0_front_270
Reading in option: place_goal_1_top_0
Reading in option: place_goal_1_left_0
Reading in option: place_goal_1_right_0
Reading in option: place_goal_1_front_270
Reading in option: place_goal_2_top_0
Reading in option: place_goal_2_left_0
Reading in option: place_goal_2_right_0
Reading in option: place_goal_2_front_270
Reading in option: place_region_0_top_0
Reading in option: place_region_0_left_0
Reading in option: place_region_0_right_0
Reading in option: place_region_0_front_270
Reading in option: place_region_1_top_0
Reading in option: place_region_1_left_0
Reading in option: place_region_1_right_0
Reading in option: place_region_1_front_270
Reading in option: place_region_2_top_0
Reading in option: place_region_2_left_0
Reading in option: place_region_2_right_0
Reading in option: place_region_2_front_270
Creating MDP...
Synthesising Policy...
Step 0
State fingerprint: frozenset({('/column2', '/region_1'), ('/column0', '/region_0'), ('/column1', '/region_2')})
policy state State(column0: region_0, column1: region_2, column2: region_1)
policy value 13.613691116047123
State(column0: region_0, column1: region_2, column2: region_1)
pick_column0_front_270
Action: Action(ActionType.PICK, obj=/column0, slot=None,grasp=GraspType.FRONT_270)
[EXEC] Picking /column0 with front_270

[INFO] Found 5184 potential configurations.
[INFO] Motion completed successfully with result: success,in execution time: 4.52 seconds
[INFO] Found a reachable configuration for pick action after 1 attempts.
Tip distance after pick: 0.021624435026710218
[INFO] Pick action completed successfully.in execution time: 4.52 seconds
[EXEC] Action ActionType.PICK executed in 12.60 seconds
[SUCCESS] Action ActionType.PICK succeeded for object /column0
Action duration: 4.52
reward 4.52
[LOG] Transition logged to MongoDB: 42446c84-281e-44e4-a59f-5beaf841bf45 - Episode 0
Step 2
State fingerprint: frozenset({('/column2', '/region_1'), ('/column0', 'held'), ('/column1', '/region_2')})
policy state State(column0: held, column1: region_2, column2: region_1)
policy value 12.188317373509749
State(column0: held, column1: region_2, column2: region_1)
place_goal_1_top_0
Action: Action(ActionType.PLACE, obj=/column0, slot=/goal_1,grasp=GraspType.TOP_0)
[EXEC] Placing at [-0.2749999999999999, 1.0750000000000006, 0.5] with grasp top_0

[INFO] Found 2496 potential configurations.
[INFO] Motion completed successfully with result: success,in execution time: 7.44 seconds
[INFO] Found a reachable configuration for place action after 1 attempts.
[INFO] Place action completed successfully.
realigning placed object /column0 to target position
[EXEC] Action ActionType.PLACE executed in 24.63 seconds
[SUCCESS] Action ActionType.PLACE succeeded for object /column0
Action duration: 7.4399999999998
reward 7.4399999999998
[LOG] Transition logged to MongoDB: 42446c84-281e-44e4-a59f-5beaf841bf45 - Episode 0
Step 4
State fingerprint: frozenset({('/column1', '/region_2'), ('/column2', '/region_1'), ('/column0', '/goal_1')})
policy state State(column0: goal_1, column1: region_2, column2: region_1)
policy value 9.05251392528051
State(column0: goal_1, column1: region_2, column2: region_1)
pick_column2_front_270
Action: Action(ActionType.PICK, obj=/column2, slot=None,grasp=GraspType.FRONT_270)
[EXEC] Picking /column2 with front_270

[INFO] Found 2880 potential configurations.
[WARN] No valid configuration found (all tested configs invalid).
[EXEC] Action ActionType.PICK executed in 2.09 seconds
[ERROR] Action ActionType.PICK failed for object /column2
Action duration: 0.001
reward 0.001
[LOG] Transition logged to MongoDB: 42446c84-281e-44e4-a59f-5beaf841bf45 - Episode 0
Action failed, stopping. Time elapsed: 0.001
Step 6
State fingerprint: frozenset({('/column1', '/region_2'), ('/column2', '/region_1'), ('/column0', '/goal_1')})
State has been visited before, stopping to avoid loops
policy state State(column0: goal_1, column1: region_2, column2: region_1)
policy value 9.05251392528051
State(column0: goal_1, column1: region_2, column2: region_1)
pick_column2_front_270
Action: Action(ActionType.PICK, obj=/column2, slot=None,grasp=GraspType.FRONT_270)
[EXEC] Picking /column2 with front_270

[INFO] Found 3200 potential configurations.
[WARN] No valid configuration found (all tested configs invalid).
[EXEC] Action ActionType.PICK executed in 2.43 seconds
[ERROR] Action ActionType.PICK failed for object /column2
Action duration: 0.001
reward 0.001
[LOG] Transition logged to MongoDB: 42446c84-281e-44e4-a59f-5beaf841bf45 - Episode 0
Action failed, stopping. Time elapsed: 0.001
Goal achieved: False
Goal region occupancy: ['None', '/column0', 'None']
Number of actions: 4
Total task time: 11.961999999999797 sec
connected to simulation
simulation is explicitly stepped
Joint handles retrieved
State(column0: region_0, column1: region_2, column2: region_1)
Reading in option: pick_column0_top_0
Reading in option: pick_column0_left_0
Reading in option: pick_column0_right_0
Reading in option: pick_column0_front_270
Reading in option: pick_column1_top_0
Reading in option: pick_column1_left_0
Reading in option: pick_column1_right_0
Reading in option: pick_column1_front_270
Reading in option: pick_column2_top_0
Reading in option: pick_column2_left_0
Reading in option: pick_column2_right_0
Reading in option: pick_column2_front_270
Reading in option: place_goal_0_top_0
Reading in option: place_goal_0_left_0
Reading in option: place_goal_0_right_0
Reading in option: place_goal_0_front_270
Reading in option: place_goal_1_top_0
Reading in option: place_goal_1_left_0
Reading in option: place_goal_1_right_0
Reading in option: place_goal_1_front_270
Reading in option: place_goal_2_top_0
Reading in option: place_goal_2_left_0
Reading in option: place_goal_2_right_0
Reading in option: place_goal_2_front_270
Reading in option: place_region_0_top_0
Reading in option: place_region_0_left_0
Reading in option: place_region_0_right_0
Reading in option: place_region_0_front_270
Reading in option: place_region_1_top_0
Reading in option: place_region_1_left_0
Reading in option: place_region_1_right_0
Reading in option: place_region_1_front_270
Reading in option: place_region_2_top_0
Reading in option: place_region_2_left_0
Reading in option: place_region_2_right_0
Reading in option: place_region_2_front_270
Creating MDP...
Synthesising Policy...
Step 0
State fingerprint: frozenset({('/column2', '/region_1'), ('/column0', '/region_0'), ('/column1', '/region_2')})
policy state State(column0: region_0, column1: region_2, column2: region_1)
policy value 13.613691116061208
State(column0: region_0, column1: region_2, column2: region_1)
pick_column0_front_270
Action: Action(ActionType.PICK, obj=/column0, slot=None,grasp=GraspType.FRONT_270)
[EXEC] Picking /column0 with front_270

[INFO] Found 4736 potential configurations.
[INFO] Motion completed successfully with result: success,in execution time: 4.56 seconds
[INFO] Found a reachable configuration for pick action after 1 attempts.
Tip distance after pick: 0.021221407423191025
[INFO] Pick action completed successfully.in execution time: 4.56 seconds
[EXEC] Action ActionType.PICK executed in 13.01 seconds
[SUCCESS] Action ActionType.PICK succeeded for object /column0
Action duration: 4.56
reward 4.56
[LOG] Transition logged to MongoDB: 42446c84-281e-44e4-a59f-5beaf841bf45 - Episode 0
Step 2
State fingerprint: frozenset({('/column2', '/region_1'), ('/column0', 'held'), ('/column1', '/region_2')})
policy state State(column0: held, column1: region_2, column2: region_1)
policy value 12.188317373523834
State(column0: held, column1: region_2, column2: region_1)
place_goal_1_top_0
Action: Action(ActionType.PLACE, obj=/column0, slot=/goal_1,grasp=GraspType.TOP_0)
[EXEC] Placing at [-0.2749999999999999, 1.0750000000000006, 0.5] with grasp top_0

[INFO] Found 1600 potential configurations.
[INFO] Motion completed successfully with result: success,in execution time: 5.16 seconds
[INFO] Found a reachable configuration for place action after 1 attempts.
[INFO] Place action completed successfully.
realigning placed object /column0 to target position
[EXEC] Action ActionType.PLACE executed in 23.85 seconds
[SUCCESS] Action ActionType.PLACE succeeded for object /column0
Action duration: 5.1599999999999
reward 5.1599999999999
[LOG] Transition logged to MongoDB: 42446c84-281e-44e4-a59f-5beaf841bf45 - Episode 0
Step 4
State fingerprint: frozenset({('/column1', '/region_2'), ('/column2', '/region_1'), ('/column0', '/goal_1')})
policy state State(column0: goal_1, column1: region_2, column2: region_1)
policy value 9.052513925294045
State(column0: goal_1, column1: region_2, column2: region_1)
pick_column2_front_270
Action: Action(ActionType.PICK, obj=/column2, slot=None,grasp=GraspType.FRONT_270)
[EXEC] Picking /column2 with front_270

[INFO] Found 3584 potential configurations.
[WARN] No valid configuration found (all tested configs invalid).
[EXEC] Action ActionType.PICK executed in 2.70 seconds
[ERROR] Action ActionType.PICK failed for object /column2
Action duration: 0.001
reward 0.001
[LOG] Transition logged to MongoDB: 42446c84-281e-44e4-a59f-5beaf841bf45 - Episode 0
Action failed, stopping. Time elapsed: 0.001
Step 6
State fingerprint: frozenset({('/column1', '/region_2'), ('/column2', '/region_1'), ('/column0', '/goal_1')})
State has been visited before, stopping to avoid loops
policy state State(column0: goal_1, column1: region_2, column2: region_1)
policy value 9.052513925294045
State(column0: goal_1, column1: region_2, column2: region_1)
pick_column2_front_270
Action: Action(ActionType.PICK, obj=/column2, slot=None,grasp=GraspType.FRONT_270)
[EXEC] Picking /column2 with front_270

[INFO] Found 3328 potential configurations.
[WARN] No valid configuration found (all tested configs invalid).
[EXEC] Action ActionType.PICK executed in 2.43 seconds
[ERROR] Action ActionType.PICK failed for object /column2
Action duration: 0.001
reward 0.001
[LOG] Transition logged to MongoDB: 42446c84-281e-44e4-a59f-5beaf841bf45 - Episode 0
Action failed, stopping. Time elapsed: 0.001
Goal achieved: False
Goal region occupancy: ['None', '/column0', 'None']
Number of actions: 4
Total task time: 9.721999999999898 sec
connected to simulation
simulation is explicitly stepped
Joint handles retrieved
State(column0: region_0, column1: region_2, column2: region_1)
Reading in option: pick_column0_top_0
Reading in option: pick_column0_left_0
Reading in option: pick_column0_right_0
Reading in option: pick_column0_front_270
Reading in option: pick_column1_top_0
Reading in option: pick_column1_left_0
Reading in option: pick_column1_right_0
Reading in option: pick_column1_front_270
Reading in option: pick_column2_top_0
Reading in option: pick_column2_left_0
Reading in option: pick_column2_right_0
Reading in option: pick_column2_front_270
Reading in option: place_goal_0_top_0
Reading in option: place_goal_0_left_0
Reading in option: place_goal_0_right_0
Reading in option: place_goal_0_front_270
Reading in option: place_goal_1_top_0
Reading in option: place_goal_1_left_0
Reading in option: place_goal_1_right_0
Reading in option: place_goal_1_front_270
Reading in option: place_goal_2_top_0
Reading in option: place_goal_2_left_0
Reading in option: place_goal_2_right_0
Reading in option: place_goal_2_front_270
Reading in option: place_region_0_top_0
Reading in option: place_region_0_left_0
Reading in option: place_region_0_right_0
Reading in option: place_region_0_front_270
Reading in option: place_region_1_top_0
Reading in option: place_region_1_left_0
Reading in option: place_region_1_right_0
Reading in option: place_region_1_front_270
Reading in option: place_region_2_top_0
Reading in option: place_region_2_left_0
Reading in option: place_region_2_right_0
Reading in option: place_region_2_front_270
Creating MDP...
Synthesising Policy...
Step 0
State fingerprint: frozenset({('/column2', '/region_1'), ('/column0', '/region_0'), ('/column1', '/region_2')})
policy state State(column0: region_0, column1: region_2, column2: region_1)
policy value 13.613691116278456
State(column0: region_0, column1: region_2, column2: region_1)
pick_column0_front_270
Action: Action(ActionType.PICK, obj=/column0, slot=None,grasp=GraspType.FRONT_270)
[EXEC] Picking /column0 with front_270

[INFO] Found 3648 potential configurations.
[INFO] Motion completed successfully with result: success,in execution time: 4.56 seconds
[INFO] Found a reachable configuration for pick action after 1 attempts.
Tip distance after pick: 0.020892506081610675
[INFO] Pick action completed successfully.in execution time: 4.56 seconds
[EXEC] Action ActionType.PICK executed in 17.60 seconds
[SUCCESS] Action ActionType.PICK succeeded for object /column0
Action duration: 4.56
reward 4.56
[LOG] Transition logged to MongoDB: 42446c84-281e-44e4-a59f-5beaf841bf45 - Episode 0
Step 2
State fingerprint: frozenset({('/column2', '/region_1'), ('/column0', 'held'), ('/column1', '/region_2')})
policy state State(column0: held, column1: region_2, column2: region_1)
policy value 12.188317373741082
State(column0: held, column1: region_2, column2: region_1)
place_goal_1_top_0
Action: Action(ActionType.PLACE, obj=/column0, slot=/goal_1,grasp=GraspType.TOP_0)
[EXEC] Placing at [-0.2749999999999999, 1.0750000000000006, 0.5] with grasp top_0

[INFO] Found 1408 potential configurations.
[ERROR] Motion failed (collision or invalid path)
[ERROR] Motion result: no_path
[WARN] Failed to find a path to the selected place config on attempt 1.
[WARN] No path found to selected place config, discarding and trying next valid config...
[ERROR] Motion failed (collision or invalid path)
[ERROR] Motion result: collision
[WARN] Failed to find a path to the selected place config on attempt 2.
[WARN] No path found to selected place config, discarding and trying next valid config...
[INFO] Motion completed successfully with result: success,in execution time: 16.92 seconds
[INFO] Found a reachable configuration for place action after 3 attempts.
[INFO] Place action completed successfully.
realigning placed object /column0 to target position
[EXEC] Action ActionType.PLACE executed in 61.63 seconds
[SUCCESS] Action ActionType.PLACE succeeded for object /column0
Action duration: 16.92
reward 16.92
[LOG] Transition logged to MongoDB: 42446c84-281e-44e4-a59f-5beaf841bf45 - Episode 0
Step 4
State fingerprint: frozenset({('/column1', '/region_2'), ('/column2', '/region_1'), ('/column0', '/goal_1')})
policy state State(column0: goal_1, column1: region_2, column2: region_1)
policy value 9.05251392550657
State(column0: goal_1, column1: region_2, column2: region_1)
pick_column2_front_270
Action: Action(ActionType.PICK, obj=/column2, slot=None,grasp=GraspType.FRONT_270)
[EXEC] Picking /column2 with front_270

[INFO] Found 2432 potential configurations.
[WARN] No valid configuration found (all tested configs invalid).
[EXEC] Action ActionType.PICK executed in 2.18 seconds
[ERROR] Action ActionType.PICK failed for object /column2
Action duration: 0.001
reward 0.001
[LOG] Transition logged to MongoDB: 42446c84-281e-44e4-a59f-5beaf841bf45 - Episode 0
Action failed, stopping. Time elapsed: 0.001
Step 6
State fingerprint: frozenset({('/column1', '/region_2'), ('/column2', '/region_1'), ('/column0', '/goal_1')})
State has been visited before, stopping to avoid loops
policy state State(column0: goal_1, column1: region_2, column2: region_1)
policy value 9.05251392550657
State(column0: goal_1, column1: region_2, column2: region_1)
pick_column2_front_270
Action: Action(ActionType.PICK, obj=/column2, slot=None,grasp=GraspType.FRONT_270)
[EXEC] Picking /column2 with front_270

[INFO] Found 3776 potential configurations.
[WARN] No valid configuration found (all tested configs invalid).
[EXEC] Action ActionType.PICK executed in 2.53 seconds
[ERROR] Action ActionType.PICK failed for object /column2
Action duration: 0.001
reward 0.001
[LOG] Transition logged to MongoDB: 42446c84-281e-44e4-a59f-5beaf841bf45 - Episode 0
Action failed, stopping. Time elapsed: 0.001
Goal achieved: False
Goal region occupancy: ['None', '/column0', 'None']
Number of actions: 4
Total task time: 21.482000000000003 sec
connected to simulation
simulation is explicitly stepped
Joint handles retrieved
State(column0: region_0, column1: region_2, column2: region_1)
Reading in option: pick_column0_top_0
Reading in option: pick_column0_left_0
Reading in option: pick_column0_right_0
Reading in option: pick_column0_front_270
Reading in option: pick_column1_top_0
Reading in option: pick_column1_left_0
Reading in option: pick_column1_right_0
Reading in option: pick_column1_front_270
Reading in option: pick_column2_top_0
Reading in option: pick_column2_left_0
Reading in option: pick_column2_right_0
Reading in option: pick_column2_front_270
Reading in option: place_goal_0_top_0
Reading in option: place_goal_0_left_0
Reading in option: place_goal_0_right_0
Reading in option: place_goal_0_front_270
Reading in option: place_goal_1_top_0
Reading in option: place_goal_1_left_0
Reading in option: place_goal_1_right_0
Reading in option: place_goal_1_front_270
Reading in option: place_goal_2_top_0
Reading in option: place_goal_2_left_0
Reading in option: place_goal_2_right_0
Reading in option: place_goal_2_front_270
Reading in option: place_region_0_top_0
Reading in option: place_region_0_left_0
Reading in option: place_region_0_right_0
Reading in option: place_region_0_front_270
Reading in option: place_region_1_top_0
Reading in option: place_region_1_left_0
Reading in option: place_region_1_right_0
Reading in option: place_region_1_front_270
Reading in option: place_region_2_top_0
Reading in option: place_region_2_left_0
Reading in option: place_region_2_right_0
Reading in option: place_region_2_front_270
Creating MDP...
Synthesising Policy...
Step 0
State fingerprint: frozenset({('/column2', '/region_1'), ('/column0', '/region_0'), ('/column1', '/region_2')})
policy state State(column0: region_0, column1: region_2, column2: region_1)
policy value 13.613691116047127
State(column0: region_0, column1: region_2, column2: region_1)
pick_column0_front_270
Action: Action(ActionType.PICK, obj=/column0, slot=None,grasp=GraspType.FRONT_270)
[EXEC] Picking /column0 with front_270

[INFO] Found 4288 potential configurations.
[INFO] Motion completed successfully with result: success,in execution time: 4.56 seconds
[INFO] Found a reachable configuration for pick action after 1 attempts.
Tip distance after pick: 0.021049842019271448
[INFO] Pick action completed successfully.in execution time: 4.56 seconds
[EXEC] Action ActionType.PICK executed in 13.93 seconds
[SUCCESS] Action ActionType.PICK succeeded for object /column0
Action duration: 4.56
reward 4.56
[LOG] Transition logged to MongoDB: 42446c84-281e-44e4-a59f-5beaf841bf45 - Episode 0
Step 2
State fingerprint: frozenset({('/column2', '/region_1'), ('/column0', 'held'), ('/column1', '/region_2')})
policy state State(column0: held, column1: region_2, column2: region_1)
policy value 12.188317373509753
State(column0: held, column1: region_2, column2: region_1)
place_goal_1_top_0
Action: Action(ActionType.PLACE, obj=/column0, slot=/goal_1,grasp=GraspType.TOP_0)
[EXEC] Placing at [-0.2749999999999999, 1.0750000000000006, 0.5] with grasp top_0

[INFO] Found 2496 potential configurations.
[ERROR] Motion failed (collision or invalid path)
[ERROR] Motion result: collision
[WARN] Failed to find a path to the selected place config on attempt 1.
[WARN] No path found to selected place config, discarding and trying next valid config...
[INFO] Motion completed successfully with result: success,in execution time: 7.36 seconds
[INFO] Found a reachable configuration for place action after 2 attempts.
[INFO] Place action completed successfully.
realigning placed object /column0 to target position
[EXEC] Action ActionType.PLACE executed in 41.61 seconds
[SUCCESS] Action ActionType.PLACE succeeded for object /column0
Action duration: 7.3599999999998
reward 7.3599999999998
[LOG] Transition logged to MongoDB: 42446c84-281e-44e4-a59f-5beaf841bf45 - Episode 0
Step 4
State fingerprint: frozenset({('/column1', '/region_2'), ('/column2', '/region_1'), ('/column0', '/goal_1')})
policy state State(column0: goal_1, column1: region_2, column2: region_1)
policy value 9.05251392528051
State(column0: goal_1, column1: region_2, column2: region_1)
pick_column2_front_270
Action: Action(ActionType.PICK, obj=/column2, slot=None,grasp=GraspType.FRONT_270)
[EXEC] Picking /column2 with front_270

[INFO] Found 3264 potential configurations.
[WARN] No valid configuration found (all tested configs invalid).
[EXEC] Action ActionType.PICK executed in 2.53 seconds
[ERROR] Action ActionType.PICK failed for object /column2
Action duration: 0.001
reward 0.001
[LOG] Transition logged to MongoDB: 42446c84-281e-44e4-a59f-5beaf841bf45 - Episode 0
Action failed, stopping. Time elapsed: 0.001
Step 6
State fingerprint: frozenset({('/column1', '/region_2'), ('/column2', '/region_1'), ('/column0', '/goal_1')})
State has been visited before, stopping to avoid loops
policy state State(column0: goal_1, column1: region_2, column2: region_1)
policy value 9.05251392528051
State(column0: goal_1, column1: region_2, column2: region_1)
pick_column2_front_270
Action: Action(ActionType.PICK, obj=/column2, slot=None,grasp=GraspType.FRONT_270)
[EXEC] Picking /column2 with front_270

[INFO] Found 3136 potential configurations.
[WARN] No valid configuration found (all tested configs invalid).
[EXEC] Action ActionType.PICK executed in 2.20 seconds
[ERROR] Action ActionType.PICK failed for object /column2
Action duration: 0.001
reward 0.001
[LOG] Transition logged to MongoDB: 42446c84-281e-44e4-a59f-5beaf841bf45 - Episode 0
Action failed, stopping. Time elapsed: 0.001
Goal achieved: False
Goal region occupancy: ['None', '/column0', 'None']
Number of actions: 4
Total task time: 11.921999999999798 sec
connected to simulation
simulation is explicitly stepped
Joint handles retrieved
State(column0: region_0, column1: region_2, column2: region_1)
Reading in option: pick_column0_top_0
Reading in option: pick_column0_left_0
Reading in option: pick_column0_right_0
Reading in option: pick_column0_front_270
Reading in option: pick_column1_top_0
Reading in option: pick_column1_left_0
Reading in option: pick_column1_right_0
Reading in option: pick_column1_front_270
Reading in option: pick_column2_top_0
Reading in option: pick_column2_left_0
Reading in option: pick_column2_right_0
Reading in option: pick_column2_front_270
Reading in option: place_goal_0_top_0
Reading in option: place_goal_0_left_0
Reading in option: place_goal_0_right_0
Reading in option: place_goal_0_front_270
Reading in option: place_goal_1_top_0
Reading in option: place_goal_1_left_0
Reading in option: place_goal_1_right_0
Reading in option: place_goal_1_front_270
Reading in option: place_goal_2_top_0
Reading in option: place_goal_2_left_0
Reading in option: place_goal_2_right_0
Reading in option: place_goal_2_front_270
Reading in option: place_region_0_top_0
Reading in option: place_region_0_left_0
Reading in option: place_region_0_right_0
Reading in option: place_region_0_front_270
Reading in option: place_region_1_top_0
Reading in option: place_region_1_left_0
Reading in option: place_region_1_right_0
Reading in option: place_region_1_front_270
Reading in option: place_region_2_top_0
Reading in option: place_region_2_left_0
Reading in option: place_region_2_right_0
Reading in option: place_region_2_front_270
Creating MDP...
Synthesising Policy...
Step 0
State fingerprint: frozenset({('/column2', '/region_1'), ('/column0', '/region_0'), ('/column1', '/region_2')})
policy state State(column0: region_0, column1: region_2, column2: region_1)
policy value 13.613691116278401
State(column0: region_0, column1: region_2, column2: region_1)
pick_column0_front_270
Action: Action(ActionType.PICK, obj=/column0, slot=None,grasp=GraspType.FRONT_270)
[EXEC] Picking /column0 with front_270

[INFO] Found 4416 potential configurations.
[INFO] Motion completed successfully with result: success,in execution time: 4.56 seconds
[INFO] Found a reachable configuration for pick action after 1 attempts.
Tip distance after pick: 0.020868566961817353
[INFO] Pick action completed successfully.in execution time: 4.56 seconds
[EXEC] Action ActionType.PICK executed in 17.27 seconds
[SUCCESS] Action ActionType.PICK succeeded for object /column0
Action duration: 4.56
reward 4.56
[LOG] Transition logged to MongoDB: 42446c84-281e-44e4-a59f-5beaf841bf45 - Episode 0
Step 2
State fingerprint: frozenset({('/column2', '/region_1'), ('/column0', 'held'), ('/column1', '/region_2')})
policy state State(column0: held, column1: region_2, column2: region_1)
policy value 12.188317373741027
State(column0: held, column1: region_2, column2: region_1)
place_goal_1_top_0
Action: Action(ActionType.PLACE, obj=/column0, slot=/goal_1,grasp=GraspType.TOP_0)
[EXEC] Placing at [-0.2749999999999999, 1.0750000000000006, 0.5] with grasp top_0

[INFO] Found 1728 potential configurations.
[INFO] Motion completed successfully with result: success,in execution time: 10.56 seconds
[INFO] Found a reachable configuration for place action after 1 attempts.
[INFO] Place action completed successfully.
realigning placed object /column0 to target position
[EXEC] Action ActionType.PLACE executed in 28.15 seconds
[SUCCESS] Action ActionType.PLACE succeeded for object /column0
Action duration: 10.56
reward 10.56
[LOG] Transition logged to MongoDB: 42446c84-281e-44e4-a59f-5beaf841bf45 - Episode 0
Step 4
State fingerprint: frozenset({('/column1', '/region_2'), ('/column2', '/region_1'), ('/column0', '/goal_1')})
policy state State(column0: goal_1, column1: region_2, column2: region_1)
policy value 9.052513925506512
State(column0: goal_1, column1: region_2, column2: region_1)
pick_column2_front_270
Action: Action(ActionType.PICK, obj=/column2, slot=None,grasp=GraspType.FRONT_270)
[EXEC] Picking /column2 with front_270

[INFO] Found 3584 potential configurations.
[WARN] No valid configuration found (all tested configs invalid).
[EXEC] Action ActionType.PICK executed in 2.81 seconds
[ERROR] Action ActionType.PICK failed for object /column2
Action duration: 0.001
reward 0.001
[LOG] Transition logged to MongoDB: 42446c84-281e-44e4-a59f-5beaf841bf45 - Episode 0
Action failed, stopping. Time elapsed: 0.001
Step 6
State fingerprint: frozenset({('/column1', '/region_2'), ('/column2', '/region_1'), ('/column0', '/goal_1')})
State has been visited before, stopping to avoid loops
policy state State(column0: goal_1, column1: region_2, column2: region_1)
policy value 9.052513925506512
State(column0: goal_1, column1: region_2, column2: region_1)
pick_column2_front_270
Action: Action(ActionType.PICK, obj=/column2, slot=None,grasp=GraspType.FRONT_270)
[EXEC] Picking /column2 with front_270

[INFO] Found 3072 potential configurations.
[WARN] No valid configuration found (all tested configs invalid).
[EXEC] Action ActionType.PICK executed in 2.27 seconds
[ERROR] Action ActionType.PICK failed for object /column2
Action duration: 0.001
reward 0.001
[LOG] Transition logged to MongoDB: 42446c84-281e-44e4-a59f-5beaf841bf45 - Episode 0
Action failed, stopping. Time elapsed: 0.001
Goal achieved: False
Goal region occupancy: ['None', '/column0', 'None']
Number of actions: 4
Total task time: 15.122 sec
connected to simulation
simulation is explicitly stepped
Joint handles retrieved
State(column0: region_0, column1: region_2, column2: region_1)
Reading in option: pick_column0_top_0
Reading in option: pick_column0_left_0
Reading in option: pick_column0_right_0
Reading in option: pick_column0_front_270
Reading in option: pick_column1_top_0
Reading in option: pick_column1_left_0
Reading in option: pick_column1_right_0
Reading in option: pick_column1_front_270
Reading in option: pick_column2_top_0
Reading in option: pick_column2_left_0
Reading in option: pick_column2_right_0
Reading in option: pick_column2_front_270
Reading in option: place_goal_0_top_0
Reading in option: place_goal_0_left_0
Reading in option: place_goal_0_right_0
Reading in option: place_goal_0_front_270
Reading in option: place_goal_1_top_0
Reading in option: place_goal_1_left_0
Reading in option: place_goal_1_right_0
Reading in option: place_goal_1_front_270
Reading in option: place_goal_2_top_0
Reading in option: place_goal_2_left_0
Reading in option: place_goal_2_right_0
Reading in option: place_goal_2_front_270
Reading in option: place_region_0_top_0
Reading in option: place_region_0_left_0
Reading in option: place_region_0_right_0
Reading in option: place_region_0_front_270
Reading in option: place_region_1_top_0
Reading in option: place_region_1_left_0
Reading in option: place_region_1_right_0
Reading in option: place_region_1_front_270
Reading in option: place_region_2_top_0
Reading in option: place_region_2_left_0
Reading in option: place_region_2_right_0
Reading in option: place_region_2_front_270
Creating MDP...
Synthesising Policy...
Step 0
State fingerprint: frozenset({('/column2', '/region_1'), ('/column0', '/region_0'), ('/column1', '/region_2')})
policy state State(column0: region_0, column1: region_2, column2: region_1)
policy value 13.613691116061275
State(column0: region_0, column1: region_2, column2: region_1)
pick_column0_front_270
Action: Action(ActionType.PICK, obj=/column0, slot=None,grasp=GraspType.FRONT_270)
[EXEC] Picking /column0 with front_270

[INFO] Found 5696 potential configurations.
[INFO] Motion completed successfully with result: success,in execution time: 4.52 seconds
[INFO] Found a reachable configuration for pick action after 1 attempts.
Tip distance after pick: 0.021131952985769822
[INFO] Pick action completed successfully.in execution time: 4.52 seconds
[EXEC] Action ActionType.PICK executed in 12.73 seconds
[SUCCESS] Action ActionType.PICK succeeded for object /column0
Action duration: 4.52
reward 4.52
[LOG] Transition logged to MongoDB: 42446c84-281e-44e4-a59f-5beaf841bf45 - Episode 0
Step 2
State fingerprint: frozenset({('/column2', '/region_1'), ('/column0', 'held'), ('/column1', '/region_2')})
policy state State(column0: held, column1: region_2, column2: region_1)
policy value 12.188317373523901
State(column0: held, column1: region_2, column2: region_1)
place_goal_1_top_0
Action: Action(ActionType.PLACE, obj=/column0, slot=/goal_1,grasp=GraspType.TOP_0)
[EXEC] Placing at [-0.2749999999999999, 1.0750000000000006, 0.5] with grasp top_0

[INFO] Found 1920 potential configurations.
[INFO] Motion completed successfully with result: success,in execution time: 9.00 seconds
[INFO] Found a reachable configuration for place action after 1 attempts.
[INFO] Place action completed successfully.
realigning placed object /column0 to target position
[EXEC] Action ActionType.PLACE executed in 26.38 seconds
[SUCCESS] Action ActionType.PLACE succeeded for object /column0
Action duration: 8.9999999999998
reward 8.9999999999998
[LOG] Transition logged to MongoDB: 42446c84-281e-44e4-a59f-5beaf841bf45 - Episode 0
Step 4
State fingerprint: frozenset({('/column1', '/region_2'), ('/column2', '/region_1'), ('/column0', '/goal_1')})
policy state State(column0: goal_1, column1: region_2, column2: region_1)
policy value 9.052513925294107
State(column0: goal_1, column1: region_2, column2: region_1)
pick_column2_front_270
Action: Action(ActionType.PICK, obj=/column2, slot=None,grasp=GraspType.FRONT_270)
[EXEC] Picking /column2 with front_270

[INFO] Found 2048 potential configurations.
[WARN] No valid configuration found (all tested configs invalid).
[EXEC] Action ActionType.PICK executed in 1.92 seconds
[ERROR] Action ActionType.PICK failed for object /column2
Action duration: 0.001
reward 0.001
[LOG] Transition logged to MongoDB: 42446c84-281e-44e4-a59f-5beaf841bf45 - Episode 0
Action failed, stopping. Time elapsed: 0.001
Step 6
State fingerprint: frozenset({('/column1', '/region_2'), ('/column2', '/region_1'), ('/column0', '/goal_1')})
State has been visited before, stopping to avoid loops
policy state State(column0: goal_1, column1: region_2, column2: region_1)
policy value 9.052513925294107
State(column0: goal_1, column1: region_2, column2: region_1)
pick_column2_front_270
Action: Action(ActionType.PICK, obj=/column2, slot=None,grasp=GraspType.FRONT_270)
[EXEC] Picking /column2 with front_270

[INFO] Found 3456 potential configurations.
[WARN] No valid configuration found (all tested configs invalid).
[EXEC] Action ActionType.PICK executed in 2.40 seconds
[ERROR] Action ActionType.PICK failed for object /column2
Action duration: 0.001
reward 0.001
[LOG] Transition logged to MongoDB: 42446c84-281e-44e4-a59f-5beaf841bf45 - Episode 0
Action failed, stopping. Time elapsed: 0.001
Goal achieved: False
Goal region occupancy: ['None', '/column0', 'None']
Number of actions: 4
Total task time: 13.521999999999798 sec
connected to simulation
simulation is explicitly stepped
Joint handles retrieved
State(column0: region_0, column1: region_2, column2: region_1)
Reading in option: pick_column0_top_0
Reading in option: pick_column0_left_0
Reading in option: pick_column0_right_0
Reading in option: pick_column0_front_270
Reading in option: pick_column1_top_0
Reading in option: pick_column1_left_0
Reading in option: pick_column1_right_0
Reading in option: pick_column1_front_270
Reading in option: pick_column2_top_0
Reading in option: pick_column2_left_0
Reading in option: pick_column2_right_0
Reading in option: pick_column2_front_270
Reading in option: place_goal_0_top_0
Reading in option: place_goal_0_left_0
Reading in option: place_goal_0_right_0
Reading in option: place_goal_0_front_270
Reading in option: place_goal_1_top_0
Reading in option: place_goal_1_left_0
Reading in option: place_goal_1_right_0
Reading in option: place_goal_1_front_270
Reading in option: place_goal_2_top_0
Reading in option: place_goal_2_left_0
Reading in option: place_goal_2_right_0
Reading in option: place_goal_2_front_270
Reading in option: place_region_0_top_0
Reading in option: place_region_0_left_0
Reading in option: place_region_0_right_0
Reading in option: place_region_0_front_270
Reading in option: place_region_1_top_0
Reading in option: place_region_1_left_0
Reading in option: place_region_1_right_0
Reading in option: place_region_1_front_270
Reading in option: place_region_2_top_0
Reading in option: place_region_2_left_0
Reading in option: place_region_2_right_0
Reading in option: place_region_2_front_270
Creating MDP...
Synthesising Policy...
Step 0
State fingerprint: frozenset({('/column2', '/region_1'), ('/column0', '/region_0'), ('/column1', '/region_2')})
policy state State(column0: region_0, column1: region_2, column2: region_1)
policy value 13.613690592868332
State(column0: region_0, column1: region_2, column2: region_1)
pick_column0_front_270
Action: Action(ActionType.PICK, obj=/column0, slot=None,grasp=GraspType.FRONT_270)
[EXEC] Picking /column0 with front_270

[INFO] Found 4352 potential configurations.
[INFO] Motion completed successfully with result: success,in execution time: 4.52 seconds
[INFO] Found a reachable configuration for pick action after 1 attempts.
Tip distance after pick: 0.021747852393572978
[INFO] Pick action completed successfully.in execution time: 4.52 seconds
[EXEC] Action ActionType.PICK executed in 14.24 seconds
[SUCCESS] Action ActionType.PICK succeeded for object /column0
Action duration: 4.52
reward 4.52
[LOG] Transition logged to MongoDB: 42446c84-281e-44e4-a59f-5beaf841bf45 - Episode 0
Step 2
State fingerprint: frozenset({('/column2', '/region_1'), ('/column0', 'held'), ('/column1', '/region_2')})
policy state State(column0: held, column1: region_2, column2: region_1)
policy value 12.188316850330958
State(column0: held, column1: region_2, column2: region_1)
place_goal_1_top_0
Action: Action(ActionType.PLACE, obj=/column0, slot=/goal_1,grasp=GraspType.TOP_0)
[EXEC] Placing at [-0.2749999999999999, 1.0750000000000006, 0.5] with grasp top_0

[INFO] Found 2304 potential configurations.
[ERROR] Motion failed (collision or invalid path)
[ERROR] Motion result: collision
[WARN] Failed to find a path to the selected place config on attempt 1.
[WARN] No path found to selected place config, discarding and trying next valid config...
[ERROR] Motion failed (collision or invalid path)
[ERROR] Motion result: no_path
[WARN] Failed to find a path to the selected place config on attempt 2.
[WARN] No path found to selected place config, discarding and trying next valid config...
[ERROR] Motion failed (collision or invalid path)
[ERROR] Motion result: no_path
[WARN] Failed to find a path to the selected place config on attempt 3.
[WARN] No path found to selected place config, discarding and trying next valid config...
[ERROR] Max IK attempts reached, place action failed.
[EXEC] Action ActionType.PLACE executed in 24.07 seconds
[ERROR] Action ActionType.PLACE failed for object /column0
Action duration: 0.001
reward 0.001
[LOG] Transition logged to MongoDB: 42446c84-281e-44e4-a59f-5beaf841bf45 - Episode 0
Action failed, stopping. Time elapsed: 0.001
Step 4
State fingerprint: frozenset({('/column2', '/region_1'), ('/column0', 'held'), ('/column1', '/region_2')})
State has been visited before, stopping to avoid loops
policy state State(column0: held, column1: region_2, column2: region_1)
policy value 12.188316850330958
State(column0: held, column1: region_2, column2: region_1)
place_goal_1_top_0
Action: Action(ActionType.PLACE, obj=/column0, slot=/goal_1,grasp=GraspType.TOP_0)
[EXEC] Placing at [-0.2749999999999999, 1.0750000000000006, 0.5] with grasp top_0

[INFO] Found 1920 potential configurations.
[ERROR] Motion failed (collision or invalid path)
[ERROR] Motion result: no_path
[WARN] Failed to find a path to the selected place config on attempt 1.
[WARN] No path found to selected place config, discarding and trying next valid config...
[ERROR] Motion failed (collision or invalid path)
[ERROR] Motion result: collision
[WARN] Failed to find a path to the selected place config on attempt 2.
[WARN] No path found to selected place config, discarding and trying next valid config...
[ERROR] Motion failed (collision or invalid path)
[ERROR] Motion result: no_path
[WARN] Failed to find a path to the selected place config on attempt 3.
[WARN] No path found to selected place config, discarding and trying next valid config...
[ERROR] Max IK attempts reached, place action failed.
[EXEC] Action ActionType.PLACE executed in 29.69 seconds
[ERROR] Action ActionType.PLACE failed for object /column0
Action duration: 0.001
reward 0.001
[LOG] Transition logged to MongoDB: 42446c84-281e-44e4-a59f-5beaf841bf45 - Episode 0
Action failed, stopping. Time elapsed: 0.001
Goal achieved: False
Goal region occupancy: ['None', 'None', 'None']
Number of actions: 3
Total task time: 4.522 sec
connected to simulation
simulation is explicitly stepped
Joint handles retrieved
State(column0: region_0, column1: region_2, column2: region_1)
Reading in option: pick_column0_top_0
Reading in option: pick_column0_left_0
Reading in option: pick_column0_right_0
Reading in option: pick_column0_front_270
Reading in option: pick_column1_top_0
Reading in option: pick_column1_left_0
Reading in option: pick_column1_right_0
Reading in option: pick_column1_front_270
Reading in option: pick_column2_top_0
Reading in option: pick_column2_left_0
Reading in option: pick_column2_right_0
Reading in option: pick_column2_front_270
Reading in option: place_goal_0_top_0
Reading in option: place_goal_0_left_0
Reading in option: place_goal_0_right_0
Reading in option: place_goal_0_front_270
Reading in option: place_goal_1_top_0
Reading in option: place_goal_1_left_0
Reading in option: place_goal_1_right_0
Reading in option: place_goal_1_front_270
Reading in option: place_goal_2_top_0
Reading in option: place_goal_2_left_0
Reading in option: place_goal_2_right_0
Reading in option: place_goal_2_front_270
Reading in option: place_region_0_top_0
Reading in option: place_region_0_left_0
Reading in option: place_region_0_right_0
Reading in option: place_region_0_front_270
Reading in option: place_region_1_top_0
Reading in option: place_region_1_left_0
Reading in option: place_region_1_right_0
Reading in option: place_region_1_front_270
Reading in option: place_region_2_top_0
Reading in option: place_region_2_left_0
Reading in option: place_region_2_right_0
Reading in option: place_region_2_front_270
Creating MDP...
Synthesising Policy...
Step 0
State fingerprint: frozenset({('/column2', '/region_1'), ('/column0', '/region_0'), ('/column1', '/region_2')})
policy state State(column0: region_0, column1: region_2, column2: region_1)
policy value 13.613691116278401
State(column0: region_0, column1: region_2, column2: region_1)
pick_column0_front_270
Action: Action(ActionType.PICK, obj=/column0, slot=None,grasp=GraspType.FRONT_270)
[EXEC] Picking /column0 with front_270

[INFO] Found 3776 potential configurations.
[INFO] Motion completed successfully with result: success,in execution time: 4.56 seconds
[INFO] Found a reachable configuration for pick action after 1 attempts.
Tip distance after pick: 0.020725845862114206
[INFO] Pick action completed successfully.in execution time: 4.56 seconds
[EXEC] Action ActionType.PICK executed in 16.24 seconds
[SUCCESS] Action ActionType.PICK succeeded for object /column0
Action duration: 4.56
reward 4.56
[LOG] Transition logged to MongoDB: 42446c84-281e-44e4-a59f-5beaf841bf45 - Episode 0
Step 2
State fingerprint: frozenset({('/column2', '/region_1'), ('/column0', 'held'), ('/column1', '/region_2')})
policy state State(column0: held, column1: region_2, column2: region_1)
policy value 12.188317373741027
State(column0: held, column1: region_2, column2: region_1)
place_goal_1_top_0
Action: Action(ActionType.PLACE, obj=/column0, slot=/goal_1,grasp=GraspType.TOP_0)
[EXEC] Placing at [-0.2749999999999999, 1.0750000000000006, 0.5] with grasp top_0

[INFO] Found 2560 potential configurations.
[INFO] Motion completed successfully with result: success,in execution time: 7.52 seconds
[INFO] Found a reachable configuration for place action after 1 attempts.
[INFO] Place action completed successfully.
realigning placed object /column0 to target position
[EXEC] Action ActionType.PLACE executed in 26.39 seconds
[SUCCESS] Action ActionType.PLACE succeeded for object /column0
Action duration: 7.5199999999998
reward 7.5199999999998
[LOG] Transition logged to MongoDB: 42446c84-281e-44e4-a59f-5beaf841bf45 - Episode 0
Step 4
State fingerprint: frozenset({('/column1', '/region_2'), ('/column2', '/region_1'), ('/column0', '/goal_1')})
policy state State(column0: goal_1, column1: region_2, column2: region_1)
policy value 9.05251392550651
State(column0: goal_1, column1: region_2, column2: region_1)
pick_column2_front_270
Action: Action(ActionType.PICK, obj=/column2, slot=None,grasp=GraspType.FRONT_270)
[EXEC] Picking /column2 with front_270

[INFO] Found 2752 potential configurations.
[WARN] No valid configuration found (all tested configs invalid).
[EXEC] Action ActionType.PICK executed in 2.47 seconds
[ERROR] Action ActionType.PICK failed for object /column2
Action duration: 0.001
reward 0.001
[LOG] Transition logged to MongoDB: 42446c84-281e-44e4-a59f-5beaf841bf45 - Episode 0
Action failed, stopping. Time elapsed: 0.001
Step 6
State fingerprint: frozenset({('/column1', '/region_2'), ('/column2', '/region_1'), ('/column0', '/goal_1')})
State has been visited before, stopping to avoid loops
policy state State(column0: goal_1, column1: region_2, column2: region_1)
policy value 9.05251392550651
State(column0: goal_1, column1: region_2, column2: region_1)
pick_column2_front_270
Action: Action(ActionType.PICK, obj=/column2, slot=None,grasp=GraspType.FRONT_270)
[EXEC] Picking /column2 with front_270

[INFO] Found 1856 potential configurations.
[WARN] No valid configuration found (all tested configs invalid).
[EXEC] Action ActionType.PICK executed in 1.76 seconds
[ERROR] Action ActionType.PICK failed for object /column2
Action duration: 0.001
reward 0.001
[LOG] Transition logged to MongoDB: 42446c84-281e-44e4-a59f-5beaf841bf45 - Episode 0
Action failed, stopping. Time elapsed: 0.001
Goal achieved: False
Goal region occupancy: ['None', '/column0', 'None']
Number of actions: 4
Total task time: 12.081999999999798 sec
Running study for permutation 1, at limit 2000
connected to simulation
simulation is explicitly stepped
Joint handles retrieved
State(column0: region_0, column1: region_1, column2: region_2)
Reading in option: pick_column0_top_0
Reading in option: pick_column0_left_0
Reading in option: pick_column0_right_0
Reading in option: pick_column0_front_270
Reading in option: pick_column1_top_0
Reading in option: pick_column1_left_0
Reading in option: pick_column1_right_0
Reading in option: pick_column1_front_270
Reading in option: pick_column2_top_0
Reading in option: pick_column2_left_0
Reading in option: pick_column2_right_0
Reading in option: pick_column2_front_270
Reading in option: place_goal_0_top_0
Reading in option: place_goal_0_left_0
Reading in option: place_goal_0_right_0
Reading in option: place_goal_0_front_270
Reading in option: place_goal_1_top_0
Reading in option: place_goal_1_left_0
Reading in option: place_goal_1_right_0
Reading in option: place_goal_1_front_270
Reading in option: place_goal_2_top_0
Reading in option: place_goal_2_left_0
Reading in option: place_goal_2_right_0
Reading in option: place_goal_2_front_270
Reading in option: place_region_0_top_0
Reading in option: place_region_0_left_0
Reading in option: place_region_0_right_0
Reading in option: place_region_0_front_270
Reading in option: place_region_1_top_0
Reading in option: place_region_1_left_0
Reading in option: place_region_1_right_0
Reading in option: place_region_1_front_270
Reading in option: place_region_2_top_0
Reading in option: place_region_2_left_0
Reading in option: place_region_2_right_0
Reading in option: place_region_2_front_270
Creating MDP...
Synthesising Policy...
Step 0
State fingerprint: frozenset({('/column0', '/region_0'), ('/column2', '/region_2'), ('/column1', '/region_1')})
policy state State(column0: region_0, column1: region_1, column2: region_2)
policy value 14.640429098751548
State(column0: region_0, column1: region_1, column2: region_2)
pick_column1_top_0
Action: Action(ActionType.PICK, obj=/column1, slot=None,grasp=GraspType.TOP_0)
[EXEC] Picking /column1 with top_0

[INFO] Found 576 potential configurations.
[WARN] No valid configuration found (all tested configs invalid).
[EXEC] Action ActionType.PICK executed in 11.72 seconds
[ERROR] Action ActionType.PICK failed for object /column1
Action duration: 0.001
reward 0.001
[LOG] Transition logged to MongoDB: 42446c84-281e-44e4-a59f-5beaf841bf45 - Episode 0
Action failed, stopping. Time elapsed: 0.001
Step 2
State fingerprint: frozenset({('/column0', '/region_0'), ('/column2', '/region_2'), ('/column1', '/region_1')})
State has been visited before, stopping to avoid loops
policy state State(column0: region_0, column1: region_1, column2: region_2)
policy value 14.640429098751548
State(column0: region_0, column1: region_1, column2: region_2)
pick_column1_top_0
Action: Action(ActionType.PICK, obj=/column1, slot=None,grasp=GraspType.TOP_0)
[EXEC] Picking /column1 with top_0

[INFO] Found 576 potential configurations.
[WARN] No valid configuration found (all tested configs invalid).
[EXEC] Action ActionType.PICK executed in 12.07 seconds
[ERROR] Action ActionType.PICK failed for object /column1
Action duration: 0.001
reward 0.001
[LOG] Transition logged to MongoDB: 42446c84-281e-44e4-a59f-5beaf841bf45 - Episode 0
Action failed, stopping. Time elapsed: 0.001
Goal achieved: False
Goal region occupancy: ['None', 'None', 'None']
Number of actions: 2
Total task time: 0.002 sec
connected to simulation
simulation is explicitly stepped
Joint handles retrieved
State(column0: region_0, column1: region_1, column2: region_2)
Reading in option: pick_column0_top_0
Reading in option: pick_column0_left_0
Reading in option: pick_column0_right_0
Reading in option: pick_column0_front_270
Reading in option: pick_column1_top_0
Reading in option: pick_column1_left_0
Reading in option: pick_column1_right_0
Reading in option: pick_column1_front_270
Reading in option: pick_column2_top_0
Reading in option: pick_column2_left_0
Reading in option: pick_column2_right_0
Reading in option: pick_column2_front_270
Reading in option: place_goal_0_top_0
Reading in option: place_goal_0_left_0
Reading in option: place_goal_0_right_0
Reading in option: place_goal_0_front_270
Reading in option: place_goal_1_top_0
Reading in option: place_goal_1_left_0
Reading in option: place_goal_1_right_0
Reading in option: place_goal_1_front_270
Reading in option: place_goal_2_top_0
Reading in option: place_goal_2_left_0
Reading in option: place_goal_2_right_0
Reading in option: place_goal_2_front_270
Reading in option: place_region_0_top_0
Reading in option: place_region_0_left_0
Reading in option: place_region_0_right_0
Reading in option: place_region_0_front_270
Reading in option: place_region_1_top_0
Reading in option: place_region_1_left_0
Reading in option: place_region_1_right_0
Reading in option: place_region_1_front_270
Reading in option: place_region_2_top_0
Reading in option: place_region_2_left_0
Reading in option: place_region_2_right_0
Reading in option: place_region_2_front_270
Creating MDP...
Synthesising Policy...
Step 0
State fingerprint: frozenset({('/column0', '/region_0'), ('/column2', '/region_2'), ('/column1', '/region_1')})
policy state State(column0: region_0, column1: region_1, column2: region_2)
policy value 14.640429638534144
State(column0: region_0, column1: region_1, column2: region_2)
pick_column1_top_0
Action: Action(ActionType.PICK, obj=/column1, slot=None,grasp=GraspType.TOP_0)
[EXEC] Picking /column1 with top_0

[INFO] Found 192 potential configurations.
[WARN] No valid configuration found (all tested configs invalid).
[EXEC] Action ActionType.PICK executed in 5.44 seconds
[ERROR] Action ActionType.PICK failed for object /column1
Action duration: 0.001
reward 0.001
[LOG] Transition logged to MongoDB: 42446c84-281e-44e4-a59f-5beaf841bf45 - Episode 0
Action failed, stopping. Time elapsed: 0.001
Step 2
State fingerprint: frozenset({('/column0', '/region_0'), ('/column2', '/region_2'), ('/column1', '/region_1')})
State has been visited before, stopping to avoid loops
policy state State(column0: region_0, column1: region_1, column2: region_2)
policy value 14.640429638534144
State(column0: region_0, column1: region_1, column2: region_2)
pick_column1_top_0
Action: Action(ActionType.PICK, obj=/column1, slot=None,grasp=GraspType.TOP_0)
[EXEC] Picking /column1 with top_0

[INFO] Found 448 potential configurations.
[WARN] No valid configuration found (all tested configs invalid).
[EXEC] Action ActionType.PICK executed in 9.14 seconds
[ERROR] Action ActionType.PICK failed for object /column1
Action duration: 0.001
reward 0.001
[LOG] Transition logged to MongoDB: 42446c84-281e-44e4-a59f-5beaf841bf45 - Episode 0
Action failed, stopping. Time elapsed: 0.001
Goal achieved: False
Goal region occupancy: ['None', 'None', 'None']
Number of actions: 2
Total task time: 0.002 sec
connected to simulation
simulation is explicitly stepped
Joint handles retrieved
State(column0: region_0, column1: region_1, column2: region_2)
Reading in option: pick_column0_top_0
Reading in option: pick_column0_left_0
Reading in option: pick_column0_right_0
Reading in option: pick_column0_front_270
Reading in option: pick_column1_top_0
Reading in option: pick_column1_left_0
Reading in option: pick_column1_right_0
Reading in option: pick_column1_front_270
Reading in option: pick_column2_top_0
Reading in option: pick_column2_left_0
Reading in option: pick_column2_right_0
Reading in option: pick_column2_front_270
Reading in option: place_goal_0_top_0
Reading in option: place_goal_0_left_0
Reading in option: place_goal_0_right_0
Reading in option: place_goal_0_front_270
Reading in option: place_goal_1_top_0
Reading in option: place_goal_1_left_0
Reading in option: place_goal_1_right_0
Reading in option: place_goal_1_front_270
Reading in option: place_goal_2_top_0
Reading in option: place_goal_2_left_0
Reading in option: place_goal_2_right_0
Reading in option: place_goal_2_front_270
Reading in option: place_region_0_top_0
Reading in option: place_region_0_left_0
Reading in option: place_region_0_right_0
Reading in option: place_region_0_front_270
Reading in option: place_region_1_top_0
Reading in option: place_region_1_left_0
Reading in option: place_region_1_right_0
Reading in option: place_region_1_front_270
Reading in option: place_region_2_top_0
Reading in option: place_region_2_left_0
Reading in option: place_region_2_right_0
Reading in option: place_region_2_front_270
Creating MDP...
Synthesising Policy...
Step 0
State fingerprint: frozenset({('/column0', '/region_0'), ('/column2', '/region_2'), ('/column1', '/region_1')})
policy state State(column0: region_0, column1: region_1, column2: region_2)
policy value 14.640429046408183
State(column0: region_0, column1: region_1, column2: region_2)
pick_column1_top_0
Action: Action(ActionType.PICK, obj=/column1, slot=None,grasp=GraspType.TOP_0)
[EXEC] Picking /column1 with top_0

[INFO] Found 704 potential configurations.
[WARN] No valid configuration found (all tested configs invalid).
[EXEC] Action ActionType.PICK executed in 14.86 seconds
[ERROR] Action ActionType.PICK failed for object /column1
Action duration: 0.001
reward 0.001
[LOG] Transition logged to MongoDB: 42446c84-281e-44e4-a59f-5beaf841bf45 - Episode 0
Action failed, stopping. Time elapsed: 0.001
Step 2
State fingerprint: frozenset({('/column0', '/region_0'), ('/column2', '/region_2'), ('/column1', '/region_1')})
State has been visited before, stopping to avoid loops
policy state State(column0: region_0, column1: region_1, column2: region_2)
policy value 14.640429046408183
State(column0: region_0, column1: region_1, column2: region_2)
pick_column1_top_0
Action: Action(ActionType.PICK, obj=/column1, slot=None,grasp=GraspType.TOP_0)
[EXEC] Picking /column1 with top_0

[INFO] Found 448 potential configurations.
[WARN] No valid configuration found (all tested configs invalid).
[EXEC] Action ActionType.PICK executed in 9.35 seconds
[ERROR] Action ActionType.PICK failed for object /column1
Action duration: 0.001
reward 0.001
[LOG] Transition logged to MongoDB: 42446c84-281e-44e4-a59f-5beaf841bf45 - Episode 0
Action failed, stopping. Time elapsed: 0.001
Goal achieved: False
Goal region occupancy: ['None', 'None', 'None']
Number of actions: 2
Total task time: 0.002 sec
connected to simulation
simulation is explicitly stepped
Joint handles retrieved
State(column0: region_0, column1: region_1, column2: region_2)
Reading in option: pick_column0_top_0
Reading in option: pick_column0_left_0
Reading in option: pick_column0_right_0
Reading in option: pick_column0_front_270
Reading in option: pick_column1_top_0
Reading in option: pick_column1_left_0
Reading in option: pick_column1_right_0
Reading in option: pick_column1_front_270
Reading in option: pick_column2_top_0
Reading in option: pick_column2_left_0
Reading in option: pick_column2_right_0
Reading in option: pick_column2_front_270
Reading in option: place_goal_0_top_0
Reading in option: place_goal_0_left_0
Reading in option: place_goal_0_right_0
Reading in option: place_goal_0_front_270
Reading in option: place_goal_1_top_0
Reading in option: place_goal_1_left_0
Reading in option: place_goal_1_right_0
Reading in option: place_goal_1_front_270
Reading in option: place_goal_2_top_0
Reading in option: place_goal_2_left_0
Reading in option: place_goal_2_right_0
Reading in option: place_goal_2_front_270
Reading in option: place_region_0_top_0
Reading in option: place_region_0_left_0
Reading in option: place_region_0_right_0
Reading in option: place_region_0_front_270
Reading in option: place_region_1_top_0
Reading in option: place_region_1_left_0
Reading in option: place_region_1_right_0
Reading in option: place_region_1_front_270
Reading in option: place_region_2_top_0
Reading in option: place_region_2_left_0
Reading in option: place_region_2_right_0
Reading in option: place_region_2_front_270
Creating MDP...
Synthesising Policy...
Step 0
State fingerprint: frozenset({('/column0', '/region_0'), ('/column2', '/region_2'), ('/column1', '/region_1')})
policy state State(column0: region_0, column1: region_1, column2: region_2)
policy value 14.640429682462301
State(column0: region_0, column1: region_1, column2: region_2)
pick_column1_top_0
Action: Action(ActionType.PICK, obj=/column1, slot=None,grasp=GraspType.TOP_0)
[EXEC] Picking /column1 with top_0

[INFO] Found 384 potential configurations.
[WARN] No valid configuration found (all tested configs invalid).
[EXEC] Action ActionType.PICK executed in 9.44 seconds
[ERROR] Action ActionType.PICK failed for object /column1
Action duration: 0.001
reward 0.001
[LOG] Transition logged to MongoDB: 42446c84-281e-44e4-a59f-5beaf841bf45 - Episode 0
Action failed, stopping. Time elapsed: 0.001
Step 2
State fingerprint: frozenset({('/column0', '/region_0'), ('/column2', '/region_2'), ('/column1', '/region_1')})
State has been visited before, stopping to avoid loops
policy state State(column0: region_0, column1: region_1, column2: region_2)
policy value 14.640429682462301
State(column0: region_0, column1: region_1, column2: region_2)
pick_column1_top_0
Action: Action(ActionType.PICK, obj=/column1, slot=None,grasp=GraspType.TOP_0)
[EXEC] Picking /column1 with top_0

[INFO] Found 384 potential configurations.
[WARN] No valid configuration found (all tested configs invalid).
[EXEC] Action ActionType.PICK executed in 8.01 seconds
[ERROR] Action ActionType.PICK failed for object /column1
Action duration: 0.001
reward 0.001
[LOG] Transition logged to MongoDB: 42446c84-281e-44e4-a59f-5beaf841bf45 - Episode 0
Action failed, stopping. Time elapsed: 0.001
Goal achieved: False
Goal region occupancy: ['None', 'None', 'None']
Number of actions: 2
Total task time: 0.002 sec
connected to simulation
simulation is explicitly stepped
Joint handles retrieved
State(column0: region_0, column1: region_1, column2: region_2)
Reading in option: pick_column0_top_0
Reading in option: pick_column0_left_0
Reading in option: pick_column0_right_0
Reading in option: pick_column0_front_270
Reading in option: pick_column1_top_0
Reading in option: pick_column1_left_0
Reading in option: pick_column1_right_0
Reading in option: pick_column1_front_270
Reading in option: pick_column2_top_0
Reading in option: pick_column2_left_0
Reading in option: pick_column2_right_0
Reading in option: pick_column2_front_270
Reading in option: place_goal_0_top_0
Reading in option: place_goal_0_left_0
Reading in option: place_goal_0_right_0
Reading in option: place_goal_0_front_270
Reading in option: place_goal_1_top_0
Reading in option: place_goal_1_left_0
Reading in option: place_goal_1_right_0
Reading in option: place_goal_1_front_270
Reading in option: place_goal_2_top_0
Reading in option: place_goal_2_left_0
Reading in option: place_goal_2_right_0
Reading in option: place_goal_2_front_270
Reading in option: place_region_0_top_0
Reading in option: place_region_0_left_0
Reading in option: place_region_0_right_0
Reading in option: place_region_0_front_270
Reading in option: place_region_1_top_0
Reading in option: place_region_1_left_0
Reading in option: place_region_1_right_0
Reading in option: place_region_1_front_270
Reading in option: place_region_2_top_0
Reading in option: place_region_2_left_0
Reading in option: place_region_2_right_0
Reading in option: place_region_2_front_270
Creating MDP...
Synthesising Policy...
Step 0
State fingerprint: frozenset({('/column0', '/region_0'), ('/column2', '/region_2'), ('/column1', '/region_1')})
policy state State(column0: region_0, column1: region_1, column2: region_2)
policy value 14.640429647144321
State(column0: region_0, column1: region_1, column2: region_2)
pick_column1_top_0
Action: Action(ActionType.PICK, obj=/column1, slot=None,grasp=GraspType.TOP_0)
[EXEC] Picking /column1 with top_0

[INFO] Found 128 potential configurations.
[WARN] No valid configuration found (all tested configs invalid).
[EXEC] Action ActionType.PICK executed in 3.47 seconds
[ERROR] Action ActionType.PICK failed for object /column1
Action duration: 0.001
reward 0.001
[LOG] Transition logged to MongoDB: 42446c84-281e-44e4-a59f-5beaf841bf45 - Episode 0
Action failed, stopping. Time elapsed: 0.001
Step 2
State fingerprint: frozenset({('/column0', '/region_0'), ('/column2', '/region_2'), ('/column1', '/region_1')})
State has been visited before, stopping to avoid loops
policy state State(column0: region_0, column1: region_1, column2: region_2)
policy value 14.640429647144321
State(column0: region_0, column1: region_1, column2: region_2)
pick_column1_top_0
Action: Action(ActionType.PICK, obj=/column1, slot=None,grasp=GraspType.TOP_0)
[EXEC] Picking /column1 with top_0

[INFO] Found 640 potential configurations.
[WARN] No valid configuration found (all tested configs invalid).
[EXEC] Action ActionType.PICK executed in 12.85 seconds
[ERROR] Action ActionType.PICK failed for object /column1
Action duration: 0.001
reward 0.001
[LOG] Transition logged to MongoDB: 42446c84-281e-44e4-a59f-5beaf841bf45 - Episode 0
Action failed, stopping. Time elapsed: 0.001
Goal achieved: False
Goal region occupancy: ['None', 'None', 'None']
Number of actions: 2
Total task time: 0.002 sec
connected to simulation
simulation is explicitly stepped
Joint handles retrieved
State(column0: region_0, column1: region_1, column2: region_2)
Reading in option: pick_column0_top_0
Reading in option: pick_column0_left_0
Reading in option: pick_column0_right_0
Reading in option: pick_column0_front_270
Reading in option: pick_column1_top_0
Reading in option: pick_column1_left_0
Reading in option: pick_column1_right_0
Reading in option: pick_column1_front_270
Reading in option: pick_column2_top_0
Reading in option: pick_column2_left_0
Reading in option: pick_column2_right_0
Reading in option: pick_column2_front_270
Reading in option: place_goal_0_top_0
Reading in option: place_goal_0_left_0
Reading in option: place_goal_0_right_0
Reading in option: place_goal_0_front_270
Reading in option: place_goal_1_top_0
Reading in option: place_goal_1_left_0
Reading in option: place_goal_1_right_0
Reading in option: place_goal_1_front_270
Reading in option: place_goal_2_top_0
Reading in option: place_goal_2_left_0
Reading in option: place_goal_2_right_0
Reading in option: place_goal_2_front_270
Reading in option: place_region_0_top_0
Reading in option: place_region_0_left_0
Reading in option: place_region_0_right_0
Reading in option: place_region_0_front_270
Reading in option: place_region_1_top_0
Reading in option: place_region_1_left_0
Reading in option: place_region_1_right_0
Reading in option: place_region_1_front_270
Reading in option: place_region_2_top_0
Reading in option: place_region_2_left_0
Reading in option: place_region_2_right_0
Reading in option: place_region_2_front_270
Creating MDP...
Synthesising Policy...
Step 0
State fingerprint: frozenset({('/column0', '/region_0'), ('/column2', '/region_2'), ('/column1', '/region_1')})
policy state State(column0: region_0, column1: region_1, column2: region_2)
policy value 14.640429677086745
State(column0: region_0, column1: region_1, column2: region_2)
pick_column1_top_0
Action: Action(ActionType.PICK, obj=/column1, slot=None,grasp=GraspType.TOP_0)
[EXEC] Picking /column1 with top_0

[INFO] Found 640 potential configurations.
[WARN] No valid configuration found (all tested configs invalid).
[EXEC] Action ActionType.PICK executed in 13.22 seconds
[ERROR] Action ActionType.PICK failed for object /column1
Action duration: 0.001
reward 0.001
[LOG] Transition logged to MongoDB: 42446c84-281e-44e4-a59f-5beaf841bf45 - Episode 0
Action failed, stopping. Time elapsed: 0.001
Step 2
State fingerprint: frozenset({('/column0', '/region_0'), ('/column2', '/region_2'), ('/column1', '/region_1')})
State has been visited before, stopping to avoid loops
policy state State(column0: region_0, column1: region_1, column2: region_2)
policy value 14.640429677086745
State(column0: region_0, column1: region_1, column2: region_2)
pick_column1_top_0
Action: Action(ActionType.PICK, obj=/column1, slot=None,grasp=GraspType.TOP_0)
[EXEC] Picking /column1 with top_0

[INFO] Found 576 potential configurations.
[WARN] No valid configuration found (all tested configs invalid).
[EXEC] Action ActionType.PICK executed in 12.45 seconds
[ERROR] Action ActionType.PICK failed for object /column1
Action duration: 0.001
reward 0.001
[LOG] Transition logged to MongoDB: 42446c84-281e-44e4-a59f-5beaf841bf45 - Episode 0
Action failed, stopping. Time elapsed: 0.001
Goal achieved: False
Goal region occupancy: ['None', 'None', 'None']
Number of actions: 2
Total task time: 0.002 sec
connected to simulation
simulation is explicitly stepped
Joint handles retrieved
State(column0: region_0, column1: region_1, column2: region_2)
Reading in option: pick_column0_top_0
Reading in option: pick_column0_left_0
Reading in option: pick_column0_right_0
Reading in option: pick_column0_front_270
Reading in option: pick_column1_top_0
Reading in option: pick_column1_left_0
Reading in option: pick_column1_right_0
Reading in option: pick_column1_front_270
Reading in option: pick_column2_top_0
Reading in option: pick_column2_left_0
Reading in option: pick_column2_right_0
Reading in option: pick_column2_front_270
Reading in option: place_goal_0_top_0
Reading in option: place_goal_0_left_0
Reading in option: place_goal_0_right_0
Reading in option: place_goal_0_front_270
Reading in option: place_goal_1_top_0
Reading in option: place_goal_1_left_0
Reading in option: place_goal_1_right_0
Reading in option: place_goal_1_front_270
Reading in option: place_goal_2_top_0
Reading in option: place_goal_2_left_0
Reading in option: place_goal_2_right_0
Reading in option: place_goal_2_front_270
Reading in option: place_region_0_top_0
Reading in option: place_region_0_left_0
Reading in option: place_region_0_right_0
Reading in option: place_region_0_front_270
Reading in option: place_region_1_top_0
Reading in option: place_region_1_left_0
Reading in option: place_region_1_right_0
Reading in option: place_region_1_front_270
Reading in option: place_region_2_top_0
Reading in option: place_region_2_left_0
Reading in option: place_region_2_right_0
Reading in option: place_region_2_front_270
Creating MDP...
Synthesising Policy...
Step 0
State fingerprint: frozenset({('/column0', '/region_0'), ('/column2', '/region_2'), ('/column1', '/region_1')})
policy state State(column0: region_0, column1: region_1, column2: region_2)
policy value 14.640429671146137
State(column0: region_0, column1: region_1, column2: region_2)
pick_column1_top_0
Action: Action(ActionType.PICK, obj=/column1, slot=None,grasp=GraspType.TOP_0)
[EXEC] Picking /column1 with top_0

[INFO] Found 576 potential configurations.
[WARN] No valid configuration found (all tested configs invalid).
[EXEC] Action ActionType.PICK executed in 11.40 seconds
[ERROR] Action ActionType.PICK failed for object /column1
Action duration: 0.001
reward 0.001
[LOG] Transition logged to MongoDB: 42446c84-281e-44e4-a59f-5beaf841bf45 - Episode 0
Action failed, stopping. Time elapsed: 0.001
Step 2
State fingerprint: frozenset({('/column0', '/region_0'), ('/column2', '/region_2'), ('/column1', '/region_1')})
State has been visited before, stopping to avoid loops
policy state State(column0: region_0, column1: region_1, column2: region_2)
policy value 14.640429671146137
State(column0: region_0, column1: region_1, column2: region_2)
pick_column1_top_0
Action: Action(ActionType.PICK, obj=/column1, slot=None,grasp=GraspType.TOP_0)
[EXEC] Picking /column1 with top_0

[INFO] Found 448 potential configurations.
[WARN] No valid configuration found (all tested configs invalid).
[EXEC] Action ActionType.PICK executed in 9.51 seconds
[ERROR] Action ActionType.PICK failed for object /column1
Action duration: 0.001
reward 0.001
[LOG] Transition logged to MongoDB: 42446c84-281e-44e4-a59f-5beaf841bf45 - Episode 0
Action failed, stopping. Time elapsed: 0.001
Goal achieved: False
Goal region occupancy: ['None', 'None', 'None']
Number of actions: 2
Total task time: 0.002 sec
connected to simulation
simulation is explicitly stepped
Joint handles retrieved
State(column0: region_0, column1: region_1, column2: region_2)
Reading in option: pick_column0_top_0
Reading in option: pick_column0_left_0
Reading in option: pick_column0_right_0
Reading in option: pick_column0_front_270
Reading in option: pick_column1_top_0
Reading in option: pick_column1_left_0
Reading in option: pick_column1_right_0
Reading in option: pick_column1_front_270
Reading in option: pick_column2_top_0
Reading in option: pick_column2_left_0
Reading in option: pick_column2_right_0
Reading in option: pick_column2_front_270
Reading in option: place_goal_0_top_0
Reading in option: place_goal_0_left_0
Reading in option: place_goal_0_right_0
Reading in option: place_goal_0_front_270
Reading in option: place_goal_1_top_0
Reading in option: place_goal_1_left_0
Reading in option: place_goal_1_right_0
Reading in option: place_goal_1_front_270
Reading in option: place_goal_2_top_0
Reading in option: place_goal_2_left_0
Reading in option: place_goal_2_right_0
Reading in option: place_goal_2_front_270
Reading in option: place_region_0_top_0
Reading in option: place_region_0_left_0
Reading in option: place_region_0_right_0
Reading in option: place_region_0_front_270
Reading in option: place_region_1_top_0
Reading in option: place_region_1_left_0
Reading in option: place_region_1_right_0
Reading in option: place_region_1_front_270
Reading in option: place_region_2_top_0
Reading in option: place_region_2_left_0
Reading in option: place_region_2_right_0
Reading in option: place_region_2_front_270
Creating MDP...
Synthesising Policy...
Step 0
State fingerprint: frozenset({('/column0', '/region_0'), ('/column2', '/region_2'), ('/column1', '/region_1')})
policy state State(column0: region_0, column1: region_1, column2: region_2)
policy value 14.640429089676022
State(column0: region_0, column1: region_1, column2: region_2)
pick_column1_top_0
Action: Action(ActionType.PICK, obj=/column1, slot=None,grasp=GraspType.TOP_0)
[EXEC] Picking /column1 with top_0

[INFO] Found 256 potential configurations.
[WARN] No valid configuration found (all tested configs invalid).
[EXEC] Action ActionType.PICK executed in 7.18 seconds
[ERROR] Action ActionType.PICK failed for object /column1
Action duration: 0.001
reward 0.001
[LOG] Transition logged to MongoDB: 42446c84-281e-44e4-a59f-5beaf841bf45 - Episode 0
Action failed, stopping. Time elapsed: 0.001
Step 2
State fingerprint: frozenset({('/column0', '/region_0'), ('/column2', '/region_2'), ('/column1', '/region_1')})
State has been visited before, stopping to avoid loops
policy state State(column0: region_0, column1: region_1, column2: region_2)
policy value 14.640429089676022
State(column0: region_0, column1: region_1, column2: region_2)
pick_column1_top_0
Action: Action(ActionType.PICK, obj=/column1, slot=None,grasp=GraspType.TOP_0)
[EXEC] Picking /column1 with top_0

[INFO] Found 256 potential configurations.
[WARN] No valid configuration found (all tested configs invalid).
[EXEC] Action ActionType.PICK executed in 6.09 seconds
[ERROR] Action ActionType.PICK failed for object /column1
Action duration: 0.001
reward 0.001
[LOG] Transition logged to MongoDB: 42446c84-281e-44e4-a59f-5beaf841bf45 - Episode 0
Action failed, stopping. Time elapsed: 0.001
Goal achieved: False
Goal region occupancy: ['None', 'None', 'None']
Number of actions: 2
Total task time: 0.002 sec
connected to simulation
simulation is explicitly stepped
Joint handles retrieved
State(column0: region_0, column1: region_1, column2: region_2)
Reading in option: pick_column0_top_0
Reading in option: pick_column0_left_0
Reading in option: pick_column0_right_0
Reading in option: pick_column0_front_270
Reading in option: pick_column1_top_0
Reading in option: pick_column1_left_0
Reading in option: pick_column1_right_0
Reading in option: pick_column1_front_270
Reading in option: pick_column2_top_0
Reading in option: pick_column2_left_0
Reading in option: pick_column2_right_0
Reading in option: pick_column2_front_270
Reading in option: place_goal_0_top_0
Reading in option: place_goal_0_left_0
Reading in option: place_goal_0_right_0
Reading in option: place_goal_0_front_270
Reading in option: place_goal_1_top_0
Reading in option: place_goal_1_left_0
Reading in option: place_goal_1_right_0
Reading in option: place_goal_1_front_270
Reading in option: place_goal_2_top_0
Reading in option: place_goal_2_left_0
Reading in option: place_goal_2_right_0
Reading in option: place_goal_2_front_270
Reading in option: place_region_0_top_0
Reading in option: place_region_0_left_0
Reading in option: place_region_0_right_0
Reading in option: place_region_0_front_270
Reading in option: place_region_1_top_0
Reading in option: place_region_1_left_0
Reading in option: place_region_1_right_0
Reading in option: place_region_1_front_270
Reading in option: place_region_2_top_0
Reading in option: place_region_2_left_0
Reading in option: place_region_2_right_0
Reading in option: place_region_2_front_270
Creating MDP...
Synthesising Policy...
Step 0
State fingerprint: frozenset({('/column0', '/region_0'), ('/column2', '/region_2'), ('/column1', '/region_1')})
policy state State(column0: region_0, column1: region_1, column2: region_2)
policy value 14.640429677086745
State(column0: region_0, column1: region_1, column2: region_2)
pick_column1_top_0
Action: Action(ActionType.PICK, obj=/column1, slot=None,grasp=GraspType.TOP_0)
[EXEC] Picking /column1 with top_0

[INFO] Found 512 potential configurations.
[WARN] No valid configuration found (all tested configs invalid).
[EXEC] Action ActionType.PICK executed in 10.83 seconds
[ERROR] Action ActionType.PICK failed for object /column1
Action duration: 0.001
reward 0.001
[LOG] Transition logged to MongoDB: 42446c84-281e-44e4-a59f-5beaf841bf45 - Episode 0
Action failed, stopping. Time elapsed: 0.001
Step 2
State fingerprint: frozenset({('/column0', '/region_0'), ('/column2', '/region_2'), ('/column1', '/region_1')})
State has been visited before, stopping to avoid loops
policy state State(column0: region_0, column1: region_1, column2: region_2)
policy value 14.640429677086745
State(column0: region_0, column1: region_1, column2: region_2)
pick_column1_top_0
Action: Action(ActionType.PICK, obj=/column1, slot=None,grasp=GraspType.TOP_0)
[EXEC] Picking /column1 with top_0

[INFO] Found 448 potential configurations.
[WARN] No valid configuration found (all tested configs invalid).
[EXEC] Action ActionType.PICK executed in 9.64 seconds
[ERROR] Action ActionType.PICK failed for object /column1
Action duration: 0.001
reward 0.001
[LOG] Transition logged to MongoDB: 42446c84-281e-44e4-a59f-5beaf841bf45 - Episode 0
Action failed, stopping. Time elapsed: 0.001
Goal achieved: False
Goal region occupancy: ['None', 'None', 'None']
Number of actions: 2
Total task time: 0.002 sec
connected to simulation
simulation is explicitly stepped
Joint handles retrieved
State(column0: region_0, column1: region_1, column2: region_2)
Reading in option: pick_column0_top_0
Reading in option: pick_column0_left_0
Reading in option: pick_column0_right_0
Reading in option: pick_column0_front_270
Reading in option: pick_column1_top_0
Reading in option: pick_column1_left_0
Reading in option: pick_column1_right_0
Reading in option: pick_column1_front_270
Reading in option: pick_column2_top_0
Reading in option: pick_column2_left_0
Reading in option: pick_column2_right_0
Reading in option: pick_column2_front_270
Reading in option: place_goal_0_top_0
Reading in option: place_goal_0_left_0
Reading in option: place_goal_0_right_0
Reading in option: place_goal_0_front_270
Reading in option: place_goal_1_top_0
Reading in option: place_goal_1_left_0
Reading in option: place_goal_1_right_0
Reading in option: place_goal_1_front_270
Reading in option: place_goal_2_top_0
Reading in option: place_goal_2_left_0
Reading in option: place_goal_2_right_0
Reading in option: place_goal_2_front_270
Reading in option: place_region_0_top_0
Reading in option: place_region_0_left_0
Reading in option: place_region_0_right_0
Reading in option: place_region_0_front_270
Reading in option: place_region_1_top_0
Reading in option: place_region_1_left_0
Reading in option: place_region_1_right_0
Reading in option: place_region_1_front_270
Reading in option: place_region_2_top_0
Reading in option: place_region_2_left_0
Reading in option: place_region_2_right_0
Reading in option: place_region_2_front_270
Creating MDP...
Synthesising Policy...
Step 0
State fingerprint: frozenset({('/column0', '/region_0'), ('/column2', '/region_2'), ('/column1', '/region_1')})
policy state State(column0: region_0, column1: region_1, column2: region_2)
policy value 14.640429668480133
State(column0: region_0, column1: region_1, column2: region_2)
pick_column1_top_0
Action: Action(ActionType.PICK, obj=/column1, slot=None,grasp=GraspType.TOP_0)
[EXEC] Picking /column1 with top_0

[INFO] Found 192 potential configurations.
[WARN] No valid configuration found (all tested configs invalid).
[EXEC] Action ActionType.PICK executed in 4.65 seconds
[ERROR] Action ActionType.PICK failed for object /column1
Action duration: 0.001
reward 0.001
[LOG] Transition logged to MongoDB: 42446c84-281e-44e4-a59f-5beaf841bf45 - Episode 0
Action failed, stopping. Time elapsed: 0.001
Step 2
State fingerprint: frozenset({('/column0', '/region_0'), ('/column2', '/region_2'), ('/column1', '/region_1')})
State has been visited before, stopping to avoid loops
policy state State(column0: region_0, column1: region_1, column2: region_2)
policy value 14.640429668480133
State(column0: region_0, column1: region_1, column2: region_2)
pick_column1_top_0
Action: Action(ActionType.PICK, obj=/column1, slot=None,grasp=GraspType.TOP_0)
[EXEC] Picking /column1 with top_0

[INFO] Found 320 potential configurations.
[WARN] No valid configuration found (all tested configs invalid).
[EXEC] Action ActionType.PICK executed in 7.33 seconds
[ERROR] Action ActionType.PICK failed for object /column1
Action duration: 0.001
reward 0.001
[LOG] Transition logged to MongoDB: 42446c84-281e-44e4-a59f-5beaf841bf45 - Episode 0
Action failed, stopping. Time elapsed: 0.001
Goal achieved: False
Goal region occupancy: ['None', 'None', 'None']
Number of actions: 2
Total task time: 0.002 sec
Running study for permutation 2, at limit 2000
connected to simulation
simulation is explicitly stepped
Joint handles retrieved
State(column0: region_2, column1: region_0, column2: region_1)
Reading in option: pick_column0_top_0
Reading in option: pick_column0_left_0
Reading in option: pick_column0_right_0
Reading in option: pick_column0_front_270
Reading in option: pick_column1_top_0
Reading in option: pick_column1_left_0
Reading in option: pick_column1_right_0
Reading in option: pick_column1_front_270
Reading in option: pick_column2_top_0
Reading in option: pick_column2_left_0
Reading in option: pick_column2_right_0
Reading in option: pick_column2_front_270
Reading in option: place_goal_0_top_0
Reading in option: place_goal_0_left_0
Reading in option: place_goal_0_right_0
Reading in option: place_goal_0_front_270
Reading in option: place_goal_1_top_0
Reading in option: place_goal_1_left_0
Reading in option: place_goal_1_right_0
Reading in option: place_goal_1_front_270
Reading in option: place_goal_2_top_0
Reading in option: place_goal_2_left_0
Reading in option: place_goal_2_right_0
Reading in option: place_goal_2_front_270
Reading in option: place_region_0_top_0
Reading in option: place_region_0_left_0
Reading in option: place_region_0_right_0
Reading in option: place_region_0_front_270
Reading in option: place_region_1_top_0
Reading in option: place_region_1_left_0
Reading in option: place_region_1_right_0
Reading in option: place_region_1_front_270
Reading in option: place_region_2_top_0
Reading in option: place_region_2_left_0
Reading in option: place_region_2_right_0
Reading in option: place_region_2_front_270
Creating MDP...
Synthesising Policy...
Step 0
State fingerprint: frozenset({('/column2', '/region_1'), ('/column1', '/region_0'), ('/column0', '/region_2')})
policy state State(column0: region_2, column1: region_0, column2: region_1)
policy value 15.266978400334027
State(column0: region_2, column1: region_0, column2: region_1)
pick_column2_front_270
Action: Action(ActionType.PICK, obj=/column2, slot=None,grasp=GraspType.FRONT_270)
[EXEC] Picking /column2 with front_270

[INFO] Found 4224 potential configurations.
[WARN] No valid configuration found (all tested configs invalid).
[EXEC] Action ActionType.PICK executed in 3.12 seconds
[ERROR] Action ActionType.PICK failed for object /column2
Action duration: 0.001
reward 0.001
[LOG] Transition logged to MongoDB: 42446c84-281e-44e4-a59f-5beaf841bf45 - Episode 0
Action failed, stopping. Time elapsed: 0.001
Step 2
State fingerprint: frozenset({('/column2', '/region_1'), ('/column1', '/region_0'), ('/column0', '/region_2')})
State has been visited before, stopping to avoid loops
policy state State(column0: region_2, column1: region_0, column2: region_1)
policy value 15.266978400334027
State(column0: region_2, column1: region_0, column2: region_1)
pick_column2_front_270
Action: Action(ActionType.PICK, obj=/column2, slot=None,grasp=GraspType.FRONT_270)
[EXEC] Picking /column2 with front_270

[INFO] Found 2560 potential configurations.
[WARN] No valid configuration found (all tested configs invalid).
[EXEC] Action ActionType.PICK executed in 2.00 seconds
[ERROR] Action ActionType.PICK failed for object /column2
Action duration: 0.001
reward 0.001
[LOG] Transition logged to MongoDB: 42446c84-281e-44e4-a59f-5beaf841bf45 - Episode 0
Action failed, stopping. Time elapsed: 0.001
Goal achieved: False
Goal region occupancy: ['None', 'None', 'None']
Number of actions: 2
Total task time: 0.002 sec
connected to simulation
simulation is explicitly stepped
Joint handles retrieved
State(column0: region_2, column1: region_0, column2: region_1)
Reading in option: pick_column0_top_0
Reading in option: pick_column0_left_0
Reading in option: pick_column0_right_0
Reading in option: pick_column0_front_270
Reading in option: pick_column1_top_0
Reading in option: pick_column1_left_0
Reading in option: pick_column1_right_0
Reading in option: pick_column1_front_270
Reading in option: pick_column2_top_0
Reading in option: pick_column2_left_0
Reading in option: pick_column2_right_0
Reading in option: pick_column2_front_270
Reading in option: place_goal_0_top_0
Reading in option: place_goal_0_left_0
Reading in option: place_goal_0_right_0
Reading in option: place_goal_0_front_270
Reading in option: place_goal_1_top_0
Reading in option: place_goal_1_left_0
Reading in option: place_goal_1_right_0
Reading in option: place_goal_1_front_270
Reading in option: place_goal_2_top_0
Reading in option: place_goal_2_left_0
Reading in option: place_goal_2_right_0
Reading in option: place_goal_2_front_270
Reading in option: place_region_0_top_0
Reading in option: place_region_0_left_0
Reading in option: place_region_0_right_0
Reading in option: place_region_0_front_270
Reading in option: place_region_1_top_0
Reading in option: place_region_1_left_0
Reading in option: place_region_1_right_0
Reading in option: place_region_1_front_270
Reading in option: place_region_2_top_0
Reading in option: place_region_2_left_0
Reading in option: place_region_2_right_0
Reading in option: place_region_2_front_270
Creating MDP...
Synthesising Policy...
Step 0
State fingerprint: frozenset({('/column2', '/region_1'), ('/column1', '/region_0'), ('/column0', '/region_2')})
policy state State(column0: region_2, column1: region_0, column2: region_1)
policy value 15.266978400334018
State(column0: region_2, column1: region_0, column2: region_1)
pick_column2_front_270
Action: Action(ActionType.PICK, obj=/column2, slot=None,grasp=GraspType.FRONT_270)
[EXEC] Picking /column2 with front_270

[INFO] Found 2624 potential configurations.
[WARN] No valid configuration found (all tested configs invalid).
[EXEC] Action ActionType.PICK executed in 2.21 seconds
[ERROR] Action ActionType.PICK failed for object /column2
Action duration: 0.001
reward 0.001
[LOG] Transition logged to MongoDB: 42446c84-281e-44e4-a59f-5beaf841bf45 - Episode 0
Action failed, stopping. Time elapsed: 0.001
Step 2
State fingerprint: frozenset({('/column2', '/region_1'), ('/column1', '/region_0'), ('/column0', '/region_2')})
State has been visited before, stopping to avoid loops
policy state State(column0: region_2, column1: region_0, column2: region_1)
policy value 15.266978400334018
State(column0: region_2, column1: region_0, column2: region_1)
pick_column2_front_270
Action: Action(ActionType.PICK, obj=/column2, slot=None,grasp=GraspType.FRONT_270)
[EXEC] Picking /column2 with front_270

[INFO] Found 3392 potential configurations.
[WARN] No valid configuration found (all tested configs invalid).
[EXEC] Action ActionType.PICK executed in 2.69 seconds
[ERROR] Action ActionType.PICK failed for object /column2
Action duration: 0.001
reward 0.001
[LOG] Transition logged to MongoDB: 42446c84-281e-44e4-a59f-5beaf841bf45 - Episode 0
Action failed, stopping. Time elapsed: 0.001
Goal achieved: False
Goal region occupancy: ['None', 'None', 'None']
Number of actions: 2
Total task time: 0.002 sec
connected to simulation
simulation is explicitly stepped
Joint handles retrieved
State(column0: region_2, column1: region_0, column2: region_1)
Reading in option: pick_column0_top_0
Reading in option: pick_column0_left_0
Reading in option: pick_column0_right_0
Reading in option: pick_column0_front_270
Reading in option: pick_column1_top_0
Reading in option: pick_column1_left_0
Reading in option: pick_column1_right_0
Reading in option: pick_column1_front_270
Reading in option: pick_column2_top_0
Reading in option: pick_column2_left_0
Reading in option: pick_column2_right_0
Reading in option: pick_column2_front_270
Reading in option: place_goal_0_top_0
Reading in option: place_goal_0_left_0
Reading in option: place_goal_0_right_0
Reading in option: place_goal_0_front_270
Reading in option: place_goal_1_top_0
Reading in option: place_goal_1_left_0
Reading in option: place_goal_1_right_0
Reading in option: place_goal_1_front_270
Reading in option: place_goal_2_top_0
Reading in option: place_goal_2_left_0
Reading in option: place_goal_2_right_0
Reading in option: place_goal_2_front_270
Reading in option: place_region_0_top_0
Reading in option: place_region_0_left_0
Reading in option: place_region_0_right_0
Reading in option: place_region_0_front_270
Reading in option: place_region_1_top_0
Reading in option: place_region_1_left_0
Reading in option: place_region_1_right_0
Reading in option: place_region_1_front_270
Reading in option: place_region_2_top_0
Reading in option: place_region_2_left_0
Reading in option: place_region_2_right_0
Reading in option: place_region_2_front_270
Creating MDP...
Synthesising Policy...
Step 0
State fingerprint: frozenset({('/column2', '/region_1'), ('/column1', '/region_0'), ('/column0', '/region_2')})
policy state State(column0: region_2, column1: region_0, column2: region_1)
policy value 15.26697836944818
State(column0: region_2, column1: region_0, column2: region_1)
pick_column2_front_270
Action: Action(ActionType.PICK, obj=/column2, slot=None,grasp=GraspType.FRONT_270)
[EXEC] Picking /column2 with front_270

[INFO] Found 2368 potential configurations.
[WARN] No valid configuration found (all tested configs invalid).
[EXEC] Action ActionType.PICK executed in 1.89 seconds
[ERROR] Action ActionType.PICK failed for object /column2
Action duration: 0.001
reward 0.001
[LOG] Transition logged to MongoDB: 42446c84-281e-44e4-a59f-5beaf841bf45 - Episode 0
Action failed, stopping. Time elapsed: 0.001
Step 2
State fingerprint: frozenset({('/column2', '/region_1'), ('/column1', '/region_0'), ('/column0', '/region_2')})
State has been visited before, stopping to avoid loops
policy state State(column0: region_2, column1: region_0, column2: region_1)
policy value 15.26697836944818
State(column0: region_2, column1: region_0, column2: region_1)
pick_column2_front_270
Action: Action(ActionType.PICK, obj=/column2, slot=None,grasp=GraspType.FRONT_270)
[EXEC] Picking /column2 with front_270

[INFO] Found 3392 potential configurations.
[WARN] No valid configuration found (all tested configs invalid).
[EXEC] Action ActionType.PICK executed in 2.46 seconds
[ERROR] Action ActionType.PICK failed for object /column2
Action duration: 0.001
reward 0.001
[LOG] Transition logged to MongoDB: 42446c84-281e-44e4-a59f-5beaf841bf45 - Episode 0
Action failed, stopping. Time elapsed: 0.001
Goal achieved: False
Goal region occupancy: ['None', 'None', 'None']
Number of actions: 2
Total task time: 0.002 sec
connected to simulation
simulation is explicitly stepped
Joint handles retrieved
State(column0: region_2, column1: region_0, column2: region_1)
Reading in option: pick_column0_top_0
Reading in option: pick_column0_left_0
Reading in option: pick_column0_right_0
Reading in option: pick_column0_front_270
Reading in option: pick_column1_top_0
Reading in option: pick_column1_left_0
Reading in option: pick_column1_right_0
Reading in option: pick_column1_front_270
Reading in option: pick_column2_top_0
Reading in option: pick_column2_left_0
Reading in option: pick_column2_right_0
Reading in option: pick_column2_front_270
Reading in option: place_goal_0_top_0
Reading in option: place_goal_0_left_0
Reading in option: place_goal_0_right_0
Reading in option: place_goal_0_front_270
Reading in option: place_goal_1_top_0
Reading in option: place_goal_1_left_0
Reading in option: place_goal_1_right_0
Reading in option: place_goal_1_front_270
Reading in option: place_goal_2_top_0
Reading in option: place_goal_2_left_0
Reading in option: place_goal_2_right_0
Reading in option: place_goal_2_front_270
Reading in option: place_region_0_top_0
Reading in option: place_region_0_left_0
Reading in option: place_region_0_right_0
Reading in option: place_region_0_front_270
Reading in option: place_region_1_top_0
Reading in option: place_region_1_left_0
Reading in option: place_region_1_right_0
Reading in option: place_region_1_front_270
Reading in option: place_region_2_top_0
Reading in option: place_region_2_left_0
Reading in option: place_region_2_right_0
Reading in option: place_region_2_front_270
Creating MDP...
Synthesising Policy...
Step 0
State fingerprint: frozenset({('/column2', '/region_1'), ('/column1', '/region_0'), ('/column0', '/region_2')})
policy state State(column0: region_2, column1: region_0, column2: region_1)
policy value 15.266978400167122
State(column0: region_2, column1: region_0, column2: region_1)
pick_column2_front_270
Action: Action(ActionType.PICK, obj=/column2, slot=None,grasp=GraspType.FRONT_270)
[EXEC] Picking /column2 with front_270

[INFO] Found 2432 potential configurations.
[WARN] No valid configuration found (all tested configs invalid).
[EXEC] Action ActionType.PICK executed in 2.05 seconds
[ERROR] Action ActionType.PICK failed for object /column2
Action duration: 0.001
reward 0.001
[LOG] Transition logged to MongoDB: 42446c84-281e-44e4-a59f-5beaf841bf45 - Episode 0
Action failed, stopping. Time elapsed: 0.001
Step 2
State fingerprint: frozenset({('/column2', '/region_1'), ('/column1', '/region_0'), ('/column0', '/region_2')})
State has been visited before, stopping to avoid loops
policy state State(column0: region_2, column1: region_0, column2: region_1)
policy value 15.266978400167122
State(column0: region_2, column1: region_0, column2: region_1)
pick_column2_front_270
Action: Action(ActionType.PICK, obj=/column2, slot=None,grasp=GraspType.FRONT_270)
[EXEC] Picking /column2 with front_270

[INFO] Found 3648 potential configurations.
[WARN] No valid configuration found (all tested configs invalid).
[EXEC] Action ActionType.PICK executed in 2.68 seconds
[ERROR] Action ActionType.PICK failed for object /column2
Action duration: 0.001
reward 0.001
[LOG] Transition logged to MongoDB: 42446c84-281e-44e4-a59f-5beaf841bf45 - Episode 0
Action failed, stopping. Time elapsed: 0.001
Goal achieved: False
Goal region occupancy: ['None', 'None', 'None']
Number of actions: 2
Total task time: 0.002 sec
connected to simulation
simulation is explicitly stepped
Joint handles retrieved
State(column0: region_2, column1: region_0, column2: region_1)
Reading in option: pick_column0_top_0
Reading in option: pick_column0_left_0
Reading in option: pick_column0_right_0
Reading in option: pick_column0_front_270
Reading in option: pick_column1_top_0
Reading in option: pick_column1_left_0
Reading in option: pick_column1_right_0
Reading in option: pick_column1_front_270
Reading in option: pick_column2_top_0
Reading in option: pick_column2_left_0
Reading in option: pick_column2_right_0
Reading in option: pick_column2_front_270
Reading in option: place_goal_0_top_0
Reading in option: place_goal_0_left_0
Reading in option: place_goal_0_right_0
Reading in option: place_goal_0_front_270
Reading in option: place_goal_1_top_0
Reading in option: place_goal_1_left_0
Reading in option: place_goal_1_right_0
Reading in option: place_goal_1_front_270
Reading in option: place_goal_2_top_0
Reading in option: place_goal_2_left_0
Reading in option: place_goal_2_right_0
Reading in option: place_goal_2_front_270
Reading in option: place_region_0_top_0
Reading in option: place_region_0_left_0
Reading in option: place_region_0_right_0
Reading in option: place_region_0_front_270
Reading in option: place_region_1_top_0
Reading in option: place_region_1_left_0
Reading in option: place_region_1_right_0
Reading in option: place_region_1_front_270
Reading in option: place_region_2_top_0
Reading in option: place_region_2_left_0
Reading in option: place_region_2_right_0
Reading in option: place_region_2_front_270
Creating MDP...
Synthesising Policy...
Step 0
State fingerprint: frozenset({('/column2', '/region_1'), ('/column1', '/region_0'), ('/column0', '/region_2')})
policy state State(column0: region_2, column1: region_0, column2: region_1)
policy value 15.266978359179125
State(column0: region_2, column1: region_0, column2: region_1)
pick_column2_front_270
Action: Action(ActionType.PICK, obj=/column2, slot=None,grasp=GraspType.FRONT_270)
[EXEC] Picking /column2 with front_270

[INFO] Found 3008 potential configurations.
[WARN] No valid configuration found (all tested configs invalid).
[EXEC] Action ActionType.PICK executed in 2.51 seconds
[ERROR] Action ActionType.PICK failed for object /column2
Action duration: 0.001
reward 0.001
[LOG] Transition logged to MongoDB: 42446c84-281e-44e4-a59f-5beaf841bf45 - Episode 0
Action failed, stopping. Time elapsed: 0.001
Step 2
State fingerprint: frozenset({('/column2', '/region_1'), ('/column1', '/region_0'), ('/column0', '/region_2')})
State has been visited before, stopping to avoid loops
policy state State(column0: region_2, column1: region_0, column2: region_1)
policy value 15.266978359179125
State(column0: region_2, column1: region_0, column2: region_1)
pick_column2_front_270
Action: Action(ActionType.PICK, obj=/column2, slot=None,grasp=GraspType.FRONT_270)
[EXEC] Picking /column2 with front_270

[INFO] Found 3008 potential configurations.
[WARN] No valid configuration found (all tested configs invalid).
[EXEC] Action ActionType.PICK executed in 2.28 seconds
[ERROR] Action ActionType.PICK failed for object /column2
Action duration: 0.001
reward 0.001
[LOG] Transition logged to MongoDB: 42446c84-281e-44e4-a59f-5beaf841bf45 - Episode 0
Action failed, stopping. Time elapsed: 0.001
Goal achieved: False
Goal region occupancy: ['None', 'None', 'None']
Number of actions: 2
Total task time: 0.002 sec
connected to simulation
simulation is explicitly stepped
Joint handles retrieved
State(column0: region_2, column1: region_0, column2: region_1)
Reading in option: pick_column0_top_0
Reading in option: pick_column0_left_0
Reading in option: pick_column0_right_0
Reading in option: pick_column0_front_270
Reading in option: pick_column1_top_0
Reading in option: pick_column1_left_0
Reading in option: pick_column1_right_0
Reading in option: pick_column1_front_270
Reading in option: pick_column2_top_0
Reading in option: pick_column2_left_0
Reading in option: pick_column2_right_0
Reading in option: pick_column2_front_270
Reading in option: place_goal_0_top_0
Reading in option: place_goal_0_left_0
Reading in option: place_goal_0_right_0
Reading in option: place_goal_0_front_270
Reading in option: place_goal_1_top_0
Reading in option: place_goal_1_left_0
Reading in option: place_goal_1_right_0
Reading in option: place_goal_1_front_270
Reading in option: place_goal_2_top_0
Reading in option: place_goal_2_left_0
Reading in option: place_goal_2_right_0
Reading in option: place_goal_2_front_270
Reading in option: place_region_0_top_0
Reading in option: place_region_0_left_0
Reading in option: place_region_0_right_0
Reading in option: place_region_0_front_270
Reading in option: place_region_1_top_0
Reading in option: place_region_1_left_0
Reading in option: place_region_1_right_0
Reading in option: place_region_1_front_270
Reading in option: place_region_2_top_0
Reading in option: place_region_2_left_0
Reading in option: place_region_2_right_0
Reading in option: place_region_2_front_270
Creating MDP...
Synthesising Policy...
Step 0
State fingerprint: frozenset({('/column2', '/region_1'), ('/column1', '/region_0'), ('/column0', '/region_2')})
policy state State(column0: region_2, column1: region_0, column2: region_1)
policy value 15.266978359332118
State(column0: region_2, column1: region_0, column2: region_1)
pick_column2_front_270
Action: Action(ActionType.PICK, obj=/column2, slot=None,grasp=GraspType.FRONT_270)
[EXEC] Picking /column2 with front_270

[INFO] Found 3008 potential configurations.
[WARN] No valid configuration found (all tested configs invalid).
[EXEC] Action ActionType.PICK executed in 2.34 seconds
[ERROR] Action ActionType.PICK failed for object /column2
Action duration: 0.001
reward 0.001
[LOG] Transition logged to MongoDB: 42446c84-281e-44e4-a59f-5beaf841bf45 - Episode 0
Action failed, stopping. Time elapsed: 0.001
Step 2
State fingerprint: frozenset({('/column2', '/region_1'), ('/column1', '/region_0'), ('/column0', '/region_2')})
State has been visited before, stopping to avoid loops
policy state State(column0: region_2, column1: region_0, column2: region_1)
policy value 15.266978359332118
State(column0: region_2, column1: region_0, column2: region_1)
pick_column2_front_270
Action: Action(ActionType.PICK, obj=/column2, slot=None,grasp=GraspType.FRONT_270)
[EXEC] Picking /column2 with front_270

[INFO] Found 3264 potential configurations.
[WARN] No valid configuration found (all tested configs invalid).
[EXEC] Action ActionType.PICK executed in 2.46 seconds
[ERROR] Action ActionType.PICK failed for object /column2
Action duration: 0.001
reward 0.001
[LOG] Transition logged to MongoDB: 42446c84-281e-44e4-a59f-5beaf841bf45 - Episode 0
Action failed, stopping. Time elapsed: 0.001
Goal achieved: False
Goal region occupancy: ['None', 'None', 'None']
Number of actions: 2
Total task time: 0.002 sec
connected to simulation
simulation is explicitly stepped
Joint handles retrieved
State(column0: region_2, column1: region_0, column2: region_1)
Reading in option: pick_column0_top_0
Reading in option: pick_column0_left_0
Reading in option: pick_column0_right_0
Reading in option: pick_column0_front_270
Reading in option: pick_column1_top_0
Reading in option: pick_column1_left_0
Reading in option: pick_column1_right_0
Reading in option: pick_column1_front_270
Reading in option: pick_column2_top_0
Reading in option: pick_column2_left_0
Reading in option: pick_column2_right_0
Reading in option: pick_column2_front_270
Reading in option: place_goal_0_top_0
Reading in option: place_goal_0_left_0
Reading in option: place_goal_0_right_0
Reading in option: place_goal_0_front_270
Reading in option: place_goal_1_top_0
Reading in option: place_goal_1_left_0
Reading in option: place_goal_1_right_0
Reading in option: place_goal_1_front_270
Reading in option: place_goal_2_top_0
Reading in option: place_goal_2_left_0
Reading in option: place_goal_2_right_0
Reading in option: place_goal_2_front_270
Reading in option: place_region_0_top_0
Reading in option: place_region_0_left_0
Reading in option: place_region_0_right_0
Reading in option: place_region_0_front_270
Reading in option: place_region_1_top_0
Reading in option: place_region_1_left_0
Reading in option: place_region_1_right_0
Reading in option: place_region_1_front_270
Reading in option: place_region_2_top_0
Reading in option: place_region_2_left_0
Reading in option: place_region_2_right_0
Reading in option: place_region_2_front_270
Creating MDP...
Synthesising Policy...
Step 0
State fingerprint: frozenset({('/column2', '/region_1'), ('/column1', '/region_0'), ('/column0', '/region_2')})
policy state State(column0: region_2, column1: region_0, column2: region_1)
policy value 15.266978369448193
State(column0: region_2, column1: region_0, column2: region_1)
pick_column2_front_270
Action: Action(ActionType.PICK, obj=/column2, slot=None,grasp=GraspType.FRONT_270)
[EXEC] Picking /column2 with front_270

[INFO] Found 3008 potential configurations.
[WARN] No valid configuration found (all tested configs invalid).
[EXEC] Action ActionType.PICK executed in 2.32 seconds
[ERROR] Action ActionType.PICK failed for object /column2
Action duration: 0.001
reward 0.001
[LOG] Transition logged to MongoDB: 42446c84-281e-44e4-a59f-5beaf841bf45 - Episode 0
Action failed, stopping. Time elapsed: 0.001
Step 2
State fingerprint: frozenset({('/column2', '/region_1'), ('/column1', '/region_0'), ('/column0', '/region_2')})
State has been visited before, stopping to avoid loops
policy state State(column0: region_2, column1: region_0, column2: region_1)
policy value 15.266978369448193
State(column0: region_2, column1: region_0, column2: region_1)
pick_column2_front_270
Action: Action(ActionType.PICK, obj=/column2, slot=None,grasp=GraspType.FRONT_270)
[EXEC] Picking /column2 with front_270

[INFO] Found 3904 potential configurations.
[WARN] No valid configuration found (all tested configs invalid).
[EXEC] Action ActionType.PICK executed in 3.00 seconds
[ERROR] Action ActionType.PICK failed for object /column2
Action duration: 0.001
reward 0.001
[LOG] Transition logged to MongoDB: 42446c84-281e-44e4-a59f-5beaf841bf45 - Episode 0
Action failed, stopping. Time elapsed: 0.001
Goal achieved: False
Goal region occupancy: ['None', 'None', 'None']
Number of actions: 2
Total task time: 0.002 sec
connected to simulation
simulation is explicitly stepped
Joint handles retrieved
State(column0: region_2, column1: region_0, column2: region_1)
Reading in option: pick_column0_top_0
Reading in option: pick_column0_left_0
Reading in option: pick_column0_right_0
Reading in option: pick_column0_front_270
Reading in option: pick_column1_top_0
Reading in option: pick_column1_left_0
Reading in option: pick_column1_right_0
Reading in option: pick_column1_front_270
Reading in option: pick_column2_top_0
Reading in option: pick_column2_left_0
Reading in option: pick_column2_right_0
Reading in option: pick_column2_front_270
Reading in option: place_goal_0_top_0
Reading in option: place_goal_0_left_0
Reading in option: place_goal_0_right_0
Reading in option: place_goal_0_front_270
Reading in option: place_goal_1_top_0
Reading in option: place_goal_1_left_0
Reading in option: place_goal_1_right_0
Reading in option: place_goal_1_front_270
Reading in option: place_goal_2_top_0
Reading in option: place_goal_2_left_0
Reading in option: place_goal_2_right_0
Reading in option: place_goal_2_front_270
Reading in option: place_region_0_top_0
Reading in option: place_region_0_left_0
Reading in option: place_region_0_right_0
Reading in option: place_region_0_front_270
Reading in option: place_region_1_top_0
Reading in option: place_region_1_left_0
Reading in option: place_region_1_right_0
Reading in option: place_region_1_front_270
Reading in option: place_region_2_top_0
Reading in option: place_region_2_left_0
Reading in option: place_region_2_right_0
Reading in option: place_region_2_front_270
Creating MDP...
Synthesising Policy...
Step 0
State fingerprint: frozenset({('/column2', '/region_1'), ('/column1', '/region_0'), ('/column0', '/region_2')})
policy state State(column0: region_2, column1: region_0, column2: region_1)
policy value 15.266978369454822
State(column0: region_2, column1: region_0, column2: region_1)
pick_column2_front_270
Action: Action(ActionType.PICK, obj=/column2, slot=None,grasp=GraspType.FRONT_270)
[EXEC] Picking /column2 with front_270

[INFO] Found 2368 potential configurations.
[WARN] No valid configuration found (all tested configs invalid).
[EXEC] Action ActionType.PICK executed in 2.49 seconds
[ERROR] Action ActionType.PICK failed for object /column2
Action duration: 0.001
reward 0.001
[LOG] Transition logged to MongoDB: 42446c84-281e-44e4-a59f-5beaf841bf45 - Episode 0
Action failed, stopping. Time elapsed: 0.001
Step 2
State fingerprint: frozenset({('/column2', '/region_1'), ('/column1', '/region_0'), ('/column0', '/region_2')})
State has been visited before, stopping to avoid loops
policy state State(column0: region_2, column1: region_0, column2: region_1)
policy value 15.266978369454822
State(column0: region_2, column1: region_0, column2: region_1)
pick_column2_front_270
Action: Action(ActionType.PICK, obj=/column2, slot=None,grasp=GraspType.FRONT_270)
[EXEC] Picking /column2 with front_270

[INFO] Found 2240 potential configurations.
[WARN] No valid configuration found (all tested configs invalid).
[EXEC] Action ActionType.PICK executed in 1.92 seconds
[ERROR] Action ActionType.PICK failed for object /column2
Action duration: 0.001
reward 0.001
[LOG] Transition logged to MongoDB: 42446c84-281e-44e4-a59f-5beaf841bf45 - Episode 0
Action failed, stopping. Time elapsed: 0.001
Goal achieved: False
Goal region occupancy: ['None', 'None', 'None']
Number of actions: 2
Total task time: 0.002 sec
connected to simulation
simulation is explicitly stepped
Joint handles retrieved
State(column0: region_2, column1: region_0, column2: region_1)
Reading in option: pick_column0_top_0
Reading in option: pick_column0_left_0
Reading in option: pick_column0_right_0
Reading in option: pick_column0_front_270
Reading in option: pick_column1_top_0
Reading in option: pick_column1_left_0
Reading in option: pick_column1_right_0
Reading in option: pick_column1_front_270
Reading in option: pick_column2_top_0
Reading in option: pick_column2_left_0
Reading in option: pick_column2_right_0
Reading in option: pick_column2_front_270
Reading in option: place_goal_0_top_0
Reading in option: place_goal_0_left_0
Reading in option: place_goal_0_right_0
Reading in option: place_goal_0_front_270
Reading in option: place_goal_1_top_0
Reading in option: place_goal_1_left_0
Reading in option: place_goal_1_right_0
Reading in option: place_goal_1_front_270
Reading in option: place_goal_2_top_0
Reading in option: place_goal_2_left_0
Reading in option: place_goal_2_right_0
Reading in option: place_goal_2_front_270
Reading in option: place_region_0_top_0
Reading in option: place_region_0_left_0
Reading in option: place_region_0_right_0
Reading in option: place_region_0_front_270
Reading in option: place_region_1_top_0
Reading in option: place_region_1_left_0
Reading in option: place_region_1_right_0
Reading in option: place_region_1_front_270
Reading in option: place_region_2_top_0
Reading in option: place_region_2_left_0
Reading in option: place_region_2_right_0
Reading in option: place_region_2_front_270
Creating MDP...
Synthesising Policy...
Step 0
State fingerprint: frozenset({('/column2', '/region_1'), ('/column1', '/region_0'), ('/column0', '/region_2')})
policy state State(column0: region_2, column1: region_0, column2: region_1)
policy value 15.266978400334022
State(column0: region_2, column1: region_0, column2: region_1)
pick_column2_front_270
Action: Action(ActionType.PICK, obj=/column2, slot=None,grasp=GraspType.FRONT_270)
[EXEC] Picking /column2 with front_270

[INFO] Found 2496 potential configurations.
[WARN] No valid configuration found (all tested configs invalid).
[EXEC] Action ActionType.PICK executed in 2.16 seconds
[ERROR] Action ActionType.PICK failed for object /column2
Action duration: 0.001
reward 0.001
[LOG] Transition logged to MongoDB: 42446c84-281e-44e4-a59f-5beaf841bf45 - Episode 0
Action failed, stopping. Time elapsed: 0.001
Step 2
State fingerprint: frozenset({('/column2', '/region_1'), ('/column1', '/region_0'), ('/column0', '/region_2')})
State has been visited before, stopping to avoid loops
policy state State(column0: region_2, column1: region_0, column2: region_1)
policy value 15.266978400334022
State(column0: region_2, column1: region_0, column2: region_1)
pick_column2_front_270
Action: Action(ActionType.PICK, obj=/column2, slot=None,grasp=GraspType.FRONT_270)
[EXEC] Picking /column2 with front_270

[INFO] Found 2432 potential configurations.
[WARN] No valid configuration found (all tested configs invalid).
[EXEC] Action ActionType.PICK executed in 2.03 seconds
[ERROR] Action ActionType.PICK failed for object /column2
Action duration: 0.001
reward 0.001
[LOG] Transition logged to MongoDB: 42446c84-281e-44e4-a59f-5beaf841bf45 - Episode 0
Action failed, stopping. Time elapsed: 0.001
Goal achieved: False
Goal region occupancy: ['None', 'None', 'None']
Number of actions: 2
Total task time: 0.002 sec
connected to simulation
simulation is explicitly stepped
Joint handles retrieved
State(column0: region_2, column1: region_0, column2: region_1)
Reading in option: pick_column0_top_0
Reading in option: pick_column0_left_0
Reading in option: pick_column0_right_0
Reading in option: pick_column0_front_270
Reading in option: pick_column1_top_0
Reading in option: pick_column1_left_0
Reading in option: pick_column1_right_0
Reading in option: pick_column1_front_270
Reading in option: pick_column2_top_0
Reading in option: pick_column2_left_0
Reading in option: pick_column2_right_0
Reading in option: pick_column2_front_270
Reading in option: place_goal_0_top_0
Reading in option: place_goal_0_left_0
Reading in option: place_goal_0_right_0
Reading in option: place_goal_0_front_270
Reading in option: place_goal_1_top_0
Reading in option: place_goal_1_left_0
Reading in option: place_goal_1_right_0
Reading in option: place_goal_1_front_270
Reading in option: place_goal_2_top_0
Reading in option: place_goal_2_left_0
Reading in option: place_goal_2_right_0
Reading in option: place_goal_2_front_270
Reading in option: place_region_0_top_0
Reading in option: place_region_0_left_0
Reading in option: place_region_0_right_0
Reading in option: place_region_0_front_270
Reading in option: place_region_1_top_0
Reading in option: place_region_1_left_0
Reading in option: place_region_1_right_0
Reading in option: place_region_1_front_270
Reading in option: place_region_2_top_0
Reading in option: place_region_2_left_0
Reading in option: place_region_2_right_0
Reading in option: place_region_2_front_270
Creating MDP...
Synthesising Policy...
Step 0
State fingerprint: frozenset({('/column2', '/region_1'), ('/column1', '/region_0'), ('/column0', '/region_2')})
policy state State(column0: region_2, column1: region_0, column2: region_1)
policy value 15.266978157894282
State(column0: region_2, column1: region_0, column2: region_1)
pick_column2_front_270
Action: Action(ActionType.PICK, obj=/column2, slot=None,grasp=GraspType.FRONT_270)
[EXEC] Picking /column2 with front_270

[INFO] Found 2432 potential configurations.
[WARN] No valid configuration found (all tested configs invalid).
[EXEC] Action ActionType.PICK executed in 2.29 seconds
[ERROR] Action ActionType.PICK failed for object /column2
Action duration: 0.001
reward 0.001
[LOG] Transition logged to MongoDB: 42446c84-281e-44e4-a59f-5beaf841bf45 - Episode 0
Action failed, stopping. Time elapsed: 0.001
Step 2
State fingerprint: frozenset({('/column2', '/region_1'), ('/column1', '/region_0'), ('/column0', '/region_2')})
State has been visited before, stopping to avoid loops
policy state State(column0: region_2, column1: region_0, column2: region_1)
policy value 15.266978157894282
State(column0: region_2, column1: region_0, column2: region_1)
pick_column2_front_270
Action: Action(ActionType.PICK, obj=/column2, slot=None,grasp=GraspType.FRONT_270)
[EXEC] Picking /column2 with front_270

[INFO] Found 3264 potential configurations.
[WARN] No valid configuration found (all tested configs invalid).
[EXEC] Action ActionType.PICK executed in 2.46 seconds
[ERROR] Action ActionType.PICK failed for object /column2
Action duration: 0.001
reward 0.001
[LOG] Transition logged to MongoDB: 42446c84-281e-44e4-a59f-5beaf841bf45 - Episode 0
Action failed, stopping. Time elapsed: 0.001
Goal achieved: False
Goal region occupancy: ['None', 'None', 'None']
Number of actions: 2
Total task time: 0.002 sec
Running study for permutation 3, at limit 2000
connected to simulation
simulation is explicitly stepped
Joint handles retrieved
State(column0: region_2, column1: region_1, column2: region_0)
Reading in option: pick_column0_top_0
Reading in option: pick_column0_left_0
Reading in option: pick_column0_right_0
Reading in option: pick_column0_front_270
Reading in option: pick_column1_top_0
Reading in option: pick_column1_left_0
Reading in option: pick_column1_right_0
Reading in option: pick_column1_front_270
Reading in option: pick_column2_top_0
Reading in option: pick_column2_left_0
Reading in option: pick_column2_right_0
Reading in option: pick_column2_front_270
Reading in option: place_goal_0_top_0
Reading in option: place_goal_0_left_0
Reading in option: place_goal_0_right_0
Reading in option: place_goal_0_front_270
Reading in option: place_goal_1_top_0
Reading in option: place_goal_1_left_0
Reading in option: place_goal_1_right_0
Reading in option: place_goal_1_front_270
Reading in option: place_goal_2_top_0
Reading in option: place_goal_2_left_0
Reading in option: place_goal_2_right_0
Reading in option: place_goal_2_front_270
Reading in option: place_region_0_top_0
Reading in option: place_region_0_left_0
Reading in option: place_region_0_right_0
Reading in option: place_region_0_front_270
Reading in option: place_region_1_top_0
Reading in option: place_region_1_left_0
Reading in option: place_region_1_right_0
Reading in option: place_region_1_front_270
Reading in option: place_region_2_top_0
Reading in option: place_region_2_left_0
Reading in option: place_region_2_right_0
Reading in option: place_region_2_front_270
Creating MDP...
Synthesising Policy...
Step 0
State fingerprint: frozenset({('/column0', '/region_2'), ('/column1', '/region_1'), ('/column2', '/region_0')})
policy state State(column0: region_2, column1: region_1, column2: region_0)
policy value 13.570088883304603
State(column0: region_2, column1: region_1, column2: region_0)
pick_column0_front_270
Action: Action(ActionType.PICK, obj=/column0, slot=None,grasp=GraspType.FRONT_270)
[EXEC] Picking /column0 with front_270

[INFO] Found 2752 potential configurations.
[INFO] Motion completed successfully with result: success,in execution time: 4.16 seconds
[INFO] Found a reachable configuration for pick action after 1 attempts.
Tip distance after pick: 0.020181097322526046
[INFO] Pick action completed successfully.in execution time: 4.16 seconds
[EXEC] Action ActionType.PICK executed in 14.53 seconds
[SUCCESS] Action ActionType.PICK succeeded for object /column0
Action duration: 4.16
reward 4.16
[LOG] Transition logged to MongoDB: 42446c84-281e-44e4-a59f-5beaf841bf45 - Episode 0
Step 2
State fingerprint: frozenset({('/column0', 'held'), ('/column1', '/region_1'), ('/column2', '/region_0')})
policy state State(column0: held, column1: region_1, column2: region_0)
policy value 12.144715140767229
State(column0: held, column1: region_1, column2: region_0)
place_goal_1_top_0
Action: Action(ActionType.PLACE, obj=/column0, slot=/goal_1,grasp=GraspType.TOP_0)
[EXEC] Placing at [-0.2749999999999999, 1.0750000000000006, 0.5] with grasp top_0

[INFO] Found 2048 potential configurations.
[ERROR] Motion failed (collision or invalid path)
[ERROR] Motion result: no_path
[WARN] Failed to find a path to the selected place config on attempt 1.
[WARN] No path found to selected place config, discarding and trying next valid config...
[INFO] Motion completed successfully with result: success,in execution time: 8.24 seconds
[INFO] Found a reachable configuration for place action after 2 attempts.
[INFO] Place action completed successfully.
realigning placed object /column0 to target position
[EXEC] Action ActionType.PLACE executed in 28.83 seconds
[SUCCESS] Action ActionType.PLACE succeeded for object /column0
Action duration: 8.2399999999998
reward 8.2399999999998
[LOG] Transition logged to MongoDB: 42446c84-281e-44e4-a59f-5beaf841bf45 - Episode 0
Step 4
State fingerprint: frozenset({('/column2', '/region_0'), ('/column1', '/region_1'), ('/column0', '/goal_1')})
policy state State(column0: goal_1, column1: region_1, column2: region_0)
policy value 9.008911925119287
State(column0: goal_1, column1: region_1, column2: region_0)
pick_column2_right_0
Action: Action(ActionType.PICK, obj=/column2, slot=None,grasp=GraspType.RIGHT_0)
[EXEC] Picking /column2 with right_0

[INFO] Found 2944 potential configurations.
[INFO] Motion completed successfully with result: success,in execution time: 7.44 seconds
[INFO] Found a reachable configuration for pick action after 1 attempts.
Tip distance after pick: 0.0200235909767484
[INFO] Pick action completed successfully.in execution time: 7.44 seconds
[EXEC] Action ActionType.PICK executed in 19.03 seconds
[SUCCESS] Action ActionType.PICK succeeded for object /column2
Action duration: 7.4399999999998
reward 7.4399999999998
[LOG] Transition logged to MongoDB: 42446c84-281e-44e4-a59f-5beaf841bf45 - Episode 0
Step 6
State fingerprint: frozenset({('/column2', 'held'), ('/column1', '/region_1'), ('/column0', '/goal_1')})
policy state State(column0: goal_1, column1: region_1, column2: held)
policy value 8.929030180625599
State(column0: goal_1, column1: region_1, column2: held)
place_goal_0_front_270
Action: Action(ActionType.PLACE, obj=/column2, slot=/goal_0,grasp=GraspType.FRONT_270)
[EXEC] Placing at [-0.27499999999999986, 0.8250000000000005, 0.5] with grasp front_270

[INFO] Found 5568 potential configurations.
[ERROR] Motion failed (collision or invalid path)
[ERROR] Motion result: collision
[WARN] Failed to find a path to the selected place config on attempt 1.
[WARN] No path found to selected place config, discarding and trying next valid config...
[ERROR] Motion failed (collision or invalid path)
[ERROR] Motion result: collision
[WARN] Failed to find a path to the selected place config on attempt 2.
[WARN] No path found to selected place config, discarding and trying next valid config...
[ERROR] Motion failed (collision or invalid path)
[ERROR] Motion result: collision
[WARN] Failed to find a path to the selected place config on attempt 3.
[WARN] No path found to selected place config, discarding and trying next valid config...
[ERROR] Max IK attempts reached, place action failed.
[EXEC] Action ActionType.PLACE executed in 53.35 seconds
[ERROR] Action ActionType.PLACE failed for object /column2
Action duration: 0.001
reward 0.001
[LOG] Transition logged to MongoDB: 42446c84-281e-44e4-a59f-5beaf841bf45 - Episode 0
Action failed, stopping. Time elapsed: 0.001
Step 8
State fingerprint: frozenset({('/column2', 'held'), ('/column1', '/region_1'), ('/column0', '/goal_1')})
State has been visited before, stopping to avoid loops
policy state State(column0: goal_1, column1: region_1, column2: held)
policy value 8.929030180625599
State(column0: goal_1, column1: region_1, column2: held)
place_goal_0_front_270
Action: Action(ActionType.PLACE, obj=/column2, slot=/goal_0,grasp=GraspType.FRONT_270)
[EXEC] Placing at [-0.27499999999999986, 0.8250000000000005, 0.5] with grasp front_270

[INFO] Found 5056 potential configurations.
[INFO] Motion completed successfully with result: success,in execution time: 8.48 seconds
[INFO] Found a reachable configuration for place action after 1 attempts.
[INFO] Place action completed successfully.
realigning placed object /column2 to target position
[EXEC] Action ActionType.PLACE executed in 25.06 seconds
[SUCCESS] Action ActionType.PLACE succeeded for object /column2
Action duration: 8.4799999999998
reward 8.4799999999998
[LOG] Transition logged to MongoDB: 42446c84-281e-44e4-a59f-5beaf841bf45 - Episode 0
Goal achieved: False
Goal region occupancy: ['/column2', '/column0', 'None']
Number of actions: 5
Total task time: 28.3209999999994 sec
connected to simulation
simulation is explicitly stepped
Joint handles retrieved
State(column0: region_2, column1: region_1, column2: region_0)
Reading in option: pick_column0_top_0
Reading in option: pick_column0_left_0
Reading in option: pick_column0_right_0
Reading in option: pick_column0_front_270
Reading in option: pick_column1_top_0
Reading in option: pick_column1_left_0
Reading in option: pick_column1_right_0
Reading in option: pick_column1_front_270
Reading in option: pick_column2_top_0
Reading in option: pick_column2_left_0
Reading in option: pick_column2_right_0
Reading in option: pick_column2_front_270
Reading in option: place_goal_0_top_0
Reading in option: place_goal_0_left_0
Reading in option: place_goal_0_right_0
Reading in option: place_goal_0_front_270
Reading in option: place_goal_1_top_0
Reading in option: place_goal_1_left_0
Reading in option: place_goal_1_right_0
Reading in option: place_goal_1_front_270
Reading in option: place_goal_2_top_0
Reading in option: place_goal_2_left_0
Reading in option: place_goal_2_right_0
Reading in option: place_goal_2_front_270
Reading in option: place_region_0_top_0
Reading in option: place_region_0_left_0
Reading in option: place_region_0_right_0
Reading in option: place_region_0_front_270
Reading in option: place_region_1_top_0
Reading in option: place_region_1_left_0
Reading in option: place_region_1_right_0
Reading in option: place_region_1_front_270
Reading in option: place_region_2_top_0
Reading in option: place_region_2_left_0
Reading in option: place_region_2_right_0
Reading in option: place_region_2_front_270
Creating MDP...
Synthesising Policy...
Step 0
State fingerprint: frozenset({('/column0', '/region_2'), ('/column1', '/region_1'), ('/column2', '/region_0')})
policy state State(column0: region_2, column1: region_1, column2: region_0)
policy value 13.570089521840877
State(column0: region_2, column1: region_1, column2: region_0)
pick_column0_front_270
Action: Action(ActionType.PICK, obj=/column0, slot=None,grasp=GraspType.FRONT_270)
[EXEC] Picking /column0 with front_270

[INFO] Found 3392 potential configurations.
[INFO] Motion completed successfully with result: success,in execution time: 4.16 seconds
[INFO] Found a reachable configuration for pick action after 1 attempts.
Tip distance after pick: 0.02141757117905163
[INFO] Pick action completed successfully.in execution time: 4.16 seconds
[EXEC] Action ActionType.PICK executed in 15.25 seconds
[SUCCESS] Action ActionType.PICK succeeded for object /column0
Action duration: 4.16
reward 4.16
[LOG] Transition logged to MongoDB: 42446c84-281e-44e4-a59f-5beaf841bf45 - Episode 0
Step 2
State fingerprint: frozenset({('/column0', 'held'), ('/column1', '/region_1'), ('/column2', '/region_0')})
policy state State(column0: held, column1: region_1, column2: region_0)
policy value 12.144715779303503
State(column0: held, column1: region_1, column2: region_0)
place_goal_1_top_0
Action: Action(ActionType.PLACE, obj=/column0, slot=/goal_1,grasp=GraspType.TOP_0)
[EXEC] Placing at [-0.2749999999999999, 1.0750000000000006, 0.5] with grasp top_0

[INFO] Found 1664 potential configurations.
[ERROR] Motion failed (collision or invalid path)
[ERROR] Motion result: collision
[WARN] Failed to find a path to the selected place config on attempt 1.
[WARN] No path found to selected place config, discarding and trying next valid config...
[INFO] Motion completed successfully with result: success,in execution time: 10.32 seconds
[INFO] Found a reachable configuration for place action after 2 attempts.
[INFO] Place action completed successfully.
realigning placed object /column0 to target position
[EXEC] Action ActionType.PLACE executed in 43.38 seconds
[SUCCESS] Action ActionType.PLACE succeeded for object /column0
Action duration: 10.32
reward 10.32
[LOG] Transition logged to MongoDB: 42446c84-281e-44e4-a59f-5beaf841bf45 - Episode 0
Step 4
State fingerprint: frozenset({('/column2', '/region_0'), ('/column1', '/region_1'), ('/column0', '/goal_1')})
policy state State(column0: goal_1, column1: region_1, column2: region_0)
policy value 9.008912526276893
State(column0: goal_1, column1: region_1, column2: region_0)
pick_column2_right_0
Action: Action(ActionType.PICK, obj=/column2, slot=None,grasp=GraspType.RIGHT_0)
[EXEC] Picking /column2 with right_0

[INFO] Found 4288 potential configurations.
[INFO] Motion completed successfully with result: success,in execution time: 6.40 seconds
[INFO] Found a reachable configuration for pick action after 1 attempts.
Tip distance after pick: 0.020074218182126725
[INFO] Pick action completed successfully.in execution time: 6.40 seconds
[EXEC] Action ActionType.PICK executed in 20.23 seconds
[SUCCESS] Action ActionType.PICK succeeded for object /column2
Action duration: 6.3999999999999
reward 6.3999999999999
[LOG] Transition logged to MongoDB: 42446c84-281e-44e4-a59f-5beaf841bf45 - Episode 0
Step 6
State fingerprint: frozenset({('/column2', 'held'), ('/column1', '/region_1'), ('/column0', '/goal_1')})
policy state State(column0: goal_1, column1: region_1, column2: held)
policy value 8.929030690722756
State(column0: goal_1, column1: region_1, column2: held)
place_goal_0_front_270
Action: Action(ActionType.PLACE, obj=/column2, slot=/goal_0,grasp=GraspType.FRONT_270)
[EXEC] Placing at [-0.27499999999999986, 0.8250000000000005, 0.5] with grasp front_270

[INFO] Found 4416 potential configurations.
[ERROR] Motion failed (collision or invalid path)
[ERROR] Motion result: collision
[WARN] Failed to find a path to the selected place config on attempt 1.
[WARN] No path found to selected place config, discarding and trying next valid config...
[ERROR] Motion failed (collision or invalid path)
[ERROR] Motion result: collision
[WARN] Failed to find a path to the selected place config on attempt 2.
[WARN] No path found to selected place config, discarding and trying next valid config...
[ERROR] Motion failed (collision or invalid path)
[ERROR] Motion result: collision
[WARN] Failed to find a path to the selected place config on attempt 3.
[WARN] No path found to selected place config, discarding and trying next valid config...
[ERROR] Max IK attempts reached, place action failed.
[EXEC] Action ActionType.PLACE executed in 62.26 seconds
[ERROR] Action ActionType.PLACE failed for object /column2
Action duration: 0.001
reward 0.001
[LOG] Transition logged to MongoDB: 42446c84-281e-44e4-a59f-5beaf841bf45 - Episode 0
Action failed, stopping. Time elapsed: 0.001
Step 8
State fingerprint: frozenset({('/column2', 'held'), ('/column1', '/region_1'), ('/column0', '/goal_1')})
State has been visited before, stopping to avoid loops
policy state State(column0: goal_1, column1: region_1, column2: held)
policy value 8.929030690722756
State(column0: goal_1, column1: region_1, column2: held)
place_goal_0_front_270
Action: Action(ActionType.PLACE, obj=/column2, slot=/goal_0,grasp=GraspType.FRONT_270)
[EXEC] Placing at [-0.27499999999999986, 0.8250000000000005, 0.5] with grasp front_270

[INFO] Found 6336 potential configurations.
[ERROR] Motion failed (collision or invalid path)
[ERROR] Motion result: collision
[WARN] Failed to find a path to the selected place config on attempt 1.
[WARN] No path found to selected place config, discarding and trying next valid config...
[ERROR] Motion failed (collision or invalid path)
[ERROR] Motion result: collision
[WARN] Failed to find a path to the selected place config on attempt 2.
[WARN] No path found to selected place config, discarding and trying next valid config...
[ERROR] Motion failed (collision or invalid path)
[ERROR] Motion result: collision
[WARN] Failed to find a path to the selected place config on attempt 3.
[WARN] No path found to selected place config, discarding and trying next valid config...
[ERROR] Max IK attempts reached, place action failed.
[EXEC] Action ActionType.PLACE executed in 35.29 seconds
[ERROR] Action ActionType.PLACE failed for object /column2
Action duration: 0.001
reward 0.001
[LOG] Transition logged to MongoDB: 42446c84-281e-44e4-a59f-5beaf841bf45 - Episode 0
Action failed, stopping. Time elapsed: 0.001
Goal achieved: False
Goal region occupancy: ['None', '/column0', 'None']
Number of actions: 5
Total task time: 20.881999999999902 sec
connected to simulation
simulation is explicitly stepped
Joint handles retrieved
State(column0: region_2, column1: region_1, column2: region_0)
Reading in option: pick_column0_top_0
Reading in option: pick_column0_left_0
Reading in option: pick_column0_right_0
Reading in option: pick_column0_front_270
Reading in option: pick_column1_top_0
Reading in option: pick_column1_left_0
Reading in option: pick_column1_right_0
Reading in option: pick_column1_front_270
Reading in option: pick_column2_top_0
Reading in option: pick_column2_left_0
Reading in option: pick_column2_right_0
Reading in option: pick_column2_front_270
Reading in option: place_goal_0_top_0
Reading in option: place_goal_0_left_0
Reading in option: place_goal_0_right_0
Reading in option: place_goal_0_front_270
Reading in option: place_goal_1_top_0
Reading in option: place_goal_1_left_0
Reading in option: place_goal_1_right_0
Reading in option: place_goal_1_front_270
Reading in option: place_goal_2_top_0
Reading in option: place_goal_2_left_0
Reading in option: place_goal_2_right_0
Reading in option: place_goal_2_front_270
Reading in option: place_region_0_top_0
Reading in option: place_region_0_left_0
Reading in option: place_region_0_right_0
Reading in option: place_region_0_front_270
Reading in option: place_region_1_top_0
Reading in option: place_region_1_left_0
Reading in option: place_region_1_right_0
Reading in option: place_region_1_front_270
Reading in option: place_region_2_top_0
Reading in option: place_region_2_left_0
Reading in option: place_region_2_right_0
Reading in option: place_region_2_front_270
Creating MDP...
Synthesising Policy...
Step 0
State fingerprint: frozenset({('/column0', '/region_2'), ('/column1', '/region_1'), ('/column2', '/region_0')})
policy state State(column0: region_2, column1: region_1, column2: region_0)
policy value 13.57008946682051
State(column0: region_2, column1: region_1, column2: region_0)
pick_column0_front_270
Action: Action(ActionType.PICK, obj=/column0, slot=None,grasp=GraspType.FRONT_270)
[EXEC] Picking /column0 with front_270

[INFO] Found 3904 potential configurations.
[INFO] Motion completed successfully with result: success,in execution time: 4.16 seconds
[INFO] Found a reachable configuration for pick action after 1 attempts.
Tip distance after pick: 0.02146954324662185
[INFO] Pick action completed successfully.in execution time: 4.16 seconds
[EXEC] Action ActionType.PICK executed in 16.65 seconds
[SUCCESS] Action ActionType.PICK succeeded for object /column0
Action duration: 4.16
reward 4.16
[LOG] Transition logged to MongoDB: 42446c84-281e-44e4-a59f-5beaf841bf45 - Episode 0
Step 2
State fingerprint: frozenset({('/column0', 'held'), ('/column1', '/region_1'), ('/column2', '/region_0')})
policy state State(column0: held, column1: region_1, column2: region_0)
policy value 12.144715724283136
State(column0: held, column1: region_1, column2: region_0)
place_goal_1_top_0
Action: Action(ActionType.PLACE, obj=/column0, slot=/goal_1,grasp=GraspType.TOP_0)
[EXEC] Placing at [-0.2749999999999999, 1.0750000000000006, 0.5] with grasp top_0

[INFO] Found 1728 potential configurations.
[INFO] Motion completed successfully with result: success,in execution time: 18.68 seconds
[INFO] Found a reachable configuration for place action after 1 attempts.
[INFO] Place action completed successfully.
realigning placed object /column0 to target position
[EXEC] Action ActionType.PLACE executed in 35.68 seconds
[SUCCESS] Action ActionType.PLACE succeeded for object /column0
Action duration: 18.68
reward 18.68
[LOG] Transition logged to MongoDB: 42446c84-281e-44e4-a59f-5beaf841bf45 - Episode 0
Step 4
State fingerprint: frozenset({('/column2', '/region_0'), ('/column1', '/region_1'), ('/column0', '/goal_1')})
policy state State(column0: goal_1, column1: region_1, column2: region_0)
policy value 9.008912471769635
State(column0: goal_1, column1: region_1, column2: region_0)
pick_column2_right_0
Action: Action(ActionType.PICK, obj=/column2, slot=None,grasp=GraspType.RIGHT_0)
[EXEC] Picking /column2 with right_0

[INFO] Found 4032 potential configurations.
[INFO] Motion completed successfully with result: success,in execution time: 9.04 seconds
[INFO] Found a reachable configuration for pick action after 1 attempts.
Tip distance after pick: 0.019914396857568843
[INFO] Pick action completed successfully.in execution time: 9.04 seconds
[EXEC] Action ActionType.PICK executed in 23.57 seconds
[SUCCESS] Action ActionType.PICK succeeded for object /column2
Action duration: 9.0399999999998
reward 9.0399999999998
[LOG] Transition logged to MongoDB: 42446c84-281e-44e4-a59f-5beaf841bf45 - Episode 0
Step 6
State fingerprint: frozenset({('/column2', 'held'), ('/column1', '/region_1'), ('/column0', '/goal_1')})
policy state State(column0: goal_1, column1: region_1, column2: held)
policy value 8.929030637773929
State(column0: goal_1, column1: region_1, column2: held)
place_goal_0_front_270
Action: Action(ActionType.PLACE, obj=/column2, slot=/goal_0,grasp=GraspType.FRONT_270)
[EXEC] Placing at [-0.27499999999999986, 0.8250000000000005, 0.5] with grasp front_270

[INFO] Found 5184 potential configurations.
[ERROR] Motion failed (collision or invalid path)
[ERROR] Motion result: collision
[WARN] Failed to find a path to the selected place config on attempt 1.
[WARN] No path found to selected place config, discarding and trying next valid config...
[ERROR] Motion failed (collision or invalid path)
[ERROR] Motion result: collision
[WARN] Failed to find a path to the selected place config on attempt 2.
[WARN] No path found to selected place config, discarding and trying next valid config...
[ERROR] Motion failed (collision or invalid path)
[ERROR] Motion result: collision
[WARN] Failed to find a path to the selected place config on attempt 3.
[WARN] No path found to selected place config, discarding and trying next valid config...
[ERROR] Max IK attempts reached, place action failed.
[EXEC] Action ActionType.PLACE executed in 40.67 seconds
[ERROR] Action ActionType.PLACE failed for object /column2
Action duration: 0.001
reward 0.001
[LOG] Transition logged to MongoDB: 42446c84-281e-44e4-a59f-5beaf841bf45 - Episode 0
Action failed, stopping. Time elapsed: 0.001
Step 8
State fingerprint: frozenset({('/column2', 'held'), ('/column1', '/region_1'), ('/column0', '/goal_1')})
State has been visited before, stopping to avoid loops
policy state State(column0: goal_1, column1: region_1, column2: held)
policy value 8.929030637773929
State(column0: goal_1, column1: region_1, column2: held)
place_goal_0_front_270
Action: Action(ActionType.PLACE, obj=/column2, slot=/goal_0,grasp=GraspType.FRONT_270)
[EXEC] Placing at [-0.27499999999999986, 0.8250000000000005, 0.5] with grasp front_270

[INFO] Found 4160 potential configurations.
[ERROR] Motion failed (collision or invalid path)
[ERROR] Motion result: collision
[WARN] Failed to find a path to the selected place config on attempt 1.
[WARN] No path found to selected place config, discarding and trying next valid config...
[ERROR] Motion failed (collision or invalid path)
[ERROR] Motion result: collision
[WARN] Failed to find a path to the selected place config on attempt 2.
[WARN] No path found to selected place config, discarding and trying next valid config...
[ERROR] Motion failed (collision or invalid path)
[ERROR] Motion result: collision
[WARN] Failed to find a path to the selected place config on attempt 3.
[WARN] No path found to selected place config, discarding and trying next valid config...
[ERROR] Max IK attempts reached, place action failed.
[EXEC] Action ActionType.PLACE executed in 36.59 seconds
[ERROR] Action ActionType.PLACE failed for object /column2
Action duration: 0.001
reward 0.001
[LOG] Transition logged to MongoDB: 42446c84-281e-44e4-a59f-5beaf841bf45 - Episode 0
Action failed, stopping. Time elapsed: 0.001
Goal achieved: False
Goal region occupancy: ['None', '/column0', 'None']
Number of actions: 5
Total task time: 31.881999999999802 sec
connected to simulation
simulation is explicitly stepped
Joint handles retrieved
State(column0: region_2, column1: region_1, column2: region_0)
Reading in option: pick_column0_top_0
Reading in option: pick_column0_left_0
Reading in option: pick_column0_right_0
Reading in option: pick_column0_front_270
Reading in option: pick_column1_top_0
Reading in option: pick_column1_left_0
Reading in option: pick_column1_right_0
Reading in option: pick_column1_front_270
Reading in option: pick_column2_top_0
Reading in option: pick_column2_left_0
Reading in option: pick_column2_right_0
Reading in option: pick_column2_front_270
Reading in option: place_goal_0_top_0
Reading in option: place_goal_0_left_0
Reading in option: place_goal_0_right_0
Reading in option: place_goal_0_front_270
Reading in option: place_goal_1_top_0
Reading in option: place_goal_1_left_0
Reading in option: place_goal_1_right_0
Reading in option: place_goal_1_front_270
Reading in option: place_goal_2_top_0
Reading in option: place_goal_2_left_0
Reading in option: place_goal_2_right_0
Reading in option: place_goal_2_front_270
Reading in option: place_region_0_top_0
Reading in option: place_region_0_left_0
Reading in option: place_region_0_right_0
Reading in option: place_region_0_front_270
Reading in option: place_region_1_top_0
Reading in option: place_region_1_left_0
Reading in option: place_region_1_right_0
Reading in option: place_region_1_front_270
Reading in option: place_region_2_top_0
Reading in option: place_region_2_left_0
Reading in option: place_region_2_right_0
Reading in option: place_region_2_front_270
Creating MDP...
Synthesising Policy...
Step 0
State fingerprint: frozenset({('/column0', '/region_2'), ('/column1', '/region_1'), ('/column2', '/region_0')})
policy state State(column0: region_2, column1: region_1, column2: region_0)
policy value 13.570089464719036
State(column0: region_2, column1: region_1, column2: region_0)
pick_column0_front_270
Action: Action(ActionType.PICK, obj=/column0, slot=None,grasp=GraspType.FRONT_270)
[EXEC] Picking /column0 with front_270

[INFO] Found 3008 potential configurations.
[INFO] Motion completed successfully with result: success,in execution time: 4.08 seconds
[INFO] Found a reachable configuration for pick action after 1 attempts.
Tip distance after pick: 0.01993908709560625
[INFO] Pick action completed successfully.in execution time: 4.08 seconds
[EXEC] Action ActionType.PICK executed in 14.44 seconds
[SUCCESS] Action ActionType.PICK succeeded for object /column0
Action duration: 4.08
reward 4.08
[LOG] Transition logged to MongoDB: 42446c84-281e-44e4-a59f-5beaf841bf45 - Episode 0
Step 2
State fingerprint: frozenset({('/column0', 'held'), ('/column1', '/region_1'), ('/column2', '/region_0')})
policy state State(column0: held, column1: region_1, column2: region_0)
policy value 12.144715722181662
State(column0: held, column1: region_1, column2: region_0)
place_goal_1_top_0
Action: Action(ActionType.PLACE, obj=/column0, slot=/goal_1,grasp=GraspType.TOP_0)
[EXEC] Placing at [-0.2749999999999999, 1.0750000000000006, 0.5] with grasp top_0

[INFO] Found 2112 potential configurations.
[ERROR] Motion failed (collision or invalid path)
[ERROR] Motion result: collision
[WARN] Failed to find a path to the selected place config on attempt 1.
[WARN] No path found to selected place config, discarding and trying next valid config...
[INFO] Motion completed successfully with result: success,in execution time: 8.48 seconds
[INFO] Found a reachable configuration for place action after 2 attempts.
[INFO] Place action completed successfully.
realigning placed object /column0 to target position
[EXEC] Action ActionType.PLACE executed in 28.46 seconds
[SUCCESS] Action ActionType.PLACE succeeded for object /column0
Action duration: 8.4799999999998
reward 8.4799999999998
[LOG] Transition logged to MongoDB: 42446c84-281e-44e4-a59f-5beaf841bf45 - Episode 0
Step 4
State fingerprint: frozenset({('/column2', '/region_0'), ('/column1', '/region_1'), ('/column0', '/goal_1')})
policy state State(column0: goal_1, column1: region_1, column2: region_0)
policy value 9.00891246982526
State(column0: goal_1, column1: region_1, column2: region_0)
pick_column2_right_0
Action: Action(ActionType.PICK, obj=/column2, slot=None,grasp=GraspType.RIGHT_0)
[EXEC] Picking /column2 with right_0

[INFO] Found 3712 potential configurations.
[INFO] Motion completed successfully with result: success,in execution time: 12.60 seconds
[INFO] Found a reachable configuration for pick action after 1 attempts.
Tip distance after pick: 0.019166551121321783
[INFO] Pick action completed successfully.in execution time: 12.60 seconds
[EXEC] Action ActionType.PICK executed in 28.48 seconds
[SUCCESS] Action ActionType.PICK succeeded for object /column2
Action duration: 12.6
reward 12.6
[LOG] Transition logged to MongoDB: 42446c84-281e-44e4-a59f-5beaf841bf45 - Episode 0
Step 6
State fingerprint: frozenset({('/column2', 'held'), ('/column1', '/region_1'), ('/column0', '/goal_1')})
policy state State(column0: goal_1, column1: region_1, column2: held)
policy value 8.929030636173826
State(column0: goal_1, column1: region_1, column2: held)
place_goal_0_front_270
Action: Action(ActionType.PLACE, obj=/column2, slot=/goal_0,grasp=GraspType.FRONT_270)
[EXEC] Placing at [-0.27499999999999986, 0.8250000000000005, 0.5] with grasp front_270

[INFO] Found 5568 potential configurations.
[ERROR] Motion failed (collision or invalid path)
[ERROR] Motion result: collision
[WARN] Failed to find a path to the selected place config on attempt 1.
[WARN] No path found to selected place config, discarding and trying next valid config...
[ERROR] Motion failed (collision or invalid path)
[ERROR] Motion result: collision
[WARN] Failed to find a path to the selected place config on attempt 2.
[WARN] No path found to selected place config, discarding and trying next valid config...
[ERROR] Motion failed (collision or invalid path)
[ERROR] Motion result: collision
[WARN] Failed to find a path to the selected place config on attempt 3.
[WARN] No path found to selected place config, discarding and trying next valid config...
[ERROR] Max IK attempts reached, place action failed.
[EXEC] Action ActionType.PLACE executed in 34.08 seconds
[ERROR] Action ActionType.PLACE failed for object /column2
Action duration: 0.001
reward 0.001
[LOG] Transition logged to MongoDB: 42446c84-281e-44e4-a59f-5beaf841bf45 - Episode 0
Action failed, stopping. Time elapsed: 0.001
Step 8
State fingerprint: frozenset({('/column2', 'held'), ('/column1', '/region_1'), ('/column0', '/goal_1')})
State has been visited before, stopping to avoid loops
policy state State(column0: goal_1, column1: region_1, column2: held)
policy value 8.929030636173826
State(column0: goal_1, column1: region_1, column2: held)
place_goal_0_front_270
Action: Action(ActionType.PLACE, obj=/column2, slot=/goal_0,grasp=GraspType.FRONT_270)
[EXEC] Placing at [-0.27499999999999986, 0.8250000000000005, 0.5] with grasp front_270

[INFO] Found 5248 potential configurations.
[ERROR] Motion failed (collision or invalid path)
[ERROR] Motion result: collision
[WARN] Failed to find a path to the selected place config on attempt 1.
[WARN] No path found to selected place config, discarding and trying next valid config...
[ERROR] Motion failed (collision or invalid path)
[ERROR] Motion result: collision
[WARN] Failed to find a path to the selected place config on attempt 2.
[WARN] No path found to selected place config, discarding and trying next valid config...
[ERROR] Motion failed (collision or invalid path)
[ERROR] Motion result: collision
[WARN] Failed to find a path to the selected place config on attempt 3.
[WARN] No path found to selected place config, discarding and trying next valid config...
[ERROR] Max IK attempts reached, place action failed.
[EXEC] Action ActionType.PLACE executed in 53.23 seconds
[ERROR] Action ActionType.PLACE failed for object /column2
Action duration: 0.001
reward 0.001
[LOG] Transition logged to MongoDB: 42446c84-281e-44e4-a59f-5beaf841bf45 - Episode 0
Action failed, stopping. Time elapsed: 0.001
Goal achieved: False
Goal region occupancy: ['None', '/column0', 'None']
Number of actions: 5
Total task time: 25.1619999999998 sec
connected to simulation
simulation is explicitly stepped
Joint handles retrieved
State(column0: region_2, column1: region_1, column2: region_0)
Reading in option: pick_column0_top_0
Reading in option: pick_column0_left_0
Reading in option: pick_column0_right_0
Reading in option: pick_column0_front_270
Reading in option: pick_column1_top_0
Reading in option: pick_column1_left_0
Reading in option: pick_column1_right_0
Reading in option: pick_column1_front_270
Reading in option: pick_column2_top_0
Reading in option: pick_column2_left_0
Reading in option: pick_column2_right_0
Reading in option: pick_column2_front_270
Reading in option: place_goal_0_top_0
Reading in option: place_goal_0_left_0
Reading in option: place_goal_0_right_0
Reading in option: place_goal_0_front_270
Reading in option: place_goal_1_top_0
Reading in option: place_goal_1_left_0
Reading in option: place_goal_1_right_0
Reading in option: place_goal_1_front_270
Reading in option: place_goal_2_top_0
Reading in option: place_goal_2_left_0
Reading in option: place_goal_2_right_0
Reading in option: place_goal_2_front_270
Reading in option: place_region_0_top_0
Reading in option: place_region_0_left_0
Reading in option: place_region_0_right_0
Reading in option: place_region_0_front_270
Reading in option: place_region_1_top_0
Reading in option: place_region_1_left_0
Reading in option: place_region_1_right_0
Reading in option: place_region_1_front_270
Reading in option: place_region_2_top_0
Reading in option: place_region_2_left_0
Reading in option: place_region_2_right_0
Reading in option: place_region_2_front_270
Creating MDP...
Synthesising Policy...
Step 0
State fingerprint: frozenset({('/column0', '/region_2'), ('/column1', '/region_1'), ('/column2', '/region_0')})
policy state State(column0: region_2, column1: region_1, column2: region_0)
policy value 13.570089466822111
State(column0: region_2, column1: region_1, column2: region_0)
pick_column0_front_270
Action: Action(ActionType.PICK, obj=/column0, slot=None,grasp=GraspType.FRONT_270)
[EXEC] Picking /column0 with front_270

[INFO] Found 3264 potential configurations.
[INFO] Motion completed successfully with result: success,in execution time: 4.08 seconds
[INFO] Found a reachable configuration for pick action after 1 attempts.
Tip distance after pick: 0.020385269783340248
[INFO] Pick action completed successfully.in execution time: 4.08 seconds
[EXEC] Action ActionType.PICK executed in 14.41 seconds
[SUCCESS] Action ActionType.PICK succeeded for object /column0
Action duration: 4.08
reward 4.08
[LOG] Transition logged to MongoDB: 42446c84-281e-44e4-a59f-5beaf841bf45 - Episode 0
Step 2
State fingerprint: frozenset({('/column0', 'held'), ('/column1', '/region_1'), ('/column2', '/region_0')})
policy state State(column0: held, column1: region_1, column2: region_0)
policy value 12.144715724284737
State(column0: held, column1: region_1, column2: region_0)
place_goal_1_top_0
Action: Action(ActionType.PLACE, obj=/column0, slot=/goal_1,grasp=GraspType.TOP_0)
[EXEC] Placing at [-0.2749999999999999, 1.0750000000000006, 0.5] with grasp top_0

[INFO] Found 1664 potential configurations.
[INFO] Motion completed successfully with result: success,in execution time: 6.88 seconds
[INFO] Found a reachable configuration for place action after 1 attempts.
[INFO] Place action completed successfully.
realigning placed object /column0 to target position
[EXEC] Action ActionType.PLACE executed in 18.40 seconds
[SUCCESS] Action ActionType.PLACE succeeded for object /column0
Action duration: 6.8799999999999
reward 6.8799999999999
[LOG] Transition logged to MongoDB: 42446c84-281e-44e4-a59f-5beaf841bf45 - Episode 0
Step 4
State fingerprint: frozenset({('/column2', '/region_0'), ('/column1', '/region_1'), ('/column0', '/goal_1')})
policy state State(column0: goal_1, column1: region_1, column2: region_0)
policy value 9.00891247177122
State(column0: goal_1, column1: region_1, column2: region_0)
pick_column2_right_0
Action: Action(ActionType.PICK, obj=/column2, slot=None,grasp=GraspType.RIGHT_0)
[EXEC] Picking /column2 with right_0

[INFO] Found 4096 potential configurations.
[INFO] Motion completed successfully with result: success,in execution time: 9.28 seconds
[INFO] Found a reachable configuration for pick action after 1 attempts.
Tip distance after pick: 0.01980544272099714
[INFO] Pick action completed successfully.in execution time: 9.28 seconds
[EXEC] Action ActionType.PICK executed in 24.56 seconds
[SUCCESS] Action ActionType.PICK succeeded for object /column2
Action duration: 9.2799999999998
reward 9.2799999999998
[LOG] Transition logged to MongoDB: 42446c84-281e-44e4-a59f-5beaf841bf45 - Episode 0
Step 6
State fingerprint: frozenset({('/column2', 'held'), ('/column1', '/region_1'), ('/column0', '/goal_1')})
policy state State(column0: goal_1, column1: region_1, column2: held)
policy value 8.92903063777546
State(column0: goal_1, column1: region_1, column2: held)
place_goal_0_front_270
Action: Action(ActionType.PLACE, obj=/column2, slot=/goal_0,grasp=GraspType.FRONT_270)
[EXEC] Placing at [-0.27499999999999986, 0.8250000000000005, 0.5] with grasp front_270

[INFO] Found 5376 potential configurations.
[ERROR] Motion failed (collision or invalid path)
[ERROR] Motion result: collision
[WARN] Failed to find a path to the selected place config on attempt 1.
[WARN] No path found to selected place config, discarding and trying next valid config...
[ERROR] Motion failed (collision or invalid path)
[ERROR] Motion result: collision
[WARN] Failed to find a path to the selected place config on attempt 2.
[WARN] No path found to selected place config, discarding and trying next valid config...
[ERROR] Motion failed (collision or invalid path)
[ERROR] Motion result: collision
[WARN] Failed to find a path to the selected place config on attempt 3.
[WARN] No path found to selected place config, discarding and trying next valid config...
[ERROR] Max IK attempts reached, place action failed.
[EXEC] Action ActionType.PLACE executed in 57.72 seconds
[ERROR] Action ActionType.PLACE failed for object /column2
Action duration: 0.001
reward 0.001
[LOG] Transition logged to MongoDB: 42446c84-281e-44e4-a59f-5beaf841bf45 - Episode 0
Action failed, stopping. Time elapsed: 0.001
Step 8
State fingerprint: frozenset({('/column2', 'held'), ('/column1', '/region_1'), ('/column0', '/goal_1')})
State has been visited before, stopping to avoid loops
policy state State(column0: goal_1, column1: region_1, column2: held)
policy value 8.92903063777546
State(column0: goal_1, column1: region_1, column2: held)
place_goal_0_front_270
Action: Action(ActionType.PLACE, obj=/column2, slot=/goal_0,grasp=GraspType.FRONT_270)
[EXEC] Placing at [-0.27499999999999986, 0.8250000000000005, 0.5] with grasp front_270

[INFO] Found 4480 potential configurations.
[ERROR] Motion failed (collision or invalid path)
[ERROR] Motion result: collision
[WARN] Failed to find a path to the selected place config on attempt 1.
[WARN] No path found to selected place config, discarding and trying next valid config...
[ERROR] Motion failed (collision or invalid path)
[ERROR] Motion result: collision
[WARN] Failed to find a path to the selected place config on attempt 2.
[WARN] No path found to selected place config, discarding and trying next valid config...
[ERROR] Motion failed (collision or invalid path)
[ERROR] Motion result: collision
[WARN] Failed to find a path to the selected place config on attempt 3.
[WARN] No path found to selected place config, discarding and trying next valid config...
[ERROR] Max IK attempts reached, place action failed.
[EXEC] Action ActionType.PLACE executed in 39.08 seconds
[ERROR] Action ActionType.PLACE failed for object /column2
Action duration: 0.001
reward 0.001
[LOG] Transition logged to MongoDB: 42446c84-281e-44e4-a59f-5beaf841bf45 - Episode 0
Action failed, stopping. Time elapsed: 0.001
Goal achieved: False
Goal region occupancy: ['None', '/column0', 'None']
Number of actions: 5
Total task time: 20.241999999999706 sec
connected to simulation
simulation is explicitly stepped
Joint handles retrieved
State(column0: region_2, column1: region_1, column2: region_0)
Reading in option: pick_column0_top_0
Reading in option: pick_column0_left_0
Reading in option: pick_column0_right_0
Reading in option: pick_column0_front_270
Reading in option: pick_column1_top_0
Reading in option: pick_column1_left_0
Reading in option: pick_column1_right_0
Reading in option: pick_column1_front_270
Reading in option: pick_column2_top_0
Reading in option: pick_column2_left_0
Reading in option: pick_column2_right_0
Reading in option: pick_column2_front_270
Reading in option: place_goal_0_top_0
Reading in option: place_goal_0_left_0
Reading in option: place_goal_0_right_0
Reading in option: place_goal_0_front_270
Reading in option: place_goal_1_top_0
Reading in option: place_goal_1_left_0
Reading in option: place_goal_1_right_0
Reading in option: place_goal_1_front_270
Reading in option: place_goal_2_top_0
Reading in option: place_goal_2_left_0
Reading in option: place_goal_2_right_0
Reading in option: place_goal_2_front_270
Reading in option: place_region_0_top_0
Reading in option: place_region_0_left_0
Reading in option: place_region_0_right_0
Reading in option: place_region_0_front_270
Reading in option: place_region_1_top_0
Reading in option: place_region_1_left_0
Reading in option: place_region_1_right_0
Reading in option: place_region_1_front_270
Reading in option: place_region_2_top_0
Reading in option: place_region_2_left_0
Reading in option: place_region_2_right_0
Reading in option: place_region_2_front_270
Creating MDP...
Synthesising Policy...
Step 0
State fingerprint: frozenset({('/column0', '/region_2'), ('/column1', '/region_1'), ('/column2', '/region_0')})
policy state State(column0: region_2, column1: region_1, column2: region_0)
policy value 13.570089466822106
State(column0: region_2, column1: region_1, column2: region_0)
pick_column0_front_270
Action: Action(ActionType.PICK, obj=/column0, slot=None,grasp=GraspType.FRONT_270)
[EXEC] Picking /column0 with front_270

[INFO] Found 4224 potential configurations.
[INFO] Motion completed successfully with result: success,in execution time: 4.08 seconds
[INFO] Found a reachable configuration for pick action after 1 attempts.
Tip distance after pick: 0.020676883734796793
[INFO] Pick action completed successfully.in execution time: 4.08 seconds
[EXEC] Action ActionType.PICK executed in 16.21 seconds
[SUCCESS] Action ActionType.PICK succeeded for object /column0
Action duration: 4.08
reward 4.08
[LOG] Transition logged to MongoDB: 42446c84-281e-44e4-a59f-5beaf841bf45 - Episode 0
Step 2
State fingerprint: frozenset({('/column0', 'held'), ('/column1', '/region_1'), ('/column2', '/region_0')})
policy state State(column0: held, column1: region_1, column2: region_0)
policy value 12.144715724284731
State(column0: held, column1: region_1, column2: region_0)
place_goal_1_top_0
Action: Action(ActionType.PLACE, obj=/column0, slot=/goal_1,grasp=GraspType.TOP_0)
[EXEC] Placing at [-0.2749999999999999, 1.0750000000000006, 0.5] with grasp top_0

[INFO] Found 1536 potential configurations.
[ERROR] Motion failed (collision or invalid path)
[ERROR] Motion result: collision
[WARN] Failed to find a path to the selected place config on attempt 1.
[WARN] No path found to selected place config, discarding and trying next valid config...
[ERROR] Motion failed (collision or invalid path)
[ERROR] Motion result: no_path
[WARN] Failed to find a path to the selected place config on attempt 2.
[WARN] No path found to selected place config, discarding and trying next valid config...
[INFO] Motion completed successfully with result: success,in execution time: 8.84 seconds
[INFO] Found a reachable configuration for place action after 3 attempts.
[INFO] Place action completed successfully.
realigning placed object /column0 to target position
[EXEC] Action ActionType.PLACE executed in 32.23 seconds
[SUCCESS] Action ActionType.PLACE succeeded for object /column0
Action duration: 8.8399999999998
reward 8.8399999999998
[LOG] Transition logged to MongoDB: 42446c84-281e-44e4-a59f-5beaf841bf45 - Episode 0
Step 4
State fingerprint: frozenset({('/column2', '/region_0'), ('/column1', '/region_1'), ('/column0', '/goal_1')})
policy state State(column0: goal_1, column1: region_1, column2: region_0)
policy value 9.008912471771216
State(column0: goal_1, column1: region_1, column2: region_0)
pick_column2_right_0
Action: Action(ActionType.PICK, obj=/column2, slot=None,grasp=GraspType.RIGHT_0)
[EXEC] Picking /column2 with right_0

[INFO] Found 4672 potential configurations.
[INFO] Motion completed successfully with result: success,in execution time: 6.96 seconds
[INFO] Found a reachable configuration for pick action after 1 attempts.
Tip distance after pick: 0.01928217415008488
[INFO] Pick action completed successfully.in execution time: 6.96 seconds
[EXEC] Action ActionType.PICK executed in 20.07 seconds
[SUCCESS] Action ActionType.PICK succeeded for object /column2
Action duration: 6.9599999999999
reward 6.9599999999999
[LOG] Transition logged to MongoDB: 42446c84-281e-44e4-a59f-5beaf841bf45 - Episode 0
Step 6
State fingerprint: frozenset({('/column2', 'held'), ('/column1', '/region_1'), ('/column0', '/goal_1')})
policy state State(column0: goal_1, column1: region_1, column2: held)
policy value 8.929030637775458
State(column0: goal_1, column1: region_1, column2: held)
place_goal_0_front_270
Action: Action(ActionType.PLACE, obj=/column2, slot=/goal_0,grasp=GraspType.FRONT_270)
[EXEC] Placing at [-0.27499999999999986, 0.8250000000000005, 0.5] with grasp front_270

[INFO] Found 5056 potential configurations.
[ERROR] Motion failed (collision or invalid path)
[ERROR] Motion result: collision
[WARN] Failed to find a path to the selected place config on attempt 1.
[WARN] No path found to selected place config, discarding and trying next valid config...
[ERROR] Motion failed (collision or invalid path)
[ERROR] Motion result: collision
[WARN] Failed to find a path to the selected place config on attempt 2.
[WARN] No path found to selected place config, discarding and trying next valid config...
[ERROR] Motion failed (collision or invalid path)
[ERROR] Motion result: collision
[WARN] Failed to find a path to the selected place config on attempt 3.
[WARN] No path found to selected place config, discarding and trying next valid config...
[ERROR] Max IK attempts reached, place action failed.
[EXEC] Action ActionType.PLACE executed in 46.92 seconds
[ERROR] Action ActionType.PLACE failed for object /column2
Action duration: 0.001
reward 0.001
[LOG] Transition logged to MongoDB: 42446c84-281e-44e4-a59f-5beaf841bf45 - Episode 0
Action failed, stopping. Time elapsed: 0.001
Step 8
State fingerprint: frozenset({('/column2', 'held'), ('/column1', '/region_1'), ('/column0', '/goal_1')})
State has been visited before, stopping to avoid loops
policy state State(column0: goal_1, column1: region_1, column2: held)
policy value 8.929030637775458
State(column0: goal_1, column1: region_1, column2: held)
place_goal_0_front_270
Action: Action(ActionType.PLACE, obj=/column2, slot=/goal_0,grasp=GraspType.FRONT_270)
[EXEC] Placing at [-0.27499999999999986, 0.8250000000000005, 0.5] with grasp front_270

[INFO] Found 4160 potential configurations.
[ERROR] Motion failed (collision or invalid path)
[ERROR] Motion result: collision
[WARN] Failed to find a path to the selected place config on attempt 1.
[WARN] No path found to selected place config, discarding and trying next valid config...
[ERROR] Motion failed (collision or invalid path)
[ERROR] Motion result: collision
[WARN] Failed to find a path to the selected place config on attempt 2.
[WARN] No path found to selected place config, discarding and trying next valid config...
[ERROR] Motion failed (collision or invalid path)
[ERROR] Motion result: collision
[WARN] Failed to find a path to the selected place config on attempt 3.
[WARN] No path found to selected place config, discarding and trying next valid config...
[ERROR] Max IK attempts reached, place action failed.
[EXEC] Action ActionType.PLACE executed in 52.76 seconds
[ERROR] Action ActionType.PLACE failed for object /column2
Action duration: 0.001
reward 0.001
[LOG] Transition logged to MongoDB: 42446c84-281e-44e4-a59f-5beaf841bf45 - Episode 0
Action failed, stopping. Time elapsed: 0.001
Goal achieved: False
Goal region occupancy: ['None', '/column0', 'None']
Number of actions: 5
Total task time: 19.8819999999997 sec
connected to simulation
simulation is explicitly stepped
Joint handles retrieved
State(column0: region_2, column1: region_1, column2: region_0)
Reading in option: pick_column0_top_0
Reading in option: pick_column0_left_0
Reading in option: pick_column0_right_0
Reading in option: pick_column0_front_270
Reading in option: pick_column1_top_0
Reading in option: pick_column1_left_0
Reading in option: pick_column1_right_0
Reading in option: pick_column1_front_270
Reading in option: pick_column2_top_0
Reading in option: pick_column2_left_0
Reading in option: pick_column2_right_0
Reading in option: pick_column2_front_270
Reading in option: place_goal_0_top_0
Reading in option: place_goal_0_left_0
Reading in option: place_goal_0_right_0
Reading in option: place_goal_0_front_270
Reading in option: place_goal_1_top_0
Reading in option: place_goal_1_left_0
Reading in option: place_goal_1_right_0
Reading in option: place_goal_1_front_270
Reading in option: place_goal_2_top_0
Reading in option: place_goal_2_left_0
Reading in option: place_goal_2_right_0
Reading in option: place_goal_2_front_270
Reading in option: place_region_0_top_0
Reading in option: place_region_0_left_0
Reading in option: place_region_0_right_0
Reading in option: place_region_0_front_270
Reading in option: place_region_1_top_0
Reading in option: place_region_1_left_0
Reading in option: place_region_1_right_0
Reading in option: place_region_1_front_270
Reading in option: place_region_2_top_0
Reading in option: place_region_2_left_0
Reading in option: place_region_2_right_0
Reading in option: place_region_2_front_270
Creating MDP...
Synthesising Policy...
Step 0
State fingerprint: frozenset({('/column0', '/region_2'), ('/column1', '/region_1'), ('/column2', '/region_0')})
policy state State(column0: region_2, column1: region_1, column2: region_0)
policy value 13.570089466822111
State(column0: region_2, column1: region_1, column2: region_0)
pick_column0_front_270
Action: Action(ActionType.PICK, obj=/column0, slot=None,grasp=GraspType.FRONT_270)
[EXEC] Picking /column0 with front_270

[INFO] Found 2624 potential configurations.
[INFO] Motion completed successfully with result: success,in execution time: 4.16 seconds
[INFO] Found a reachable configuration for pick action after 1 attempts.
Tip distance after pick: 0.020795423208579043
[INFO] Pick action completed successfully.in execution time: 4.16 seconds
[EXEC] Action ActionType.PICK executed in 13.51 seconds
[SUCCESS] Action ActionType.PICK succeeded for object /column0
Action duration: 4.16
reward 4.16
[LOG] Transition logged to MongoDB: 42446c84-281e-44e4-a59f-5beaf841bf45 - Episode 0
Step 2
State fingerprint: frozenset({('/column0', 'held'), ('/column1', '/region_1'), ('/column2', '/region_0')})
policy state State(column0: held, column1: region_1, column2: region_0)
policy value 12.144715724284737
State(column0: held, column1: region_1, column2: region_0)
place_goal_1_top_0
Action: Action(ActionType.PLACE, obj=/column0, slot=/goal_1,grasp=GraspType.TOP_0)
[EXEC] Placing at [-0.2749999999999999, 1.0750000000000006, 0.5] with grasp top_0

[INFO] Found 2496 potential configurations.
[ERROR] Motion failed (collision or invalid path)
[ERROR] Motion result: collision
[WARN] Failed to find a path to the selected place config on attempt 1.
[WARN] No path found to selected place config, discarding and trying next valid config...
[ERROR] Motion failed (collision or invalid path)
[ERROR] Motion result: collision
[WARN] Failed to find a path to the selected place config on attempt 2.
[WARN] No path found to selected place config, discarding and trying next valid config...
[INFO] Motion completed successfully with result: success,in execution time: 12.24 seconds
[INFO] Found a reachable configuration for place action after 3 attempts.
[INFO] Place action completed successfully.
realigning placed object /column0 to target position
[EXEC] Action ActionType.PLACE executed in 58.12 seconds
[SUCCESS] Action ActionType.PLACE succeeded for object /column0
Action duration: 12.24
reward 12.24
[LOG] Transition logged to MongoDB: 42446c84-281e-44e4-a59f-5beaf841bf45 - Episode 0
Step 4
State fingerprint: frozenset({('/column2', '/region_0'), ('/column1', '/region_1'), ('/column0', '/goal_1')})
policy state State(column0: goal_1, column1: region_1, column2: region_0)
policy value 9.00891247177122
State(column0: goal_1, column1: region_1, column2: region_0)
pick_column2_right_0
Action: Action(ActionType.PICK, obj=/column2, slot=None,grasp=GraspType.RIGHT_0)
[EXEC] Picking /column2 with right_0

[INFO] Found 3136 potential configurations.
[ERROR] Motion failed (collision or invalid path)
[ERROR] Motion result: collision
[WARN] Failed to find a path to the selected pick config on attempt 1.
[WARN] No path found to picked config, discarding and trying next valid config...
[INFO] Motion completed successfully with result: success,in execution time: 8.16 seconds
[INFO] Found a reachable configuration for pick action after 2 attempts.
Tip distance after pick: 0.02009579782020904
[INFO] Pick action completed successfully.in execution time: 8.16 seconds
[EXEC] Action ActionType.PICK executed in 30.62 seconds
[SUCCESS] Action ActionType.PICK succeeded for object /column2
Action duration: 8.1599999999998
reward 8.1599999999998
[LOG] Transition logged to MongoDB: 42446c84-281e-44e4-a59f-5beaf841bf45 - Episode 0
Step 6
State fingerprint: frozenset({('/column2', 'held'), ('/column1', '/region_1'), ('/column0', '/goal_1')})
policy state State(column0: goal_1, column1: region_1, column2: held)
policy value 8.92903063777546
State(column0: goal_1, column1: region_1, column2: held)
place_goal_0_front_270
Action: Action(ActionType.PLACE, obj=/column2, slot=/goal_0,grasp=GraspType.FRONT_270)
[EXEC] Placing at [-0.27499999999999986, 0.8250000000000005, 0.5] with grasp front_270

[INFO] Found 4672 potential configurations.
[ERROR] Motion failed (collision or invalid path)
[ERROR] Motion result: collision
[WARN] Failed to find a path to the selected place config on attempt 1.
[WARN] No path found to selected place config, discarding and trying next valid config...
[ERROR] Motion failed (collision or invalid path)
[ERROR] Motion result: collision
[WARN] Failed to find a path to the selected place config on attempt 2.
[WARN] No path found to selected place config, discarding and trying next valid config...
[ERROR] Motion failed (collision or invalid path)
[ERROR] Motion result: collision
[WARN] Failed to find a path to the selected place config on attempt 3.
[WARN] No path found to selected place config, discarding and trying next valid config...
[ERROR] Max IK attempts reached, place action failed.
[EXEC] Action ActionType.PLACE executed in 57.15 seconds
[ERROR] Action ActionType.PLACE failed for object /column2
Action duration: 0.001
reward 0.001
[LOG] Transition logged to MongoDB: 42446c84-281e-44e4-a59f-5beaf841bf45 - Episode 0
Action failed, stopping. Time elapsed: 0.001
Step 8
State fingerprint: frozenset({('/column2', 'held'), ('/column1', '/region_1'), ('/column0', '/goal_1')})
State has been visited before, stopping to avoid loops
policy state State(column0: goal_1, column1: region_1, column2: held)
policy value 8.92903063777546
State(column0: goal_1, column1: region_1, column2: held)
place_goal_0_front_270
Action: Action(ActionType.PLACE, obj=/column2, slot=/goal_0,grasp=GraspType.FRONT_270)
[EXEC] Placing at [-0.27499999999999986, 0.8250000000000005, 0.5] with grasp front_270

[INFO] Found 6016 potential configurations.
[ERROR] Motion failed (collision or invalid path)
[ERROR] Motion result: collision
[WARN] Failed to find a path to the selected place config on attempt 1.
[WARN] No path found to selected place config, discarding and trying next valid config...
[ERROR] Motion failed (collision or invalid path)
[ERROR] Motion result: collision
[WARN] Failed to find a path to the selected place config on attempt 2.
[WARN] No path found to selected place config, discarding and trying next valid config...
[ERROR] Motion failed (collision or invalid path)
[ERROR] Motion result: collision
[WARN] Failed to find a path to the selected place config on attempt 3.
[WARN] No path found to selected place config, discarding and trying next valid config...
[ERROR] Max IK attempts reached, place action failed.
[EXEC] Action ActionType.PLACE executed in 72.08 seconds
[ERROR] Action ActionType.PLACE failed for object /column2
Action duration: 0.001
reward 0.001
[LOG] Transition logged to MongoDB: 42446c84-281e-44e4-a59f-5beaf841bf45 - Episode 0
Action failed, stopping. Time elapsed: 0.001
Goal achieved: False
Goal region occupancy: ['None', '/column0', 'None']
Number of actions: 5
Total task time: 24.5619999999998 sec
connected to simulation
simulation is explicitly stepped
Joint handles retrieved
State(column0: region_2, column1: region_1, column2: region_0)
Reading in option: pick_column0_top_0
Reading in option: pick_column0_left_0
Reading in option: pick_column0_right_0
Reading in option: pick_column0_front_270
Reading in option: pick_column1_top_0
Reading in option: pick_column1_left_0
Reading in option: pick_column1_right_0
Reading in option: pick_column1_front_270
Reading in option: pick_column2_top_0
Reading in option: pick_column2_left_0
Reading in option: pick_column2_right_0
Reading in option: pick_column2_front_270
Reading in option: place_goal_0_top_0
Reading in option: place_goal_0_left_0
Reading in option: place_goal_0_right_0
Reading in option: place_goal_0_front_270
Reading in option: place_goal_1_top_0
Reading in option: place_goal_1_left_0
Reading in option: place_goal_1_right_0
Reading in option: place_goal_1_front_270
Reading in option: place_goal_2_top_0
Reading in option: place_goal_2_left_0
Reading in option: place_goal_2_right_0
Reading in option: place_goal_2_front_270
Reading in option: place_region_0_top_0
Reading in option: place_region_0_left_0
Reading in option: place_region_0_right_0
Reading in option: place_region_0_front_270
Reading in option: place_region_1_top_0
Reading in option: place_region_1_left_0
Reading in option: place_region_1_right_0
Reading in option: place_region_1_front_270
Reading in option: place_region_2_top_0
Reading in option: place_region_2_left_0
Reading in option: place_region_2_right_0
Reading in option: place_region_2_front_270
Creating MDP...
Synthesising Policy...
Step 0
State fingerprint: frozenset({('/column0', '/region_2'), ('/column1', '/region_1'), ('/column2', '/region_0')})
policy state State(column0: region_2, column1: region_1, column2: region_0)
policy value 13.570089466660182
State(column0: region_2, column1: region_1, column2: region_0)
pick_column0_front_270
Action: Action(ActionType.PICK, obj=/column0, slot=None,grasp=GraspType.FRONT_270)
[EXEC] Picking /column0 with front_270

[INFO] Found 3648 potential configurations.
[INFO] Motion completed successfully with result: success,in execution time: 4.08 seconds
[INFO] Found a reachable configuration for pick action after 1 attempts.
Tip distance after pick: 0.019681826218450292
[INFO] Pick action completed successfully.in execution time: 4.08 seconds
[EXEC] Action ActionType.PICK executed in 21.18 seconds
[SUCCESS] Action ActionType.PICK succeeded for object /column0
Action duration: 4.08
reward 4.08
[LOG] Transition logged to MongoDB: 42446c84-281e-44e4-a59f-5beaf841bf45 - Episode 0
Step 2
State fingerprint: frozenset({('/column0', 'held'), ('/column1', '/region_1'), ('/column2', '/region_0')})
policy state State(column0: held, column1: region_1, column2: region_0)
policy value 12.144715724122808
State(column0: held, column1: region_1, column2: region_0)
place_goal_1_top_0
Action: Action(ActionType.PLACE, obj=/column0, slot=/goal_1,grasp=GraspType.TOP_0)
[EXEC] Placing at [-0.2749999999999999, 1.0750000000000006, 0.5] with grasp top_0

[INFO] Found 2048 potential configurations.
[ERROR] Motion failed (collision or invalid path)
[ERROR] Motion result: collision
[WARN] Failed to find a path to the selected place config on attempt 1.
[WARN] No path found to selected place config, discarding and trying next valid config...
[ERROR] Motion failed (collision or invalid path)
[ERROR] Motion result: collision
[WARN] Failed to find a path to the selected place config on attempt 2.
[WARN] No path found to selected place config, discarding and trying next valid config...
[INFO] Motion completed successfully with result: success,in execution time: 7.20 seconds
[INFO] Found a reachable configuration for place action after 3 attempts.
[INFO] Place action completed successfully.
realigning placed object /column0 to target position
[EXEC] Action ActionType.PLACE executed in 58.64 seconds
[SUCCESS] Action ActionType.PLACE succeeded for object /column0
Action duration: 7.1999999999998
reward 7.1999999999998
[LOG] Transition logged to MongoDB: 42446c84-281e-44e4-a59f-5beaf841bf45 - Episode 0
Step 4
State fingerprint: frozenset({('/column2', '/region_0'), ('/column1', '/region_1'), ('/column0', '/goal_1')})
policy state State(column0: goal_1, column1: region_1, column2: region_0)
policy value 9.00891247161511
State(column0: goal_1, column1: region_1, column2: region_0)
pick_column2_right_0
Action: Action(ActionType.PICK, obj=/column2, slot=None,grasp=GraspType.RIGHT_0)
[EXEC] Picking /column2 with right_0

[INFO] Found 4288 potential configurations.
[INFO] Motion completed successfully with result: success,in execution time: 11.80 seconds
[INFO] Found a reachable configuration for pick action after 1 attempts.
Tip distance after pick: 0.01889294612513511
[INFO] Pick action completed successfully.in execution time: 11.80 seconds
[EXEC] Action ActionType.PICK executed in 30.23 seconds
[SUCCESS] Action ActionType.PICK succeeded for object /column2
Action duration: 11.8
reward 11.8
[LOG] Transition logged to MongoDB: 42446c84-281e-44e4-a59f-5beaf841bf45 - Episode 0
Step 6
State fingerprint: frozenset({('/column2', 'held'), ('/column1', '/region_1'), ('/column0', '/goal_1')})
policy state State(column0: goal_1, column1: region_1, column2: held)
policy value 8.929030637631383
State(column0: goal_1, column1: region_1, column2: held)
place_goal_0_front_270
Action: Action(ActionType.PLACE, obj=/column2, slot=/goal_0,grasp=GraspType.FRONT_270)
[EXEC] Placing at [-0.27499999999999986, 0.8250000000000005, 0.5] with grasp front_270

[INFO] Found 4032 potential configurations.
[ERROR] Motion failed (collision or invalid path)
[ERROR] Motion result: collision
[WARN] Failed to find a path to the selected place config on attempt 1.
[WARN] No path found to selected place config, discarding and trying next valid config...
[ERROR] Motion failed (collision or invalid path)
[ERROR] Motion result: collision
[WARN] Failed to find a path to the selected place config on attempt 2.
[WARN] No path found to selected place config, discarding and trying next valid config...
[ERROR] Motion failed (collision or invalid path)
[ERROR] Motion result: collision
[WARN] Failed to find a path to the selected place config on attempt 3.
[WARN] No path found to selected place config, discarding and trying next valid config...
[ERROR] Max IK attempts reached, place action failed.
[EXEC] Action ActionType.PLACE executed in 35.09 seconds
[ERROR] Action ActionType.PLACE failed for object /column2
Action duration: 0.001
reward 0.001
[LOG] Transition logged to MongoDB: 42446c84-281e-44e4-a59f-5beaf841bf45 - Episode 0
Action failed, stopping. Time elapsed: 0.001
Step 8
State fingerprint: frozenset({('/column2', 'held'), ('/column1', '/region_1'), ('/column0', '/goal_1')})
State has been visited before, stopping to avoid loops
policy state State(column0: goal_1, column1: region_1, column2: held)
policy value 8.929030637631383
State(column0: goal_1, column1: region_1, column2: held)
place_goal_0_front_270
Action: Action(ActionType.PLACE, obj=/column2, slot=/goal_0,grasp=GraspType.FRONT_270)
[EXEC] Placing at [-0.27499999999999986, 0.8250000000000005, 0.5] with grasp front_270

[INFO] Found 4608 potential configurations.
[ERROR] Motion failed (collision or invalid path)
[ERROR] Motion result: collision
[WARN] Failed to find a path to the selected place config on attempt 1.
[WARN] No path found to selected place config, discarding and trying next valid config...
[ERROR] Motion failed (collision or invalid path)
[ERROR] Motion result: collision
[WARN] Failed to find a path to the selected place config on attempt 2.
[WARN] No path found to selected place config, discarding and trying next valid config...
[ERROR] Motion failed (collision or invalid path)
[ERROR] Motion result: collision
[WARN] Failed to find a path to the selected place config on attempt 3.
[WARN] No path found to selected place config, discarding and trying next valid config...
[ERROR] Max IK attempts reached, place action failed.
[EXEC] Action ActionType.PLACE executed in 49.91 seconds
[ERROR] Action ActionType.PLACE failed for object /column2
Action duration: 0.001
reward 0.001
[LOG] Transition logged to MongoDB: 42446c84-281e-44e4-a59f-5beaf841bf45 - Episode 0
Action failed, stopping. Time elapsed: 0.001
Goal achieved: False
Goal region occupancy: ['None', '/column0', 'None']
Number of actions: 5
Total task time: 23.081999999999802 sec
connected to simulation
simulation is explicitly stepped
Joint handles retrieved
State(column0: region_2, column1: region_1, column2: region_0)
Reading in option: pick_column0_top_0
Reading in option: pick_column0_left_0
Reading in option: pick_column0_right_0
Reading in option: pick_column0_front_270
Reading in option: pick_column1_top_0
Reading in option: pick_column1_left_0
Reading in option: pick_column1_right_0
Reading in option: pick_column1_front_270
Reading in option: pick_column2_top_0
Reading in option: pick_column2_left_0
Reading in option: pick_column2_right_0
Reading in option: pick_column2_front_270
Reading in option: place_goal_0_top_0
Reading in option: place_goal_0_left_0
Reading in option: place_goal_0_right_0
Reading in option: place_goal_0_front_270
Reading in option: place_goal_1_top_0
Reading in option: place_goal_1_left_0
Reading in option: place_goal_1_right_0
Reading in option: place_goal_1_front_270
Reading in option: place_goal_2_top_0
Reading in option: place_goal_2_left_0
Reading in option: place_goal_2_right_0
Reading in option: place_goal_2_front_270
Reading in option: place_region_0_top_0
Reading in option: place_region_0_left_0
Reading in option: place_region_0_right_0
Reading in option: place_region_0_front_270
Reading in option: place_region_1_top_0
Reading in option: place_region_1_left_0
Reading in option: place_region_1_right_0
Reading in option: place_region_1_front_270
Reading in option: place_region_2_top_0
Reading in option: place_region_2_left_0
Reading in option: place_region_2_right_0
Reading in option: place_region_2_front_270
Creating MDP...
Synthesising Policy...
Step 0
State fingerprint: frozenset({('/column0', '/region_2'), ('/column1', '/region_1'), ('/column2', '/region_0')})
policy state State(column0: region_2, column1: region_1, column2: region_0)
policy value 13.570089466669122
State(column0: region_2, column1: region_1, column2: region_0)
pick_column0_front_270
Action: Action(ActionType.PICK, obj=/column0, slot=None,grasp=GraspType.FRONT_270)
[EXEC] Picking /column0 with front_270

[INFO] Found 3072 potential configurations.
[INFO] Motion completed successfully with result: success,in execution time: 4.08 seconds
[INFO] Found a reachable configuration for pick action after 1 attempts.
Tip distance after pick: 0.020530772372425926
[INFO] Pick action completed successfully.in execution time: 4.08 seconds
[EXEC] Action ActionType.PICK executed in 14.18 seconds
[SUCCESS] Action ActionType.PICK succeeded for object /column0
Action duration: 4.08
reward 4.08
[LOG] Transition logged to MongoDB: 42446c84-281e-44e4-a59f-5beaf841bf45 - Episode 0
Step 2
State fingerprint: frozenset({('/column0', 'held'), ('/column1', '/region_1'), ('/column2', '/region_0')})
policy state State(column0: held, column1: region_1, column2: region_0)
policy value 12.144715724131748
State(column0: held, column1: region_1, column2: region_0)
place_goal_1_top_0
Action: Action(ActionType.PLACE, obj=/column0, slot=/goal_1,grasp=GraspType.TOP_0)
[EXEC] Placing at [-0.2749999999999999, 1.0750000000000006, 0.5] with grasp top_0

[INFO] Found 2624 potential configurations.
[ERROR] Motion failed (collision or invalid path)
[ERROR] Motion result: collision
[WARN] Failed to find a path to the selected place config on attempt 1.
[WARN] No path found to selected place config, discarding and trying next valid config...
[INFO] Motion completed successfully with result: success,in execution time: 8.48 seconds
[INFO] Found a reachable configuration for place action after 2 attempts.
[INFO] Place action completed successfully.
realigning placed object /column0 to target position
[EXEC] Action ActionType.PLACE executed in 53.61 seconds
[SUCCESS] Action ActionType.PLACE succeeded for object /column0
Action duration: 8.4799999999998
reward 8.4799999999998
[LOG] Transition logged to MongoDB: 42446c84-281e-44e4-a59f-5beaf841bf45 - Episode 0
Step 4
State fingerprint: frozenset({('/column2', '/region_0'), ('/column1', '/region_1'), ('/column0', '/goal_1')})
policy state State(column0: goal_1, column1: region_1, column2: region_0)
policy value 9.008912471624042
State(column0: goal_1, column1: region_1, column2: region_0)
pick_column2_right_0
Action: Action(ActionType.PICK, obj=/column2, slot=None,grasp=GraspType.RIGHT_0)
[EXEC] Picking /column2 with right_0

[INFO] Found 4288 potential configurations.
[INFO] Motion completed successfully with result: success,in execution time: 7.24 seconds
[INFO] Found a reachable configuration for pick action after 1 attempts.
Tip distance after pick: 0.018817919979167503
[INFO] Pick action completed successfully.in execution time: 7.24 seconds
[EXEC] Action ActionType.PICK executed in 17.49 seconds
[SUCCESS] Action ActionType.PICK succeeded for object /column2
Action duration: 7.2399999999998
reward 7.2399999999998
[LOG] Transition logged to MongoDB: 42446c84-281e-44e4-a59f-5beaf841bf45 - Episode 0
Step 6
State fingerprint: frozenset({('/column2', 'held'), ('/column1', '/region_1'), ('/column0', '/goal_1')})
policy state State(column0: goal_1, column1: region_1, column2: held)
policy value 8.929030637640285
State(column0: goal_1, column1: region_1, column2: held)
place_goal_0_front_270
Action: Action(ActionType.PLACE, obj=/column2, slot=/goal_0,grasp=GraspType.FRONT_270)
[EXEC] Placing at [-0.27499999999999986, 0.8250000000000005, 0.5] with grasp front_270

[INFO] Found 3840 potential configurations.
[ERROR] Motion failed (collision or invalid path)
[ERROR] Motion result: collision
[WARN] Failed to find a path to the selected place config on attempt 1.
[WARN] No path found to selected place config, discarding and trying next valid config...
[ERROR] Motion failed (collision or invalid path)
[ERROR] Motion result: collision
[WARN] Failed to find a path to the selected place config on attempt 2.
[WARN] No path found to selected place config, discarding and trying next valid config...
[ERROR] Motion failed (collision or invalid path)
[ERROR] Motion result: collision
[WARN] Failed to find a path to the selected place config on attempt 3.
[WARN] No path found to selected place config, discarding and trying next valid config...
[ERROR] Max IK attempts reached, place action failed.
[EXEC] Action ActionType.PLACE executed in 39.80 seconds
[ERROR] Action ActionType.PLACE failed for object /column2
Action duration: 0.001
reward 0.001
[LOG] Transition logged to MongoDB: 42446c84-281e-44e4-a59f-5beaf841bf45 - Episode 0
Action failed, stopping. Time elapsed: 0.001
Step 8
State fingerprint: frozenset({('/column2', 'held'), ('/column1', '/region_1'), ('/column0', '/goal_1')})
State has been visited before, stopping to avoid loops
policy state State(column0: goal_1, column1: region_1, column2: held)
policy value 8.929030637640285
State(column0: goal_1, column1: region_1, column2: held)
place_goal_0_front_270
Action: Action(ActionType.PLACE, obj=/column2, slot=/goal_0,grasp=GraspType.FRONT_270)
[EXEC] Placing at [-0.27499999999999986, 0.8250000000000005, 0.5] with grasp front_270

[INFO] Found 3648 potential configurations.
[ERROR] Motion failed (collision or invalid path)
[ERROR] Motion result: collision
[WARN] Failed to find a path to the selected place config on attempt 1.
[WARN] No path found to selected place config, discarding and trying next valid config...
[ERROR] Motion failed (collision or invalid path)
[ERROR] Motion result: collision
[WARN] Failed to find a path to the selected place config on attempt 2.
[WARN] No path found to selected place config, discarding and trying next valid config...
[ERROR] Motion failed (collision or invalid path)
[ERROR] Motion result: collision
[WARN] Failed to find a path to the selected place config on attempt 3.
[WARN] No path found to selected place config, discarding and trying next valid config...
[ERROR] Max IK attempts reached, place action failed.
[EXEC] Action ActionType.PLACE executed in 38.93 seconds
[ERROR] Action ActionType.PLACE failed for object /column2
Action duration: 0.001
reward 0.001
[LOG] Transition logged to MongoDB: 42446c84-281e-44e4-a59f-5beaf841bf45 - Episode 0
Action failed, stopping. Time elapsed: 0.001
Goal achieved: False
Goal region occupancy: ['None', '/column0', 'None']
Number of actions: 5
Total task time: 19.8019999999996 sec
connected to simulation
simulation is explicitly stepped
Joint handles retrieved
State(column0: region_2, column1: region_1, column2: region_0)
Reading in option: pick_column0_top_0
Reading in option: pick_column0_left_0
Reading in option: pick_column0_right_0
Reading in option: pick_column0_front_270
Reading in option: pick_column1_top_0
Reading in option: pick_column1_left_0
Reading in option: pick_column1_right_0
Reading in option: pick_column1_front_270
Reading in option: pick_column2_top_0
Reading in option: pick_column2_left_0
Reading in option: pick_column2_right_0
Reading in option: pick_column2_front_270
Reading in option: place_goal_0_top_0
Reading in option: place_goal_0_left_0
Reading in option: place_goal_0_right_0
Reading in option: place_goal_0_front_270
Reading in option: place_goal_1_top_0
Reading in option: place_goal_1_left_0
Reading in option: place_goal_1_right_0
Reading in option: place_goal_1_front_270
Reading in option: place_goal_2_top_0
Reading in option: place_goal_2_left_0
Reading in option: place_goal_2_right_0
Reading in option: place_goal_2_front_270
Reading in option: place_region_0_top_0
Reading in option: place_region_0_left_0
Reading in option: place_region_0_right_0
Reading in option: place_region_0_front_270
Reading in option: place_region_1_top_0
Reading in option: place_region_1_left_0
Reading in option: place_region_1_right_0
Reading in option: place_region_1_front_270
Reading in option: place_region_2_top_0
Reading in option: place_region_2_left_0
Reading in option: place_region_2_right_0
Reading in option: place_region_2_front_270
Creating MDP...
Synthesising Policy...
Step 0
State fingerprint: frozenset({('/column0', '/region_2'), ('/column1', '/region_1'), ('/column2', '/region_0')})
policy state State(column0: region_2, column1: region_1, column2: region_0)
policy value 13.57008946682051
State(column0: region_2, column1: region_1, column2: region_0)
pick_column0_front_270
Action: Action(ActionType.PICK, obj=/column0, slot=None,grasp=GraspType.FRONT_270)
[EXEC] Picking /column0 with front_270

[INFO] Found 4224 potential configurations.
[INFO] Motion completed successfully with result: success,in execution time: 4.16 seconds
[INFO] Found a reachable configuration for pick action after 1 attempts.
Tip distance after pick: 0.02113332129771941
[INFO] Pick action completed successfully.in execution time: 4.16 seconds
[EXEC] Action ActionType.PICK executed in 15.67 seconds
[SUCCESS] Action ActionType.PICK succeeded for object /column0
Action duration: 4.16
reward 4.16
[LOG] Transition logged to MongoDB: 42446c84-281e-44e4-a59f-5beaf841bf45 - Episode 0
Step 2
State fingerprint: frozenset({('/column0', 'held'), ('/column1', '/region_1'), ('/column2', '/region_0')})
policy state State(column0: held, column1: region_1, column2: region_0)
policy value 12.144715724283136
State(column0: held, column1: region_1, column2: region_0)
place_goal_1_top_0
Action: Action(ActionType.PLACE, obj=/column0, slot=/goal_1,grasp=GraspType.TOP_0)
[EXEC] Placing at [-0.2749999999999999, 1.0750000000000006, 0.5] with grasp top_0

[INFO] Found 1792 potential configurations.
[INFO] Motion completed successfully with result: success,in execution time: 10.32 seconds
[INFO] Found a reachable configuration for place action after 1 attempts.
[INFO] Place action completed successfully.
realigning placed object /column0 to target position
[EXEC] Action ActionType.PLACE executed in 30.48 seconds
[SUCCESS] Action ActionType.PLACE succeeded for object /column0
Action duration: 10.32
reward 10.32
[LOG] Transition logged to MongoDB: 42446c84-281e-44e4-a59f-5beaf841bf45 - Episode 0
Step 4
State fingerprint: frozenset({('/column2', '/region_0'), ('/column1', '/region_1'), ('/column0', '/goal_1')})
policy state State(column0: goal_1, column1: region_1, column2: region_0)
policy value 9.008912471769635
State(column0: goal_1, column1: region_1, column2: region_0)
pick_column2_right_0
Action: Action(ActionType.PICK, obj=/column2, slot=None,grasp=GraspType.RIGHT_0)
[EXEC] Picking /column2 with right_0

[INFO] Found 4032 potential configurations.
[INFO] Motion completed successfully with result: success,in execution time: 6.40 seconds
[INFO] Found a reachable configuration for pick action after 1 attempts.
Tip distance after pick: 0.019704739438898937
[INFO] Pick action completed successfully.in execution time: 6.40 seconds
[EXEC] Action ActionType.PICK executed in 18.01 seconds
[SUCCESS] Action ActionType.PICK succeeded for object /column2
Action duration: 6.3999999999999
reward 6.3999999999999
[LOG] Transition logged to MongoDB: 42446c84-281e-44e4-a59f-5beaf841bf45 - Episode 0
Step 6
State fingerprint: frozenset({('/column2', 'held'), ('/column1', '/region_1'), ('/column0', '/goal_1')})
policy state State(column0: goal_1, column1: region_1, column2: held)
policy value 8.929030637773927
State(column0: goal_1, column1: region_1, column2: held)
place_goal_0_front_270
Action: Action(ActionType.PLACE, obj=/column2, slot=/goal_0,grasp=GraspType.FRONT_270)
[EXEC] Placing at [-0.27499999999999986, 0.8250000000000005, 0.5] with grasp front_270

[INFO] Found 3392 potential configurations.
[ERROR] Motion failed (collision or invalid path)
[ERROR] Motion result: collision
[WARN] Failed to find a path to the selected place config on attempt 1.
[WARN] No path found to selected place config, discarding and trying next valid config...
[ERROR] Motion failed (collision or invalid path)
[ERROR] Motion result: collision
[WARN] Failed to find a path to the selected place config on attempt 2.
[WARN] No path found to selected place config, discarding and trying next valid config...
[ERROR] Motion failed (collision or invalid path)
[ERROR] Motion result: collision
[WARN] Failed to find a path to the selected place config on attempt 3.
[WARN] No path found to selected place config, discarding and trying next valid config...
[ERROR] Max IK attempts reached, place action failed.
[EXEC] Action ActionType.PLACE executed in 43.44 seconds
[ERROR] Action ActionType.PLACE failed for object /column2
Action duration: 0.001
reward 0.001
[LOG] Transition logged to MongoDB: 42446c84-281e-44e4-a59f-5beaf841bf45 - Episode 0
Action failed, stopping. Time elapsed: 0.001
Step 8
State fingerprint: frozenset({('/column2', 'held'), ('/column1', '/region_1'), ('/column0', '/goal_1')})
State has been visited before, stopping to avoid loops
policy state State(column0: goal_1, column1: region_1, column2: held)
policy value 8.929030637773927
State(column0: goal_1, column1: region_1, column2: held)
place_goal_0_front_270
Action: Action(ActionType.PLACE, obj=/column2, slot=/goal_0,grasp=GraspType.FRONT_270)
[EXEC] Placing at [-0.27499999999999986, 0.8250000000000005, 0.5] with grasp front_270

[INFO] Found 5376 potential configurations.
[ERROR] Motion failed (collision or invalid path)
[ERROR] Motion result: collision
[WARN] Failed to find a path to the selected place config on attempt 1.
[WARN] No path found to selected place config, discarding and trying next valid config...
[ERROR] Motion failed (collision or invalid path)
[ERROR] Motion result: collision
[WARN] Failed to find a path to the selected place config on attempt 2.
[WARN] No path found to selected place config, discarding and trying next valid config...
[ERROR] Motion failed (collision or invalid path)
[ERROR] Motion result: collision
[WARN] Failed to find a path to the selected place config on attempt 3.
[WARN] No path found to selected place config, discarding and trying next valid config...
[ERROR] Max IK attempts reached, place action failed.
[EXEC] Action ActionType.PLACE executed in 43.37 seconds
[ERROR] Action ActionType.PLACE failed for object /column2
Action duration: 0.001
reward 0.001
[LOG] Transition logged to MongoDB: 42446c84-281e-44e4-a59f-5beaf841bf45 - Episode 0
Action failed, stopping. Time elapsed: 0.001
Goal achieved: False
Goal region occupancy: ['None', '/column0', 'None']
Number of actions: 5
Total task time: 20.881999999999902 sec
Running study for permutation 4, at limit 2000
connected to simulation
simulation is explicitly stepped
Joint handles retrieved
State(column0: region_1, column1: region_0, column2: region_2)
Reading in option: pick_column0_top_0
Reading in option: pick_column0_left_0
Reading in option: pick_column0_right_0
Reading in option: pick_column0_front_270
Reading in option: pick_column1_top_0
Reading in option: pick_column1_left_0
Reading in option: pick_column1_right_0
Reading in option: pick_column1_front_270
Reading in option: pick_column2_top_0
Reading in option: pick_column2_left_0
Reading in option: pick_column2_right_0
Reading in option: pick_column2_front_270
Reading in option: place_goal_0_top_0
Reading in option: place_goal_0_left_0
Reading in option: place_goal_0_right_0
Reading in option: place_goal_0_front_270
Reading in option: place_goal_1_top_0
Reading in option: place_goal_1_left_0
Reading in option: place_goal_1_right_0
Reading in option: place_goal_1_front_270
Reading in option: place_goal_2_top_0
Reading in option: place_goal_2_left_0
Reading in option: place_goal_2_right_0
Reading in option: place_goal_2_front_270
Reading in option: place_region_0_top_0
Reading in option: place_region_0_left_0
Reading in option: place_region_0_right_0
Reading in option: place_region_0_front_270
Reading in option: place_region_1_top_0
Reading in option: place_region_1_left_0
Reading in option: place_region_1_right_0
Reading in option: place_region_1_front_270
Reading in option: place_region_2_top_0
Reading in option: place_region_2_left_0
Reading in option: place_region_2_right_0
Reading in option: place_region_2_front_270
Creating MDP...
Synthesising Policy...
Step 0
State fingerprint: frozenset({('/column2', '/region_2'), ('/column0', '/region_1'), ('/column1', '/region_0')})
policy state State(column0: region_1, column1: region_0, column2: region_2)
policy value 15.117851381667524
State(column0: region_1, column1: region_0, column2: region_2)
pick_column1_top_0
Action: Action(ActionType.PICK, obj=/column1, slot=None,grasp=GraspType.TOP_0)
[EXEC] Picking /column1 with top_0

[INFO] Found 4928 potential configurations.
[INFO] Motion completed successfully with result: success,in execution time: 3.44 seconds
[INFO] Found a reachable configuration for pick action after 1 attempts.
Tip distance after pick: 0.0411159538593137
[INFO] Pick action completed successfully.in execution time: 3.44 seconds
[EXEC] Action ActionType.PICK executed in 12.59 seconds
[SUCCESS] Action ActionType.PICK succeeded for object /column1
Action duration: 3.44
reward 3.44
[LOG] Transition logged to MongoDB: 42446c84-281e-44e4-a59f-5beaf841bf45 - Episode 0
Step 2
State fingerprint: frozenset({('/column0', '/region_1'), ('/column2', '/region_2'), ('/column1', 'held')})
policy state State(column0: region_1, column1: held, column2: region_2)
policy value 12.095217672799212
State(column0: region_1, column1: held, column2: region_2)
place_region_0_front_270
Action: Action(ActionType.PLACE, obj=/column1, slot=/region_0,grasp=GraspType.FRONT_270)
[EXEC] Placing at [0.35, 0.8, 0.521] with grasp front_270

[INFO] Found 4864 potential configurations.
[ERROR] Motion failed (collision or invalid path)
[ERROR] Motion result: collision
[WARN] Failed to find a path to the selected place config on attempt 1.
[WARN] No path found to selected place config, discarding and trying next valid config...
[INFO] Motion completed successfully with result: success,in execution time: 4.60 seconds
[INFO] Found a reachable configuration for place action after 2 attempts.
[INFO] Place action completed successfully.
realigning placed object /column1 to target position
[EXEC] Action ActionType.PLACE executed in 27.90 seconds
[SUCCESS] Action ActionType.PLACE succeeded for object /column1
Action duration: 4.5999999999999
reward 4.5999999999999
[LOG] Transition logged to MongoDB: 42446c84-281e-44e4-a59f-5beaf841bf45 - Episode 0
Step 4
State fingerprint: frozenset({('/column2', '/region_2'), ('/column0', '/region_1'), ('/column1', '/region_0')})
State has been visited before, stopping to avoid loops
policy state State(column0: region_1, column1: region_0, column2: region_2)
policy value 15.117851381667524
State(column0: region_1, column1: region_0, column2: region_2)
pick_column1_top_0
Action: Action(ActionType.PICK, obj=/column1, slot=None,grasp=GraspType.TOP_0)
[EXEC] Picking /column1 with top_0

[INFO] Found 3648 potential configurations.
[INFO] Motion completed successfully with result: success,in execution time: 4.60 seconds
[INFO] Found a reachable configuration for pick action after 1 attempts.
Tip distance after pick: 0.027465595664958636
[INFO] Pick action completed successfully.in execution time: 4.60 seconds
[EXEC] Action ActionType.PICK executed in 19.67 seconds
[SUCCESS] Action ActionType.PICK succeeded for object /column1
Action duration: 4.5999999999999
reward 4.5999999999999
[LOG] Transition logged to MongoDB: 42446c84-281e-44e4-a59f-5beaf841bf45 - Episode 0
Goal achieved: False
Goal region occupancy: ['None', 'None', 'None']
Number of actions: 3
Total task time: 12.6399999999998 sec
connected to simulation
simulation is explicitly stepped
Joint handles retrieved
State(column0: region_1, column1: region_0, column2: region_2)
Reading in option: pick_column0_top_0
Reading in option: pick_column0_left_0
Reading in option: pick_column0_right_0
Reading in option: pick_column0_front_270
Reading in option: pick_column1_top_0
Reading in option: pick_column1_left_0
Reading in option: pick_column1_right_0
Reading in option: pick_column1_front_270
Reading in option: pick_column2_top_0
Reading in option: pick_column2_left_0
Reading in option: pick_column2_right_0
Reading in option: pick_column2_front_270
Reading in option: place_goal_0_top_0
Reading in option: place_goal_0_left_0
Reading in option: place_goal_0_right_0
Reading in option: place_goal_0_front_270
Reading in option: place_goal_1_top_0
Reading in option: place_goal_1_left_0
Reading in option: place_goal_1_right_0
Reading in option: place_goal_1_front_270
Reading in option: place_goal_2_top_0
Reading in option: place_goal_2_left_0
Reading in option: place_goal_2_right_0
Reading in option: place_goal_2_front_270
Reading in option: place_region_0_top_0
Reading in option: place_region_0_left_0
Reading in option: place_region_0_right_0
Reading in option: place_region_0_front_270
Reading in option: place_region_1_top_0
Reading in option: place_region_1_left_0
Reading in option: place_region_1_right_0
Reading in option: place_region_1_front_270
Reading in option: place_region_2_top_0
Reading in option: place_region_2_left_0
Reading in option: place_region_2_right_0
Reading in option: place_region_2_front_270
Creating MDP...
Synthesising Policy...
Step 0
State fingerprint: frozenset({('/column2', '/region_2'), ('/column0', '/region_1'), ('/column1', '/region_0')})
policy state State(column0: region_1, column1: region_0, column2: region_2)
policy value 15.117851383152228
State(column0: region_1, column1: region_0, column2: region_2)
pick_column1_top_0
Action: Action(ActionType.PICK, obj=/column1, slot=None,grasp=GraspType.TOP_0)
[EXEC] Picking /column1 with top_0

[INFO] Found 4352 potential configurations.
[INFO] Motion completed successfully with result: success,in execution time: 3.44 seconds
[INFO] Found a reachable configuration for pick action after 1 attempts.
Tip distance after pick: 0.03582874623315679
[INFO] Pick action completed successfully.in execution time: 3.44 seconds
[EXEC] Action ActionType.PICK executed in 15.81 seconds
[SUCCESS] Action ActionType.PICK succeeded for object /column1
Action duration: 3.44
reward 3.44
[LOG] Transition logged to MongoDB: 42446c84-281e-44e4-a59f-5beaf841bf45 - Episode 0
Step 2
State fingerprint: frozenset({('/column0', '/region_1'), ('/column2', '/region_2'), ('/column1', 'held')})
policy state State(column0: region_1, column1: held, column2: region_2)
policy value 12.095217674283914
State(column0: region_1, column1: held, column2: region_2)
place_region_0_front_270
Action: Action(ActionType.PLACE, obj=/column1, slot=/region_0,grasp=GraspType.FRONT_270)
[EXEC] Placing at [0.35, 0.8, 0.521] with grasp front_270

[INFO] Found 4672 potential configurations.
[INFO] Motion completed successfully with result: success,in execution time: 4.60 seconds
[INFO] Found a reachable configuration for place action after 1 attempts.
[INFO] Place action completed successfully.
realigning placed object /column1 to target position
[EXEC] Action ActionType.PLACE executed in 18.53 seconds
[SUCCESS] Action ActionType.PLACE succeeded for object /column1
Action duration: 4.5999999999999
reward 4.5999999999999
[LOG] Transition logged to MongoDB: 42446c84-281e-44e4-a59f-5beaf841bf45 - Episode 0
Step 4
State fingerprint: frozenset({('/column2', '/region_2'), ('/column0', '/region_1'), ('/column1', '/region_0')})
State has been visited before, stopping to avoid loops
policy state State(column0: region_1, column1: region_0, column2: region_2)
policy value 15.117851383152228
State(column0: region_1, column1: region_0, column2: region_2)
pick_column1_top_0
Action: Action(ActionType.PICK, obj=/column1, slot=None,grasp=GraspType.TOP_0)
[EXEC] Picking /column1 with top_0

[INFO] Found 4544 potential configurations.
[INFO] Motion completed successfully with result: success,in execution time: 4.60 seconds
[INFO] Found a reachable configuration for pick action after 1 attempts.
Tip distance after pick: 0.02773427190517273
[INFO] Pick action completed successfully.in execution time: 4.60 seconds
[EXEC] Action ActionType.PICK executed in 17.39 seconds
[SUCCESS] Action ActionType.PICK succeeded for object /column1
Action duration: 4.5999999999999
reward 4.5999999999999
[LOG] Transition logged to MongoDB: 42446c84-281e-44e4-a59f-5beaf841bf45 - Episode 0
Goal achieved: False
Goal region occupancy: ['None', 'None', 'None']
Number of actions: 3
Total task time: 12.6399999999998 sec
connected to simulation
simulation is explicitly stepped
Joint handles retrieved
State(column0: region_1, column1: region_0, column2: region_2)
Reading in option: pick_column0_top_0
Reading in option: pick_column0_left_0
Reading in option: pick_column0_right_0
Reading in option: pick_column0_front_270
Reading in option: pick_column1_top_0
Reading in option: pick_column1_left_0
Reading in option: pick_column1_right_0
Reading in option: pick_column1_front_270
Reading in option: pick_column2_top_0
Reading in option: pick_column2_left_0
Reading in option: pick_column2_right_0
Reading in option: pick_column2_front_270
Reading in option: place_goal_0_top_0
Reading in option: place_goal_0_left_0
Reading in option: place_goal_0_right_0
Reading in option: place_goal_0_front_270
Reading in option: place_goal_1_top_0
Reading in option: place_goal_1_left_0
Reading in option: place_goal_1_right_0
Reading in option: place_goal_1_front_270
Reading in option: place_goal_2_top_0
Reading in option: place_goal_2_left_0
Reading in option: place_goal_2_right_0
Reading in option: place_goal_2_front_270
Reading in option: place_region_0_top_0
Reading in option: place_region_0_left_0
Reading in option: place_region_0_right_0
Reading in option: place_region_0_front_270
Reading in option: place_region_1_top_0
Reading in option: place_region_1_left_0
Reading in option: place_region_1_right_0
Reading in option: place_region_1_front_270
Reading in option: place_region_2_top_0
Reading in option: place_region_2_left_0
Reading in option: place_region_2_right_0
Reading in option: place_region_2_front_270
Creating MDP...
Synthesising Policy...
Step 0
State fingerprint: frozenset({('/column2', '/region_2'), ('/column0', '/region_1'), ('/column1', '/region_0')})
policy state State(column0: region_1, column1: region_0, column2: region_2)
policy value 15.117851338931626
State(column0: region_1, column1: region_0, column2: region_2)
pick_column1_top_0
Action: Action(ActionType.PICK, obj=/column1, slot=None,grasp=GraspType.TOP_0)
[EXEC] Picking /column1 with top_0

[INFO] Found 4544 potential configurations.
[INFO] Motion completed successfully with result: success,in execution time: 3.44 seconds
[INFO] Found a reachable configuration for pick action after 1 attempts.
Tip distance after pick: 0.035731930079367494
[INFO] Pick action completed successfully.in execution time: 3.44 seconds
[EXEC] Action ActionType.PICK executed in 12.62 seconds
[SUCCESS] Action ActionType.PICK succeeded for object /column1
Action duration: 3.44
reward 3.44
[LOG] Transition logged to MongoDB: 42446c84-281e-44e4-a59f-5beaf841bf45 - Episode 0
Step 2
State fingerprint: frozenset({('/column0', '/region_1'), ('/column2', '/region_2'), ('/column1', 'held')})
policy state State(column0: region_1, column1: held, column2: region_2)
policy value 12.095217630063313
State(column0: region_1, column1: held, column2: region_2)
place_region_0_front_270
Action: Action(ActionType.PLACE, obj=/column1, slot=/region_0,grasp=GraspType.FRONT_270)
[EXEC] Placing at [0.35, 0.8, 0.521] with grasp front_270

[INFO] Found 4800 potential configurations.
[ERROR] Motion failed (collision or invalid path)
[ERROR] Motion result: collision
[WARN] Failed to find a path to the selected place config on attempt 1.
[WARN] No path found to selected place config, discarding and trying next valid config...
[ERROR] Motion failed (collision or invalid path)
[ERROR] Motion result: collision
[WARN] Failed to find a path to the selected place config on attempt 2.
[WARN] No path found to selected place config, discarding and trying next valid config...
[ERROR] Motion failed (collision or invalid path)
[ERROR] Motion result: collision
[WARN] Failed to find a path to the selected place config on attempt 3.
[WARN] No path found to selected place config, discarding and trying next valid config...
[ERROR] Max IK attempts reached, place action failed.
[EXEC] Action ActionType.PLACE executed in 36.32 seconds
[ERROR] Action ActionType.PLACE failed for object /column1
Action duration: 0.001
reward 0.001
[LOG] Transition logged to MongoDB: 42446c84-281e-44e4-a59f-5beaf841bf45 - Episode 0
Action failed, stopping. Time elapsed: 0.001
Step 4
State fingerprint: frozenset({('/column0', '/region_1'), ('/column2', '/region_2'), ('/column1', 'held')})
State has been visited before, stopping to avoid loops
policy state State(column0: region_1, column1: held, column2: region_2)
policy value 12.095217630063313
State(column0: region_1, column1: held, column2: region_2)
place_region_0_front_270
Action: Action(ActionType.PLACE, obj=/column1, slot=/region_0,grasp=GraspType.FRONT_270)
[EXEC] Placing at [0.35, 0.8, 0.521] with grasp front_270

[INFO] Found 3904 potential configurations.
[ERROR] Motion failed (collision or invalid path)
[ERROR] Motion result: collision
[WARN] Failed to find a path to the selected place config on attempt 1.
[WARN] No path found to selected place config, discarding and trying next valid config...
[ERROR] Motion failed (collision or invalid path)
[ERROR] Motion result: collision
[WARN] Failed to find a path to the selected place config on attempt 2.
[WARN] No path found to selected place config, discarding and trying next valid config...
[INFO] Motion completed successfully with result: success,in execution time: 7.96 seconds
[INFO] Found a reachable configuration for place action after 3 attempts.
[INFO] Place action completed successfully.
realigning placed object /column1 to target position
[EXEC] Action ActionType.PLACE executed in 32.29 seconds
[SUCCESS] Action ActionType.PLACE succeeded for object /column1
Action duration: 7.9599999999998
reward 7.9599999999998
[LOG] Transition logged to MongoDB: 42446c84-281e-44e4-a59f-5beaf841bf45 - Episode 0
Goal achieved: False
Goal region occupancy: ['None', 'None', 'None']
Number of actions: 3
Total task time: 11.4009999999998 sec
connected to simulation
simulation is explicitly stepped
Joint handles retrieved
State(column0: region_1, column1: region_0, column2: region_2)
Reading in option: pick_column0_top_0
Reading in option: pick_column0_left_0
Reading in option: pick_column0_right_0
Reading in option: pick_column0_front_270
Reading in option: pick_column1_top_0
Reading in option: pick_column1_left_0
Reading in option: pick_column1_right_0
Reading in option: pick_column1_front_270
Reading in option: pick_column2_top_0
Reading in option: pick_column2_left_0
Reading in option: pick_column2_right_0
Reading in option: pick_column2_front_270
Reading in option: place_goal_0_top_0
Reading in option: place_goal_0_left_0
Reading in option: place_goal_0_right_0
Reading in option: place_goal_0_front_270
Reading in option: place_goal_1_top_0
Reading in option: place_goal_1_left_0
Reading in option: place_goal_1_right_0
Reading in option: place_goal_1_front_270
Reading in option: place_goal_2_top_0
Reading in option: place_goal_2_left_0
Reading in option: place_goal_2_right_0
Reading in option: place_goal_2_front_270
Reading in option: place_region_0_top_0
Reading in option: place_region_0_left_0
Reading in option: place_region_0_right_0
Reading in option: place_region_0_front_270
Reading in option: place_region_1_top_0
Reading in option: place_region_1_left_0
Reading in option: place_region_1_right_0
Reading in option: place_region_1_front_270
Reading in option: place_region_2_top_0
Reading in option: place_region_2_left_0
Reading in option: place_region_2_right_0
Reading in option: place_region_2_front_270
Creating MDP...
Synthesising Policy...
Step 0
State fingerprint: frozenset({('/column2', '/region_2'), ('/column0', '/region_1'), ('/column1', '/region_0')})
policy state State(column0: region_1, column1: region_0, column2: region_2)
policy value 15.117851344709042
State(column0: region_1, column1: region_0, column2: region_2)
pick_column1_top_0
Action: Action(ActionType.PICK, obj=/column1, slot=None,grasp=GraspType.TOP_0)
[EXEC] Picking /column1 with top_0

[INFO] Found 4096 potential configurations.
[INFO] Motion completed successfully with result: success,in execution time: 3.48 seconds
[INFO] Found a reachable configuration for pick action after 1 attempts.
Tip distance after pick: 0.0325261158155211
[INFO] Pick action completed successfully.in execution time: 3.48 seconds
[EXEC] Action ActionType.PICK executed in 19.09 seconds
[SUCCESS] Action ActionType.PICK succeeded for object /column1
Action duration: 3.48
reward 3.48
[LOG] Transition logged to MongoDB: 42446c84-281e-44e4-a59f-5beaf841bf45 - Episode 0
Step 2
State fingerprint: frozenset({('/column0', '/region_1'), ('/column2', '/region_2'), ('/column1', 'held')})
policy state State(column0: region_1, column1: held, column2: region_2)
policy value 12.095217635840728
State(column0: region_1, column1: held, column2: region_2)
place_region_0_front_270
Action: Action(ActionType.PLACE, obj=/column1, slot=/region_0,grasp=GraspType.FRONT_270)
[EXEC] Placing at [0.35, 0.8, 0.521] with grasp front_270

[INFO] Found 4736 potential configurations.
[INFO] Motion completed successfully with result: success,in execution time: 4.60 seconds
[INFO] Found a reachable configuration for place action after 1 attempts.
[INFO] Place action completed successfully.
realigning placed object /column1 to target position
[EXEC] Action ActionType.PLACE executed in 15.81 seconds
[SUCCESS] Action ActionType.PLACE succeeded for object /column1
Action duration: 4.5999999999999
reward 4.5999999999999
[LOG] Transition logged to MongoDB: 42446c84-281e-44e4-a59f-5beaf841bf45 - Episode 0
Step 4
State fingerprint: frozenset({('/column2', '/region_2'), ('/column0', '/region_1'), ('/column1', '/region_0')})
State has been visited before, stopping to avoid loops
policy state State(column0: region_1, column1: region_0, column2: region_2)
policy value 15.117851344709042
State(column0: region_1, column1: region_0, column2: region_2)
pick_column1_top_0
Action: Action(ActionType.PICK, obj=/column1, slot=None,grasp=GraspType.TOP_0)
[EXEC] Picking /column1 with top_0

[INFO] Found 5696 potential configurations.
[INFO] Motion completed successfully with result: success,in execution time: 4.60 seconds
[INFO] Found a reachable configuration for pick action after 1 attempts.
Tip distance after pick: 0.027747889371783983
[INFO] Pick action completed successfully.in execution time: 4.60 seconds
[EXEC] Action ActionType.PICK executed in 18.50 seconds
[SUCCESS] Action ActionType.PICK succeeded for object /column1
Action duration: 4.5999999999999
reward 4.5999999999999
[LOG] Transition logged to MongoDB: 42446c84-281e-44e4-a59f-5beaf841bf45 - Episode 0
Goal achieved: False
Goal region occupancy: ['None', 'None', 'None']
Number of actions: 3
Total task time: 12.6799999999998 sec
connected to simulation
simulation is explicitly stepped
Joint handles retrieved
State(column0: region_1, column1: region_0, column2: region_2)
Reading in option: pick_column0_top_0
Reading in option: pick_column0_left_0
Reading in option: pick_column0_right_0
Reading in option: pick_column0_front_270
Reading in option: pick_column1_top_0
Reading in option: pick_column1_left_0
Reading in option: pick_column1_right_0
Reading in option: pick_column1_front_270
Reading in option: pick_column2_top_0
Reading in option: pick_column2_left_0
Reading in option: pick_column2_right_0
Reading in option: pick_column2_front_270
Reading in option: place_goal_0_top_0
Reading in option: place_goal_0_left_0
Reading in option: place_goal_0_right_0
Reading in option: place_goal_0_front_270
Reading in option: place_goal_1_top_0
Reading in option: place_goal_1_left_0
Reading in option: place_goal_1_right_0
Reading in option: place_goal_1_front_270
Reading in option: place_goal_2_top_0
Reading in option: place_goal_2_left_0
Reading in option: place_goal_2_right_0
Reading in option: place_goal_2_front_270
Reading in option: place_region_0_top_0
Reading in option: place_region_0_left_0
Reading in option: place_region_0_right_0
Reading in option: place_region_0_front_270
Reading in option: place_region_1_top_0
Reading in option: place_region_1_left_0
Reading in option: place_region_1_right_0
Reading in option: place_region_1_front_270
Reading in option: place_region_2_top_0
Reading in option: place_region_2_left_0
Reading in option: place_region_2_right_0
Reading in option: place_region_2_front_270
Creating MDP...
Synthesising Policy...
Step 0
State fingerprint: frozenset({('/column2', '/region_2'), ('/column0', '/region_1'), ('/column1', '/region_0')})
policy state State(column0: region_1, column1: region_0, column2: region_2)
policy value 15.11785134644266
State(column0: region_1, column1: region_0, column2: region_2)
pick_column1_top_0
Action: Action(ActionType.PICK, obj=/column1, slot=None,grasp=GraspType.TOP_0)
[EXEC] Picking /column1 with top_0

[INFO] Found 3776 potential configurations.
[INFO] Motion completed successfully with result: success,in execution time: 3.44 seconds
[INFO] Found a reachable configuration for pick action after 1 attempts.
Tip distance after pick: 0.035498196498037544
[INFO] Pick action completed successfully.in execution time: 3.44 seconds
[EXEC] Action ActionType.PICK executed in 13.78 seconds
[SUCCESS] Action ActionType.PICK succeeded for object /column1
Action duration: 3.44
reward 3.44
[LOG] Transition logged to MongoDB: 42446c84-281e-44e4-a59f-5beaf841bf45 - Episode 0
Step 2
State fingerprint: frozenset({('/column0', '/region_1'), ('/column2', '/region_2'), ('/column1', 'held')})
policy state State(column0: region_1, column1: held, column2: region_2)
policy value 12.095217637574345
State(column0: region_1, column1: held, column2: region_2)
place_region_0_front_270
Action: Action(ActionType.PLACE, obj=/column1, slot=/region_0,grasp=GraspType.FRONT_270)
[EXEC] Placing at [0.35, 0.8, 0.521] with grasp front_270

[INFO] Found 5120 potential configurations.
[ERROR] Motion failed (collision or invalid path)
[ERROR] Motion result: collision
[WARN] Failed to find a path to the selected place config on attempt 1.
[WARN] No path found to selected place config, discarding and trying next valid config...
[INFO] Motion completed successfully with result: success,in execution time: 4.60 seconds
[INFO] Found a reachable configuration for place action after 2 attempts.
[INFO] Place action completed successfully.
realigning placed object /column1 to target position
[EXEC] Action ActionType.PLACE executed in 32.55 seconds
[SUCCESS] Action ActionType.PLACE succeeded for object /column1
Action duration: 4.5999999999999
reward 4.5999999999999
[LOG] Transition logged to MongoDB: 42446c84-281e-44e4-a59f-5beaf841bf45 - Episode 0
Step 4
State fingerprint: frozenset({('/column2', '/region_2'), ('/column0', '/region_1'), ('/column1', '/region_0')})
State has been visited before, stopping to avoid loops
policy state State(column0: region_1, column1: region_0, column2: region_2)
policy value 15.11785134644266
State(column0: region_1, column1: region_0, column2: region_2)
pick_column1_top_0
Action: Action(ActionType.PICK, obj=/column1, slot=None,grasp=GraspType.TOP_0)
[EXEC] Picking /column1 with top_0

[INFO] Found 4736 potential configurations.
[INFO] Motion completed successfully with result: success,in execution time: 4.60 seconds
[INFO] Found a reachable configuration for pick action after 1 attempts.
Tip distance after pick: 0.027483208079756558
[INFO] Pick action completed successfully.in execution time: 4.60 seconds
[EXEC] Action ActionType.PICK executed in 21.66 seconds
[SUCCESS] Action ActionType.PICK succeeded for object /column1
Action duration: 4.5999999999999
reward 4.5999999999999
[LOG] Transition logged to MongoDB: 42446c84-281e-44e4-a59f-5beaf841bf45 - Episode 0
Goal achieved: False
Goal region occupancy: ['None', 'None', 'None']
Number of actions: 3
Total task time: 12.6399999999998 sec
connected to simulation
simulation is explicitly stepped
Joint handles retrieved
State(column0: region_1, column1: region_0, column2: region_2)
Reading in option: pick_column0_top_0
Reading in option: pick_column0_left_0
Reading in option: pick_column0_right_0
Reading in option: pick_column0_front_270
Reading in option: pick_column1_top_0
Reading in option: pick_column1_left_0
Reading in option: pick_column1_right_0
Reading in option: pick_column1_front_270
Reading in option: pick_column2_top_0
Reading in option: pick_column2_left_0
Reading in option: pick_column2_right_0
Reading in option: pick_column2_front_270
Reading in option: place_goal_0_top_0
Reading in option: place_goal_0_left_0
Reading in option: place_goal_0_right_0
Reading in option: place_goal_0_front_270
Reading in option: place_goal_1_top_0
Reading in option: place_goal_1_left_0
Reading in option: place_goal_1_right_0
Reading in option: place_goal_1_front_270
Reading in option: place_goal_2_top_0
Reading in option: place_goal_2_left_0
Reading in option: place_goal_2_right_0
Reading in option: place_goal_2_front_270
Reading in option: place_region_0_top_0
Reading in option: place_region_0_left_0
Reading in option: place_region_0_right_0
Reading in option: place_region_0_front_270
Reading in option: place_region_1_top_0
Reading in option: place_region_1_left_0
Reading in option: place_region_1_right_0
Reading in option: place_region_1_front_270
Reading in option: place_region_2_top_0
Reading in option: place_region_2_left_0
Reading in option: place_region_2_right_0
Reading in option: place_region_2_front_270
Creating MDP...
Synthesising Policy...
Step 0
State fingerprint: frozenset({('/column2', '/region_2'), ('/column0', '/region_1'), ('/column1', '/region_0')})
policy state State(column0: region_1, column1: region_0, column2: region_2)
policy value 15.117851338857843
State(column0: region_1, column1: region_0, column2: region_2)
pick_column1_top_0
Action: Action(ActionType.PICK, obj=/column1, slot=None,grasp=GraspType.TOP_0)
[EXEC] Picking /column1 with top_0

[INFO] Found 5056 potential configurations.
[INFO] Motion completed successfully with result: success,in execution time: 3.44 seconds
[INFO] Found a reachable configuration for pick action after 1 attempts.
Tip distance after pick: 0.03590004822613889
[INFO] Pick action completed successfully.in execution time: 3.44 seconds
[EXEC] Action ActionType.PICK executed in 12.84 seconds
[SUCCESS] Action ActionType.PICK succeeded for object /column1
Action duration: 3.44
reward 3.44
[LOG] Transition logged to MongoDB: 42446c84-281e-44e4-a59f-5beaf841bf45 - Episode 0
Step 2
State fingerprint: frozenset({('/column0', '/region_1'), ('/column2', '/region_2'), ('/column1', 'held')})
policy state State(column0: region_1, column1: held, column2: region_2)
policy value 12.09521762998953
State(column0: region_1, column1: held, column2: region_2)
place_region_0_front_270
Action: Action(ActionType.PLACE, obj=/column1, slot=/region_0,grasp=GraspType.FRONT_270)
[EXEC] Placing at [0.35, 0.8, 0.521] with grasp front_270

[INFO] Found 4032 potential configurations.
[ERROR] Motion failed (collision or invalid path)
[ERROR] Motion result: collision
[WARN] Failed to find a path to the selected place config on attempt 1.
[WARN] No path found to selected place config, discarding and trying next valid config...
[INFO] Motion completed successfully with result: success,in execution time: 4.60 seconds
[INFO] Found a reachable configuration for place action after 2 attempts.
[INFO] Place action completed successfully.
realigning placed object /column1 to target position
[EXEC] Action ActionType.PLACE executed in 31.17 seconds
[SUCCESS] Action ActionType.PLACE succeeded for object /column1
Action duration: 4.5999999999999
reward 4.5999999999999
[LOG] Transition logged to MongoDB: 42446c84-281e-44e4-a59f-5beaf841bf45 - Episode 0
Step 4
State fingerprint: frozenset({('/column2', '/region_2'), ('/column0', '/region_1'), ('/column1', '/region_0')})
State has been visited before, stopping to avoid loops
policy state State(column0: region_1, column1: region_0, column2: region_2)
policy value 15.117851338857843
State(column0: region_1, column1: region_0, column2: region_2)
pick_column1_top_0
Action: Action(ActionType.PICK, obj=/column1, slot=None,grasp=GraspType.TOP_0)
[EXEC] Picking /column1 with top_0

[INFO] Found 3200 potential configurations.
[INFO] Motion completed successfully with result: success,in execution time: 4.68 seconds
[INFO] Found a reachable configuration for pick action after 1 attempts.
Tip distance after pick: 0.027441347144771918
[INFO] Pick action completed successfully.in execution time: 4.68 seconds
[EXEC] Action ActionType.PICK executed in 17.44 seconds
[SUCCESS] Action ActionType.PICK succeeded for object /column1
Action duration: 4.6799999999999
reward 4.6799999999999
[LOG] Transition logged to MongoDB: 42446c84-281e-44e4-a59f-5beaf841bf45 - Episode 0
Goal achieved: False
Goal region occupancy: ['None', 'None', 'None']
Number of actions: 3
Total task time: 12.7199999999998 sec
connected to simulation
simulation is explicitly stepped
Joint handles retrieved
State(column0: region_1, column1: region_0, column2: region_2)
Reading in option: pick_column0_top_0
Reading in option: pick_column0_left_0
Reading in option: pick_column0_right_0
Reading in option: pick_column0_front_270
Reading in option: pick_column1_top_0
Reading in option: pick_column1_left_0
Reading in option: pick_column1_right_0
Reading in option: pick_column1_front_270
Reading in option: pick_column2_top_0
Reading in option: pick_column2_left_0
Reading in option: pick_column2_right_0
Reading in option: pick_column2_front_270
Reading in option: place_goal_0_top_0
Reading in option: place_goal_0_left_0
Reading in option: place_goal_0_right_0
Reading in option: place_goal_0_front_270
Reading in option: place_goal_1_top_0
Reading in option: place_goal_1_left_0
Reading in option: place_goal_1_right_0
Reading in option: place_goal_1_front_270
Reading in option: place_goal_2_top_0
Reading in option: place_goal_2_left_0
Reading in option: place_goal_2_right_0
Reading in option: place_goal_2_front_270
Reading in option: place_region_0_top_0
Reading in option: place_region_0_left_0
Reading in option: place_region_0_right_0
Reading in option: place_region_0_front_270
Reading in option: place_region_1_top_0
Reading in option: place_region_1_left_0
Reading in option: place_region_1_right_0
Reading in option: place_region_1_front_270
Reading in option: place_region_2_top_0
Reading in option: place_region_2_left_0
Reading in option: place_region_2_right_0
Reading in option: place_region_2_front_270
Creating MDP...
Synthesising Policy...
Step 0
State fingerprint: frozenset({('/column2', '/region_2'), ('/column0', '/region_1'), ('/column1', '/region_0')})
policy state State(column0: region_1, column1: region_0, column2: region_2)
policy value 15.117849886023901
State(column0: region_1, column1: region_0, column2: region_2)
pick_column1_top_0
Action: Action(ActionType.PICK, obj=/column1, slot=None,grasp=GraspType.TOP_0)
[EXEC] Picking /column1 with top_0

[INFO] Found 4608 potential configurations.
[INFO] Motion completed successfully with result: success,in execution time: 3.44 seconds
[INFO] Found a reachable configuration for pick action after 1 attempts.
Tip distance after pick: 0.035643004375465165
[INFO] Pick action completed successfully.in execution time: 3.44 seconds
[EXEC] Action ActionType.PICK executed in 15.13 seconds
[SUCCESS] Action ActionType.PICK succeeded for object /column1
Action duration: 3.44
reward 3.44
[LOG] Transition logged to MongoDB: 42446c84-281e-44e4-a59f-5beaf841bf45 - Episode 0
Step 2
State fingerprint: frozenset({('/column0', '/region_1'), ('/column2', '/region_2'), ('/column1', 'held')})
policy state State(column0: region_1, column1: held, column2: region_2)
policy value 12.095216177155587
State(column0: region_1, column1: held, column2: region_2)
place_region_0_front_270
Action: Action(ActionType.PLACE, obj=/column1, slot=/region_0,grasp=GraspType.FRONT_270)
[EXEC] Placing at [0.35, 0.8, 0.521] with grasp front_270

[INFO] Found 3072 potential configurations.
[ERROR] Motion failed (collision or invalid path)
[ERROR] Motion result: collision
[WARN] Failed to find a path to the selected place config on attempt 1.
[WARN] No path found to selected place config, discarding and trying next valid config...
[ERROR] Motion failed (collision or invalid path)
[ERROR] Motion result: collision
[WARN] Failed to find a path to the selected place config on attempt 2.
[WARN] No path found to selected place config, discarding and trying next valid config...
[INFO] Motion completed successfully with result: success,in execution time: 4.60 seconds
[INFO] Found a reachable configuration for place action after 3 attempts.
[INFO] Place action completed successfully.
realigning placed object /column1 to target position
[EXEC] Action ActionType.PLACE executed in 38.18 seconds
[SUCCESS] Action ActionType.PLACE succeeded for object /column1
Action duration: 4.5999999999999
reward 4.5999999999999
[LOG] Transition logged to MongoDB: 42446c84-281e-44e4-a59f-5beaf841bf45 - Episode 0
Step 4
State fingerprint: frozenset({('/column2', '/region_2'), ('/column0', '/region_1'), ('/column1', '/region_0')})
State has been visited before, stopping to avoid loops
policy state State(column0: region_1, column1: region_0, column2: region_2)
policy value 15.117849886023901
State(column0: region_1, column1: region_0, column2: region_2)
pick_column1_top_0
Action: Action(ActionType.PICK, obj=/column1, slot=None,grasp=GraspType.TOP_0)
[EXEC] Picking /column1 with top_0

[INFO] Found 5760 potential configurations.
[INFO] Motion completed successfully with result: success,in execution time: 4.68 seconds
[INFO] Found a reachable configuration for pick action after 1 attempts.
Tip distance after pick: 0.02766679041385026
[INFO] Pick action completed successfully.in execution time: 4.68 seconds
[EXEC] Action ActionType.PICK executed in 12.88 seconds
[SUCCESS] Action ActionType.PICK succeeded for object /column1
Action duration: 4.6799999999999
reward 4.6799999999999
[LOG] Transition logged to MongoDB: 42446c84-281e-44e4-a59f-5beaf841bf45 - Episode 0
Goal achieved: False
Goal region occupancy: ['None', 'None', 'None']
Number of actions: 3
Total task time: 12.7199999999998 sec
connected to simulation
simulation is explicitly stepped
Joint handles retrieved
State(column0: region_1, column1: region_0, column2: region_2)
Reading in option: pick_column0_top_0
Reading in option: pick_column0_left_0
Reading in option: pick_column0_right_0
Reading in option: pick_column0_front_270
Reading in option: pick_column1_top_0
Reading in option: pick_column1_left_0
Reading in option: pick_column1_right_0
Reading in option: pick_column1_front_270
Reading in option: pick_column2_top_0
Reading in option: pick_column2_left_0
Reading in option: pick_column2_right_0
Reading in option: pick_column2_front_270
Reading in option: place_goal_0_top_0
Reading in option: place_goal_0_left_0
Reading in option: place_goal_0_right_0
Reading in option: place_goal_0_front_270
Reading in option: place_goal_1_top_0
Reading in option: place_goal_1_left_0
Reading in option: place_goal_1_right_0
Reading in option: place_goal_1_front_270
Reading in option: place_goal_2_top_0
Reading in option: place_goal_2_left_0
Reading in option: place_goal_2_right_0
Reading in option: place_goal_2_front_270
Reading in option: place_region_0_top_0
Reading in option: place_region_0_left_0
Reading in option: place_region_0_right_0
Reading in option: place_region_0_front_270
Reading in option: place_region_1_top_0
Reading in option: place_region_1_left_0
Reading in option: place_region_1_right_0
Reading in option: place_region_1_front_270
Reading in option: place_region_2_top_0
Reading in option: place_region_2_left_0
Reading in option: place_region_2_right_0
Reading in option: place_region_2_front_270
Creating MDP...
Synthesising Policy...
Step 0
State fingerprint: frozenset({('/column2', '/region_2'), ('/column0', '/region_1'), ('/column1', '/region_0')})
policy state State(column0: region_1, column1: region_0, column2: region_2)
policy value 15.11785138166752
State(column0: region_1, column1: region_0, column2: region_2)
pick_column1_top_0
Action: Action(ActionType.PICK, obj=/column1, slot=None,grasp=GraspType.TOP_0)
[EXEC] Picking /column1 with top_0

[INFO] Found 4800 potential configurations.
[INFO] Motion completed successfully with result: success,in execution time: 3.64 seconds
[INFO] Found a reachable configuration for pick action after 1 attempts.
Tip distance after pick: 0.02830003965461347
[INFO] Pick action completed successfully.in execution time: 3.64 seconds
[EXEC] Action ActionType.PICK executed in 24.62 seconds
[SUCCESS] Action ActionType.PICK succeeded for object /column1
Action duration: 3.64
reward 3.64
[LOG] Transition logged to MongoDB: 42446c84-281e-44e4-a59f-5beaf841bf45 - Episode 0
Step 2
State fingerprint: frozenset({('/column0', '/region_1'), ('/column2', '/region_2'), ('/column1', 'held')})
policy state State(column0: region_1, column1: held, column2: region_2)
policy value 12.095217672799208
State(column0: region_1, column1: held, column2: region_2)
place_region_0_front_270
Action: Action(ActionType.PLACE, obj=/column1, slot=/region_0,grasp=GraspType.FRONT_270)
[EXEC] Placing at [0.35, 0.8, 0.521] with grasp front_270

[INFO] Found 3904 potential configurations.
[ERROR] Motion failed (collision or invalid path)
[ERROR] Motion result: collision
[WARN] Failed to find a path to the selected place config on attempt 1.
[WARN] No path found to selected place config, discarding and trying next valid config...
[ERROR] Motion failed (collision or invalid path)
[ERROR] Motion result: collision
[WARN] Failed to find a path to the selected place config on attempt 2.
[WARN] No path found to selected place config, discarding and trying next valid config...
[ERROR] Motion failed (collision or invalid path)
[ERROR] Motion result: collision
[WARN] Failed to find a path to the selected place config on attempt 3.
[WARN] No path found to selected place config, discarding and trying next valid config...
[ERROR] Max IK attempts reached, place action failed.
[EXEC] Action ActionType.PLACE executed in 55.38 seconds
[ERROR] Action ActionType.PLACE failed for object /column1
Action duration: 0.001
reward 0.001
[LOG] Transition logged to MongoDB: 42446c84-281e-44e4-a59f-5beaf841bf45 - Episode 0
Action failed, stopping. Time elapsed: 0.001
Step 4
State fingerprint: frozenset({('/column0', '/region_1'), ('/column2', '/region_2'), ('/column1', 'held')})
State has been visited before, stopping to avoid loops
policy state State(column0: region_1, column1: held, column2: region_2)
policy value 12.095217672799208
State(column0: region_1, column1: held, column2: region_2)
place_region_0_front_270
Action: Action(ActionType.PLACE, obj=/column1, slot=/region_0,grasp=GraspType.FRONT_270)
[EXEC] Placing at [0.35, 0.8, 0.521] with grasp front_270

[INFO] Found 2752 potential configurations.
[ERROR] Motion failed (collision or invalid path)
[ERROR] Motion result: collision
[WARN] Failed to find a path to the selected place config on attempt 1.
[WARN] No path found to selected place config, discarding and trying next valid config...
[ERROR] Motion failed (collision or invalid path)
[ERROR] Motion result: collision
[WARN] Failed to find a path to the selected place config on attempt 2.
[WARN] No path found to selected place config, discarding and trying next valid config...
[ERROR] Motion failed (collision or invalid path)
[ERROR] Motion result: collision
[WARN] Failed to find a path to the selected place config on attempt 3.
[WARN] No path found to selected place config, discarding and trying next valid config...
[ERROR] Max IK attempts reached, place action failed.
[EXEC] Action ActionType.PLACE executed in 26.05 seconds
[ERROR] Action ActionType.PLACE failed for object /column1
Action duration: 0.001
reward 0.001
[LOG] Transition logged to MongoDB: 42446c84-281e-44e4-a59f-5beaf841bf45 - Episode 0
Action failed, stopping. Time elapsed: 0.001
Goal achieved: False
Goal region occupancy: ['None', 'None', 'None']
Number of actions: 3
Total task time: 3.642 sec
connected to simulation
simulation is explicitly stepped
Joint handles retrieved
State(column0: region_1, column1: region_0, column2: region_2)
Reading in option: pick_column0_top_0
Reading in option: pick_column0_left_0
Reading in option: pick_column0_right_0
Reading in option: pick_column0_front_270
Reading in option: pick_column1_top_0
Reading in option: pick_column1_left_0
Reading in option: pick_column1_right_0
Reading in option: pick_column1_front_270
Reading in option: pick_column2_top_0
Reading in option: pick_column2_left_0
Reading in option: pick_column2_right_0
Reading in option: pick_column2_front_270
Reading in option: place_goal_0_top_0
Reading in option: place_goal_0_left_0
Reading in option: place_goal_0_right_0
Reading in option: place_goal_0_front_270
Reading in option: place_goal_1_top_0
Reading in option: place_goal_1_left_0
Reading in option: place_goal_1_right_0
Reading in option: place_goal_1_front_270
Reading in option: place_goal_2_top_0
Reading in option: place_goal_2_left_0
Reading in option: place_goal_2_right_0
Reading in option: place_goal_2_front_270
Reading in option: place_region_0_top_0
Reading in option: place_region_0_left_0
Reading in option: place_region_0_right_0
Reading in option: place_region_0_front_270
Reading in option: place_region_1_top_0
Reading in option: place_region_1_left_0
Reading in option: place_region_1_right_0
Reading in option: place_region_1_front_270
Reading in option: place_region_2_top_0
Reading in option: place_region_2_left_0
Reading in option: place_region_2_right_0
Reading in option: place_region_2_front_270
Creating MDP...
Synthesising Policy...
Step 0
State fingerprint: frozenset({('/column2', '/region_2'), ('/column0', '/region_1'), ('/column1', '/region_0')})
policy state State(column0: region_1, column1: region_0, column2: region_2)
policy value 15.11785133854477
State(column0: region_1, column1: region_0, column2: region_2)
pick_column1_top_0
Action: Action(ActionType.PICK, obj=/column1, slot=None,grasp=GraspType.TOP_0)
[EXEC] Picking /column1 with top_0

[INFO] Found 4800 potential configurations.
[INFO] Motion completed successfully with result: success,in execution time: 3.64 seconds
[INFO] Found a reachable configuration for pick action after 1 attempts.
Tip distance after pick: 0.02866722404630991
[INFO] Pick action completed successfully.in execution time: 3.64 seconds
[EXEC] Action ActionType.PICK executed in 17.78 seconds
[SUCCESS] Action ActionType.PICK succeeded for object /column1
Action duration: 3.64
reward 3.64
[LOG] Transition logged to MongoDB: 42446c84-281e-44e4-a59f-5beaf841bf45 - Episode 0
Step 2
State fingerprint: frozenset({('/column0', '/region_1'), ('/column2', '/region_2'), ('/column1', 'held')})
policy state State(column0: region_1, column1: held, column2: region_2)
policy value 12.095217629676457
State(column0: region_1, column1: held, column2: region_2)
place_region_0_front_270
Action: Action(ActionType.PLACE, obj=/column1, slot=/region_0,grasp=GraspType.FRONT_270)
[EXEC] Placing at [0.35, 0.8, 0.521] with grasp front_270

[INFO] Found 3584 potential configurations.
[ERROR] Motion failed (collision or invalid path)
[ERROR] Motion result: collision
[WARN] Failed to find a path to the selected place config on attempt 1.
[WARN] No path found to selected place config, discarding and trying next valid config...
[INFO] Motion completed successfully with result: success,in execution time: 4.60 seconds
[INFO] Found a reachable configuration for place action after 2 attempts.
[INFO] Place action completed successfully.
realigning placed object /column1 to target position
[EXEC] Action ActionType.PLACE executed in 33.42 seconds
[SUCCESS] Action ActionType.PLACE succeeded for object /column1
Action duration: 4.5999999999999
reward 4.5999999999999
[LOG] Transition logged to MongoDB: 42446c84-281e-44e4-a59f-5beaf841bf45 - Episode 0
Step 4
State fingerprint: frozenset({('/column2', '/region_2'), ('/column0', '/region_1'), ('/column1', '/region_0')})
State has been visited before, stopping to avoid loops
policy state State(column0: region_1, column1: region_0, column2: region_2)
policy value 15.11785133854477
State(column0: region_1, column1: region_0, column2: region_2)
pick_column1_top_0
Action: Action(ActionType.PICK, obj=/column1, slot=None,grasp=GraspType.TOP_0)
[EXEC] Picking /column1 with top_0

[INFO] Found 3904 potential configurations.
[INFO] Motion completed successfully with result: success,in execution time: 4.68 seconds
[INFO] Found a reachable configuration for pick action after 1 attempts.
Tip distance after pick: 0.02717009191084161
[INFO] Pick action completed successfully.in execution time: 4.68 seconds
[EXEC] Action ActionType.PICK executed in 20.32 seconds
[SUCCESS] Action ActionType.PICK succeeded for object /column1
Action duration: 4.6799999999999
reward 4.6799999999999
[LOG] Transition logged to MongoDB: 42446c84-281e-44e4-a59f-5beaf841bf45 - Episode 0
Goal achieved: False
Goal region occupancy: ['None', 'None', 'None']
Number of actions: 3
Total task time: 12.919999999999801 sec
connected to simulation
simulation is explicitly stepped
Joint handles retrieved
State(column0: region_1, column1: region_0, column2: region_2)
Reading in option: pick_column0_top_0
Reading in option: pick_column0_left_0
Reading in option: pick_column0_right_0
Reading in option: pick_column0_front_270
Reading in option: pick_column1_top_0
Reading in option: pick_column1_left_0
Reading in option: pick_column1_right_0
Reading in option: pick_column1_front_270
Reading in option: pick_column2_top_0
Reading in option: pick_column2_left_0
Reading in option: pick_column2_right_0
Reading in option: pick_column2_front_270
Reading in option: place_goal_0_top_0
Reading in option: place_goal_0_left_0
Reading in option: place_goal_0_right_0
Reading in option: place_goal_0_front_270
Reading in option: place_goal_1_top_0
Reading in option: place_goal_1_left_0
Reading in option: place_goal_1_right_0
Reading in option: place_goal_1_front_270
Reading in option: place_goal_2_top_0
Reading in option: place_goal_2_left_0
Reading in option: place_goal_2_right_0
Reading in option: place_goal_2_front_270
Reading in option: place_region_0_top_0
Reading in option: place_region_0_left_0
Reading in option: place_region_0_right_0
Reading in option: place_region_0_front_270
Reading in option: place_region_1_top_0
Reading in option: place_region_1_left_0
Reading in option: place_region_1_right_0
Reading in option: place_region_1_front_270
Reading in option: place_region_2_top_0
Reading in option: place_region_2_left_0
Reading in option: place_region_2_right_0
Reading in option: place_region_2_front_270
Creating MDP...
Synthesising Policy...
Step 0
State fingerprint: frozenset({('/column2', '/region_2'), ('/column0', '/region_1'), ('/column1', '/region_0')})
policy state State(column0: region_1, column1: region_0, column2: region_2)
policy value 15.117851374732346
State(column0: region_1, column1: region_0, column2: region_2)
pick_column1_top_0
Action: Action(ActionType.PICK, obj=/column1, slot=None,grasp=GraspType.TOP_0)
[EXEC] Picking /column1 with top_0

[INFO] Found 4352 potential configurations.
[INFO] Motion completed successfully with result: success,in execution time: 3.64 seconds
[INFO] Found a reachable configuration for pick action after 1 attempts.
Tip distance after pick: 0.027853934642539754
[INFO] Pick action completed successfully.in execution time: 3.64 seconds
[EXEC] Action ActionType.PICK executed in 15.99 seconds
[SUCCESS] Action ActionType.PICK succeeded for object /column1
Action duration: 3.64
reward 3.64
[LOG] Transition logged to MongoDB: 42446c84-281e-44e4-a59f-5beaf841bf45 - Episode 0
Step 2
State fingerprint: frozenset({('/column0', '/region_1'), ('/column2', '/region_2'), ('/column1', 'held')})
policy state State(column0: region_1, column1: held, column2: region_2)
policy value 12.095217665864032
State(column0: region_1, column1: held, column2: region_2)
place_region_0_front_270
Action: Action(ActionType.PLACE, obj=/column1, slot=/region_0,grasp=GraspType.FRONT_270)
[EXEC] Placing at [0.35, 0.8, 0.521] with grasp front_270

[INFO] Found 3456 potential configurations.
[ERROR] Motion failed (collision or invalid path)
[ERROR] Motion result: collision
[WARN] Failed to find a path to the selected place config on attempt 1.
[WARN] No path found to selected place config, discarding and trying next valid config...
[ERROR] Motion failed (collision or invalid path)
[ERROR] Motion result: collision
[WARN] Failed to find a path to the selected place config on attempt 2.
[WARN] No path found to selected place config, discarding and trying next valid config...
[INFO] Motion completed successfully with result: success,in execution time: 4.60 seconds
[INFO] Found a reachable configuration for place action after 3 attempts.
[INFO] Place action completed successfully.
realigning placed object /column1 to target position
[EXEC] Action ActionType.PLACE executed in 47.88 seconds
[SUCCESS] Action ActionType.PLACE succeeded for object /column1
Action duration: 4.5999999999999
reward 4.5999999999999
[LOG] Transition logged to MongoDB: 42446c84-281e-44e4-a59f-5beaf841bf45 - Episode 0
Step 4
State fingerprint: frozenset({('/column2', '/region_2'), ('/column0', '/region_1'), ('/column1', '/region_0')})
State has been visited before, stopping to avoid loops
policy state State(column0: region_1, column1: region_0, column2: region_2)
policy value 15.117851374732346
State(column0: region_1, column1: region_0, column2: region_2)
pick_column1_top_0
Action: Action(ActionType.PICK, obj=/column1, slot=None,grasp=GraspType.TOP_0)
[EXEC] Picking /column1 with top_0

[INFO] Found 3520 potential configurations.
[INFO] Motion completed successfully with result: success,in execution time: 4.60 seconds
[INFO] Found a reachable configuration for pick action after 1 attempts.
Tip distance after pick: 0.028191550844409406
[INFO] Pick action completed successfully.in execution time: 4.60 seconds
[EXEC] Action ActionType.PICK executed in 13.70 seconds
[SUCCESS] Action ActionType.PICK succeeded for object /column1
Action duration: 4.5999999999999
reward 4.5999999999999
[LOG] Transition logged to MongoDB: 42446c84-281e-44e4-a59f-5beaf841bf45 - Episode 0
Goal achieved: False
Goal region occupancy: ['None', 'None', 'None']
Number of actions: 3
Total task time: 12.839999999999801 sec
Running study for permutation 5, at limit 2000
connected to simulation
simulation is explicitly stepped
Joint handles retrieved
State(column0: region_1, column1: region_2, column2: region_0)
Reading in option: pick_column0_top_0
Reading in option: pick_column0_left_0
Reading in option: pick_column0_right_0
Reading in option: pick_column0_front_270
Reading in option: pick_column1_top_0
Reading in option: pick_column1_left_0
Reading in option: pick_column1_right_0
Reading in option: pick_column1_front_270
Reading in option: pick_column2_top_0
Reading in option: pick_column2_left_0
Reading in option: pick_column2_right_0
Reading in option: pick_column2_front_270
Reading in option: place_goal_0_top_0
Reading in option: place_goal_0_left_0
Reading in option: place_goal_0_right_0
Reading in option: place_goal_0_front_270
Reading in option: place_goal_1_top_0
Reading in option: place_goal_1_left_0
Reading in option: place_goal_1_right_0
Reading in option: place_goal_1_front_270
Reading in option: place_goal_2_top_0
Reading in option: place_goal_2_left_0
Reading in option: place_goal_2_right_0
Reading in option: place_goal_2_front_270
Reading in option: place_region_0_top_0
Reading in option: place_region_0_left_0
Reading in option: place_region_0_right_0
Reading in option: place_region_0_front_270
Reading in option: place_region_1_top_0
Reading in option: place_region_1_left_0
Reading in option: place_region_1_right_0
Reading in option: place_region_1_front_270
Reading in option: place_region_2_top_0
Reading in option: place_region_2_left_0
Reading in option: place_region_2_right_0
Reading in option: place_region_2_front_270
Creating MDP...
Synthesising Policy...
Step 0
State fingerprint: frozenset({('/column0', '/region_1'), ('/column2', '/region_0'), ('/column1', '/region_2')})
policy state State(column0: region_1, column1: region_2, column2: region_0)
policy value 15.53123410631248
State(column0: region_1, column1: region_2, column2: region_0)
pick_column1_top_0
Action: Action(ActionType.PICK, obj=/column1, slot=None,grasp=GraspType.TOP_0)
[EXEC] Picking /column1 with top_0

[INFO] Found 2688 potential configurations.
[INFO] Motion completed successfully with result: success,in execution time: 3.84 seconds
[INFO] Found a reachable configuration for pick action after 1 attempts.
Tip distance after pick: 0.027019920648088128
[INFO] Pick action completed successfully.in execution time: 3.84 seconds
[EXEC] Action ActionType.PICK executed in 24.46 seconds
[SUCCESS] Action ActionType.PICK succeeded for object /column1
Action duration: 3.84
reward 3.84
[LOG] Transition logged to MongoDB: 42446c84-281e-44e4-a59f-5beaf841bf45 - Episode 0
Step 2
State fingerprint: frozenset({('/column0', '/region_1'), ('/column1', 'held'), ('/column2', '/region_0')})
policy state State(column0: region_1, column1: held, column2: region_0)
policy value 13.053716738503105
State(column0: region_1, column1: held, column2: region_0)
place_goal_2_right_0
Action: Action(ActionType.PLACE, obj=/column1, slot=/goal_2,grasp=GraspType.RIGHT_0)
[EXEC] Placing at [-0.6000000000000001, 0.8250000000000003, 0.5] with grasp right_0

[INFO] Found 2560 potential configurations.
[ERROR] Motion failed (collision or invalid path)
[ERROR] Motion result: collision
[WARN] Failed to find a path to the selected place config on attempt 1.
[WARN] No path found to selected place config, discarding and trying next valid config...
[ERROR] Motion failed (collision or invalid path)
[ERROR] Motion result: collision
[WARN] Failed to find a path to the selected place config on attempt 2.
[WARN] No path found to selected place config, discarding and trying next valid config...
[INFO] Motion completed successfully with result: success,in execution time: 11.12 seconds
[INFO] Found a reachable configuration for place action after 3 attempts.
[INFO] Place action completed successfully.
realigning placed object /column1 to target position
[EXEC] Action ActionType.PLACE executed in 46.84 seconds
[SUCCESS] Action ActionType.PLACE succeeded for object /column1
Action duration: 11.12
reward 11.12
[LOG] Transition logged to MongoDB: 42446c84-281e-44e4-a59f-5beaf841bf45 - Episode 0
Step 4
State fingerprint: frozenset({('/column0', '/region_1'), ('/column1', '/goal_2'), ('/column2', '/region_0')})
policy state State(column0: region_1, column1: goal_2, column2: region_0)
policy value 10.46055369668068
State(column0: region_1, column1: goal_2, column2: region_0)
pick_column0_front_270
Action: Action(ActionType.PICK, obj=/column0, slot=None,grasp=GraspType.FRONT_270)
[EXEC] Picking /column0 with front_270

[INFO] Found 1216 potential configurations.
[INFO] Motion completed successfully with result: success,in execution time: 7.76 seconds
[INFO] Found a reachable configuration for pick action after 1 attempts.
Tip distance after pick: 0.019301053963884422
[INFO] Pick action completed successfully.in execution time: 7.76 seconds
[EXEC] Action ActionType.PICK executed in 18.54 seconds
[SUCCESS] Action ActionType.PICK succeeded for object /column0
Action duration: 7.7599999999998
reward 7.7599999999998
[LOG] Transition logged to MongoDB: 42446c84-281e-44e4-a59f-5beaf841bf45 - Episode 0
Step 6
State fingerprint: frozenset({('/column0', 'held'), ('/column1', '/goal_2'), ('/column2', '/region_0')})
policy state State(column0: held, column1: goal_2, column2: region_0)
policy value 9.035179954143306
State(column0: held, column1: goal_2, column2: region_0)
place_goal_1_top_0
Action: Action(ActionType.PLACE, obj=/column0, slot=/goal_1,grasp=GraspType.TOP_0)
[EXEC] Placing at [-0.2749999999999999, 1.0750000000000006, 0.5] with grasp top_0

[INFO] Found 2624 potential configurations.
[ERROR] Motion failed (collision or invalid path)
[ERROR] Motion result: collision
[WARN] Failed to find a path to the selected place config on attempt 1.
[WARN] No path found to selected place config, discarding and trying next valid config...
[ERROR] Motion failed (collision or invalid path)
[ERROR] Motion result: no_path
[WARN] Failed to find a path to the selected place config on attempt 2.
[WARN] No path found to selected place config, discarding and trying next valid config...
[ERROR] Motion failed (collision or invalid path)
[ERROR] Motion result: no_path
[WARN] Failed to find a path to the selected place config on attempt 3.
[WARN] No path found to selected place config, discarding and trying next valid config...
[ERROR] Max IK attempts reached, place action failed.
[EXEC] Action ActionType.PLACE executed in 39.89 seconds
[ERROR] Action ActionType.PLACE failed for object /column0
Action duration: 0.001
reward 0.001
[LOG] Transition logged to MongoDB: 42446c84-281e-44e4-a59f-5beaf841bf45 - Episode 0
Action failed, stopping. Time elapsed: 0.001
Step 8
State fingerprint: frozenset({('/column0', 'held'), ('/column1', '/goal_2'), ('/column2', '/region_0')})
State has been visited before, stopping to avoid loops
policy state State(column0: held, column1: goal_2, column2: region_0)
policy value 9.035179954143306
State(column0: held, column1: goal_2, column2: region_0)
place_goal_1_top_0
Action: Action(ActionType.PLACE, obj=/column0, slot=/goal_1,grasp=GraspType.TOP_0)
[EXEC] Placing at [-0.2749999999999999, 1.0750000000000006, 0.5] with grasp top_0

[INFO] Found 1344 potential configurations.
[ERROR] Motion failed (collision or invalid path)
[ERROR] Motion result: collision
[WARN] Failed to find a path to the selected place config on attempt 1.
[WARN] No path found to selected place config, discarding and trying next valid config...
[ERROR] Motion failed (collision or invalid path)
[ERROR] Motion result: collision
[WARN] Failed to find a path to the selected place config on attempt 2.
[WARN] No path found to selected place config, discarding and trying next valid config...
[ERROR] Motion failed (collision or invalid path)
[ERROR] Motion result: collision
[WARN] Failed to find a path to the selected place config on attempt 3.
[WARN] No path found to selected place config, discarding and trying next valid config...
[ERROR] Max IK attempts reached, place action failed.
[EXEC] Action ActionType.PLACE executed in 53.54 seconds
[ERROR] Action ActionType.PLACE failed for object /column0
Action duration: 0.001
reward 0.001
[LOG] Transition logged to MongoDB: 42446c84-281e-44e4-a59f-5beaf841bf45 - Episode 0
Action failed, stopping. Time elapsed: 0.001
Goal achieved: False
Goal region occupancy: ['None', 'None', '/column1']
Number of actions: 5
Total task time: 22.721999999999802 sec
connected to simulation
simulation is explicitly stepped
Joint handles retrieved
State(column0: region_1, column1: region_2, column2: region_0)
Reading in option: pick_column0_top_0
Reading in option: pick_column0_left_0
Reading in option: pick_column0_right_0
Reading in option: pick_column0_front_270
Reading in option: pick_column1_top_0
Reading in option: pick_column1_left_0
Reading in option: pick_column1_right_0
Reading in option: pick_column1_front_270
Reading in option: pick_column2_top_0
Reading in option: pick_column2_left_0
Reading in option: pick_column2_right_0
Reading in option: pick_column2_front_270
Reading in option: place_goal_0_top_0
Reading in option: place_goal_0_left_0
Reading in option: place_goal_0_right_0
Reading in option: place_goal_0_front_270
Reading in option: place_goal_1_top_0
Reading in option: place_goal_1_left_0
Reading in option: place_goal_1_right_0
Reading in option: place_goal_1_front_270
Reading in option: place_goal_2_top_0
Reading in option: place_goal_2_left_0
Reading in option: place_goal_2_right_0
Reading in option: place_goal_2_front_270
Reading in option: place_region_0_top_0
Reading in option: place_region_0_left_0
Reading in option: place_region_0_right_0
Reading in option: place_region_0_front_270
Reading in option: place_region_1_top_0
Reading in option: place_region_1_left_0
Reading in option: place_region_1_right_0
Reading in option: place_region_1_front_270
Reading in option: place_region_2_top_0
Reading in option: place_region_2_left_0
Reading in option: place_region_2_right_0
Reading in option: place_region_2_front_270
Creating MDP...
Synthesising Policy...
Step 0
State fingerprint: frozenset({('/column0', '/region_1'), ('/column2', '/region_0'), ('/column1', '/region_2')})
policy state State(column0: region_1, column1: region_2, column2: region_0)
policy value 15.531234096854293
State(column0: region_1, column1: region_2, column2: region_0)
pick_column1_top_0
Action: Action(ActionType.PICK, obj=/column1, slot=None,grasp=GraspType.TOP_0)
[EXEC] Picking /column1 with top_0

[INFO] Found 2944 potential configurations.
[INFO] Motion completed successfully with result: success,in execution time: 3.84 seconds
[INFO] Found a reachable configuration for pick action after 1 attempts.
Tip distance after pick: 0.027616152323864922
[INFO] Pick action completed successfully.in execution time: 3.84 seconds
[EXEC] Action ActionType.PICK executed in 14.11 seconds
[SUCCESS] Action ActionType.PICK succeeded for object /column1
Action duration: 3.84
reward 3.84
[LOG] Transition logged to MongoDB: 42446c84-281e-44e4-a59f-5beaf841bf45 - Episode 0
Step 2
State fingerprint: frozenset({('/column0', '/region_1'), ('/column1', 'held'), ('/column2', '/region_0')})
policy state State(column0: region_1, column1: held, column2: region_0)
policy value 13.053716729044918
State(column0: region_1, column1: held, column2: region_0)
place_goal_2_right_0
Action: Action(ActionType.PLACE, obj=/column1, slot=/goal_2,grasp=GraspType.RIGHT_0)
[EXEC] Placing at [-0.6000000000000001, 0.8250000000000003, 0.5] with grasp right_0

[INFO] Found 3392 potential configurations.
[ERROR] Motion failed (collision or invalid path)
[ERROR] Motion result: collision
[WARN] Failed to find a path to the selected place config on attempt 1.
[WARN] No path found to selected place config, discarding and trying next valid config...
[INFO] Motion completed successfully with result: success,in execution time: 11.44 seconds
[INFO] Found a reachable configuration for place action after 2 attempts.
[INFO] Place action completed successfully.
realigning placed object /column1 to target position
[EXEC] Action ActionType.PLACE executed in 51.81 seconds
[SUCCESS] Action ActionType.PLACE succeeded for object /column1
Action duration: 11.44
reward 11.44
[LOG] Transition logged to MongoDB: 42446c84-281e-44e4-a59f-5beaf841bf45 - Episode 0
Step 4
State fingerprint: frozenset({('/column0', '/region_1'), ('/column1', '/goal_2'), ('/column2', '/region_0')})
policy state State(column0: region_1, column1: goal_2, column2: region_0)
policy value 10.460553687925215
State(column0: region_1, column1: goal_2, column2: region_0)
pick_column0_front_270
Action: Action(ActionType.PICK, obj=/column0, slot=None,grasp=GraspType.FRONT_270)
[EXEC] Picking /column0 with front_270

[INFO] Found 3008 potential configurations.
[ERROR] Motion failed (collision or invalid path)
[ERROR] Motion result: collision
[WARN] Failed to find a path to the selected pick config on attempt 1.
[WARN] No path found to picked config, discarding and trying next valid config...
[INFO] Motion completed successfully with result: success,in execution time: 9.44 seconds
[INFO] Found a reachable configuration for pick action after 2 attempts.
Tip distance after pick: 0.019845518178533583
[INFO] Pick action completed successfully.in execution time: 9.44 seconds
[EXEC] Action ActionType.PICK executed in 29.93 seconds
[SUCCESS] Action ActionType.PICK succeeded for object /column0
Action duration: 9.4399999999998
reward 9.4399999999998
[LOG] Transition logged to MongoDB: 42446c84-281e-44e4-a59f-5beaf841bf45 - Episode 0
Step 6
State fingerprint: frozenset({('/column0', 'held'), ('/column1', '/goal_2'), ('/column2', '/region_0')})
policy state State(column0: held, column1: goal_2, column2: region_0)
policy value 9.03517994538784
State(column0: held, column1: goal_2, column2: region_0)
place_goal_1_top_0
Action: Action(ActionType.PLACE, obj=/column0, slot=/goal_1,grasp=GraspType.TOP_0)
[EXEC] Placing at [-0.2749999999999999, 1.0750000000000006, 0.5] with grasp top_0

[INFO] Found 1792 potential configurations.
[ERROR] Motion failed (collision or invalid path)
[ERROR] Motion result: collision
[WARN] Failed to find a path to the selected place config on attempt 1.
[WARN] No path found to selected place config, discarding and trying next valid config...
[ERROR] Motion failed (collision or invalid path)
[ERROR] Motion result: no_path
[WARN] Failed to find a path to the selected place config on attempt 2.
[WARN] No path found to selected place config, discarding and trying next valid config...
[ERROR] Motion failed (collision or invalid path)
[ERROR] Motion result: collision
[WARN] Failed to find a path to the selected place config on attempt 3.
[WARN] No path found to selected place config, discarding and trying next valid config...
[ERROR] Max IK attempts reached, place action failed.
[EXEC] Action ActionType.PLACE executed in 45.69 seconds
[ERROR] Action ActionType.PLACE failed for object /column0
Action duration: 0.001
reward 0.001
[LOG] Transition logged to MongoDB: 42446c84-281e-44e4-a59f-5beaf841bf45 - Episode 0
Action failed, stopping. Time elapsed: 0.001
Step 8
State fingerprint: frozenset({('/column0', 'held'), ('/column1', '/goal_2'), ('/column2', '/region_0')})
State has been visited before, stopping to avoid loops
policy state State(column0: held, column1: goal_2, column2: region_0)
policy value 9.03517994538784
State(column0: held, column1: goal_2, column2: region_0)
place_goal_1_top_0
Action: Action(ActionType.PLACE, obj=/column0, slot=/goal_1,grasp=GraspType.TOP_0)
[EXEC] Placing at [-0.2749999999999999, 1.0750000000000006, 0.5] with grasp top_0

[INFO] Found 1920 potential configurations.
[ERROR] Motion failed (collision or invalid path)
[ERROR] Motion result: collision
[WARN] Failed to find a path to the selected place config on attempt 1.
[WARN] No path found to selected place config, discarding and trying next valid config...
[INFO] Motion completed successfully with result: success,in execution time: 12.44 seconds
[INFO] Found a reachable configuration for place action after 2 attempts.
[INFO] Place action completed successfully.
realigning placed object /column0 to target position
[EXEC] Action ActionType.PLACE executed in 48.71 seconds
[SUCCESS] Action ActionType.PLACE succeeded for object /column0
Action duration: 12.440000000001
reward 12.440000000001
[LOG] Transition logged to MongoDB: 42446c84-281e-44e4-a59f-5beaf841bf45 - Episode 0
Goal achieved: False
Goal region occupancy: ['None', '/column0', '/column1']
Number of actions: 5
Total task time: 37.1610000000008 sec
connected to simulation
simulation is explicitly stepped
Joint handles retrieved
State(column0: region_1, column1: region_2, column2: region_0)
Reading in option: pick_column0_top_0
Reading in option: pick_column0_left_0
Reading in option: pick_column0_right_0
Reading in option: pick_column0_front_270
Reading in option: pick_column1_top_0
Reading in option: pick_column1_left_0
Reading in option: pick_column1_right_0
Reading in option: pick_column1_front_270
Reading in option: pick_column2_top_0
Reading in option: pick_column2_left_0
Reading in option: pick_column2_right_0
Reading in option: pick_column2_front_270
Reading in option: place_goal_0_top_0
Reading in option: place_goal_0_left_0
Reading in option: place_goal_0_right_0
Reading in option: place_goal_0_front_270
Reading in option: place_goal_1_top_0
Reading in option: place_goal_1_left_0
Reading in option: place_goal_1_right_0
Reading in option: place_goal_1_front_270
Reading in option: place_goal_2_top_0
Reading in option: place_goal_2_left_0
Reading in option: place_goal_2_right_0
Reading in option: place_goal_2_front_270
Reading in option: place_region_0_top_0
Reading in option: place_region_0_left_0
Reading in option: place_region_0_right_0
Reading in option: place_region_0_front_270
Reading in option: place_region_1_top_0
Reading in option: place_region_1_left_0
Reading in option: place_region_1_right_0
Reading in option: place_region_1_front_270
Reading in option: place_region_2_top_0
Reading in option: place_region_2_left_0
Reading in option: place_region_2_right_0
Reading in option: place_region_2_front_270
Creating MDP...
Synthesising Policy...
Step 0
State fingerprint: frozenset({('/column0', '/region_1'), ('/column2', '/region_0'), ('/column1', '/region_2')})
policy state State(column0: region_1, column1: region_2, column2: region_0)
policy value 15.531234106312464
State(column0: region_1, column1: region_2, column2: region_0)
pick_column1_top_0
Action: Action(ActionType.PICK, obj=/column1, slot=None,grasp=GraspType.TOP_0)
[EXEC] Picking /column1 with top_0

[INFO] Found 2432 potential configurations.
[INFO] Motion completed successfully with result: success,in execution time: 3.84 seconds
[INFO] Found a reachable configuration for pick action after 1 attempts.
Tip distance after pick: 0.02781705768636796
[INFO] Pick action completed successfully.in execution time: 3.84 seconds
[EXEC] Action ActionType.PICK executed in 19.64 seconds
[SUCCESS] Action ActionType.PICK succeeded for object /column1
Action duration: 3.84
reward 3.84
[LOG] Transition logged to MongoDB: 42446c84-281e-44e4-a59f-5beaf841bf45 - Episode 0
Step 2
State fingerprint: frozenset({('/column0', '/region_1'), ('/column1', 'held'), ('/column2', '/region_0')})
policy state State(column0: region_1, column1: held, column2: region_0)
policy value 13.05371673850309
State(column0: region_1, column1: held, column2: region_0)
place_goal_2_right_0
Action: Action(ActionType.PLACE, obj=/column1, slot=/goal_2,grasp=GraspType.RIGHT_0)
[EXEC] Placing at [-0.6000000000000001, 0.8250000000000003, 0.5] with grasp right_0

[INFO] Found 2624 potential configurations.
[ERROR] Motion failed (collision or invalid path)
[ERROR] Motion result: collision
[WARN] Failed to find a path to the selected place config on attempt 1.
[WARN] No path found to selected place config, discarding and trying next valid config...
[INFO] Motion completed successfully with result: success,in execution time: 12.96 seconds
[INFO] Found a reachable configuration for place action after 2 attempts.
[INFO] Place action completed successfully.
realigning placed object /column1 to target position
[EXEC] Action ActionType.PLACE executed in 46.84 seconds
[SUCCESS] Action ActionType.PLACE succeeded for object /column1
Action duration: 12.96
reward 12.96
[LOG] Transition logged to MongoDB: 42446c84-281e-44e4-a59f-5beaf841bf45 - Episode 0
Step 4
State fingerprint: frozenset({('/column0', '/region_1'), ('/column1', '/goal_2'), ('/column2', '/region_0')})
policy state State(column0: region_1, column1: goal_2, column2: region_0)
policy value 10.460553696680666
State(column0: region_1, column1: goal_2, column2: region_0)
pick_column0_front_270
Action: Action(ActionType.PICK, obj=/column0, slot=None,grasp=GraspType.FRONT_270)
[EXEC] Picking /column0 with front_270

[INFO] Found 3136 potential configurations.
[INFO] Motion completed successfully with result: success,in execution time: 8.12 seconds
[INFO] Found a reachable configuration for pick action after 1 attempts.
Tip distance after pick: 0.01933120770917347
[INFO] Pick action completed successfully.in execution time: 8.12 seconds
[EXEC] Action ActionType.PICK executed in 21.13 seconds
[SUCCESS] Action ActionType.PICK succeeded for object /column0
Action duration: 8.1199999999998
reward 8.1199999999998
[LOG] Transition logged to MongoDB: 42446c84-281e-44e4-a59f-5beaf841bf45 - Episode 0
Step 6
State fingerprint: frozenset({('/column0', 'held'), ('/column1', '/goal_2'), ('/column2', '/region_0')})
policy state State(column0: held, column1: goal_2, column2: region_0)
policy value 9.035179954143292
State(column0: held, column1: goal_2, column2: region_0)
place_goal_1_top_0
Action: Action(ActionType.PLACE, obj=/column0, slot=/goal_1,grasp=GraspType.TOP_0)
[EXEC] Placing at [-0.2749999999999999, 1.0750000000000006, 0.5] with grasp top_0

[INFO] Found 2496 potential configurations.
[ERROR] Motion failed (collision or invalid path)
[ERROR] Motion result: collision
[WARN] Failed to find a path to the selected place config on attempt 1.
[WARN] No path found to selected place config, discarding and trying next valid config...
[ERROR] Motion failed (collision or invalid path)
[ERROR] Motion result: collision
[WARN] Failed to find a path to the selected place config on attempt 2.
[WARN] No path found to selected place config, discarding and trying next valid config...
[ERROR] Motion failed (collision or invalid path)
[ERROR] Motion result: collision
[WARN] Failed to find a path to the selected place config on attempt 3.
[WARN] No path found to selected place config, discarding and trying next valid config...
[ERROR] Max IK attempts reached, place action failed.
[EXEC] Action ActionType.PLACE executed in 72.89 seconds
[ERROR] Action ActionType.PLACE failed for object /column0
Action duration: 0.001
reward 0.001
[LOG] Transition logged to MongoDB: 42446c84-281e-44e4-a59f-5beaf841bf45 - Episode 0
Action failed, stopping. Time elapsed: 0.001
Step 8
State fingerprint: frozenset({('/column0', 'held'), ('/column1', '/goal_2'), ('/column2', '/region_0')})
State has been visited before, stopping to avoid loops
policy state State(column0: held, column1: goal_2, column2: region_0)
policy value 9.035179954143292
State(column0: held, column1: goal_2, column2: region_0)
place_goal_1_top_0
Action: Action(ActionType.PLACE, obj=/column0, slot=/goal_1,grasp=GraspType.TOP_0)
[EXEC] Placing at [-0.2749999999999999, 1.0750000000000006, 0.5] with grasp top_0

[INFO] Found 2176 potential configurations.
[ERROR] Motion failed (collision or invalid path)
[ERROR] Motion result: collision
[WARN] Failed to find a path to the selected place config on attempt 1.
[WARN] No path found to selected place config, discarding and trying next valid config...
[ERROR] Motion failed (collision or invalid path)
[ERROR] Motion result: collision
[WARN] Failed to find a path to the selected place config on attempt 2.
[WARN] No path found to selected place config, discarding and trying next valid config...
[ERROR] Motion failed (collision or invalid path)
[ERROR] Motion result: collision
[WARN] Failed to find a path to the selected place config on attempt 3.
[WARN] No path found to selected place config, discarding and trying next valid config...
[ERROR] Max IK attempts reached, place action failed.
[EXEC] Action ActionType.PLACE executed in 69.96 seconds
[ERROR] Action ActionType.PLACE failed for object /column0
Action duration: 0.001
reward 0.001
[LOG] Transition logged to MongoDB: 42446c84-281e-44e4-a59f-5beaf841bf45 - Episode 0
Action failed, stopping. Time elapsed: 0.001
Goal achieved: False
Goal region occupancy: ['None', 'None', '/column1']
Number of actions: 5
Total task time: 24.921999999999805 sec
connected to simulation
simulation is explicitly stepped
Joint handles retrieved
State(column0: region_1, column1: region_2, column2: region_0)
Reading in option: pick_column0_top_0
Reading in option: pick_column0_left_0
Reading in option: pick_column0_right_0
Reading in option: pick_column0_front_270
Reading in option: pick_column1_top_0
Reading in option: pick_column1_left_0
Reading in option: pick_column1_right_0
Reading in option: pick_column1_front_270
Reading in option: pick_column2_top_0
Reading in option: pick_column2_left_0
Reading in option: pick_column2_right_0
Reading in option: pick_column2_front_270
Reading in option: place_goal_0_top_0
Reading in option: place_goal_0_left_0
Reading in option: place_goal_0_right_0
Reading in option: place_goal_0_front_270
Reading in option: place_goal_1_top_0
Reading in option: place_goal_1_left_0
Reading in option: place_goal_1_right_0
Reading in option: place_goal_1_front_270
Reading in option: place_goal_2_top_0
Reading in option: place_goal_2_left_0
Reading in option: place_goal_2_right_0
Reading in option: place_goal_2_front_270
Reading in option: place_region_0_top_0
Reading in option: place_region_0_left_0
Reading in option: place_region_0_right_0
Reading in option: place_region_0_front_270
Reading in option: place_region_1_top_0
Reading in option: place_region_1_left_0
Reading in option: place_region_1_right_0
Reading in option: place_region_1_front_270
Reading in option: place_region_2_top_0
Reading in option: place_region_2_left_0
Reading in option: place_region_2_right_0
Reading in option: place_region_2_front_270
Creating MDP...
Synthesising Policy...
Step 0
State fingerprint: frozenset({('/column0', '/region_1'), ('/column2', '/region_0'), ('/column1', '/region_2')})
policy state State(column0: region_1, column1: region_2, column2: region_0)
policy value 15.531234104981921
State(column0: region_1, column1: region_2, column2: region_0)
pick_column1_top_0
Action: Action(ActionType.PICK, obj=/column1, slot=None,grasp=GraspType.TOP_0)
[EXEC] Picking /column1 with top_0

[INFO] Found 2432 potential configurations.
[INFO] Motion completed successfully with result: success,in execution time: 3.88 seconds
[INFO] Found a reachable configuration for pick action after 1 attempts.
Tip distance after pick: 0.026070850812661
[INFO] Pick action completed successfully.in execution time: 3.88 seconds
[EXEC] Action ActionType.PICK executed in 22.39 seconds
[SUCCESS] Action ActionType.PICK succeeded for object /column1
Action duration: 3.88
reward 3.88
[LOG] Transition logged to MongoDB: 42446c84-281e-44e4-a59f-5beaf841bf45 - Episode 0
Step 2
State fingerprint: frozenset({('/column0', '/region_1'), ('/column1', 'held'), ('/column2', '/region_0')})
policy state State(column0: region_1, column1: held, column2: region_0)
policy value 13.053716737172547
State(column0: region_1, column1: held, column2: region_0)
place_goal_2_right_0
Action: Action(ActionType.PLACE, obj=/column1, slot=/goal_2,grasp=GraspType.RIGHT_0)
[EXEC] Placing at [-0.6000000000000001, 0.8250000000000003, 0.5] with grasp right_0

[INFO] Found 2240 potential configurations.
[ERROR] Motion failed (collision or invalid path)
[ERROR] Motion result: collision
[WARN] Failed to find a path to the selected place config on attempt 1.
[WARN] No path found to selected place config, discarding and trying next valid config...
[ERROR] Motion failed (collision or invalid path)
[ERROR] Motion result: no_path
[WARN] Failed to find a path to the selected place config on attempt 2.
[WARN] No path found to selected place config, discarding and trying next valid config...
[INFO] Motion completed successfully with result: success,in execution time: 10.48 seconds
[INFO] Found a reachable configuration for place action after 3 attempts.
[INFO] Place action completed successfully.
realigning placed object /column1 to target position
[EXEC] Action ActionType.PLACE executed in 46.69 seconds
[SUCCESS] Action ActionType.PLACE succeeded for object /column1
Action duration: 10.48
reward 10.48
[LOG] Transition logged to MongoDB: 42446c84-281e-44e4-a59f-5beaf841bf45 - Episode 0
Step 4
State fingerprint: frozenset({('/column0', '/region_1'), ('/column1', '/goal_2'), ('/column2', '/region_0')})
policy state State(column0: region_1, column1: goal_2, column2: region_0)
policy value 10.460553695431525
State(column0: region_1, column1: goal_2, column2: region_0)
pick_column0_front_270
Action: Action(ActionType.PICK, obj=/column0, slot=None,grasp=GraspType.FRONT_270)
[EXEC] Picking /column0 with front_270

[INFO] Found 2944 potential configurations.
[ERROR] Motion failed (collision or invalid path)
[ERROR] Motion result: collision
[WARN] Failed to find a path to the selected pick config on attempt 1.
[WARN] No path found to picked config, discarding and trying next valid config...
[ERROR] Motion failed (collision or invalid path)
[ERROR] Motion result: collision
[WARN] Failed to find a path to the selected pick config on attempt 2.
[WARN] No path found to picked config, discarding and trying next valid config...
[INFO] Motion completed successfully with result: success,in execution time: 12.60 seconds
[INFO] Found a reachable configuration for pick action after 3 attempts.
Tip distance after pick: 0.01850671158560062
[INFO] Pick action completed successfully.in execution time: 12.60 seconds
[EXEC] Action ActionType.PICK executed in 54.56 seconds
[SUCCESS] Action ActionType.PICK succeeded for object /column0
Action duration: 12.6
reward 12.6
[LOG] Transition logged to MongoDB: 42446c84-281e-44e4-a59f-5beaf841bf45 - Episode 0
Step 6
State fingerprint: frozenset({('/column0', 'held'), ('/column1', '/goal_2'), ('/column2', '/region_0')})
policy state State(column0: held, column1: goal_2, column2: region_0)
policy value 9.03517995289415
State(column0: held, column1: goal_2, column2: region_0)
place_goal_1_top_0
Action: Action(ActionType.PLACE, obj=/column0, slot=/goal_1,grasp=GraspType.TOP_0)
[EXEC] Placing at [-0.2749999999999999, 1.0750000000000006, 0.5] with grasp top_0

[INFO] Found 1536 potential configurations.
[ERROR] Motion failed (collision or invalid path)
[ERROR] Motion result: no_path
[WARN] Failed to find a path to the selected place config on attempt 1.
[WARN] No path found to selected place config, discarding and trying next valid config...
[ERROR] Motion failed (collision or invalid path)
[ERROR] Motion result: no_path
[WARN] Failed to find a path to the selected place config on attempt 2.
[WARN] No path found to selected place config, discarding and trying next valid config...
[INFO] Motion completed successfully with result: success,in execution time: 11.76 seconds
[INFO] Found a reachable configuration for place action after 3 attempts.
[INFO] Place action completed successfully.
realigning placed object /column0 to target position
[EXEC] Action ActionType.PLACE executed in 38.91 seconds
[SUCCESS] Action ActionType.PLACE succeeded for object /column0
Action duration: 11.760000000002
reward 11.760000000002
[LOG] Transition logged to MongoDB: 42446c84-281e-44e4-a59f-5beaf841bf45 - Episode 0
Step 8
State fingerprint: frozenset({('/column2', '/region_0'), ('/column1', '/goal_2'), ('/column0', '/goal_1')})
policy state State(column0: goal_1, column1: goal_2, column2: region_0)
policy value 11.439054489294895
State(column0: goal_1, column1: goal_2, column2: region_0)
pick_column2_left_0
Action: Action(ActionType.PICK, obj=/column2, slot=None,grasp=GraspType.LEFT_0)
[EXEC] Picking /column2 with left_0

[INFO] Found 3584 potential configurations.
[INFO] Motion completed successfully with result: success,in execution time: 2.88 seconds
[INFO] Found a reachable configuration for pick action after 1 attempts.
Tip distance after pick: 0.02190322721866439
[INFO] Pick action completed successfully.in execution time: 2.88 seconds
[EXEC] Action ActionType.PICK executed in 18.86 seconds
[SUCCESS] Action ActionType.PICK succeeded for object /column2
Action duration: 2.8800000000005
reward 2.8800000000005
[LOG] Transition logged to MongoDB: 42446c84-281e-44e4-a59f-5beaf841bf45 - Episode 0
Step 10
State fingerprint: frozenset({('/column2', 'held'), ('/column1', '/goal_2'), ('/column0', '/goal_1')})
policy state State(column0: goal_1, column1: goal_2, column2: held)
policy value 7.720199018022704
State(column0: goal_1, column1: goal_2, column2: held)
place_goal_0_top_0
Action: Action(ActionType.PLACE, obj=/column2, slot=/goal_0,grasp=GraspType.TOP_0)
[EXEC] Placing at [-0.27499999999999986, 0.8250000000000005, 0.5] with grasp top_0

[INFO] Found 4736 potential configurations.
[ERROR] Motion failed (collision or invalid path)
[ERROR] Motion result: collision
[WARN] Failed to find a path to the selected place config on attempt 1.
[WARN] No path found to selected place config, discarding and trying next valid config...
[ERROR] Motion failed (collision or invalid path)
[ERROR] Motion result: no_path
[WARN] Failed to find a path to the selected place config on attempt 2.
[WARN] No path found to selected place config, discarding and trying next valid config...
[ERROR] Motion failed (collision or invalid path)
[ERROR] Motion result: collision
[WARN] Failed to find a path to the selected place config on attempt 3.
[WARN] No path found to selected place config, discarding and trying next valid config...
[ERROR] Max IK attempts reached, place action failed.
[EXEC] Action ActionType.PLACE executed in 31.52 seconds
[ERROR] Action ActionType.PLACE failed for object /column2
Action duration: 0.001
reward 0.001
[LOG] Transition logged to MongoDB: 42446c84-281e-44e4-a59f-5beaf841bf45 - Episode 0
Action failed, stopping. Time elapsed: 0.001
Step 12
State fingerprint: frozenset({('/column2', 'held'), ('/column1', '/goal_2'), ('/column0', '/goal_1')})
State has been visited before, stopping to avoid loops
policy state State(column0: goal_1, column1: goal_2, column2: held)
policy value 7.720199018022704
State(column0: goal_1, column1: goal_2, column2: held)
place_goal_0_top_0
Action: Action(ActionType.PLACE, obj=/column2, slot=/goal_0,grasp=GraspType.TOP_0)
[EXEC] Placing at [-0.27499999999999986, 0.8250000000000005, 0.5] with grasp top_0

[INFO] Found 6720 potential configurations.
[ERROR] Motion failed (collision or invalid path)
[ERROR] Motion result: collision
[WARN] Failed to find a path to the selected place config on attempt 1.
[WARN] No path found to selected place config, discarding and trying next valid config...
[ERROR] Motion failed (collision or invalid path)
[ERROR] Motion result: collision
[WARN] Failed to find a path to the selected place config on attempt 2.
[WARN] No path found to selected place config, discarding and trying next valid config...
[ERROR] Motion failed (collision or invalid path)
[ERROR] Motion result: collision
[WARN] Failed to find a path to the selected place config on attempt 3.
[WARN] No path found to selected place config, discarding and trying next valid config...
[ERROR] Max IK attempts reached, place action failed.
[EXEC] Action ActionType.PLACE executed in 27.22 seconds
[ERROR] Action ActionType.PLACE failed for object /column2
Action duration: 0.001
reward 0.001
[LOG] Transition logged to MongoDB: 42446c84-281e-44e4-a59f-5beaf841bf45 - Episode 0
Action failed, stopping. Time elapsed: 0.001
Goal achieved: False
Goal region occupancy: ['None', '/column0', '/column1']
Number of actions: 7
Total task time: 41.6020000000025 sec
connected to simulation
simulation is explicitly stepped
Joint handles retrieved
State(column0: region_1, column1: region_2, column2: region_0)
Reading in option: pick_column0_top_0
Reading in option: pick_column0_left_0
Reading in option: pick_column0_right_0
Reading in option: pick_column0_front_270
Reading in option: pick_column1_top_0
Reading in option: pick_column1_left_0
Reading in option: pick_column1_right_0
Reading in option: pick_column1_front_270
Reading in option: pick_column2_top_0
Reading in option: pick_column2_left_0
Reading in option: pick_column2_right_0
Reading in option: pick_column2_front_270
Reading in option: place_goal_0_top_0
Reading in option: place_goal_0_left_0
Reading in option: place_goal_0_right_0
Reading in option: place_goal_0_front_270
Reading in option: place_goal_1_top_0
Reading in option: place_goal_1_left_0
Reading in option: place_goal_1_right_0
Reading in option: place_goal_1_front_270
Reading in option: place_goal_2_top_0
Reading in option: place_goal_2_left_0
Reading in option: place_goal_2_right_0
Reading in option: place_goal_2_front_270
Reading in option: place_region_0_top_0
Reading in option: place_region_0_left_0
Reading in option: place_region_0_right_0
Reading in option: place_region_0_front_270
Reading in option: place_region_1_top_0
Reading in option: place_region_1_left_0
Reading in option: place_region_1_right_0
Reading in option: place_region_1_front_270
Reading in option: place_region_2_top_0
Reading in option: place_region_2_left_0
Reading in option: place_region_2_right_0
Reading in option: place_region_2_front_270
Creating MDP...
Synthesising Policy...
Step 0
State fingerprint: frozenset({('/column0', '/region_1'), ('/column2', '/region_0'), ('/column1', '/region_2')})
policy state State(column0: region_1, column1: region_2, column2: region_0)
policy value 15.531234104981907
State(column0: region_1, column1: region_2, column2: region_0)
pick_column1_top_0
Action: Action(ActionType.PICK, obj=/column1, slot=None,grasp=GraspType.TOP_0)
[EXEC] Picking /column1 with top_0

[INFO] Found 2560 potential configurations.
[INFO] Motion completed successfully with result: success,in execution time: 3.88 seconds
[INFO] Found a reachable configuration for pick action after 1 attempts.
Tip distance after pick: 0.026217353184999567
[INFO] Pick action completed successfully.in execution time: 3.88 seconds
[EXEC] Action ActionType.PICK executed in 13.45 seconds
[SUCCESS] Action ActionType.PICK succeeded for object /column1
Action duration: 3.88
reward 3.88
[LOG] Transition logged to MongoDB: 42446c84-281e-44e4-a59f-5beaf841bf45 - Episode 0
Step 2
State fingerprint: frozenset({('/column0', '/region_1'), ('/column1', 'held'), ('/column2', '/region_0')})
policy state State(column0: region_1, column1: held, column2: region_0)
policy value 13.053716737172532
State(column0: region_1, column1: held, column2: region_0)
place_goal_2_right_0
Action: Action(ActionType.PLACE, obj=/column1, slot=/goal_2,grasp=GraspType.RIGHT_0)
[EXEC] Placing at [-0.6000000000000001, 0.8250000000000003, 0.5] with grasp right_0

[INFO] Found 1344 potential configurations.
[ERROR] Motion failed (collision or invalid path)
[ERROR] Motion result: collision
[WARN] Failed to find a path to the selected place config on attempt 1.
[WARN] No path found to selected place config, discarding and trying next valid config...
[INFO] Motion completed successfully with result: success,in execution time: 8.76 seconds
[INFO] Found a reachable configuration for place action after 2 attempts.
[INFO] Place action completed successfully.
realigning placed object /column1 to target position
[EXEC] Action ActionType.PLACE executed in 40.36 seconds
[SUCCESS] Action ActionType.PLACE succeeded for object /column1
Action duration: 8.7599999999998
reward 8.7599999999998
[LOG] Transition logged to MongoDB: 42446c84-281e-44e4-a59f-5beaf841bf45 - Episode 0
Step 4
State fingerprint: frozenset({('/column0', '/region_1'), ('/column1', '/goal_2'), ('/column2', '/region_0')})
policy state State(column0: region_1, column1: goal_2, column2: region_0)
policy value 10.460553695431512
State(column0: region_1, column1: goal_2, column2: region_0)
pick_column0_front_270
Action: Action(ActionType.PICK, obj=/column0, slot=None,grasp=GraspType.FRONT_270)
[EXEC] Picking /column0 with front_270

[INFO] Found 2432 potential configurations.
[ERROR] Motion failed (collision or invalid path)
[ERROR] Motion result: collision
[WARN] Failed to find a path to the selected pick config on attempt 1.
[WARN] No path found to picked config, discarding and trying next valid config...
[INFO] Motion completed successfully with result: success,in execution time: 7.64 seconds
[INFO] Found a reachable configuration for pick action after 2 attempts.
Tip distance after pick: 0.01876899095846539
[INFO] Pick action completed successfully.in execution time: 7.64 seconds
[EXEC] Action ActionType.PICK executed in 54.24 seconds
[SUCCESS] Action ActionType.PICK succeeded for object /column0
Action duration: 7.6399999999998
reward 7.6399999999998
[LOG] Transition logged to MongoDB: 42446c84-281e-44e4-a59f-5beaf841bf45 - Episode 0
Step 6
State fingerprint: frozenset({('/column0', 'held'), ('/column1', '/goal_2'), ('/column2', '/region_0')})
policy state State(column0: held, column1: goal_2, column2: region_0)
policy value 9.035179952894138
State(column0: held, column1: goal_2, column2: region_0)
place_goal_1_top_0
Action: Action(ActionType.PLACE, obj=/column0, slot=/goal_1,grasp=GraspType.TOP_0)
[EXEC] Placing at [-0.2749999999999999, 1.0750000000000006, 0.5] with grasp top_0

[INFO] Found 1920 potential configurations.
[ERROR] Motion failed (collision or invalid path)
[ERROR] Motion result: collision
[WARN] Failed to find a path to the selected place config on attempt 1.
[WARN] No path found to selected place config, discarding and trying next valid config...
[ERROR] Motion failed (collision or invalid path)
[ERROR] Motion result: collision
[WARN] Failed to find a path to the selected place config on attempt 2.
[WARN] No path found to selected place config, discarding and trying next valid config...
[ERROR] Motion failed (collision or invalid path)
[ERROR] Motion result: collision
[WARN] Failed to find a path to the selected place config on attempt 3.
[WARN] No path found to selected place config, discarding and trying next valid config...
[ERROR] Max IK attempts reached, place action failed.
[EXEC] Action ActionType.PLACE executed in 78.61 seconds
[ERROR] Action ActionType.PLACE failed for object /column0
Action duration: 0.001
reward 0.001
[LOG] Transition logged to MongoDB: 42446c84-281e-44e4-a59f-5beaf841bf45 - Episode 0
Action failed, stopping. Time elapsed: 0.001
Step 8
State fingerprint: frozenset({('/column0', 'held'), ('/column1', '/goal_2'), ('/column2', '/region_0')})
State has been visited before, stopping to avoid loops
policy state State(column0: held, column1: goal_2, column2: region_0)
policy value 9.035179952894138
State(column0: held, column1: goal_2, column2: region_0)
place_goal_1_top_0
Action: Action(ActionType.PLACE, obj=/column0, slot=/goal_1,grasp=GraspType.TOP_0)
[EXEC] Placing at [-0.2749999999999999, 1.0750000000000006, 0.5] with grasp top_0

[INFO] Found 1664 potential configurations.
[ERROR] Motion failed (collision or invalid path)
[ERROR] Motion result: collision
[WARN] Failed to find a path to the selected place config on attempt 1.
[WARN] No path found to selected place config, discarding and trying next valid config...
[ERROR] Motion failed (collision or invalid path)
[ERROR] Motion result: collision
[WARN] Failed to find a path to the selected place config on attempt 2.
[WARN] No path found to selected place config, discarding and trying next valid config...
[ERROR] Motion failed (collision or invalid path)
[ERROR] Motion result: collision
[WARN] Failed to find a path to the selected place config on attempt 3.
[WARN] No path found to selected place config, discarding and trying next valid config...
[ERROR] Max IK attempts reached, place action failed.
[EXEC] Action ActionType.PLACE executed in 74.73 seconds
[ERROR] Action ActionType.PLACE failed for object /column0
Action duration: 0.001
reward 0.001
[LOG] Transition logged to MongoDB: 42446c84-281e-44e4-a59f-5beaf841bf45 - Episode 0
Action failed, stopping. Time elapsed: 0.001
Goal achieved: False
Goal region occupancy: ['None', 'None', '/column1']
Number of actions: 5
Total task time: 20.281999999999606 sec
connected to simulation
simulation is explicitly stepped
Joint handles retrieved
State(column0: region_1, column1: region_2, column2: region_0)
Reading in option: pick_column0_top_0
Reading in option: pick_column0_left_0
Reading in option: pick_column0_right_0
Reading in option: pick_column0_front_270
Reading in option: pick_column1_top_0
Reading in option: pick_column1_left_0
Reading in option: pick_column1_right_0
Reading in option: pick_column1_front_270
Reading in option: pick_column2_top_0
Reading in option: pick_column2_left_0
Reading in option: pick_column2_right_0
Reading in option: pick_column2_front_270
Reading in option: place_goal_0_top_0
Reading in option: place_goal_0_left_0
Reading in option: place_goal_0_right_0
Reading in option: place_goal_0_front_270
Reading in option: place_goal_1_top_0
Reading in option: place_goal_1_left_0
Reading in option: place_goal_1_right_0
Reading in option: place_goal_1_front_270
Reading in option: place_goal_2_top_0
Reading in option: place_goal_2_left_0
Reading in option: place_goal_2_right_0
Reading in option: place_goal_2_front_270
Reading in option: place_region_0_top_0
Reading in option: place_region_0_left_0
Reading in option: place_region_0_right_0
Reading in option: place_region_0_front_270
Reading in option: place_region_1_top_0
Reading in option: place_region_1_left_0
Reading in option: place_region_1_right_0
Reading in option: place_region_1_front_270
Reading in option: place_region_2_top_0
Reading in option: place_region_2_left_0
Reading in option: place_region_2_right_0
Reading in option: place_region_2_front_270
Creating MDP...
Synthesising Policy...
Step 0
State fingerprint: frozenset({('/column0', '/region_1'), ('/column2', '/region_0'), ('/column1', '/region_2')})
policy state State(column0: region_1, column1: region_2, column2: region_0)
policy value 15.531234104981923
State(column0: region_1, column1: region_2, column2: region_0)
pick_column1_top_0
Action: Action(ActionType.PICK, obj=/column1, slot=None,grasp=GraspType.TOP_0)
[EXEC] Picking /column1 with top_0

[INFO] Found 2240 potential configurations.
[INFO] Motion completed successfully with result: success,in execution time: 3.88 seconds
[INFO] Found a reachable configuration for pick action after 1 attempts.
Tip distance after pick: 0.027060571802153592
[INFO] Pick action completed successfully.in execution time: 3.88 seconds
[EXEC] Action ActionType.PICK executed in 22.61 seconds
[SUCCESS] Action ActionType.PICK succeeded for object /column1
Action duration: 3.88
reward 3.88
[LOG] Transition logged to MongoDB: 42446c84-281e-44e4-a59f-5beaf841bf45 - Episode 0
Step 2
State fingerprint: frozenset({('/column0', '/region_1'), ('/column1', 'held'), ('/column2', '/region_0')})
policy state State(column0: region_1, column1: held, column2: region_0)
policy value 13.053716737172548
State(column0: region_1, column1: held, column2: region_0)
place_goal_2_right_0
Action: Action(ActionType.PLACE, obj=/column1, slot=/goal_2,grasp=GraspType.RIGHT_0)
[EXEC] Placing at [-0.6000000000000001, 0.8250000000000003, 0.5] with grasp right_0

[INFO] Found 2880 potential configurations.
[ERROR] Motion failed (collision or invalid path)
[ERROR] Motion result: collision
[WARN] Failed to find a path to the selected place config on attempt 1.
[WARN] No path found to selected place config, discarding and trying next valid config...
[ERROR] Motion failed (collision or invalid path)
[ERROR] Motion result: collision
[WARN] Failed to find a path to the selected place config on attempt 2.
[WARN] No path found to selected place config, discarding and trying next valid config...
[ERROR] Motion failed (collision or invalid path)
[ERROR] Motion result: no_path
[WARN] Failed to find a path to the selected place config on attempt 3.
[WARN] No path found to selected place config, discarding and trying next valid config...
[ERROR] Max IK attempts reached, place action failed.
[EXEC] Action ActionType.PLACE executed in 36.15 seconds
[ERROR] Action ActionType.PLACE failed for object /column1
Action duration: 0.001
reward 0.001
[LOG] Transition logged to MongoDB: 42446c84-281e-44e4-a59f-5beaf841bf45 - Episode 0
Action failed, stopping. Time elapsed: 0.001
Step 4
State fingerprint: frozenset({('/column0', '/region_1'), ('/column1', 'held'), ('/column2', '/region_0')})
State has been visited before, stopping to avoid loops
policy state State(column0: region_1, column1: held, column2: region_0)
policy value 13.053716737172548
State(column0: region_1, column1: held, column2: region_0)
place_goal_2_right_0
Action: Action(ActionType.PLACE, obj=/column1, slot=/goal_2,grasp=GraspType.RIGHT_0)
[EXEC] Placing at [-0.6000000000000001, 0.8250000000000003, 0.5] with grasp right_0

[INFO] Found 2560 potential configurations.
[ERROR] Motion failed (collision or invalid path)
[ERROR] Motion result: collision
[WARN] Failed to find a path to the selected place config on attempt 1.
[WARN] No path found to selected place config, discarding and trying next valid config...
[INFO] Motion completed successfully with result: success,in execution time: 6.00 seconds
[INFO] Found a reachable configuration for place action after 2 attempts.
[INFO] Place action completed successfully.
realigning placed object /column1 to target position
[EXEC] Action ActionType.PLACE executed in 25.91 seconds
[SUCCESS] Action ActionType.PLACE succeeded for object /column1
Action duration: 5.9999999999999
reward 5.9999999999999
[LOG] Transition logged to MongoDB: 42446c84-281e-44e4-a59f-5beaf841bf45 - Episode 0
Goal achieved: False
Goal region occupancy: ['None', 'None', '/column1']
Number of actions: 3
Total task time: 9.880999999999899 sec
connected to simulation
simulation is explicitly stepped
Joint handles retrieved
State(column0: region_1, column1: region_2, column2: region_0)
Reading in option: pick_column0_top_0
Reading in option: pick_column0_left_0
Reading in option: pick_column0_right_0
Reading in option: pick_column0_front_270
Reading in option: pick_column1_top_0
Reading in option: pick_column1_left_0
Reading in option: pick_column1_right_0
Reading in option: pick_column1_front_270
Reading in option: pick_column2_top_0
Reading in option: pick_column2_left_0
Reading in option: pick_column2_right_0
Reading in option: pick_column2_front_270
Reading in option: place_goal_0_top_0
Reading in option: place_goal_0_left_0
Reading in option: place_goal_0_right_0
Reading in option: place_goal_0_front_270
Reading in option: place_goal_1_top_0
Reading in option: place_goal_1_left_0
Reading in option: place_goal_1_right_0
Reading in option: place_goal_1_front_270
Reading in option: place_goal_2_top_0
Reading in option: place_goal_2_left_0
Reading in option: place_goal_2_right_0
Reading in option: place_goal_2_front_270
Reading in option: place_region_0_top_0
Reading in option: place_region_0_left_0
Reading in option: place_region_0_right_0
Reading in option: place_region_0_front_270
Reading in option: place_region_1_top_0
Reading in option: place_region_1_left_0
Reading in option: place_region_1_right_0
Reading in option: place_region_1_front_270
Reading in option: place_region_2_top_0
Reading in option: place_region_2_left_0
Reading in option: place_region_2_right_0
Reading in option: place_region_2_front_270
Creating MDP...
Synthesising Policy...
Step 0
State fingerprint: frozenset({('/column0', '/region_1'), ('/column2', '/region_0'), ('/column1', '/region_2')})
policy state State(column0: region_1, column1: region_2, column2: region_0)
policy value 15.531234106312477
State(column0: region_1, column1: region_2, column2: region_0)
pick_column1_top_0
Action: Action(ActionType.PICK, obj=/column1, slot=None,grasp=GraspType.TOP_0)
[EXEC] Picking /column1 with top_0

[INFO] Found 2880 potential configurations.
[INFO] Motion completed successfully with result: success,in execution time: 3.88 seconds
[INFO] Found a reachable configuration for pick action after 1 attempts.
Tip distance after pick: 0.026089887055426354
[INFO] Pick action completed successfully.in execution time: 3.88 seconds
[EXEC] Action ActionType.PICK executed in 15.28 seconds
[SUCCESS] Action ActionType.PICK succeeded for object /column1
Action duration: 3.88
reward 3.88
[LOG] Transition logged to MongoDB: 42446c84-281e-44e4-a59f-5beaf841bf45 - Episode 0
Step 2
State fingerprint: frozenset({('/column0', '/region_1'), ('/column1', 'held'), ('/column2', '/region_0')})
policy state State(column0: region_1, column1: held, column2: region_0)
policy value 13.053716738503102
State(column0: region_1, column1: held, column2: region_0)
place_goal_2_right_0
Action: Action(ActionType.PLACE, obj=/column1, slot=/goal_2,grasp=GraspType.RIGHT_0)
[EXEC] Placing at [-0.6000000000000001, 0.8250000000000003, 0.5] with grasp right_0

[INFO] Found 3200 potential configurations.
[ERROR] Motion failed (collision or invalid path)
[ERROR] Motion result: collision
[WARN] Failed to find a path to the selected place config on attempt 1.
[WARN] No path found to selected place config, discarding and trying next valid config...
[ERROR] Motion failed (collision or invalid path)
[ERROR] Motion result: collision
[WARN] Failed to find a path to the selected place config on attempt 2.
[WARN] No path found to selected place config, discarding and trying next valid config...
[INFO] Motion completed successfully with result: success,in execution time: 6.60 seconds
[INFO] Found a reachable configuration for place action after 3 attempts.
[INFO] Place action completed successfully.
realigning placed object /column1 to target position
[EXEC] Action ActionType.PLACE executed in 46.57 seconds
[SUCCESS] Action ActionType.PLACE succeeded for object /column1
Action duration: 6.5999999999999
reward 6.5999999999999
[LOG] Transition logged to MongoDB: 42446c84-281e-44e4-a59f-5beaf841bf45 - Episode 0
Step 4
State fingerprint: frozenset({('/column0', '/region_1'), ('/column1', '/goal_2'), ('/column2', '/region_0')})
policy state State(column0: region_1, column1: goal_2, column2: region_0)
policy value 10.460553696680678
State(column0: region_1, column1: goal_2, column2: region_0)
pick_column0_front_270
Action: Action(ActionType.PICK, obj=/column0, slot=None,grasp=GraspType.FRONT_270)
[EXEC] Picking /column0 with front_270

[INFO] Found 3008 potential configurations.
[ERROR] Motion failed (collision or invalid path)
[ERROR] Motion result: collision
[WARN] Failed to find a path to the selected pick config on attempt 1.
[WARN] No path found to picked config, discarding and trying next valid config...
[ERROR] Motion failed (collision or invalid path)
[ERROR] Motion result: collision
[WARN] Failed to find a path to the selected pick config on attempt 2.
[WARN] No path found to picked config, discarding and trying next valid config...
[INFO] Motion completed successfully with result: success,in execution time: 10.04 seconds
[INFO] Found a reachable configuration for pick action after 3 attempts.
Tip distance after pick: 0.019089428863963673
[INFO] Pick action completed successfully.in execution time: 10.04 seconds
[EXEC] Action ActionType.PICK executed in 41.67 seconds
[SUCCESS] Action ActionType.PICK succeeded for object /column0
Action duration: 10.04
reward 10.04
[LOG] Transition logged to MongoDB: 42446c84-281e-44e4-a59f-5beaf841bf45 - Episode 0
Step 6
State fingerprint: frozenset({('/column0', 'held'), ('/column1', '/goal_2'), ('/column2', '/region_0')})
policy state State(column0: held, column1: goal_2, column2: region_0)
policy value 9.035179954143304
State(column0: held, column1: goal_2, column2: region_0)
place_goal_1_top_0
Action: Action(ActionType.PLACE, obj=/column0, slot=/goal_1,grasp=GraspType.TOP_0)
[EXEC] Placing at [-0.2749999999999999, 1.0750000000000006, 0.5] with grasp top_0

[INFO] Found 2176 potential configurations.
[ERROR] Motion failed (collision or invalid path)
[ERROR] Motion result: collision
[WARN] Failed to find a path to the selected place config on attempt 1.
[WARN] No path found to selected place config, discarding and trying next valid config...
[ERROR] Motion failed (collision or invalid path)
[ERROR] Motion result: collision
[WARN] Failed to find a path to the selected place config on attempt 2.
[WARN] No path found to selected place config, discarding and trying next valid config...
[ERROR] Motion failed (collision or invalid path)
[ERROR] Motion result: collision
[WARN] Failed to find a path to the selected place config on attempt 3.
[WARN] No path found to selected place config, discarding and trying next valid config...
[ERROR] Max IK attempts reached, place action failed.
[EXEC] Action ActionType.PLACE executed in 60.82 seconds
[ERROR] Action ActionType.PLACE failed for object /column0
Action duration: 0.001
reward 0.001
[LOG] Transition logged to MongoDB: 42446c84-281e-44e4-a59f-5beaf841bf45 - Episode 0
Action failed, stopping. Time elapsed: 0.001
Step 8
State fingerprint: frozenset({('/column0', 'held'), ('/column1', '/goal_2'), ('/column2', '/region_0')})
State has been visited before, stopping to avoid loops
policy state State(column0: held, column1: goal_2, column2: region_0)
policy value 9.035179954143304
State(column0: held, column1: goal_2, column2: region_0)
place_goal_1_top_0
Action: Action(ActionType.PLACE, obj=/column0, slot=/goal_1,grasp=GraspType.TOP_0)
[EXEC] Placing at [-0.2749999999999999, 1.0750000000000006, 0.5] with grasp top_0

[INFO] Found 2688 potential configurations.
[ERROR] Motion failed (collision or invalid path)
[ERROR] Motion result: no_path
[WARN] Failed to find a path to the selected place config on attempt 1.
[WARN] No path found to selected place config, discarding and trying next valid config...
[ERROR] Motion failed (collision or invalid path)
[ERROR] Motion result: no_path
[WARN] Failed to find a path to the selected place config on attempt 2.
[WARN] No path found to selected place config, discarding and trying next valid config...
[ERROR] Motion failed (collision or invalid path)
[ERROR] Motion result: collision
[WARN] Failed to find a path to the selected place config on attempt 3.
[WARN] No path found to selected place config, discarding and trying next valid config...
[ERROR] Max IK attempts reached, place action failed.
[EXEC] Action ActionType.PLACE executed in 39.13 seconds
[ERROR] Action ActionType.PLACE failed for object /column0
Action duration: 0.001
reward 0.001
[LOG] Transition logged to MongoDB: 42446c84-281e-44e4-a59f-5beaf841bf45 - Episode 0
Action failed, stopping. Time elapsed: 0.001
Goal achieved: False
Goal region occupancy: ['None', 'None', '/column1']
Number of actions: 5
Total task time: 20.521999999999903 sec
connected to simulation
simulation is explicitly stepped
Joint handles retrieved
State(column0: region_1, column1: region_2, column2: region_0)
Reading in option: pick_column0_top_0
Reading in option: pick_column0_left_0
Reading in option: pick_column0_right_0
Reading in option: pick_column0_front_270
Reading in option: pick_column1_top_0
Reading in option: pick_column1_left_0
Reading in option: pick_column1_right_0
Reading in option: pick_column1_front_270
Reading in option: pick_column2_top_0
Reading in option: pick_column2_left_0
Reading in option: pick_column2_right_0
Reading in option: pick_column2_front_270
Reading in option: place_goal_0_top_0
Reading in option: place_goal_0_left_0
Reading in option: place_goal_0_right_0
Reading in option: place_goal_0_front_270
Reading in option: place_goal_1_top_0
Reading in option: place_goal_1_left_0
Reading in option: place_goal_1_right_0
Reading in option: place_goal_1_front_270
Reading in option: place_goal_2_top_0
Reading in option: place_goal_2_left_0
Reading in option: place_goal_2_right_0
Reading in option: place_goal_2_front_270
Reading in option: place_region_0_top_0
Reading in option: place_region_0_left_0
Reading in option: place_region_0_right_0
Reading in option: place_region_0_front_270
Reading in option: place_region_1_top_0
Reading in option: place_region_1_left_0
Reading in option: place_region_1_right_0
Reading in option: place_region_1_front_270
Reading in option: place_region_2_top_0
Reading in option: place_region_2_left_0
Reading in option: place_region_2_right_0
Reading in option: place_region_2_front_270
Creating MDP...
Synthesising Policy...
Step 0
State fingerprint: frozenset({('/column0', '/region_1'), ('/column2', '/region_0'), ('/column1', '/region_2')})
policy state State(column0: region_1, column1: region_2, column2: region_0)
policy value 15.531234096862907
State(column0: region_1, column1: region_2, column2: region_0)
pick_column1_top_0
Action: Action(ActionType.PICK, obj=/column1, slot=None,grasp=GraspType.TOP_0)
[EXEC] Picking /column1 with top_0

[INFO] Found 3072 potential configurations.
[INFO] Motion completed successfully with result: success,in execution time: 3.88 seconds
[INFO] Found a reachable configuration for pick action after 1 attempts.
Tip distance after pick: 0.026675405333064988
[INFO] Pick action completed successfully.in execution time: 3.88 seconds
[EXEC] Action ActionType.PICK executed in 11.28 seconds
[SUCCESS] Action ActionType.PICK succeeded for object /column1
Action duration: 3.88
reward 3.88
[LOG] Transition logged to MongoDB: 42446c84-281e-44e4-a59f-5beaf841bf45 - Episode 0
Step 2
State fingerprint: frozenset({('/column0', '/region_1'), ('/column1', 'held'), ('/column2', '/region_0')})
policy state State(column0: region_1, column1: held, column2: region_0)
policy value 13.053716729053532
State(column0: region_1, column1: held, column2: region_0)
place_goal_2_right_0
Action: Action(ActionType.PLACE, obj=/column1, slot=/goal_2,grasp=GraspType.RIGHT_0)
[EXEC] Placing at [-0.6000000000000001, 0.8250000000000003, 0.5] with grasp right_0

[INFO] Found 2752 potential configurations.
[ERROR] Motion failed (collision or invalid path)
[ERROR] Motion result: collision
[WARN] Failed to find a path to the selected place config on attempt 1.
[WARN] No path found to selected place config, discarding and trying next valid config...
[INFO] Motion completed successfully with result: success,in execution time: 8.88 seconds
[INFO] Found a reachable configuration for place action after 2 attempts.
[INFO] Place action completed successfully.
realigning placed object /column1 to target position
[EXEC] Action ActionType.PLACE executed in 30.00 seconds
[SUCCESS] Action ActionType.PLACE succeeded for object /column1
Action duration: 8.8799999999998
reward 8.8799999999998
[LOG] Transition logged to MongoDB: 42446c84-281e-44e4-a59f-5beaf841bf45 - Episode 0
Step 4
State fingerprint: frozenset({('/column0', '/region_1'), ('/column1', '/goal_2'), ('/column2', '/region_0')})
policy state State(column0: region_1, column1: goal_2, column2: region_0)
policy value 10.460553687932766
State(column0: region_1, column1: goal_2, column2: region_0)
pick_column0_front_270
Action: Action(ActionType.PICK, obj=/column0, slot=None,grasp=GraspType.FRONT_270)
[EXEC] Picking /column0 with front_270

[INFO] Found 2688 potential configurations.
[ERROR] Motion failed (collision or invalid path)
[ERROR] Motion result: collision
[WARN] Failed to find a path to the selected pick config on attempt 1.
[WARN] No path found to picked config, discarding and trying next valid config...
[ERROR] Motion timeout
