connected to simulation
simulation is explicitly stepped
Joint handles retrieved
[LOG] TransitionLogger initialized with ID: a639ee11-a4cc-4b99-9ceb-2cc349fbe360
[LOG] MongoDB connection established
Pilot run 0
Step 0
Selected action: Action(ActionType.PICK, obj=/column1, slot=None,grasp=None) with motion param: right_0
here
Action: Action(ActionType.PICK, obj=/column1, slot=None,grasp=GraspType.RIGHT_0)
[EXEC] Picking /column1 with right_0
[ERROR] Motion failed (collision or invalid path)
[ERROR] Motion result: no_ik_solution
[ERROR] Failed to reach target pose for pick action, aborting pick.
[EXEC] Action ActionType.PICK executed in 56.69 seconds
[ERROR] Action ActionType.PICK failed for object /column1
Action failed ! time elapsed: 0.001
[LOG] Transition logged to MongoDB: a639ee11-a4cc-4b99-9ceb-2cc349fbe360 - Episode 0
Step 1
Selected action: Action(ActionType.PICK, obj=/column0, slot=None,grasp=None) with motion param: front_270
here
Action: Action(ActionType.PICK, obj=/column0, slot=None,grasp=GraspType.FRONT_270)
[EXEC] Picking /column0 with front_270
[ERROR] Motion failed (collision or invalid path)
[ERROR] Motion result: no_ik_solution
[ERROR] Failed to reach target pose for pick action, aborting pick.
[EXEC] Action ActionType.PICK executed in 21.27 seconds
[ERROR] Action ActionType.PICK failed for object /column0
Action failed ! time elapsed: 0.001
[LOG] Transition logged to MongoDB: a639ee11-a4cc-4b99-9ceb-2cc349fbe360 - Episode 0
Step 2
Selected action: Action(ActionType.PICK, obj=/column1, slot=None,grasp=GraspType.RIGHT_0) with motion param: left_0
here
Action: Action(ActionType.PICK, obj=/column1, slot=None,grasp=GraspType.LEFT_0)
[EXEC] Picking /column1 with left_0
[INFO] Motion completed successfully with result: success,in execution time: 3.92 seconds
[INFO] Target pose attained for pick action, proceeding with grasp.
Tip distance after pick: 0.021173424251682355
[INFO] Pick action completed successfully.in execution time: 3.92 seconds
[EXEC] Action ActionType.PICK executed in 18.78 seconds
[SUCCESS] Action ActionType.PICK succeeded for object /column1
[LOG] Transition logged to MongoDB: a639ee11-a4cc-4b99-9ceb-2cc349fbe360 - Episode 0
Step 3
Selected action: Action(ActionType.PLACE, obj=/column1, slot=/goal_2,grasp=None) with motion param: front_270
here
Action: Action(ActionType.PLACE, obj=/column1, slot=/goal_2,grasp=GraspType.FRONT_270)
[EXEC] Placing at [-0.6000000000000001, 0.8250000000000003, 0.5] with grasp front_270
[ERROR] Motion failed (collision or invalid path)
[ERROR] Motion result: no_ik_solution
[ERROR] Failed to reach target pose for place action, aborting place.
[EXEC] Action ActionType.PLACE executed in 19.17 seconds
[ERROR] Action ActionType.PLACE failed for object /column1
Action failed ! time elapsed: 0.001
[LOG] Transition logged to MongoDB: a639ee11-a4cc-4b99-9ceb-2cc349fbe360 - Episode 0
Step 4
Selected action: Action(ActionType.PLACE, obj=/column1, slot=/goal_1,grasp=None) with motion param: front_270
here
Action: Action(ActionType.PLACE, obj=/column1, slot=/goal_1,grasp=GraspType.FRONT_270)
[EXEC] Placing at [-0.2749999999999999, 1.0750000000000006, 0.5] with grasp front_270
[ERROR] Motion failed (collision or invalid path)
[ERROR] Motion result: no_path
[ERROR] Failed to reach target pose for place action, aborting place.
[EXEC] Action ActionType.PLACE executed in 13.86 seconds
[ERROR] Action ActionType.PLACE failed for object /column1
Action failed ! time elapsed: 0.001
[LOG] Transition logged to MongoDB: a639ee11-a4cc-4b99-9ceb-2cc349fbe360 - Episode 0
Step 5
Selected action: Action(ActionType.PLACE, obj=/column1, slot=/goal_2,grasp=GraspType.FRONT_270) with motion param: front_270
here
Action: Action(ActionType.PLACE, obj=/column1, slot=/goal_2,grasp=GraspType.FRONT_270)
[EXEC] Placing at [-0.6000000000000001, 0.8250000000000003, 0.5] with grasp front_270
[ERROR] Motion failed (collision or invalid path)
[ERROR] Motion result: no_ik_solution
[ERROR] Failed to reach target pose for place action, aborting place.
[EXEC] Action ActionType.PLACE executed in 19.44 seconds
[ERROR] Action ActionType.PLACE failed for object /column1
Action failed ! time elapsed: 0.001
[LOG] Transition logged to MongoDB: a639ee11-a4cc-4b99-9ceb-2cc349fbe360 - Episode 0
Step 6
Selected action: Action(ActionType.PLACE, obj=/column1, slot=/goal_0,grasp=None) with motion param: front_270
here
Action: Action(ActionType.PLACE, obj=/column1, slot=/goal_0,grasp=GraspType.FRONT_270)
[EXEC] Placing at [-0.27499999999999986, 0.8250000000000005, 0.5] with grasp front_270
[ERROR] Motion failed (collision or invalid path)
[ERROR] Motion result: collision
[ERROR] Failed to reach target pose for place action, aborting place.
[EXEC] Action ActionType.PLACE executed in 19.08 seconds
[ERROR] Action ActionType.PLACE failed for object /column1
Action failed ! time elapsed: 0.001
[LOG] Transition logged to MongoDB: a639ee11-a4cc-4b99-9ceb-2cc349fbe360 - Episode 0
Step 7
Selected action: Action(ActionType.PLACE, obj=/column1, slot=/goal_0,grasp=GraspType.FRONT_270) with motion param: right_0
here
Action: Action(ActionType.PLACE, obj=/column1, slot=/goal_0,grasp=GraspType.RIGHT_0)
[EXEC] Placing at [-0.27499999999999986, 0.8250000000000005, 0.5] with grasp right_0
[ERROR] Motion failed (collision or invalid path)
[ERROR] Motion result: collision
[ERROR] Failed to reach target pose for place action, aborting place.
[EXEC] Action ActionType.PLACE executed in 34.27 seconds
[ERROR] Action ActionType.PLACE failed for object /column1
Action failed ! time elapsed: 0.001
[LOG] Transition logged to MongoDB: a639ee11-a4cc-4b99-9ceb-2cc349fbe360 - Episode 0
Step 8
Selected action: Action(ActionType.PLACE, obj=/column1, slot=/goal_1,grasp=GraspType.FRONT_270) with motion param: left_0
here
Action: Action(ActionType.PLACE, obj=/column1, slot=/goal_1,grasp=GraspType.LEFT_0)
[EXEC] Placing at [-0.2749999999999999, 1.0750000000000006, 0.5] with grasp left_0
[ERROR] Motion failed (collision or invalid path)
[ERROR] Motion result: no_ik_solution
[ERROR] Failed to reach target pose for place action, aborting place.
[EXEC] Action ActionType.PLACE executed in 75.90 seconds
[ERROR] Action ActionType.PLACE failed for object /column1
Action failed ! time elapsed: 0.001
Too many failures, resetting scene
Pilot run finished, resetting scene
Leaving object if held
Pilot run 1
Step 0
Selected action: Action(ActionType.PICK, obj=/column1, slot=None,grasp=GraspType.LEFT_0) with motion param: top_0
here
Action: Action(ActionType.PICK, obj=/column1, slot=None,grasp=GraspType.TOP_0)
[EXEC] Picking /column1 with top_0
[INFO] Motion completed successfully with result: success,in execution time: 3.64 seconds
[INFO] Target pose attained for pick action, proceeding with grasp.
Tip distance after pick: 0.02771990558503649
[INFO] Pick action completed successfully.in execution time: 3.64 seconds
[EXEC] Action ActionType.PICK executed in 18.52 seconds
[SUCCESS] Action ActionType.PICK succeeded for object /column1
[LOG] Transition logged to MongoDB: a639ee11-a4cc-4b99-9ceb-2cc349fbe360 - Episode 0
Step 1
Selected action: Action(ActionType.PLACE, obj=/column1, slot=/region_0,grasp=None) with motion param: left_0
here
Action: Action(ActionType.PLACE, obj=/column1, slot=/region_0,grasp=GraspType.LEFT_0)
[EXEC] Placing at [0.35, 0.8, 0.521] with grasp left_0
[INFO] Motion completed successfully with result: success,in execution time: 3.28 seconds
[INFO] Target pose attained for place action, proceeding with placement.
[INFO] Place action completed successfully.
realigning placed object /column1 to target position
[EXEC] Action ActionType.PLACE executed in 20.45 seconds
[SUCCESS] Action ActionType.PLACE succeeded for object /column1
[LOG] Transition logged to MongoDB: a639ee11-a4cc-4b99-9ceb-2cc349fbe360 - Episode 0
Step 2
Selected action: Action(ActionType.PICK, obj=/column2, slot=None,grasp=None) with motion param: front_270
here
Action: Action(ActionType.PICK, obj=/column2, slot=None,grasp=GraspType.FRONT_270)
[EXEC] Picking /column2 with front_270
[ERROR] Motion failed (collision or invalid path)
[ERROR] Motion result: no_ik_solution
[ERROR] Failed to reach target pose for pick action, aborting pick.
[EXEC] Action ActionType.PICK executed in 22.51 seconds
[ERROR] Action ActionType.PICK failed for object /column2
Action failed ! time elapsed: 0.001
[LOG] Transition logged to MongoDB: a639ee11-a4cc-4b99-9ceb-2cc349fbe360 - Episode 0
Step 3
Selected action: Action(ActionType.PICK, obj=/column0, slot=None,grasp=GraspType.FRONT_270) with motion param: left_0
here
Action: Action(ActionType.PICK, obj=/column0, slot=None,grasp=GraspType.LEFT_0)
[EXEC] Picking /column0 with left_0
[ERROR] Motion failed (collision or invalid path)
[ERROR] Motion result: no_ik_solution
[ERROR] Failed to reach target pose for pick action, aborting pick.
[EXEC] Action ActionType.PICK executed in 28.76 seconds
[ERROR] Action ActionType.PICK failed for object /column0
Action failed ! time elapsed: 0.001
[LOG] Transition logged to MongoDB: a639ee11-a4cc-4b99-9ceb-2cc349fbe360 - Episode 0
Step 4
Selected action: Action(ActionType.PICK, obj=/column0, slot=None,grasp=GraspType.LEFT_0) with motion param: left_0
here
Action: Action(ActionType.PICK, obj=/column0, slot=None,grasp=GraspType.LEFT_0)
[EXEC] Picking /column0 with left_0
[ERROR] Motion failed (collision or invalid path)
[ERROR] Motion result: no_ik_solution
[ERROR] Failed to reach target pose for pick action, aborting pick.
[EXEC] Action ActionType.PICK executed in 28.04 seconds
[ERROR] Action ActionType.PICK failed for object /column0
Action failed ! time elapsed: 0.001
[LOG] Transition logged to MongoDB: a639ee11-a4cc-4b99-9ceb-2cc349fbe360 - Episode 0
Step 5
Selected action: Action(ActionType.PICK, obj=/column1, slot=None,grasp=GraspType.TOP_0) with motion param: top_0
here
Action: Action(ActionType.PICK, obj=/column1, slot=None,grasp=GraspType.TOP_0)
[EXEC] Picking /column1 with top_0
[ERROR] Motion failed (collision or invalid path)
[ERROR] Motion result: collision
[ERROR] Failed to reach target pose for pick action, aborting pick.
[EXEC] Action ActionType.PICK executed in 19.74 seconds
[ERROR] Action ActionType.PICK failed for object /column1
Action failed ! time elapsed: 0.001
[LOG] Transition logged to MongoDB: a639ee11-a4cc-4b99-9ceb-2cc349fbe360 - Episode 0
Step 6
Selected action: Action(ActionType.PICK, obj=/column1, slot=None,grasp=GraspType.TOP_0) with motion param: right_0
here
Action: Action(ActionType.PICK, obj=/column1, slot=None,grasp=GraspType.RIGHT_0)
[EXEC] Picking /column1 with right_0
[ERROR] Motion failed (collision or invalid path)
[ERROR] Motion result: no_ik_solution
[ERROR] Failed to reach target pose for pick action, aborting pick.
[EXEC] Action ActionType.PICK executed in 45.77 seconds
[ERROR] Action ActionType.PICK failed for object /column1
Action failed ! time elapsed: 0.001
[LOG] Transition logged to MongoDB: a639ee11-a4cc-4b99-9ceb-2cc349fbe360 - Episode 0
Step 7
Selected action: Action(ActionType.PICK, obj=/column2, slot=None,grasp=GraspType.FRONT_270) with motion param: right_0
here
Action: Action(ActionType.PICK, obj=/column2, slot=None,grasp=GraspType.RIGHT_0)
[EXEC] Picking /column2 with right_0
[ERROR] Motion failed (collision or invalid path)
[ERROR] Motion result: no_ik_solution
[ERROR] Failed to reach target pose for pick action, aborting pick.
[EXEC] Action ActionType.PICK executed in 3.09 seconds
[ERROR] Action ActionType.PICK failed for object /column2
Action failed ! time elapsed: 0.001
Too many failures, resetting scene
Pilot run finished, resetting scene
Leaving object if held
Pilot run 2
Step 0
Selected action: Action(ActionType.PICK, obj=/column1, slot=None,grasp=GraspType.RIGHT_0) with motion param: front_270
here
Action: Action(ActionType.PICK, obj=/column1, slot=None,grasp=GraspType.FRONT_270)
[EXEC] Picking /column1 with front_270
[ERROR] Motion failed (collision or invalid path)
[ERROR] Motion result: no_ik_solution
[ERROR] Failed to reach target pose for pick action, aborting pick.
[EXEC] Action ActionType.PICK executed in 23.27 seconds
[ERROR] Action ActionType.PICK failed for object /column1
Action failed ! time elapsed: 0.001
[LOG] Transition logged to MongoDB: a639ee11-a4cc-4b99-9ceb-2cc349fbe360 - Episode 0
Step 1
Selected action: Action(ActionType.PICK, obj=/column1, slot=None,grasp=GraspType.FRONT_270) with motion param: top_0
here
Action: Action(ActionType.PICK, obj=/column1, slot=None,grasp=GraspType.TOP_0)
[EXEC] Picking /column1 with top_0
[INFO] Motion completed successfully with result: success,in execution time: 6.32 seconds
[INFO] Target pose attained for pick action, proceeding with grasp.
Tip distance after pick: 0.02547861572603106
[INFO] Pick action completed successfully.in execution time: 6.32 seconds
[EXEC] Action ActionType.PICK executed in 21.08 seconds
[SUCCESS] Action ActionType.PICK succeeded for object /column1
[LOG] Transition logged to MongoDB: a639ee11-a4cc-4b99-9ceb-2cc349fbe360 - Episode 0
Step 2
Selected action: Action(ActionType.PLACE, obj=/column1, slot=/region_1,grasp=None) with motion param: left_0
here
Action: Action(ActionType.PLACE, obj=/column1, slot=/region_1,grasp=GraspType.LEFT_0)
[EXEC] Placing at [0.6, 1.075, 0.5] with grasp left_0
[ERROR] Motion failed (collision or invalid path)
[ERROR] Motion result: no_ik_solution
[ERROR] Failed to reach target pose for place action, aborting place.
[EXEC] Action ActionType.PLACE executed in 9.52 seconds
[ERROR] Action ActionType.PLACE failed for object /column1
Action failed ! time elapsed: 0.001
[LOG] Transition logged to MongoDB: a639ee11-a4cc-4b99-9ceb-2cc349fbe360 - Episode 0
Step 3
Selected action: Action(ActionType.PLACE, obj=/column1, slot=/goal_1,grasp=GraspType.LEFT_0) with motion param: front_270
here
Action: Action(ActionType.PLACE, obj=/column1, slot=/goal_1,grasp=GraspType.FRONT_270)
[EXEC] Placing at [-0.2749999999999999, 1.0750000000000006, 0.5] with grasp front_270
[ERROR] Motion failed (collision or invalid path)
[ERROR] Motion result: collision
[ERROR] Failed to reach target pose for place action, aborting place.
[EXEC] Action ActionType.PLACE executed in 20.04 seconds
[ERROR] Action ActionType.PLACE failed for object /column1
Action failed ! time elapsed: 0.001
[LOG] Transition logged to MongoDB: a639ee11-a4cc-4b99-9ceb-2cc349fbe360 - Episode 0
Step 4
Selected action: Action(ActionType.PLACE, obj=/column1, slot=/goal_0,grasp=GraspType.RIGHT_0) with motion param: left_0
here
Action: Action(ActionType.PLACE, obj=/column1, slot=/goal_0,grasp=GraspType.LEFT_0)
[EXEC] Placing at [-0.27499999999999986, 0.8250000000000005, 0.5] with grasp left_0
[ERROR] Motion failed (collision or invalid path)
[ERROR] Motion result: no_path
[ERROR] Failed to reach target pose for place action, aborting place.
[EXEC] Action ActionType.PLACE executed in 13.29 seconds
[ERROR] Action ActionType.PLACE failed for object /column1
Action failed ! time elapsed: 0.001
[LOG] Transition logged to MongoDB: a639ee11-a4cc-4b99-9ceb-2cc349fbe360 - Episode 0
Step 5
Selected action: Action(ActionType.PLACE, obj=/column1, slot=/goal_1,grasp=GraspType.FRONT_270) with motion param: front_270
here
Action: Action(ActionType.PLACE, obj=/column1, slot=/goal_1,grasp=GraspType.FRONT_270)
[EXEC] Placing at [-0.2749999999999999, 1.0750000000000006, 0.5] with grasp front_270
[ERROR] Motion failed (collision or invalid path)
[ERROR] Motion result: no_path
[ERROR] Failed to reach target pose for place action, aborting place.
[EXEC] Action ActionType.PLACE executed in 13.39 seconds
[ERROR] Action ActionType.PLACE failed for object /column1
Action failed ! time elapsed: 0.001
[LOG] Transition logged to MongoDB: a639ee11-a4cc-4b99-9ceb-2cc349fbe360 - Episode 0
Step 6
Selected action: Action(ActionType.PLACE, obj=/column1, slot=/goal_1,grasp=GraspType.FRONT_270) with motion param: left_0
here
Action: Action(ActionType.PLACE, obj=/column1, slot=/goal_1,grasp=GraspType.LEFT_0)
[EXEC] Placing at [-0.2749999999999999, 1.0750000000000006, 0.5] with grasp left_0
[ERROR] Motion failed (collision or invalid path)
[ERROR] Motion result: no_ik_solution
[ERROR] Failed to reach target pose for place action, aborting place.
[EXEC] Action ActionType.PLACE executed in 66.84 seconds
[ERROR] Action ActionType.PLACE failed for object /column1
Action failed ! time elapsed: 0.001
[LOG] Transition logged to MongoDB: a639ee11-a4cc-4b99-9ceb-2cc349fbe360 - Episode 0
Step 7
Selected action: Action(ActionType.PLACE, obj=/column1, slot=/goal_0,grasp=GraspType.LEFT_0) with motion param: top_0
here
Action: Action(ActionType.PLACE, obj=/column1, slot=/goal_0,grasp=GraspType.TOP_0)
[EXEC] Placing at [-0.27499999999999986, 0.8250000000000005, 0.5] with grasp top_0
[ERROR] Motion failed (collision or invalid path)
[ERROR] Motion result: no_path
[ERROR] Failed to reach target pose for place action, aborting place.
[EXEC] Action ActionType.PLACE executed in 14.68 seconds
[ERROR] Action ActionType.PLACE failed for object /column1
Action failed ! time elapsed: 0.001
Too many failures, resetting scene
Pilot run finished, resetting scene
Leaving object if held
Pilot run 3
Step 0
Selected action: Action(ActionType.PICK, obj=/column0, slot=None,grasp=GraspType.LEFT_0) with motion param: front_270
here
Action: Action(ActionType.PICK, obj=/column0, slot=None,grasp=GraspType.FRONT_270)
[EXEC] Picking /column0 with front_270
[ERROR] Motion failed (collision or invalid path)
[ERROR] Motion result: no_ik_solution
[ERROR] Failed to reach target pose for pick action, aborting pick.
[EXEC] Action ActionType.PICK executed in 20.57 seconds
[ERROR] Action ActionType.PICK failed for object /column0
Action failed ! time elapsed: 0.001
[LOG] Transition logged to MongoDB: a639ee11-a4cc-4b99-9ceb-2cc349fbe360 - Episode 0
Step 1
Selected action: Action(ActionType.PICK, obj=/column2, slot=None,grasp=GraspType.RIGHT_0) with motion param: front_270
here
Action: Action(ActionType.PICK, obj=/column2, slot=None,grasp=GraspType.FRONT_270)
[EXEC] Picking /column2 with front_270
[ERROR] Motion failed (collision or invalid path)
[ERROR] Motion result: no_path
[ERROR] Failed to reach target pose for pick action, aborting pick.
[EXEC] Action ActionType.PICK executed in 11.52 seconds
[ERROR] Action ActionType.PICK failed for object /column2
Action failed ! time elapsed: 0.001
[LOG] Transition logged to MongoDB: a639ee11-a4cc-4b99-9ceb-2cc349fbe360 - Episode 0
Step 2
Selected action: Action(ActionType.PICK, obj=/column0, slot=None,grasp=GraspType.FRONT_270) with motion param: front_270
here
Action: Action(ActionType.PICK, obj=/column0, slot=None,grasp=GraspType.FRONT_270)
[EXEC] Picking /column0 with front_270
[ERROR] Motion failed (collision or invalid path)
[ERROR] Motion result: no_ik_solution
[ERROR] Failed to reach target pose for pick action, aborting pick.
[EXEC] Action ActionType.PICK executed in 20.88 seconds
[ERROR] Action ActionType.PICK failed for object /column0
Action failed ! time elapsed: 0.001
[LOG] Transition logged to MongoDB: a639ee11-a4cc-4b99-9ceb-2cc349fbe360 - Episode 0
Step 3
Selected action: Action(ActionType.PICK, obj=/column1, slot=None,grasp=GraspType.TOP_0) with motion param: front_270
here
Action: Action(ActionType.PICK, obj=/column1, slot=None,grasp=GraspType.FRONT_270)
[EXEC] Picking /column1 with front_270
[ERROR] Motion failed (collision or invalid path)
[ERROR] Motion result: no_path
[ERROR] Failed to reach target pose for pick action, aborting pick.
[EXEC] Action ActionType.PICK executed in 12.27 seconds
[ERROR] Action ActionType.PICK failed for object /column1
Action failed ! time elapsed: 0.001
[LOG] Transition logged to MongoDB: a639ee11-a4cc-4b99-9ceb-2cc349fbe360 - Episode 0
Step 4
Selected action: Action(ActionType.PICK, obj=/column2, slot=None,grasp=GraspType.FRONT_270) with motion param: front_270
here
Action: Action(ActionType.PICK, obj=/column2, slot=None,grasp=GraspType.FRONT_270)
[EXEC] Picking /column2 with front_270
[ERROR] Motion failed (collision or invalid path)
[ERROR] Motion result: no_path
[ERROR] Failed to reach target pose for pick action, aborting pick.
[EXEC] Action ActionType.PICK executed in 12.95 seconds
[ERROR] Action ActionType.PICK failed for object /column2
Action failed ! time elapsed: 0.001
[LOG] Transition logged to MongoDB: a639ee11-a4cc-4b99-9ceb-2cc349fbe360 - Episode 0
Step 5
Selected action: Action(ActionType.PICK, obj=/column1, slot=None,grasp=GraspType.FRONT_270) with motion param: front_270
here
Action: Action(ActionType.PICK, obj=/column1, slot=None,grasp=GraspType.FRONT_270)
[EXEC] Picking /column1 with front_270
[ERROR] Motion failed (collision or invalid path)
[ERROR] Motion result: no_path
[ERROR] Failed to reach target pose for pick action, aborting pick.
[EXEC] Action ActionType.PICK executed in 12.17 seconds
[ERROR] Action ActionType.PICK failed for object /column1
Action failed ! time elapsed: 0.001
Too many failures, resetting scene
Pilot run finished, resetting scene
Leaving object if held
Pilot run 4
Step 0
Selected action: Action(ActionType.PICK, obj=/column0, slot=None,grasp=GraspType.FRONT_270) with motion param: right_0
here
Action: Action(ActionType.PICK, obj=/column0, slot=None,grasp=GraspType.RIGHT_0)
[EXEC] Picking /column0 with right_0
[ERROR] Motion failed (collision or invalid path)
[ERROR] Motion result: no_ik_solution
[ERROR] Failed to reach target pose for pick action, aborting pick.
[EXEC] Action ActionType.PICK executed in 3.04 seconds
[ERROR] Action ActionType.PICK failed for object /column0
Action failed ! time elapsed: 0.001
[LOG] Transition logged to MongoDB: a639ee11-a4cc-4b99-9ceb-2cc349fbe360 - Episode 0
Step 1
Selected action: Action(ActionType.PICK, obj=/column1, slot=None,grasp=GraspType.FRONT_270) with motion param: right_0
here
Action: Action(ActionType.PICK, obj=/column1, slot=None,grasp=GraspType.RIGHT_0)
[EXEC] Picking /column1 with right_0
[ERROR] Motion failed (collision or invalid path)
[ERROR] Motion result: no_ik_solution
[ERROR] Failed to reach target pose for pick action, aborting pick.
[EXEC] Action ActionType.PICK executed in 39.90 seconds
[ERROR] Action ActionType.PICK failed for object /column1
Action failed ! time elapsed: 0.001
[LOG] Transition logged to MongoDB: a639ee11-a4cc-4b99-9ceb-2cc349fbe360 - Episode 0
Step 2
Selected action: Action(ActionType.PICK, obj=/column2, slot=None,grasp=GraspType.FRONT_270) with motion param: front_270
here
Action: Action(ActionType.PICK, obj=/column2, slot=None,grasp=GraspType.FRONT_270)
[EXEC] Picking /column2 with front_270
[ERROR] Motion failed (collision or invalid path)
[ERROR] Motion result: no_path
[ERROR] Failed to reach target pose for pick action, aborting pick.
[EXEC] Action ActionType.PICK executed in 13.01 seconds
[ERROR] Action ActionType.PICK failed for object /column2
Action failed ! time elapsed: 0.001
[LOG] Transition logged to MongoDB: a639ee11-a4cc-4b99-9ceb-2cc349fbe360 - Episode 0
Step 3
Selected action: Action(ActionType.PICK, obj=/column0, slot=None,grasp=GraspType.RIGHT_0) with motion param: right_0
here
Action: Action(ActionType.PICK, obj=/column0, slot=None,grasp=GraspType.RIGHT_0)
[EXEC] Picking /column0 with right_0
[ERROR] Motion failed (collision or invalid path)
[ERROR] Motion result: no_ik_solution
[ERROR] Failed to reach target pose for pick action, aborting pick.
[EXEC] Action ActionType.PICK executed in 3.05 seconds
[ERROR] Action ActionType.PICK failed for object /column0
Action failed ! time elapsed: 0.001
[LOG] Transition logged to MongoDB: a639ee11-a4cc-4b99-9ceb-2cc349fbe360 - Episode 0
Step 4
Selected action: Action(ActionType.PICK, obj=/column1, slot=None,grasp=GraspType.RIGHT_0) with motion param: left_0
here
Action: Action(ActionType.PICK, obj=/column1, slot=None,grasp=GraspType.LEFT_0)
[EXEC] Picking /column1 with left_0
[INFO] Motion completed successfully with result: success,in execution time: 4.00 seconds
[INFO] Target pose attained for pick action, proceeding with grasp.
Tip distance after pick: 0.020706714008516272
[INFO] Pick action completed successfully.in execution time: 4.00 seconds
[EXEC] Action ActionType.PICK executed in 17.60 seconds
[SUCCESS] Action ActionType.PICK succeeded for object /column1
[LOG] Transition logged to MongoDB: a639ee11-a4cc-4b99-9ceb-2cc349fbe360 - Episode 0
Step 5
Selected action: Action(ActionType.PLACE, obj=/column1, slot=/region_0,grasp=GraspType.LEFT_0) with motion param: left_0
here
Action: Action(ActionType.PLACE, obj=/column1, slot=/region_0,grasp=GraspType.LEFT_0)
[EXEC] Placing at [0.35, 0.8, 0.521] with grasp left_0
[INFO] Motion completed successfully with result: success,in execution time: 0.64 seconds
[INFO] Target pose attained for place action, proceeding with placement.
[INFO] Place action completed successfully.
realigning placed object /column1 to target position
[EXEC] Action ActionType.PLACE executed in 15.26 seconds
[SUCCESS] Action ActionType.PLACE succeeded for object /column1
[LOG] Transition logged to MongoDB: a639ee11-a4cc-4b99-9ceb-2cc349fbe360 - Episode 0
Step 6
Selected action: Action(ActionType.PICK, obj=/column1, slot=None,grasp=GraspType.LEFT_0) with motion param: right_0
here
Action: Action(ActionType.PICK, obj=/column1, slot=None,grasp=GraspType.RIGHT_0)
[EXEC] Picking /column1 with right_0
[ERROR] Motion failed (collision or invalid path)
[ERROR] Motion result: no_ik_solution
[ERROR] Failed to reach target pose for pick action, aborting pick.
[EXEC] Action ActionType.PICK executed in 42.49 seconds
[ERROR] Action ActionType.PICK failed for object /column1
Action failed ! time elapsed: 0.001
[LOG] Transition logged to MongoDB: a639ee11-a4cc-4b99-9ceb-2cc349fbe360 - Episode 0
Step 7
Selected action: Action(ActionType.PICK, obj=/column0, slot=None,grasp=GraspType.RIGHT_0) with motion param: top_0
here
Action: Action(ActionType.PICK, obj=/column0, slot=None,grasp=GraspType.TOP_0)
[EXEC] Picking /column0 with top_0
[ERROR] Motion failed (collision or invalid path)
[ERROR] Motion result: collision
[ERROR] Failed to reach target pose for pick action, aborting pick.
[EXEC] Action ActionType.PICK executed in 13.40 seconds
[ERROR] Action ActionType.PICK failed for object /column0
Action failed ! time elapsed: 0.001
[LOG] Transition logged to MongoDB: a639ee11-a4cc-4b99-9ceb-2cc349fbe360 - Episode 0
Step 8
Selected action: Action(ActionType.PICK, obj=/column1, slot=None,grasp=GraspType.RIGHT_0) with motion param: top_0
here
Action: Action(ActionType.PICK, obj=/column1, slot=None,grasp=GraspType.TOP_0)
[EXEC] Picking /column1 with top_0
[INFO] Motion completed successfully with result: success,in execution time: 3.36 seconds
[INFO] Target pose attained for pick action, proceeding with grasp.
Tip distance after pick: 0.027981700295286377
[INFO] Pick action completed successfully.in execution time: 3.36 seconds
[EXEC] Action ActionType.PICK executed in 20.23 seconds
[SUCCESS] Action ActionType.PICK succeeded for object /column1
[LOG] Transition logged to MongoDB: a639ee11-a4cc-4b99-9ceb-2cc349fbe360 - Episode 0
Step 9
Selected action: Action(ActionType.PLACE, obj=/column1, slot=/goal_0,grasp=GraspType.TOP_0) with motion param: front_270
here
Action: Action(ActionType.PLACE, obj=/column1, slot=/goal_0,grasp=GraspType.FRONT_270)
[EXEC] Placing at [-0.27499999999999986, 0.8250000000000005, 0.5] with grasp front_270
[INFO] Motion completed successfully with result: success,in execution time: 4.28 seconds
[INFO] Target pose attained for place action, proceeding with placement.
[INFO] Place action completed successfully.
realigning placed object /column1 to target position
[EXEC] Action ActionType.PLACE executed in 15.92 seconds
[SUCCESS] Action ActionType.PLACE succeeded for object /column1
[LOG] Transition logged to MongoDB: a639ee11-a4cc-4b99-9ceb-2cc349fbe360 - Episode 0
Step 10
Selected action: Action(ActionType.PICK, obj=/column2, slot=None,grasp=GraspType.FRONT_270) with motion param: front_270
here
Action: Action(ActionType.PICK, obj=/column2, slot=None,grasp=GraspType.FRONT_270)
[EXEC] Picking /column2 with front_270
[ERROR] Motion failed (collision or invalid path)
[ERROR] Motion result: no_path
[ERROR] Failed to reach target pose for pick action, aborting pick.
[EXEC] Action ActionType.PICK executed in 12.51 seconds
[ERROR] Action ActionType.PICK failed for object /column2
Action failed ! time elapsed: 0.001
[LOG] Transition logged to MongoDB: a639ee11-a4cc-4b99-9ceb-2cc349fbe360 - Episode 0
Step 11
Selected action: Action(ActionType.PICK, obj=/column1, slot=None,grasp=GraspType.TOP_0) with motion param: right_0
here
Action: Action(ActionType.PICK, obj=/column1, slot=None,grasp=GraspType.RIGHT_0)
[EXEC] Picking /column1 with right_0
[ERROR] Motion failed (collision or invalid path)
[ERROR] Motion result: collision
[ERROR] Failed to reach target pose for pick action, aborting pick.
[EXEC] Action ActionType.PICK executed in 14.66 seconds
[ERROR] Action ActionType.PICK failed for object /column1
Action failed ! time elapsed: 0.001
[LOG] Transition logged to MongoDB: a639ee11-a4cc-4b99-9ceb-2cc349fbe360 - Episode 0
Step 12
Selected action: Action(ActionType.PICK, obj=/column2, slot=None,grasp=GraspType.FRONT_270) with motion param: right_0
here
Action: Action(ActionType.PICK, obj=/column2, slot=None,grasp=GraspType.RIGHT_0)
[EXEC] Picking /column2 with right_0
[ERROR] Motion failed (collision or invalid path)
[ERROR] Motion result: no_ik_solution
[ERROR] Failed to reach target pose for pick action, aborting pick.
[EXEC] Action ActionType.PICK executed in 3.05 seconds
[ERROR] Action ActionType.PICK failed for object /column2
Action failed ! time elapsed: 0.001
[LOG] Transition logged to MongoDB: a639ee11-a4cc-4b99-9ceb-2cc349fbe360 - Episode 0
Step 13
Selected action: Action(ActionType.PICK, obj=/column2, slot=None,grasp=GraspType.RIGHT_0) with motion param: left_0
here
Action: Action(ActionType.PICK, obj=/column2, slot=None,grasp=GraspType.LEFT_0)
[EXEC] Picking /column2 with left_0
[INFO] Motion completed successfully with result: success,in execution time: 5.32 seconds
[INFO] Target pose attained for pick action, proceeding with grasp.
Tip distance after pick: 0.020847730167826792
[INFO] Pick action completed successfully.in execution time: 5.32 seconds
[EXEC] Action ActionType.PICK executed in 20.77 seconds
[SUCCESS] Action ActionType.PICK succeeded for object /column2
[LOG] Transition logged to MongoDB: a639ee11-a4cc-4b99-9ceb-2cc349fbe360 - Episode 0
Step 14
Selected action: Action(ActionType.PLACE, obj=/column2, slot=/goal_2,grasp=None) with motion param: left_0
here
Action: Action(ActionType.PLACE, obj=/column2, slot=/goal_2,grasp=GraspType.LEFT_0)
[EXEC] Placing at [-0.6000000000000001, 0.8250000000000003, 0.5] with grasp left_0
[ERROR] Motion failed (collision or invalid path)
[ERROR] Motion result: no_ik_solution
[ERROR] Failed to reach target pose for place action, aborting place.
[EXEC] Action ActionType.PLACE executed in 11.79 seconds
[ERROR] Action ActionType.PLACE failed for object /column2
Action failed ! time elapsed: 0.001
[LOG] Transition logged to MongoDB: a639ee11-a4cc-4b99-9ceb-2cc349fbe360 - Episode 0
Step 15
Selected action: Action(ActionType.PLACE, obj=/column2, slot=/region_0,grasp=None) with motion param: front_270
here
Action: Action(ActionType.PLACE, obj=/column2, slot=/region_0,grasp=GraspType.FRONT_270)
[EXEC] Placing at [0.35, 0.8, 0.521] with grasp front_270
[ERROR] Motion failed (collision or invalid path)
[ERROR] Motion result: collision
[ERROR] Failed to reach target pose for place action, aborting place.
[EXEC] Action ActionType.PLACE executed in 13.07 seconds
[ERROR] Action ActionType.PLACE failed for object /column2
Action failed ! time elapsed: 0.001
[LOG] Transition logged to MongoDB: a639ee11-a4cc-4b99-9ceb-2cc349fbe360 - Episode 0
Step 16
Selected action: Action(ActionType.PLACE, obj=/column2, slot=/goal_2,grasp=GraspType.LEFT_0) with motion param: front_270
here
Action: Action(ActionType.PLACE, obj=/column2, slot=/goal_2,grasp=GraspType.FRONT_270)
[EXEC] Placing at [-0.6000000000000001, 0.8250000000000003, 0.5] with grasp front_270
[ERROR] Motion failed (collision or invalid path)
[ERROR] Motion result: no_ik_solution
[ERROR] Failed to reach target pose for place action, aborting place.
[EXEC] Action ActionType.PLACE executed in 19.36 seconds
[ERROR] Action ActionType.PLACE failed for object /column2
Action failed ! time elapsed: 0.001
[LOG] Transition logged to MongoDB: a639ee11-a4cc-4b99-9ceb-2cc349fbe360 - Episode 0
Step 17
Selected action: Action(ActionType.PLACE, obj=/column2, slot=/region_2,grasp=None) with motion param: front_270
here
Action: Action(ActionType.PLACE, obj=/column2, slot=/region_2,grasp=GraspType.FRONT_270)
[EXEC] Placing at [0.6, 0.80001, 0.5] with grasp front_270
[ERROR] Motion failed (collision or invalid path)
[ERROR] Motion result: collision
[ERROR] Failed to reach target pose for place action, aborting place.
[EXEC] Action ActionType.PLACE executed in 19.07 seconds
[ERROR] Action ActionType.PLACE failed for object /column2
Action failed ! time elapsed: 0.001
[LOG] Transition logged to MongoDB: a639ee11-a4cc-4b99-9ceb-2cc349fbe360 - Episode 0
Step 18
Selected action: Action(ActionType.PLACE, obj=/column2, slot=/goal_2,grasp=GraspType.FRONT_270) with motion param: right_0
here
Action: Action(ActionType.PLACE, obj=/column2, slot=/goal_2,grasp=GraspType.RIGHT_0)
[EXEC] Placing at [-0.6000000000000001, 0.8250000000000003, 0.5] with grasp right_0
[ERROR] Motion failed (collision or invalid path)
[ERROR] Motion result: collision
[ERROR] Failed to reach target pose for place action, aborting place.
[EXEC] Action ActionType.PLACE executed in 38.98 seconds
[ERROR] Action ActionType.PLACE failed for object /column2
Action failed ! time elapsed: 0.001
[LOG] Transition logged to MongoDB: a639ee11-a4cc-4b99-9ceb-2cc349fbe360 - Episode 0
Step 19
Selected action: Action(ActionType.PLACE, obj=/column2, slot=/goal_2,grasp=GraspType.RIGHT_0) with motion param: right_0
here
Action: Action(ActionType.PLACE, obj=/column2, slot=/goal_2,grasp=GraspType.RIGHT_0)
[EXEC] Placing at [-0.6000000000000001, 0.8250000000000003, 0.5] with grasp right_0
[ERROR] Motion failed (collision or invalid path)
[ERROR] Motion result: collision
[ERROR] Failed to reach target pose for place action, aborting place.
[EXEC] Action ActionType.PLACE executed in 17.80 seconds
[ERROR] Action ActionType.PLACE failed for object /column2
Action failed ! time elapsed: 0.001
Too many failures, resetting scene
Pilot run finished, resetting scene
Leaving object if held
Pilot run 5
Step 0
Selected action: Action(ActionType.PICK, obj=/column1, slot=None,grasp=GraspType.RIGHT_0) with motion param: right_0
here
Action: Action(ActionType.PICK, obj=/column1, slot=None,grasp=GraspType.RIGHT_0)
[EXEC] Picking /column1 with right_0
[ERROR] Motion failed (collision or invalid path)
[ERROR] Motion result: no_ik_solution
[ERROR] Failed to reach target pose for pick action, aborting pick.
[EXEC] Action ActionType.PICK executed in 3.04 seconds
[ERROR] Action ActionType.PICK failed for object /column1
Action failed ! time elapsed: 0.001
[LOG] Transition logged to MongoDB: a639ee11-a4cc-4b99-9ceb-2cc349fbe360 - Episode 0
Step 1
Selected action: Action(ActionType.PICK, obj=/column0, slot=None,grasp=GraspType.TOP_0) with motion param: top_0
here
Action: Action(ActionType.PICK, obj=/column0, slot=None,grasp=GraspType.TOP_0)
[EXEC] Picking /column0 with top_0
[INFO] Motion completed successfully with result: success,in execution time: 3.44 seconds
[INFO] Target pose attained for pick action, proceeding with grasp.
Tip distance after pick: 0.04095685530513925
[INFO] Pick action completed successfully.in execution time: 3.44 seconds
[EXEC] Action ActionType.PICK executed in 19.17 seconds
[SUCCESS] Action ActionType.PICK succeeded for object /column0
[LOG] Transition logged to MongoDB: a639ee11-a4cc-4b99-9ceb-2cc349fbe360 - Episode 0
Step 2
Selected action: Action(ActionType.PLACE, obj=/column0, slot=/goal_1,grasp=None) with motion param: top_0
here
Action: Action(ActionType.PLACE, obj=/column0, slot=/goal_1,grasp=GraspType.TOP_0)
[EXEC] Placing at [-0.2749999999999999, 1.0750000000000006, 0.5] with grasp top_0
[INFO] Motion completed successfully with result: success,in execution time: 23.32 seconds
[INFO] Target pose attained for place action, proceeding with placement.
[INFO] Place action completed successfully.
realigning placed object /column0 to target position
[EXEC] Action ActionType.PLACE executed in 49.85 seconds
[SUCCESS] Action ActionType.PLACE succeeded for object /column0
[LOG] Transition logged to MongoDB: a639ee11-a4cc-4b99-9ceb-2cc349fbe360 - Episode 0
Step 3
Selected action: Action(ActionType.PICK, obj=/column2, slot=None,grasp=GraspType.LEFT_0) with motion param: right_0
here
Action: Action(ActionType.PICK, obj=/column2, slot=None,grasp=GraspType.RIGHT_0)
[EXEC] Picking /column2 with right_0
[ERROR] Motion failed (collision or invalid path)
[ERROR] Motion result: no_ik_solution
[ERROR] Failed to reach target pose for pick action, aborting pick.
[EXEC] Action ActionType.PICK executed in 3.06 seconds
[ERROR] Action ActionType.PICK failed for object /column2
Action failed ! time elapsed: 0.001
[LOG] Transition logged to MongoDB: a639ee11-a4cc-4b99-9ceb-2cc349fbe360 - Episode 0
Step 4
Selected action: Action(ActionType.PICK, obj=/column0, slot=None,grasp=GraspType.TOP_0) with motion param: top_0
here
Action: Action(ActionType.PICK, obj=/column0, slot=None,grasp=GraspType.TOP_0)
[EXEC] Picking /column0 with top_0
[INFO] Motion completed successfully with result: success,in execution time: 1.20 seconds
[INFO] Target pose attained for pick action, proceeding with grasp.
Tip distance after pick: 0.027903464987076427
[INFO] Pick action completed successfully.in execution time: 1.20 seconds
[EXEC] Action ActionType.PICK executed in 13.89 seconds
[SUCCESS] Action ActionType.PICK succeeded for object /column0
[LOG] Transition logged to MongoDB: a639ee11-a4cc-4b99-9ceb-2cc349fbe360 - Episode 0
Step 5
Selected action: Action(ActionType.PLACE, obj=/column0, slot=/region_0,grasp=None) with motion param: left_0
here
Action: Action(ActionType.PLACE, obj=/column0, slot=/region_0,grasp=GraspType.LEFT_0)
[EXEC] Placing at [0.35, 0.8, 0.521] with grasp left_0
[INFO] Motion completed successfully with result: success,in execution time: 2.96 seconds
[INFO] Target pose attained for place action, proceeding with placement.
[INFO] Place action completed successfully.
realigning placed object /column0 to target position
[EXEC] Action ActionType.PLACE executed in 17.24 seconds
[SUCCESS] Action ActionType.PLACE succeeded for object /column0
[LOG] Transition logged to MongoDB: a639ee11-a4cc-4b99-9ceb-2cc349fbe360 - Episode 0
Step 6
Selected action: Action(ActionType.PICK, obj=/column0, slot=None,grasp=GraspType.TOP_0) with motion param: top_0
here
Action: Action(ActionType.PICK, obj=/column0, slot=None,grasp=GraspType.TOP_0)
[EXEC] Picking /column0 with top_0
[ERROR] Motion failed (collision or invalid path)
[ERROR] Motion result: collision
[ERROR] Failed to reach target pose for pick action, aborting pick.
[EXEC] Action ActionType.PICK executed in 18.80 seconds
[ERROR] Action ActionType.PICK failed for object /column0
Action failed ! time elapsed: 0.001
[LOG] Transition logged to MongoDB: a639ee11-a4cc-4b99-9ceb-2cc349fbe360 - Episode 0
Step 7
Selected action: Action(ActionType.PICK, obj=/column1, slot=None,grasp=GraspType.RIGHT_0) with motion param: top_0
here
Action: Action(ActionType.PICK, obj=/column1, slot=None,grasp=GraspType.TOP_0)
[EXEC] Picking /column1 with top_0
[INFO] Motion completed successfully with result: success,in execution time: 7.72 seconds
[INFO] Target pose attained for pick action, proceeding with grasp.
Tip distance after pick: 0.02453473027421811
[INFO] Pick action completed successfully.in execution time: 7.72 seconds
[EXEC] Action ActionType.PICK executed in 19.71 seconds
[SUCCESS] Action ActionType.PICK succeeded for object /column1
[LOG] Transition logged to MongoDB: a639ee11-a4cc-4b99-9ceb-2cc349fbe360 - Episode 0
Step 8
Selected action: Action(ActionType.PLACE, obj=/column1, slot=/goal_0,grasp=GraspType.FRONT_270) with motion param: left_0
here
Action: Action(ActionType.PLACE, obj=/column1, slot=/goal_0,grasp=GraspType.LEFT_0)
[EXEC] Placing at [-0.27499999999999986, 0.8250000000000005, 0.5] with grasp left_0
[ERROR] Motion failed (collision or invalid path)
[ERROR] Motion result: collision
[ERROR] Failed to reach target pose for place action, aborting place.
[EXEC] Action ActionType.PLACE executed in 26.61 seconds
[ERROR] Action ActionType.PLACE failed for object /column1
Action failed ! time elapsed: 0.001
[LOG] Transition logged to MongoDB: a639ee11-a4cc-4b99-9ceb-2cc349fbe360 - Episode 0
Step 9
Selected action: Action(ActionType.PLACE, obj=/column1, slot=/goal_0,grasp=GraspType.LEFT_0) with motion param: right_0
here
Action: Action(ActionType.PLACE, obj=/column1, slot=/goal_0,grasp=GraspType.RIGHT_0)
[EXEC] Placing at [-0.27499999999999986, 0.8250000000000005, 0.5] with grasp right_0
[ERROR] Motion failed (collision or invalid path)
[ERROR] Motion result: no_path
[ERROR] Failed to reach target pose for place action, aborting place.
[EXEC] Action ActionType.PLACE executed in 14.05 seconds
[ERROR] Action ActionType.PLACE failed for object /column1
Action failed ! time elapsed: 0.001
[LOG] Transition logged to MongoDB: a639ee11-a4cc-4b99-9ceb-2cc349fbe360 - Episode 0
Step 10
Selected action: Action(ActionType.PLACE, obj=/column1, slot=/goal_0,grasp=GraspType.RIGHT_0) with motion param: right_0
here
Action: Action(ActionType.PLACE, obj=/column1, slot=/goal_0,grasp=GraspType.RIGHT_0)
[EXEC] Placing at [-0.27499999999999986, 0.8250000000000005, 0.5] with grasp right_0
[ERROR] Motion failed (collision or invalid path)
[ERROR] Motion result: collision
[ERROR] Failed to reach target pose for place action, aborting place.
[EXEC] Action ActionType.PLACE executed in 23.06 seconds
[ERROR] Action ActionType.PLACE failed for object /column1
Action failed ! time elapsed: 0.001
[LOG] Transition logged to MongoDB: a639ee11-a4cc-4b99-9ceb-2cc349fbe360 - Episode 0
Step 11
Selected action: Action(ActionType.PLACE, obj=/column1, slot=/goal_2,grasp=GraspType.FRONT_270) with motion param: top_0
here
Action: Action(ActionType.PLACE, obj=/column1, slot=/goal_2,grasp=GraspType.TOP_0)
[EXEC] Placing at [-0.6000000000000001, 0.8250000000000003, 0.5] with grasp top_0
[ERROR] Motion failed (collision or invalid path)
[ERROR] Motion result: no_ik_solution
[ERROR] Failed to reach target pose for place action, aborting place.
[EXEC] Action ActionType.PLACE executed in 27.04 seconds
[ERROR] Action ActionType.PLACE failed for object /column1
Action failed ! time elapsed: 0.001
[LOG] Transition logged to MongoDB: a639ee11-a4cc-4b99-9ceb-2cc349fbe360 - Episode 0
Step 12
Selected action: Action(ActionType.PLACE, obj=/column1, slot=/region_1,grasp=GraspType.LEFT_0) with motion param: top_0
here
Action: Action(ActionType.PLACE, obj=/column1, slot=/region_1,grasp=GraspType.TOP_0)
[EXEC] Placing at [0.6, 1.075, 0.5] with grasp top_0
[ERROR] Motion failed (collision or invalid path)
[ERROR] Motion result: no_ik_solution
[ERROR] Failed to reach target pose for place action, aborting place.
[EXEC] Action ActionType.PLACE executed in 5.75 seconds
[ERROR] Action ActionType.PLACE failed for object /column1
Action failed ! time elapsed: 0.001
[LOG] Transition logged to MongoDB: a639ee11-a4cc-4b99-9ceb-2cc349fbe360 - Episode 0
Step 13
Selected action: Action(ActionType.PLACE, obj=/column1, slot=/goal_0,grasp=GraspType.RIGHT_0) with motion param: front_270
here
Action: Action(ActionType.PLACE, obj=/column1, slot=/goal_0,grasp=GraspType.FRONT_270)
[EXEC] Placing at [-0.27499999999999986, 0.8250000000000005, 0.5] with grasp front_270
[ERROR] Motion failed (collision or invalid path)
[ERROR] Motion result: collision
[ERROR] Failed to reach target pose for place action, aborting place.
[EXEC] Action ActionType.PLACE executed in 28.69 seconds
[ERROR] Action ActionType.PLACE failed for object /column1
Action failed ! time elapsed: 0.001
Too many failures, resetting scene
Pilot run finished, resetting scene
Leaving object if held
Pilot run 6
Step 0
Selected action: Action(ActionType.PICK, obj=/column1, slot=None,grasp=GraspType.TOP_0) with motion param: left_0
here
Action: Action(ActionType.PICK, obj=/column1, slot=None,grasp=GraspType.LEFT_0)
[EXEC] Picking /column1 with left_0
[ERROR] Motion failed (collision or invalid path)
[ERROR] Motion result: no_ik_solution
[ERROR] Failed to reach target pose for pick action, aborting pick.
[EXEC] Action ActionType.PICK executed in 9.13 seconds
[ERROR] Action ActionType.PICK failed for object /column1
Action failed ! time elapsed: 0.001
[LOG] Transition logged to MongoDB: a639ee11-a4cc-4b99-9ceb-2cc349fbe360 - Episode 0
Step 1
Selected action: Action(ActionType.PICK, obj=/column0, slot=None,grasp=GraspType.TOP_0) with motion param: left_0
here
Action: Action(ActionType.PICK, obj=/column0, slot=None,grasp=GraspType.LEFT_0)
[EXEC] Picking /column0 with left_0
[INFO] Motion completed successfully with result: success,in execution time: 4.00 seconds
[INFO] Target pose attained for pick action, proceeding with grasp.
Tip distance after pick: 0.020843985749809904
[INFO] Pick action completed successfully.in execution time: 4.00 seconds
[EXEC] Action ActionType.PICK executed in 19.70 seconds
[SUCCESS] Action ActionType.PICK succeeded for object /column0
[LOG] Transition logged to MongoDB: a639ee11-a4cc-4b99-9ceb-2cc349fbe360 - Episode 0
Step 2
Selected action: Action(ActionType.PLACE, obj=/column0, slot=/goal_0,grasp=None) with motion param: top_0
here
Action: Action(ActionType.PLACE, obj=/column0, slot=/goal_0,grasp=GraspType.TOP_0)
[EXEC] Placing at [-0.27499999999999986, 0.8250000000000005, 0.5] with grasp top_0
[ERROR] Motion failed (collision or invalid path)
[ERROR] Motion result: collision
[ERROR] Failed to reach target pose for place action, aborting place.
[EXEC] Action ActionType.PLACE executed in 25.44 seconds
[ERROR] Action ActionType.PLACE failed for object /column0
Action failed ! time elapsed: 0.001
[LOG] Transition logged to MongoDB: a639ee11-a4cc-4b99-9ceb-2cc349fbe360 - Episode 0
Step 3
Selected action: Action(ActionType.PLACE, obj=/column0, slot=/goal_0,grasp=GraspType.TOP_0) with motion param: left_0
here
Action: Action(ActionType.PLACE, obj=/column0, slot=/goal_0,grasp=GraspType.LEFT_0)
[EXEC] Placing at [-0.27499999999999986, 0.8250000000000005, 0.5] with grasp left_0
[INFO] Motion completed successfully with result: success,in execution time: 2.00 seconds
[INFO] Target pose attained for place action, proceeding with placement.
[INFO] Place action completed successfully.
realigning placed object /column0 to target position
[EXEC] Action ActionType.PLACE executed in 21.39 seconds
[SUCCESS] Action ActionType.PLACE succeeded for object /column0
[LOG] Transition logged to MongoDB: a639ee11-a4cc-4b99-9ceb-2cc349fbe360 - Episode 0
Step 4
Selected action: Action(ActionType.PICK, obj=/column1, slot=None,grasp=GraspType.LEFT_0) with motion param: left_0
here
Action: Action(ActionType.PICK, obj=/column1, slot=None,grasp=GraspType.LEFT_0)
[EXEC] Picking /column1 with left_0
[ERROR] Motion failed (collision or invalid path)
[ERROR] Motion result: no_ik_solution
[ERROR] Failed to reach target pose for pick action, aborting pick.
[EXEC] Action ActionType.PICK executed in 9.59 seconds
[ERROR] Action ActionType.PICK failed for object /column1
Action failed ! time elapsed: 0.001
[LOG] Transition logged to MongoDB: a639ee11-a4cc-4b99-9ceb-2cc349fbe360 - Episode 0
Step 5
Selected action: Action(ActionType.PICK, obj=/column1, slot=None,grasp=GraspType.LEFT_0) with motion param: top_0
here
Action: Action(ActionType.PICK, obj=/column1, slot=None,grasp=GraspType.TOP_0)
[EXEC] Picking /column1 with top_0
[ERROR] Motion failed (collision or invalid path)
[ERROR] Motion result: collision
[ERROR] Failed to reach target pose for pick action, aborting pick.
[EXEC] Action ActionType.PICK executed in 17.12 seconds
[ERROR] Action ActionType.PICK failed for object /column1
Action failed ! time elapsed: 0.001
[LOG] Transition logged to MongoDB: a639ee11-a4cc-4b99-9ceb-2cc349fbe360 - Episode 0
Step 6
Selected action: Action(ActionType.PICK, obj=/column1, slot=None,grasp=GraspType.TOP_0) with motion param: left_0
here
Action: Action(ActionType.PICK, obj=/column1, slot=None,grasp=GraspType.LEFT_0)
[EXEC] Picking /column1 with left_0
[ERROR] Motion failed (collision or invalid path)
[ERROR] Motion result: no_ik_solution
[ERROR] Failed to reach target pose for pick action, aborting pick.
[EXEC] Action ActionType.PICK executed in 6.87 seconds
[ERROR] Action ActionType.PICK failed for object /column1
Action failed ! time elapsed: 0.001
[LOG] Transition logged to MongoDB: a639ee11-a4cc-4b99-9ceb-2cc349fbe360 - Episode 0
Step 7
Selected action: Action(ActionType.PICK, obj=/column1, slot=None,grasp=GraspType.LEFT_0) with motion param: front_270
here
Action: Action(ActionType.PICK, obj=/column1, slot=None,grasp=GraspType.FRONT_270)
[EXEC] Picking /column1 with front_270
[ERROR] Motion failed (collision or invalid path)
[ERROR] Motion result: no_ik_solution
[ERROR] Failed to reach target pose for pick action, aborting pick.
[EXEC] Action ActionType.PICK executed in 23.62 seconds
[ERROR] Action ActionType.PICK failed for object /column1
Action failed ! time elapsed: 0.001
[LOG] Transition logged to MongoDB: a639ee11-a4cc-4b99-9ceb-2cc349fbe360 - Episode 0
Step 8
Selected action: Action(ActionType.PICK, obj=/column1, slot=None,grasp=GraspType.FRONT_270) with motion param: right_0
here
Action: Action(ActionType.PICK, obj=/column1, slot=None,grasp=GraspType.RIGHT_0)
[EXEC] Picking /column1 with right_0
[ERROR] Motion failed (collision or invalid path)
[ERROR] Motion result: no_ik_solution
[ERROR] Failed to reach target pose for pick action, aborting pick.
[EXEC] Action ActionType.PICK executed in 3.07 seconds
[ERROR] Action ActionType.PICK failed for object /column1
Action failed ! time elapsed: 0.001
[LOG] Transition logged to MongoDB: a639ee11-a4cc-4b99-9ceb-2cc349fbe360 - Episode 0
Step 9
Selected action: Action(ActionType.PICK, obj=/column2, slot=None,grasp=GraspType.RIGHT_0) with motion param: left_0
here
Action: Action(ActionType.PICK, obj=/column2, slot=None,grasp=GraspType.LEFT_0)
[EXEC] Picking /column2 with left_0
[INFO] Motion completed successfully with result: success,in execution time: 2.32 seconds
[INFO] Target pose attained for pick action, proceeding with grasp.
Tip distance after pick: 0.02131962952948589
[INFO] Pick action completed successfully.in execution time: 2.32 seconds
[EXEC] Action ActionType.PICK executed in 19.55 seconds
[SUCCESS] Action ActionType.PICK succeeded for object /column2
[LOG] Transition logged to MongoDB: a639ee11-a4cc-4b99-9ceb-2cc349fbe360 - Episode 0
Step 10
Selected action: Action(ActionType.PLACE, obj=/column2, slot=/goal_2,grasp=GraspType.RIGHT_0) with motion param: left_0
here
Action: Action(ActionType.PLACE, obj=/column2, slot=/goal_2,grasp=GraspType.LEFT_0)
[EXEC] Placing at [-0.6000000000000001, 0.8250000000000003, 0.5] with grasp left_0
[ERROR] Motion failed (collision or invalid path)
[ERROR] Motion result: no_ik_solution
[ERROR] Failed to reach target pose for place action, aborting place.
[EXEC] Action ActionType.PLACE executed in 13.38 seconds
[ERROR] Action ActionType.PLACE failed for object /column2
Action failed ! time elapsed: 0.001
[LOG] Transition logged to MongoDB: a639ee11-a4cc-4b99-9ceb-2cc349fbe360 - Episode 0
Step 11
Selected action: Action(ActionType.PLACE, obj=/column2, slot=/region_0,grasp=GraspType.FRONT_270) with motion param: left_0
here
Action: Action(ActionType.PLACE, obj=/column2, slot=/region_0,grasp=GraspType.LEFT_0)
[EXEC] Placing at [0.35, 0.8, 0.521] with grasp left_0
[INFO] Motion completed successfully with result: success,in execution time: 1.36 seconds
[INFO] Target pose attained for place action, proceeding with placement.
[INFO] Place action completed successfully.
realigning placed object /column2 to target position
[EXEC] Action ActionType.PLACE executed in 20.23 seconds
[SUCCESS] Action ActionType.PLACE succeeded for object /column2
[LOG] Transition logged to MongoDB: a639ee11-a4cc-4b99-9ceb-2cc349fbe360 - Episode 0
Step 12
Selected action: Action(ActionType.PICK, obj=/column0, slot=None,grasp=GraspType.LEFT_0) with motion param: top_0
here
Action: Action(ActionType.PICK, obj=/column0, slot=None,grasp=GraspType.TOP_0)
[EXEC] Picking /column0 with top_0
[INFO] Motion completed successfully with result: success,in execution time: 3.12 seconds
[INFO] Target pose attained for pick action, proceeding with grasp.
Tip distance after pick: 0.028321900812941624
[INFO] Pick action completed successfully.in execution time: 3.12 seconds
[EXEC] Action ActionType.PICK executed in 18.33 seconds
[SUCCESS] Action ActionType.PICK succeeded for object /column0
[LOG] Transition logged to MongoDB: a639ee11-a4cc-4b99-9ceb-2cc349fbe360 - Episode 0
Step 13
Selected action: Action(ActionType.PLACE, obj=/column0, slot=/region_2,grasp=None) with motion param: right_0
here
Action: Action(ActionType.PLACE, obj=/column0, slot=/region_2,grasp=GraspType.RIGHT_0)
[EXEC] Placing at [0.6, 0.80001, 0.5] with grasp right_0
[ERROR] Motion failed (collision or invalid path)
[ERROR] Motion result: no_ik_solution
[ERROR] Failed to reach target pose for place action, aborting place.
[EXEC] Action ActionType.PLACE executed in 3.07 seconds
[ERROR] Action ActionType.PLACE failed for object /column0
Action failed ! time elapsed: 0.001
[LOG] Transition logged to MongoDB: a639ee11-a4cc-4b99-9ceb-2cc349fbe360 - Episode 0
Step 14
Selected action: Action(ActionType.PLACE, obj=/column0, slot=/goal_0,grasp=GraspType.LEFT_0) with motion param: right_0
here
Action: Action(ActionType.PLACE, obj=/column0, slot=/goal_0,grasp=GraspType.RIGHT_0)
[EXEC] Placing at [-0.27499999999999986, 0.8250000000000005, 0.5] with grasp right_0
[INFO] Motion completed successfully with result: success,in execution time: 3.64 seconds
[INFO] Target pose attained for place action, proceeding with placement.
[INFO] Place action completed successfully.
realigning placed object /column0 to target position
[EXEC] Action ActionType.PLACE executed in 20.18 seconds
[SUCCESS] Action ActionType.PLACE succeeded for object /column0
[LOG] Transition logged to MongoDB: a639ee11-a4cc-4b99-9ceb-2cc349fbe360 - Episode 0
Step 15
Selected action: Action(ActionType.PICK, obj=/column1, slot=None,grasp=GraspType.RIGHT_0) with motion param: top_0
here
Action: Action(ActionType.PICK, obj=/column1, slot=None,grasp=GraspType.TOP_0)
[EXEC] Picking /column1 with top_0
[ERROR] Motion failed (collision or invalid path)
[ERROR] Motion result: no_path
[ERROR] Failed to reach target pose for pick action, aborting pick.
[EXEC] Action ActionType.PICK executed in 8.95 seconds
[ERROR] Action ActionType.PICK failed for object /column1
Action failed ! time elapsed: 0.001
[LOG] Transition logged to MongoDB: a639ee11-a4cc-4b99-9ceb-2cc349fbe360 - Episode 0
Step 16
Selected action: Action(ActionType.PICK, obj=/column0, slot=None,grasp=GraspType.TOP_0) with motion param: front_270
here
Action: Action(ActionType.PICK, obj=/column0, slot=None,grasp=GraspType.FRONT_270)
[EXEC] Picking /column0 with front_270
[ERROR] Motion failed (collision or invalid path)
[ERROR] Motion result: collision
[ERROR] Failed to reach target pose for pick action, aborting pick.
[EXEC] Action ActionType.PICK executed in 19.17 seconds
[ERROR] Action ActionType.PICK failed for object /column0
Action failed ! time elapsed: 0.001
[LOG] Transition logged to MongoDB: a639ee11-a4cc-4b99-9ceb-2cc349fbe360 - Episode 0
Step 17
Selected action: Action(ActionType.PICK, obj=/column0, slot=None,grasp=GraspType.FRONT_270) with motion param: front_270
here
Action: Action(ActionType.PICK, obj=/column0, slot=None,grasp=GraspType.FRONT_270)
[EXEC] Picking /column0 with front_270
[ERROR] Motion failed (collision or invalid path)
[ERROR] Motion result: collision
[ERROR] Failed to reach target pose for pick action, aborting pick.
[EXEC] Action ActionType.PICK executed in 14.27 seconds
[ERROR] Action ActionType.PICK failed for object /column0
Action failed ! time elapsed: 0.001
[LOG] Transition logged to MongoDB: a639ee11-a4cc-4b99-9ceb-2cc349fbe360 - Episode 0
Step 18
Selected action: Action(ActionType.PICK, obj=/column1, slot=None,grasp=GraspType.TOP_0) with motion param: top_0
here
Action: Action(ActionType.PICK, obj=/column1, slot=None,grasp=GraspType.TOP_0)
[EXEC] Picking /column1 with top_0
[INFO] Motion completed successfully with result: success,in execution time: 8.32 seconds
[INFO] Target pose attained for pick action, proceeding with grasp.
Tip distance after pick: 0.024931156699681007
[INFO] Pick action completed successfully.in execution time: 8.32 seconds
[EXEC] Action ActionType.PICK executed in 27.82 seconds
[SUCCESS] Action ActionType.PICK succeeded for object /column1
[LOG] Transition logged to MongoDB: a639ee11-a4cc-4b99-9ceb-2cc349fbe360 - Episode 0
Step 19
Selected action: Action(ActionType.PLACE, obj=/column1, slot=/region_1,grasp=GraspType.TOP_0) with motion param: top_0
here
Action: Action(ActionType.PLACE, obj=/column1, slot=/region_1,grasp=GraspType.TOP_0)
[EXEC] Placing at [0.6, 1.075, 0.5] with grasp top_0
[ERROR] Motion failed (collision or invalid path)
[ERROR] Motion result: no_ik_solution
[ERROR] Failed to reach target pose for place action, aborting place.
[EXEC] Action ActionType.PLACE executed in 5.98 seconds
[ERROR] Action ActionType.PLACE failed for object /column1
Action failed ! time elapsed: 0.001
[LOG] Transition logged to MongoDB: a639ee11-a4cc-4b99-9ceb-2cc349fbe360 - Episode 0
Step 20
Selected action: Action(ActionType.PLACE, obj=/column1, slot=/region_1,grasp=GraspType.TOP_0) with motion param: left_0
here
Action: Action(ActionType.PLACE, obj=/column1, slot=/region_1,grasp=GraspType.LEFT_0)
[EXEC] Placing at [0.6, 1.075, 0.5] with grasp left_0
[ERROR] Motion failed (collision or invalid path)
[ERROR] Motion result: no_ik_solution
[ERROR] Failed to reach target pose for place action, aborting place.
[EXEC] Action ActionType.PLACE executed in 7.83 seconds
[ERROR] Action ActionType.PLACE failed for object /column1
Action failed ! time elapsed: 0.001
[LOG] Transition logged to MongoDB: a639ee11-a4cc-4b99-9ceb-2cc349fbe360 - Episode 0
Step 21
Selected action: Action(ActionType.PLACE, obj=/column1, slot=/goal_2,grasp=GraspType.TOP_0) with motion param: top_0
here
Action: Action(ActionType.PLACE, obj=/column1, slot=/goal_2,grasp=GraspType.TOP_0)
[EXEC] Placing at [-0.6000000000000001, 0.8250000000000003, 0.5] with grasp top_0
[ERROR] Motion failed (collision or invalid path)
[ERROR] Motion result: no_ik_solution
[ERROR] Failed to reach target pose for place action, aborting place.
[EXEC] Action ActionType.PLACE executed in 31.18 seconds
[ERROR] Action ActionType.PLACE failed for object /column1
Action failed ! time elapsed: 0.001
[LOG] Transition logged to MongoDB: a639ee11-a4cc-4b99-9ceb-2cc349fbe360 - Episode 0
Step 22
Selected action: Action(ActionType.PLACE, obj=/column1, slot=/goal_1,grasp=GraspType.LEFT_0) with motion param: front_270
here
Action: Action(ActionType.PLACE, obj=/column1, slot=/goal_1,grasp=GraspType.FRONT_270)
[EXEC] Placing at [-0.2749999999999999, 1.0750000000000006, 0.5] with grasp front_270
[ERROR] Motion failed (collision or invalid path)
[ERROR] Motion result: no_path
[ERROR] Failed to reach target pose for place action, aborting place.
[EXEC] Action ActionType.PLACE executed in 8.37 seconds
[ERROR] Action ActionType.PLACE failed for object /column1
Action failed ! time elapsed: 0.001
[LOG] Transition logged to MongoDB: a639ee11-a4cc-4b99-9ceb-2cc349fbe360 - Episode 0
Step 23
Selected action: Action(ActionType.PLACE, obj=/column1, slot=/goal_2,grasp=GraspType.TOP_0) with motion param: right_0
here
Action: Action(ActionType.PLACE, obj=/column1, slot=/goal_2,grasp=GraspType.RIGHT_0)
[EXEC] Placing at [-0.6000000000000001, 0.8250000000000003, 0.5] with grasp right_0
[ERROR] Motion failed (collision or invalid path)
[ERROR] Motion result: no_path
[ERROR] Failed to reach target pose for place action, aborting place.
[EXEC] Action ActionType.PLACE executed in 6.62 seconds
[ERROR] Action ActionType.PLACE failed for object /column1
Action failed ! time elapsed: 0.001
[LOG] Transition logged to MongoDB: a639ee11-a4cc-4b99-9ceb-2cc349fbe360 - Episode 0
Step 24
Selected action: Action(ActionType.PLACE, obj=/column1, slot=/region_1,grasp=GraspType.LEFT_0) with motion param: top_0
here
Action: Action(ActionType.PLACE, obj=/column1, slot=/region_1,grasp=GraspType.TOP_0)
[EXEC] Placing at [0.6, 1.075, 0.5] with grasp top_0
[ERROR] Motion failed (collision or invalid path)
[ERROR] Motion result: no_ik_solution
[ERROR] Failed to reach target pose for place action, aborting place.
[EXEC] Action ActionType.PLACE executed in 6.79 seconds
[ERROR] Action ActionType.PLACE failed for object /column1
Action failed ! time elapsed: 0.001
Too many failures, resetting scene
Pilot run finished, resetting scene
Leaving object if held
Pilot run 7
Step 0
Selected action: Action(ActionType.PICK, obj=/column2, slot=None,grasp=GraspType.LEFT_0) with motion param: left_0
here
Action: Action(ActionType.PICK, obj=/column2, slot=None,grasp=GraspType.LEFT_0)
[EXEC] Picking /column2 with left_0
[ERROR] Motion failed (collision or invalid path)
[ERROR] Motion result: no_ik_solution
[ERROR] Failed to reach target pose for pick action, aborting pick.
[EXEC] Action ActionType.PICK executed in 8.67 seconds
[ERROR] Action ActionType.PICK failed for object /column2
Action failed ! time elapsed: 0.001
[LOG] Transition logged to MongoDB: a639ee11-a4cc-4b99-9ceb-2cc349fbe360 - Episode 0
Step 1
Selected action: Action(ActionType.PICK, obj=/column0, slot=None,grasp=GraspType.FRONT_270) with motion param: right_0
here
Action: Action(ActionType.PICK, obj=/column0, slot=None,grasp=GraspType.RIGHT_0)
[EXEC] Picking /column0 with right_0
[ERROR] Motion failed (collision or invalid path)
[ERROR] Motion result: no_ik_solution
[ERROR] Failed to reach target pose for pick action, aborting pick.
[EXEC] Action ActionType.PICK executed in 3.06 seconds
[ERROR] Action ActionType.PICK failed for object /column0
Action failed ! time elapsed: 0.001
[LOG] Transition logged to MongoDB: a639ee11-a4cc-4b99-9ceb-2cc349fbe360 - Episode 0
Step 2
Selected action: Action(ActionType.PICK, obj=/column2, slot=None,grasp=GraspType.LEFT_0) with motion param: right_0
here
Action: Action(ActionType.PICK, obj=/column2, slot=None,grasp=GraspType.RIGHT_0)
[EXEC] Picking /column2 with right_0
[ERROR] Motion failed (collision or invalid path)
[ERROR] Motion result: no_ik_solution
[ERROR] Failed to reach target pose for pick action, aborting pick.
[EXEC] Action ActionType.PICK executed in 3.05 seconds
[ERROR] Action ActionType.PICK failed for object /column2
Action failed ! time elapsed: 0.001
[LOG] Transition logged to MongoDB: a639ee11-a4cc-4b99-9ceb-2cc349fbe360 - Episode 0
Step 3
Selected action: Action(ActionType.PICK, obj=/column0, slot=None,grasp=GraspType.RIGHT_0) with motion param: front_270
here
Action: Action(ActionType.PICK, obj=/column0, slot=None,grasp=GraspType.FRONT_270)
[EXEC] Picking /column0 with front_270
[ERROR] Motion failed (collision or invalid path)
[ERROR] Motion result: no_path
[ERROR] Failed to reach target pose for pick action, aborting pick.
[EXEC] Action ActionType.PICK executed in 13.65 seconds
[ERROR] Action ActionType.PICK failed for object /column0
Action failed ! time elapsed: 0.001
[LOG] Transition logged to MongoDB: a639ee11-a4cc-4b99-9ceb-2cc349fbe360 - Episode 0
Step 4
Selected action: Action(ActionType.PICK, obj=/column1, slot=None,grasp=GraspType.TOP_0) with motion param: left_0
here
Action: Action(ActionType.PICK, obj=/column1, slot=None,grasp=GraspType.LEFT_0)
[EXEC] Picking /column1 with left_0
[INFO] Motion completed successfully with result: success,in execution time: 4.00 seconds
[INFO] Target pose attained for pick action, proceeding with grasp.
Tip distance after pick: 0.02108201576332557
[INFO] Pick action completed successfully.in execution time: 4.00 seconds
[EXEC] Action ActionType.PICK executed in 20.74 seconds
[SUCCESS] Action ActionType.PICK succeeded for object /column1
[LOG] Transition logged to MongoDB: a639ee11-a4cc-4b99-9ceb-2cc349fbe360 - Episode 0
Step 5
Selected action: Action(ActionType.PLACE, obj=/column1, slot=/goal_1,grasp=GraspType.FRONT_270) with motion param: top_0
here
Action: Action(ActionType.PLACE, obj=/column1, slot=/goal_1,grasp=GraspType.TOP_0)
[EXEC] Placing at [-0.2749999999999999, 1.0750000000000006, 0.5] with grasp top_0
[ERROR] Motion failed (collision or invalid path)
[ERROR] Motion result: collision
[ERROR] Failed to reach target pose for place action, aborting place.
[EXEC] Action ActionType.PLACE executed in 18.54 seconds
[ERROR] Action ActionType.PLACE failed for object /column1
Action failed ! time elapsed: 0.001
[LOG] Transition logged to MongoDB: a639ee11-a4cc-4b99-9ceb-2cc349fbe360 - Episode 0
Step 6
Selected action: Action(ActionType.PLACE, obj=/column1, slot=/region_0,grasp=GraspType.LEFT_0) with motion param: front_270
here
Action: Action(ActionType.PLACE, obj=/column1, slot=/region_0,grasp=GraspType.FRONT_270)
[EXEC] Placing at [0.35, 0.8, 0.521] with grasp front_270
[ERROR] Motion failed (collision or invalid path)
[ERROR] Motion result: collision
[ERROR] Failed to reach target pose for place action, aborting place.
[EXEC] Action ActionType.PLACE executed in 14.90 seconds
[ERROR] Action ActionType.PLACE failed for object /column1
Action failed ! time elapsed: 0.001
[LOG] Transition logged to MongoDB: a639ee11-a4cc-4b99-9ceb-2cc349fbe360 - Episode 0
Step 7
Selected action: Action(ActionType.PLACE, obj=/column1, slot=/goal_1,grasp=GraspType.TOP_0) with motion param: front_270
here
Action: Action(ActionType.PLACE, obj=/column1, slot=/goal_1,grasp=GraspType.FRONT_270)
[EXEC] Placing at [-0.2749999999999999, 1.0750000000000006, 0.5] with grasp front_270
[ERROR] Motion failed (collision or invalid path)
[ERROR] Motion result: collision
[ERROR] Failed to reach target pose for place action, aborting place.
[EXEC] Action ActionType.PLACE executed in 17.49 seconds
[ERROR] Action ActionType.PLACE failed for object /column1
Action failed ! time elapsed: 0.001
[LOG] Transition logged to MongoDB: a639ee11-a4cc-4b99-9ceb-2cc349fbe360 - Episode 0
Step 8
Selected action: Action(ActionType.PLACE, obj=/column1, slot=/goal_2,grasp=GraspType.RIGHT_0) with motion param: left_0
here
Action: Action(ActionType.PLACE, obj=/column1, slot=/goal_2,grasp=GraspType.LEFT_0)
[EXEC] Placing at [-0.6000000000000001, 0.8250000000000003, 0.5] with grasp left_0
[ERROR] Motion failed (collision or invalid path)
[ERROR] Motion result: no_ik_solution
[ERROR] Failed to reach target pose for place action, aborting place.
[EXEC] Action ActionType.PLACE executed in 17.28 seconds
[ERROR] Action ActionType.PLACE failed for object /column1
Action failed ! time elapsed: 0.001
[LOG] Transition logged to MongoDB: a639ee11-a4cc-4b99-9ceb-2cc349fbe360 - Episode 0
Step 9
Selected action: Action(ActionType.PLACE, obj=/column1, slot=/goal_1,grasp=GraspType.FRONT_270) with motion param: top_0
here
Action: Action(ActionType.PLACE, obj=/column1, slot=/goal_1,grasp=GraspType.TOP_0)
[EXEC] Placing at [-0.2749999999999999, 1.0750000000000006, 0.5] with grasp top_0
[ERROR] Motion failed (collision or invalid path)
[ERROR] Motion result: collision
[ERROR] Failed to reach target pose for place action, aborting place.
[EXEC] Action ActionType.PLACE executed in 15.12 seconds
[ERROR] Action ActionType.PLACE failed for object /column1
Action failed ! time elapsed: 0.001
[LOG] Transition logged to MongoDB: a639ee11-a4cc-4b99-9ceb-2cc349fbe360 - Episode 0
Step 10
Selected action: Action(ActionType.PLACE, obj=/column1, slot=/goal_0,grasp=GraspType.FRONT_270) with motion param: right_0
here
Action: Action(ActionType.PLACE, obj=/column1, slot=/goal_0,grasp=GraspType.RIGHT_0)
[EXEC] Placing at [-0.27499999999999986, 0.8250000000000005, 0.5] with grasp right_0
[ERROR] Motion failed (collision or invalid path)
[ERROR] Motion result: collision
[ERROR] Failed to reach target pose for place action, aborting place.
[EXEC] Action ActionType.PLACE executed in 22.90 seconds
[ERROR] Action ActionType.PLACE failed for object /column1
Action failed ! time elapsed: 0.001
Too many failures, resetting scene
Pilot run finished, resetting scene
Leaving object if held
Pilot run 8
Step 0
Selected action: Action(ActionType.PICK, obj=/column1, slot=None,grasp=GraspType.LEFT_0) with motion param: right_0
here
Action: Action(ActionType.PICK, obj=/column1, slot=None,grasp=GraspType.RIGHT_0)
[EXEC] Picking /column1 with right_0
[ERROR] Motion failed (collision or invalid path)
[ERROR] Motion result: no_ik_solution
[ERROR] Failed to reach target pose for pick action, aborting pick.
[EXEC] Action ActionType.PICK executed in 3.06 seconds
[ERROR] Action ActionType.PICK failed for object /column1
Action failed ! time elapsed: 0.001
[LOG] Transition logged to MongoDB: a639ee11-a4cc-4b99-9ceb-2cc349fbe360 - Episode 0
Step 1
Selected action: Action(ActionType.PICK, obj=/column2, slot=None,grasp=GraspType.RIGHT_0) with motion param: front_270
here
Action: Action(ActionType.PICK, obj=/column2, slot=None,grasp=GraspType.FRONT_270)
[EXEC] Picking /column2 with front_270
[ERROR] Motion failed (collision or invalid path)
[ERROR] Motion result: no_ik_solution
[ERROR] Failed to reach target pose for pick action, aborting pick.
[EXEC] Action ActionType.PICK executed in 21.69 seconds
[ERROR] Action ActionType.PICK failed for object /column2
Action failed ! time elapsed: 0.001
[LOG] Transition logged to MongoDB: a639ee11-a4cc-4b99-9ceb-2cc349fbe360 - Episode 0
Step 2
Selected action: Action(ActionType.PICK, obj=/column0, slot=None,grasp=GraspType.FRONT_270) with motion param: left_0
here
Action: Action(ActionType.PICK, obj=/column0, slot=None,grasp=GraspType.LEFT_0)
[EXEC] Picking /column0 with left_0
[INFO] Motion completed successfully with result: success,in execution time: 4.04 seconds
[INFO] Target pose attained for pick action, proceeding with grasp.
Tip distance after pick: 0.020231487277146794
[INFO] Pick action completed successfully.in execution time: 4.04 seconds
[EXEC] Action ActionType.PICK executed in 18.89 seconds
[SUCCESS] Action ActionType.PICK succeeded for object /column0
[LOG] Transition logged to MongoDB: a639ee11-a4cc-4b99-9ceb-2cc349fbe360 - Episode 0
Step 3
Selected action: Action(ActionType.PLACE, obj=/column0, slot=/goal_1,grasp=GraspType.TOP_0) with motion param: left_0
here
Action: Action(ActionType.PLACE, obj=/column0, slot=/goal_1,grasp=GraspType.LEFT_0)
[EXEC] Placing at [-0.2749999999999999, 1.0750000000000006, 0.5] with grasp left_0
[ERROR] Motion failed (collision or invalid path)
[ERROR] Motion result: no_ik_solution
[ERROR] Failed to reach target pose for place action, aborting place.
[EXEC] Action ActionType.PLACE executed in 75.93 seconds
[ERROR] Action ActionType.PLACE failed for object /column0
Action failed ! time elapsed: 0.001
[LOG] Transition logged to MongoDB: a639ee11-a4cc-4b99-9ceb-2cc349fbe360 - Episode 0
Step 4
Selected action: Action(ActionType.PLACE, obj=/column0, slot=/goal_0,grasp=GraspType.RIGHT_0) with motion param: front_270
here
Action: Action(ActionType.PLACE, obj=/column0, slot=/goal_0,grasp=GraspType.FRONT_270)
[EXEC] Placing at [-0.27499999999999986, 0.8250000000000005, 0.5] with grasp front_270
[ERROR] Motion failed (collision or invalid path)
[ERROR] Motion result: collision
[ERROR] Failed to reach target pose for place action, aborting place.
[EXEC] Action ActionType.PLACE executed in 11.60 seconds
[ERROR] Action ActionType.PLACE failed for object /column0
Action failed ! time elapsed: 0.001
[LOG] Transition logged to MongoDB: a639ee11-a4cc-4b99-9ceb-2cc349fbe360 - Episode 0
Step 5
Selected action: Action(ActionType.PLACE, obj=/column0, slot=/goal_0,grasp=GraspType.FRONT_270) with motion param: left_0
here
Action: Action(ActionType.PLACE, obj=/column0, slot=/goal_0,grasp=GraspType.LEFT_0)
[EXEC] Placing at [-0.27499999999999986, 0.8250000000000005, 0.5] with grasp left_0
[ERROR] Motion failed (collision or invalid path)
[ERROR] Motion result: no_path
[ERROR] Failed to reach target pose for place action, aborting place.
[EXEC] Action ActionType.PLACE executed in 13.13 seconds
[ERROR] Action ActionType.PLACE failed for object /column0
Action failed ! time elapsed: 0.001
[LOG] Transition logged to MongoDB: a639ee11-a4cc-4b99-9ceb-2cc349fbe360 - Episode 0
Step 6
Selected action: Action(ActionType.PLACE, obj=/column0, slot=/goal_2,grasp=None) with motion param: top_0
here
Action: Action(ActionType.PLACE, obj=/column0, slot=/goal_2,grasp=GraspType.TOP_0)
[EXEC] Placing at [-0.6000000000000001, 0.8250000000000003, 0.5] with grasp top_0
[ERROR] Motion failed (collision or invalid path)
[ERROR] Motion result: no_ik_solution
[ERROR] Failed to reach target pose for place action, aborting place.
[EXEC] Action ActionType.PLACE executed in 27.59 seconds
[ERROR] Action ActionType.PLACE failed for object /column0
Action failed ! time elapsed: 0.001
[LOG] Transition logged to MongoDB: a639ee11-a4cc-4b99-9ceb-2cc349fbe360 - Episode 0
Step 7
Selected action: Action(ActionType.PLACE, obj=/column0, slot=/region_0,grasp=GraspType.LEFT_0) with motion param: left_0
here
Action: Action(ActionType.PLACE, obj=/column0, slot=/region_0,grasp=GraspType.LEFT_0)
[EXEC] Placing at [0.35, 0.8, 0.521] with grasp left_0
[INFO] Motion completed successfully with result: success,in execution time: 0.64 seconds
[INFO] Target pose attained for place action, proceeding with placement.
[INFO] Place action completed successfully.
realigning placed object /column0 to target position
[EXEC] Action ActionType.PLACE executed in 15.91 seconds
[SUCCESS] Action ActionType.PLACE succeeded for object /column0
[LOG] Transition logged to MongoDB: a639ee11-a4cc-4b99-9ceb-2cc349fbe360 - Episode 0
Step 8
Selected action: Action(ActionType.PICK, obj=/column0, slot=None,grasp=GraspType.LEFT_0) with motion param: top_0
here
Action: Action(ActionType.PICK, obj=/column0, slot=None,grasp=GraspType.TOP_0)
[EXEC] Picking /column0 with top_0
[INFO] Motion completed successfully with result: success,in execution time: 3.28 seconds
[INFO] Target pose attained for pick action, proceeding with grasp.
Tip distance after pick: 0.02786725882073869
[INFO] Pick action completed successfully.in execution time: 3.28 seconds
[EXEC] Action ActionType.PICK executed in 16.81 seconds
[SUCCESS] Action ActionType.PICK succeeded for object /column0
[LOG] Transition logged to MongoDB: a639ee11-a4cc-4b99-9ceb-2cc349fbe360 - Episode 0
Step 9
Selected action: Action(ActionType.PLACE, obj=/column0, slot=/goal_1,grasp=GraspType.LEFT_0) with motion param: top_0
here
Action: Action(ActionType.PLACE, obj=/column0, slot=/goal_1,grasp=GraspType.TOP_0)
[EXEC] Placing at [-0.2749999999999999, 1.0750000000000006, 0.5] with grasp top_0
[ERROR] Motion failed (collision or invalid path)
[ERROR] Motion result: collision
[ERROR] Failed to reach target pose for place action, aborting place.
[EXEC] Action ActionType.PLACE executed in 13.96 seconds
[ERROR] Action ActionType.PLACE failed for object /column0
Action failed ! time elapsed: 0.001
[LOG] Transition logged to MongoDB: a639ee11-a4cc-4b99-9ceb-2cc349fbe360 - Episode 0
Step 10
Selected action: Action(ActionType.PLACE, obj=/column0, slot=/region_0,grasp=GraspType.LEFT_0) with motion param: right_0
here
Action: Action(ActionType.PLACE, obj=/column0, slot=/region_0,grasp=GraspType.RIGHT_0)
[EXEC] Placing at [0.35, 0.8, 0.521] with grasp right_0
[INFO] Motion completed successfully with result: success,in execution time: 3.12 seconds
[INFO] Target pose attained for place action, proceeding with placement.
[INFO] Place action completed successfully.
realigning placed object /column0 to target position
[EXEC] Action ActionType.PLACE executed in 21.15 seconds
[SUCCESS] Action ActionType.PLACE succeeded for object /column0
[LOG] Transition logged to MongoDB: a639ee11-a4cc-4b99-9ceb-2cc349fbe360 - Episode 0
Step 11
Selected action: Action(ActionType.PICK, obj=/column0, slot=None,grasp=GraspType.TOP_0) with motion param: left_0
here
Action: Action(ActionType.PICK, obj=/column0, slot=None,grasp=GraspType.LEFT_0)
[EXEC] Picking /column0 with left_0
[ERROR] Motion failed (collision or invalid path)
[ERROR] Motion result: collision
[ERROR] Failed to reach target pose for pick action, aborting pick.
[EXEC] Action ActionType.PICK executed in 19.39 seconds
[ERROR] Action ActionType.PICK failed for object /column0
Action failed ! time elapsed: 0.001
[LOG] Transition logged to MongoDB: a639ee11-a4cc-4b99-9ceb-2cc349fbe360 - Episode 0
Step 12
Selected action: Action(ActionType.PICK, obj=/column0, slot=None,grasp=GraspType.LEFT_0) with motion param: front_270
here
Action: Action(ActionType.PICK, obj=/column0, slot=None,grasp=GraspType.FRONT_270)
[EXEC] Picking /column0 with front_270
[ERROR] Motion failed (collision or invalid path)
[ERROR] Motion result: collision
[ERROR] Failed to reach target pose for pick action, aborting pick.
[EXEC] Action ActionType.PICK executed in 17.76 seconds
[ERROR] Action ActionType.PICK failed for object /column0
Action failed ! time elapsed: 0.001
[LOG] Transition logged to MongoDB: a639ee11-a4cc-4b99-9ceb-2cc349fbe360 - Episode 0
Step 13
Selected action: Action(ActionType.PICK, obj=/column1, slot=None,grasp=GraspType.RIGHT_0) with motion param: left_0
here
Action: Action(ActionType.PICK, obj=/column1, slot=None,grasp=GraspType.LEFT_0)
[EXEC] Picking /column1 with left_0
[ERROR] Motion failed (collision or invalid path)
[ERROR] Motion result: no_ik_solution
[ERROR] Failed to reach target pose for pick action, aborting pick.
[EXEC] Action ActionType.PICK executed in 17.35 seconds
[ERROR] Action ActionType.PICK failed for object /column1
Action failed ! time elapsed: 0.001
[LOG] Transition logged to MongoDB: a639ee11-a4cc-4b99-9ceb-2cc349fbe360 - Episode 0
Step 14
Selected action: Action(ActionType.PICK, obj=/column2, slot=None,grasp=GraspType.FRONT_270) with motion param: right_0
here
Action: Action(ActionType.PICK, obj=/column2, slot=None,grasp=GraspType.RIGHT_0)
[EXEC] Picking /column2 with right_0
[ERROR] Motion failed (collision or invalid path)
[ERROR] Motion result: no_ik_solution
[ERROR] Failed to reach target pose for pick action, aborting pick.
[EXEC] Action ActionType.PICK executed in 3.07 seconds
[ERROR] Action ActionType.PICK failed for object /column2
Action failed ! time elapsed: 0.001
[LOG] Transition logged to MongoDB: a639ee11-a4cc-4b99-9ceb-2cc349fbe360 - Episode 0
Step 15
Selected action: Action(ActionType.PICK, obj=/column1, slot=None,grasp=GraspType.LEFT_0) with motion param: front_270
here
Action: Action(ActionType.PICK, obj=/column1, slot=None,grasp=GraspType.FRONT_270)
[EXEC] Picking /column1 with front_270
[INFO] Motion completed successfully with result: success,in execution time: 2.80 seconds
[INFO] Target pose attained for pick action, proceeding with grasp.
Tip distance after pick: 0.020505088438724308
[INFO] Pick action completed successfully.in execution time: 2.80 seconds
[EXEC] Action ActionType.PICK executed in 19.62 seconds
[SUCCESS] Action ActionType.PICK succeeded for object /column1
[LOG] Transition logged to MongoDB: a639ee11-a4cc-4b99-9ceb-2cc349fbe360 - Episode 0
Step 16
Selected action: Action(ActionType.PLACE, obj=/column1, slot=/goal_2,grasp=GraspType.LEFT_0) with motion param: right_0
here
Action: Action(ActionType.PLACE, obj=/column1, slot=/goal_2,grasp=GraspType.RIGHT_0)
[EXEC] Placing at [-0.6000000000000001, 0.8250000000000003, 0.5] with grasp right_0
[INFO] Motion completed successfully with result: success,in execution time: 9.36 seconds
[INFO] Target pose attained for place action, proceeding with placement.
[INFO] Place action completed successfully.
realigning placed object /column1 to target position
[EXEC] Action ActionType.PLACE executed in 27.97 seconds
[SUCCESS] Action ActionType.PLACE succeeded for object /column1
[LOG] Transition logged to MongoDB: a639ee11-a4cc-4b99-9ceb-2cc349fbe360 - Episode 0
Step 17
Selected action: Action(ActionType.PICK, obj=/column1, slot=None,grasp=GraspType.FRONT_270) with motion param: right_0
here
Action: Action(ActionType.PICK, obj=/column1, slot=None,grasp=GraspType.RIGHT_0)
[EXEC] Picking /column1 with right_0
[INFO] Motion completed successfully with result: success,in execution time: 1.36 seconds
[INFO] Target pose attained for pick action, proceeding with grasp.
Tip distance after pick: 0.021125322477647524
[INFO] Pick action completed successfully.in execution time: 1.36 seconds
[EXEC] Action ActionType.PICK executed in 18.99 seconds
[SUCCESS] Action ActionType.PICK succeeded for object /column1
[LOG] Transition logged to MongoDB: a639ee11-a4cc-4b99-9ceb-2cc349fbe360 - Episode 0
Step 18
Selected action: Action(ActionType.PLACE, obj=/column1, slot=/region_2,grasp=None) with motion param: left_0
here
Action: Action(ActionType.PLACE, obj=/column1, slot=/region_2,grasp=GraspType.LEFT_0)
[EXEC] Placing at [0.6, 0.80001, 0.5] with grasp left_0
[ERROR] Motion failed (collision or invalid path)
[ERROR] Motion result: collision
[ERROR] Failed to reach target pose for place action, aborting place.
[EXEC] Action ActionType.PLACE executed in 15.04 seconds
[ERROR] Action ActionType.PLACE failed for object /column1
Action failed ! time elapsed: 0.001
[LOG] Transition logged to MongoDB: a639ee11-a4cc-4b99-9ceb-2cc349fbe360 - Episode 0
Step 19
Selected action: Action(ActionType.PLACE, obj=/column1, slot=/goal_1,grasp=GraspType.TOP_0) with motion param: front_270
here
Action: Action(ActionType.PLACE, obj=/column1, slot=/goal_1,grasp=GraspType.FRONT_270)
[EXEC] Placing at [-0.2749999999999999, 1.0750000000000006, 0.5] with grasp front_270
[INFO] Motion completed successfully with result: success,in execution time: 3.00 seconds
[INFO] Target pose attained for place action, proceeding with placement.
[INFO] Place action completed successfully.
realigning placed object /column1 to target position
[EXEC] Action ActionType.PLACE executed in 17.55 seconds
[SUCCESS] Action ActionType.PLACE succeeded for object /column1
[LOG] Transition logged to MongoDB: a639ee11-a4cc-4b99-9ceb-2cc349fbe360 - Episode 0
Step 20
Selected action: Action(ActionType.PICK, obj=/column0, slot=None,grasp=GraspType.FRONT_270) with motion param: top_0
here
Action: Action(ActionType.PICK, obj=/column0, slot=None,grasp=GraspType.TOP_0)
[EXEC] Picking /column0 with top_0
[ERROR] Motion failed (collision or invalid path)
[ERROR] Motion result: no_path
[ERROR] Failed to reach target pose for pick action, aborting pick.
[EXEC] Action ActionType.PICK executed in 14.27 seconds
[ERROR] Action ActionType.PICK failed for object /column0
Action failed ! time elapsed: 0.001
[LOG] Transition logged to MongoDB: a639ee11-a4cc-4b99-9ceb-2cc349fbe360 - Episode 0
Step 21
Selected action: Action(ActionType.PICK, obj=/column0, slot=None,grasp=GraspType.TOP_0) with motion param: top_0
here
Action: Action(ActionType.PICK, obj=/column0, slot=None,grasp=GraspType.TOP_0)
[EXEC] Picking /column0 with top_0
[ERROR] Motion failed (collision or invalid path)
[ERROR] Motion result: no_path
[ERROR] Failed to reach target pose for pick action, aborting pick.
[EXEC] Action ActionType.PICK executed in 14.84 seconds
[ERROR] Action ActionType.PICK failed for object /column0
Action failed ! time elapsed: 0.001
[LOG] Transition logged to MongoDB: a639ee11-a4cc-4b99-9ceb-2cc349fbe360 - Episode 0
Step 22
Selected action: Action(ActionType.PICK, obj=/column0, slot=None,grasp=GraspType.TOP_0) with motion param: left_0
here
Action: Action(ActionType.PICK, obj=/column0, slot=None,grasp=GraspType.LEFT_0)
[EXEC] Picking /column0 with left_0
[ERROR] Motion failed (collision or invalid path)
[ERROR] Motion result: no_path
[ERROR] Failed to reach target pose for pick action, aborting pick.
[EXEC] Action ActionType.PICK executed in 11.94 seconds
[ERROR] Action ActionType.PICK failed for object /column0
Action failed ! time elapsed: 0.001
[LOG] Transition logged to MongoDB: a639ee11-a4cc-4b99-9ceb-2cc349fbe360 - Episode 0
Step 23
Selected action: Action(ActionType.PICK, obj=/column0, slot=None,grasp=GraspType.LEFT_0) with motion param: front_270
here
Action: Action(ActionType.PICK, obj=/column0, slot=None,grasp=GraspType.FRONT_270)
[EXEC] Picking /column0 with front_270
[ERROR] Motion failed (collision or invalid path)
[ERROR] Motion result: collision
[ERROR] Failed to reach target pose for pick action, aborting pick.
[EXEC] Action ActionType.PICK executed in 18.68 seconds
[ERROR] Action ActionType.PICK failed for object /column0
Action failed ! time elapsed: 0.001
[LOG] Transition logged to MongoDB: a639ee11-a4cc-4b99-9ceb-2cc349fbe360 - Episode 0
Step 24
Selected action: Action(ActionType.PICK, obj=/column0, slot=None,grasp=GraspType.FRONT_270) with motion param: left_0
here
Action: Action(ActionType.PICK, obj=/column0, slot=None,grasp=GraspType.LEFT_0)
[EXEC] Picking /column0 with left_0
[ERROR] Motion failed (collision or invalid path)
[ERROR] Motion result: no_path
[ERROR] Failed to reach target pose for pick action, aborting pick.
[EXEC] Action ActionType.PICK executed in 12.69 seconds
[ERROR] Action ActionType.PICK failed for object /column0
Action failed ! time elapsed: 0.001
[LOG] Transition logged to MongoDB: a639ee11-a4cc-4b99-9ceb-2cc349fbe360 - Episode 0
Step 25
Selected action: Action(ActionType.PICK, obj=/column2, slot=None,grasp=GraspType.RIGHT_0) with motion param: left_0
here
Action: Action(ActionType.PICK, obj=/column2, slot=None,grasp=GraspType.LEFT_0)
[EXEC] Picking /column2 with left_0
[ERROR] Motion failed (collision or invalid path)
[ERROR] Motion result: no_ik_solution
[ERROR] Failed to reach target pose for pick action, aborting pick.
[EXEC] Action ActionType.PICK executed in 8.18 seconds
[ERROR] Action ActionType.PICK failed for object /column2
Action failed ! time elapsed: 0.001
Too many failures, resetting scene
Pilot run finished, resetting scene
Leaving object if held
Pilot run 9
Step 0
Selected action: Action(ActionType.PICK, obj=/column0, slot=None,grasp=GraspType.LEFT_0) with motion param: front_270
here
Action: Action(ActionType.PICK, obj=/column0, slot=None,grasp=GraspType.FRONT_270)
[EXEC] Picking /column0 with front_270
[ERROR] Motion failed (collision or invalid path)
[ERROR] Motion result: no_path
[ERROR] Failed to reach target pose for pick action, aborting pick.
[EXEC] Action ActionType.PICK executed in 13.09 seconds
[ERROR] Action ActionType.PICK failed for object /column0
Action failed ! time elapsed: 0.001
[LOG] Transition logged to MongoDB: a639ee11-a4cc-4b99-9ceb-2cc349fbe360 - Episode 0
Step 1
Selected action: Action(ActionType.PICK, obj=/column0, slot=None,grasp=GraspType.FRONT_270) with motion param: left_0
here
Action: Action(ActionType.PICK, obj=/column0, slot=None,grasp=GraspType.LEFT_0)
[EXEC] Picking /column0 with left_0
[ERROR] Motion failed (collision or invalid path)
[ERROR] Motion result: no_ik_solution
[ERROR] Failed to reach target pose for pick action, aborting pick.
[EXEC] Action ActionType.PICK executed in 32.68 seconds
[ERROR] Action ActionType.PICK failed for object /column0
Action failed ! time elapsed: 0.001
[LOG] Transition logged to MongoDB: a639ee11-a4cc-4b99-9ceb-2cc349fbe360 - Episode 0
Step 2
Selected action: Action(ActionType.PICK, obj=/column0, slot=None,grasp=GraspType.LEFT_0) with motion param: top_0
here
Action: Action(ActionType.PICK, obj=/column0, slot=None,grasp=GraspType.TOP_0)
[EXEC] Picking /column0 with top_0
[INFO] Motion completed successfully with result: success,in execution time: 3.84 seconds
[INFO] Target pose attained for pick action, proceeding with grasp.
Tip distance after pick: 0.028351118007252957
[INFO] Pick action completed successfully.in execution time: 3.84 seconds
[EXEC] Action ActionType.PICK executed in 20.57 seconds
[SUCCESS] Action ActionType.PICK succeeded for object /column0
[LOG] Transition logged to MongoDB: a639ee11-a4cc-4b99-9ceb-2cc349fbe360 - Episode 0
Step 3
Selected action: Action(ActionType.PLACE, obj=/column0, slot=/goal_0,grasp=GraspType.LEFT_0) with motion param: right_0
here
Action: Action(ActionType.PLACE, obj=/column0, slot=/goal_0,grasp=GraspType.RIGHT_0)
[EXEC] Placing at [-0.27499999999999986, 0.8250000000000005, 0.5] with grasp right_0
[INFO] Motion completed successfully with result: success,in execution time: 15.88 seconds
[INFO] Target pose attained for place action, proceeding with placement.
[INFO] Place action completed successfully.
realigning placed object /column0 to target position
[EXEC] Action ActionType.PLACE executed in 29.67 seconds
[SUCCESS] Action ActionType.PLACE succeeded for object /column0
[LOG] Transition logged to MongoDB: a639ee11-a4cc-4b99-9ceb-2cc349fbe360 - Episode 0
Step 4
Selected action: Action(ActionType.PICK, obj=/column0, slot=None,grasp=GraspType.TOP_0) with motion param: top_0
here
Action: Action(ActionType.PICK, obj=/column0, slot=None,grasp=GraspType.TOP_0)
[EXEC] Picking /column0 with top_0
[INFO] Motion completed successfully with result: success,in execution time: 3.20 seconds
[INFO] Target pose attained for pick action, proceeding with grasp.
Tip distance after pick: 0.027286064343684757
[INFO] Pick action completed successfully.in execution time: 3.20 seconds
[EXEC] Action ActionType.PICK executed in 26.70 seconds
[SUCCESS] Action ActionType.PICK succeeded for object /column0
[LOG] Transition logged to MongoDB: a639ee11-a4cc-4b99-9ceb-2cc349fbe360 - Episode 0
Step 5
Selected action: Action(ActionType.PLACE, obj=/column0, slot=/goal_1,grasp=GraspType.TOP_0) with motion param: front_270
here
Action: Action(ActionType.PLACE, obj=/column0, slot=/goal_1,grasp=GraspType.FRONT_270)
[EXEC] Placing at [-0.2749999999999999, 1.0750000000000006, 0.5] with grasp front_270
[ERROR] Motion failed (collision or invalid path)
[ERROR] Motion result: collision
[ERROR] Failed to reach target pose for place action, aborting place.
[EXEC] Action ActionType.PLACE executed in 20.32 seconds
[ERROR] Action ActionType.PLACE failed for object /column0
Action failed ! time elapsed: 0.001
[LOG] Transition logged to MongoDB: a639ee11-a4cc-4b99-9ceb-2cc349fbe360 - Episode 0
Step 6
Selected action: Action(ActionType.PLACE, obj=/column0, slot=/region_2,grasp=GraspType.RIGHT_0) with motion param: left_0
here
Action: Action(ActionType.PLACE, obj=/column0, slot=/region_2,grasp=GraspType.LEFT_0)
[EXEC] Placing at [0.6, 0.80001, 0.5] with grasp left_0
[ERROR] Motion failed (collision or invalid path)
[ERROR] Motion result: collision
[ERROR] Failed to reach target pose for place action, aborting place.
[EXEC] Action ActionType.PLACE executed in 28.69 seconds
[ERROR] Action ActionType.PLACE failed for object /column0
Action failed ! time elapsed: 0.001
[LOG] Transition logged to MongoDB: a639ee11-a4cc-4b99-9ceb-2cc349fbe360 - Episode 0
Step 7
Selected action: Action(ActionType.PLACE, obj=/column0, slot=/goal_1,grasp=GraspType.FRONT_270) with motion param: right_0
here
Action: Action(ActionType.PLACE, obj=/column0, slot=/goal_1,grasp=GraspType.RIGHT_0)
[EXEC] Placing at [-0.2749999999999999, 1.0750000000000006, 0.5] with grasp right_0
[ERROR] Motion failed (collision or invalid path)
[ERROR] Motion result: no_path
[ERROR] Failed to reach target pose for place action, aborting place.
[EXEC] Action ActionType.PLACE executed in 11.52 seconds
[ERROR] Action ActionType.PLACE failed for object /column0
Action failed ! time elapsed: 0.001
[LOG] Transition logged to MongoDB: a639ee11-a4cc-4b99-9ceb-2cc349fbe360 - Episode 0
Step 8
Selected action: Action(ActionType.PLACE, obj=/column0, slot=/goal_2,grasp=GraspType.TOP_0) with motion param: right_0
here
Action: Action(ActionType.PLACE, obj=/column0, slot=/goal_2,grasp=GraspType.RIGHT_0)
[EXEC] Placing at [-0.6000000000000001, 0.8250000000000003, 0.5] with grasp right_0
[INFO] Motion completed successfully with result: success,in execution time: 3.36 seconds
[INFO] Target pose attained for place action, proceeding with placement.
[INFO] Place action completed successfully.
realigning placed object /column0 to target position
[EXEC] Action ActionType.PLACE executed in 20.52 seconds
[SUCCESS] Action ActionType.PLACE succeeded for object /column0
[LOG] Transition logged to MongoDB: a639ee11-a4cc-4b99-9ceb-2cc349fbe360 - Episode 0
Step 9
Selected action: Action(ActionType.PICK, obj=/column0, slot=None,grasp=GraspType.TOP_0) with motion param: right_0
here
Action: Action(ActionType.PICK, obj=/column0, slot=None,grasp=GraspType.RIGHT_0)
[EXEC] Picking /column0 with right_0
[INFO] Motion completed successfully with result: success,in execution time: 1.40 seconds
[INFO] Target pose attained for pick action, proceeding with grasp.
Tip distance after pick: 0.02096503755861977
[INFO] Pick action completed successfully.in execution time: 1.40 seconds
[EXEC] Action ActionType.PICK executed in 16.43 seconds
[SUCCESS] Action ActionType.PICK succeeded for object /column0
[LOG] Transition logged to MongoDB: a639ee11-a4cc-4b99-9ceb-2cc349fbe360 - Episode 0
Step 10
Selected action: Action(ActionType.PLACE, obj=/column0, slot=/goal_1,grasp=GraspType.RIGHT_0) with motion param: front_270
here
Action: Action(ActionType.PLACE, obj=/column0, slot=/goal_1,grasp=GraspType.FRONT_270)
[EXEC] Placing at [-0.2749999999999999, 1.0750000000000006, 0.5] with grasp front_270
[ERROR] Motion failed (collision or invalid path)
[ERROR] Motion result: collision
[ERROR] Failed to reach target pose for place action, aborting place.
[EXEC] Action ActionType.PLACE executed in 24.29 seconds
[ERROR] Action ActionType.PLACE failed for object /column0
Action failed ! time elapsed: 0.001
[LOG] Transition logged to MongoDB: a639ee11-a4cc-4b99-9ceb-2cc349fbe360 - Episode 0
Step 11
Selected action: Action(ActionType.PLACE, obj=/column0, slot=/region_2,grasp=GraspType.LEFT_0) with motion param: left_0
here
Action: Action(ActionType.PLACE, obj=/column0, slot=/region_2,grasp=GraspType.LEFT_0)
[EXEC] Placing at [0.6, 0.80001, 0.5] with grasp left_0
[ERROR] Motion failed (collision or invalid path)
[ERROR] Motion result: collision
[ERROR] Failed to reach target pose for place action, aborting place.
[EXEC] Action ActionType.PLACE executed in 20.21 seconds
[ERROR] Action ActionType.PLACE failed for object /column0
Action failed ! time elapsed: 0.001
[LOG] Transition logged to MongoDB: a639ee11-a4cc-4b99-9ceb-2cc349fbe360 - Episode 0
Step 12
Selected action: Action(ActionType.PLACE, obj=/column0, slot=/goal_1,grasp=GraspType.FRONT_270) with motion param: front_270
here
Action: Action(ActionType.PLACE, obj=/column0, slot=/goal_1,grasp=GraspType.FRONT_270)
[EXEC] Placing at [-0.2749999999999999, 1.0750000000000006, 0.5] with grasp front_270
[ERROR] Motion failed (collision or invalid path)
[ERROR] Motion result: no_path
[ERROR] Failed to reach target pose for place action, aborting place.
[EXEC] Action ActionType.PLACE executed in 13.58 seconds
[ERROR] Action ActionType.PLACE failed for object /column0
Action failed ! time elapsed: 0.001
[LOG] Transition logged to MongoDB: a639ee11-a4cc-4b99-9ceb-2cc349fbe360 - Episode 0
Step 13
Selected action: Action(ActionType.PLACE, obj=/column0, slot=/goal_0,grasp=GraspType.RIGHT_0) with motion param: top_0
here
Action: Action(ActionType.PLACE, obj=/column0, slot=/goal_0,grasp=GraspType.TOP_0)
[EXEC] Placing at [-0.27499999999999986, 0.8250000000000005, 0.5] with grasp top_0
[ERROR] Motion failed (collision or invalid path)
[ERROR] Motion result: collision
[ERROR] Failed to reach target pose for place action, aborting place.
[EXEC] Action ActionType.PLACE executed in 17.19 seconds
[ERROR] Action ActionType.PLACE failed for object /column0
Action failed ! time elapsed: 0.001
[LOG] Transition logged to MongoDB: a639ee11-a4cc-4b99-9ceb-2cc349fbe360 - Episode 0
Step 14
Selected action: Action(ActionType.PLACE, obj=/column0, slot=/goal_2,grasp=GraspType.RIGHT_0) with motion param: top_0
here
Action: Action(ActionType.PLACE, obj=/column0, slot=/goal_2,grasp=GraspType.TOP_0)
[EXEC] Placing at [-0.6000000000000001, 0.8250000000000003, 0.5] with grasp top_0
[ERROR] Motion failed (collision or invalid path)
[ERROR] Motion result: no_ik_solution
[ERROR] Failed to reach target pose for place action, aborting place.
[EXEC] Action ActionType.PLACE executed in 26.36 seconds
[ERROR] Action ActionType.PLACE failed for object /column0
Action failed ! time elapsed: 0.001
[LOG] Transition logged to MongoDB: a639ee11-a4cc-4b99-9ceb-2cc349fbe360 - Episode 0
Step 15
Selected action: Action(ActionType.PLACE, obj=/column0, slot=/goal_1,grasp=GraspType.FRONT_270) with motion param: left_0
here
Action: Action(ActionType.PLACE, obj=/column0, slot=/goal_1,grasp=GraspType.LEFT_0)
[EXEC] Placing at [-0.2749999999999999, 1.0750000000000006, 0.5] with grasp left_0
[ERROR] Motion failed (collision or invalid path)
[ERROR] Motion result: no_ik_solution
[ERROR] Failed to reach target pose for place action, aborting place.
[EXEC] Action ActionType.PLACE executed in 70.20 seconds
[ERROR] Action ActionType.PLACE failed for object /column0
Action failed ! time elapsed: 0.001
Too many failures, resetting scene
Pilot run finished, resetting scene
Leaving object if held
Pilot run 10
Step 0
Selected action: Action(ActionType.PICK, obj=/column0, slot=None,grasp=GraspType.RIGHT_0) with motion param: right_0
here
Action: Action(ActionType.PICK, obj=/column0, slot=None,grasp=GraspType.RIGHT_0)
[EXEC] Picking /column0 with right_0
[ERROR] Motion failed (collision or invalid path)
[ERROR] Motion result: no_ik_solution
[ERROR] Failed to reach target pose for pick action, aborting pick.
[EXEC] Action ActionType.PICK executed in 3.05 seconds
[ERROR] Action ActionType.PICK failed for object /column0
Action failed ! time elapsed: 0.001
[LOG] Transition logged to MongoDB: a639ee11-a4cc-4b99-9ceb-2cc349fbe360 - Episode 0
Step 1
Selected action: Action(ActionType.PICK, obj=/column0, slot=None,grasp=GraspType.RIGHT_0) with motion param: top_0
here
Action: Action(ActionType.PICK, obj=/column0, slot=None,grasp=GraspType.TOP_0)
[EXEC] Picking /column0 with top_0
[INFO] Motion completed successfully with result: success,in execution time: 3.84 seconds
[INFO] Target pose attained for pick action, proceeding with grasp.
Tip distance after pick: 0.027784605947922338
[INFO] Pick action completed successfully.in execution time: 3.84 seconds
[EXEC] Action ActionType.PICK executed in 16.21 seconds
[SUCCESS] Action ActionType.PICK succeeded for object /column0
[LOG] Transition logged to MongoDB: a639ee11-a4cc-4b99-9ceb-2cc349fbe360 - Episode 0
Step 2
Selected action: Action(ActionType.PLACE, obj=/column0, slot=/goal_1,grasp=GraspType.LEFT_0) with motion param: top_0
here
Action: Action(ActionType.PLACE, obj=/column0, slot=/goal_1,grasp=GraspType.TOP_0)
[EXEC] Placing at [-0.2749999999999999, 1.0750000000000006, 0.5] with grasp top_0
[ERROR] Motion failed (collision or invalid path)
[ERROR] Motion result: collision
[ERROR] Failed to reach target pose for place action, aborting place.
[EXEC] Action ActionType.PLACE executed in 16.89 seconds
[ERROR] Action ActionType.PLACE failed for object /column0
Action failed ! time elapsed: 0.001
[LOG] Transition logged to MongoDB: a639ee11-a4cc-4b99-9ceb-2cc349fbe360 - Episode 0
Step 3
Selected action: Action(ActionType.PLACE, obj=/column0, slot=/goal_1,grasp=GraspType.TOP_0) with motion param: top_0
here
Action: Action(ActionType.PLACE, obj=/column0, slot=/goal_1,grasp=GraspType.TOP_0)
[EXEC] Placing at [-0.2749999999999999, 1.0750000000000006, 0.5] with grasp top_0
[INFO] Motion completed successfully with result: success,in execution time: 6.00 seconds
[INFO] Target pose attained for place action, proceeding with placement.
[INFO] Place action completed successfully.
realigning placed object /column0 to target position
[EXEC] Action ActionType.PLACE executed in 20.05 seconds
[SUCCESS] Action ActionType.PLACE succeeded for object /column0
[LOG] Transition logged to MongoDB: a639ee11-a4cc-4b99-9ceb-2cc349fbe360 - Episode 0
Step 4
Selected action: Action(ActionType.PICK, obj=/column1, slot=None,grasp=GraspType.RIGHT_0) with motion param: front_270
here
Action: Action(ActionType.PICK, obj=/column1, slot=None,grasp=GraspType.FRONT_270)
[EXEC] Picking /column1 with front_270
[INFO] Motion completed successfully with result: success,in execution time: 10.44 seconds
[INFO] Target pose attained for pick action, proceeding with grasp.
Tip distance after pick: 0.020519099732035154
[INFO] Pick action completed successfully.in execution time: 10.44 seconds
[EXEC] Action ActionType.PICK executed in 23.49 seconds
[SUCCESS] Action ActionType.PICK succeeded for object /column1
[LOG] Transition contains 'unknown' state, not logging to MongoDB.
Step 5
Selected action: Action(ActionType.PLACE, obj=/column1, slot=/region_0,grasp=GraspType.FRONT_270) with motion param: front_270
here
Action: Action(ActionType.PLACE, obj=/column1, slot=/region_0,grasp=GraspType.FRONT_270)
[EXEC] Placing at [0.35, 0.8, 0.521] with grasp front_270
[ERROR] Motion failed (collision or invalid path)
[ERROR] Motion result: collision
[ERROR] Failed to reach target pose for place action, aborting place.
[EXEC] Action ActionType.PLACE executed in 14.81 seconds
[ERROR] Action ActionType.PLACE failed for object /column1
Action failed ! time elapsed: 0.001
[LOG] Transition contains 'unknown' state, not logging to MongoDB.
Step 6
Selected action: Action(ActionType.PLACE, obj=/column1, slot=/region_1,grasp=GraspType.TOP_0) with motion param: left_0
here
Action: Action(ActionType.PLACE, obj=/column1, slot=/region_1,grasp=GraspType.LEFT_0)
[EXEC] Placing at [0.6, 1.075, 0.5] with grasp left_0
[ERROR] Motion failed (collision or invalid path)
[ERROR] Motion result: no_ik_solution
[ERROR] Failed to reach target pose for place action, aborting place.
[EXEC] Action ActionType.PLACE executed in 8.81 seconds
[ERROR] Action ActionType.PLACE failed for object /column1
Action failed ! time elapsed: 0.001
[LOG] Transition contains 'unknown' state, not logging to MongoDB.
Step 7
Selected action: Action(ActionType.PLACE, obj=/column1, slot=/region_0,grasp=GraspType.FRONT_270) with motion param: front_270
here
Action: Action(ActionType.PLACE, obj=/column1, slot=/region_0,grasp=GraspType.FRONT_270)
[EXEC] Placing at [0.35, 0.8, 0.521] with grasp front_270
[ERROR] Motion failed (collision or invalid path)
[ERROR] Motion result: collision
[ERROR] Failed to reach target pose for place action, aborting place.
[EXEC] Action ActionType.PLACE executed in 20.19 seconds
[ERROR] Action ActionType.PLACE failed for object /column1
Action failed ! time elapsed: 0.001
[LOG] Transition contains 'unknown' state, not logging to MongoDB.
Step 8
Selected action: Action(ActionType.PLACE, obj=/column1, slot=/goal_0,grasp=GraspType.RIGHT_0) with motion param: front_270
here
Action: Action(ActionType.PLACE, obj=/column1, slot=/goal_0,grasp=GraspType.FRONT_270)
[EXEC] Placing at [-0.27499999999999986, 0.8250000000000005, 0.5] with grasp front_270
[ERROR] Motion failed (collision or invalid path)
[ERROR] Motion result: collision
[ERROR] Failed to reach target pose for place action, aborting place.
[EXEC] Action ActionType.PLACE executed in 19.16 seconds
[ERROR] Action ActionType.PLACE failed for object /column1
Action failed ! time elapsed: 0.001
[LOG] Transition contains 'unknown' state, not logging to MongoDB.
Step 9
Selected action: Action(ActionType.PLACE, obj=/column1, slot=/region_0,grasp=GraspType.FRONT_270) with motion param: top_0
here
Action: Action(ActionType.PLACE, obj=/column1, slot=/region_0,grasp=GraspType.TOP_0)
[EXEC] Placing at [0.35, 0.8, 0.521] with grasp top_0
[ERROR] Motion failed (collision or invalid path)
[ERROR] Motion result: collision
[ERROR] Failed to reach target pose for place action, aborting place.
[EXEC] Action ActionType.PLACE executed in 17.14 seconds
[ERROR] Action ActionType.PLACE failed for object /column1
Action failed ! time elapsed: 0.001
[LOG] Transition contains 'unknown' state, not logging to MongoDB.
Step 10
Selected action: Action(ActionType.PLACE, obj=/column1, slot=/region_0,grasp=GraspType.TOP_0) with motion param: right_0
here
Action: Action(ActionType.PLACE, obj=/column1, slot=/region_0,grasp=GraspType.RIGHT_0)
[EXEC] Placing at [0.35, 0.8, 0.521] with grasp right_0
[INFO] Motion completed successfully with result: success,in execution time: 3.04 seconds
[INFO] Target pose attained for place action, proceeding with placement.
[INFO] Place action completed successfully.
realigning placed object /column1 to target position
[EXEC] Action ActionType.PLACE executed in 32.41 seconds
[SUCCESS] Action ActionType.PLACE succeeded for object /column1
[LOG] Transition contains 'unknown' state, not logging to MongoDB.
Step 11
Selected action: Action(ActionType.PICK, obj=/column0, slot=None,grasp=GraspType.TOP_0) with motion param: left_0
here
Action: Action(ActionType.PICK, obj=/column0, slot=None,grasp=GraspType.LEFT_0)
[EXEC] Picking /column0 with left_0
[ERROR] Motion failed (collision or invalid path)
[ERROR] Motion result: no_ik_solution
[ERROR] Failed to reach target pose for pick action, aborting pick.
[EXEC] Action ActionType.PICK executed in 3.07 seconds
[ERROR] Action ActionType.PICK failed for object /column0
Action failed ! time elapsed: 0.001
[LOG] Transition contains 'unknown' state, not logging to MongoDB.
Step 12
Selected action: Action(ActionType.PICK, obj=/column0, slot=None,grasp=GraspType.LEFT_0) with motion param: top_0
here
Action: Action(ActionType.PICK, obj=/column0, slot=None,grasp=GraspType.TOP_0)
[EXEC] Picking /column0 with top_0
[INFO] Motion completed successfully with result: success,in execution time: 13.68 seconds
[INFO] Target pose attained for pick action, proceeding with grasp.
Tip distance after pick: 0.026195559339163267
[INFO] Pick action completed successfully.in execution time: 13.68 seconds
[EXEC] Action ActionType.PICK executed in 25.12 seconds
[SUCCESS] Action ActionType.PICK succeeded for object /column0
[LOG] Transition contains 'unknown' state, not logging to MongoDB.
Step 13
Selected action: Action(ActionType.PLACE, obj=/column0, slot=/region_1,grasp=None) with motion param: top_0
here
Action: Action(ActionType.PLACE, obj=/column0, slot=/region_1,grasp=GraspType.TOP_0)
[EXEC] Placing at [0.6, 1.075, 0.5] with grasp top_0
[ERROR] Motion failed (collision or invalid path)
[ERROR] Motion result: no_ik_solution
[ERROR] Failed to reach target pose for place action, aborting place.
[EXEC] Action ActionType.PLACE executed in 7.53 seconds
[ERROR] Action ActionType.PLACE failed for object /column0
Action failed ! time elapsed: 0.001
[LOG] Transition contains 'unknown' state, not logging to MongoDB.
Step 14
Selected action: Action(ActionType.PLACE, obj=/column0, slot=/goal_1,grasp=GraspType.TOP_0) with motion param: right_0
here
Action: Action(ActionType.PLACE, obj=/column0, slot=/goal_1,grasp=GraspType.RIGHT_0)
[EXEC] Placing at [-0.2749999999999999, 1.0750000000000006, 0.5] with grasp right_0
[ERROR] Motion failed (collision or invalid path)
[ERROR] Motion result: no_path
[ERROR] Failed to reach target pose for place action, aborting place.
[EXEC] Action ActionType.PLACE executed in 11.38 seconds
[ERROR] Action ActionType.PLACE failed for object /column0
Action failed ! time elapsed: 0.001
[LOG] Transition contains 'unknown' state, not logging to MongoDB.
Step 15
Selected action: Action(ActionType.PLACE, obj=/column0, slot=/goal_0,grasp=GraspType.TOP_0) with motion param: right_0
here
Action: Action(ActionType.PLACE, obj=/column0, slot=/goal_0,grasp=GraspType.RIGHT_0)
[EXEC] Placing at [-0.27499999999999986, 0.8250000000000005, 0.5] with grasp right_0
[INFO] Motion completed successfully with result: success,in execution time: 3.32 seconds
[INFO] Target pose attained for place action, proceeding with placement.
[INFO] Place action completed successfully.
realigning placed object /column0 to target position
[EXEC] Action ActionType.PLACE executed in 26.60 seconds
[SUCCESS] Action ActionType.PLACE succeeded for object /column0
[LOG] Transition contains 'unknown' state, not logging to MongoDB.
Step 16
Selected action: Action(ActionType.PICK, obj=/column2, slot=None,grasp=GraspType.LEFT_0) with motion param: right_0
here
Action: Action(ActionType.PICK, obj=/column2, slot=None,grasp=GraspType.RIGHT_0)
[EXEC] Picking /column2 with right_0
[ERROR] Motion failed (collision or invalid path)
[ERROR] Motion result: no_ik_solution
[ERROR] Failed to reach target pose for pick action, aborting pick.
[EXEC] Action ActionType.PICK executed in 3.07 seconds
[ERROR] Action ActionType.PICK failed for object /column2
Action failed ! time elapsed: 0.001
[LOG] Transition contains 'unknown' state, not logging to MongoDB.
Step 17
Selected action: Action(ActionType.PICK, obj=/column2, slot=None,grasp=GraspType.RIGHT_0) with motion param: front_270
here
Action: Action(ActionType.PICK, obj=/column2, slot=None,grasp=GraspType.FRONT_270)
[EXEC] Picking /column2 with front_270
[ERROR] Motion failed (collision or invalid path)
[ERROR] Motion result: no_ik_solution
[ERROR] Failed to reach target pose for pick action, aborting pick.
[EXEC] Action ActionType.PICK executed in 75.47 seconds
[ERROR] Action ActionType.PICK failed for object /column2
Action failed ! time elapsed: 0.001
[LOG] Transition contains 'unknown' state, not logging to MongoDB.
Step 18
Selected action: Action(ActionType.PICK, obj=/column0, slot=None,grasp=GraspType.TOP_0) with motion param: right_0
here
Action: Action(ActionType.PICK, obj=/column0, slot=None,grasp=GraspType.RIGHT_0)
[EXEC] Picking /column0 with right_0
[INFO] Motion completed successfully with result: success,in execution time: 1.28 seconds
[INFO] Target pose attained for pick action, proceeding with grasp.
Tip distance after pick: 0.022080750905145052
[INFO] Pick action completed successfully.in execution time: 1.28 seconds
[EXEC] Action ActionType.PICK executed in 15.87 seconds
[SUCCESS] Action ActionType.PICK succeeded for object /column0
[LOG] Transition contains 'unknown' state, not logging to MongoDB.
Step 19
Selected action: Action(ActionType.PLACE, obj=/column0, slot=/goal_0,grasp=GraspType.RIGHT_0) with motion param: left_0
here
Action: Action(ActionType.PLACE, obj=/column0, slot=/goal_0,grasp=GraspType.LEFT_0)
[EXEC] Placing at [-0.27499999999999986, 0.8250000000000005, 0.5] with grasp left_0
[INFO] Motion completed successfully with result: success,in execution time: 5.20 seconds
[INFO] Target pose attained for place action, proceeding with placement.
[INFO] Place action completed successfully.
realigning placed object /column0 to target position
[EXEC] Action ActionType.PLACE executed in 22.60 seconds
[SUCCESS] Action ActionType.PLACE succeeded for object /column0
[LOG] Transition contains 'unknown' state, not logging to MongoDB.
Step 20
Selected action: Action(ActionType.PICK, obj=/column0, slot=None,grasp=GraspType.RIGHT_0) with motion param: front_270
here
Action: Action(ActionType.PICK, obj=/column0, slot=None,grasp=GraspType.FRONT_270)
[EXEC] Picking /column0 with front_270
[ERROR] Motion failed (collision or invalid path)
[ERROR] Motion result: collision
[ERROR] Failed to reach target pose for pick action, aborting pick.
[EXEC] Action ActionType.PICK executed in 16.15 seconds
[ERROR] Action ActionType.PICK failed for object /column0
Action failed ! time elapsed: 0.001
[LOG] Transition contains 'unknown' state, not logging to MongoDB.
Step 21
Selected action: Action(ActionType.PICK, obj=/column1, slot=None,grasp=GraspType.FRONT_270) with motion param: top_0
here
Action: Action(ActionType.PICK, obj=/column1, slot=None,grasp=GraspType.TOP_0)
[EXEC] Picking /column1 with top_0
[INFO] Motion completed successfully with result: success,in execution time: 3.28 seconds
[INFO] Target pose attained for pick action, proceeding with grasp.
Tip distance after pick: 0.027961984437648305
[INFO] Pick action completed successfully.in execution time: 3.28 seconds
[EXEC] Action ActionType.PICK executed in 25.44 seconds
[SUCCESS] Action ActionType.PICK succeeded for object /column1
[LOG] Transition contains 'unknown' state, not logging to MongoDB.
Step 22
Selected action: Action(ActionType.PLACE, obj=/column1, slot=/region_1,grasp=GraspType.LEFT_0) with motion param: right_0
here
Action: Action(ActionType.PLACE, obj=/column1, slot=/region_1,grasp=GraspType.RIGHT_0)
[EXEC] Placing at [0.6, 1.075, 0.5] with grasp right_0
[ERROR] Motion failed (collision or invalid path)
[ERROR] Motion result: no_ik_solution
[ERROR] Failed to reach target pose for place action, aborting place.
[EXEC] Action ActionType.PLACE executed in 3.10 seconds
[ERROR] Action ActionType.PLACE failed for object /column1
Action failed ! time elapsed: 0.001
[LOG] Transition contains 'unknown' state, not logging to MongoDB.
Step 23
Selected action: Action(ActionType.PLACE, obj=/column1, slot=/goal_1,grasp=GraspType.FRONT_270) with motion param: left_0
here
Action: Action(ActionType.PLACE, obj=/column1, slot=/goal_1,grasp=GraspType.LEFT_0)
[EXEC] Placing at [-0.2749999999999999, 1.0750000000000006, 0.5] with grasp left_0
[ERROR] Motion failed (collision or invalid path)
[ERROR] Motion result: no_ik_solution
[ERROR] Failed to reach target pose for place action, aborting place.
[EXEC] Action ActionType.PLACE executed in 84.63 seconds
[ERROR] Action ActionType.PLACE failed for object /column1
Action failed ! time elapsed: 0.001
[LOG] Transition contains 'unknown' state, not logging to MongoDB.
Step 24
Selected action: Action(ActionType.PLACE, obj=/column1, slot=/region_0,grasp=GraspType.RIGHT_0) with motion param: top_0
here
Action: Action(ActionType.PLACE, obj=/column1, slot=/region_0,grasp=GraspType.TOP_0)
[EXEC] Placing at [0.35, 0.8, 0.521] with grasp top_0
[INFO] Motion completed successfully with result: success,in execution time: 0.56 seconds
[INFO] Target pose attained for place action, proceeding with placement.
[INFO] Place action completed successfully.
realigning placed object /column1 to target position
[EXEC] Action ActionType.PLACE executed in 19.94 seconds
[SUCCESS] Action ActionType.PLACE succeeded for object /column1
[LOG] Transition contains 'unknown' state, not logging to MongoDB.
Step 25
Selected action: Action(ActionType.PICK, obj=/column1, slot=None,grasp=GraspType.TOP_0) with motion param: left_0
here
Action: Action(ActionType.PICK, obj=/column1, slot=None,grasp=GraspType.LEFT_0)
[EXEC] Picking /column1 with left_0
[INFO] Motion completed successfully with result: success,in execution time: 3.28 seconds
[INFO] Target pose attained for pick action, proceeding with grasp.
Tip distance after pick: 0.02723752407677111
[INFO] Pick action completed successfully.in execution time: 3.28 seconds
[EXEC] Action ActionType.PICK executed in 19.96 seconds
[SUCCESS] Action ActionType.PICK succeeded for object /column1
[LOG] Transition contains 'unknown' state, not logging to MongoDB.
Step 26
Selected action: Action(ActionType.PLACE, obj=/column1, slot=/goal_1,grasp=GraspType.LEFT_0) with motion param: left_0
here
Action: Action(ActionType.PLACE, obj=/column1, slot=/goal_1,grasp=GraspType.LEFT_0)
[EXEC] Placing at [-0.2749999999999999, 1.0750000000000006, 0.5] with grasp left_0
[ERROR] Motion failed (collision or invalid path)
[ERROR] Motion result: no_ik_solution
[ERROR] Failed to reach target pose for place action, aborting place.
[EXEC] Action ActionType.PLACE executed in 61.73 seconds
[ERROR] Action ActionType.PLACE failed for object /column1
Action failed ! time elapsed: 0.001
[LOG] Transition contains 'unknown' state, not logging to MongoDB.
Step 27
Selected action: Action(ActionType.PLACE, obj=/column1, slot=/region_0,grasp=GraspType.TOP_0) with motion param: right_0
here
Action: Action(ActionType.PLACE, obj=/column1, slot=/region_0,grasp=GraspType.RIGHT_0)
[EXEC] Placing at [0.35, 0.8, 0.521] with grasp right_0
[INFO] Motion completed successfully with result: success,in execution time: 5.40 seconds
[INFO] Target pose attained for place action, proceeding with placement.
[INFO] Place action completed successfully.
realigning placed object /column1 to target position
[EXEC] Action ActionType.PLACE executed in 26.78 seconds
[SUCCESS] Action ActionType.PLACE succeeded for object /column1
[LOG] Transition contains 'unknown' state, not logging to MongoDB.
Step 28
Selected action: Action(ActionType.PICK, obj=/column0, slot=None,grasp=GraspType.FRONT_270) with motion param: front_270
here
Action: Action(ActionType.PICK, obj=/column0, slot=None,grasp=GraspType.FRONT_270)
[EXEC] Picking /column0 with front_270
[INFO] Motion completed successfully with result: success,in execution time: 7.80 seconds
[INFO] Target pose attained for pick action, proceeding with grasp.
Tip distance after pick: 0.02204767063834628
[INFO] Pick action completed successfully.in execution time: 7.80 seconds
[EXEC] Action ActionType.PICK executed in 20.77 seconds
[SUCCESS] Action ActionType.PICK succeeded for object /column0
[LOG] Transition contains 'unknown' state, not logging to MongoDB.
Step 29
Selected action: Action(ActionType.PLACE, obj=/column0, slot=/goal_2,grasp=GraspType.TOP_0) with motion param: left_0
here
Action: Action(ActionType.PLACE, obj=/column0, slot=/goal_2,grasp=GraspType.LEFT_0)
[EXEC] Placing at [-0.6000000000000001, 0.8250000000000003, 0.5] with grasp left_0
[ERROR] Motion failed (collision or invalid path)
[ERROR] Motion result: no_ik_solution
[ERROR] Failed to reach target pose for place action, aborting place.
[EXEC] Action ActionType.PLACE executed in 15.19 seconds
[ERROR] Action ActionType.PLACE failed for object /column0
Action failed ! time elapsed: 0.001
[LOG] Transition contains 'unknown' state, not logging to MongoDB.
Pilot run finished, resetting scene
Leaving object if held
Pilot run 11
Step 0
Selected action: Action(ActionType.PICK, obj=/column2, slot=None,grasp=GraspType.FRONT_270) with motion param: front_270
here
Action: Action(ActionType.PICK, obj=/column2, slot=None,grasp=GraspType.FRONT_270)
[EXEC] Picking /column2 with front_270
[ERROR] Motion failed (collision or invalid path)
[ERROR] Motion result: no_path
[ERROR] Failed to reach target pose for pick action, aborting pick.
[EXEC] Action ActionType.PICK executed in 13.31 seconds
[ERROR] Action ActionType.PICK failed for object /column2
Action failed ! time elapsed: 0.001
[LOG] Transition logged to MongoDB: a639ee11-a4cc-4b99-9ceb-2cc349fbe360 - Episode 0
Step 1
Selected action: Action(ActionType.PICK, obj=/column1, slot=None,grasp=GraspType.LEFT_0) with motion param: right_0
here
Action: Action(ActionType.PICK, obj=/column1, slot=None,grasp=GraspType.RIGHT_0)
[EXEC] Picking /column1 with right_0
[ERROR] Motion failed (collision or invalid path)
[ERROR] Motion result: no_ik_solution
[ERROR] Failed to reach target pose for pick action, aborting pick.
[EXEC] Action ActionType.PICK executed in 3.07 seconds
[ERROR] Action ActionType.PICK failed for object /column1
Action failed ! time elapsed: 0.001
[LOG] Transition logged to MongoDB: a639ee11-a4cc-4b99-9ceb-2cc349fbe360 - Episode 0
Step 2
Selected action: Action(ActionType.PICK, obj=/column0, slot=None,grasp=GraspType.FRONT_270) with motion param: right_0
here
Action: Action(ActionType.PICK, obj=/column0, slot=None,grasp=GraspType.RIGHT_0)
[EXEC] Picking /column0 with right_0
[ERROR] Motion failed (collision or invalid path)
[ERROR] Motion result: no_ik_solution
[ERROR] Failed to reach target pose for pick action, aborting pick.
[EXEC] Action ActionType.PICK executed in 38.69 seconds
[ERROR] Action ActionType.PICK failed for object /column0
Action failed ! time elapsed: 0.001
[LOG] Transition logged to MongoDB: a639ee11-a4cc-4b99-9ceb-2cc349fbe360 - Episode 0
Step 3
Selected action: Action(ActionType.PICK, obj=/column1, slot=None,grasp=GraspType.RIGHT_0) with motion param: top_0
here
Action: Action(ActionType.PICK, obj=/column1, slot=None,grasp=GraspType.TOP_0)
[EXEC] Picking /column1 with top_0
[INFO] Motion completed successfully with result: success,in execution time: 8.40 seconds
[INFO] Target pose attained for pick action, proceeding with grasp.
Tip distance after pick: 0.02338053286541766
[INFO] Pick action completed successfully.in execution time: 8.40 seconds
[EXEC] Action ActionType.PICK executed in 21.74 seconds
[SUCCESS] Action ActionType.PICK succeeded for object /column1
[LOG] Transition logged to MongoDB: a639ee11-a4cc-4b99-9ceb-2cc349fbe360 - Episode 0
Step 4
Selected action: Action(ActionType.PLACE, obj=/column1, slot=/goal_1,grasp=GraspType.LEFT_0) with motion param: right_0
here
Action: Action(ActionType.PLACE, obj=/column1, slot=/goal_1,grasp=GraspType.RIGHT_0)
[EXEC] Placing at [-0.2749999999999999, 1.0750000000000006, 0.5] with grasp right_0
[ERROR] Motion failed (collision or invalid path)
[ERROR] Motion result: no_path
[ERROR] Failed to reach target pose for place action, aborting place.
[EXEC] Action ActionType.PLACE executed in 12.09 seconds
[ERROR] Action ActionType.PLACE failed for object /column1
Action failed ! time elapsed: 0.001
[LOG] Transition logged to MongoDB: a639ee11-a4cc-4b99-9ceb-2cc349fbe360 - Episode 0
Step 5
Selected action: Action(ActionType.PLACE, obj=/column1, slot=/goal_1,grasp=GraspType.RIGHT_0) with motion param: right_0
here
Action: Action(ActionType.PLACE, obj=/column1, slot=/goal_1,grasp=GraspType.RIGHT_0)
[EXEC] Placing at [-0.2749999999999999, 1.0750000000000006, 0.5] with grasp right_0
[ERROR] Motion failed (collision or invalid path)
[ERROR] Motion result: no_path
[ERROR] Failed to reach target pose for place action, aborting place.
[EXEC] Action ActionType.PLACE executed in 11.92 seconds
[ERROR] Action ActionType.PLACE failed for object /column1
Action failed ! time elapsed: 0.001
[LOG] Transition logged to MongoDB: a639ee11-a4cc-4b99-9ceb-2cc349fbe360 - Episode 0
Step 6
Selected action: Action(ActionType.PLACE, obj=/column1, slot=/goal_2,grasp=GraspType.RIGHT_0) with motion param: left_0
here
Action: Action(ActionType.PLACE, obj=/column1, slot=/goal_2,grasp=GraspType.LEFT_0)
[EXEC] Placing at [-0.6000000000000001, 0.8250000000000003, 0.5] with grasp left_0
[ERROR] Motion failed (collision or invalid path)
[ERROR] Motion result: no_ik_solution
[ERROR] Failed to reach target pose for place action, aborting place.
[EXEC] Action ActionType.PLACE executed in 14.24 seconds
[ERROR] Action ActionType.PLACE failed for object /column1
Action failed ! time elapsed: 0.001
[LOG] Transition logged to MongoDB: a639ee11-a4cc-4b99-9ceb-2cc349fbe360 - Episode 0
Step 7
Selected action: Action(ActionType.PLACE, obj=/column1, slot=/goal_2,grasp=GraspType.LEFT_0) with motion param: front_270
here
Action: Action(ActionType.PLACE, obj=/column1, slot=/goal_2,grasp=GraspType.FRONT_270)
[EXEC] Placing at [-0.6000000000000001, 0.8250000000000003, 0.5] with grasp front_270
[ERROR] Motion failed (collision or invalid path)
[ERROR] Motion result: no_ik_solution
[ERROR] Failed to reach target pose for place action, aborting place.
[EXEC] Action ActionType.PLACE executed in 19.42 seconds
[ERROR] Action ActionType.PLACE failed for object /column1
Action failed ! time elapsed: 0.001
[LOG] Transition logged to MongoDB: a639ee11-a4cc-4b99-9ceb-2cc349fbe360 - Episode 0
Step 8
Selected action: Action(ActionType.PLACE, obj=/column1, slot=/goal_2,grasp=GraspType.FRONT_270) with motion param: front_270
here
Action: Action(ActionType.PLACE, obj=/column1, slot=/goal_2,grasp=GraspType.FRONT_270)
[EXEC] Placing at [-0.6000000000000001, 0.8250000000000003, 0.5] with grasp front_270
[ERROR] Motion failed (collision or invalid path)
[ERROR] Motion result: no_ik_solution
[ERROR] Failed to reach target pose for place action, aborting place.
[EXEC] Action ActionType.PLACE executed in 19.83 seconds
[ERROR] Action ActionType.PLACE failed for object /column1
Action failed ! time elapsed: 0.001
[LOG] Transition logged to MongoDB: a639ee11-a4cc-4b99-9ceb-2cc349fbe360 - Episode 0
Step 9
Selected action: Action(ActionType.PLACE, obj=/column1, slot=/goal_2,grasp=GraspType.FRONT_270) with motion param: front_270
here
Action: Action(ActionType.PLACE, obj=/column1, slot=/goal_2,grasp=GraspType.FRONT_270)
[EXEC] Placing at [-0.6000000000000001, 0.8250000000000003, 0.5] with grasp front_270
[ERROR] Motion failed (collision or invalid path)
[ERROR] Motion result: no_ik_solution
[ERROR] Failed to reach target pose for place action, aborting place.
[EXEC] Action ActionType.PLACE executed in 21.57 seconds
[ERROR] Action ActionType.PLACE failed for object /column1
Action failed ! time elapsed: 0.001
Too many failures, resetting scene
Pilot run finished, resetting scene
Leaving object if held
Pilot run 12
Step 0
Selected action: Action(ActionType.PICK, obj=/column0, slot=None,grasp=GraspType.RIGHT_0) with motion param: top_0
here
Action: Action(ActionType.PICK, obj=/column0, slot=None,grasp=GraspType.TOP_0)
[EXEC] Picking /column0 with top_0
[INFO] Motion completed successfully with result: success,in execution time: 3.64 seconds
[INFO] Target pose attained for pick action, proceeding with grasp.
Tip distance after pick: 0.028850054917799548
[INFO] Pick action completed successfully.in execution time: 3.64 seconds
[EXEC] Action ActionType.PICK executed in 18.15 seconds
[SUCCESS] Action ActionType.PICK succeeded for object /column0
[LOG] Transition logged to MongoDB: a639ee11-a4cc-4b99-9ceb-2cc349fbe360 - Episode 0
Step 1
Selected action: Action(ActionType.PLACE, obj=/column0, slot=/goal_2,grasp=GraspType.LEFT_0) with motion param: front_270
here
Action: Action(ActionType.PLACE, obj=/column0, slot=/goal_2,grasp=GraspType.FRONT_270)
[EXEC] Placing at [-0.6000000000000001, 0.8250000000000003, 0.5] with grasp front_270
[ERROR] Motion failed (collision or invalid path)
[ERROR] Motion result: no_ik_solution
[ERROR] Failed to reach target pose for place action, aborting place.
[EXEC] Action ActionType.PLACE executed in 21.27 seconds
[ERROR] Action ActionType.PLACE failed for object /column0
Action failed ! time elapsed: 0.001
[LOG] Transition logged to MongoDB: a639ee11-a4cc-4b99-9ceb-2cc349fbe360 - Episode 0
Step 2
Selected action: Action(ActionType.PLACE, obj=/column0, slot=/region_0,grasp=GraspType.RIGHT_0) with motion param: right_0
here
Action: Action(ActionType.PLACE, obj=/column0, slot=/region_0,grasp=GraspType.RIGHT_0)
[EXEC] Placing at [0.35, 0.8, 0.521] with grasp right_0
[ERROR] Motion failed (collision or invalid path)
[ERROR] Motion result: collision
[ERROR] Failed to reach target pose for place action, aborting place.
[EXEC] Action ActionType.PLACE executed in 15.28 seconds
[ERROR] Action ActionType.PLACE failed for object /column0
Action failed ! time elapsed: 0.001
[LOG] Transition logged to MongoDB: a639ee11-a4cc-4b99-9ceb-2cc349fbe360 - Episode 0
Step 3
Selected action: Action(ActionType.PLACE, obj=/column0, slot=/goal_0,grasp=GraspType.LEFT_0) with motion param: front_270
here
Action: Action(ActionType.PLACE, obj=/column0, slot=/goal_0,grasp=GraspType.FRONT_270)
[EXEC] Placing at [-0.27499999999999986, 0.8250000000000005, 0.5] with grasp front_270
[INFO] Motion completed successfully with result: success,in execution time: 4.24 seconds
[INFO] Target pose attained for place action, proceeding with placement.
[INFO] Place action completed successfully.
realigning placed object /column0 to target position
[EXEC] Action ActionType.PLACE executed in 24.77 seconds
[SUCCESS] Action ActionType.PLACE succeeded for object /column0
[LOG] Transition logged to MongoDB: a639ee11-a4cc-4b99-9ceb-2cc349fbe360 - Episode 0
Step 4
Selected action: Action(ActionType.PICK, obj=/column2, slot=None,grasp=GraspType.FRONT_270) with motion param: right_0
here
Action: Action(ActionType.PICK, obj=/column2, slot=None,grasp=GraspType.RIGHT_0)
[EXEC] Picking /column2 with right_0
[ERROR] Motion failed (collision or invalid path)
[ERROR] Motion result: no_ik_solution
[ERROR] Failed to reach target pose for pick action, aborting pick.
[EXEC] Action ActionType.PICK executed in 3.07 seconds
[ERROR] Action ActionType.PICK failed for object /column2
Action failed ! time elapsed: 0.001
[LOG] Transition logged to MongoDB: a639ee11-a4cc-4b99-9ceb-2cc349fbe360 - Episode 0
Step 5
Selected action: Action(ActionType.PICK, obj=/column0, slot=None,grasp=GraspType.TOP_0) with motion param: front_270
here
Action: Action(ActionType.PICK, obj=/column0, slot=None,grasp=GraspType.FRONT_270)
[EXEC] Picking /column0 with front_270
[INFO] Motion completed successfully with result: success,in execution time: 1.68 seconds
[INFO] Target pose attained for pick action, proceeding with grasp.
Tip distance after pick: 0.021940345573479642
[INFO] Pick action completed successfully.in execution time: 1.68 seconds
[EXEC] Action ActionType.PICK executed in 14.09 seconds
[SUCCESS] Action ActionType.PICK succeeded for object /column0
[LOG] Transition logged to MongoDB: a639ee11-a4cc-4b99-9ceb-2cc349fbe360 - Episode 0
Step 6
Selected action: Action(ActionType.PLACE, obj=/column0, slot=/goal_1,grasp=GraspType.RIGHT_0) with motion param: left_0
here
Action: Action(ActionType.PLACE, obj=/column0, slot=/goal_1,grasp=GraspType.LEFT_0)
[EXEC] Placing at [-0.2749999999999999, 1.0750000000000006, 0.5] with grasp left_0
[ERROR] Motion failed (collision or invalid path)
[ERROR] Motion result: no_ik_solution
[ERROR] Failed to reach target pose for place action, aborting place.
[EXEC] Action ActionType.PLACE executed in 66.26 seconds
[ERROR] Action ActionType.PLACE failed for object /column0
Action failed ! time elapsed: 0.001
[LOG] Transition logged to MongoDB: a639ee11-a4cc-4b99-9ceb-2cc349fbe360 - Episode 0
Step 7
Selected action: Action(ActionType.PLACE, obj=/column0, slot=/goal_1,grasp=GraspType.LEFT_0) with motion param: top_0
here
Action: Action(ActionType.PLACE, obj=/column0, slot=/goal_1,grasp=GraspType.TOP_0)
[EXEC] Placing at [-0.2749999999999999, 1.0750000000000006, 0.5] with grasp top_0
[ERROR] Motion failed (collision or invalid path)
[ERROR] Motion result: collision
[ERROR] Failed to reach target pose for place action, aborting place.
[EXEC] Action ActionType.PLACE executed in 12.72 seconds
[ERROR] Action ActionType.PLACE failed for object /column0
Action failed ! time elapsed: 0.001
[LOG] Transition logged to MongoDB: a639ee11-a4cc-4b99-9ceb-2cc349fbe360 - Episode 0
Step 8
Selected action: Action(ActionType.PLACE, obj=/column0, slot=/goal_0,grasp=GraspType.FRONT_270) with motion param: front_270
here
Action: Action(ActionType.PLACE, obj=/column0, slot=/goal_0,grasp=GraspType.FRONT_270)
[EXEC] Placing at [-0.27499999999999986, 0.8250000000000005, 0.5] with grasp front_270
[INFO] Motion completed successfully with result: success,in execution time: 0.56 seconds
[INFO] Target pose attained for place action, proceeding with placement.
[INFO] Place action completed successfully.
realigning placed object /column0 to target position
[EXEC] Action ActionType.PLACE executed in 23.83 seconds
[SUCCESS] Action ActionType.PLACE succeeded for object /column0
[LOG] Transition logged to MongoDB: a639ee11-a4cc-4b99-9ceb-2cc349fbe360 - Episode 0
Step 9
Selected action: Action(ActionType.PICK, obj=/column2, slot=None,grasp=GraspType.RIGHT_0) with motion param: right_0
here
Action: Action(ActionType.PICK, obj=/column2, slot=None,grasp=GraspType.RIGHT_0)
[EXEC] Picking /column2 with right_0
[ERROR] Motion failed (collision or invalid path)
[ERROR] Motion result: no_ik_solution
[ERROR] Failed to reach target pose for pick action, aborting pick.
[EXEC] Action ActionType.PICK executed in 3.07 seconds
[ERROR] Action ActionType.PICK failed for object /column2
Action failed ! time elapsed: 0.001
[LOG] Transition logged to MongoDB: a639ee11-a4cc-4b99-9ceb-2cc349fbe360 - Episode 0
Step 10
Selected action: Action(ActionType.PICK, obj=/column2, slot=None,grasp=GraspType.RIGHT_0) with motion param: left_0
here
Action: Action(ActionType.PICK, obj=/column2, slot=None,grasp=GraspType.LEFT_0)
[EXEC] Picking /column2 with left_0
[INFO] Motion completed successfully with result: success,in execution time: 5.32 seconds
[INFO] Target pose attained for pick action, proceeding with grasp.
Tip distance after pick: 0.02027084648221951
[INFO] Pick action completed successfully.in execution time: 5.32 seconds
[EXEC] Action ActionType.PICK executed in 16.41 seconds
[SUCCESS] Action ActionType.PICK succeeded for object /column2
[LOG] Transition logged to MongoDB: a639ee11-a4cc-4b99-9ceb-2cc349fbe360 - Episode 0
Step 11
Selected action: Action(ActionType.PLACE, obj=/column2, slot=/goal_1,grasp=None) with motion param: front_270
here
Action: Action(ActionType.PLACE, obj=/column2, slot=/goal_1,grasp=GraspType.FRONT_270)
[EXEC] Placing at [-0.2749999999999999, 1.0750000000000006, 0.5] with grasp front_270
[INFO] Motion completed successfully with result: success,in execution time: 7.68 seconds
[INFO] Target pose attained for place action, proceeding with placement.
[INFO] Place action completed successfully.
realigning placed object /column2 to target position
[EXEC] Action ActionType.PLACE executed in 27.09 seconds
[SUCCESS] Action ActionType.PLACE succeeded for object /column2
[LOG] Transition logged to MongoDB: a639ee11-a4cc-4b99-9ceb-2cc349fbe360 - Episode 0
Step 12
Selected action: Action(ActionType.PICK, obj=/column1, slot=None,grasp=GraspType.TOP_0) with motion param: top_0
here
Action: Action(ActionType.PICK, obj=/column1, slot=None,grasp=GraspType.TOP_0)
[EXEC] Picking /column1 with top_0
[ERROR] Motion failed (collision or invalid path)
[ERROR] Motion result: collision
[ERROR] Failed to reach target pose for pick action, aborting pick.
[EXEC] Action ActionType.PICK executed in 19.03 seconds
[ERROR] Action ActionType.PICK failed for object /column1
Action failed ! time elapsed: 0.001
[LOG] Transition logged to MongoDB: a639ee11-a4cc-4b99-9ceb-2cc349fbe360 - Episode 0
Step 13
Selected action: Action(ActionType.PICK, obj=/column1, slot=None,grasp=GraspType.TOP_0) with motion param: left_0
here
Action: Action(ActionType.PICK, obj=/column1, slot=None,grasp=GraspType.LEFT_0)
[EXEC] Picking /column1 with left_0
[ERROR] Motion failed (collision or invalid path)
[ERROR] Motion result: no_ik_solution
[ERROR] Failed to reach target pose for pick action, aborting pick.
[EXEC] Action ActionType.PICK executed in 8.90 seconds
[ERROR] Action ActionType.PICK failed for object /column1
Action failed ! time elapsed: 0.001
[LOG] Transition logged to MongoDB: a639ee11-a4cc-4b99-9ceb-2cc349fbe360 - Episode 0
Step 14
Selected action: Action(ActionType.PICK, obj=/column2, slot=None,grasp=GraspType.LEFT_0) with motion param: top_0
here
Action: Action(ActionType.PICK, obj=/column2, slot=None,grasp=GraspType.TOP_0)
[EXEC] Picking /column2 with top_0
[INFO] Motion completed successfully with result: success,in execution time: 4.52 seconds
[INFO] Target pose attained for pick action, proceeding with grasp.
Tip distance after pick: 0.026403502973987917
[INFO] Pick action completed successfully.in execution time: 4.52 seconds
[EXEC] Action ActionType.PICK executed in 17.12 seconds
[SUCCESS] Action ActionType.PICK succeeded for object /column2
[LOG] Transition logged to MongoDB: a639ee11-a4cc-4b99-9ceb-2cc349fbe360 - Episode 0
Step 15
Selected action: Action(ActionType.PLACE, obj=/column2, slot=/region_0,grasp=GraspType.LEFT_0) with motion param: left_0
here
Action: Action(ActionType.PLACE, obj=/column2, slot=/region_0,grasp=GraspType.LEFT_0)
[EXEC] Placing at [0.35, 0.8, 0.521] with grasp left_0
[ERROR] Motion failed (collision or invalid path)
[ERROR] Motion result: collision
[ERROR] Failed to reach target pose for place action, aborting place.
[EXEC] Action ActionType.PLACE executed in 11.99 seconds
[ERROR] Action ActionType.PLACE failed for object /column2
Action failed ! time elapsed: 0.001
[LOG] Transition logged to MongoDB: a639ee11-a4cc-4b99-9ceb-2cc349fbe360 - Episode 0
Step 16
Selected action: Action(ActionType.PLACE, obj=/column2, slot=/region_0,grasp=GraspType.LEFT_0) with motion param: front_270
here
Action: Action(ActionType.PLACE, obj=/column2, slot=/region_0,grasp=GraspType.FRONT_270)
[EXEC] Placing at [0.35, 0.8, 0.521] with grasp front_270
[ERROR] Motion failed (collision or invalid path)
[ERROR] Motion result: collision
[ERROR] Failed to reach target pose for place action, aborting place.
[EXEC] Action ActionType.PLACE executed in 19.48 seconds
[ERROR] Action ActionType.PLACE failed for object /column2
Action failed ! time elapsed: 0.001
[LOG] Transition logged to MongoDB: a639ee11-a4cc-4b99-9ceb-2cc349fbe360 - Episode 0
Step 17
Selected action: Action(ActionType.PLACE, obj=/column2, slot=/goal_2,grasp=GraspType.LEFT_0) with motion param: top_0
here
Action: Action(ActionType.PLACE, obj=/column2, slot=/goal_2,grasp=GraspType.TOP_0)
[EXEC] Placing at [-0.6000000000000001, 0.8250000000000003, 0.5] with grasp top_0
[ERROR] Motion failed (collision or invalid path)
[ERROR] Motion result: no_ik_solution
[ERROR] Failed to reach target pose for place action, aborting place.
[EXEC] Action ActionType.PLACE executed in 20.52 seconds
[ERROR] Action ActionType.PLACE failed for object /column2
Action failed ! time elapsed: 0.001
[LOG] Transition logged to MongoDB: a639ee11-a4cc-4b99-9ceb-2cc349fbe360 - Episode 0
Step 18
Selected action: Action(ActionType.PLACE, obj=/column2, slot=/region_0,grasp=GraspType.FRONT_270) with motion param: left_0
here
Action: Action(ActionType.PLACE, obj=/column2, slot=/region_0,grasp=GraspType.LEFT_0)
[EXEC] Placing at [0.35, 0.8, 0.521] with grasp left_0
[INFO] Motion completed successfully with result: success,in execution time: 2.96 seconds
[INFO] Target pose attained for place action, proceeding with placement.
[INFO] Place action completed successfully.
realigning placed object /column2 to target position
[EXEC] Action ActionType.PLACE executed in 17.04 seconds
[SUCCESS] Action ActionType.PLACE succeeded for object /column2
[LOG] Transition logged to MongoDB: a639ee11-a4cc-4b99-9ceb-2cc349fbe360 - Episode 0
Step 19
Selected action: Action(ActionType.PICK, obj=/column2, slot=None,grasp=GraspType.TOP_0) with motion param: front_270
here
Action: Action(ActionType.PICK, obj=/column2, slot=None,grasp=GraspType.FRONT_270)
[EXEC] Picking /column2 with front_270
[ERROR] Motion failed (collision or invalid path)
[ERROR] Motion result: collision
[ERROR] Failed to reach target pose for pick action, aborting pick.
[EXEC] Action ActionType.PICK executed in 18.29 seconds
[ERROR] Action ActionType.PICK failed for object /column2
Action failed ! time elapsed: 0.001
[LOG] Transition logged to MongoDB: a639ee11-a4cc-4b99-9ceb-2cc349fbe360 - Episode 0
Step 20
Selected action: Action(ActionType.PICK, obj=/column2, slot=None,grasp=GraspType.FRONT_270) with motion param: top_0
here
Action: Action(ActionType.PICK, obj=/column2, slot=None,grasp=GraspType.TOP_0)
[EXEC] Picking /column2 with top_0
[ERROR] Motion failed (collision or invalid path)
[ERROR] Motion result: collision
[ERROR] Failed to reach target pose for pick action, aborting pick.
[EXEC] Action ActionType.PICK executed in 16.31 seconds
[ERROR] Action ActionType.PICK failed for object /column2
Action failed ! time elapsed: 0.001
[LOG] Transition logged to MongoDB: a639ee11-a4cc-4b99-9ceb-2cc349fbe360 - Episode 0
Step 21
Selected action: Action(ActionType.PICK, obj=/column2, slot=None,grasp=GraspType.TOP_0) with motion param: front_270
here
Action: Action(ActionType.PICK, obj=/column2, slot=None,grasp=GraspType.FRONT_270)
[EXEC] Picking /column2 with front_270
[INFO] Motion completed successfully with result: success,in execution time: 5.20 seconds
[INFO] Target pose attained for pick action, proceeding with grasp.
Tip distance after pick: 0.021306955207242188
[INFO] Pick action completed successfully.in execution time: 5.20 seconds
[EXEC] Action ActionType.PICK executed in 15.93 seconds
[SUCCESS] Action ActionType.PICK succeeded for object /column2
[LOG] Transition logged to MongoDB: a639ee11-a4cc-4b99-9ceb-2cc349fbe360 - Episode 0
Step 22
Selected action: Action(ActionType.PLACE, obj=/column2, slot=/goal_1,grasp=GraspType.FRONT_270) with motion param: front_270
here
Action: Action(ActionType.PLACE, obj=/column2, slot=/goal_1,grasp=GraspType.FRONT_270)
[EXEC] Placing at [-0.2749999999999999, 1.0750000000000006, 0.5] with grasp front_270
[INFO] Motion completed successfully with result: success,in execution time: 7.00 seconds
[INFO] Target pose attained for place action, proceeding with placement.
[INFO] Place action completed successfully.
realigning placed object /column2 to target position
[EXEC] Action ActionType.PLACE executed in 20.09 seconds
[SUCCESS] Action ActionType.PLACE succeeded for object /column2
[LOG] Transition logged to MongoDB: a639ee11-a4cc-4b99-9ceb-2cc349fbe360 - Episode 0
Step 23
Selected action: Action(ActionType.PICK, obj=/column1, slot=None,grasp=GraspType.LEFT_0) with motion param: right_0
here
Action: Action(ActionType.PICK, obj=/column1, slot=None,grasp=GraspType.RIGHT_0)
[EXEC] Picking /column1 with right_0
[ERROR] Motion failed (collision or invalid path)
[ERROR] Motion result: no_ik_solution
[ERROR] Failed to reach target pose for pick action, aborting pick.
[EXEC] Action ActionType.PICK executed in 3.07 seconds
[ERROR] Action ActionType.PICK failed for object /column1
Action failed ! time elapsed: 0.001
[LOG] Transition logged to MongoDB: a639ee11-a4cc-4b99-9ceb-2cc349fbe360 - Episode 0
Step 24
Selected action: Action(ActionType.PICK, obj=/column2, slot=None,grasp=GraspType.FRONT_270) with motion param: top_0
here
Action: Action(ActionType.PICK, obj=/column2, slot=None,grasp=GraspType.TOP_0)
[EXEC] Picking /column2 with top_0
[INFO] Motion completed successfully with result: success,in execution time: 4.64 seconds
[INFO] Target pose attained for pick action, proceeding with grasp.
Tip distance after pick: 0.026128510357086167
[INFO] Pick action completed successfully.in execution time: 4.64 seconds
[EXEC] Action ActionType.PICK executed in 16.06 seconds
[SUCCESS] Action ActionType.PICK succeeded for object /column2
[LOG] Transition logged to MongoDB: a639ee11-a4cc-4b99-9ceb-2cc349fbe360 - Episode 0
Step 25
Selected action: Action(ActionType.PLACE, obj=/column2, slot=/region_0,grasp=GraspType.LEFT_0) with motion param: front_270
here
Action: Action(ActionType.PLACE, obj=/column2, slot=/region_0,grasp=GraspType.FRONT_270)
[EXEC] Placing at [0.35, 0.8, 0.521] with grasp front_270
[ERROR] Motion failed (collision or invalid path)
[ERROR] Motion result: collision
[ERROR] Failed to reach target pose for place action, aborting place.
[EXEC] Action ActionType.PLACE executed in 17.91 seconds
[ERROR] Action ActionType.PLACE failed for object /column2
Action failed ! time elapsed: 0.001
[LOG] Transition logged to MongoDB: a639ee11-a4cc-4b99-9ceb-2cc349fbe360 - Episode 0
Step 26
Selected action: Action(ActionType.PLACE, obj=/column2, slot=/region_2,grasp=GraspType.FRONT_270) with motion param: right_0
here
Action: Action(ActionType.PLACE, obj=/column2, slot=/region_2,grasp=GraspType.RIGHT_0)
[EXEC] Placing at [0.6, 0.80001, 0.5] with grasp right_0
[ERROR] Motion failed (collision or invalid path)
[ERROR] Motion result: no_ik_solution
[ERROR] Failed to reach target pose for place action, aborting place.
[EXEC] Action ActionType.PLACE executed in 3.07 seconds
[ERROR] Action ActionType.PLACE failed for object /column2
Action failed ! time elapsed: 0.001
[LOG] Transition logged to MongoDB: a639ee11-a4cc-4b99-9ceb-2cc349fbe360 - Episode 0
Step 27
Selected action: Action(ActionType.PLACE, obj=/column2, slot=/goal_2,grasp=GraspType.TOP_0) with motion param: top_0
here
Action: Action(ActionType.PLACE, obj=/column2, slot=/goal_2,grasp=GraspType.TOP_0)
[EXEC] Placing at [-0.6000000000000001, 0.8250000000000003, 0.5] with grasp top_0
[ERROR] Motion failed (collision or invalid path)
[ERROR] Motion result: no_ik_solution
[ERROR] Failed to reach target pose for place action, aborting place.
[EXEC] Action ActionType.PLACE executed in 25.96 seconds
[ERROR] Action ActionType.PLACE failed for object /column2
Action failed ! time elapsed: 0.001
[LOG] Transition logged to MongoDB: a639ee11-a4cc-4b99-9ceb-2cc349fbe360 - Episode 0
Step 28
Selected action: Action(ActionType.PLACE, obj=/column2, slot=/region_2,grasp=GraspType.RIGHT_0) with motion param: front_270
here
Action: Action(ActionType.PLACE, obj=/column2, slot=/region_2,grasp=GraspType.FRONT_270)
[EXEC] Placing at [0.6, 0.80001, 0.5] with grasp front_270
[ERROR] Motion failed (collision or invalid path)
[ERROR] Motion result: collision
[ERROR] Failed to reach target pose for place action, aborting place.
[EXEC] Action ActionType.PLACE executed in 20.11 seconds
[ERROR] Action ActionType.PLACE failed for object /column2
Action failed ! time elapsed: 0.001
[LOG] Transition logged to MongoDB: a639ee11-a4cc-4b99-9ceb-2cc349fbe360 - Episode 0
Step 29
Selected action: Action(ActionType.PLACE, obj=/column2, slot=/region_2,grasp=GraspType.FRONT_270) with motion param: top_0
here
Action: Action(ActionType.PLACE, obj=/column2, slot=/region_2,grasp=GraspType.TOP_0)
[EXEC] Placing at [0.6, 0.80001, 0.5] with grasp top_0
[INFO] Motion completed successfully with result: success,in execution time: 5.36 seconds
[INFO] Target pose attained for place action, proceeding with placement.
[INFO] Place action completed successfully.
realigning placed object /column2 to target position
[EXEC] Action ActionType.PLACE executed in 20.24 seconds
[SUCCESS] Action ActionType.PLACE succeeded for object /column2
[LOG] Transition logged to MongoDB: a639ee11-a4cc-4b99-9ceb-2cc349fbe360 - Episode 0
Pilot run finished, resetting scene
Leaving object if held
Pilot run 13
Step 0
Selected action: Action(ActionType.PICK, obj=/column2, slot=None,grasp=GraspType.TOP_0) with motion param: top_0
here
Action: Action(ActionType.PICK, obj=/column2, slot=None,grasp=GraspType.TOP_0)
[EXEC] Picking /column2 with top_0
[INFO] Motion completed successfully with result: success,in execution time: 3.88 seconds
[INFO] Target pose attained for pick action, proceeding with grasp.
Tip distance after pick: 0.02701951824109381
[INFO] Pick action completed successfully.in execution time: 3.88 seconds
[EXEC] Action ActionType.PICK executed in 19.40 seconds
[SUCCESS] Action ActionType.PICK succeeded for object /column2
[LOG] Transition logged to MongoDB: a639ee11-a4cc-4b99-9ceb-2cc349fbe360 - Episode 0
Step 1
Selected action: Action(ActionType.PLACE, obj=/column2, slot=/goal_1,grasp=GraspType.FRONT_270) with motion param: top_0
here
Action: Action(ActionType.PLACE, obj=/column2, slot=/goal_1,grasp=GraspType.TOP_0)
[EXEC] Placing at [-0.2749999999999999, 1.0750000000000006, 0.5] with grasp top_0
[INFO] Motion completed successfully with result: success,in execution time: 9.04 seconds
[INFO] Target pose attained for place action, proceeding with placement.
[INFO] Place action completed successfully.
realigning placed object /column2 to target position
[EXEC] Action ActionType.PLACE executed in 22.37 seconds
[SUCCESS] Action ActionType.PLACE succeeded for object /column2
[LOG] Transition logged to MongoDB: a639ee11-a4cc-4b99-9ceb-2cc349fbe360 - Episode 0
Step 2
Selected action: Action(ActionType.PICK, obj=/column2, slot=None,grasp=GraspType.TOP_0) with motion param: top_0
here
Action: Action(ActionType.PICK, obj=/column2, slot=None,grasp=GraspType.TOP_0)
[EXEC] Picking /column2 with top_0
[INFO] Motion completed successfully with result: success,in execution time: 1.20 seconds
[INFO] Target pose attained for pick action, proceeding with grasp.
Tip distance after pick: 0.028905554337278552
[INFO] Pick action completed successfully.in execution time: 1.20 seconds
[EXEC] Action ActionType.PICK executed in 19.92 seconds
[SUCCESS] Action ActionType.PICK succeeded for object /column2
[LOG] Transition logged to MongoDB: a639ee11-a4cc-4b99-9ceb-2cc349fbe360 - Episode 0
Step 3
Selected action: Action(ActionType.PLACE, obj=/column2, slot=/goal_0,grasp=None) with motion param: front_270
here
Action: Action(ActionType.PLACE, obj=/column2, slot=/goal_0,grasp=GraspType.FRONT_270)
[EXEC] Placing at [-0.27499999999999986, 0.8250000000000005, 0.5] with grasp front_270
[ERROR] Motion failed (collision or invalid path)
[ERROR] Motion result: collision
[ERROR] Failed to reach target pose for place action, aborting place.
[EXEC] Action ActionType.PLACE executed in 14.18 seconds
[ERROR] Action ActionType.PLACE failed for object /column2
Action failed ! time elapsed: 0.001
[LOG] Transition logged to MongoDB: a639ee11-a4cc-4b99-9ceb-2cc349fbe360 - Episode 0
Step 4
Selected action: Action(ActionType.PLACE, obj=/column2, slot=/goal_1,grasp=GraspType.TOP_0) with motion param: top_0
here
Action: Action(ActionType.PLACE, obj=/column2, slot=/goal_1,grasp=GraspType.TOP_0)
[EXEC] Placing at [-0.2749999999999999, 1.0750000000000006, 0.5] with grasp top_0
[INFO] Motion completed successfully with result: success,in execution time: 0.24 seconds
[INFO] Target pose attained for place action, proceeding with placement.
[INFO] Place action completed successfully.
realigning placed object /column2 to target position
[EXEC] Action ActionType.PLACE executed in 15.20 seconds
[SUCCESS] Action ActionType.PLACE succeeded for object /column2
[LOG] Transition logged to MongoDB: a639ee11-a4cc-4b99-9ceb-2cc349fbe360 - Episode 0
Step 5
Selected action: Action(ActionType.PICK, obj=/column1, slot=None,grasp=GraspType.RIGHT_0) with motion param: right_0
here
Action: Action(ActionType.PICK, obj=/column1, slot=None,grasp=GraspType.RIGHT_0)
[EXEC] Picking /column1 with right_0
[INFO] Motion completed successfully with result: success,in execution time: 5.84 seconds
[INFO] Target pose attained for pick action, proceeding with grasp.
Tip distance after pick: 0.019869084494000912
[INFO] Pick action completed successfully.in execution time: 5.84 seconds
[EXEC] Action ActionType.PICK executed in 22.22 seconds
[SUCCESS] Action ActionType.PICK succeeded for object /column1
[LOG] Transition logged to MongoDB: a639ee11-a4cc-4b99-9ceb-2cc349fbe360 - Episode 0
Step 6
Selected action: Action(ActionType.PLACE, obj=/column1, slot=/goal_2,grasp=GraspType.FRONT_270) with motion param: top_0
here
Action: Action(ActionType.PLACE, obj=/column1, slot=/goal_2,grasp=GraspType.TOP_0)
[EXEC] Placing at [-0.6000000000000001, 0.8250000000000003, 0.5] with grasp top_0
[ERROR] Motion failed (collision or invalid path)
[ERROR] Motion result: no_ik_solution
[ERROR] Failed to reach target pose for place action, aborting place.
[EXEC] Action ActionType.PLACE executed in 25.50 seconds
[ERROR] Action ActionType.PLACE failed for object /column1
Action failed ! time elapsed: 0.001
[LOG] Transition logged to MongoDB: a639ee11-a4cc-4b99-9ceb-2cc349fbe360 - Episode 0
Step 7
Selected action: Action(ActionType.PLACE, obj=/column1, slot=/region_2,grasp=GraspType.LEFT_0) with motion param: front_270
here
Action: Action(ActionType.PLACE, obj=/column1, slot=/region_2,grasp=GraspType.FRONT_270)
[EXEC] Placing at [0.6, 0.80001, 0.5] with grasp front_270
[ERROR] Motion failed (collision or invalid path)
[ERROR] Motion result: collision
[ERROR] Failed to reach target pose for place action, aborting place.
[EXEC] Action ActionType.PLACE executed in 15.36 seconds
[ERROR] Action ActionType.PLACE failed for object /column1
Action failed ! time elapsed: 0.001
[LOG] Transition logged to MongoDB: a639ee11-a4cc-4b99-9ceb-2cc349fbe360 - Episode 0
Step 8
Selected action: Action(ActionType.PLACE, obj=/column1, slot=/goal_0,grasp=GraspType.FRONT_270) with motion param: top_0
here
Action: Action(ActionType.PLACE, obj=/column1, slot=/goal_0,grasp=GraspType.TOP_0)
[EXEC] Placing at [-0.27499999999999986, 0.8250000000000005, 0.5] with grasp top_0
[ERROR] Motion failed (collision or invalid path)
[ERROR] Motion result: collision
[ERROR] Failed to reach target pose for place action, aborting place.
[EXEC] Action ActionType.PLACE executed in 20.03 seconds
[ERROR] Action ActionType.PLACE failed for object /column1
Action failed ! time elapsed: 0.001
[LOG] Transition logged to MongoDB: a639ee11-a4cc-4b99-9ceb-2cc349fbe360 - Episode 0
Step 9
Selected action: Action(ActionType.PLACE, obj=/column1, slot=/goal_2,grasp=GraspType.TOP_0) with motion param: left_0
here
Action: Action(ActionType.PLACE, obj=/column1, slot=/goal_2,grasp=GraspType.LEFT_0)
[EXEC] Placing at [-0.6000000000000001, 0.8250000000000003, 0.5] with grasp left_0
[ERROR] Motion failed (collision or invalid path)
[ERROR] Motion result: no_ik_solution
[ERROR] Failed to reach target pose for place action, aborting place.
[EXEC] Action ActionType.PLACE executed in 14.52 seconds
[ERROR] Action ActionType.PLACE failed for object /column1
Action failed ! time elapsed: 0.001
[LOG] Transition logged to MongoDB: a639ee11-a4cc-4b99-9ceb-2cc349fbe360 - Episode 0
Step 10
Selected action: Action(ActionType.PLACE, obj=/column1, slot=/region_2,grasp=GraspType.FRONT_270) with motion param: front_270
here
Action: Action(ActionType.PLACE, obj=/column1, slot=/region_2,grasp=GraspType.FRONT_270)
[EXEC] Placing at [0.6, 0.80001, 0.5] with grasp front_270
[ERROR] Motion failed (collision or invalid path)
[ERROR] Motion result: collision
[ERROR] Failed to reach target pose for place action, aborting place.
[EXEC] Action ActionType.PLACE executed in 15.68 seconds
[ERROR] Action ActionType.PLACE failed for object /column1
Action failed ! time elapsed: 0.001
[LOG] Transition logged to MongoDB: a639ee11-a4cc-4b99-9ceb-2cc349fbe360 - Episode 0
Step 11
Selected action: Action(ActionType.PLACE, obj=/column1, slot=/goal_2,grasp=GraspType.LEFT_0) with motion param: top_0
here
Action: Action(ActionType.PLACE, obj=/column1, slot=/goal_2,grasp=GraspType.TOP_0)
[EXEC] Placing at [-0.6000000000000001, 0.8250000000000003, 0.5] with grasp top_0
[ERROR] Motion failed (collision or invalid path)
[ERROR] Motion result: no_ik_solution
[ERROR] Failed to reach target pose for place action, aborting place.
[EXEC] Action ActionType.PLACE executed in 25.40 seconds
[ERROR] Action ActionType.PLACE failed for object /column1
Action failed ! time elapsed: 0.001
Too many failures, resetting scene
Pilot run finished, resetting scene
Leaving object if held
Pilot run 14
Step 0
Selected action: Action(ActionType.PICK, obj=/column2, slot=None,grasp=GraspType.TOP_0) with motion param: front_270
here
Action: Action(ActionType.PICK, obj=/column2, slot=None,grasp=GraspType.FRONT_270)
[EXEC] Picking /column2 with front_270
[ERROR] Motion failed (collision or invalid path)
[ERROR] Motion result: no_path
[ERROR] Failed to reach target pose for pick action, aborting pick.
[EXEC] Action ActionType.PICK executed in 12.99 seconds
[ERROR] Action ActionType.PICK failed for object /column2
Action failed ! time elapsed: 0.001
[LOG] Transition logged to MongoDB: a639ee11-a4cc-4b99-9ceb-2cc349fbe360 - Episode 0
Step 1
Selected action: Action(ActionType.PICK, obj=/column1, slot=None,grasp=GraspType.RIGHT_0) with motion param: front_270
here
Action: Action(ActionType.PICK, obj=/column1, slot=None,grasp=GraspType.FRONT_270)
[EXEC] Picking /column1 with front_270
[ERROR] Motion failed (collision or invalid path)
[ERROR] Motion result: no_ik_solution
[ERROR] Failed to reach target pose for pick action, aborting pick.
[EXEC] Action ActionType.PICK executed in 20.59 seconds
[ERROR] Action ActionType.PICK failed for object /column1
Action failed ! time elapsed: 0.001
[LOG] Transition logged to MongoDB: a639ee11-a4cc-4b99-9ceb-2cc349fbe360 - Episode 0
Step 2
Selected action: Action(ActionType.PICK, obj=/column2, slot=None,grasp=GraspType.FRONT_270) with motion param: top_0
here
Action: Action(ActionType.PICK, obj=/column2, slot=None,grasp=GraspType.TOP_0)
[EXEC] Picking /column2 with top_0
[INFO] Motion completed successfully with result: success,in execution time: 3.88 seconds
[INFO] Target pose attained for pick action, proceeding with grasp.
Tip distance after pick: 0.027018166934050906
[INFO] Pick action completed successfully.in execution time: 3.88 seconds
[EXEC] Action ActionType.PICK executed in 15.07 seconds
[SUCCESS] Action ActionType.PICK succeeded for object /column2
[LOG] Transition logged to MongoDB: a639ee11-a4cc-4b99-9ceb-2cc349fbe360 - Episode 0
Step 3
Selected action: Action(ActionType.PLACE, obj=/column2, slot=/region_2,grasp=GraspType.TOP_0) with motion param: front_270
here
Action: Action(ActionType.PLACE, obj=/column2, slot=/region_2,grasp=GraspType.FRONT_270)
[EXEC] Placing at [0.6, 0.80001, 0.5] with grasp front_270
[ERROR] Motion failed (collision or invalid path)
[ERROR] Motion result: collision
[ERROR] Failed to reach target pose for place action, aborting place.
[EXEC] Action ActionType.PLACE executed in 12.86 seconds
[ERROR] Action ActionType.PLACE failed for object /column2
Action failed ! time elapsed: 0.001
[LOG] Transition logged to MongoDB: a639ee11-a4cc-4b99-9ceb-2cc349fbe360 - Episode 0
Step 4
Selected action: Action(ActionType.PLACE, obj=/column2, slot=/goal_0,grasp=GraspType.FRONT_270) with motion param: right_0
here
Action: Action(ActionType.PLACE, obj=/column2, slot=/goal_0,grasp=GraspType.RIGHT_0)
[EXEC] Placing at [-0.27499999999999986, 0.8250000000000005, 0.5] with grasp right_0
[INFO] Motion completed successfully with result: success,in execution time: 5.28 seconds
[INFO] Target pose attained for place action, proceeding with placement.
[INFO] Place action completed successfully.
realigning placed object /column2 to target position
[EXEC] Action ActionType.PLACE executed in 20.37 seconds
[SUCCESS] Action ActionType.PLACE succeeded for object /column2
[LOG] Transition logged to MongoDB: a639ee11-a4cc-4b99-9ceb-2cc349fbe360 - Episode 0
Step 5
Selected action: Action(ActionType.PICK, obj=/column0, slot=None,grasp=GraspType.FRONT_270) with motion param: front_270
here
Action: Action(ActionType.PICK, obj=/column0, slot=None,grasp=GraspType.FRONT_270)
[EXEC] Picking /column0 with front_270
[INFO] Motion completed successfully with result: success,in execution time: 12.88 seconds
[INFO] Target pose attained for pick action, proceeding with grasp.
Tip distance after pick: 0.02129516500640083
[INFO] Pick action completed successfully.in execution time: 12.88 seconds
[EXEC] Action ActionType.PICK executed in 27.67 seconds
[SUCCESS] Action ActionType.PICK succeeded for object /column0
[LOG] Transition logged to MongoDB: a639ee11-a4cc-4b99-9ceb-2cc349fbe360 - Episode 0
Step 6
Selected action: Action(ActionType.PLACE, obj=/column0, slot=/region_0,grasp=GraspType.RIGHT_0) with motion param: top_0
here
Action: Action(ActionType.PLACE, obj=/column0, slot=/region_0,grasp=GraspType.TOP_0)
[EXEC] Placing at [0.35, 0.8, 0.521] with grasp top_0
[ERROR] Motion failed (collision or invalid path)
[ERROR] Motion result: collision
[ERROR] Failed to reach target pose for place action, aborting place.
[EXEC] Action ActionType.PLACE executed in 16.63 seconds
[ERROR] Action ActionType.PLACE failed for object /column0
Action failed ! time elapsed: 0.001
[LOG] Transition logged to MongoDB: a639ee11-a4cc-4b99-9ceb-2cc349fbe360 - Episode 0
Step 7
Selected action: Action(ActionType.PLACE, obj=/column0, slot=/goal_1,grasp=GraspType.TOP_0) with motion param: front_270
here
Action: Action(ActionType.PLACE, obj=/column0, slot=/goal_1,grasp=GraspType.FRONT_270)
[EXEC] Placing at [-0.2749999999999999, 1.0750000000000006, 0.5] with grasp front_270
[ERROR] Motion failed (collision or invalid path)
[ERROR] Motion result: collision
[ERROR] Failed to reach target pose for place action, aborting place.
[EXEC] Action ActionType.PLACE executed in 27.89 seconds
[ERROR] Action ActionType.PLACE failed for object /column0
Action failed ! time elapsed: 0.001
[LOG] Transition logged to MongoDB: a639ee11-a4cc-4b99-9ceb-2cc349fbe360 - Episode 0
Step 8
Selected action: Action(ActionType.PLACE, obj=/column0, slot=/region_2,grasp=GraspType.LEFT_0) with motion param: right_0
here
Action: Action(ActionType.PLACE, obj=/column0, slot=/region_2,grasp=GraspType.RIGHT_0)
[EXEC] Placing at [0.6, 0.80001, 0.5] with grasp right_0
[ERROR] Motion failed (collision or invalid path)
[ERROR] Motion result: no_ik_solution
[ERROR] Failed to reach target pose for place action, aborting place.
[EXEC] Action ActionType.PLACE executed in 3.09 seconds
[ERROR] Action ActionType.PLACE failed for object /column0
Action failed ! time elapsed: 0.001
[LOG] Transition logged to MongoDB: a639ee11-a4cc-4b99-9ceb-2cc349fbe360 - Episode 0
Step 9
Selected action: Action(ActionType.PLACE, obj=/column0, slot=/goal_1,grasp=GraspType.FRONT_270) with motion param: left_0
here
Action: Action(ActionType.PLACE, obj=/column0, slot=/goal_1,grasp=GraspType.LEFT_0)
[EXEC] Placing at [-0.2749999999999999, 1.0750000000000006, 0.5] with grasp left_0
[ERROR] Motion failed (collision or invalid path)
[ERROR] Motion result: no_ik_solution
[ERROR] Failed to reach target pose for place action, aborting place.
[EXEC] Action ActionType.PLACE executed in 84.76 seconds
[ERROR] Action ActionType.PLACE failed for object /column0
Action failed ! time elapsed: 0.001
[LOG] Transition logged to MongoDB: a639ee11-a4cc-4b99-9ceb-2cc349fbe360 - Episode 0
Step 10
Selected action: Action(ActionType.PLACE, obj=/column0, slot=/region_0,grasp=GraspType.TOP_0) with motion param: front_270
here
Action: Action(ActionType.PLACE, obj=/column0, slot=/region_0,grasp=GraspType.FRONT_270)
[EXEC] Placing at [0.35, 0.8, 0.521] with grasp front_270
[INFO] Motion completed successfully with result: success,in execution time: 0.72 seconds
[INFO] Target pose attained for place action, proceeding with placement.
[INFO] Place action completed successfully.
realigning placed object /column0 to target position
[EXEC] Action ActionType.PLACE executed in 16.56 seconds
[SUCCESS] Action ActionType.PLACE succeeded for object /column0
[LOG] Transition logged to MongoDB: a639ee11-a4cc-4b99-9ceb-2cc349fbe360 - Episode 0
Step 11
Selected action: Action(ActionType.PICK, obj=/column0, slot=None,grasp=GraspType.FRONT_270) with motion param: front_270
here
Action: Action(ActionType.PICK, obj=/column0, slot=None,grasp=GraspType.FRONT_270)
[EXEC] Picking /column0 with front_270
[INFO] Motion completed successfully with result: success,in execution time: 1.64 seconds
[INFO] Target pose attained for pick action, proceeding with grasp.
Tip distance after pick: 0.022221707202155928
[INFO] Pick action completed successfully.in execution time: 1.64 seconds
[EXEC] Action ActionType.PICK executed in 17.58 seconds
[SUCCESS] Action ActionType.PICK succeeded for object /column0
[LOG] Transition logged to MongoDB: a639ee11-a4cc-4b99-9ceb-2cc349fbe360 - Episode 0
Step 12
Selected action: Action(ActionType.PLACE, obj=/column0, slot=/goal_1,grasp=GraspType.LEFT_0) with motion param: top_0
here
Action: Action(ActionType.PLACE, obj=/column0, slot=/goal_1,grasp=GraspType.TOP_0)
[EXEC] Placing at [-0.2749999999999999, 1.0750000000000006, 0.5] with grasp top_0
[INFO] Motion completed successfully with result: success,in execution time: 4.56 seconds
[INFO] Target pose attained for place action, proceeding with placement.
[INFO] Place action completed successfully.
realigning placed object /column0 to target position
[EXEC] Action ActionType.PLACE executed in 16.07 seconds
[SUCCESS] Action ActionType.PLACE succeeded for object /column0
[LOG] Transition logged to MongoDB: a639ee11-a4cc-4b99-9ceb-2cc349fbe360 - Episode 0
Step 13
Selected action: Action(ActionType.PICK, obj=/column0, slot=None,grasp=GraspType.FRONT_270) with motion param: right_0
here
Action: Action(ActionType.PICK, obj=/column0, slot=None,grasp=GraspType.RIGHT_0)
[EXEC] Picking /column0 with right_0
[ERROR] Motion failed (collision or invalid path)
[ERROR] Motion result: no_ik_solution
[ERROR] Failed to reach target pose for pick action, aborting pick.
[EXEC] Action ActionType.PICK executed in 17.78 seconds
[ERROR] Action ActionType.PICK failed for object /column0
Action failed ! time elapsed: 0.001
[LOG] Transition logged to MongoDB: a639ee11-a4cc-4b99-9ceb-2cc349fbe360 - Episode 0
Step 14
Selected action: Action(ActionType.PICK, obj=/column1, slot=None,grasp=GraspType.FRONT_270) with motion param: front_270
here
Action: Action(ActionType.PICK, obj=/column1, slot=None,grasp=GraspType.FRONT_270)
[EXEC] Picking /column1 with front_270
[INFO] Motion completed successfully with result: success,in execution time: 9.88 seconds
[INFO] Target pose attained for pick action, proceeding with grasp.
Tip distance after pick: 0.01927372173444036
[INFO] Pick action completed successfully.in execution time: 9.88 seconds
[EXEC] Action ActionType.PICK executed in 27.15 seconds
[SUCCESS] Action ActionType.PICK succeeded for object /column1
[LOG] Transition logged to MongoDB: a639ee11-a4cc-4b99-9ceb-2cc349fbe360 - Episode 0
Step 15
Selected action: Action(ActionType.PLACE, obj=/column1, slot=/region_0,grasp=GraspType.RIGHT_0) with motion param: right_0
here
Action: Action(ActionType.PLACE, obj=/column1, slot=/region_0,grasp=GraspType.RIGHT_0)
[EXEC] Placing at [0.35, 0.8, 0.521] with grasp right_0
[INFO] Motion completed successfully with result: success,in execution time: 3.04 seconds
[INFO] Target pose attained for place action, proceeding with placement.
[INFO] Place action completed successfully.
realigning placed object /column1 to target position
[EXEC] Action ActionType.PLACE executed in 21.38 seconds
[SUCCESS] Action ActionType.PLACE succeeded for object /column1
[LOG] Transition logged to MongoDB: a639ee11-a4cc-4b99-9ceb-2cc349fbe360 - Episode 0
Step 16
Selected action: Action(ActionType.PICK, obj=/column1, slot=None,grasp=GraspType.FRONT_270) with motion param: front_270
here
Action: Action(ActionType.PICK, obj=/column1, slot=None,grasp=GraspType.FRONT_270)
[EXEC] Picking /column1 with front_270
[INFO] Motion completed successfully with result: success,in execution time: 7.04 seconds
[INFO] Target pose attained for pick action, proceeding with grasp.
Tip distance after pick: 0.021748402903478122
[INFO] Pick action completed successfully.in execution time: 7.04 seconds
[EXEC] Action ActionType.PICK executed in 24.03 seconds
[SUCCESS] Action ActionType.PICK succeeded for object /column1
[LOG] Transition logged to MongoDB: a639ee11-a4cc-4b99-9ceb-2cc349fbe360 - Episode 0
Step 17
Selected action: Action(ActionType.PLACE, obj=/column1, slot=/goal_2,grasp=GraspType.TOP_0) with motion param: top_0
here
Action: Action(ActionType.PLACE, obj=/column1, slot=/goal_2,grasp=GraspType.TOP_0)
[EXEC] Placing at [-0.6000000000000001, 0.8250000000000003, 0.5] with grasp top_0
[ERROR] Motion failed (collision or invalid path)
[ERROR] Motion result: no_ik_solution
[ERROR] Failed to reach target pose for place action, aborting place.
[EXEC] Action ActionType.PLACE executed in 25.96 seconds
[ERROR] Action ActionType.PLACE failed for object /column1
Action failed ! time elapsed: 0.001
[LOG] Transition logged to MongoDB: a639ee11-a4cc-4b99-9ceb-2cc349fbe360 - Episode 0
Step 18
Selected action: Action(ActionType.PLACE, obj=/column1, slot=/goal_2,grasp=GraspType.TOP_0) with motion param: top_0
here
Action: Action(ActionType.PLACE, obj=/column1, slot=/goal_2,grasp=GraspType.TOP_0)
[EXEC] Placing at [-0.6000000000000001, 0.8250000000000003, 0.5] with grasp top_0
[ERROR] Motion failed (collision or invalid path)
[ERROR] Motion result: no_ik_solution
[ERROR] Failed to reach target pose for place action, aborting place.
[EXEC] Action ActionType.PLACE executed in 26.17 seconds
[ERROR] Action ActionType.PLACE failed for object /column1
Action failed ! time elapsed: 0.001
[LOG] Transition logged to MongoDB: a639ee11-a4cc-4b99-9ceb-2cc349fbe360 - Episode 0
Step 19
Selected action: Action(ActionType.PLACE, obj=/column1, slot=/region_2,grasp=GraspType.FRONT_270) with motion param: right_0
here
Action: Action(ActionType.PLACE, obj=/column1, slot=/region_2,grasp=GraspType.RIGHT_0)
[EXEC] Placing at [0.6, 0.80001, 0.5] with grasp right_0
[ERROR] Motion failed (collision or invalid path)
[ERROR] Motion result: no_ik_solution
[ERROR] Failed to reach target pose for place action, aborting place.
[EXEC] Action ActionType.PLACE executed in 3.08 seconds
[ERROR] Action ActionType.PLACE failed for object /column1
Action failed ! time elapsed: 0.001
[LOG] Transition logged to MongoDB: a639ee11-a4cc-4b99-9ceb-2cc349fbe360 - Episode 0
Step 20
Selected action: Action(ActionType.PLACE, obj=/column1, slot=/region_1,grasp=GraspType.RIGHT_0) with motion param: top_0
here
Action: Action(ActionType.PLACE, obj=/column1, slot=/region_1,grasp=GraspType.TOP_0)
[EXEC] Placing at [0.6, 1.075, 0.5] with grasp top_0
[ERROR] Motion failed (collision or invalid path)
[ERROR] Motion result: no_ik_solution
[ERROR] Failed to reach target pose for place action, aborting place.
[EXEC] Action ActionType.PLACE executed in 6.19 seconds
[ERROR] Action ActionType.PLACE failed for object /column1
Action failed ! time elapsed: 0.001
[LOG] Transition logged to MongoDB: a639ee11-a4cc-4b99-9ceb-2cc349fbe360 - Episode 0
Step 21
Selected action: Action(ActionType.PLACE, obj=/column1, slot=/region_2,grasp=GraspType.RIGHT_0) with motion param: front_270
here
Action: Action(ActionType.PLACE, obj=/column1, slot=/region_2,grasp=GraspType.FRONT_270)
[EXEC] Placing at [0.6, 0.80001, 0.5] with grasp front_270
[INFO] Motion completed successfully with result: success,in execution time: 1.60 seconds
[INFO] Target pose attained for place action, proceeding with placement.
[INFO] Place action completed successfully.
realigning placed object /column1 to target position
[EXEC] Action ActionType.PLACE executed in 24.66 seconds
[SUCCESS] Action ActionType.PLACE succeeded for object /column1
[LOG] Transition logged to MongoDB: a639ee11-a4cc-4b99-9ceb-2cc349fbe360 - Episode 0
Step 22
Selected action: Action(ActionType.PICK, obj=/column0, slot=None,grasp=GraspType.RIGHT_0) with motion param: right_0
here
Action: Action(ActionType.PICK, obj=/column0, slot=None,grasp=GraspType.RIGHT_0)
[EXEC] Picking /column0 with right_0
[ERROR] Motion failed (collision or invalid path)
[ERROR] Motion result: no_ik_solution
[ERROR] Failed to reach target pose for pick action, aborting pick.
[EXEC] Action ActionType.PICK executed in 16.69 seconds
[ERROR] Action ActionType.PICK failed for object /column0
Action failed ! time elapsed: 0.001
[LOG] Transition logged to MongoDB: a639ee11-a4cc-4b99-9ceb-2cc349fbe360 - Episode 0
Step 23
Selected action: Action(ActionType.PICK, obj=/column2, slot=None,grasp=GraspType.TOP_0) with motion param: top_0
here
Action: Action(ActionType.PICK, obj=/column2, slot=None,grasp=GraspType.TOP_0)
[EXEC] Picking /column2 with top_0
[INFO] Motion completed successfully with result: success,in execution time: 4.00 seconds
[INFO] Target pose attained for pick action, proceeding with grasp.
Tip distance after pick: 0.027677227240170164
[INFO] Pick action completed successfully.in execution time: 4.00 seconds
[EXEC] Action ActionType.PICK executed in 20.26 seconds
[SUCCESS] Action ActionType.PICK succeeded for object /column2
[LOG] Transition logged to MongoDB: a639ee11-a4cc-4b99-9ceb-2cc349fbe360 - Episode 0
Step 24
Selected action: Action(ActionType.PLACE, obj=/column2, slot=/goal_0,grasp=GraspType.RIGHT_0) with motion param: front_270
here
Action: Action(ActionType.PLACE, obj=/column2, slot=/goal_0,grasp=GraspType.FRONT_270)
[EXEC] Placing at [-0.27499999999999986, 0.8250000000000005, 0.5] with grasp front_270
[ERROR] Motion failed (collision or invalid path)
[ERROR] Motion result: collision
[ERROR] Failed to reach target pose for place action, aborting place.
[EXEC] Action ActionType.PLACE executed in 15.98 seconds
[ERROR] Action ActionType.PLACE failed for object /column2
Action failed ! time elapsed: 0.001
[LOG] Transition logged to MongoDB: a639ee11-a4cc-4b99-9ceb-2cc349fbe360 - Episode 0
Step 25
Selected action: Action(ActionType.PLACE, obj=/column2, slot=/goal_2,grasp=GraspType.TOP_0) with motion param: right_0
here
Action: Action(ActionType.PLACE, obj=/column2, slot=/goal_2,grasp=GraspType.RIGHT_0)
[EXEC] Placing at [-0.6000000000000001, 0.8250000000000003, 0.5] with grasp right_0
[INFO] Motion completed successfully with result: success,in execution time: 3.60 seconds
[INFO] Target pose attained for place action, proceeding with placement.
[INFO] Place action completed successfully.
realigning placed object /column2 to target position
[EXEC] Action ActionType.PLACE executed in 16.73 seconds
[SUCCESS] Action ActionType.PLACE succeeded for object /column2
[LOG] Transition logged to MongoDB: a639ee11-a4cc-4b99-9ceb-2cc349fbe360 - Episode 0
Step 26
Selected action: Action(ActionType.PICK, obj=/column1, slot=None,grasp=GraspType.FRONT_270) with motion param: front_270
here
Action: Action(ActionType.PICK, obj=/column1, slot=None,grasp=GraspType.FRONT_270)
[EXEC] Picking /column1 with front_270
[INFO] Motion completed successfully with result: success,in execution time: 10.08 seconds
[INFO] Target pose attained for pick action, proceeding with grasp.
Tip distance after pick: 0.02115755205445403
[INFO] Pick action completed successfully.in execution time: 10.08 seconds
[EXEC] Action ActionType.PICK executed in 23.39 seconds
[SUCCESS] Action ActionType.PICK succeeded for object /column1
[LOG] Transition logged to MongoDB: a639ee11-a4cc-4b99-9ceb-2cc349fbe360 - Episode 0
Step 27
Selected action: Action(ActionType.PLACE, obj=/column1, slot=/goal_0,grasp=GraspType.TOP_0) with motion param: front_270
here
Action: Action(ActionType.PLACE, obj=/column1, slot=/goal_0,grasp=GraspType.FRONT_270)
[EXEC] Placing at [-0.27499999999999986, 0.8250000000000005, 0.5] with grasp front_270
[INFO] Motion completed successfully with result: success,in execution time: 14.48 seconds
[INFO] Target pose attained for place action, proceeding with placement.
[INFO] Place action completed successfully.
realigning placed object /column1 to target position
[EXEC] Action ActionType.PLACE executed in 46.52 seconds
[SUCCESS] Action ActionType.PLACE succeeded for object /column1
[LOG] Transition logged to MongoDB: a639ee11-a4cc-4b99-9ceb-2cc349fbe360 - Episode 0
[LOG] Saving episode 0 to episode_00000_a639ee11-a4cc-4b99-9ceb-2cc349fbe360.yaml
[LOG] Episode saved: rl/dataset/episode_00000_a639ee11-a4cc-4b99-9ceb-2cc349fbe360.yaml
[LOG] Episode reset
Step 28
Selected action: Action(ActionType.PICK, obj=/column1, slot=None,grasp=GraspType.FRONT_270) with motion param: top_0
here
Action: Action(ActionType.PICK, obj=/column1, slot=None,grasp=GraspType.TOP_0)
[EXEC] Picking /column1 with top_0
[INFO] Motion completed successfully with result: success,in execution time: 3.36 seconds
[INFO] Target pose attained for pick action, proceeding with grasp.
Tip distance after pick: 0.026727043502643093
[INFO] Pick action completed successfully.in execution time: 3.36 seconds
[EXEC] Action ActionType.PICK executed in 27.13 seconds
[SUCCESS] Action ActionType.PICK succeeded for object /column1
[LOG] Transition logged to MongoDB: a639ee11-a4cc-4b99-9ceb-2cc349fbe360 - Episode 1
[LOG] Saving episode 1 to episode_00001_a639ee11-a4cc-4b99-9ceb-2cc349fbe360.yaml
[LOG] Episode saved: rl/dataset/episode_00001_a639ee11-a4cc-4b99-9ceb-2cc349fbe360.yaml
[LOG] Episode reset
Step 29
Selected action: Action(ActionType.PLACE, obj=/column1, slot=/goal_0,grasp=GraspType.FRONT_270) with motion param: top_0
here
Action: Action(ActionType.PLACE, obj=/column1, slot=/goal_0,grasp=GraspType.TOP_0)
[EXEC] Placing at [-0.27499999999999986, 0.8250000000000005, 0.5] with grasp top_0
[INFO] Motion completed successfully with result: success,in execution time: 0.36 seconds
[INFO] Target pose attained for place action, proceeding with placement.
[INFO] Place action completed successfully.
realigning placed object /column1 to target position
[EXEC] Action ActionType.PLACE executed in 26.44 seconds
[SUCCESS] Action ActionType.PLACE succeeded for object /column1
[LOG] Transition logged to MongoDB: a639ee11-a4cc-4b99-9ceb-2cc349fbe360 - Episode 2
[LOG] Saving episode 2 to episode_00002_a639ee11-a4cc-4b99-9ceb-2cc349fbe360.yaml
[LOG] Episode saved: rl/dataset/episode_00002_a639ee11-a4cc-4b99-9ceb-2cc349fbe360.yaml
[LOG] Episode reset
Pilot run finished, resetting scene
Leaving object if held
Pilot run 15
Step 0
Selected action: Action(ActionType.PICK, obj=/column0, slot=None,grasp=GraspType.RIGHT_0) with motion param: right_0
here
Action: Action(ActionType.PICK, obj=/column0, slot=None,grasp=GraspType.RIGHT_0)
[EXEC] Picking /column0 with right_0
[ERROR] Motion failed (collision or invalid path)
[ERROR] Motion result: no_ik_solution
[ERROR] Failed to reach target pose for pick action, aborting pick.
[EXEC] Action ActionType.PICK executed in 3.07 seconds
[ERROR] Action ActionType.PICK failed for object /column0
Action failed ! time elapsed: 0.001
[LOG] Transition logged to MongoDB: a639ee11-a4cc-4b99-9ceb-2cc349fbe360 - Episode 3
Step 1
Selected action: Action(ActionType.PICK, obj=/column1, slot=None,grasp=GraspType.TOP_0) with motion param: left_0
here
Action: Action(ActionType.PICK, obj=/column1, slot=None,grasp=GraspType.LEFT_0)
[EXEC] Picking /column1 with left_0
[INFO] Motion completed successfully with result: success,in execution time: 3.92 seconds
[INFO] Target pose attained for pick action, proceeding with grasp.
Tip distance after pick: 0.021710519531856858
[INFO] Pick action completed successfully.in execution time: 3.92 seconds
[EXEC] Action ActionType.PICK executed in 20.76 seconds
[SUCCESS] Action ActionType.PICK succeeded for object /column1
[LOG] Transition logged to MongoDB: a639ee11-a4cc-4b99-9ceb-2cc349fbe360 - Episode 3
Step 2
Selected action: Action(ActionType.PLACE, obj=/column1, slot=/goal_2,grasp=GraspType.TOP_0) with motion param: top_0
here
Action: Action(ActionType.PLACE, obj=/column1, slot=/goal_2,grasp=GraspType.TOP_0)
[EXEC] Placing at [-0.6000000000000001, 0.8250000000000003, 0.5] with grasp top_0
[ERROR] Motion failed (collision or invalid path)
[ERROR] Motion result: no_ik_solution
[ERROR] Failed to reach target pose for place action, aborting place.
[EXEC] Action ActionType.PLACE executed in 27.39 seconds
[ERROR] Action ActionType.PLACE failed for object /column1
Action failed ! time elapsed: 0.001
[LOG] Transition logged to MongoDB: a639ee11-a4cc-4b99-9ceb-2cc349fbe360 - Episode 3
Step 3
Selected action: Action(ActionType.PLACE, obj=/column1, slot=/goal_1,grasp=GraspType.RIGHT_0) with motion param: top_0
here
Action: Action(ActionType.PLACE, obj=/column1, slot=/goal_1,grasp=GraspType.TOP_0)
[EXEC] Placing at [-0.2749999999999999, 1.0750000000000006, 0.5] with grasp top_0
[ERROR] Motion failed (collision or invalid path)
[ERROR] Motion result: collision
[ERROR] Failed to reach target pose for place action, aborting place.
[EXEC] Action ActionType.PLACE executed in 12.40 seconds
[ERROR] Action ActionType.PLACE failed for object /column1
Action failed ! time elapsed: 0.001
[LOG] Transition logged to MongoDB: a639ee11-a4cc-4b99-9ceb-2cc349fbe360 - Episode 3
Step 4
Selected action: Action(ActionType.PLACE, obj=/column1, slot=/region_0,grasp=GraspType.RIGHT_0) with motion param: right_0
here
Action: Action(ActionType.PLACE, obj=/column1, slot=/region_0,grasp=GraspType.RIGHT_0)
[EXEC] Placing at [0.35, 0.8, 0.521] with grasp right_0
[INFO] Motion completed successfully with result: success,in execution time: 5.24 seconds
[INFO] Target pose attained for place action, proceeding with placement.
[INFO] Place action completed successfully.
realigning placed object /column1 to target position
[EXEC] Action ActionType.PLACE executed in 24.70 seconds
[SUCCESS] Action ActionType.PLACE succeeded for object /column1
[LOG] Transition logged to MongoDB: a639ee11-a4cc-4b99-9ceb-2cc349fbe360 - Episode 3
Step 5
Selected action: Action(ActionType.PICK, obj=/column2, slot=None,grasp=GraspType.TOP_0) with motion param: left_0
here
Action: Action(ActionType.PICK, obj=/column2, slot=None,grasp=GraspType.LEFT_0)
[EXEC] Picking /column2 with left_0
[ERROR] Motion failed (collision or invalid path)
[ERROR] Motion result: no_ik_solution
[ERROR] Failed to reach target pose for pick action, aborting pick.
[EXEC] Action ActionType.PICK executed in 18.46 seconds
[ERROR] Action ActionType.PICK failed for object /column2
Action failed ! time elapsed: 0.001
[LOG] Transition logged to MongoDB: a639ee11-a4cc-4b99-9ceb-2cc349fbe360 - Episode 3
Step 6
Selected action: Action(ActionType.PICK, obj=/column0, slot=None,grasp=GraspType.RIGHT_0) with motion param: right_0
here
Action: Action(ActionType.PICK, obj=/column0, slot=None,grasp=GraspType.RIGHT_0)
[EXEC] Picking /column0 with right_0
[ERROR] Motion failed (collision or invalid path)
[ERROR] Motion result: no_ik_solution
[ERROR] Failed to reach target pose for pick action, aborting pick.
[EXEC] Action ActionType.PICK executed in 3.09 seconds
[ERROR] Action ActionType.PICK failed for object /column0
Action failed ! time elapsed: 0.001
[LOG] Transition logged to MongoDB: a639ee11-a4cc-4b99-9ceb-2cc349fbe360 - Episode 3
Step 7
Selected action: Action(ActionType.PICK, obj=/column2, slot=None,grasp=GraspType.LEFT_0) with motion param: left_0
here
Action: Action(ActionType.PICK, obj=/column2, slot=None,grasp=GraspType.LEFT_0)
[EXEC] Picking /column2 with left_0
[ERROR] Motion failed (collision or invalid path)
[ERROR] Motion result: no_ik_solution
[ERROR] Failed to reach target pose for pick action, aborting pick.
[EXEC] Action ActionType.PICK executed in 17.37 seconds
[ERROR] Action ActionType.PICK failed for object /column2
Action failed ! time elapsed: 0.001
[LOG] Transition logged to MongoDB: a639ee11-a4cc-4b99-9ceb-2cc349fbe360 - Episode 3
Step 8
Selected action: Action(ActionType.PICK, obj=/column0, slot=None,grasp=GraspType.RIGHT_0) with motion param: front_270
here
Action: Action(ActionType.PICK, obj=/column0, slot=None,grasp=GraspType.FRONT_270)
[EXEC] Picking /column0 with front_270
[ERROR] Motion failed (collision or invalid path)
[ERROR] Motion result: no_ik_solution
[ERROR] Failed to reach target pose for pick action, aborting pick.
[EXEC] Action ActionType.PICK executed in 20.58 seconds
[ERROR] Action ActionType.PICK failed for object /column0
Action failed ! time elapsed: 0.001
[LOG] Transition logged to MongoDB: a639ee11-a4cc-4b99-9ceb-2cc349fbe360 - Episode 3
Step 9
Selected action: Action(ActionType.PICK, obj=/column0, slot=None,grasp=GraspType.FRONT_270) with motion param: left_0
here
Action: Action(ActionType.PICK, obj=/column0, slot=None,grasp=GraspType.LEFT_0)
[EXEC] Picking /column0 with left_0
[ERROR] Motion failed (collision or invalid path)
[ERROR] Motion result: no_ik_solution
[ERROR] Failed to reach target pose for pick action, aborting pick.
[EXEC] Action ActionType.PICK executed in 9.52 seconds
[ERROR] Action ActionType.PICK failed for object /column0
Action failed ! time elapsed: 0.001
[LOG] Transition logged to MongoDB: a639ee11-a4cc-4b99-9ceb-2cc349fbe360 - Episode 3
Step 10
Selected action: Action(ActionType.PICK, obj=/column0, slot=None,grasp=GraspType.LEFT_0) with motion param: front_270
here
Action: Action(ActionType.PICK, obj=/column0, slot=None,grasp=GraspType.FRONT_270)
[EXEC] Picking /column0 with front_270
[ERROR] Motion failed (collision or invalid path)
[ERROR] Motion result: no_ik_solution
[ERROR] Failed to reach target pose for pick action, aborting pick.
[EXEC] Action ActionType.PICK executed in 22.62 seconds
[ERROR] Action ActionType.PICK failed for object /column0
Action failed ! time elapsed: 0.001
Too many failures, resetting scene
Pilot run finished, resetting scene
Leaving object if held
Pilot run 16
Step 0
Selected action: Action(ActionType.PICK, obj=/column0, slot=None,grasp=GraspType.FRONT_270) with motion param: right_0
here
Action: Action(ActionType.PICK, obj=/column0, slot=None,grasp=GraspType.RIGHT_0)
[EXEC] Picking /column0 with right_0
[ERROR] Motion failed (collision or invalid path)
[ERROR] Motion result: no_ik_solution
[ERROR] Failed to reach target pose for pick action, aborting pick.
[EXEC] Action ActionType.PICK executed in 41.03 seconds
[ERROR] Action ActionType.PICK failed for object /column0
Action failed ! time elapsed: 0.001
[LOG] Transition logged to MongoDB: a639ee11-a4cc-4b99-9ceb-2cc349fbe360 - Episode 3
Step 1
Selected action: Action(ActionType.PICK, obj=/column0, slot=None,grasp=GraspType.RIGHT_0) with motion param: right_0
here
Action: Action(ActionType.PICK, obj=/column0, slot=None,grasp=GraspType.RIGHT_0)
[EXEC] Picking /column0 with right_0
[ERROR] Motion failed (collision or invalid path)
[ERROR] Motion result: no_ik_solution
[ERROR] Failed to reach target pose for pick action, aborting pick.
[EXEC] Action ActionType.PICK executed in 44.69 seconds
[ERROR] Action ActionType.PICK failed for object /column0
Action failed ! time elapsed: 0.001
[LOG] Transition logged to MongoDB: a639ee11-a4cc-4b99-9ceb-2cc349fbe360 - Episode 3
Step 2
Selected action: Action(ActionType.PICK, obj=/column0, slot=None,grasp=GraspType.RIGHT_0) with motion param: left_0
here
Action: Action(ActionType.PICK, obj=/column0, slot=None,grasp=GraspType.LEFT_0)
[EXEC] Picking /column0 with left_0
[INFO] Motion completed successfully with result: success,in execution time: 4.00 seconds
[INFO] Target pose attained for pick action, proceeding with grasp.
Tip distance after pick: 0.02111643864045182
[INFO] Pick action completed successfully.in execution time: 4.00 seconds
[EXEC] Action ActionType.PICK executed in 19.88 seconds
[SUCCESS] Action ActionType.PICK succeeded for object /column0
[LOG] Transition logged to MongoDB: a639ee11-a4cc-4b99-9ceb-2cc349fbe360 - Episode 3
Step 3
Selected action: Action(ActionType.PLACE, obj=/column0, slot=/goal_1,grasp=GraspType.TOP_0) with motion param: right_0
here
Action: Action(ActionType.PLACE, obj=/column0, slot=/goal_1,grasp=GraspType.RIGHT_0)
[EXEC] Placing at [-0.2749999999999999, 1.0750000000000006, 0.5] with grasp right_0
[INFO] Motion completed successfully with result: success,in execution time: 5.28 seconds
[INFO] Target pose attained for place action, proceeding with placement.
[INFO] Place action completed successfully.
realigning placed object /column0 to target position
[EXEC] Action ActionType.PLACE executed in 30.17 seconds
[SUCCESS] Action ActionType.PLACE succeeded for object /column0
[LOG] Transition logged to MongoDB: a639ee11-a4cc-4b99-9ceb-2cc349fbe360 - Episode 3
Step 4
Selected action: Action(ActionType.PICK, obj=/column2, slot=None,grasp=GraspType.LEFT_0) with motion param: right_0
here
Action: Action(ActionType.PICK, obj=/column2, slot=None,grasp=GraspType.RIGHT_0)
[EXEC] Picking /column2 with right_0
[ERROR] Motion failed (collision or invalid path)
[ERROR] Motion result: no_ik_solution
[ERROR] Failed to reach target pose for pick action, aborting pick.
[EXEC] Action ActionType.PICK executed in 3.10 seconds
[ERROR] Action ActionType.PICK failed for object /column2
Action failed ! time elapsed: 0.001
[LOG] Transition logged to MongoDB: a639ee11-a4cc-4b99-9ceb-2cc349fbe360 - Episode 3
Step 5
Selected action: Action(ActionType.PICK, obj=/column1, slot=None,grasp=GraspType.LEFT_0) with motion param: left_0
here
Action: Action(ActionType.PICK, obj=/column1, slot=None,grasp=GraspType.LEFT_0)
[EXEC] Picking /column1 with left_0
[ERROR] Motion failed (collision or invalid path)
[ERROR] Motion result: no_ik_solution
[ERROR] Failed to reach target pose for pick action, aborting pick.
[EXEC] Action ActionType.PICK executed in 9.10 seconds
[ERROR] Action ActionType.PICK failed for object /column1
Action failed ! time elapsed: 0.001
[LOG] Transition logged to MongoDB: a639ee11-a4cc-4b99-9ceb-2cc349fbe360 - Episode 3
Step 6
Selected action: Action(ActionType.PICK, obj=/column1, slot=None,grasp=GraspType.LEFT_0) with motion param: front_270
here
Action: Action(ActionType.PICK, obj=/column1, slot=None,grasp=GraspType.FRONT_270)
[EXEC] Picking /column1 with front_270
[ERROR] Motion failed (collision or invalid path)
[ERROR] Motion result: no_ik_solution
[ERROR] Failed to reach target pose for pick action, aborting pick.
[EXEC] Action ActionType.PICK executed in 22.06 seconds
[ERROR] Action ActionType.PICK failed for object /column1
Action failed ! time elapsed: 0.001
[LOG] Transition logged to MongoDB: a639ee11-a4cc-4b99-9ceb-2cc349fbe360 - Episode 3
Step 7
Selected action: Action(ActionType.PICK, obj=/column2, slot=None,grasp=GraspType.RIGHT_0) with motion param: right_0
here
Action: Action(ActionType.PICK, obj=/column2, slot=None,grasp=GraspType.RIGHT_0)
[EXEC] Picking /column2 with right_0
[ERROR] Motion failed (collision or invalid path)
[ERROR] Motion result: no_ik_solution
[ERROR] Failed to reach target pose for pick action, aborting pick.
[EXEC] Action ActionType.PICK executed in 3.08 seconds
[ERROR] Action ActionType.PICK failed for object /column2
Action failed ! time elapsed: 0.001
[LOG] Transition logged to MongoDB: a639ee11-a4cc-4b99-9ceb-2cc349fbe360 - Episode 3
Step 8
Selected action: Action(ActionType.PICK, obj=/column1, slot=None,grasp=GraspType.FRONT_270) with motion param: left_0
here
Action: Action(ActionType.PICK, obj=/column1, slot=None,grasp=GraspType.LEFT_0)
[EXEC] Picking /column1 with left_0
[ERROR] Motion failed (collision or invalid path)
[ERROR] Motion result: no_ik_solution
[ERROR] Failed to reach target pose for pick action, aborting pick.
[EXEC] Action ActionType.PICK executed in 8.77 seconds
[ERROR] Action ActionType.PICK failed for object /column1
Action failed ! time elapsed: 0.001
[LOG] Transition logged to MongoDB: a639ee11-a4cc-4b99-9ceb-2cc349fbe360 - Episode 3
Step 9
Selected action: Action(ActionType.PICK, obj=/column1, slot=None,grasp=GraspType.LEFT_0) with motion param: front_270
here
Action: Action(ActionType.PICK, obj=/column1, slot=None,grasp=GraspType.FRONT_270)
[EXEC] Picking /column1 with front_270
[ERROR] Motion failed (collision or invalid path)
[ERROR] Motion result: no_ik_solution
[ERROR] Failed to reach target pose for pick action, aborting pick.
[EXEC] Action ActionType.PICK executed in 22.00 seconds
[ERROR] Action ActionType.PICK failed for object /column1
Action failed ! time elapsed: 0.001
Too many failures, resetting scene
Pilot run finished, resetting scene
Leaving object if held
Pilot run 17
Step 0
Selected action: Action(ActionType.PICK, obj=/column1, slot=None,grasp=GraspType.FRONT_270) with motion param: left_0
here
Action: Action(ActionType.PICK, obj=/column1, slot=None,grasp=GraspType.LEFT_0)
[EXEC] Picking /column1 with left_0
[INFO] Motion completed successfully with result: success,in execution time: 4.00 seconds
[INFO] Target pose attained for pick action, proceeding with grasp.
Tip distance after pick: 0.020923598892085712
[INFO] Pick action completed successfully.in execution time: 4.00 seconds
[EXEC] Action ActionType.PICK executed in 31.83 seconds
[SUCCESS] Action ActionType.PICK succeeded for object /column1
[LOG] Transition logged to MongoDB: a639ee11-a4cc-4b99-9ceb-2cc349fbe360 - Episode 3
Step 1
Selected action: Action(ActionType.PLACE, obj=/column1, slot=/region_0,grasp=GraspType.RIGHT_0) with motion param: left_0
here
Action: Action(ActionType.PLACE, obj=/column1, slot=/region_0,grasp=GraspType.LEFT_0)
[EXEC] Placing at [0.35, 0.8, 0.521] with grasp left_0
[INFO] Motion completed successfully with result: success,in execution time: 0.64 seconds
[INFO] Target pose attained for place action, proceeding with placement.
[INFO] Place action completed successfully.
realigning placed object /column1 to target position
[EXEC] Action ActionType.PLACE executed in 15.30 seconds
[SUCCESS] Action ActionType.PLACE succeeded for object /column1
[LOG] Transition logged to MongoDB: a639ee11-a4cc-4b99-9ceb-2cc349fbe360 - Episode 3
Step 2
Selected action: Action(ActionType.PICK, obj=/column2, slot=None,grasp=GraspType.RIGHT_0) with motion param: front_270
here
Action: Action(ActionType.PICK, obj=/column2, slot=None,grasp=GraspType.FRONT_270)
[EXEC] Picking /column2 with front_270
[ERROR] Motion failed (collision or invalid path)
[ERROR] Motion result: no_ik_solution
[ERROR] Failed to reach target pose for pick action, aborting pick.
[EXEC] Action ActionType.PICK executed in 23.24 seconds
[ERROR] Action ActionType.PICK failed for object /column2
Action failed ! time elapsed: 0.001
[LOG] Transition logged to MongoDB: a639ee11-a4cc-4b99-9ceb-2cc349fbe360 - Episode 3
Step 3
Selected action: Action(ActionType.PICK, obj=/column0, slot=None,grasp=GraspType.LEFT_0) with motion param: top_0
here
Action: Action(ActionType.PICK, obj=/column0, slot=None,grasp=GraspType.TOP_0)
[EXEC] Picking /column0 with top_0
[INFO] Motion completed successfully with result: success,in execution time: 3.76 seconds
[INFO] Target pose attained for pick action, proceeding with grasp.
Tip distance after pick: 0.026947266818326664
[INFO] Pick action completed successfully.in execution time: 3.76 seconds
[EXEC] Action ActionType.PICK executed in 15.86 seconds
[SUCCESS] Action ActionType.PICK succeeded for object /column0
[LOG] Transition logged to MongoDB: a639ee11-a4cc-4b99-9ceb-2cc349fbe360 - Episode 3
Step 4
Selected action: Action(ActionType.PLACE, obj=/column0, slot=/goal_1,grasp=GraspType.RIGHT_0) with motion param: top_0
here
Action: Action(ActionType.PLACE, obj=/column0, slot=/goal_1,grasp=GraspType.TOP_0)
[EXEC] Placing at [-0.2749999999999999, 1.0750000000000006, 0.5] with grasp top_0
[INFO] Motion completed successfully with result: success,in execution time: 7.84 seconds
[INFO] Target pose attained for place action, proceeding with placement.
[INFO] Place action completed successfully.
realigning placed object /column0 to target position
[EXEC] Action ActionType.PLACE executed in 21.76 seconds
[SUCCESS] Action ActionType.PLACE succeeded for object /column0
[LOG] Transition logged to MongoDB: a639ee11-a4cc-4b99-9ceb-2cc349fbe360 - Episode 3
Step 5
Selected action: Action(ActionType.PICK, obj=/column0, slot=None,grasp=GraspType.TOP_0) with motion param: top_0
here
Action: Action(ActionType.PICK, obj=/column0, slot=None,grasp=GraspType.TOP_0)
[EXEC] Picking /column0 with top_0
[INFO] Motion completed successfully with result: success,in execution time: 1.20 seconds
[INFO] Target pose attained for pick action, proceeding with grasp.
Tip distance after pick: 0.02868523072359274
[INFO] Pick action completed successfully.in execution time: 1.20 seconds
[EXEC] Action ActionType.PICK executed in 13.35 seconds
[SUCCESS] Action ActionType.PICK succeeded for object /column0
[LOG] Transition logged to MongoDB: a639ee11-a4cc-4b99-9ceb-2cc349fbe360 - Episode 3
Step 6
Selected action: Action(ActionType.PLACE, obj=/column0, slot=/goal_1,grasp=GraspType.TOP_0) with motion param: left_0
here
Action: Action(ActionType.PLACE, obj=/column0, slot=/goal_1,grasp=GraspType.LEFT_0)
[EXEC] Placing at [-0.2749999999999999, 1.0750000000000006, 0.5] with grasp left_0
[ERROR] Motion failed (collision or invalid path)
[ERROR] Motion result: no_ik_solution
[ERROR] Failed to reach target pose for place action, aborting place.
[EXEC] Action ActionType.PLACE executed in 59.25 seconds
[ERROR] Action ActionType.PLACE failed for object /column0
Action failed ! time elapsed: 0.001
[LOG] Transition logged to MongoDB: a639ee11-a4cc-4b99-9ceb-2cc349fbe360 - Episode 3
Step 7
Selected action: Action(ActionType.PLACE, obj=/column0, slot=/goal_0,grasp=GraspType.FRONT_270) with motion param: top_0
here
Action: Action(ActionType.PLACE, obj=/column0, slot=/goal_0,grasp=GraspType.TOP_0)
[EXEC] Placing at [-0.27499999999999986, 0.8250000000000005, 0.5] with grasp top_0
[ERROR] Motion failed (collision or invalid path)
[ERROR] Motion result: collision
